time,object_x,object_y,object_z,eef_x,eef_y,eef_z
0.000000000000000000e+00,-6.169110997697811044e-02,2.311249940426270411e-01,9.633112419534199944e-01,-6.122921026573992925e-02,2.792475603904090997e-01,9.988036141860209272e-01
5.000000000000000278e-02,-6.148427351928039547e-02,2.312817582276446848e-01,9.639479121412960483e-01,-6.102237380804221428e-02,2.794043245754267435e-01,9.994402843738969811e-01
1.000000000000000056e-01,-6.127743706158268744e-02,2.314385224126623009e-01,9.645845823291722132e-01,-6.081553735034450625e-02,2.795610887604443873e-01,1.000076954561773146e+00
1.499999999999999944e-01,-6.107060060388497247e-02,2.315952865976799446e-01,9.652212525170482671e-01,-6.060870089264679128e-02,2.797178529454620310e-01,1.000713624749649089e+00
2.000000000000000111e-01,-6.085382625223827863e-02,2.316887776166827451e-01,9.658096895565962958e-01,-6.039192654100009744e-02,2.798113439644648315e-01,1.001302061789197229e+00
2.500000000000000000e-01,-6.062823921266820293e-02,2.317261594973837047e-01,9.663553545877126005e-01,-6.016633950143002174e-02,2.798487258451657356e-01,1.001847726820313422e+00
2.999999999999999889e-01,-6.040265217309812723e-02,2.317635413780846643e-01,9.669010196188290163e-01,-5.994075246185994604e-02,2.798861077258667507e-01,1.002393391851430060e+00
3.499999999999999778e-01,-6.017717890452565360e-02,2.318083463311429449e-01,9.674597209611331960e-01,-5.971527919328747241e-02,2.799309126789250035e-01,1.002952093193734129e+00
4.000000000000000222e-01,-5.995348775989094159e-02,2.319694272703388682e-01,9.682226248042331562e-01,-5.949158804865276040e-02,2.800919936181209269e-01,1.003714997036833978e+00
4.500000000000000111e-01,-5.972979661525622264e-02,2.321305082095348193e-01,9.689855286473330054e-01,-5.926789690401804145e-02,2.802530745573168502e-01,1.004477900879933827e+00
5.000000000000000000e-01,-5.950610547062151062e-02,2.322915891487307427e-01,9.697484324904329656e-01,-5.904420575938332943e-02,2.804141554965128291e-01,1.005240804723033898e+00
5.500000000000000444e-01,-5.927985849796037210e-02,2.324546348769687409e-01,9.705263065103386655e-01,-5.881795878672219091e-02,2.805772012247508274e-01,1.006018678742939709e+00
5.999999999999999778e-01,-5.905183554191916623e-02,2.326190458898221014e-01,9.713145829457938696e-01,-5.858993583068098504e-02,2.807416122376041878e-01,1.006806955178394691e+00
6.500000000000000222e-01,-5.882381258587795342e-02,2.327834569026754619e-01,9.721028593812490737e-01,-5.836191287463977223e-02,2.809060232504575483e-01,1.007595231613850117e+00
6.999999999999999556e-01,-5.859449079576604935e-02,2.329395202054100611e-01,9.728730833032153136e-01,-5.813259108452786816e-02,2.810620865531920920e-01,1.008365455535816135e+00
7.500000000000000000e-01,-5.835564586844718682e-02,2.330343775461064248e-01,9.735109450037353618e-01,-5.789374615720900563e-02,2.811569438938884558e-01,1.009003317236336184e+00
8.000000000000000444e-01,-5.811680094112832429e-02,2.331292348868027609e-01,9.741488067042555210e-01,-5.765490122989014310e-02,2.812518012345848195e-01,1.009641178936856454e+00
8.499999999999999778e-01,-5.787795601380945482e-02,2.332240922274990969e-01,9.747866684047756802e-01,-5.741605630257127363e-02,2.813466585752811833e-01,1.010279040637376724e+00
9.000000000000000222e-01,-5.764823775134965411e-02,2.334617352132824231e-01,9.755734701137451781e-01,-5.718633804011147292e-02,2.815843015610645095e-01,1.011065842346346111e+00
9.499999999999999556e-01,-5.742343335408137128e-02,2.337762550672401740e-01,9.764404622465383543e-01,-5.696153364284319010e-02,2.818988214150222049e-01,1.011932834479139398e+00
1.000000000000000000e+00,-5.719862895681308845e-02,2.340907749211978972e-01,9.773074543793315305e-01,-5.673672924557490727e-02,2.822133412689799559e-01,1.012799826611932463e+00
1.050000000000000044e+00,-5.697097381075649780e-02,2.343929397916449942e-01,9.781728166354400900e-01,-5.650907409951831661e-02,2.825155061394270528e-01,1.013665188868041023e+00
1.100000000000000089e+00,-5.673033432867224946e-02,2.346388312864174097e-01,9.790307552747632425e-01,-5.626843461743406827e-02,2.827613976341994961e-01,1.014523127507364286e+00
1.149999999999999911e+00,-5.648969484658800805e-02,2.348847227811898530e-01,9.798886939140862840e-01,-5.602779513534982686e-02,2.830072891289718839e-01,1.015381066146687328e+00
1.199999999999999956e+00,-5.624905536450375970e-02,2.351306142759622686e-01,9.807466325534093254e-01,-5.578715565326557851e-02,2.832531806237443273e-01,1.016239004786010369e+00
1.250000000000000000e+00,-5.594014990782043839e-02,2.350302596013963130e-01,9.813529544487269440e-01,-5.547825019658225720e-02,2.831528259491783439e-01,1.016845326681327766e+00
1.300000000000000044e+00,-5.560336549092591979e-02,2.347885023725570230e-01,9.818565192496677696e-01,-5.514146577968773860e-02,2.829110687203391095e-01,1.017348891482268591e+00
1.350000000000000089e+00,-5.526658107403139425e-02,2.345467451437177608e-01,9.823600840506085952e-01,-5.480468136279321306e-02,2.826693114914998195e-01,1.017852456283209417e+00
1.399999999999999911e+00,-5.492678654750227790e-02,2.343586250981835872e-01,9.829376732304722086e-01,-5.446488683626409671e-02,2.824811914459656181e-01,1.018430045463073252e+00
1.449999999999999956e+00,-5.457746191444646372e-02,2.343403221466229258e-01,9.837496260390217184e-01,-5.411556220320828253e-02,2.824628884944049845e-01,1.019241998271622762e+00
1.500000000000000000e+00,-5.422813728139064954e-02,2.343220191950622922e-01,9.845615788475712282e-01,-5.376623757015246835e-02,2.824445855428443508e-01,1.020053951080172272e+00
1.550000000000000044e+00,-5.387881264833483536e-02,2.343037162435016307e-01,9.853735316561207380e-01,-5.341691293709665417e-02,2.824262825912836616e-01,1.020865903888721782e+00
1.600000000000000089e+00,-5.354735250494821464e-02,2.344189690582140773e-01,9.862783184489660737e-01,-5.308545279371003345e-02,2.825415354059961359e-01,1.021770690681567118e+00
1.649999999999999911e+00,-5.322122727054797581e-02,2.345741059038095044e-01,9.872108284438863013e-01,-5.275932755930979462e-02,2.826966722515915631e-01,1.022703200676487345e+00
1.699999999999999956e+00,-5.289510203614774392e-02,2.347292427494049039e-01,9.881433384388065289e-01,-5.243320232490956273e-02,2.828518090971869903e-01,1.023635710671407573e+00
1.750000000000000000e+00,-5.256631316709198948e-02,2.349115009807376808e-01,9.890664140768427037e-01,-5.210441345585380829e-02,2.830340673285197672e-01,1.024558786309443636e+00
1.800000000000000044e+00,-5.223131050072822579e-02,2.351570286973713453e-01,9.899674809978474821e-01,-5.176941078949004460e-02,2.832795950451534317e-01,1.025459853230448415e+00
1.850000000000000089e+00,-5.189630783436445516e-02,2.354025564140050375e-01,9.908685479188522605e-01,-5.143440812312627397e-02,2.835251227617870962e-01,1.026360920151453193e+00
1.899999999999999911e+00,-5.156130516800069841e-02,2.356480841306387020e-01,9.917696148398570388e-01,-5.109940545676251722e-02,2.837706504784207606e-01,1.027261987072457972e+00
1.949999999999999956e+00,-5.114383102401953707e-02,2.356188350099786000e-01,9.924839180275888406e-01,-5.068193131278135588e-02,2.837414013577606586e-01,1.027976290260189884e+00
2.000000000000000000e+00,-5.070947113992920613e-02,2.355333263145344969e-01,9.931599820088341524e-01,-5.024757142869102494e-02,2.836558926623165555e-01,1.028652354241434974e+00
2.049999999999999822e+00,-5.027511125583887519e-02,2.354478176190903660e-01,9.938360459900794641e-01,-4.981321154460069400e-02,2.835703839668723969e-01,1.029328418222680508e+00
2.100000000000000089e+00,-4.983797687751275601e-02,2.353455375182586795e-01,9.945159892646184829e-01,-4.937607716627457483e-02,2.834681038660407104e-01,1.030008361497219305e+00
2.149999999999999911e+00,-4.939591123700409758e-02,2.352134486702798788e-01,9.952028274218598369e-01,-4.893401152576591639e-02,2.833360150180619375e-01,1.030695199654460659e+00
2.200000000000000178e+00,-4.895384559649543221e-02,2.350813598223010503e-01,9.958896655791011909e-01,-4.849194588525725103e-02,2.832039261700831090e-01,1.031382037811702013e+00
2.250000000000000000e+00,-4.851177995598678072e-02,2.349492709743222496e-01,9.965765037363425449e-01,-4.804988024474859953e-02,2.830718373221042805e-01,1.032068875968943367e+00
2.299999999999999822e+00,-4.803785594466775805e-02,2.344883295384077582e-01,9.969800571761213703e-01,-4.757595623342957686e-02,2.826108958861898168e-01,1.032472429408722192e+00
2.350000000000000089e+00,-4.755999676749619876e-02,2.339867680255199867e-01,9.973486191107369114e-01,-4.709809705625801757e-02,2.821093343733020453e-01,1.032840991343337844e+00
2.399999999999999911e+00,-4.708213759032464640e-02,2.334852065126322429e-01,9.977171810453525636e-01,-4.662023787908646522e-02,2.816077728604142738e-01,1.033209553277953496e+00
2.450000000000000178e+00,-4.663148928202310445e-02,2.330730447610375178e-01,9.981509481375079318e-01,-4.616958957078492326e-02,2.811956111088195764e-01,1.033643320370108754e+00
2.500000000000000000e+00,-4.621840803541392428e-02,2.327843074529554190e-01,9.986747368378543488e-01,-4.575650832417574310e-02,2.809068738007374777e-01,1.034167109070455393e+00
2.549999999999999822e+00,-4.580532678880475106e-02,2.324955701448733481e-01,9.991985255382007658e-01,-4.534342707756656987e-02,2.806181364926554345e-01,1.034690897770801588e+00
2.600000000000000089e+00,-4.539224554219557090e-02,2.322068328367912493e-01,9.997223142385471828e-01,-4.493034583095738971e-02,2.803293991845733357e-01,1.035214686471148227e+00
2.649999999999999911e+00,-4.506987849045963890e-02,2.321534553011048163e-01,1.000326300041759930e+00,-4.460797877922145771e-02,2.802760216488868750e-01,1.035818672274360974e+00
2.700000000000000178e+00,-4.475227899100696349e-02,2.321124472740916378e-01,1.000934500663628324e+00,-4.429037927976878231e-02,2.802350136218736965e-01,1.036426872896229145e+00
2.750000000000000000e+00,-4.443467949155428809e-02,2.320714392470784593e-01,1.001542701285496717e+00,-4.397277978031610690e-02,2.801940055948605179e-01,1.037035073518097761e+00
2.799999999999999822e+00,-4.414554505972922982e-02,2.320905429483408888e-01,1.002136768550404566e+00,-4.368364534849104863e-02,2.802131092961229752e-01,1.037629140783005610e+00
2.850000000000000089e+00,-4.388723876624371634e-02,2.321747486440672859e-01,1.002715529156312790e+00,-4.342533905500553515e-02,2.802973149918493445e-01,1.038207901388913612e+00
2.899999999999999911e+00,-4.362893247275820285e-02,2.322589543397936829e-01,1.003294289762220792e+00,-4.316703276152002167e-02,2.803815206875757138e-01,1.038786661994821614e+00
2.950000000000000178e+00,-4.337010213502196648e-02,2.323403392049036564e-01,1.003870190008497199e+00,-4.290820242378378530e-02,2.804629055526857151e-01,1.039362562241098242e+00
3.000000000000000000e+00,-4.305979478315745401e-02,2.321446330852456330e-01,1.004165116323728402e+00,-4.259789507191927282e-02,2.802671994330276917e-01,1.039657488556329223e+00
3.049999999999999822e+00,-4.274948743129294154e-02,2.319489269655876651e-01,1.004460042638959383e+00,-4.228758772005476035e-02,2.800714933133697238e-01,1.039952414871560205e+00
3.100000000000000089e+00,-4.243918007942842907e-02,2.317532208459296417e-01,1.004754968954190364e+00,-4.197728036819024788e-02,2.798757871937117003e-01,1.040247341186791186e+00
3.149999999999999911e+00,-4.212104022562346284e-02,2.314973409588951814e-01,1.005004095223122063e+00,-4.165914051438528165e-02,2.796199073066772400e-01,1.040496467455723106e+00
3.200000000000000178e+00,-4.179623044629650341e-02,2.311902188826049365e-01,1.005214219535840892e+00,-4.133433073505832223e-02,2.793127852303869951e-01,1.040706591768441935e+00
3.250000000000000000e+00,-4.147142066696955093e-02,2.308830968063146638e-01,1.005424343848559721e+00,-4.100952095573136974e-02,2.790056631540966947e-01,1.040916716081160764e+00
3.299999999999999822e+00,-4.114885706415019606e-02,2.305756686302009861e-01,1.005632007976599018e+00,-4.068695735291201487e-02,2.786982349779830725e-01,1.041124380209200062e+00
3.350000000000000089e+00,-4.085609582866352174e-02,2.302641791083527012e-01,1.005807030267599211e+00,-4.039419611742534055e-02,2.783867454561347321e-01,1.041299402500200255e+00
3.399999999999999911e+00,-4.056333459317685436e-02,2.299526895865044163e-01,1.005982052558599404e+00,-4.010143488193867317e-02,2.780752559342865027e-01,1.041474424791200448e+00
3.450000000000000178e+00,-4.027057335769017310e-02,2.296412000646561313e-01,1.006157074849599375e+00,-3.980867364645199191e-02,2.777637664124381622e-01,1.041649447082200197e+00
3.500000000000000000e+00,-3.999940066166712827e-02,2.293708869124948813e-01,1.006415554402185109e+00,-3.953750095042894708e-02,2.774934532602769677e-01,1.041907926634785930e+00
3.549999999999999822e+00,-3.974261485356934964e-02,2.291280142371132089e-01,1.006729650976524226e+00,-3.928071514233116845e-02,2.772505805848952676e-01,1.042222023209125048e+00
3.600000000000000089e+00,-3.948582904547157102e-02,2.288851415617315643e-01,1.007043747550863566e+00,-3.902392933423338983e-02,2.770077079095136230e-01,1.042536119783464610e+00
3.649999999999999911e+00,-3.923586959946440827e-02,2.286728407793915674e-01,1.007380961849337009e+00,-3.877396988822622709e-02,2.767954071271736538e-01,1.042873334081937831e+00
3.700000000000000178e+00,-3.903155559304918171e-02,2.286649633016641925e-01,1.007872756093390221e+00,-3.856965588181100052e-02,2.767875296494462511e-01,1.043365128325991265e+00
3.750000000000000000e+00,-3.882724158663395514e-02,2.286570858239368453e-01,1.008364550337443211e+00,-3.836534187539577395e-02,2.767796521717189040e-01,1.043856922570044254e+00
3.799999999999999822e+00,-3.862292758021872857e-02,2.286492083462094982e-01,1.008856344581496423e+00,-3.816102786898054738e-02,2.767717746939915568e-01,1.044348716814097244e+00
3.850000000000000089e+00,-3.846941509762234757e-02,2.287581314488713879e-01,1.009373905757755541e+00,-3.800751538638416638e-02,2.768806977966534744e-01,1.044866277990356362e+00
3.899999999999999911e+00,-3.834206139164253457e-02,2.289271976350751026e-01,1.009904734871135412e+00,-3.788016168040435339e-02,2.770497639828571890e-01,1.045397107103736456e+00
3.950000000000000178e+00,-3.821470768566272158e-02,2.290962638212788172e-01,1.010435563984515284e+00,-3.775280797442454039e-02,2.772188301690609036e-01,1.045927936217116105e+00
4.000000000000000000e+00,-3.808265459116708107e-02,2.292731190672296082e-01,1.010965757875134541e+00,-3.762075487992889988e-02,2.773956854150116946e-01,1.046458130107735585e+00
4.049999999999999822e+00,-3.793058091545749994e-02,2.294831576736794942e-01,1.011493245556462472e+00,-3.746868120421931875e-02,2.776057240214615529e-01,1.046985617789063294e+00
4.099999999999999645e+00,-3.777850723974791880e-02,2.296931962801294080e-01,1.012020733237790626e+00,-3.731660752850973761e-02,2.778157626279114667e-01,1.047513105470391448e+00
4.150000000000000355e+00,-3.762643356403834460e-02,2.299032348865793218e-01,1.012548220919118558e+00,-3.716453385280016342e-02,2.780258012343613805e-01,1.048040593151719602e+00
4.200000000000000178e+00,-3.742161217816364349e-02,2.300295802584431670e-01,1.013037086613781002e+00,-3.695971246692546230e-02,2.781521466062252257e-01,1.048529458846382045e+00
4.250000000000000000e+00,-3.719628893485464605e-02,2.301233959383388039e-01,1.013510940804399851e+00,-3.673438922361646486e-02,2.782459622861208626e-01,1.049003313037000673e+00
4.299999999999999822e+00,-3.697096569154564860e-02,2.302172116182344686e-01,1.013984794995018701e+00,-3.650906598030746741e-02,2.783397779660164995e-01,1.049477167227619745e+00
4.349999999999999645e+00,-3.672675006364504308e-02,2.302482545202116093e-01,1.014412011282350923e+00,-3.626485035240686189e-02,2.783708208679936957e-01,1.049904383514951967e+00
4.400000000000000355e+00,-3.642589174770759913e-02,2.300910936060107659e-01,1.014699398942240816e+00,-3.596399203646941795e-02,2.782136599537928245e-01,1.050191771174841637e+00
4.450000000000000178e+00,-3.612503343177016213e-02,2.299339326918099224e-01,1.014986786602130708e+00,-3.566313372053198094e-02,2.780564990395919533e-01,1.050479158834731752e+00
4.500000000000000000e+00,-3.582417511583272512e-02,2.297767717776090513e-01,1.015274174262020601e+00,-3.536227540459454394e-02,2.778993381253911377e-01,1.050766546494621423e+00
4.549999999999999822e+00,-3.543294889872342091e-02,2.294562452046669809e-01,1.015530153417772530e+00,-3.497104918748523972e-02,2.775788115524490118e-01,1.051022525650373574e+00
4.599999999999999645e+00,-3.501625191782517521e-02,2.290896729888466099e-01,1.015777279888229412e+00,-3.455435220658699402e-02,2.772122393366286408e-01,1.051269652120830234e+00
4.650000000000000355e+00,-3.459955493692691564e-02,2.287231007730262111e-01,1.016024406358686294e+00,-3.413765522568873445e-02,2.768456671208082698e-01,1.051516778591287338e+00
4.700000000000000178e+00,-3.416764882714655449e-02,2.283521439379629370e-01,1.016250329188153279e+00,-3.370574911590837330e-02,2.764747102857449956e-01,1.051742701420754322e+00
4.750000000000000000e+00,-3.370190963014328689e-02,2.279714334078370430e-01,1.016429083988430460e+00,-3.324000991890510570e-02,2.760939997556191017e-01,1.051921456221031281e+00
4.799999999999999822e+00,-3.323617043314001235e-02,2.275907228777111768e-01,1.016607838788707863e+00,-3.277427072190183116e-02,2.757132892254932077e-01,1.052100211021308684e+00
4.849999999999999645e+00,-3.277043123613673781e-02,2.272100123475852829e-01,1.016786593588985044e+00,-3.230853152489855662e-02,2.753325786953673138e-01,1.052278965821586088e+00
4.900000000000000355e+00,-3.232683181494349495e-02,2.269279868082597351e-01,1.016925788780850937e+00,-3.186493210370531376e-02,2.750505531560417660e-01,1.052418161013451758e+00
4.950000000000000178e+00,-3.188744548573985149e-02,2.266647405441988283e-01,1.017057455971045243e+00,-3.142554577450167030e-02,2.747873068919808870e-01,1.052549828203646065e+00
5.000000000000000000e+00,-3.144805915653620110e-02,2.264014942801378938e-01,1.017189123161239328e+00,-3.098615944529801991e-02,2.745240606279199524e-01,1.052681495393840372e+00
5.049999999999999822e+00,-3.101543026858492869e-02,2.261887160311047140e-01,1.017345993461549858e+00,-3.055353055734674750e-02,2.743112823788868004e-01,1.052838365694150902e+00
5.099999999999999645e+00,-3.059430076490991107e-02,2.260618210442103537e-01,1.017545752813701299e+00,-3.013240105367172988e-02,2.741843873919924124e-01,1.053038125046302120e+00
5.150000000000000355e+00,-3.017317126123489346e-02,2.259349260573159934e-01,1.017745512165852517e+00,-2.971127154999671227e-02,2.740574924050980243e-01,1.053237884398453339e+00
5.200000000000000178e+00,-2.975204175755987585e-02,2.258080310704216054e-01,1.017945271518003958e+00,-2.929014204632169466e-02,2.739305974182036918e-01,1.053437643750605002e+00
5.250000000000000000e+00,-2.934448981059326750e-02,2.257659808775286381e-01,1.018173006205892683e+00,-2.888259009935508631e-02,2.738885472253106967e-01,1.053665378438493505e+00
5.299999999999999822e+00,-2.893844418684153597e-02,2.257333435477603956e-01,1.018403844537431935e+00,-2.847654447560335478e-02,2.738559098955424265e-01,1.053896216770032979e+00
5.349999999999999645e+00,-2.853239856308979056e-02,2.257007062179921530e-01,1.018634682868970964e+00,-2.807049885185160937e-02,2.738232725657742117e-01,1.054127055101572008e+00
5.400000000000000355e+00,-2.814259558037059128e-02,2.256798943137449664e-01,1.018863704127611625e+00,-2.768069586913241009e-02,2.738024606615270251e-01,1.054356076360212668e+00
5.450000000000000178e+00,-2.777431111881601550e-02,2.256747489300374998e-01,1.019090318097835235e+00,-2.731241140757783431e-02,2.737973152778195862e-01,1.054582690330436279e+00
5.500000000000000000e+00,-2.740602665726143278e-02,2.256696035463300332e-01,1.019316932068058845e+00,-2.694412694602325159e-02,2.737921698941120918e-01,1.054809304300659889e+00
5.549999999999999822e+00,-2.703774219570685700e-02,2.256644581626225388e-01,1.019543546038282456e+00,-2.657584248446867581e-02,2.737870245104045974e-01,1.055035918270883499e+00
5.599999999999999645e+00,-2.666029696615505179e-02,2.256355718119093523e-01,1.019743471737698526e+00,-2.619839725491687060e-02,2.737581381596914110e-01,1.055235843970299570e+00
5.650000000000000355e+00,-2.628247148908659236e-02,2.256057000150251124e-01,1.019942289653498646e+00,-2.582057177784841118e-02,2.737282663628071711e-01,1.055434661886099690e+00
5.700000000000000178e+00,-2.590464601201813988e-02,2.255758282181408725e-01,1.020141107569298766e+00,-2.544274630077995869e-02,2.736983945659229311e-01,1.055633479801899810e+00
5.750000000000000000e+00,-2.553508169518278054e-02,2.255399010190478060e-01,1.020289409581820683e+00,-2.507318198394459935e-02,2.736624673668298646e-01,1.055781781814421727e+00
5.799999999999999822e+00,-2.517411054952685412e-02,2.254976750548572662e-01,1.020385165487996071e+00,-2.471221083828867293e-02,2.736202414026392971e-01,1.055877537720597115e+00
5.849999999999999645e+00,-2.481313940387092770e-02,2.254554490906667263e-01,1.020480921394171681e+00,-2.435123969263274651e-02,2.735780154384487850e-01,1.055973293626772502e+00
5.900000000000000355e+00,-2.445282323944442116e-02,2.254151547277028766e-01,1.020576958570980519e+00,-2.399092352820623997e-02,2.735377210754849076e-01,1.056069330803581341e+00
5.950000000000000178e+00,-2.412434907958807551e-02,2.254687654299918909e-01,1.020686669759191201e+00,-2.366244936834989432e-02,2.735913317777739495e-01,1.056179041991792023e+00
6.000000000000000000e+00,-2.379587491973173680e-02,2.255223761322809051e-01,1.020796380947401882e+00,-2.333397520849355561e-02,2.736449424800629915e-01,1.056288753180002704e+00
6.049999999999999822e+00,-2.346740075987539809e-02,2.255759868345699470e-01,1.020906092135612342e+00,-2.300550104863721690e-02,2.736985531823520335e-01,1.056398464368213386e+00
6.099999999999999645e+00,-2.315237136903441906e-02,2.256392488378649308e-01,1.021049517328744161e+00,-2.269047165779623787e-02,2.737618151856470172e-01,1.056541889561345204e+00
6.150000000000000355e+00,-2.284833514782909358e-02,2.257104022663708742e-01,1.021220508914037373e+00,-2.238643543659091240e-02,2.738329686141529606e-01,1.056712881146638416e+00
6.200000000000000178e+00,-2.254429892662376811e-02,2.257815556948768176e-01,1.021391500499330363e+00,-2.208239921538558692e-02,2.739041220426589041e-01,1.056883872731931184e+00
6.250000000000000000e+00,-2.223948227235853642e-02,2.258462967644384312e-01,1.021561487598322771e+00,-2.177758256112035523e-02,2.739688631122204621e-01,1.057053859830923592e+00
6.299999999999999822e+00,-2.192571062760535761e-02,2.258374599497426083e-01,1.021719948833367475e+00,-2.146381091636717642e-02,2.739600262975246947e-01,1.057212321065968297e+00
6.349999999999999645e+00,-2.161193898285218573e-02,2.258286231350468132e-01,1.021878410068411958e+00,-2.115003927161400454e-02,2.739511894828288718e-01,1.057370782301013001e+00
6.400000000000000355e+00,-2.129816733809899304e-02,2.258197863203509903e-01,1.022036871303456662e+00,-2.083626762686081185e-02,2.739423526681330490e-01,1.057529243536057706e+00
6.450000000000000178e+00,-2.098341015770256723e-02,2.258260001428763208e-01,1.022271811467488023e+00,-2.052151044646438605e-02,2.739485664906583517e-01,1.057764183700089067e+00
6.500000000000000000e+00,-2.066802332777371159e-02,2.258418296771762535e-01,1.022555613306088906e+00,-2.020612361653553041e-02,2.739643960249583121e-01,1.058047985538689950e+00
6.549999999999999822e+00,-2.035263649784485596e-02,2.258576592114762138e-01,1.022839415144689790e+00,-1.989073678660667477e-02,2.739802255592582725e-01,1.058331787377290834e+00
6.599999999999999645e+00,-2.003257833705139601e-02,2.258550243604626750e-01,1.023121617408094153e+00,-1.957067862581321482e-02,2.739775907082447337e-01,1.058613989640694975e+00
6.650000000000000355e+00,-1.968386613142310976e-02,2.257391285694823335e-01,1.023394007842550746e+00,-1.922196642018492857e-02,2.738616949172644199e-01,1.058886380075151568e+00
6.700000000000000178e+00,-1.933515392579483044e-02,2.256232327785020197e-01,1.023666398277007339e+00,-1.887325421455664926e-02,2.737457991262840507e-01,1.059158770509608161e+00
6.750000000000000000e+00,-1.898644172016654419e-02,2.255073369875217060e-01,1.023938788711463932e+00,-1.852454200892836300e-02,2.736299033353037924e-01,1.059431160944064754e+00
6.799999999999999822e+00,-1.863864299431080424e-02,2.253670160552118662e-01,1.024202610153484017e+00,-1.817674328307262305e-02,2.734895824029939249e-01,1.059694982386084838e+00
6.849999999999999645e+00,-1.829129382930394510e-02,2.252146745094186497e-01,1.024462214442996233e+00,-1.782939411806576391e-02,2.733372408572006806e-01,1.059954586675597277e+00
6.900000000000000355e+00,-1.794394466429708596e-02,2.250623329636254333e-01,1.024721818732508449e+00,-1.748204495305890477e-02,2.731848993114074919e-01,1.060214190965109271e+00
6.950000000000000178e+00,-1.759284624805845104e-02,2.249109158568491085e-01,1.024992463108151730e+00,-1.713094653682026985e-02,2.730334822046311949e-01,1.060484835340752774e+00
7.000000000000000000e+00,-1.722676791867400886e-02,2.247631922918830183e-01,1.025307217499673129e+00,-1.676486820743582767e-02,2.728857586396650770e-01,1.060799589732273951e+00
7.049999999999999822e+00,-1.686068958928957362e-02,2.246154687269169281e-01,1.025621971891194306e+00,-1.639878987805139243e-02,2.727380350746989590e-01,1.061114344123795128e+00
7.099999999999999645e+00,-1.649461125990514532e-02,2.244677451619508657e-01,1.025936726282715705e+00,-1.603271154866696413e-02,2.725903115097328966e-01,1.061429098515316749e+00
7.150000000000000355e+00,-1.613681368932202986e-02,2.243392170062272206e-01,1.026274786768020642e+00,-1.567491397808384868e-02,2.724617833540092793e-01,1.061767159000621685e+00
7.200000000000000178e+00,-1.578207595887517328e-02,2.242177817854677513e-01,1.026621459135749426e+00,-1.532017624763699210e-02,2.723403481332498099e-01,1.062113831368350247e+00
7.250000000000000000e+00,-1.542733822842830282e-02,2.240963465647082820e-01,1.026968131503478432e+00,-1.496543851719012164e-02,2.722189129124903406e-01,1.062460503736079254e+00
7.299999999999999822e+00,-1.507530662394708509e-02,2.239836589739922779e-01,1.027308882100370635e+00,-1.461340691270890391e-02,2.721062253217743088e-01,1.062801254332971457e+00
7.349999999999999645e+00,-1.473096940427832957e-02,2.238958437035621640e-01,1.027632795201830040e+00,-1.426906969304014838e-02,2.720184100513441949e-01,1.063125167434431084e+00
7.400000000000000355e+00,-1.438663218460958099e-02,2.238080284331320780e-01,1.027956708303289446e+00,-1.392473247337139980e-02,2.719305947809141366e-01,1.063449080535890268e+00
7.450000000000000178e+00,-1.404229496494082546e-02,2.237202131627019919e-01,1.028280621404748851e+00,-1.358039525370264428e-02,2.718427795104840783e-01,1.063772993637349895e+00
7.500000000000000000e+00,-1.368366702211303715e-02,2.236496903253229196e-01,1.028594923949750939e+00,-1.322176731087485596e-02,2.717722566731050060e-01,1.064087296182351761e+00
7.549999999999999822e+00,-1.331615677529657260e-02,2.235899154847634240e-01,1.028903253117268379e+00,-1.285425706405839141e-02,2.717124818325454827e-01,1.064395625349869423e+00
7.599999999999999645e+00,-1.294864652848010111e-02,2.235301406442039007e-01,1.029211582284785820e+00,-1.248674681724191993e-02,2.716527069919859594e-01,1.064703954517386641e+00
7.650000000000000355e+00,-1.258218230718576025e-02,2.234735644294200685e-01,1.029511986347928287e+00,-1.212028259594757906e-02,2.715961307772021271e-01,1.065004358580529331e+00
7.700000000000000178e+00,-1.222180238367406163e-02,2.234355932976889170e-01,1.029766293357073481e+00,-1.175990267243588044e-02,2.715581596454709756e-01,1.065258665589674525e+00
7.750000000000000000e+00,-1.186142246016236995e-02,2.233976221659577932e-01,1.030020600366218675e+00,-1.139952274892418876e-02,2.715201885137398241e-01,1.065512972598819719e+00
7.799999999999999822e+00,-1.150104253665067133e-02,2.233596510342266417e-01,1.030274907375363869e+00,-1.103914282541249015e-02,2.714822173820087281e-01,1.065767279607964912e+00
7.849999999999999645e+00,-1.113789183315202352e-02,2.233444597360585149e-01,1.030526124478538419e+00,-1.067599212191384234e-02,2.714670260838405458e-01,1.066018496711139463e+00
7.900000000000000355e+00,-1.077341739622088290e-02,2.233401514482395989e-01,1.030775865386614143e+00,-1.031151768498270171e-02,2.714627177960216575e-01,1.066268237619214965e+00
7.950000000000000178e+00,-1.040894295928976310e-02,2.233358431604206829e-01,1.031025606294689867e+00,-9.947043248051581910e-03,2.714584095082027693e-01,1.066517978527290911e+00
8.000000000000000000e+00,-1.003738523890617546e-02,2.233279572839451110e-01,1.031271553290513010e+00,-9.575485527667994268e-03,2.714505236317271697e-01,1.066763925523114054e+00
8.050000000000000711e+00,-9.638644054739818612e-03,2.233063417223129787e-01,1.031502940417736713e+00,-9.176744343501637424e-03,2.714289080700950096e-01,1.066995312650337535e+00
8.099999999999999645e+00,-9.239902870573475646e-03,2.232847261606808187e-01,1.031734327544960195e+00,-8.778003159335294459e-03,2.714072925084628496e-01,1.067226699777561016e+00
8.150000000000000355e+00,-8.841161686407125742e-03,2.232631105990486586e-01,1.031965714672183898e+00,-8.379261975168944554e-03,2.713856769468306895e-01,1.067458086904784942e+00
8.199999999999999289e+00,-8.437060709710918205e-03,2.232624030238916091e-01,1.032187644351345135e+00,-7.975160998472737017e-03,2.713849693716736677e-01,1.067680016583945957e+00
8.250000000000000000e+00,-8.031044263288648899e-03,2.232691674945092297e-01,1.032406194150530254e+00,-7.569144552050467711e-03,2.713917338422913161e-01,1.067898566383131076e+00
8.300000000000000711e+00,-7.625027816866365715e-03,2.232759319651268504e-01,1.032624743949715151e+00,-7.163128105628184528e-03,2.713984983129089090e-01,1.068117116182316195e+00
8.349999999999999645e+00,-7.216993229486406980e-03,2.232771764648144308e-01,1.032829207101393587e+00,-6.755093518248225792e-03,2.713997428125964895e-01,1.068321579333994631e+00
8.400000000000000355e+00,-6.803410246394962779e-03,2.232632451251144179e-01,1.032994942386063375e+00,-6.341510535156781592e-03,2.713858114728964765e-01,1.068487314618664197e+00
8.449999999999999289e+00,-6.389827263303525517e-03,2.232493137854143772e-01,1.033160677670733163e+00,-5.927927552065344330e-03,2.713718801331964636e-01,1.068653049903334207e+00
8.500000000000000000e+00,-5.976244280212074378e-03,2.232353824457143365e-01,1.033326412955402951e+00,-5.514344568973893190e-03,2.713579487934963952e-01,1.068818785188003773e+00
8.550000000000000711e+00,-5.543581930872308605e-03,2.232608523957630153e-01,1.033552496859582615e+00,-5.081682219634127418e-03,2.713834187435451017e-01,1.069044869092183436e+00
8.599999999999999645e+00,-5.106051670157311928e-03,2.232963751947413256e-01,1.033793978116460899e+00,-4.644151958919130740e-03,2.714189415425233842e-01,1.069286350349061721e+00
8.650000000000000355e+00,-4.668521409442287495e-03,2.233318979937196358e-01,1.034035459373339405e+00,-4.206621698204106308e-03,2.714544643415016667e-01,1.069527831605940449e+00
8.699999999999999289e+00,-4.222755381895523796e-03,2.233534652513819441e-01,1.034266393696471553e+00,-3.760855670657342609e-03,2.714760315991640027e-01,1.069758765929072375e+00
8.750000000000000000e+00,-3.760018351473742859e-03,2.233462750737460478e-01,1.034475594519058017e+00,-3.298118640235561672e-03,2.714688414215281065e-01,1.069967966751658839e+00
8.800000000000000711e+00,-3.297281321051948044e-03,2.233390848961101238e-01,1.034684795341644481e+00,-2.835381609813766857e-03,2.714616512438922102e-01,1.070177167574245303e+00
8.849999999999999645e+00,-2.834544290630174046e-03,2.233318947184742276e-01,1.034893996164231167e+00,-2.372644579391992858e-03,2.714544610662562585e-01,1.070386368396832211e+00
8.900000000000000355e+00,-2.382411483160942756e-03,2.233914938324485511e-01,1.035170604112231718e+00,-1.920511771922761568e-03,2.715140601802306097e-01,1.070662976344832540e+00
8.949999999999999289e+00,-1.932051965637081314e-03,2.234622617779157827e-01,1.035458484208910956e+00,-1.470152254398900127e-03,2.715848281256978414e-01,1.070950856441511778e+00
9.000000000000000000e+00,-1.481692448113212934e-03,2.235330297233829866e-01,1.035746364305590195e+00,-1.019792736875031747e-03,2.716555960711650730e-01,1.071238736538191016e+00
9.050000000000000711e+00,-1.022135915320722399e-03,2.235873095053755311e-01,1.036020291059878362e+00,-5.602362040825412115e-04,2.717098758531575897e-01,1.071512663292479406e+00
9.099999999999999645e+00,-5.479953697870021401e-04,2.236154434586212492e-01,1.036272091535448414e+00,-8.609565854882095248e-05,2.717380098064032801e-01,1.071764463768049236e+00
9.150000000000000355e+00,-7.385482425327494216e-05,2.236435774118669950e-01,1.036523892011018244e+00,3.880448869849062454e-04,2.717661437596490259e-01,1.072016264243619066e+00
9.199999999999999289e+00,4.002857212804453169e-04,2.236717113651127131e-01,1.036775692486588296e+00,8.621854325186265045e-04,2.717942777128947718e-01,1.072268064719189340e+00
9.250000000000000000e+00,8.515034119914374755e-04,2.237725758882348204e-01,1.037062164657886587e+00,1.313403123229618663e-03,2.718951422360168513e-01,1.072554536890487409e+00
9.300000000000000711e+00,1.300639263396942413e-03,2.238800457561208601e-01,1.037351785690856509e+00,1.762538974635123601e-03,2.720026121039029188e-01,1.072844157923457331e+00
9.349999999999999645e+00,1.749775114802447351e-03,2.239875156240068721e-01,1.037641406723826432e+00,2.211674826040628539e-03,2.721100819717889308e-01,1.073133778956427253e+00
9.400000000000000355e+00,2.189335630088960760e-03,2.240994052098731482e-01,1.037931982958824273e+00,2.651235341327141948e-03,2.722219715576552068e-01,1.073424355191425317e+00
9.449999999999999289e+00,2.617037998591136005e-03,2.242167681978116112e-01,1.038223742121055171e+00,3.078937709829317193e-03,2.723393345455936698e-01,1.073716114353655993e+00
9.500000000000000000e+00,3.044740367093325129e-03,2.243341311857500464e-01,1.038515501283285847e+00,3.506640078331506316e-03,2.724566975335320773e-01,1.074007873515886669e+00
9.550000000000000711e+00,3.472442735595514252e-03,2.244514941736884817e-01,1.038807260445516523e+00,3.934342446833695439e-03,2.725740605214705403e-01,1.074299632678117344e+00
9.599999999999999645e+00,3.916896726343564727e-03,2.245554166887746006e-01,1.039115883269959184e+00,4.378796437581745915e-03,2.726779830365566593e-01,1.074608255502560006e+00
9.650000000000000355e+00,4.361749442321961878e-03,2.246590192912244488e-01,1.039424907486428351e+00,4.823649153560143066e-03,2.727815856390065075e-01,1.074917279719029395e+00
9.699999999999999289e+00,4.806602158300359029e-03,2.247626218936743248e-01,1.039733931702897518e+00,5.268501869538540217e-03,2.728851882414563557e-01,1.075226303935498340e+00
9.750000000000000000e+00,5.300315410919027859e-03,2.247502024170944523e-01,1.039991293003915018e+00,5.762215122157209046e-03,2.728727687648765388e-01,1.075483665236515840e+00
9.800000000000000711e+00,5.841586444207937101e-03,2.246248543284524168e-01,1.040198368864559075e+00,6.303486155446118289e-03,2.727474206762344755e-01,1.075690741097159897e+00
9.849999999999999645e+00,6.382857477496804710e-03,2.244995062398103813e-01,1.040405444725203354e+00,6.844757188734985898e-03,2.726220725875924122e-01,1.075897816957804398e+00
9.900000000000000355e+00,6.926825434191270781e-03,2.243692675793503566e-01,1.040610322119086328e+00,7.388725145429451968e-03,2.724918339271323875e-01,1.076102694351687372e+00
9.949999999999999289e+00,7.541461551769650107e-03,2.241108800380826882e-01,1.040757592536643683e+00,8.003361263007831294e-03,2.722334463858647746e-01,1.076249964769244727e+00
1.000000000000000000e+01,8.156097669348057189e-03,2.238524924968150198e-01,1.040904862954200816e+00,8.617997380586238376e-03,2.719750588445970507e-01,1.076397235186801637e+00
1.005000000000000071e+01,8.770733786926450393e-03,2.235941049555473514e-01,1.041052133371757948e+00,9.232633498164631580e-03,2.717166713033294378e-01,1.076544505604358992e+00
1.009999999999999964e+01,9.399496091024035771e-03,2.232537267607929421e-01,1.041128422995712066e+00,9.861395802262216959e-03,2.713762931085750285e-01,1.076620795228313110e+00
1.015000000000000036e+01,1.003905645345156555e-02,2.228506749026506195e-01,1.041150454894228972e+00,1.050095616468974674e-02,2.709732412504326504e-01,1.076642827126829793e+00
1.019999999999999929e+01,1.067861681587908146e-02,2.224476230445083247e-01,1.041172486792745877e+00,1.114051652711726265e-02,2.705701893922903833e-01,1.076664859025346921e+00
1.025000000000000000e+01,1.130675530550299263e-02,2.220594356918247914e-01,1.041197375195040964e+00,1.176865501674117381e-02,2.701820020396068500e-01,1.076689747427642008e+00
1.030000000000000071e+01,1.182828384878750055e-02,2.218099912718082545e-01,1.041248925749836074e+00,1.229018356002568174e-02,2.699325576195903409e-01,1.076741297982437118e+00
1.034999999999999964e+01,1.234981239207199460e-02,2.215605468517916898e-01,1.041300476304631184e+00,1.281171210331017579e-02,2.696831131995737207e-01,1.076792848537232228e+00
1.040000000000000036e+01,1.287134093535651641e-02,2.213111024317751530e-01,1.041352026859426072e+00,1.333324064659469760e-02,2.694336687795572116e-01,1.076844399092026894e+00
1.044999999999999929e+01,1.335385760611596667e-02,2.211317310459316732e-01,1.041367352217770881e+00,1.381575731735414786e-02,2.692542973937137596e-01,1.076859724450371925e+00
1.050000000000000000e+01,1.381314382206903085e-02,2.209940861486709152e-01,1.041361106507245449e+00,1.427504353330721204e-02,2.691166524964530016e-01,1.076853478739846270e+00
1.055000000000000071e+01,1.427243003802206728e-02,2.208564412514101294e-01,1.041354860796719795e+00,1.473432974926024847e-02,2.689790075991921880e-01,1.076847233029320616e+00
1.059999999999999964e+01,1.472764945209686233e-02,2.207297635596887075e-01,1.041338345517686781e+00,1.518954916333504351e-02,2.688523299074707662e-01,1.076830717750287825e+00
1.065000000000000036e+01,1.516099588533365711e-02,2.206620721387007877e-01,1.041266596154990731e+00,1.562289559657183829e-02,2.687846384864828186e-01,1.076758968387591775e+00
1.069999999999999929e+01,1.559434231857042413e-02,2.205943807177128957e-01,1.041194846792294904e+00,1.605624202980860532e-02,2.687169470654949821e-01,1.076687219024895725e+00
1.075000000000000000e+01,1.602768875180720504e-02,2.205266892967249759e-01,1.041123097429598854e+00,1.648958846304538622e-02,2.686492556445070345e-01,1.076615469662199676e+00
1.080000000000000071e+01,1.648663658011569749e-02,2.204033148786443685e-01,1.040919726945332080e+00,1.694853629135387868e-02,2.685258812264263995e-01,1.076412099177932902e+00
1.084999999999999964e+01,1.695726027611427905e-02,2.202545454652979628e-01,1.040656328841618183e+00,1.741915998735246024e-02,2.683771118130799938e-01,1.076148701074219005e+00
1.090000000000000036e+01,1.742788397211286061e-02,2.201057760519515849e-01,1.040392930737904287e+00,1.788978368335104180e-02,2.682283423997336436e-01,1.075885302970505109e+00
1.094999999999999929e+01,1.788155608479911202e-02,2.199550898576177194e-01,1.040121727748899882e+00,1.834345579603729320e-02,2.680776562053998058e-01,1.075614099981500704e+00
1.100000000000000000e+01,1.827398538077943529e-02,2.197974787014960740e-01,1.039822327207462704e+00,1.873588509201761648e-02,2.679200450492781327e-01,1.075314699440063748e+00
1.105000000000000071e+01,1.866641467675975857e-02,2.196398675453744287e-01,1.039522926666025748e+00,1.912831438799793976e-02,2.677624338931564596e-01,1.075015298898626792e+00
1.109999999999999964e+01,1.905884397274008185e-02,2.194822563892527834e-01,1.039223526124588792e+00,1.952074368397826304e-02,2.676048227370348420e-01,1.074715898357189836e+00
1.115000000000000036e+01,1.937783254103766367e-02,2.193034415549971472e-01,1.038875213124215380e+00,1.983973225227584486e-02,2.674260079027792059e-01,1.074367585356816424e+00
1.119999999999999929e+01,1.967192026016290757e-02,2.191174373912267992e-01,1.038510315841508991e+00,2.013381997140108876e-02,2.672400037390088579e-01,1.074002688074109813e+00
1.125000000000000000e+01,1.996600797928817922e-02,2.189314332274564512e-01,1.038145418558802824e+00,2.042790769052636041e-02,2.670539995752385098e-01,1.073637790791403646e+00
1.130000000000000071e+01,2.021740124944364919e-02,2.187945681678915566e-01,1.037823572424151353e+00,2.067930096068183038e-02,2.669171345156736153e-01,1.073315944656752396e+00
1.134999999999999964e+01,2.035724424241842218e-02,2.187860917121568494e-01,1.037614208535186489e+00,2.081914395365660336e-02,2.669086580599389080e-01,1.073106580767787310e+00
1.140000000000000036e+01,2.049708723539320904e-02,2.187776152564221144e-01,1.037404844646221624e+00,2.095898694663139022e-02,2.669001816042041453e-01,1.072897216878822668e+00
1.144999999999999929e+01,2.063693022836796814e-02,2.187691388006874071e-01,1.037195480757256982e+00,2.109882993960614933e-02,2.668917051484694936e-01,1.072687852989858026e+00
1.150000000000000000e+01,2.082429419053456049e-02,2.187197602443637923e-01,1.037002772234586478e+00,2.128619390177274168e-02,2.668423265921458509e-01,1.072495144467187522e+00
1.155000000000000071e+01,2.102303763965528843e-02,2.186605871714727978e-01,1.036814052046470147e+00,2.148493735089346962e-02,2.667831535192548564e-01,1.072306424279071191e+00
1.159999999999999964e+01,2.122178108877600250e-02,2.186014140985818033e-01,1.036625331858353816e+00,2.168368080001418369e-02,2.667239804463638619e-01,1.072117704090954859e+00
1.165000000000000036e+01,2.145719387008015316e-02,2.185156473644625508e-01,1.036438156492534901e+00,2.191909358131833435e-02,2.666382137122446094e-01,1.071930528725135723e+00
1.169999999999999929e+01,2.176481108809032866e-02,2.183775158826208318e-01,1.036254022988052137e+00,2.222671079932850985e-02,2.665000822304028905e-01,1.071746395220653181e+00
1.175000000000000000e+01,2.207242830610049028e-02,2.182393844007791128e-01,1.036069889483569595e+00,2.253432801733867147e-02,2.663619507485611715e-01,1.071562261716170639e+00
1.180000000000000071e+01,2.238004552411066578e-02,2.181012529189373939e-01,1.035885755979087053e+00,2.284194523534884697e-02,2.662238192667194525e-01,1.071378128211688097e+00
1.184999999999999964e+01,2.276200604516930709e-02,2.178815163387312626e-01,1.035670314345059184e+00,2.322390575640748828e-02,2.660040826865133212e-01,1.071162686577660228e+00
1.190000000000000036e+01,2.315538976313987612e-02,2.176492407527316486e-01,1.035450062070206068e+00,2.361728947437805731e-02,2.657718071005137350e-01,1.070942434302807111e+00
1.194999999999999929e+01,2.354877348111041740e-02,2.174169651667320624e-01,1.035229809795352951e+00,2.401067319234859859e-02,2.655395315145141488e-01,1.070722182027953995e+00
1.200000000000000000e+01,2.390324444631618944e-02,2.172019544529451007e-01,1.035022692048716664e+00,2.436514415755437063e-02,2.653245208007271594e-01,1.070515064281317485e+00
1.205000000000000071e+01,2.419856547457940182e-02,2.170131874775251546e-01,1.034835539646616454e+00,2.466046518581758301e-02,2.651357538253071855e-01,1.070327911879217275e+00
1.209999999999999964e+01,2.449388650284260033e-02,2.168244205021052362e-01,1.034648387244516243e+00,2.495578621408078152e-02,2.649469868498872671e-01,1.070140759477117065e+00
1.215000000000000036e+01,2.478920753110581271e-02,2.166356535266852901e-01,1.034461234842416033e+00,2.525110724234399390e-02,2.647582198744673487e-01,1.069953607075016855e+00
1.219999999999999929e+01,2.502703990956770680e-02,2.165074357914076597e-01,1.034199827539019623e+00,2.548893962080588799e-02,2.646300021391897461e-01,1.069692199771620444e+00
1.225000000000000000e+01,2.526033306534995054e-02,2.163839989387049134e-01,1.033932557173380173e+00,2.572223277658813173e-02,2.645065652864869721e-01,1.069424929405981217e+00
1.230000000000000071e+01,2.549362622113218041e-02,2.162605620860021949e-01,1.033665286807740724e+00,2.595552593237036160e-02,2.643831284337842535e-01,1.069157659040341546e+00
1.234999999999999964e+01,2.567594637900855875e-02,2.162129523619485683e-01,1.033452524977806819e+00,2.613784609024673994e-02,2.643355187097305992e-01,1.068944897210407863e+00
1.240000000000000036e+01,2.579765832097028616e-02,2.162555030595723626e-01,1.033304575209885057e+00,2.625955803220846735e-02,2.643780694073544213e-01,1.068796947442486100e+00
1.244999999999999929e+01,2.591937026293201357e-02,2.162980537571961293e-01,1.033156625441963516e+00,2.638126997417019476e-02,2.644206201049781879e-01,1.068648997674564338e+00
1.250000000000000000e+01,2.604108220489374098e-02,2.163406044548198959e-01,1.033008675674041754e+00,2.650298191613192217e-02,2.644631708026019545e-01,1.068501047906642576e+00
1.255000000000000071e+01,2.623606461413061780e-02,2.163367790928198697e-01,1.032744004628607160e+00,2.669796432536879899e-02,2.644593454406019006e-01,1.068236376861208203e+00
1.259999999999999964e+01,2.643202496735217594e-02,2.163323347476165115e-01,1.032477775699410349e+00,2.689392467859035712e-02,2.644549010953985979e-01,1.067970147932011393e+00
1.265000000000000036e+01,2.662798532057373407e-02,2.163278904024131533e-01,1.032211546770213539e+00,2.708988503181191526e-02,2.644504567501951842e-01,1.067703919002814583e+00
1.269999999999999929e+01,2.689629448637274184e-02,2.162572204066611770e-01,1.031876493578218090e+00,2.735819419761092303e-02,2.643797867544432356e-01,1.067368865810819134e+00
1.275000000000000000e+01,2.723223964710672768e-02,2.161246387138751335e-01,1.031477099351114646e+00,2.769413935834490886e-02,2.642472050616572199e-01,1.066969471583715467e+00
1.280000000000000071e+01,2.756818480784069963e-02,2.159920570210890900e-01,1.031077705124011201e+00,2.803008451907888082e-02,2.641146233688711487e-01,1.066570077356612245e+00
1.284999999999999964e+01,2.790751825157743865e-02,2.158562686921170204e-01,1.030675609501333412e+00,2.836941796281561984e-02,2.639788350398990513e-01,1.066167981733934234e+00
1.290000000000000036e+01,2.831580406730942884e-02,2.156552245474497864e-01,1.030218539830621838e+00,2.877770377854761003e-02,2.637777908952318451e-01,1.065710912063222882e+00
1.294999999999999929e+01,2.872408988304139127e-02,2.154541804027825802e-01,1.029761470159910264e+00,2.918598959427957246e-02,2.635767467505646389e-01,1.065253842392511086e+00
1.300000000000000000e+01,2.913237569877335370e-02,2.152531362581153462e-01,1.029304400489198912e+00,2.959427541001153489e-02,2.633757026058973771e-01,1.064796772721799734e+00
1.305000000000000071e+01,2.955028036703202104e-02,2.150259709736269675e-01,1.028833734150226942e+00,3.001218007827020223e-02,2.631485373214090262e-01,1.064326106382827763e+00
1.309999999999999964e+01,2.997524119103681800e-02,2.147796438576900502e-01,1.028353093626849013e+00,3.043714090227499919e-02,2.629022102054721088e-01,1.063845465859449835e+00
1.315000000000000036e+01,3.040020201504162883e-02,2.145333167417531606e-01,1.027872453103471084e+00,3.086210172627981002e-02,2.626558830895352470e-01,1.063364825336071906e+00
1.319999999999999929e+01,3.081061934731944146e-02,2.143058814216961538e-01,1.027406321215091900e+00,3.127251905855762265e-02,2.624284477694782125e-01,1.062898693447692722e+00
1.325000000000000000e+01,3.109946506483018264e-02,2.142363659584442526e-01,1.027061469567933205e+00,3.156136477606836382e-02,2.623589323062263112e-01,1.062553841800534027e+00
1.330000000000000071e+01,3.138831078234092381e-02,2.141668504951923513e-01,1.026716617920774510e+00,3.185021049357910500e-02,2.622894168429744099e-01,1.062208990153375332e+00
1.334999999999999964e+01,3.167715649985166498e-02,2.140973350319404500e-01,1.026371766273616037e+00,3.213905621108984617e-02,2.622199013797225087e-01,1.061864138506217081e+00
1.340000000000000036e+01,3.187333763431445671e-02,2.140966553918574322e-01,1.026119877589472207e+00,3.233523734555263790e-02,2.622192217396395186e-01,1.061612249822073029e+00
1.344999999999999929e+01,3.201667914418756394e-02,2.141352276313483460e-01,1.025920998673514717e+00,3.247857885542574513e-02,2.622577939791304047e-01,1.061413370906115539e+00
1.350000000000000000e+01,3.216002065406069893e-02,2.141737998708392321e-01,1.025722119757557227e+00,3.262192036529888012e-02,2.622963662186212908e-01,1.061214491990158049e+00
1.355000000000000071e+01,3.229037855215349112e-02,2.142322402960383787e-01,1.025536510185592221e+00,3.275227826339167231e-02,2.623548066438204374e-01,1.061028882418193042e+00
1.359999999999999964e+01,3.235590684910413101e-02,2.143898862871983224e-01,1.025417156929126827e+00,3.281780656034231219e-02,2.625124526349803533e-01,1.060909529161727871e+00
1.365000000000000036e+01,3.242143514605477089e-02,2.145475322783582939e-01,1.025297803672661656e+00,3.288333485729295208e-02,2.626700986261403248e-01,1.060790175905262700e+00
1.369999999999999929e+01,3.248696344300541078e-02,2.147051782695182376e-01,1.025178450416196263e+00,3.294886315424359197e-02,2.628277446173002962e-01,1.060670822648797085e+00
1.375000000000000000e+01,3.268204640756092877e-02,2.147946410361483982e-01,1.025008742563705333e+00,3.314394611879910996e-02,2.629172073839304291e-01,1.060501114796306155e+00
1.380000000000000071e+01,3.293348656383860568e-02,2.148544436204933017e-01,1.024817130107738450e+00,3.339538627507678686e-02,2.629770099682753326e-01,1.060309502340339272e+00
1.384999999999999964e+01,3.318492672011629646e-02,2.149142462048382052e-01,1.024625517651771567e+00,3.364682643135447765e-02,2.630368125526202361e-01,1.060117889884372389e+00
1.390000000000000036e+01,3.344300616693762079e-02,2.149738882501061876e-01,1.024421364302277482e+00,3.390490587817580198e-02,2.630964545978882185e-01,1.059913736534878304e+00
1.394999999999999929e+01,3.372371167036061074e-02,2.150329831938100345e-01,1.024174472807055425e+00,3.418561138159879192e-02,2.631555495415920931e-01,1.059666845039656469e+00
1.400000000000000000e+01,3.400441717378360068e-02,2.150920781375138535e-01,1.023927581311833368e+00,3.446631688502178187e-02,2.632146444852959122e-01,1.059419953544434190e+00
1.405000000000000071e+01,3.428512267720659062e-02,2.151511730812177003e-01,1.023680689816611311e+00,3.474702238844477181e-02,2.632737394289997868e-01,1.059173062049212355e+00
1.409999999999999964e+01,3.460624867272162758e-02,2.152010310294852069e-01,1.023445200278832345e+00,3.506814838395980877e-02,2.633235973772672933e-01,1.058937572511433167e+00
1.415000000000000036e+01,3.494035899022649577e-02,2.152479217668961664e-01,1.023213373405189586e+00,3.540225870146467696e-02,2.633704881146782251e-01,1.058705745637790407e+00
1.419999999999999929e+01,3.527446930773135009e-02,2.152948125043070982e-01,1.022981546531546826e+00,3.573636901896953127e-02,2.634173788520891568e-01,1.058473918764147648e+00
1.425000000000000000e+01,3.559719981696703867e-02,2.153530349785818254e-01,1.022752696661797689e+00,3.605909952820521985e-02,2.634756013263638841e-01,1.058245068894398511e+00
1.430000000000000071e+01,3.589164187234809150e-02,2.154394264085877087e-01,1.022531247166050372e+00,3.635354158358627269e-02,2.635619927563697673e-01,1.058023619398651416e+00
1.434999999999999964e+01,3.618608392772913046e-02,2.155258178385935641e-01,1.022309797670303277e+00,3.664798363896731165e-02,2.636483841863755950e-01,1.057802169902904321e+00
1.440000000000000036e+01,3.648052598311019717e-02,2.156122092685994474e-01,1.022088348174556183e+00,3.694242569434837836e-02,2.637347756163814783e-01,1.057580720407157227e+00
1.444999999999999929e+01,3.670553796719908807e-02,2.156933626742115473e-01,1.021873391701353606e+00,3.716743767843726926e-02,2.638159290219935782e-01,1.057365763933954650e+00
1.450000000000000000e+01,3.691498570176903610e-02,2.157733418635635614e-01,1.021659890779343050e+00,3.737688541300721728e-02,2.638959082113456200e-01,1.057152263011944093e+00
1.455000000000000071e+01,3.712443343633898413e-02,2.158533210529155477e-01,1.021446389857332271e+00,3.758633314757716531e-02,2.639758874006976064e-01,1.056938762089933093e+00
1.459999999999999964e+01,3.738887802927893383e-02,2.158796606026887888e-01,1.021217716234400719e+00,3.785077774051711502e-02,2.640022269504708197e-01,1.056710088467001540e+00
1.465000000000000036e+01,3.775687137582146163e-02,2.158050067869009270e-01,1.020960475265702661e+00,3.821877108705964282e-02,2.639275731346829579e-01,1.056452847498303704e+00
1.469999999999999929e+01,3.812486472236398943e-02,2.157303529711130652e-01,1.020703234297004380e+00,3.858676443360217062e-02,2.638529193188950961e-01,1.056195606529605424e+00
1.475000000000000000e+01,3.849285806890651723e-02,2.156556991553251756e-01,1.020445993328306322e+00,3.895475778014469842e-02,2.637782655031072343e-01,1.055938365560907144e+00
1.480000000000000071e+01,3.893155794922339291e-02,2.155910301155218034e-01,1.020254984755696981e+00,3.939345766046157410e-02,2.637135964633038343e-01,1.055747356988297803e+00
1.484999999999999964e+01,3.938018477222014063e-02,2.155277629023047425e-01,1.020073274972950861e+00,3.984208448345832182e-02,2.636503292500868012e-01,1.055565647205551905e+00
1.490000000000000036e+01,3.982881159521688835e-02,2.154644956890876539e-01,1.019891565190204741e+00,4.029071130645506954e-02,2.635870620368697126e-01,1.055383937422805563e+00
1.494999999999999929e+01,4.025122583296737028e-02,2.154304708394789991e-01,1.019782237628748645e+00,4.071312554420555146e-02,2.635530371872610855e-01,1.055274609861349688e+00
1.500000000000000000e+01,4.063543127561657781e-02,2.154390711437379757e-01,1.019778418067982084e+00,4.109733098685475899e-02,2.635616374915200621e-01,1.055270790300582906e+00
1.505000000000000071e+01,4.101963671826579921e-02,2.154476714479969524e-01,1.019774598507215524e+00,4.148153642950398040e-02,2.635702377957790388e-01,1.055266970739816568e+00
1.509999999999999964e+01,4.140384216091499286e-02,2.154562717522559290e-01,1.019770778946448964e+00,4.186574187215317405e-02,2.635788381000380154e-01,1.055263151179049785e+00
1.515000000000000036e+01,4.175409213984102724e-02,2.154827102300899688e-01,1.019914304146034789e+00,4.221599185107920843e-02,2.636052765778720275e-01,1.055406676378635833e+00
1.519999999999999929e+01,4.210205511770966774e-02,2.155103501617506856e-01,1.020067753451663561e+00,4.256395482894784893e-02,2.636329165095327443e-01,1.055560125684264605e+00
1.525000000000000000e+01,4.245001809557832212e-02,2.155379900934114024e-01,1.020221202757292112e+00,4.291191780681650331e-02,2.636605564411934610e-01,1.055713574989892933e+00
1.530000000000000071e+01,4.277109381073130462e-02,2.155816577203893969e-01,1.020397009477388206e+00,4.323299352196948581e-02,2.637042240681714556e-01,1.055889381709989028e+00
1.534999999999999964e+01,4.306147023627970166e-02,2.156436254199869951e-01,1.020598343405247910e+00,4.352336994751788285e-02,2.637661917677690537e-01,1.056090715637848731e+00
1.540000000000000036e+01,4.335184666182811258e-02,2.157055931195845933e-01,1.020799677333107613e+00,4.381374637306629377e-02,2.638281594673666519e-01,1.056292049565708435e+00
1.544999999999999929e+01,4.364222308737652350e-02,2.157675608191821914e-01,1.021001011260967317e+00,4.410412279861470469e-02,2.638901271669642501e-01,1.056493383493568139e+00
1.550000000000000000e+01,4.378170215990035558e-02,2.159652942444721391e-01,1.021282045616257683e+00,4.424360187113853676e-02,2.640878605922541977e-01,1.056774417848858505e+00
1.555000000000000071e+01,4.392071295626371469e-02,2.161634489883039745e-01,1.021563327303985469e+00,4.438261266750189588e-02,2.642860153360860331e-01,1.057055699536586513e+00
1.559999999999999964e+01,4.405972375262707380e-02,2.163616037321358099e-01,1.021844608991713033e+00,4.452162346386525499e-02,2.644841700799178685e-01,1.057336981224314076e+00
1.565000000000000036e+01,4.438148875346745875e-02,2.163987385226754379e-01,1.021979644863812098e+00,4.484338846470563994e-02,2.645213048704574965e-01,1.057472017096412920e+00
1.569999999999999929e+01,4.486734037036580608e-02,2.162913008842023421e-01,1.021983373327319145e+00,4.532924008160398727e-02,2.644138672319844008e-01,1.057475745559920188e+00
1.575000000000000000e+01,4.535319198726416728e-02,2.161838632457292464e-01,1.021987101790826191e+00,4.581509169850234847e-02,2.643064295935113051e-01,1.057479474023427013e+00
1.580000000000000071e+01,4.583725657842480788e-02,2.160793231176787454e-01,1.021993991653193490e+00,4.629915628966298907e-02,2.642018894654608041e-01,1.057486363885794312e+00
1.584999999999999964e+01,4.629171029309796931e-02,2.160227945103541658e-01,1.022053265647026921e+00,4.675361000433615050e-02,2.641453608581362245e-01,1.057545637879627964e+00
1.590000000000000036e+01,4.674616400777115849e-02,2.159662659030296139e-01,1.022112539640860129e+00,4.720806371900933968e-02,2.640888322508117003e-01,1.057604911873461173e+00
1.594999999999999929e+01,4.720061772244434767e-02,2.159097372957050343e-01,1.022171813634693560e+00,4.766251743368252886e-02,2.640323036434870652e-01,1.057664185867294382e+00
1.600000000000000000e+01,4.765648583826329748e-02,2.158284242420897003e-01,1.022196678492688138e+00,4.811838554950147867e-02,2.639509905898717590e-01,1.057689050725289182e+00
1.605000000000000071e+01,4.811334942330120629e-02,2.157296676552412640e-01,1.022197325867771234e+00,4.857524913453938747e-02,2.638522340030233226e-01,1.057689698100372055e+00
1.610000000000000142e+01,4.857021300833912897e-02,2.156309110683927999e-01,1.022197973242854108e+00,4.903211271957731016e-02,2.637534774161748308e-01,1.057690345475454929e+00
1.614999999999999858e+01,4.902198435886592071e-02,2.155284404566071843e-01,1.022199702654565279e+00,4.948388407010410189e-02,2.636510068043892430e-01,1.057692074887166100e+00
1.619999999999999929e+01,4.943529649654416352e-02,2.153979195900121435e-01,1.022209604171647523e+00,4.989719620778234471e-02,2.635204859377942022e-01,1.057701976404248345e+00
1.625000000000000000e+01,4.984860863422237859e-02,2.152673987234171304e-01,1.022219505688729768e+00,5.031050834546055978e-02,2.633899650711991614e-01,1.057711877921330590e+00
1.630000000000000071e+01,5.026192077190059365e-02,2.151368778568220896e-01,1.022229407205812013e+00,5.072382048313877484e-02,2.632594442046041205e-01,1.057721779438412835e+00
1.635000000000000142e+01,5.069860511766358796e-02,2.149696223824103802e-01,1.022169505283384350e+00,5.116050482890176915e-02,2.630921887301924667e-01,1.057661877515985172e+00
1.639999999999999858e+01,5.114804518139250827e-02,2.147823184686214748e-01,1.022071507132127355e+00,5.160994489263068946e-02,2.629048848164035057e-01,1.057563879364728177e+00
1.644999999999999929e+01,5.159748524512144247e-02,2.145950145548325694e-01,1.021973508980870582e+00,5.205938495635962365e-02,2.627175809026146558e-01,1.057465881213471626e+00
1.650000000000000000e+01,5.203075857272818766e-02,2.144290727285975973e-01,1.021862701126845296e+00,5.249265828396636885e-02,2.625516390763796837e-01,1.057355073359446340e+00
1.655000000000000071e+01,5.238882691940464215e-02,2.143625037983501735e-01,1.021692304655481109e+00,5.285072663064282333e-02,2.624850701461322044e-01,1.057184676888081931e+00
1.660000000000000142e+01,5.274689526608108275e-02,2.142959348681027776e-01,1.021521908184116700e+00,5.320879497731926394e-02,2.624185012158848362e-01,1.057014280416717522e+00
1.664999999999999858e+01,5.310496361275750948e-02,2.142293659378553539e-01,1.021351511712752291e+00,5.356686332399569067e-02,2.623519322856374125e-01,1.056843883945353113e+00
1.669999999999999929e+01,5.354738377983076641e-02,2.141066063526755603e-01,1.021068538801747305e+00,5.400928349106894760e-02,2.622291727004576467e-01,1.056560911034348127e+00
1.675000000000000000e+01,5.402477205107757835e-02,2.139605528935045187e-01,1.020738897251578958e+00,5.448667176231575954e-02,2.620831192412865773e-01,1.056231269484179780e+00
1.680000000000000071e+01,5.450216032232439028e-02,2.138144994343334770e-01,1.020409255701410833e+00,5.496406003356257147e-02,2.619370657821155080e-01,1.055901627934011877e+00
1.685000000000000142e+01,5.498754059723239690e-02,2.136620942416449509e-01,1.020054313432805948e+00,5.544944030847057809e-02,2.617846605894270096e-01,1.055546685665406770e+00
1.689999999999999858e+01,5.549865853968029977e-02,2.134892337523242867e-01,1.019617892037406603e+00,5.596055825091848096e-02,2.616118001001063176e-01,1.055110264270007647e+00
1.694999999999999929e+01,5.600977648212828591e-02,2.133163732630035669e-01,1.019181470642007481e+00,5.647167619336646710e-02,2.614389396107856256e-01,1.054673842874608525e+00
1.700000000000000000e+01,5.652089442457624430e-02,2.131435127736828750e-01,1.018745049246608136e+00,5.698279413581442548e-02,2.612660791214649336e-01,1.054237421479208958e+00
1.705000000000000071e+01,5.684909425852340686e-02,2.131273555911053774e-01,1.018399088216589865e+00,5.731099396976158805e-02,2.612499219388874083e-01,1.053891460449190909e+00
1.710000000000000142e+01,5.712171069379786553e-02,2.131588159049224718e-01,1.018080615413922363e+00,5.758361040503604672e-02,2.612813822527045304e-01,1.053572987646523185e+00
1.714999999999999858e+01,5.739432712907229645e-02,2.131902762187395661e-01,1.017762142611255083e+00,5.785622684031047763e-02,2.613128425665216525e-01,1.053254514843855905e+00
1.719999999999999929e+01,5.759835648567795258e-02,2.132793535249428163e-01,1.017490911471599757e+00,5.806025619691613376e-02,2.614019198727248749e-01,1.052983283704200801e+00
1.725000000000000000e+01,5.764000263117024375e-02,2.135048418347920696e-01,1.017331527243741318e+00,5.810190234240842494e-02,2.616274081825741282e-01,1.052823899476342362e+00
1.730000000000000071e+01,5.768164877666252105e-02,2.137303301446413228e-01,1.017172143015882879e+00,5.814354848790070224e-02,2.618528964924233815e-01,1.052664515248483923e+00
1.735000000000000142e+01,5.772329492215479835e-02,2.139558184544905761e-01,1.017012758788024440e+00,5.818519463339297954e-02,2.620783848022726348e-01,1.052505131020625484e+00
1.739999999999999858e+01,5.782294537689876973e-02,2.141935046651099461e-01,1.016828833552109179e+00,5.828484508813695092e-02,2.623160710128920048e-01,1.052321205784710223e+00
1.744999999999999929e+01,5.793473343206573950e-02,2.144337433282532124e-01,1.016639773026184690e+00,5.839663314330392069e-02,2.625563096760352710e-01,1.052132145258785734e+00
1.750000000000000000e+01,5.804652148723270927e-02,2.146739819913964786e-01,1.016450712500260423e+00,5.850842119847089046e-02,2.627965483391785373e-01,1.051943084732861244e+00
1.755000000000000071e+01,5.818801860904952022e-02,2.149440231804880808e-01,1.016251393342871179e+00,5.864991832028770141e-02,2.630665895282701117e-01,1.051743765575472001e+00
1.760000000000000142e+01,5.838303441201845440e-02,2.152677514107296242e-01,1.016033594021399589e+00,5.884493412325663558e-02,2.633903177585116828e-01,1.051525966254000632e+00
1.764999999999999858e+01,5.857805021498734693e-02,2.155914796409711398e-01,1.015815794699927999e+00,5.903994992622552812e-02,2.637140459887531985e-01,1.051308166932528820e+00
1.769999999999999929e+01,5.877306601795626723e-02,2.159152078712126832e-01,1.015597995378456186e+00,5.923496572919444841e-02,2.640377742189947696e-01,1.051090367611057008e+00
1.775000000000000000e+01,5.899682610776484787e-02,2.162519791331524444e-01,1.015438274351351255e+00,5.945872581900302906e-02,2.643745454809345308e-01,1.050930646583952299e+00
1.780000000000000071e+01,5.922424935188558975e-02,2.165904125910644296e-01,1.015285954786513622e+00,5.968614906312377094e-02,2.647129789388464882e-01,1.050778327019114666e+00
1.785000000000000142e+01,5.945167259600634552e-02,2.169288460489763870e-01,1.015133635221676212e+00,5.991357230724452670e-02,2.650514123967584457e-01,1.050626007454277033e+00
1.789999999999999858e+01,5.974534440140221586e-02,2.171974766163026760e-01,1.014948069361983451e+00,6.020724411264039705e-02,2.653200429640847346e-01,1.050440441594584495e+00
1.794999999999999929e+01,6.013164844931918190e-02,2.173685050898634674e-01,1.014716016774297014e+00,6.059354816055736309e-02,2.654910714376454983e-01,1.050208389006897836e+00
1.800000000000000000e+01,6.051795249723614795e-02,2.175395335634242588e-01,1.014483964186610798e+00,6.097985220847432913e-02,2.656620999112063175e-01,1.049976336419211620e+00
1.805000000000000071e+01,6.090425654515314174e-02,2.177105620369850780e-01,1.014251911598924361e+00,6.136615625639132293e-02,2.658331283847671367e-01,1.049744283831525404e+00
1.810000000000000142e+01,6.131837579613167583e-02,2.178763826827226080e-01,1.014045186344307847e+00,6.178027550736985701e-02,2.659989490305046944e-01,1.049537558576908669e+00
1.814999999999999858e+01,6.173405254120498814e-02,2.180419117195488699e-01,1.013839879277133704e+00,6.219595225244316933e-02,2.661644780673309008e-01,1.049332251509734526e+00
1.819999999999999929e+01,6.214972928627831433e-02,2.182074407563751317e-01,1.013634572209959561e+00,6.261162899751648858e-02,2.663300071041572181e-01,1.049126944442560383e+00
1.825000000000000000e+01,6.252021686880884777e-02,2.183689824502469956e-01,1.013448343766999438e+00,6.298211658004702895e-02,2.664915487980290543e-01,1.048940715999600481e+00
1.830000000000000071e+01,6.284115331873468824e-02,2.185261519152844056e-01,1.013283035548826927e+00,6.330305302997286943e-02,2.666487182630664643e-01,1.048775407781427749e+00
1.835000000000000142e+01,6.316208976866055647e-02,2.186833213803218434e-01,1.013117727330654416e+00,6.362398947989873765e-02,2.668058877281038743e-01,1.048610099563255460e+00
1.839999999999999858e+01,6.348282693881160399e-02,2.188405739068404743e-01,1.012952650472024763e+00,6.394472665004978518e-02,2.669631402546225329e-01,1.048445022704625806e+00
1.844999999999999929e+01,6.377522919350139818e-02,2.190096366637280800e-01,1.012820469842305338e+00,6.423712890473957937e-02,2.671322030115101387e-01,1.048312842074906381e+00
1.850000000000000000e+01,6.406763144819122013e-02,2.191786994206156858e-01,1.012688289212586135e+00,6.452953115942940132e-02,2.673012657683977444e-01,1.048180661445186956e+00
1.855000000000000071e+01,6.436003370288101433e-02,2.193477621775032915e-01,1.012556108582866932e+00,6.482193341411919552e-02,2.674703285252853502e-01,1.048048480815467975e+00
1.860000000000000142e+01,6.469732809647199545e-02,2.195189540457889443e-01,1.012376654731681702e+00,6.515922780771017664e-02,2.676415203935710307e-01,1.047869026964282746e+00
1.864999999999999858e+01,6.507333017232194705e-02,2.196919817136045172e-01,1.012156440139737823e+00,6.553522988356012824e-02,2.678145480613866036e-01,1.047648812372338867e+00
1.869999999999999929e+01,6.544933224817195416e-02,2.198650093814200901e-01,1.011936225547793944e+00,6.591123195941013535e-02,2.679875757292021765e-01,1.047428597780394988e+00
1.875000000000000000e+01,6.581663110775723413e-02,2.200466942095443412e-01,1.011724796009137783e+00,6.627853081899541532e-02,2.681692605573263721e-01,1.047217168241738605e+00
1.880000000000000071e+01,6.606272089740372611e-02,2.203489466896047522e-01,1.011635715278781156e+00,6.652462060864190729e-02,2.684715130373868108e-01,1.047128087511381977e+00
1.885000000000000142e+01,6.630881068705021808e-02,2.206511991696651631e-01,1.011546634548424528e+00,6.677071039828839927e-02,2.687737655174472495e-01,1.047039006781025350e+00
1.889999999999999858e+01,6.655490047669671005e-02,2.209534516497255463e-01,1.011457553818067900e+00,6.701680018793489124e-02,2.690760179975075772e-01,1.046949926050668722e+00
1.894999999999999929e+01,6.683652903773418252e-02,2.211710053915911800e-01,1.011293922372272114e+00,6.729842874897236371e-02,2.692935717393732387e-01,1.046786294604872936e+00
1.900000000000000000e+01,6.714214799879880680e-02,2.213313833636831041e-01,1.011079965565871541e+00,6.760404771003698798e-02,2.694539497114651905e-01,1.046572337798472585e+00
1.905000000000000071e+01,6.744776695986343107e-02,2.214917613357750559e-01,1.010866008759470969e+00,6.790966667110161226e-02,2.696143276835570868e-01,1.046358380992071790e+00
1.910000000000000142e+01,6.776728775259982518e-02,2.216369750319576171e-01,1.010633752114168393e+00,6.822918746383800637e-02,2.697595413797396757e-01,1.046126124346769437e+00
1.914999999999999858e+01,6.818236810656136404e-02,2.216779512732195423e-01,1.010275704521509388e+00,6.864426781779954523e-02,2.698005176210016010e-01,1.045768076754110432e+00
1.919999999999999929e+01,6.859744846052295841e-02,2.217189275144814675e-01,1.009917656928850382e+00,6.905934817176113960e-02,2.698414938622635262e-01,1.045410029161451426e+00
1.925000000000000000e+01,6.901252881448455279e-02,2.217599037557433928e-01,1.009559609336191155e+00,6.947442852572273397e-02,2.698824701035254514e-01,1.045051981568791977e+00
1.930000000000000071e+01,6.938145606299842005e-02,2.217551612006641304e-01,1.009221714770200951e+00,6.984335577423660124e-02,2.698777275484461891e-01,1.044714087002801772e+00
1.935000000000000142e+01,6.972628887624596206e-02,2.217265509433314630e-01,1.008894341181981957e+00,7.018818858748414324e-02,2.698491172911134939e-01,1.044386713414582779e+00
1.939999999999999858e+01,7.007112168949353181e-02,2.216979406859987956e-01,1.008566967593762964e+00,7.053302140073171300e-02,2.698205070337808542e-01,1.044059339826363786e+00
1.944999999999999929e+01,7.041484547456411391e-02,2.216687932420642049e-01,1.008240887813933728e+00,7.087674518580229510e-02,2.697913595898462358e-01,1.043733260046534550e+00
1.950000000000000000e+01,7.067759796491834834e-02,2.216004252484939652e-01,1.008009270323347861e+00,7.113949767615652953e-02,2.697229915962759961e-01,1.043501642555948905e+00
1.955000000000000071e+01,7.094035045527261052e-02,2.215320572549236977e-01,1.007777652832762216e+00,7.140225016651079171e-02,2.696546236027057564e-01,1.043270025065363260e+00
1.960000000000000142e+01,7.120310294562684494e-02,2.214636892613534580e-01,1.007546035342176571e+00,7.166500265686502613e-02,2.695862556091355167e-01,1.043038407574777615e+00
1.964999999999999858e+01,7.144127466234045931e-02,2.213859194554942400e-01,1.007333458210830868e+00,7.190317437357864050e-02,2.695084858032762987e-01,1.042825830443431911e+00
1.969999999999999929e+01,7.165880167477831075e-02,2.213002533304548880e-01,1.007136872544666772e+00,7.212070138601649194e-02,2.694228196782369467e-01,1.042629244777267594e+00
1.975000000000000000e+01,7.187632868721618995e-02,2.212145872054155638e-01,1.006940286878502677e+00,7.233822839845437114e-02,2.693371535531976502e-01,1.042432659111103721e+00
1.980000000000000071e+01,7.208167723603256527e-02,2.211388478162782112e-01,1.006755871147487769e+00,7.254357694727074646e-02,2.692614141640602421e-01,1.042248243380088812e+00
1.985000000000000142e+01,7.213355734721629831e-02,2.211882014353415415e-01,1.006724816381490584e+00,7.259545705845447949e-02,2.693107677831235724e-01,1.042217188614091405e+00
1.989999999999999858e+01,7.218543745840003134e-02,2.212375550544048997e-01,1.006693761615493399e+00,7.264733716963821253e-02,2.693601214021869583e-01,1.042186133848094443e+00
1.994999999999999929e+01,7.223731756958373662e-02,2.212869086734682300e-01,1.006662706849495992e+00,7.269921728082191781e-02,2.694094750212502887e-01,1.042155079082097036e+00
2.000000000000000000e+01,7.227921098907388875e-02,2.212997808101644648e-01,1.006569253727517266e+00,7.274111070031206994e-02,2.694223471579465512e-01,1.042061625960118310e+00
2.005000000000000071e+01,7.231454383445501399e-02,2.212886871055171623e-01,1.006434809148982534e+00,7.277644354569319518e-02,2.694112534532991932e-01,1.041927181381583356e+00
2.010000000000000142e+01,7.234987667983616699e-02,2.212775934008698320e-01,1.006300364570447803e+00,7.281177639107434818e-02,2.694001597486518906e-01,1.041792736803048847e+00
2.014999999999999858e+01,7.238053439142536072e-02,2.212589637673889886e-01,1.006149405817889697e+00,7.284243410266354191e-02,2.693815301151710750e-01,1.041641778050490519e+00
2.019999999999999929e+01,7.238085531037050102e-02,2.211914337343520720e-01,1.005891287121823963e+00,7.284275502160868221e-02,2.693140000821341307e-01,1.041383659354425006e+00
2.025000000000000000e+01,7.238117622931561357e-02,2.211239037013151276e-01,1.005633168425758228e+00,7.284307594055379476e-02,2.692464700490971863e-01,1.041125540658359050e+00
2.030000000000000071e+01,7.238149714826072612e-02,2.210563736682782110e-01,1.005375049729692494e+00,7.284339685949890730e-02,2.691789400160602419e-01,1.040867421962293538e+00
2.035000000000000142e+01,7.223016597981748999e-02,2.210674522526384356e-01,1.005178027704611399e+00,7.269206569105567117e-02,2.691900186004204665e-01,1.040670399937212220e+00
2.039999999999999858e+01,7.200193490922235373e-02,2.211183917785145003e-01,1.005011986644589461e+00,7.246383462046053492e-02,2.692409581262965590e-01,1.040504358877190505e+00
2.044999999999999929e+01,7.177370383862718972e-02,2.211693313043905929e-01,1.004845945584567524e+00,7.223560354986537091e-02,2.692918976521726515e-01,1.040338317817168345e+00
2.050000000000000000e+01,7.149306672724478617e-02,2.212536407462070420e-01,1.004707130748462296e+00,7.195496643848296736e-02,2.693762070939891284e-01,1.040199502981063340e+00
2.055000000000000071e+01,7.099405780635523189e-02,2.214769999772756293e-01,1.004681765424920936e+00,7.145595751759341308e-02,2.695995663250576602e-01,1.040174137657521758e+00
2.060000000000000142e+01,7.049504888546564985e-02,2.217003592083441887e-01,1.004656400101379576e+00,7.095694859670383103e-02,2.698229255561262474e-01,1.040148772333980620e+00
2.064999999999999858e+01,6.999603996457612332e-02,2.219237184394127760e-01,1.004631034777838217e+00,7.045793967581430450e-02,2.700462847871948346e-01,1.040123407010439038e+00
2.069999999999999929e+01,6.964772521994100352e-02,2.219766518558327073e-01,1.004418061515693905e+00,7.010962493117918470e-02,2.700992182036147660e-01,1.039910433748294949e+00
2.075000000000000000e+01,6.935698876502999211e-02,2.219644677794855303e-01,1.004133405694130676e+00,6.981888847626817329e-02,2.700870341272675890e-01,1.039625777926731498e+00
2.080000000000000071e+01,6.906625231011898070e-02,2.219522837031383256e-01,1.003848749872567447e+00,6.952815202135716188e-02,2.700748500509203565e-01,1.039341122105168491e+00
2.085000000000000142e+01,6.882930064190098673e-02,2.218992229333449362e-01,1.003532309362044073e+00,6.929120035313916792e-02,2.700217892811269671e-01,1.039024681594645116e+00
2.089999999999999858e+01,6.875069280296677854e-02,2.217258201009220941e-01,1.003122293889677774e+00,6.921259251420495973e-02,2.698483864487041251e-01,1.038614666122278596e+00
2.094999999999999929e+01,6.867208496403251483e-02,2.215524172684992243e-01,1.002712278417311476e+00,6.913398467527069602e-02,2.696749836162812830e-01,1.038204650649912519e+00
2.100000000000000000e+01,6.859347712509827888e-02,2.213790144360763823e-01,1.002302262944944955e+00,6.905537683633646007e-02,2.695015807838584410e-01,1.037794635177545999e+00
2.105000000000000071e+01,6.875578102435142558e-02,2.210251834540664928e-01,1.001766909981013809e+00,6.921768073558960677e-02,2.691477498018485237e-01,1.037259282213614853e+00
2.110000000000000142e+01,6.898463403624630064e-02,2.206215112590839689e-01,1.001196933968379277e+00,6.944653374748448182e-02,2.687440776068660275e-01,1.036689306200980099e+00
2.114999999999999858e+01,6.921348704814117569e-02,2.202178390641014727e-01,1.000626957955745189e+00,6.967538675937935688e-02,2.683404054118835314e-01,1.036119330188346233e+00
2.119999999999999929e+01,6.942654948171467222e-02,2.198285965019389776e-01,1.000094138090538598e+00,6.988844919295285341e-02,2.679511628497210363e-01,1.035586510323139642e+00
2.125000000000000000e+01,6.960504299948061524e-02,2.194709434580283391e-01,9.996426608909414480e-01,7.006694271071879643e-02,2.675935098058104256e-01,1.035135033123542492e+00
2.130000000000000071e+01,6.978353651724658602e-02,2.191132904141177007e-01,9.991911836913442979e-01,7.024543622848476720e-02,2.672358567618997593e-01,1.034683555923945342e+00
2.135000000000000142e+01,6.996203003501250128e-02,2.187556373702070900e-01,9.987397064917470368e-01,7.042392974625068247e-02,2.668782037179891486e-01,1.034232078724347970e+00
2.139999999999999858e+01,7.010939671193086586e-02,2.184604924574140850e-01,9.983788577749792559e-01,7.057129642316904705e-02,2.665830588051961714e-01,1.033871230007580078e+00
2.144999999999999929e+01,7.025099092381006938e-02,2.181769396622826873e-01,9.980348160882357433e-01,7.071289063504825056e-02,2.662995060100647460e-01,1.033527188320836565e+00
2.150000000000000000e+01,7.039258513568924513e-02,2.178933868671513452e-01,9.976907744014921198e-01,7.085448484692742632e-02,2.660159532149334316e-01,1.033183146634093053e+00
2.155000000000000071e+01,7.038922471028632999e-02,2.177445687506379679e-01,9.974977308361414607e-01,7.085112442152451118e-02,2.658671350984200266e-01,1.032990103068742282e+00
2.160000000000000142e+01,7.014278966090697898e-02,2.178216873958296884e-01,9.975578962213074163e-01,7.060468937214516016e-02,2.659442537436117471e-01,1.033050268453908238e+00
2.164999999999999858e+01,6.989635461152768348e-02,2.178988060410214089e-01,9.976180616064733719e-01,7.035825432276586466e-02,2.660213723888034676e-01,1.033110433839074194e+00
2.169999999999999929e+01,6.964991956214836022e-02,2.179759246862131294e-01,9.976782269916393275e-01,7.011181927338654141e-02,2.660984910339951881e-01,1.033170599224240149e+00
2.175000000000000000e+01,6.940383707800365509e-02,2.180688371004945447e-01,9.977860389252753981e-01,6.986573678924183628e-02,2.661914034482766311e-01,1.033278411157876331e+00
2.180000000000000071e+01,6.915779221966231183e-02,2.181634350276724643e-01,9.978989357041730957e-01,6.961969193090049302e-02,2.662860013754545507e-01,1.033391307936774028e+00
2.185000000000000142e+01,6.891174736132096856e-02,2.182580329548503839e-01,9.980118324830709042e-01,6.937364707255914975e-02,2.663805993026324703e-01,1.033504204715671726e+00
2.189999999999999858e+01,6.874769724300061613e-02,2.183064541351991128e-01,9.980772990464705785e-01,6.920959695423879732e-02,2.664290204829811715e-01,1.033569671279071400e+00
2.194999999999999929e+01,6.869076538320534331e-02,2.182945498275540019e-01,9.980808025853604715e-01,6.915266509444352450e-02,2.664171161753360328e-01,1.033573174817961515e+00
2.200000000000000000e+01,6.863383352341004273e-02,2.182826455199089188e-01,9.980843061242502534e-01,6.909573323464822392e-02,2.664052118676909497e-01,1.033576678356851186e+00
2.205000000000000071e+01,6.857690166361474216e-02,2.182707412122638080e-01,9.980878096631400354e-01,6.903880137485292334e-02,2.663933075600458666e-01,1.033580181895740857e+00
2.210000000000000142e+01,6.875981124338517714e-02,2.180440889870608467e-01,9.979214844449668664e-01,6.922171095462335833e-02,2.661666553348429054e-01,1.033413856677567910e+00
2.214999999999999858e+01,6.895178601721557721e-02,2.178093200179367639e-01,9.977487402749956047e-01,6.941368572845375839e-02,2.659318863657188503e-01,1.033241112507596426e+00
2.219999999999999929e+01,6.914376079104597728e-02,2.175745510488126533e-01,9.975759961050244540e-01,6.960566050228415846e-02,2.656971173965947397e-01,1.033068368337625387e+00
2.225000000000000000e+01,6.930806578791165462e-02,2.173698115456670077e-01,9.974388682888331026e-01,6.976996549914983581e-02,2.654923778934490386e-01,1.032931240521433924e+00
2.230000000000000071e+01,6.944398171731475111e-02,2.171958821403625617e-01,9.973382826923898881e-01,6.990588142855293230e-02,2.653184484881446203e-01,1.032830654924990821e+00
2.235000000000000142e+01,6.957989764671781985e-02,2.170219527350581434e-01,9.972376970959466735e-01,7.004179735795600104e-02,2.651445190828402021e-01,1.032730069328547717e+00
2.239999999999999858e+01,6.971941055489513928e-02,2.168452012343279334e-01,9.971328005347243062e-01,7.018131026613332046e-02,2.649677675821099920e-01,1.032625172767325239e+00
2.244999999999999929e+01,7.000781147555143469e-02,2.165516360948910313e-01,9.968494622817017925e-01,7.046971118678961588e-02,2.646742024426730899e-01,1.032341834514302725e+00
2.250000000000000000e+01,7.029621239620773010e-02,2.162580709554541569e-01,9.965661240286792788e-01,7.075811210744591129e-02,2.643806373032362433e-01,1.032058496261280212e+00
2.255000000000000071e+01,7.058461331686399776e-02,2.159645058160172826e-01,9.962827857756567651e-01,7.104651302810217894e-02,2.640870721637993412e-01,1.031775158008257698e+00
2.260000000000000142e+01,7.077150505354437571e-02,2.157570538041785335e-01,9.960531250041920748e-01,7.123340476478255689e-02,2.638796201519605922e-01,1.031545497236793008e+00
2.264999999999999858e+01,7.087654189922221182e-02,2.156190416242579344e-01,9.958667486354790821e-01,7.133844161046039301e-02,2.637416079720399931e-01,1.031359120868080126e+00
2.269999999999999929e+01,7.098157874490007568e-02,2.154810294443373631e-01,9.956803722667662004e-01,7.144347845613825687e-02,2.636035957921194495e-01,1.031172744499367244e+00
2.275000000000000000e+01,7.106862572786623589e-02,2.153562613743422727e-01,9.955046195027232869e-01,7.153052543910441707e-02,2.634788277221243313e-01,1.030996991735324109e+00
2.280000000000000071e+01,7.095846817784762228e-02,2.153766749855262064e-01,9.954453224910758680e-01,7.142036788908580347e-02,2.634992413333082650e-01,1.030937694723676801e+00
2.285000000000000142e+01,7.084831062782900868e-02,2.153970885967100846e-01,9.953860254794285600e-01,7.131021033906718987e-02,2.635196549444921432e-01,1.030878397712029493e+00
2.289999999999999858e+01,7.073815307781039508e-02,2.154175022078939905e-01,9.953267284677812521e-01,7.120005278904857626e-02,2.635400685556760214e-01,1.030819100700382185e+00
2.294999999999999929e+01,7.066237918887136038e-02,2.153852704066555879e-01,9.951849751996543203e-01,7.112427890010954157e-02,2.635078367544376743e-01,1.030677347432255253e+00
2.300000000000000000e+01,7.060825734066031312e-02,2.153198867949898121e-01,9.949912976696101419e-01,7.107015705189849430e-02,2.634424531427718708e-01,1.030483669902211075e+00
2.305000000000000071e+01,7.055413549244929361e-02,2.152545031833240086e-01,9.947976201395658524e-01,7.101603520368747480e-02,2.633770695311060672e-01,1.030289992372166896e+00
2.310000000000000142e+01,7.050691536581635277e-02,2.151750452430415406e-01,9.945880289376076711e-01,7.096881507705453396e-02,2.632976115908235992e-01,1.030080401170208493e+00
2.314999999999999858e+01,7.050085319602725220e-02,2.150116559816745432e-01,9.942835376133465353e-01,7.096275290726543339e-02,2.631342223294566018e-01,1.029775909845947357e+00
2.319999999999999929e+01,7.049479102623815163e-02,2.148482667203075458e-01,9.939790462890853995e-01,7.095669073747633282e-02,2.629708330680896045e-01,1.029471418521686221e+00
2.325000000000000000e+01,7.048872885644905106e-02,2.146848774589404929e-01,9.936745549648243747e-01,7.095062856768723225e-02,2.628074438067225516e-01,1.029166927197425307e+00
2.330000000000000071e+01,7.048835251979246319e-02,2.145055376199654085e-01,9.933935940025131472e-01,7.095025223103064438e-02,2.626281039677474949e-01,1.028885966235113969e+00
2.335000000000000142e+01,7.049073116478721257e-02,2.143184691777031692e-01,9.931240343096218171e-01,7.095263087602539376e-02,2.624410355254852556e-01,1.028616406542222750e+00
2.339999999999999858e+01,7.049310980978193419e-02,2.141314007354409299e-01,9.928544746167305979e-01,7.095500952102011538e-02,2.622539670832230163e-01,1.028346846849331531e+00
2.344999999999999929e+01,7.049721791643259738e-02,2.139396320619792458e-01,9.925894317090139252e-01,7.095911762767077857e-02,2.620621984097613044e-01,1.028081803941614858e+00
2.350000000000000000e+01,7.050809028430227166e-02,2.137294798692800646e-01,9.923420548274189956e-01,7.096998999554045284e-02,2.618520462170621510e-01,1.027834427060019928e+00
2.355000000000000071e+01,7.051896265217191817e-02,2.135193276765808834e-01,9.920946779458240661e-01,7.098086236341009936e-02,2.616418940243629421e-01,1.027587050178424999e+00
2.360000000000000142e+01,7.052983502004156469e-02,2.133091754838817300e-01,9.918473010642292476e-01,7.099173473127974587e-02,2.614317418316637887e-01,1.027339673296830291e+00
2.364999999999999858e+01,7.054347642982264355e-02,2.131049280316931471e-01,9.916318250240618859e-01,7.100537614106082474e-02,2.612274943794752335e-01,1.027124197256662708e+00
2.369999999999999929e+01,7.055812328326727112e-02,2.129028246004767699e-01,9.914279322317831600e-01,7.102002299450545231e-02,2.610253909482588286e-01,1.026920304464383982e+00
2.375000000000000000e+01,7.057277013671189869e-02,2.127007211692604205e-01,9.912240394395044341e-01,7.103466984795007988e-02,2.608232875170424792e-01,1.026716411672105256e+00
2.380000000000000071e+01,7.058764536055692207e-02,2.125017139873225103e-01,9.910228322533511935e-01,7.104954507179510326e-02,2.606242803351045412e-01,1.026515204485952015e+00
2.385000000000000142e+01,7.060315848201881295e-02,2.123113554307420603e-01,9.908291266599793534e-01,7.106505819325699413e-02,2.604339217785240912e-01,1.026321498892580397e+00
2.389999999999999858e+01,7.061867160348070382e-02,2.121209968741616658e-01,9.906354210666076243e-01,7.108057131471888501e-02,2.602435632219437522e-01,1.026127793299208557e+00
2.394999999999999929e+01,7.063418472494259470e-02,2.119306383175812158e-01,9.904417154732357842e-01,7.109608443618077589e-02,2.600532046653633023e-01,1.025934087705836717e+00
2.400000000000000000e+01,7.066670735192259745e-02,2.117604373988735134e-01,9.901936964540323238e-01,7.112860706316077863e-02,2.598830037466555720e-01,1.025686068686633146e+00
2.405000000000000071e+01,7.070365300826295107e-02,2.115954781271996987e-01,9.899315541625880455e-01,7.116555271950113226e-02,2.597180444749817574e-01,1.025423926395188978e+00
2.410000000000000142e+01,7.074059866460330470e-02,2.114305188555258563e-01,9.896694118711437671e-01,7.120249837584148589e-02,2.595530852033078872e-01,1.025161784103744811e+00
2.414999999999999858e+01,7.077527535860644869e-02,2.112983091031838678e-01,9.894128445062743138e-01,7.123717506984462988e-02,2.594208754509659265e-01,1.024905216738875247e+00
2.419999999999999929e+01,7.080521014014823367e-02,2.112345426878146637e-01,9.891679282002886486e-01,7.126710985138641485e-02,2.593571090355967224e-01,1.024660300432889581e+00
2.425000000000000000e+01,7.083514492169004639e-02,2.111707762724454318e-01,9.889230118943030945e-01,7.129704463292822758e-02,2.592933426202275182e-01,1.024415384126903916e+00
2.430000000000000071e+01,7.086507970323185912e-02,2.111070098570762277e-01,9.886780955883175404e-01,7.132697941447004031e-02,2.592295762048583141e-01,1.024170467820918473e+00
2.435000000000000142e+01,7.088084467465755045e-02,2.111204039413266675e-01,9.885351548616477801e-01,7.134274438589573164e-02,2.592429702891086984e-01,1.024027527094248713e+00
2.439999999999999858e+01,7.089418016093332331e-02,2.111470275809807229e-01,9.884096983604951925e-01,7.135607987217150450e-02,2.592695939287628093e-01,1.023902070593096125e+00
2.444999999999999929e+01,7.090751564720906841e-02,2.111736512206347782e-01,9.882842418593427158e-01,7.136941535844724960e-02,2.592962175684168091e-01,1.023776614091943760e+00
2.450000000000000000e+01,7.095208400615096722e-02,2.111995288285281325e-01,9.881738873890423269e-01,7.141398371738914841e-02,2.593220951763102189e-01,1.023666259621643260e+00
2.455000000000000071e+01,7.104683061091529583e-02,2.112242078734369033e-01,9.880877956058348177e-01,7.150873032215347702e-02,2.593467742212189897e-01,1.023580167838435750e+00
2.460000000000000142e+01,7.114157721567962445e-02,2.112488869183456741e-01,9.880017038226274195e-01,7.160347692691780563e-02,2.593714532661277605e-01,1.023494076055228241e+00
2.464999999999999858e+01,7.123632382044392530e-02,2.112735659632544449e-01,9.879156120394199103e-01,7.169822353168210649e-02,2.593961323110365313e-01,1.023407984272020954e+00
2.469999999999999929e+01,7.129930154534530606e-02,2.113758411007337079e-01,9.879639797410471047e-01,7.176120125658348725e-02,2.594984074485157666e-01,1.023456351973647926e+00
2.475000000000000000e+01,7.135927669931749207e-02,2.114854500747467003e-01,9.880250556068292944e-01,7.182117641055567325e-02,2.596080164225287312e-01,1.023517427839430116e+00
2.480000000000000071e+01,7.141925185328965031e-02,2.115950590487596650e-01,9.880861314726113731e-01,7.188115156452783150e-02,2.597176253965417514e-01,1.023578503705212306e+00
2.485000000000000142e+01,7.149096703152149623e-02,2.116801063952949147e-01,9.881145381823112084e-01,7.195286674275967742e-02,2.598026727430770011e-01,1.023606910414912141e+00
2.489999999999999858e+01,7.157740436570417253e-02,2.117343531146648472e-01,9.881019773096628711e-01,7.203930407694235372e-02,2.598569194624469336e-01,1.023594349542263693e+00
2.494999999999999929e+01,7.166384169988687658e-02,2.117885998340347797e-01,9.880894164370145338e-01,7.212574141112505777e-02,2.599111661818168661e-01,1.023581788669615467e+00
2.500000000000000000e+01,7.175027903406958063e-02,2.118428465534047123e-01,9.880768555643661966e-01,7.221217874530776182e-02,2.599654129011867987e-01,1.023569227796967240e+00
2.505000000000000071e+01,7.186195695695307695e-02,2.118194492189389988e-01,9.879305640010502820e-01,7.232385666819125813e-02,2.599420155667210297e-01,1.023422936233651104e+00
2.510000000000000142e+01,7.197431776876517251e-02,2.117939512098270527e-01,9.877806543284595175e-01,7.243621748000335370e-02,2.599165175576091391e-01,1.023273026561060561e+00
2.514999999999999858e+01,7.208667858057729583e-02,2.117684532007151066e-01,9.876307446558688641e-01,7.254857829181547701e-02,2.598910195484971375e-01,1.023123116888469797e+00
2.519999999999999929e+01,7.216712272093137037e-02,2.117589414700887240e-01,9.874664804686015263e-01,7.262902243216955156e-02,2.598815078178707827e-01,1.022958852701202570e+00
2.525000000000000000e+01,7.221611431531774206e-02,2.117651835488650880e-01,9.872880705069759788e-01,7.267801402655592324e-02,2.598877498966471467e-01,1.022780442739577023e+00
2.530000000000000071e+01,7.226510590970411374e-02,2.117714256276414242e-01,9.871096605453503203e-01,7.272700562094229493e-02,2.598939919754235106e-01,1.022602032777951253e+00
2.535000000000000142e+01,7.231297503780101388e-02,2.117783382615845422e-01,9.869338543236201300e-01,7.277487474903919507e-02,2.599009046093666009e-01,1.022426226556221174e+00
2.539999999999999858e+01,7.232862601954531678e-02,2.118044978383562815e-01,9.868327832398614552e-01,7.279052573078349797e-02,2.599270641861383124e-01,1.022325155472462388e+00
2.544999999999999929e+01,7.234427700128961969e-02,2.118306574151280208e-01,9.867317121561028914e-01,7.280617671252780088e-02,2.599532237629100795e-01,1.022224084388703824e+00
2.550000000000000000e+01,7.235992798303392259e-02,2.118568169918997601e-01,9.866306410723443276e-01,7.282182769427210378e-02,2.599793833396818465e-01,1.022123013304945260e+00
2.555000000000000071e+01,7.241968225168604611e-02,2.118570533147932922e-01,9.865463954028169669e-01,7.288158196292422730e-02,2.599796196625753231e-01,1.022038767635417900e+00
2.560000000000000142e+01,7.251357616468076528e-02,2.118372228642180777e-01,9.864751740155608406e-01,7.297547587591894647e-02,2.599597892120001363e-01,1.021967546248161884e+00
2.564999999999999858e+01,7.260747007767548444e-02,2.118173924136428909e-01,9.864039526283046033e-01,7.306936978891366563e-02,2.599399587614249496e-01,1.021896324860905647e+00
2.569999999999999929e+01,7.269715034352269845e-02,2.118041749857090816e-01,9.863388880554940785e-01,7.315905005476087963e-02,2.599267413334911403e-01,1.021831260288095011e+00
2.575000000000000000e+01,7.274606306776645881e-02,2.118549393451008012e-01,9.863333914009900782e-01,7.320796277900464000e-02,2.599775056928828598e-01,1.021825763633591011e+00
2.580000000000000071e+01,7.279497579201024693e-02,2.119057037044925207e-01,9.863278947464861890e-01,7.325687550324842812e-02,2.600282700522745793e-01,1.021820266979087233e+00
2.585000000000000142e+01,7.284388851625400729e-02,2.119564680638842402e-01,9.863223980919821887e-01,7.330578822749218848e-02,2.600790344116662989e-01,1.021814770324583233e+00
2.589999999999999858e+01,7.286508919491399561e-02,2.120050672982525530e-01,9.863112738337694863e-01,7.332698890615217679e-02,2.601276336460346394e-01,1.021803646066370419e+00
2.594999999999999929e+01,7.286956882665360236e-02,2.120523601275416947e-01,9.862967539609899248e-01,7.333146853789178354e-02,2.601749264753237534e-01,1.021789126193590747e+00
2.600000000000000000e+01,7.287404845839318135e-02,2.120996529568308364e-01,9.862822340882102523e-01,7.333594816963136254e-02,2.602222193046128673e-01,1.021774606320811074e+00
2.605000000000000071e+01,7.288361173930132941e-02,2.121285188985370940e-01,9.862536862057719178e-01,7.334551145053951060e-02,2.602510852463191249e-01,1.021746058438372851e+00
2.610000000000000142e+01,7.292116976431198272e-02,2.120559112756078279e-01,9.861478885903868230e-01,7.338306947555016391e-02,2.601784776233898588e-01,1.021640260822987756e+00
2.614999999999999858e+01,7.295872778932263603e-02,2.119833036526785619e-01,9.860420909750017282e-01,7.342062750056081721e-02,2.601058700004605928e-01,1.021534463207602661e+00
2.619999999999999929e+01,7.299628581433328933e-02,2.119106960297492681e-01,9.859362933596166334e-01,7.345818552557147052e-02,2.600332623775313268e-01,1.021428665592217566e+00
2.625000000000000000e+01,7.300091084770582439e-02,2.118355778051491667e-01,9.857951928809257636e-01,7.346281055894400558e-02,2.599581441529312253e-01,1.021287565113526696e+00
2.630000000000000071e+01,7.299029935424466986e-02,2.117592980447206008e-01,9.856377594486430693e-01,7.345219906548285105e-02,2.598818643925026595e-01,1.021130131681244002e+00
2.635000000000000142e+01,7.297968786078354309e-02,2.116830182842920349e-01,9.854803260163603751e-01,7.344158757202172427e-02,2.598055846320740936e-01,1.020972698248961308e+00
2.639999999999999858e+01,7.294801088249985854e-02,2.116260501516641634e-01,9.853456226656036598e-01,7.340991059373803973e-02,2.597486164994462499e-01,1.020837994898204482e+00
2.644999999999999929e+01,7.283882159342419671e-02,2.116401408581086441e-01,9.852945566561385204e-01,7.330072130466237790e-02,2.597627072058906750e-01,1.020786928888739453e+00
2.650000000000000000e+01,7.272963230434853488e-02,2.116542315645531247e-01,9.852434906466733811e-01,7.319153201558671606e-02,2.597767979123352111e-01,1.020735862879274425e+00
2.655000000000000071e+01,7.262044301527284529e-02,2.116683222709976053e-01,9.851924246372081306e-01,7.308234272651102648e-02,2.597908886187796362e-01,1.020684796869808952e+00
2.660000000000000142e+01,7.258626513660393353e-02,2.115909808710152995e-01,9.850737107679404803e-01,7.304816484784211472e-02,2.597135472187973582e-01,1.020566083000541413e+00
2.664999999999999858e+01,7.257793849908189543e-02,2.114821291525495750e-01,9.849316833637407065e-01,7.303983821032007662e-02,2.596046955003316059e-01,1.020424055596341528e+00
2.669999999999999929e+01,7.256961186155988508e-02,2.113732774340838505e-01,9.847896559595409327e-01,7.303151157279806627e-02,2.594958437818659092e-01,1.020282028192141865e+00
2.675000000000000000e+01,7.255640797141041376e-02,2.112728509741345073e-01,9.846486486647662018e-01,7.301830768264859495e-02,2.593954173219165660e-01,1.020141020897367135e+00
2.680000000000000071e+01,7.253026183560201678e-02,2.111947817250554860e-01,9.845103483256868460e-01,7.299216154684019797e-02,2.593173480728375724e-01,1.020002720558287779e+00
2.685000000000000142e+01,7.250411569979364756e-02,2.111167124759764369e-01,9.843720479866076012e-01,7.296601541103182875e-02,2.592392788237585233e-01,1.019864420219208423e+00
2.689999999999999858e+01,7.247796956398525059e-02,2.110386432268974155e-01,9.842337476475282454e-01,7.293986927522343178e-02,2.591612095746794742e-01,1.019726119880129289e+00
2.694999999999999929e+01,7.244335530909706833e-02,2.110170775090550177e-01,9.841305039682740619e-01,7.290525502033524952e-02,2.591396438568370764e-01,1.019622876200874995e+00
2.700000000000000000e+01,7.240667285634974637e-02,2.110093118430584891e-01,9.840358222976685054e-01,7.286857256758792756e-02,2.591318781908405477e-01,1.019528194530269438e+00
2.705000000000000071e+01,7.236999040360242441e-02,2.110015461770619605e-01,9.839411406270630600e-01,7.283189011484060560e-02,2.591241125248440191e-01,1.019433512859663882e+00
2.710000000000000142e+01,7.236135086330422461e-02,2.109860677866310930e-01,9.838230171654703815e-01,7.282325057454240580e-02,2.591086341344131516e-01,1.019315389398071314e+00
2.714999999999999858e+01,7.240870161927767668e-02,2.109551902208497975e-01,9.836580899767366493e-01,7.287060133051585786e-02,2.590777565686318562e-01,1.019150462209337693e+00
2.719999999999999929e+01,7.245605237525112874e-02,2.109243126550685021e-01,9.834931627880030280e-01,7.291795208648930993e-02,2.590468790028505608e-01,1.018985535020604072e+00
2.725000000000000000e+01,7.250340313122460856e-02,2.108934350892872067e-01,9.833282355992692958e-01,7.296530284246278975e-02,2.590160014370692654e-01,1.018820607831870229e+00
2.730000000000000071e+01,7.258647045322333402e-02,2.108402881937294082e-01,9.831052637567999630e-01,7.304837016446151521e-02,2.589628545415114669e-01,1.018597635989400896e+00
2.735000000000000142e+01,7.267517338025197837e-02,2.107836274904104634e-01,9.828731332303092261e-01,7.313707309149015956e-02,2.589061938381925221e-01,1.018365505462910159e+00
2.739999999999999858e+01,7.276387630728062272e-02,2.107269667870915186e-01,9.826410027038184891e-01,7.322577601851880391e-02,2.588495331348735773e-01,1.018133374936419422e+00
2.744999999999999929e+01,7.282237015592943341e-02,2.107099195573266526e-01,9.824431562291142672e-01,7.328426986716761460e-02,2.588324859051087112e-01,1.017935528461715311e+00
2.750000000000000000e+01,7.283434603926663975e-02,2.107538718114085885e-01,9.822981026371221391e-01,7.329624575050482094e-02,2.588764381591906472e-01,1.017790474869723072e+00
2.755000000000000071e+01,7.284632192260384609e-02,2.107978240654905799e-01,9.821530490451299000e-01,7.330822163384202728e-02,2.589203904132726386e-01,1.017645421277730833e+00
2.760000000000000142e+01,7.285829780594105243e-02,2.108417763195725159e-01,9.820079954531376609e-01,7.332019751717923362e-02,2.589643426673545745e-01,1.017500367685738594e+00
2.764999999999999858e+01,7.289202283454271347e-02,2.108116692727360075e-01,9.817924111787146302e-01,7.335392254578089466e-02,2.589342356205180939e-01,1.017284783411315452e+00
2.769999999999999929e+01,7.292754373701679227e-02,2.107754469895575244e-01,9.815710030335950131e-01,7.338944344825497346e-02,2.588980133373395831e-01,1.017063375266195946e+00
2.775000000000000000e+01,7.296306463949089882e-02,2.107392247063790414e-01,9.813495948884753961e-01,7.342496435072908001e-02,2.588617910541610723e-01,1.016841967121076440e+00
2.780000000000000071e+01,7.298822179704061996e-02,2.107068975069491257e-01,9.811537354534091149e-01,7.345012150827880115e-02,2.588294638547311566e-01,1.016646107686010048e+00
2.785000000000000142e+01,7.300090150956051183e-02,2.106792597989833871e-01,9.809886354231330818e-01,7.346280122079869301e-02,2.588018261467654457e-01,1.016481007655734015e+00
2.789999999999999858e+01,7.301358122208040369e-02,2.106516220910176485e-01,9.808235353928571598e-01,7.347548093331858488e-02,2.587741884387997349e-01,1.016315907625457982e+00
2.794999999999999929e+01,7.302626093460029555e-02,2.106239843830519098e-01,9.806584353625811268e-01,7.348816064583847674e-02,2.587465507308339685e-01,1.016150807595181949e+00
2.800000000000000000e+01,7.303767639263039624e-02,2.106412963656765225e-01,9.805761513396389351e-01,7.349957610386857743e-02,2.587638627134585811e-01,1.016068523572239979e+00
2.805000000000000071e+01,7.304907094767670861e-02,2.106593515393764826e-01,9.804952365834644912e-01,7.351097065891488980e-02,2.587819178871585413e-01,1.015987608816065535e+00
2.810000000000000142e+01,7.306046550272299323e-02,2.106774067130764150e-01,9.804143218272899363e-01,7.352236521396117441e-02,2.587999730608584459e-01,1.015906694059890869e+00
2.814999999999999858e+01,7.306241829263168674e-02,2.107720284040690006e-01,9.803518353075936220e-01,7.352431800386986793e-02,2.588945947518510593e-01,1.015844207540194555e+00
2.819999999999999929e+01,7.305543434550729187e-02,2.109391211659482623e-01,9.803067913212569762e-01,7.351733405674547306e-02,2.590616875137303210e-01,1.015799163553857909e+00
2.825000000000000000e+01,7.304845039838289700e-02,2.111062139278275240e-01,9.802617473349203303e-01,7.351035010962107819e-02,2.592287802756095827e-01,1.015754119567521263e+00
2.830000000000000071e+01,7.303988208014294825e-02,2.112743284701114610e-01,9.802204708628983187e-01,7.350178179138112944e-02,2.593968948178935197e-01,1.015712843095499363e+00
2.835000000000000142e+01,7.299667913906474070e-02,2.114647793063308412e-01,9.802615528964310210e-01,7.345857885030292189e-02,2.595873456541128999e-01,1.015753925129031954e+00
2.839999999999999858e+01,7.295347619798653316e-02,2.116552301425502214e-01,9.803026349299637232e-01,7.341537590922471435e-02,2.597777964903322800e-01,1.015795007162564545e+00
2.844999999999999929e+01,7.291027325690832561e-02,2.118456809787696293e-01,9.803437169634963144e-01,7.337217296814650680e-02,2.599682473265516602e-01,1.015836089196097358e+00
2.850000000000000000e+01,7.282759718973405572e-02,2.120538989901275539e-01,9.804395684171522962e-01,7.328949690097223690e-02,2.601764653379096126e-01,1.015931940649753340e+00
2.855000000000000071e+01,7.271559562411913924e-02,2.122753166468733521e-01,9.805761093399045780e-01,7.317749533535732043e-02,2.603978829946553830e-01,1.016068481572505622e+00
2.860000000000000142e+01,7.260359405850422276e-02,2.124967343036191503e-01,9.807126502626569708e-01,7.306549376974240395e-02,2.606193006514012089e-01,1.016205022495257904e+00
2.864999999999999858e+01,7.249430928965752696e-02,2.127085816190598666e-01,9.808457155509729963e-01,7.295620900089570815e-02,2.608311479668419253e-01,1.016338087783573929e+00
2.869999999999999929e+01,7.240849287621578534e-02,2.128377579840182721e-01,9.809487574583864999e-01,7.287039258745396653e-02,2.609603243318003307e-01,1.016441129690987433e+00
2.875000000000000000e+01,7.232267646277407147e-02,2.129669343489766775e-01,9.810517993657998925e-01,7.278457617401225266e-02,2.610895006967587362e-01,1.016544171598400936e+00
2.880000000000000071e+01,7.223686004933235760e-02,2.130961107139350552e-01,9.811548412732133961e-01,7.269875976057053879e-02,2.612186770617170861e-01,1.016647213505814218e+00
2.885000000000000142e+01,7.218373649908055301e-02,2.131499420561804026e-01,9.812201790645919131e-01,7.264563621031873419e-02,2.612725084039624335e-01,1.016712551297192846e+00
2.889999999999999858e+01,7.214950581497009408e-02,2.131602322922135639e-01,9.812637280388487593e-01,7.261140552620827526e-02,2.612827986399955948e-01,1.016756100271449803e+00
2.894999999999999929e+01,7.211527513085960739e-02,2.131705225282466976e-01,9.813072770131056055e-01,7.257717484209778858e-02,2.612930888760287562e-01,1.016799649245706538e+00
2.900000000000000000e+01,7.209154369239267890e-02,2.131618044288022817e-01,9.813411685560946562e-01,7.255344340363086009e-02,2.612843707765843404e-01,1.016833540788695700e+00
2.905000000000000071e+01,7.212142566165255508e-02,2.130560220568596119e-01,9.813257453370779482e-01,7.258332537289073627e-02,2.611785884046416983e-01,1.016818117569678881e+00
2.910000000000000142e+01,7.215130763091243127e-02,2.129502396849169421e-01,9.813103221180612401e-01,7.261320734215061246e-02,2.610728060326990008e-01,1.016802694350662062e+00
2.914999999999999858e+01,7.218118960017230745e-02,2.128444573129743000e-01,9.812948988990444210e-01,7.264308931141048864e-02,2.609670236607563587e-01,1.016787271131645465e+00
2.919999999999999929e+01,7.223625426467725208e-02,2.127819592179019670e-01,9.812513363620486428e-01,7.269815397591543327e-02,2.609045255656839979e-01,1.016743708594649576e+00
2.925000000000000000e+01,7.230243472395167514e-02,2.127385670657699623e-01,9.811953529590350387e-01,7.276433443518985633e-02,2.608611334135519932e-01,1.016687725191635971e+00
2.930000000000000071e+01,7.236861518322609821e-02,2.126951749136379577e-01,9.811393695560214345e-01,7.283051489446427940e-02,2.608177412614199886e-01,1.016631741788622367e+00
2.935000000000000142e+01,7.244901864684152870e-02,2.126408849436613735e-01,9.810768457699403644e-01,7.291091835807970989e-02,2.607634512914434044e-01,1.016569218002541408e+00
2.939999999999999858e+01,7.257875947496594815e-02,2.125487921580165585e-01,9.809916344239255626e-01,7.304065918620412934e-02,2.606713585057985894e-01,1.016484006656526606e+00
2.944999999999999929e+01,7.270850030309039536e-02,2.124566993723717434e-01,9.809064230779107607e-01,7.317040001432857654e-02,2.605792657201537743e-01,1.016398795310511805e+00
2.950000000000000000e+01,7.283824113121484256e-02,2.123646065867269284e-01,9.808212117318959589e-01,7.330014084245302375e-02,2.604871729345089593e-01,1.016313583964497003e+00
2.955000000000000071e+01,7.285191480103198058e-02,2.123693276365154481e-01,9.808315292974889577e-01,7.331381451227016177e-02,2.604918939842975067e-01,1.016323901530090001e+00
2.960000000000000142e+01,7.282767469068746058e-02,2.124056732950801163e-01,9.808730517465873433e-01,7.328957440192564177e-02,2.605282396428622027e-01,1.016365423979188165e+00
2.964999999999999858e+01,7.280343458034294057e-02,2.124420189536447567e-01,9.809145741956856179e-01,7.326533429158112176e-02,2.605645853014267876e-01,1.016406946428286551e+00
2.969999999999999929e+01,7.279582435217388237e-02,2.124625994039408550e-01,9.809333507148840781e-01,7.325772406341206355e-02,2.605851657517229136e-01,1.016425722947484900e+00
2.975000000000000000e+01,7.283018541405117396e-02,2.124433908694504380e-01,9.808947199709926457e-01,7.329208512528935515e-02,2.605659572172325245e-01,1.016387092203593578e+00
2.980000000000000071e+01,7.286454647592846556e-02,2.124241823349600211e-01,9.808560892271011022e-01,7.332644618716664675e-02,2.605467486827420798e-01,1.016348461459702035e+00
2.985000000000000142e+01,7.289890753780575716e-02,2.124049738004696042e-01,9.808174584832096699e-01,7.336080724904393835e-02,2.605275401482516351e-01,1.016309830715810492e+00
2.989999999999999858e+01,7.290952177539511414e-02,2.124026961196897878e-01,9.807881566192743206e-01,7.337142148663329533e-02,2.605252624674718742e-01,1.016280528851875253e+00
2.994999999999999929e+01,7.291470213675912970e-02,2.124042926480394500e-01,9.807609894398925388e-01,7.337660184799731089e-02,2.605268589958215086e-01,1.016253361672493583e+00
3.000000000000000000e+01,7.291988249812314526e-02,2.124058891763890844e-01,9.807338222605107569e-01,7.338178220936132645e-02,2.605284555241711431e-01,1.016226194493111690e+00
3.005000000000000071e+01,7.292286178696069654e-02,2.123993014144238967e-01,9.807060976894288462e-01,7.338476149819887773e-02,2.605218677622059831e-01,1.016198469922029890e+00
3.010000000000000142e+01,7.292163977016591359e-02,2.123770918569097277e-01,9.806773091948004506e-01,7.338353948140409477e-02,2.604996582046917863e-01,1.016169681427401272e+00
3.014999999999999858e+01,7.292041775337113063e-02,2.123548822993955310e-01,9.806485207001720550e-01,7.338231746460931182e-02,2.604774486471775896e-01,1.016140892932773099e+00
3.019999999999999929e+01,7.291919573657634768e-02,2.123326727418813620e-01,9.806197322055436594e-01,7.338109544781452886e-02,2.604552390896633929e-01,1.016112104438144481e+00
3.025000000000000000e+01,7.295199367070004381e-02,2.123130293902043553e-01,9.805866812949382005e-01,7.341389338193822500e-02,2.604355957379864139e-01,1.016079053527539244e+00
3.030000000000000071e+01,7.298970524174663854e-02,2.122937566858508207e-01,9.805530147466272606e-01,7.345160495298481973e-02,2.604163230336328794e-01,1.016045386979228304e+00
3.035000000000000142e+01,7.302741681279323327e-02,2.122744839814972861e-01,9.805193481983163206e-01,7.348931652403141446e-02,2.603970503292793448e-01,1.016011720430917364e+00
3.039999999999999858e+01,7.306662904461933006e-02,2.122524525242979465e-01,9.804867483182182486e-01,7.352852875585751125e-02,2.603750188720800329e-01,1.015979120550819292e+00
3.044999999999999929e+01,7.310805697189234897e-02,2.122263478240291601e-01,9.804557233522743775e-01,7.356995668313053016e-02,2.603489141718112188e-01,1.015948095584875421e+00
3.050000000000000000e+01,7.314948489916539565e-02,2.122002431237603737e-01,9.804246983863306175e-01,7.361138461040357683e-02,2.603228094715424046e-01,1.015917070618931550e+00
3.055000000000000071e+01,7.319091282643841456e-02,2.121741384234915873e-01,9.803936734203867465e-01,7.365281253767659575e-02,2.602967047712736459e-01,1.015886045652987679e+00
3.060000000000000142e+01,7.316352604347914346e-02,2.121991366101689813e-01,9.804117452096240415e-01,7.362542575471732464e-02,2.603217029579510400e-01,1.015904117442224974e+00
3.064999999999999858e+01,7.313126104869643873e-02,2.122277574337283756e-01,9.804332974228986419e-01,7.359316075993461992e-02,2.603503237815104621e-01,1.015925669655499686e+00
3.069999999999999929e+01,7.309899605391376176e-02,2.122563782572877700e-01,9.804548496361733534e-01,7.356089576515194295e-02,2.603789446050698286e-01,1.015947221868774175e+00
3.075000000000000000e+01,7.310788441541338223e-02,2.122761065292492755e-01,9.804486333555422206e-01,7.356978412665156342e-02,2.603986728770313341e-01,1.015941005588143042e+00
3.080000000000000071e+01,7.316434869797511231e-02,2.122855544408445427e-01,9.804103149137894935e-01,7.362624840921329350e-02,2.604081207886266291e-01,1.015902687146390537e+00
3.085000000000000142e+01,7.322081298053684240e-02,2.122950023524398100e-01,9.803719964720366553e-01,7.368271269177502358e-02,2.604175687002218686e-01,1.015864368704637588e+00
3.089999999999999858e+01,7.327727726309857248e-02,2.123044502640350772e-01,9.803336780302839282e-01,7.373917697433675367e-02,2.604270166118171081e-01,1.015826050262884861e+00
3.094999999999999929e+01,7.316289222132588144e-02,2.123272336388637438e-01,9.803810963892111152e-01,7.362479193256406262e-02,2.604497999866458025e-01,1.015873468621812048e+00
3.100000000000000000e+01,7.304744349336581011e-02,2.123501000385922544e-01,9.804290485345666939e-01,7.350934320460399130e-02,2.604726663863743408e-01,1.015921420767167627e+00
3.105000000000000071e+01,7.293199476540573878e-02,2.123729664383207927e-01,9.804770006799222726e-01,7.339389447664391997e-02,2.604955327861028236e-01,1.015969372912523205e+00
3.110000000000000142e+01,7.287702006820723222e-02,2.123838550243044299e-01,9.804998346662079367e-01,7.333891977944541340e-02,2.605064213720864608e-01,1.015992206898808980e+00
