time,object_x,object_y,object_z,object_rel_start_x,object_rel_start_y,object_rel_start_z,object_rel_goal_x,object_rel_goal_y,object_rel_goal_z,speed,phase,valid_measurement,valid_processed,goal_planar_distance,inside_goal_region,interpolated,outlier_rejected,rejection_reason,transport_progress,raw_object_x,raw_object_y,raw_object_z,goal_x,goal_y,goal_z
27.011666666666667,-0.4448094806003187,0.29384314200907097,-0.17810647664682222,0.006147428506308006,0.007625652658470705,0.0022330698379658953,-0.050884082700233646,0.2769497585136851,-0.079667375256811,0.11222313043183929,unclassified_motion,1,1,0.28158543750171583,0,0,0,,,-0.456748242208531,0.28515258771151697,-0.1827385992853315,-0.3939253979000851,0.016893383495385886,-0.09843910139001122
27.045,-0.4474389881906769,0.2913192420177523,-0.1772644633166387,0.0035179209159498237,0.005101752667152015,0.0030750831681494173,-0.05351359029059183,0.2744258585223664,-0.07882536192662748,0.09917243239076108,unclassified_motion,1,1,0.27959480712546714,0,0,0,,,-0.45288411943257034,0.28563179711052183,-0.1678337377421277,-0.3939253979000851,0.016893383495385886,-0.09843910139001122
27.078333333333337,-0.44457585044604125,0.2937619545651932,-0.17149960914397372,0.00638105866058547,0.007544465214592955,0.008839937340814397,-0.05065045254595618,0.27686857106980733,-0.0730605077539625,0.238848263996215,unclassified_motion,1,1,0.281463450539048,0,0,0,,,-0.4161779807433491,0.31607496589257544,-0.18049047411847668,-0.3939253979000851,0.016893383495385886,-0.09843910139001122
27.111666666666668,-0.4362622564274941,0.2997823884503458,-0.16971431906084858,0.014694652679132614,0.013564899099745564,0.010625227423939537,-0.04233685852740904,0.28288900495495994,-0.07127521767083736,0.1599668342814983,unclassified_motion,1,1,0.28603950551344687,0,0,0,,,-0.45357518769122385,0.28785698470118076,-0.1671409856689776,-0.3939253979000851,0.016893383495385886,-0.09843910139001122
27.14666666666667,-0.43630641760044303,0.29997925324628266,-0.17303304070165584,0.014650491506183694,0.0137617638956824,0.007306505783132272,-0.04238101970035796,0.2830858697508968,-0.07459393931164462,0.1659152360891164,unclassified_motion,1,1,0.2862407386859247,0,0,0,,,-0.4518494381067658,0.2871873932880717,-0.1671005858525651,-0.3939253979000851,0.016893383495385886,-0.09843910139001122
27.180000000000003,-0.4433539646391277,0.29355849262522854,-0.17525643397837382,0.00760294446749904,0.007341003274628277,0.0050831125064143,-0.04942856673904261,0.27666510912984266,-0.0768173325883626,0.19467252096687354,unclassified_motion,1,1,0.28104584291482365,0,0,0,,,-0.41348772695155883,0.3157927108109438,-0.17921846445385325,-0.3939253979000851,0.016893383495385886,-0.09843910139001122
27.213333333333335,-0.44225466286793386,0.2941305292278362,-0.18297505518078183,0.008702246238692868,0.007913039877235961,-0.0026355086959937157,-0.048329264967848784,0.27723714573245034,-0.08453595379077061,0.1713524310893757,unclassified_motion,1,1,0.2814181103379959,0,0,0,,,-0.45393515587875966,0.2864074679864849,-0.18310214817280873,-0.3939253979000851,0.016893383495385886,-0.09843910139001122
27.246666666666673,-0.44850195136109144,0.2895697847339943,-0.1846417783705022,0.00245495774553528,0.003352295383394044,-0.004302231885714075,-0.05457655346100637,0.2726764012386084,-0.08620267698049097,0.2915132306513923,unclassified_motion,1,1,0.2780845554505332,0,0,0,,,-0.45390536293962525,0.28426406659243775,-0.1846757976306072,-0.3939253979000851,0.016893383495385886,-0.09843910139001122
27.28,-0.4573459487979426,0.28272993923806106,-0.17850645761846232,-0.006389039691315879,-0.003487550112539206,0.0018330888663257994,-0.06342055089785753,0.2658365557426752,-0.0800673562284511,0.16251375931556525,unclassified_motion,1,1,0.27329698250313006,0,0,0,,,-0.4544317966970753,0.2857332345346323,-0.18474742028940686,-0.3939253979000851,0.016893383495385886,-0.09843910139001122
27.313333333333336,-0.45339064439238497,0.2856995708501088,-0.17578158020916587,-0.002433735285758243,-0.0005179185004914877,0.004557966275622244,-0.059465246492299895,0.2688061873547229,-0.07734247881915465,0.06924382842627719,unclassified_motion,1,1,0.27530507060454296,0,0,0,,,-0.4529208812190759,0.28588277609870777,-0.17076294207122517,-0.3939253979000851,0.016893383495385886,-0.09843910139001122
27.346666666666668,-0.45365521058819874,0.2855020776253413,-0.17844719074060877,-0.0026983014815720185,-0.0007154117252589631,0.0018923557441793415,-0.05972981268811367,0.2686086941299554,-0.08000808935059756,0.03339159216222593,unclassified_motion,1,1,0.2751695497070072,0,0,0,,,-0.45226261287391956,0.2861894380063489,-0.16904684813855175,-0.3939253979000851,0.016893383495385886,-0.09843910139001122
27.380000000000003,-0.4529361608289267,0.2852405987425222,-0.1779119177082532,-0.0019792517222999573,-0.0009768906080780404,0.002427628776534907,-0.05901076292884161,0.26834721524713634,-0.07947281631824199,0.046999261952623474,unclassified_motion,1,1,0.2747589817864684,0,0,0,,,-0.454666484714926,0.28494513512332,-0.18761941513775407,-0.3939253979000851,0.016893383495385886,-0.09843910139001122
27.413333333333334,-0.4529251403913539,0.2850675916251517,-0.1814630967178769,-0.0019682312847271732,-0.0011498977254485454,-0.0011235502330887714,-0.058999742491268825,0.26817420812976583,-0.08302399532786567,0.07200472677754449,unclassified_motion,1,1,0.27458764633548793,0,0,0,,,-0.4536271624627735,0.2839185746294288,-0.18868718131665646,-0.3939253979000851,0.016893383495385886,-0.09843910139001122
27.44666666666667,-0.45308839869667233,0.28536258629930245,-0.1827082671434529,-0.00213148959004561,-0.0008549030512978173,-0.00236872065866478,-0.05916300079658726,0.26846920280391656,-0.08426916575344168,0.026257428366962494,stationary_pre_pickup,1,1,0.27491084648923453,0,0,0,,,-0.4504846074847861,0.2865885987758747,-0.16859164211396638,-0.3939253979000851,0.016893383495385886,-0.09843910139001122
27.48,-0.4528816506748113,0.28605780302665385,-0.1829059492937703,-0.0019247415681845625,-0.00015968632394641746,-0.002566402808982182,-0.058956252774726214,0.26916441953126796,-0.08446684790375908,0.04312338972538836,unclassified_motion,1,1,0.27554550347055534,0,0,0,,,-0.45384877016730957,0.28557955181971256,-0.18607936139948716,-0.3939253979000851,0.016893383495385886,-0.09843910139001122
27.513333333333335,-0.45229426445192306,0.2870332760050603,-0.18050755034023117,-0.0013373553452963316,0.0008157866544600267,-0.00016800385544304963,-0.05836886655183798,0.2701398925096744,-0.08206844895021995,0.015589644978009897,stationary_pre_pickup,1,1,0.27637381588653565,0,0,0,,,-0.4536805644523966,0.2868772094768771,-0.18560216306158553,-0.3939253979000851,0.016893383495385886,-0.09843910139001122
27.546666666666667,-0.45204638579776507,0.28667041602819404,-0.18299081669444023,-0.0010894766911383469,0.000452926677593779,-0.0026512702096521124,-0.05812098789768,0.26977703253280816,-0.08455171530442901,0.05162318180585993,unclassified_motion,1,1,0.27596683952317547,0,0,0,,,-0.45195369864900653,0.2867913978142585,-0.18671908970151693,-0.3939253979000851,0.016893383495385886,-0.09843910139001122
27.580000000000005,-0.45168261497197165,0.2862812876286454,-0.18380976679368471,-0.0007257058653449278,6.379827804514626e-05,-0.003470220308896599,-0.05775721707188658,0.2693879041332595,-0.0853706654036735,0.027163002567350526,stationary_pre_pickup,1,1,0.2755099617385899,0,0,0,,,-0.44941368626435846,0.28743874788959495,-0.16883670422978123,-0.3939253979000851,0.016893383495385886,-0.09843910139001122
27.613333333333337,-0.45136988837598513,0.2857469494479027,-0.18158767756458288,-0.00041297926935840445,-0.0004705399026975754,-0.0012481310797947676,-0.057444490475900056,0.2688535659525168,-0.08314857617457166,0.025227666820622226,stationary_pre_pickup,1,1,0.2749220060515711,0,0,0,,,-0.4524198834480886,0.2844561293866261,-0.19012898364510103,-0.3939253979000851,0.016893383495385886,-0.09843910139001122
27.64666666666667,-0.4519735085293657,0.28546184449471346,-0.18237015064402862,-0.0010165994227389619,-0.0007556448558868056,-0.002030604159240501,-0.058048110629280614,0.2685684609993276,-0.0839310492540174,0.08368627753988885,unclassified_motion,1,1,0.2747700882395617,0,0,0,,,-0.45355201948356527,0.28514331918691704,-0.19115071599070252,-0.3939253979000851,0.016893383495385886,-0.09843910139001122
27.680000000000003,-0.45258076596054,0.28524697571772717,-0.18701077567091967,-0.0016238568539132525,-0.0009705136328730934,-0.006671229186131555,-0.058655368060454904,0.2683535922223413,-0.08857167428090845,0.03517347880282259,unclassified_motion,1,1,0.27468910182412054,0,0,0,,,-0.45040129674746937,0.2862759202914367,-0.17052009068934257,-0.3939253979000851,0.016893383495385886,-0.09843910139001122
27.713333333333335,-0.4518150822935848,0.28626157776788264,-0.18017154262934507,-0.0008581731869580778,4.4088417282373005e-05,0.00016800385544304963,-0.05788968439349973,0.26936819427249675,-0.08173244123933385,0.11039852263296089,unclassified_motion,1,1,0.2755184923826431,0,0,0,,,-0.45283481000655695,0.2857234525614161,-0.18899969651588813,-0.3939253979000851,0.016893383495385886,-0.09843910139001122
27.746666666666673,-0.450928120476972,0.2862194635040951,-0.17990506102486384,2.8788629654719067e-05,1.9741534948436446e-06,0.00043448545992427756,-0.05700272257688693,0.2693260800087092,-0.08146595963485262,0.04860099473844602,unclassified_motion,1,1,0.2752922951229024,0,0,0,,,-0.45159281497817966,0.2858003018561656,-0.18612365862547398,-0.3939253979000851,0.016893383495385886,-0.09843910139001122
27.78,-0.4507994187562969,0.28602076644038016,-0.1832388651123863,0.00015749035032980307,-0.00019672291022010402,-0.0028993186275981797,-0.05687402085621185,0.2691273829449943,-0.08479976372237508,0.07498582751061676,unclassified_motion,1,1,0.2750712680364389,0,0,0,,,-0.4500723458758807,0.2874186902034839,-0.16920066956389415,-0.3939253979000851,0.016893383495385886,-0.09843910139001122
27.813333333333336,-0.45098569773628144,0.28592731199381377,-0.18489523987142814,-2.8788629654719067e-05,-0.0002901773567864918,-0.004555693386640025,-0.05706029983619637,0.2690339284984279,-0.08645613848141692,0.02392701045333897,stationary_pre_pickup,1,1,0.27501842211149025,0,0,0,,,-0.44986247070833735,0.28490106854397335,-0.190027082828727,-0.3939253979000851,0.016893383495385886,-0.09843910139001122
27.846666666666668,-0.4505137787927826,0.28614307595082555,-0.1848034426174249,0.00044313031384413115,-7.441339977470873e-05,-0.004463896132636785,-0.05658838089269752,0.26924969245543967,-0.08636434122741368,0.057739135424770785,unclassified_motion,1,1,0.27513204418861475,0,0,0,,,-0.45139468676287986,0.28604528206447977,-0.18670080695383565,-0.3939253979000851,0.016893383495385886,-0.09843910139001122
27.880000000000003,-0.44982047770814193,0.28647577897664345,-0.18126779316185804,0.001136431398484794,0.0002582896260431844,-0.0009282466770699216,-0.05589507980805686,0.26958239548125756,-0.08282869177184682,0.1436399242675336,unclassified_motion,1,1,0.2753160509308569,0,0,0,,,-0.4521681190907022,0.2862286609360274,-0.1896771486714182,-0.3939253979000851,0.016893383495385886,-0.09843910139001122
27.913333333333334,-0.4493576577028223,0.28689541269400587,-0.17532731193264553,0.0015992514038044026,0.0006779233434056064,0.005012234552142586,-0.05543225980273725,0.27000202919862,-0.07688821054263431,0.05049751064414649,unclassified_motion,1,1,0.2756335088450071,0,0,0,,,-0.44637651026127256,0.2876288723996259,-0.16610071523318692,-0.3939253979000851,0.016893383495385886,-0.09843910139001122
27.94666666666667,-0.44911698250433596,0.2861841909609845,-0.1779885557573472,0.0018399266022907645,-3.3298389615743496e-05,0.0023509907274409103,-0.05519158460425089,0.26929080746559864,-0.07954945436733599,0.02287015179073017,stationary_pre_pickup,1,1,0.2748884319075692,0,0,0,,,-0.4486589649705326,0.28681642023051224,-0.1689577899260507,-0.3939253979000851,0.016893383495385886,-0.09843910139001122
27.98,-0.44833252845994603,0.2862155151971054,-0.17622813862575856,0.0026243806466806907,-1.9741534948436446e-06,0.004111407859029553,-0.05440713055986096,0.26932213170171954,-0.07778903723574734,0.055601909812162294,unclassified_motion,1,1,0.274762709405982,0,0,0,,,-0.45049679959685013,0.28498464037190224,-0.1882393982797974,-0.3939253979000851,0.016893383495385886,-0.09843910139001122
28.013333333333335,-0.44920382919650403,0.28579902379833255,-0.18167426133084044,0.0017530799101226902,-0.00041846555226771054,-0.0013347148460523262,-0.05527843129641896,0.26890564030294667,-0.08323515994082922,0.11120127537361607,unclassified_motion,1,1,0.2745285929613355,0,0,0,,,-0.4495183910497837,0.2850782787218487,-0.1887037688375066,-0.3939253979000851,0.016893383495385886,-0.09843910139001122
28.046666666666667,-0.4488925522524771,0.2855860002909764,-0.18359352090294362,0.0020643568541496293,-0.0006314890596238465,-0.003253974418155503,-0.05496715435239202,0.26869261679559053,-0.0851544195129324,0.02484053701925698,stationary_pre_pickup,1,1,0.2742573798060168,0,0,0,,,-0.4463330691235546,0.2876791314533767,-0.16636333913753595,-0.3939253979000851,0.016893383495385886,-0.09843910139001122
28.080000000000005,-0.4489737821667496,0.2854380873028461,-0.18327402937198248,0.0019831269398771223,-0.0007794020477541741,-0.002934482887194362,-0.05504838426666453,0.2685447038074602,-0.08483492798197126,0.050040132531011715,unclassified_motion,1,1,0.27412877002132935,0,0,0,,,-0.4506755678070304,0.28460077343261087,-0.19044604758416295,-0.3939253979000851,0.016893383495385886,-0.09843910139001122
28.113333333333337,-0.4500260067434411,0.28489554318400434,-0.1866541588838576,0.0009309023631856039,-0.001321946166595922,-0.006314612399069497,-0.05610060884335605,0.26800215968861846,-0.0882150574938464,0.1433924846746666,unclassified_motion,1,1,0.27381094921562027,0,0,0,,,-0.44978905717723755,0.2843724592148754,-0.18969670024158036,-0.3939253979000851,0.016893383495385886,-0.09843910139001122
28.14666666666667,-0.45162285910838984,0.2841589122533902,-0.1923696394816145,-0.0006659500017631159,-0.002058577097210079,-0.012030092996826391,-0.05769746120830477,0.2672655287580043,-0.09393053809160329,0.09411102259972694,unclassified_motion,1,1,0.27342249339105124,0,0,0,,,-0.4511456400424725,0.28448034264459915,-0.18993552462148955,-0.3939253979000851,0.016893383495385886,-0.09843910139001122
28.180000000000003,-0.4520087922327594,0.2842113492900194,-0.1925672267730485,-0.001051883126132691,-0.0020061400605808632,-0.012227680288260379,-0.05808339433267434,0.2673179657946335,-0.09412812538303728,0.04704924321351495,unclassified_motion,1,1,0.2735554341148898,0,0,0,,,-0.4520054005176448,0.28451085401677845,-0.1900835181848012,-0.3939253979000851,0.016893383495385886,-0.09843910139001122
28.213333333333335,-0.45154463153700714,0.2844893888917198,-0.18925146262422024,-0.0005877224303804107,-0.0017281004588804438,-0.008911916139432124,-0.05761923363692206,0.26759600539633394,-0.09081236123420902,0.18319997098896607,unclassified_motion,1,1,0.2737290598182462,0,0,0,,,-0.4524415662747244,0.28435045153503263,-0.19118101632798543,-0.3939253979000851,0.016893383495385886,-0.09843910139001122
28.246666666666673,-0.4497741704055546,0.2853139696407156,-0.1806107993166587,0.0011827387010721058,-0.0009035197098846703,-0.00027125283187057203,-0.055848772505469546,0.2684205861453297,-0.08217169792664747,0.2054771526381421,unclassified_motion,1,1,0.2741691019370528,0,0,0,,,-0.4506957245942859,0.2844102662885504,-0.1903110336280905,-0.3939253979000851,0.016893383495385886,-0.09843910139001122
28.28,-0.44869599560844253,0.28600607181130555,-0.17593856609214864,0.0022609134981841916,-0.00021141753929471152,0.004400980392639475,-0.05477059770835746,0.26911268831591967,-0.07749946470213742,0.08207764690674164,unclassified_motion,1,1,0.274629673170894,0,0,0,,,-0.446739807169626,0.2866345188749426,-0.1662516085985621,-0.3939253979000851,0.016893383495385886,-0.09843910139001122
28.313333333333336,-0.44817562311719567,0.2863700526579198,-0.17548533324659174,0.0027812859894310593,0.00015256330731955314,0.004854213238196375,-0.05425022521711059,0.26947666916253393,-0.07704623185658052,0.08030955294321913,unclassified_motion,1,1,0.2748831791125841,0,0,0,,,-0.4474693397996647,0.287151190989981,-0.16776085462081144,-0.3939253979000851,0.016893383495385886,-0.09843910139001122
28.346666666666668,-0.44887758603302225,0.28585554531033974,-0.18128733824584473,0.0020793230736044777,-0.00036194404026052007,-0.00094779176105661,-0.054952188132937174,0.26896216181495386,-0.08284823685583351,0.13177597560350254,unclassified_motion,1,1,0.27451846471370767,0,0,0,,,-0.45041683758821977,0.2856068868778782,-0.18880413423997186,-0.3939253979000851,0.016893383495385886,-0.09843910139001122
28.380000000000003,-0.44906829674184146,0.28572043274853287,-0.18420075036422395,0.0018886123647852693,-0.0004970566020673917,-0.003861203879435837,-0.05514289884175638,0.268827049253147,-0.08576164897421273,0.03467116799142949,unclassified_motion,1,1,0.27442434604609356,0,0,0,,,-0.4490587696636688,0.28526658748177314,-0.18863555854125114,-0.3939253979000851,0.016893383495385886,-0.09843910139001122
28.413333333333334,-0.4481031090420011,0.28612404383584933,-0.18344852210313767,0.0028538000646256,-9.344551475093388e-05,-0.003108975618349552,-0.05417771114191605,0.26923066034046345,-0.08500942071312645,0.06400744395702371,unclassified_motion,1,1,0.27462769862477254,0,0,0,,,-0.44895875595401635,0.28503266193568905,-0.18697309252525823,-0.3939253979000851,0.016893383495385886,-0.09843910139001122
28.44666666666667,-0.4473767467642103,0.2868498077236469,-0.1804495038628692,0.0035801623424164264,0.0006323183730466142,-0.00010995737808108808,-0.053451348864125225,0.269956424228261,-0.08201040247285799,0.027546593127543702,stationary_pre_pickup,1,1,0.2751972341385415,0,0,0,,,-0.4456807266932157,0.2884847186566662,-0.16601267580236695,-0.3939253979000851,0.016893383495385886,-0.09843910139001122
28.48,-0.44802926382570646,0.28708874923624694,-0.18188762474414977,0.0029276452809202658,0.0008712598856466802,-0.0015480782593616516,-0.054103865925621386,0.27019536574086106,-0.08344852335413855,0.11806164601986534,unclassified_motion,1,1,0.2755590027125503,0,0,0,,,-0.4476006512299097,0.28710650436234186,-0.1878569434019253,-0.3939253979000851,0.016893383495385886,-0.09843910139001122
28.513333333333335,-0.44935242110791124,0.286860342110814,-0.1880682781129688,0.001604487998715487,0.0006428527602137524,-0.007728731628180691,-0.055427023207826165,0.26996695861542813,-0.08962917672295759,0.12517924988427884,unclassified_motion,1,1,0.2755981016729709,0,0,0,,,-0.4500483833962289,0.28648467078416234,-0.18937180662834657,-0.3939253979000851,0.016893383495385886,-0.09843910139001122
28.546666666666667,-0.44962664626554394,0.28652550460004367,-0.1900592144674253,0.0013302628410827855,0.0003080152494434052,-0.009719667982637181,-0.055701248365458866,0.2696321211046578,-0.09162011307741408,0.11021334827772392,unclassified_motion,1,1,0.2753254615920354,0,0,0,,,-0.4503488159554513,0.2862110336151583,-0.18902159604413374,-0.3939253979000851,0.016893383495385886,-0.09843910139001122
28.580000000000005,-0.44819363339235024,0.2872438306962158,-0.18082281506235698,0.0027632757142764808,0.0010263413456155224,-0.00048326857756886277,-0.05426823549226517,0.2703504472008299,-0.08238371367234576,0.29412592200382287,unclassified_motion,1,1,0.27574336924962073,0,0,0,,,-0.4493849276036327,0.2869480224545883,-0.18918916369814467,-0.3939253979000851,0.016893383495385886,-0.09843910139001122
28.613333333333337,-0.44656788505320577,0.288298692475291,-0.17077219989161124,0.0043890240534209535,0.0020812031246907337,0.009567346593176873,-0.0526424871531207,0.2714053089799051,-0.07233309850160002,0.20749286325671715,unclassified_motion,1,1,0.2764635115094653,0,0,0,,,-0.4444570473010715,0.2887318192447152,-0.1645496880767249,-0.3939253979000851,0.016893383495385886,-0.09843910139001122
28.64666666666667,-0.44598744397724843,0.288695767014067,-0.16724442939967393,0.004969465129378292,0.0024782776634667547,0.013095117085114183,-0.05206204607716336,0.27180238351868113,-0.06880532800966271,0.007111636175618959,stationary_pre_pickup,1,1,0.27674354974990273,0,0,0,,,-0.4458468241587097,0.2887916658227665,-0.16423401664158951,-0.3939253979000851,0.016893383495385886,-0.09843910139001122
28.680000000000003,-0.44697158581022395,0.2884201223768502,-0.17055526696191342,0.003985323296402776,0.002202633026249956,0.009784279522874695,-0.053046187910138876,0.27152673888146434,-0.0721161655719022,0.2111985429115037,unclassified_motion,1,1,0.2766598416456582,0,0,0,,,-0.4474738458651017,0.2888944154084649,-0.166788158654309,-0.3939253979000851,0.016893383495385886,-0.09843910139001122
28.713333333333335,-0.4492308296626112,0.28732724053418257,-0.18087715653471365,0.001726079444015538,0.0011097511835823082,-0.0005376100499255299,-0.055305431762526114,0.2704338570387967,-0.08243805514470243,0.2890901595326084,pickup_lift,1,1,0.27603108849424873,0,0,0,,,-0.44901773711671744,0.28681766394928526,-0.18742817584514093,-0.3939253979000851,0.016893383495385886,-0.09843910139001122
28.746666666666673,-0.45036324506159386,0.28642003535135413,-0.1894214374744151,0.0005936640450328601,0.00020254600075386708,-0.009081890989626973,-0.05643784716150879,0.26952665185596825,-0.09098233608440387,0.09279508731484264,pickup_lift,1,1,0.27537219658657286,0,0,0,,,-0.4506435834179706,0.2867814766821703,-0.18867050301289334,-0.3939253979000851,0.016893383495385886,-0.09843910139001122
28.78,-0.4497836571589999,0.28696137320613035,-0.18702787315880323,0.0011732519476267966,0.000743883855530092,-0.006688326674015116,-0.055858259258914855,0.27006798971074447,-0.08858877176879201,0.10819897444260904,pickup_lift,1,1,0.27578408981273544,0,0,0,,,-0.4508165118217148,0.2858690797245944,-0.18855595258646204,-0.3939253979000851,0.016893383495385886,-0.09843910139001122
28.813333333333336,-0.44968621724149566,0.2874473917653082,-0.1823138806822632,0.0012706918651310684,0.0012299024147079396,-0.001974334197475086,-0.055760819341410583,0.2705540082699223,-0.08387477929225198,0.07578650028026125,pickup_lift,1,1,0.2762403670076961,0,0,0,,,-0.4495286129698773,0.2872127735618144,-0.18779972261045796,-0.3939253979000851,0.016893383495385886,-0.09843910139001122
28.846666666666668,-0.450386281613228,0.287196371415271,-0.1820170147108475,0.000570627493398701,0.0009788820646707275,-0.001677468226059381,-0.05646088371314295,0.2703029879198851,-0.08357791332083628,0.029680175208080858,pickup_lift,1,1,0.2761368078834957,0,0,0,,,-0.44759807972521776,0.2897541458526693,-0.16702185761413815,-0.3939253979000851,0.016893383495385886,-0.09843910139001122
28.880000000000003,-0.45095518897503,0.2867885420270971,-0.18368165104444031,1.7201315967163566e-06,0.0005710526764968193,-0.003342104559652198,-0.057029791074944935,0.2698951585317112,-0.0852425496544291,0.12045131410701018,pickup_lift,1,1,0.2758546604081747,0,0,0,,,-0.4530958597678472,0.28539341039813415,-0.19045073428984377,-0.3939253979000851,0.016893383495385886,-0.09843910139001122
28.913333333333334,-0.4531621691380526,0.28602710941963133,-0.1894607759787359,-0.0022052600314258486,-0.00019037993096893135,-0.00912122949394778,-0.0592367712379675,0.26913372592424545,-0.09102167458872468,0.07841903817475081,pickup_lift,1,1,0.2755756837904356,0,0,0,,,-0.4534800666616713,0.285361437333576,-0.19099039268360496,-0.3939253979000851,0.016893383495385886,-0.09843910139001122
28.94666666666667,-0.4527824413278042,0.2863666705728795,-0.18856165994434823,-0.0018255322211774838,0.0001491812222792488,-0.008222113459560115,-0.058857043427719136,0.26947328707749363,-0.09012255855433701,0.10412980882184542,pickup_lift,1,1,0.27582603939693895,0,0,0,,,-0.4512120246196506,0.28646046140892856,-0.1887982327786965,-0.3939253979000851,0.016893383495385886,-0.09843910139001122
28.98,-0.45114652615150086,0.2875881156172586,-0.18300387036943752,-0.00018961704487413522,0.001370626266658348,-0.0026643238846494055,-0.05722112825141579,0.2706947321218727,-0.0845647689794263,0.1968249254735919,pickup_lift,1,1,0.27667651782704183,0,0,0,,,-0.45433490867289633,0.2875847673992082,-0.1882979654383298,-0.3939253979000851,0.016893383495385886,-0.09843910139001122
29.013333333333335,-0.448959563345346,0.28836237045332347,-0.17616888819459509,0.0019973457612807444,0.002144881102723206,0.00417065829019303,-0.05503416544526091,0.2714689869579376,-0.07772978680458387,0.24990036197962726,pickup_lift,1,1,0.27699128189570377,0,0,0,,,-0.4452719801560864,0.28983759349857713,-0.16205513978975872,-0.3939253979000851,0.016893383495385886,-0.09843910139001122
29.046666666666667,-0.44565134808807266,0.28919652352223707,-0.16735866515696413,0.005305561018554061,0.0029790341716368074,0.01298088132782399,-0.05172595018798759,0.2723031400268512,-0.06891956376695291,0.2963886679885737,pickup_lift,1,1,0.277172462541525,0,0,0,,,-0.4484250583912206,0.2876925481067654,-0.18049841318085494,-0.3939253979000851,0.016893383495385886,-0.09843910139001122
29.080000000000005,-0.44216282141275337,0.29039592869975084,-0.15772717774089443,0.008794087693873354,0.004178439349150576,0.02261236874389369,-0.0482374235126683,0.27350254520436496,-0.059288076350883206,0.12434869029867918,pickup_lift,1,1,0.277723767906901,0,0,0,,,-0.4423474979030805,0.2899532044009076,-0.15684483236727403,-0.3939253979000851,0.016893383495385886,-0.09843910139001122
29.113333333333337,-0.4428834563974095,0.2903723242403203,-0.15963345185173689,0.008073452709217221,0.004154834889720016,0.02070609463305123,-0.04895805849732443,0.2734789407449344,-0.061194350461725666,0.040806563419307065,pickup_lift,1,1,0.2778266051385266,0,0,0,,,-0.43951563373494673,0.2917176953842239,-0.15128300411381293,-0.3939253979000851,0.016893383495385886,-0.09843910139001122
29.14666666666667,-0.44272289187484537,0.29130981043430026,-0.15522679341491366,0.008234017231781354,0.005092321083700002,0.025112753069874455,-0.0487974939747603,0.2744164269389144,-0.05678769202490244,0.07875841146692163,pickup_lift,1,1,0.27872131384617377,0,0,0,,,-0.4425707726141251,0.2922260478548627,-0.15175160000548826,-0.3939253979000851,0.016893383495385886,-0.09843910139001122
29.180000000000003,-0.44245919684842355,0.29214328429294956,-0.15470881047714083,0.008497712258203172,0.005925794942349294,0.025630736007647287,-0.04853379894833848,0.2752499007975637,-0.05626970908712961,0.08817564589149708,pickup_lift,1,1,0.2794960420639734,0,0,0,,,-0.44675791468779175,0.28942038915971197,-0.17057794314460714,-0.3939253979000851,0.016893383495385886,-0.09843910139001122
29.213333333333335,-0.44098428625952474,0.2934700268092439,-0.15004354879953716,0.009972622847101986,0.007252537458643626,0.030295997685250958,-0.047058888359439666,0.276576643313858,-0.05160444740952594,0.21473828981998308,pickup_lift,1,1,0.2805515613936006,0,0,0,,,-0.4402857169135614,0.29447209848987116,-0.1436879617718254,-0.3939253979000851,0.016893383495385886,-0.09843910139001122
29.246666666666673,-0.4375038542664654,0.2956526706979819,-0.14174449874928438,0.01345305484016135,0.009435181347381638,0.038595047735503735,-0.0435784563663803,0.278759287202596,-0.04330539735927316,0.30503068756840557,pickup_lift,1,1,0.2821450372786591,0,0,0,,,-0.434752748565518,0.2963978177930766,-0.13713288896566941,-0.3939253979000851,0.016893383495385886,-0.09843910139001122
29.28,-0.43405740772944407,0.2983435063793902,-0.1315558448656674,0.016899501377182657,0.01212601702878996,0.04878370161912071,-0.040132009829358994,0.28145012288400434,-0.033116743475656185,0.20820405813631357,pickup_lift,1,1,0.28429693963242886,0,0,0,,,-0.43545567862949947,0.2977813813822641,-0.13467798358003902,-0.3939253979000851,0.016893383495385886,-0.09843910139001122
29.313333333333336,-0.432942172906023,0.29966225702830823,-0.1292634655005434,0.01801473620060373,0.01344476767770797,0.05107608098424471,-0.03901677500593792,0.28276887353292235,-0.030824364110532187,0.119064183628441,pickup_lift,1,1,0.2854479717408092,0,0,0,,,-0.43272103636287834,0.2999651325473204,-0.1289444714015615,-0.3939253979000851,0.016893383495385886,-0.09843910139001122
29.346666666666668,-0.43188096529907927,0.30159441803922926,-0.12464930015576185,0.019075943807547457,0.015376928688628999,0.05569024632902626,-0.037955567398994194,0.2847010345438434,-0.026210198765750634,0.17500053215062197,pickup_lift,1,1,0.28721995781441495,0,0,0,,,-0.43171599077248873,0.3016519942690511,-0.12427773238171161,-0.3939253979000851,0.016893383495385886,-0.09843910139001122
29.380000000000003,-0.4299144461150066,0.30421968683452294,-0.11895935743906537,0.021042462991620103,0.018002197483922677,0.06138018904572275,-0.03598904821492155,0.28732630333913706,-0.02052025604905415,0.21637781136596995,pickup_lift,1,1,0.2895714353694952,0,0,0,,,-0.43015809567055957,0.3034826188541882,-0.11963925062802548,-0.3939253979000851,0.016893383495385886,-0.09843910139001122
29.413333333333334,-0.4267530135695577,0.3068609860466061,-0.11223747495910462,0.02420389553706903,0.020643496696005847,0.0681020715256835,-0.03282761566947262,0.2899676025512202,-0.0137983735690934,0.24484264371008643,pickup_lift,1,1,0.29181991515289873,0,0,0,,,-0.42722636940335085,0.30707294855335593,-0.11237665765372698,-0.3939253979000851,0.016893383495385886,-0.09843910139001122
29.44666666666667,-0.4232653904941168,0.30939461697038007,-0.10497918010704918,0.027691518612509902,0.023177127619779803,0.07536036637773894,-0.02933999259403175,0.2925012334749942,-0.0065400787170379615,0.27533133690969946,pickup_lift,1,1,0.2939690574700182,0,0,0,,,-0.42416355164745007,0.31026752184465034,-0.10535465067423282,-0.3939253979000851,0.016893383495385886,-0.09843910139001122
29.48,-0.41995663681614637,0.3122869475815911,-0.09607301585416221,0.031000272290480357,0.026069458230990827,0.0842665306306259,-0.026031238916061294,0.2953935640862052,0.002366085535849008,0.21832691922604364,pickup_lift,1,1,0.2965383332775985,0,0,0,,,-0.4181499345529023,0.3116248829000823,-0.09639799372787013,-0.3939253979000851,0.016893383495385886,-0.09843910139001122
29.513333333333335,-0.41922813312958435,0.31456501353505706,-0.09198613189152766,0.03172877597704238,0.028347524184456796,0.08835341459326046,-0.025302735229499274,0.2976716300396712,0.006452969498483563,0.09323844622891157,pickup_lift,1,1,0.2987450882283573,0,0,0,,,-0.41942844401061163,0.31391557175027734,-0.09187563638703336,-0.3939253979000851,0.016893383495385886,-0.09843910139001122
29.546666666666667,-0.42011547454883313,0.3164877581884775,-0.09149422463103352,0.03084143455779359,0.030270268837877257,0.0888453218537546,-0.026190076648748062,0.29959437469309164,0.006944876758977703,0.07956630649722825,pickup_lift,1,1,0.300736943960352,0,0,0,,,-0.4190785611958772,0.3178316342652486,-0.08577843852146554,-0.3939253979000851,0.016893383495385886,-0.09843910139001122
29.580000000000005,-0.42255148086156935,0.3184854356590271,-0.09329858240633031,0.028405428245057374,0.03226794630842683,0.08704096407845781,-0.028626082961484278,0.3015920521636412,0.005140518983680911,0.07312680177002949,pickup_lift,1,1,0.3029475508301631,0,0,0,,,-0.4240553715680892,0.31809767670208344,-0.09791056639740296,-0.3939253979000851,0.016893383495385886,-0.09843910139001122
29.613333333333337,-0.423003034964303,0.32009868633345645,-0.09304018353856144,0.027953874142323698,0.03388119698285619,0.08729936294622667,-0.029077637064217954,0.30320530283807057,0.005398917851449775,0.061538479154782506,pickup_lift,1,1,0.30459639631217644,0,0,0,,,-0.42289165884280344,0.31961625977061,-0.09476080719530888,-0.3939253979000851,0.016893383495385886,-0.09843910139001122
29.64666666666667,-0.4226959671631754,0.32161076725547105,-0.09064481753866734,0.0282609419434513,0.03539327790487079,0.08969472894612078,-0.02877056926309035,0.30471738376008517,0.007794283851343883,0.12882774668194566,pickup_lift,1,1,0.3060725888107481,0,0,0,,,-0.4234127666050324,0.32192319646782547,-0.09027733526312103,-0.3939253979000851,0.016893383495385886,-0.09843910139001122
29.680000000000003,-0.4217061085680588,0.3236991755643336,-0.08535142070211912,0.029250800538567934,0.03748168621373332,0.09498812578266899,-0.027780710667973718,0.3068057920689477,0.013087680687892095,0.25063715795891445,pickup_lift,1,1,0.3080609711279117,0,0,0,,,-0.4194257929284401,0.32372174557215505,-0.0815010680221257,-0.3939253979000851,0.016893383495385886,-0.09843910139001122
29.713333333333335,-0.4177983575709476,0.326202781236029,-0.07534376147871229,0.03315855153567915,0.039985291885428764,0.10499578500607583,-0.023872959670862504,0.30930939774064314,0.02309533991129893,0.3337076219581466,pickup_lift,1,1,0.31022930508597346,0,0,0,,,-0.41932144051986037,0.32609782021139694,-0.07834822643861312,-0.3939253979000851,0.016893383495385886,-0.09843910139001122
29.746666666666673,-0.413098189343696,0.3288030783271491,-0.06548208025830399,0.037858719762930704,0.04258558897654885,0.11485746622648413,-0.019172791443610948,0.31190969483176323,0.03295702113170723,0.287949897697836,pickup_lift,1,1,0.3124984058547881,0,0,0,,,-0.41657604015405003,0.32829375858821064,-0.07159546564977869,-0.3939253979000851,0.016893383495385886,-0.09843910139001122
29.78,-0.4093934481808765,0.33100841278943915,-0.05876741831199764,0.04156346092575025,0.04479092343883889,0.12157212817279048,-0.015468050280791401,0.31411502929405327,0.03967168307801358,0.2801696287905475,pickup_lift,1,1,0.3144956473592171,0,0,0,,,-0.4034249335867903,0.3320151669508533,-0.04656434868061817,-0.3939253979000851,0.016893383495385886,-0.09843910139001122
29.813333333333336,-0.40464623958583695,0.3335963429965113,-0.049530405780662375,0.04631066952078977,0.047378853645911045,0.13080914070412575,-0.01072084168575188,0.3167029595011254,0.048908695609348844,0.32673963034892783,pickup_lift,1,1,0.31688436534992137,0,0,0,,,-0.40611267801696527,0.3335509656000896,-0.05290061674468286,-0.3939253979000851,0.016893383495385886,-0.09843910139001122
29.846666666666668,-0.40004694632999754,0.3364484263861017,-0.039858884557811086,0.05090996277662918,0.05023093703550141,0.14048066192697703,-0.006121548429912471,0.3195550428907158,0.05858021683220013,0.2377452204454643,pickup_lift,1,1,0.3196136711595219,0,0,0,,,-0.40361921456339006,0.33492066440096596,-0.04908520430681216,-0.3939253979000851,0.016893383495385886,-0.09843910139001122
29.880000000000003,-0.39868055487292486,0.3387367916824111,-0.03577545058177691,0.05227635423370186,0.052519302331810847,0.1445640959030112,-0.004755156972839791,0.3218434081870252,0.0626636508082343,0.16684613455878858,pickup_lift,1,1,0.32187853440587877,0,0,0,,,-0.3964074058640473,0.3398049039501646,-0.02905465338559069,-0.3939253979000851,0.016893383495385886,-0.09843910139001122
29.913333333333334,-0.3967394116591709,0.34075045816320726,-0.030149324906514282,0.0542174974474558,0.054532968812607,0.15019022157827383,-0.002814013759085854,0.3238570746678214,0.06828977648349693,0.09849359452382793,pickup_lift,1,1,0.32386930000516434,0,0,0,,,-0.39389503036591655,0.341524445788568,-0.024658508986168375,-0.3939253979000851,0.016893383495385886,-0.09843910139001122
29.94666666666667,-0.39728552183634186,0.34200743146453183,-0.03025527837561692,0.053671387270284865,0.05578994211393157,0.1500842681091712,-0.003360123936256787,0.32511404796914595,0.0681838230143943,0.03966259262396716,pickup_lift,1,1,0.32513141130895234,0,0,0,,,-0.39913847192493984,0.34159711752099775,-0.0343845584580492,-0.3939253979000851,0.016893383495385886,-0.09843910139001122
29.98,-0.3976647703847165,0.34321388504815814,-0.030407954424940594,0.05329213872191024,0.05699639569755788,0.14993159205984752,-0.003739372484631409,0.32632050155277226,0.06803114696507062,0.11347804447481133,pickup_lift,1,1,0.32634192596145484,0,0,0,,,-0.39827462047244205,0.34262313945964074,-0.031643609743331115,-0.3939253979000851,0.016893383495385886,-0.09843910139001122
30.013333333333335,-0.3945318457670894,0.34502978829104075,-0.023890144974002585,0.05642506333953734,0.05881229894044049,0.15644940151078554,-0.0006064478670043116,0.32813640479565487,0.07454895641600863,0.31835335749558147,pickup_lift,1,1,0.32813696520086433,0,0,0,,,-0.39623449176315884,0.3444265541506192,-0.028247109794641574,-0.3939253979000851,0.016893383495385886,-0.09843910139001122
30.046666666666667,-0.3876627254240658,0.347235817114749,-0.012126200191522964,0.0632941836825609,0.06101832776414873,0.16821334629326515,0.006262672476019249,0.3303424336193631,0.08631290119848825,0.37583495798052735,pickup_lift,1,1,0.33040179254372276,0,0,0,,,-0.3873392568481947,0.34838115944074555,-0.008439328311226915,-0.3939253979000851,0.016893383495385886,-0.09843910139001122
30.080000000000005,-0.38189519594459687,0.34863670948965725,-0.0025572714576420114,0.06906171316202986,0.062419220139056986,0.1777822750271461,0.012030201955488207,0.33174332599427137,0.09588182993236921,0.335539150146026,pickup_lift,1,1,0.33196138344818243,0,0,0,,,-0.38004399863544,0.3485597140117396,4.37800416439281e-05,-0.3939253979000851,0.016893383495385886,-0.09843910139001122
30.113333333333337,-0.37606163469532217,0.34944485393684976,0.006871678354449524,0.07489527441130456,0.0632273645862495,0.18721122483923763,0.017863763204762906,0.3325514704414639,0.10531077974446074,0.1827572447415033,pickup_lift,1,1,0.33303092128001516,0,0,0,,,-0.37595664805318213,0.3494038606829379,0.004880165143668677,-0.3939253979000851,0.016893383495385886,-0.09843910139001122
30.14666666666667,-0.3752836008370185,0.34898633524621014,0.007670629206142981,0.07567330826960822,0.06276884589560988,0.1880101756909311,0.018641797063066567,0.33209295175082426,0.1061097305961542,0.08548706477055906,pickup_lift,1,1,0.33261576210443766,0,0,0,,,-0.3762726840752863,0.3487601655176904,0.00741685522125404,-0.3939253979000851,0.016893383495385886,-0.09843910139001122
30.180000000000003,-0.3738796426486536,0.34953654814329865,0.012135771139541073,0.07707726645797314,0.06331905879269839,0.19247531762432918,0.020045755251431485,0.33264316464791277,0.1105748725295523,0.1670575290375094,pickup_lift,1,1,0.3332466163227748,0,0,0,,,-0.3706282957951248,0.3497855498135603,0.01672531883157494,-0.3939253979000851,0.016893383495385886,-0.09843910139001122
30.213333333333335,-0.3707836002059264,0.34952302384637157,0.017844049680454846,0.08017330890070035,0.06330553449577131,0.19818359616524295,0.023141797694158694,0.3326296403509857,0.11628315107046606,0.19633086357220714,pickup_lift,1,1,0.3334336822226325,0,0,0,,,-0.3768679892192553,0.3485256943724905,0.007985956644977334,-0.3939253979000851,0.016893383495385886,-0.09843910139001122
30.246666666666673,-0.36749511594596035,0.3493628325616433,0.02356040872073224,0.08346179316066638,0.06314534321104304,0.20389995520552034,0.026430281954124724,0.3324694490662574,0.12199951011074346,0.211219882515828,pickup_lift,1,1,0.3335183568659981,0,0,0,,,-0.3642601419535783,0.35111924385180376,0.030717771876774054,-0.3939253979000851,0.016893383495385886,-0.09843910139001122
30.28,-0.3635168740711359,0.3490403394254676,0.029895831079834293,0.0874400350354908,0.06282285007486732,0.2102353775646224,0.030408523828949152,0.3321469559300817,0.1283349324698455,0.23813219728381638,pickup_lift,1,1,0.3335360230246133,0,0,0,,,-0.36116599373039854,0.348198191303739,0.03067458003304323,-0.3939253979000851,0.016893383495385886,-0.09843910139001122
30.313333333333336,-0.35884887458145104,0.3485555444378445,0.03685031675776428,0.09210803452517569,0.062338055087244215,0.2171898632425524,0.035076523318634034,0.3316621609424586,0.1352894181477755,0.25169645371801375,transport,1,1,0.33351184610017076,0,0,0,,0.0,-0.3606768420066238,0.34859623546211516,0.03517458647546554,-0.3939253979000851,0.016893383495385886,-0.09843910139001122
30.346666666666668,,,,,,,,,,,invalid,0,0,,,0,0,,,,,,-0.3939253979000851,0.016893383495385886,-0.09843910139001122
30.380000000000003,,,,,,,,,,,invalid,0,0,,,0,0,,,,,,-0.3939253979000851,0.016893383495385886,-0.09843910139001122
30.413333333333334,,,,,,,,,,,invalid,0,0,,,0,0,,,,,,-0.3939253979000851,0.016893383495385886,-0.09843910139001122
30.44666666666667,,,,,,,,,,,invalid,0,0,,,0,0,,,,,,-0.3939253979000851,0.016893383495385886,-0.09843910139001122
30.48,,,,,,,,,,,invalid,0,0,,,0,0,,,,,,-0.3939253979000851,0.016893383495385886,-0.09843910139001122
30.513333333333335,,,,,,,,,,,invalid,0,0,,,0,0,,,,,,-0.3939253979000851,0.016893383495385886,-0.09843910139001122
30.546666666666667,,,,,,,,,,,invalid,0,0,,,0,0,,,,,,-0.3939253979000851,0.016893383495385886,-0.09843910139001122
30.580000000000005,,,,,,,,,,,invalid,0,0,,,0,0,,,,,,-0.3939253979000851,0.016893383495385886,-0.09843910139001122
30.613333333333337,,,,,,,,,,,invalid,0,0,,,0,0,,,,,,-0.3939253979000851,0.016893383495385886,-0.09843910139001122
30.64666666666667,,,,,,,,,,,invalid,0,0,,,0,0,,,,,,-0.3939253979000851,0.016893383495385886,-0.09843910139001122
30.680000000000003,,,,,,,,,,,invalid,0,0,,,0,0,,,,,,-0.3939253979000851,0.016893383495385886,-0.09843910139001122
30.713333333333335,,,,,,,,,,,invalid,0,0,,,0,0,,,,,,-0.3939253979000851,0.016893383495385886,-0.09843910139001122
30.746666666666673,,,,,,,,,,,invalid,0,0,,,0,0,,,,,,-0.3939253979000851,0.016893383495385886,-0.09843910139001122
30.78166666666667,,,,,,,,,,,invalid,0,0,,,0,0,,,,,,-0.3939253979000851,0.016893383495385886,-0.09843910139001122
30.815,,,,,,,,,,,invalid,0,0,,,0,0,,,,,,-0.3939253979000851,0.016893383495385886,-0.09843910139001122
30.848333333333336,,,,,,,,,,,invalid,0,0,,,0,0,,,,,,-0.3939253979000851,0.016893383495385886,-0.09843910139001122
30.881666666666668,,,,,,,,,,,invalid,0,0,,,0,0,,,,,,-0.3939253979000851,0.016893383495385886,-0.09843910139001122
30.915000000000003,,,,,,,,,,,invalid,0,0,,,0,0,,,,,,-0.3939253979000851,0.016893383495385886,-0.09843910139001122
30.948333333333334,,,,,,,,,,,invalid,0,0,,,0,0,,,,,,-0.3939253979000851,0.016893383495385886,-0.09843910139001122
30.98166666666667,,,,,,,,,,,invalid,0,0,,,0,0,,,,,,-0.3939253979000851,0.016893383495385886,-0.09843910139001122
31.015,,,,,,,,,,,invalid,0,0,,,0,0,,,,,,-0.3939253979000851,0.016893383495385886,-0.09843910139001122
31.048333333333336,,,,,,,,,,,invalid,0,0,,,0,0,,,,,,-0.3939253979000851,0.016893383495385886,-0.09843910139001122
31.081666666666667,,,,,,,,,,,invalid,0,0,,,0,0,,,,,,-0.3939253979000851,0.016893383495385886,-0.09843910139001122
31.115000000000002,,,,,,,,,,,invalid,0,0,,,0,0,,,,,,-0.3939253979000851,0.016893383495385886,-0.09843910139001122
31.148333333333337,,,,,,,,,,,invalid,0,0,,,0,0,,,,,,-0.3939253979000851,0.016893383495385886,-0.09843910139001122
31.18166666666667,,,,,,,,,,,invalid,0,0,,,0,0,,,,,,-0.3939253979000851,0.016893383495385886,-0.09843910139001122
31.215000000000003,,,,,,,,,,,invalid,0,0,,,0,0,,,,,,-0.3939253979000851,0.016893383495385886,-0.09843910139001122
31.248333333333335,,,,,,,,,,,invalid,0,0,,,0,0,,,,,,-0.3939253979000851,0.016893383495385886,-0.09843910139001122
31.28166666666667,,,,,,,,,,,invalid,0,0,,,0,0,,,,,,-0.3939253979000851,0.016893383495385886,-0.09843910139001122
31.315,,,,,,,,,,,invalid,0,0,,,0,0,,,,,,-0.3939253979000851,0.016893383495385886,-0.09843910139001122
31.348333333333336,,,,,,,,,,,invalid,0,0,,,0,0,,,,,,-0.3939253979000851,0.016893383495385886,-0.09843910139001122
31.381666666666668,,,,,,,,,,,invalid,0,0,,,0,0,,,,,,-0.3939253979000851,0.016893383495385886,-0.09843910139001122
31.415000000000003,,,,,,,,,,,invalid,0,0,,,0,0,,,,,,-0.3939253979000851,0.016893383495385886,-0.09843910139001122
31.448333333333334,,,,,,,,,,,invalid,0,0,,,0,0,,,,,,-0.3939253979000851,0.016893383495385886,-0.09843910139001122
31.48166666666667,,,,,,,,,,,invalid,0,0,,,0,0,,,,,,-0.3939253979000851,0.016893383495385886,-0.09843910139001122
31.515,,,,,,,,,,,invalid,0,0,,,0,0,,,,,,-0.3939253979000851,0.016893383495385886,-0.09843910139001122
31.548333333333336,,,,,,,,,,,invalid,0,0,,,0,0,,,,,,-0.3939253979000851,0.016893383495385886,-0.09843910139001122
31.581666666666667,,,,,,,,,,,invalid,0,0,,,0,0,,,,,,-0.3939253979000851,0.016893383495385886,-0.09843910139001122
31.615000000000002,,,,,,,,,,,invalid,0,0,,,0,0,,,,,,-0.3939253979000851,0.016893383495385886,-0.09843910139001122
31.648333333333337,,,,,,,,,,,invalid,0,0,,,0,0,,,,,,-0.3939253979000851,0.016893383495385886,-0.09843910139001122
31.68166666666667,,,,,,,,,,,invalid,0,0,,,0,0,,,,,,-0.3939253979000851,0.016893383495385886,-0.09843910139001122
31.715000000000003,,,,,,,,,,,invalid,0,0,,,0,0,,,,,,-0.3939253979000851,0.016893383495385886,-0.09843910139001122
31.748333333333335,,,,,,,,,,,invalid,0,0,,,0,0,,,,,,-0.3939253979000851,0.016893383495385886,-0.09843910139001122
31.78166666666667,,,,,,,,,,,invalid,0,0,,,0,0,,,,,,-0.3939253979000851,0.016893383495385886,-0.09843910139001122
31.815,,,,,,,,,,,invalid,0,0,,,0,0,,,,,,-0.3939253979000851,0.016893383495385886,-0.09843910139001122
31.848333333333336,,,,,,,,,,,invalid,0,0,,,0,0,,,,,,-0.3939253979000851,0.016893383495385886,-0.09843910139001122
31.881666666666668,,,,,,,,,,,invalid,0,0,,,0,0,,,,,,-0.3939253979000851,0.016893383495385886,-0.09843910139001122
31.915000000000003,,,,,,,,,,,invalid,0,0,,,0,0,,,,,,-0.3939253979000851,0.016893383495385886,-0.09843910139001122
31.948333333333334,-0.28678164234378767,0.12816258339254816,0.11278047387441353,0.16417526676283906,-0.1580549059580521,0.29312002035920165,0.1071437555562974,0.11126919989716227,0.21121957526442475,0.09079035016756191,transport,1,1,0.15446882921956218,0,0,0,,0.4377510040160642,-0.28678164234378767,0.12816258339254816,0.11278047387441353,-0.3939253979000851,0.016893383495385886,-0.09843910139001122
31.98166666666667,-0.28487522207547644,0.1261342541741238,0.11396799500479007,0.16608168703115028,-0.16008323517647646,0.29430754148957816,0.10905017582460863,0.10924087067873792,0.2124070963948013,0.09079035016756254,transport,0,1,0.1543551381523362,0,1,0,,0.44667559125390494,,,,-0.3939253979000851,0.016893383495385886,-0.09843910139001122
32.015,-0.2829688018071654,0.12410592495569965,0.11515551613516647,0.16798810729946134,-0.1621115643949006,0.2954950626199546,0.11095659609291969,0.10721254146031377,0.2135946175251777,0.09079035016756262,transport,1,1,0.15429159167921894,0,0,0,,0.45560017849174467,-0.2829688018071654,0.12410592495569965,0.11515551613516647,-0.3939253979000851,0.016893383495385886,-0.09843910139001122
32.04833333333333,,,,,,,,,,,invalid,0,0,,,0,0,,,,,,-0.3939253979000851,0.016893383495385886,-0.09843910139001122
32.08166666666667,,,,,,,,,,,invalid,0,0,,,0,0,,,,,,-0.3939253979000851,0.016893383495385886,-0.09843910139001122
32.115,,,,,,,,,,,invalid,0,0,,,0,0,,,,,,-0.3939253979000851,0.016893383495385886,-0.09843910139001122
32.14833333333333,,,,,,,,,,,invalid,0,0,,,0,0,,,,,,-0.3939253979000851,0.016893383495385886,-0.09843910139001122
32.18166666666667,,,,,,,,,,,invalid,0,0,,,0,0,,,,,,-0.3939253979000851,0.016893383495385886,-0.09843910139001122
32.215,,,,,,,,,,,invalid,0,0,,,0,0,,,,,,-0.3939253979000851,0.016893383495385886,-0.09843910139001122
32.248333333333335,,,,,,,,,,,invalid,0,0,,,0,0,,,,,,-0.3939253979000851,0.016893383495385886,-0.09843910139001122
32.281666666666666,,,,,,,,,,,invalid,0,0,,,0,0,,,,,,-0.3939253979000851,0.016893383495385886,-0.09843910139001122
32.315000000000005,,,,,,,,,,,invalid,0,0,,,0,0,,,,,,-0.3939253979000851,0.016893383495385886,-0.09843910139001122
32.348333333333336,,,,,,,,,,,invalid,0,0,,,0,0,,,,,,-0.3939253979000851,0.016893383495385886,-0.09843910139001122
32.38166666666667,,,,,,,,,,,invalid,0,0,,,0,0,,,,,,-0.3939253979000851,0.016893383495385886,-0.09843910139001122
32.415,,,,,,,,,,,invalid,0,0,,,0,0,,,,,,-0.3939253979000851,0.016893383495385886,-0.09843910139001122
32.44833333333334,,,,,,,,,,,invalid,0,0,,,0,0,,,,,,-0.3939253979000851,0.016893383495385886,-0.09843910139001122
32.48166666666667,,,,,,,,,,,invalid,0,0,,,0,0,,,,,,-0.3939253979000851,0.016893383495385886,-0.09843910139001122
32.515,-0.30211396444964495,0.08752030813400226,0.07926636779148827,0.14884294465698178,-0.19869718121659802,0.2596059142762764,0.09181143345044013,0.07062692463861638,0.1777054691814995,0.10242391295048178,transport,1,1,0.11583394060521895,0,0,0,,0.5894689870593486,-0.30078112175817096,0.08844102058130031,0.08118202515090776,-0.3939253979000851,0.016893383495385886,-0.09843910139001122
32.54833333333333,-0.29945504687160124,0.0880533363925025,0.08134057240852853,0.1515018622350255,-0.19816415295809775,0.26168011889331666,0.09447035102848383,0.07115995289711662,0.17977967379853976,0.0701900409414931,transport,1,1,0.11827250787805597,0,0,0,,0.5983935742971883,-0.30056576888894926,0.08730962685421934,0.08029246108876617,-0.3939253979000851,0.016893383495385886,-0.09843910139001122
32.58166666666667,-0.2981379356452448,0.08786738777134429,0.08170909509109126,0.1528189734613819,-0.19835010157925598,0.26204864157587937,0.09578746225484025,0.0709740042759584,0.18014819648110247,0.029235005894063134,transport,1,1,0.11921638816952226,0,0,0,,0.6073181615350299,-0.30042348350734943,0.08638581718740018,0.07721429443697675,-0.3939253979000851,0.016893383495385886,-0.09843910139001122
32.615,-0.2981626307705759,0.08696246227052763,0.08037193583917622,0.1527942783360508,-0.19925502708007264,0.26071148232396435,0.09576276712950915,0.07006907877514175,0.17881103722918745,0.07353563515351114,transport,0,1,0.1186599484607069,0,1,0,,0.6162427487728697,,,,-0.3939253979000851,0.016893383495385886,-0.09843910139001122
32.64833333333333,-0.2993734527073057,0.08562277821946469,0.07752956008987011,0.15158345639932103,-0.20059471113113558,0.2578691065746582,0.09455194519277937,0.06872939472407881,0.17596866147988133,0.1321416242235111,transport,1,1,0.11689225825039307,0,0,0,,0.6251673360107095,-0.2954215729297221,0.08766522123902426,0.0845354068983456,-0.3939253979000851,0.016893383495385886,-0.09843910139001122
32.68166666666667,-0.30195230375086524,0.08329678097819988,0.07331449856124704,0.1490046053557615,-0.2029207083724004,0.25365404504603517,0.09197309414921984,0.066403397482814,0.17175359995125827,0.19257935392608447,transport,1,1,0.11343924032115979,0,0,0,,0.6340919232485511,-0.304474120981854,0.08227374244732556,0.06838501761408605,-0.3939253979000851,0.016893383495385886,-0.09843910139001122
32.715,-0.30539133234978405,0.08009921861498334,0.06762472946434503,0.14556557675684267,-0.20611827073561692,0.24796427594913314,0.08853406555030102,0.06320583511959746,0.16606383085435625,0.19959460461272774,transport,1,1,0.10878078118873176,0,0,0,,0.6430165104863909,-0.30633510803307623,0.07957061205599335,0.0662399479348024,-0.3939253979000851,0.016893383495385886,-0.09843910139001122
32.748333333333335,-0.3080319786139018,0.07700307405838117,0.06329029724351963,0.14292493049272492,-0.2092144152922191,0.24362984372830776,0.08589341928618327,0.06010969056299528,0.16172939863353086,0.11152016962297441,transport,1,1,0.10483727570025428,0,0,0,,0.6519410977242306,-0.3073163178501748,0.07731190502469143,0.06448205051472074,-0.3939253979000851,0.016893383495385886,-0.09843910139001122
32.781666666666666,-0.30786839946536304,0.07524990464420171,0.0625628395892455,0.14308850964126368,-0.21096758470639854,0.2429023860740336,0.08605699843472203,0.05835652114881583,0.1610019409792567,0.07004732366318414,transport,1,1,0.10397735590110925,0,0,0,,0.6608656849620704,-0.3078650625365171,0.07516971734904775,0.06269244859224501,-0.3939253979000851,0.016893383495385886,-0.09843910139001122
32.815000000000005,-0.307476791959151,0.07365958311767876,0.06007781071842062,0.14348011714747572,-0.2125579062329215,0.24041735720320873,0.08644860594093406,0.05676619962229287,0.15851691210843183,0.09870103203350125,transport,1,1,0.10342032144935977,0,0,0,,0.669790272199912,-0.3079426299199428,0.07343917782359706,0.06034829535082904,-0.3939253979000851,0.016893383495385886,-0.09843910139001122
32.848333333333336,-0.3071102348682929,0.07203749796651833,0.05687048197371811,0.1438466742383338,-0.21417999138408195,0.23721002845850622,0.08681516303179215,0.05514411447113245,0.15530958336372933,0.14890641402135305,transport,1,1,0.10284816912829324,0,0,0,,0.6787148594377518,-0.3070754021613943,0.07218453735590143,0.05650080787473607,-0.3939253979000851,0.016893383495385886,-0.09843910139001122
32.88166666666667,-0.30809008048931524,0.0699100880483087,0.05090653139048186,0.14286682861731148,-0.21630740130229156,0.23124607787526996,0.08583531741076983,0.053016704552922816,0.14934563278049307,0.12270530552092321,transport,1,1,0.10088841695982503,0,0,0,,0.6876394466755915,-0.30632801211170224,0.07058224217293235,0.05273090808265274,-0.3939253979000851,0.016893383495385886,-0.09843910139001122
32.915,-0.30671333599634176,0.06865238130150242,0.04943397451862921,0.14424357311028496,-0.21756510804909784,0.22977352100341733,0.08721206190374331,0.051758997806116536,0.14787307590864043,0.0929400037006926,transport,1,1,0.10141468136022481,0,0,0,,0.6965640339134312,-0.3082456701521876,0.0679448725022512,0.04756128054668455,-0.3939253979000851,0.016893383495385886,-0.09843910139001122
32.94833333333334,-0.3069138709314016,0.06672930866541996,0.04572101380295629,0.14404303817522512,-0.2194881806851803,0.2260605602877444,0.08701152696868347,0.04983592517003407,0.1441601151929675,0.1750467092211954,transport,1,1,0.10027275434022527,0,0,0,,0.705488621151273,-0.3097681487256208,0.06567639183905673,0.04074892033165341,-0.3939253979000851,0.016893383495385886,-0.09843910139001122
32.98166666666667,-0.30870608565059615,0.06413502820961146,0.03886012708947841,0.14225082345603057,-0.22208246114098878,0.21919967357426653,0.08521931224948892,0.04724164471422558,0.13729922847948964,0.178552678062196,transport,1,1,0.0974376938129234,0,0,0,,0.7144132083891127,-0.3018665196257202,0.06687378981741302,0.05117923888496853,-0.3939253979000851,0.016893383495385886,-0.09843910139001122
33.015,-0.30877300909915983,0.0621751246514394,0.03488142856649268,0.1421839000074669,-0.22404236469916086,0.2152209750512808,0.08515238880092524,0.04528174115605352,0.1333205299565039,0.0930869214236954,transport,1,1,0.09644358662258351,0,0,0,,0.7233377956269524,-0.3121285528437668,0.06088126506444704,0.029019009499438385,-0.3939253979000851,0.016893383495385886,-0.09843910139001122
33.04833333333333,-0.3080475703974184,0.060466232585223836,0.03389845550112716,0.1429093387092083,-0.22575125676537644,0.21423800198591528,0.08587782750266665,0.04357284908983795,0.13233755689113838,0.11671018813124225,transport,1,1,0.09629950381172044,0,0,0,,0.7322623828647922,-0.3125388903654886,0.05867634090894793,0.024896203023102668,-0.3939253979000851,0.016893383495385886,-0.09843910139001122
33.08166666666667,-0.3101943518074661,0.05786635997149659,0.028560566221218133,0.14076255729916065,-0.22835112937910368,0.20890011270600625,0.083731046092619,0.0409729764761107,0.12699966761122936,0.1508033918180297,transport,1,1,0.09321841492471435,0,0,0,,0.7411869701026339,-0.30565785273173574,0.05966301681440152,0.03635510842316648,-0.3939253979000851,0.016893383495385886,-0.09843910139001122
33.115,-0.3111922337395139,0.05602231928381243,0.025446427061733633,0.13976467536711285,-0.23019517006678783,0.20578597354652176,0.0827331641605712,0.03912893578842655,0.12388552845174486,0.18482716146383746,transport,1,1,0.09151967038814568,0,0,0,,0.7501115573404736,-0.30844290141947805,0.05696025154247012,0.03163262160962068,-0.3939253979000851,0.016893383495385886,-0.09843910139001122
33.14833333333333,-0.3145218248215682,0.05365939012962142,0.017818061738003616,0.13643508428505852,-0.23255809922097884,0.19815760822279174,0.07940357307851686,0.03676600663423553,0.11625716312801483,0.3190670516507803,transport,1,1,0.08750238089025932,0,0,0,,0.7590361445783134,-0.31844182667499954,0.05217926687378248,0.010794151997071566,-0.3939253979000851,0.016893383495385886,-0.09843910139001122
33.18166666666667,-0.3194586409790069,0.05107051326282857,0.006483110151041002,0.13149826812761983,-0.2351469760877717,0.18682265663582912,0.07446675692107818,0.03417712976744268,0.10492221154105222,0.33915321434498347,transport,1,1,0.08193518222035978,0,0,0,,0.767960731816155,-0.31969621559001044,0.05085056459387452,0.005483911416255316,-0.3939253979000851,0.016893383495385886,-0.09843910139001122
33.215,-0.3228054085055924,0.04915996663056228,-0.0027333182582534674,0.1281515006010343,-0.237057522720038,0.17760622822653466,0.07111998939449266,0.0322665831351764,0.09570578313175775,0.13309819674934578,transport,1,1,0.07809728086618635,0,0,0,,0.7768853190539948,-0.32055484501296544,0.05006247217295375,0.0015256349057833512,-0.3939253979000851,0.016893383495385886,-0.09843910139001122
33.248333333333335,-0.32087615778281503,0.04910094258234387,-0.0020518384989802146,0.1300807513238117,-0.2371165467682564,0.1782877079858079,0.07304924011727004,0.03220755908695798,0.096387262891031,0.07278009907866023,transport,1,1,0.07983431808470881,0,0,0,,0.7858099062918346,-0.32326474001605576,0.04854817867833516,-0.006035605211327552,-0.3939253979000851,0.016893383495385886,-0.09843910139001122
33.281666666666666,-0.32251797998415893,0.047703279731678115,-0.0073525623761817056,0.1284389291224678,-0.23851420961892214,0.1729869841086064,0.07140741791592614,0.03080989623629223,0.09108653901382952,0.12374528711345804,transport,1,1,0.07777061809906634,0,0,0,,0.7947344935296743,-0.3235146487709273,0.04706143247587409,-0.009879189746205887,-0.3939253979000851,0.016893383495385886,-0.09843910139001122
33.315000000000005,-0.3223339642082622,0.046856533179376866,-0.009855346862614777,0.1286229448983645,-0.23936095617122338,0.17048419962217334,0.07159143369182286,0.02996314968399098,0.08858375452739645,0.057964674632573,transport,1,1,0.07760878633915053,0,0,0,,0.8036590807675159,-0.315859846804267,0.04913603028307757,0.0021243042633645537,-0.3939253979000851,0.016893383495385886,-0.09843910139001122
33.348333333333336,-0.32151080919713554,0.04618743834211058,-0.010761482491887946,0.12944609990949119,-0.24003005100848968,0.16957806399290018,0.07241458870294953,0.029294054846724694,0.08767761889812327,0.03536535575746779,transport,1,1,0.07811539096989953,0,0,0,,0.8125836680053556,-0.3293276816047332,0.04353106764769123,-0.024022806999264804,-0.3939253979000851,0.016893383495385886,-0.09843910139001122
33.38166666666667,-0.32080739196998154,0.04542570340309125,-0.010942088459598416,0.1301495171366452,-0.240791785947509,0.1693974580251897,0.07311800593010354,0.028532319907705366,0.0874970129304128,0.11572153193100275,transport,1,1,0.07848780841959022,0,0,0,,0.8215082552431955,-0.318363815662083,0.04642294850427094,-0.008338831562177546,-0.3939253979000851,0.016893383495385886,-0.09843910139001122
33.415,-0.3233090169352487,0.04368299054986131,-0.017833388016777352,0.127647892171378,-0.24253449880073896,0.16250615846801075,0.07061638096483636,0.02678960705447542,0.08060571337323387,0.2091695923496608,transport,1,1,0.07552718918842473,0,0,0,,0.8304328424810352,-0.3214178192594052,0.044154226578965144,-0.013877073323223202,-0.3939253979000851,0.016893383495385886,-0.09843910139001122
33.44833333333334,-0.32502657001099666,0.04208217873358065,-0.02380569409519059,0.12593033909563006,-0.2441353106170196,0.15653385238959752,0.06889882788908841,0.025188795238194766,0.07463340729482063,0.3205457693302165,transport,1,1,0.07335887056138427,0,0,0,,0.8393574297188768,-0.3235883384751341,0.04234288044072733,-0.01932662962185727,-0.3939253979000851,0.016893383495385886,-0.09843910139001122
33.48166666666667,-0.3308975291836355,0.0390460017684782,-0.037264745725092314,0.1200593799229912,-0.24717148758212207,0.1430748007596958,0.06302786871644955,0.022152618273092315,0.061174355664918904,0.38337751315346036,transport,1,1,0.06680756492562308,0,0,0,,0.8482820169567166,-0.333689870873074,0.038723250322292777,-0.043917920900834885,-0.3939253979000851,0.016893383495385886,-0.09843910139001122
33.515,-0.33422726275670206,0.03703382802907269,-0.04711016523782129,0.11672964634992467,-0.24918366132152758,0.13322938124696682,0.05969813514338301,0.020140444533686807,0.051328936152189926,0.2716069854113043,transport,1,1,0.06300400658380494,0,0,0,,0.8572066041945563,-0.3347406339118985,0.03641132575972912,-0.04835096212073015,-0.3939253979000851,0.016893383495385886,-0.09843910139001122
33.54833333333333,-0.33607948394411513,0.03550256180551644,-0.05424884477152519,0.11487742516251159,-0.25071492754508384,0.12609070171326292,0.05784591395596994,0.018609178310130554,0.04419025661848603,0.14731130520820032,transport,1,1,0.060765543515875105,0,0,0,,0.8661311914323961,-0.33543226270118137,0.035689979292030556,-0.05208028187427287,-0.3939253979000851,0.016893383495385886,-0.09843910139001122
33.58166666666667,-0.3356019686918001,0.03485701574593871,-0.056587447270659744,0.11535494041482663,-0.25136047360466157,0.12375209921412837,0.05832342920828498,0.017963632250552825,0.041851654119351475,0.10717109412798666,transport,1,1,0.06102716180723901,0,0,0,,0.8750557786702378,-0.33538871606747983,0.035154336462594984,-0.05606286950128331,-0.3939253979000851,0.016893383495385886,-0.09843910139001122
33.615,-0.33678096087097004,0.03398898121781217,-0.06119609660223819,0.11417594823565669,-0.2522285081327881,0.11914344988254993,0.057144437029115036,0.017095597722426286,0.03724300478777303,0.14394364056707942,transport,1,1,0.0596468452213654,1,0,0,,0.8839803659080775,-0.3366201230235527,0.03391573347277779,-0.06177341611223752,-0.3939253979000851,0.016893383495385886,-0.09843910139001122
33.64833333333333,-0.338189833687352,0.03319016444399683,-0.06567658559863851,0.11276707541927472,-0.25302732490660346,0.1146629608861496,0.05573556421273307,0.01629678094861094,0.03276251579137271,0.128879044890765,transport,1,1,0.058069253373869895,1,0,0,,0.8929049531459172,-0.33744304034886513,0.033450610483035756,-0.06511998722272896,-0.3939253979000851,0.016893383495385886,-0.09843910139001122
33.68166666666667,-0.339560185801708,0.032486584289912926,-0.06918609548123197,0.11139672330491873,-0.25373090506068735,0.11115345100355614,0.05436521209837708,0.01559320079452704,0.029253005908779245,0.09877842181696583,transport,1,1,0.056557264763423314,1,0,0,,0.901829540383759,-0.3407826326645527,0.03192830462300488,-0.06990144398645315,-0.3939253979000851,0.016893383495385886,-0.09843910139001122
33.715,-0.3403309415313508,0.032147852159309126,-0.07181616797115366,0.11062596757527593,-0.25406963719129116,0.10852337851363446,0.05359445636873428,0.01525446866392324,0.02662293341885756,0.0641349701299905,transport,1,1,0.055723106227836744,1,0,0,,0.9107541276215987,-0.34004731982298714,0.03265170531741089,-0.07181813891172596,-0.3939253979000851,0.016893383495385886,-0.09843910139001122
33.748333333333335,-0.33983248696580914,0.03244050444928361,-0.07345283160386747,0.11112442214081758,-0.25377698490131667,0.10688671488092065,0.05409291093427593,0.015547120953897726,0.024986269786143753,0.04687724929857654,transport,1,1,0.05628282138715714,1,0,0,,0.9196787148594384,-0.33998744570266587,0.03213160769398554,-0.07308161753515627,-0.3939253979000851,0.016893383495385886,-0.09843910139001122
33.781666666666666,-0.33887381176434306,0.03325091904596436,-0.07435123769719469,0.11208309734228367,-0.2529665703046359,0.10598830878759342,0.055051586135742014,0.016357535550578475,0.024087863692816527,0.07420577015772216,transport,1,1,0.05743035874299813,1,0,0,,0.9286033020972781,-0.33935098094540644,0.0328635538253207,-0.07523511077282509,-0.3939253979000851,0.016893383495385886,-0.09843910139001122
33.815000000000005,-0.33975117120064346,0.03358999732241289,-0.07826379521624685,0.11120573790598326,-0.25262749202818735,0.10207575126854126,0.05417422669944161,0.016696613827027005,0.020175306173764368,0.04838997190685826,transport,1,1,0.05668883269014596,1,0,0,,0.9375278893351199,-0.337571877320781,0.034463770878920386,-0.07500213793984921,-0.3939253979000851,0.016893383495385886,-0.09843910139001122
33.848333333333336,-0.33932071668051156,0.03460741489023533,-0.07724385916164418,0.11163619242611517,-0.25161007446036493,0.10309568732314393,0.054604681219573514,0.017714031394849446,0.021195242228367037,0.12465649978170443,transport,1,1,0.05740608085690014,1,0,0,,0.9464524765729596,-0.3399985737526494,0.034518610409518084,-0.07792606425281588,-0.3939253979000851,0.016893383495385886,-0.09843910139001122
33.88166666666667,-0.33749361945216516,0.03577628499528088,-0.07057049239754189,0.11346328965446156,-0.25044120435531936,0.10976905408724623,0.05643177844791991,0.01888290149989499,0.027868608992469332,0.12300826066028815,transport,1,1,0.05950722298889316,1,0,0,,0.9553770638107993,-0.34151758655256265,0.03450109309210254,-0.0816010190697181,-0.3939253979000851,0.016893383495385886,-0.09843910139001122
33.915,-0.3375636009267791,0.036307209114779686,-0.06941619822233965,0.11339330817984761,-0.24991028023582057,0.11092334826244847,0.056361796973305955,0.0194138256193938,0.029022903167671574,0.060314194778964436,transport,1,1,0.05961164972755235,1,0,0,,0.9643016510486391,-0.3343731656699992,0.037372064757124,-0.06042697409138941,-0.3939253979000851,0.016893383495385886,-0.09843910139001122
33.94833333333334,-0.33909434557998824,0.03656410886885653,-0.07417396554229877,0.11186256352663848,-0.24965338048174374,0.10616558094248935,0.05483105232009683,0.019670725373470647,0.02426513584771245,0.12433990653802746,transport,1,1,0.058252740152268355,1,0,0,,0.9732262382864807,-0.334994648829372,0.037553692178592994,-0.06190168447745496,-0.3939253979000851,0.016893383495385886,-0.09843910139001122
33.98166666666667,-0.34013735628574954,0.0371316730929883,-0.07725258682383489,0.11081955282087719,-0.24908581625761195,0.10308695966095323,0.053788041614335536,0.020238289597602415,0.02118651456617633,0.06954493110721538,transport,1,1,0.057469485699298835,1,0,0,,0.9821508255243205,-0.34424257523400326,0.03593749963278499,-0.0897931344555733,-0.3939253979000851,0.016893383495385886,-0.09843910139001122
34.015,-0.34010975110436675,0.037995853361197214,-0.07846518955410725,0.11084715800225997,-0.24822163598940306,0.10187435693068086,0.05381564679571832,0.021102469865811328,0.019973911835903968,0.03987683586936262,transport,1,1,0.05780517342313733,1,0,0,,0.9910754127621603,-0.34421482241881673,0.03696128094136809,-0.08970909874954562,-0.3939253979000851,0.016893383495385886,-0.09843910139001122
34.04833333333333,-0.34027562344192297,0.03906318360196934,-0.07907399731765713,0.11068128566470375,-0.24715430574863093,0.10126554916713099,0.0536497744581621,0.02216980010658345,0.01936510407235409,0.04984259363720747,transport,1,1,0.05804996413588496,1,0,0,,1.0,-0.33643790472935214,0.04011842331249721,-0.06752869559392147,-0.3939253979000851,0.016893383495385886,-0.09843910139001122
34.08166666666667,-0.3409094780441269,0.039987320353418045,-0.08100206930831592,0.11004743106249981,-0.24623016899718222,0.09933747717647219,0.05301591985595816,0.023093936858032158,0.017437032081695295,0.09160419047469284,placement_lowering,1,1,0.057827482028670024,1,0,0,,,-0.33573420510967106,0.04117823961058309,-0.06828864408348881,-0.3939253979000851,0.016893383495385886,-0.09843910139001122
34.115,-0.34232582472848855,0.040406072292296175,-0.08466757528559463,0.10863108437813818,-0.2458114170583041,0.09567197119919349,0.051599573171596524,0.023512688796910288,0.013771526104416593,0.11881839346395441,placement_lowering,1,1,0.056704166389704505,1,0,0,,,-0.34736104699863835,0.03930162476470399,-0.09692136420379238,-0.3939253979000851,0.016893383495385886,-0.09843910139001122
34.14833333333333,-0.3438701312560418,0.04065491069152775,-0.08831880906730774,0.1070867778505849,-0.24556257865907252,0.09202073741748037,0.05005526664404325,0.02376152719614186,0.010120292322703478,0.017924217801691778,placement_lowering,1,1,0.055408843098365246,1,0,0,,,-0.34689648751759344,0.039974609846555875,-0.09823675475401733,-0.3939253979000851,0.016893383495385886,-0.09843910139001122
34.18166666666667,-0.342725810674946,0.041427225833167824,-0.08419306810855857,0.10823109843168072,-0.24479026351743244,0.09614647837622954,0.051199587225139065,0.024533842337781938,0.014246033281452644,0.25991895809079857,placement_lowering,1,1,0.05677417680495037,1,0,0,,,-0.3393414432751016,0.04198345570685619,-0.07396435174781255,-0.3939253979000851,0.016893383495385886,-0.09843910139001122
34.215,-0.338536882599094,0.042668639606001285,-0.07195548020671376,0.11242002650753274,-0.24354884974459898,0.10838406627807436,0.05538851530099109,0.0257752561106154,0.02648362118329746,0.20549839420398563,placement_lowering,1,1,0.06109215542781201,0,0,0,,,-0.3386887823157627,0.04294201356643298,-0.07232190299010631,-0.3939253979000851,0.016893383495385886,-0.09843910139001122
34.248333333333335,-0.3385987171635159,0.04303746412026234,-0.07122922228395573,0.11235819194311081,-0.24318002523033794,0.10911032420083239,0.055326680736569156,0.026144080624876453,0.02720987910605549,0.132835789183332,placement_lowering,1,1,0.061192765528665996,0,0,0,,,-0.3388053753531549,0.042951770069611164,-0.07252541930361571,-0.3939253979000851,0.016893383495385886,-0.09843910139001122
34.281666666666666,-0.3417848743394517,0.04278789469217867,-0.08019320391083631,0.10917203476717502,-0.2434295946584216,0.1001463425739518,0.05214052356063337,0.025894511196792782,0.018245897479174905,0.28353185036436107,placement_lowering,1,1,0.05821649171238155,1,0,0,,,-0.3393452772940096,0.04290794660559117,-0.07240552038747201,-0.3939253979000851,0.016893383495385886,-0.09843910139001122
34.315000000000005,-0.34468586897729014,0.04229155394761753,-0.08910883268903114,0.10627104012933658,-0.24392593540298274,0.09123071379575698,0.04923952892279493,0.025398170452231642,0.009330268700980082,0.24455571373151538,placement_lowering,1,1,0.05540395537197115,1,0,0,,,-0.3472155269182168,0.04210421886242054,-0.09610547995760306,-0.3939253979000851,0.016893383495385886,-0.09843910139001122
34.348333333333336,-0.3468430553007742,0.04225506355800665,-0.09568326506792948,0.10411385380585253,-0.2439624257925936,0.08465628141685863,0.04708234259931088,0.025361680062620764,0.002755836322081734,0.14718164922066676,placement_lowering,1,1,0.05347861067976261,1,0,0,,,-0.34757343012082437,0.04214460450431578,-0.09698239651796055,-0.3939253979000851,0.016893383495385886,-0.09843910139001122
34.38333333333333,-0.348141499051181,0.04195557664037073,-0.09832867596037567,0.1028154100554457,-0.24426191271022954,0.08201087052441244,0.04578389884890405,0.025062193144984844,0.00011042542963554669,0.025756158390631775,placement_lowering,1,1,0.05219462538464284,1,0,0,,,-0.34748855647703275,0.041659704212762945,-0.09843393374764332,-0.3939253979000851,0.016893383495385886,-0.09843910139001122
34.41666666666667,-0.3483934133991413,0.04149328066340096,-0.09545267384478144,0.10256349570748541,-0.2447242086871993,0.08488687264000667,0.045531984500943756,0.024599897168015073,0.002986427545229778,0.063211395049304,placement_lowering,1,1,0.05175245456276541,1,0,0,,,-0.3476312943209605,0.042438292453482206,-0.09320341284879073,-0.3939253979000851,0.016893383495385886,-0.09843910139001122
34.45,-0.35032268782790904,0.040608151571474724,-0.09498421172161613,0.10063422127871768,-0.24560933777912553,0.08535533476317199,0.04360271007217603,0.023714768076088837,0.003454889668395092,0.08995350687679467,placement_lowering,1,1,0.04963452982089105,1,0,0,,,-0.3502520377744983,0.040249744184115865,-0.09418720658563502,-0.3939253979000851,0.016893383495385886,-0.09843910139001122
34.483333333333334,-0.3538130201538324,0.039806058518360346,-0.09738760515270439,0.0971438889527943,-0.24641143083223993,0.08295194133208372,0.04011237774625265,0.02291267502297446,0.001051496237306826,0.08096192481212372,placement_lowering,1,1,0.046195167768571875,1,0,0,,,-0.3535069330258356,0.0395920534008685,-0.09644712597656886,-0.3939253979000851,0.016893383495385886,-0.09843910139001122
34.516666666666666,-0.35481699623019486,0.03963218341604213,-0.09215909748451873,0.09613991287643187,-0.24658530593455813,0.08818044900026939,0.039108401669890214,0.022738799920656246,0.006280003905492493,0.13524057047676968,placement_lowering,1,1,0.0452384803348334,1,0,0,,,-0.3562307967181175,0.03907583275098983,-0.09593622510341879,-0.3939253979000851,0.016893383495385886,-0.09843910139001122
34.550000000000004,-0.35678947874294575,0.03950905930710212,-0.08888222876324375,0.09416743036368097,-0.24670843004349813,0.09145731772154436,0.03713591915713932,0.022615675811716234,0.009556872626767465,0.09410556959177185,placement_lowering,1,1,0.043480401148865144,1,0,0,,,-0.3588524817621107,0.039618347508817355,-0.0960045369445502,-0.3939253979000851,0.016893383495385886,-0.09843910139001122
34.583333333333336,-0.36089847676694503,0.038263943228321086,-0.09144995492275201,0.0900584323396817,-0.24795354612227918,0.0888895915620361,0.03302692113314004,0.0213705597329352,0.006989146467259205,0.09402120548966031,placement_lowering,1,1,0.03933800125621031,1,0,0,,,-0.3539231651006025,0.04001055899626008,-0.07074337282412056,-0.3939253979000851,0.016893383495385886,-0.09843910139001122
34.61666666666667,-0.36259346560412903,0.037415842279518795,-0.0877772353401895,0.0883634435024977,-0.24880164707108146,0.09256231114459862,0.031331932295956044,0.02052245878413291,0.010661866049821722,0.09076710099318754,placement_lowering,1,1,0.0374547900267083,1,0,0,,,-0.3669390824518921,0.036210853806161715,-0.09965370930372033,-0.3939253979000851,0.016893383495385886,-0.09843910139001122
34.650000000000006,-0.3663708434820645,0.0358243766684673,-0.090602598069812,0.08458606562456222,-0.25039311268213293,0.08973694841497612,0.02755455441802057,0.018930993173081414,0.007836503320199223,0.2577331031209178,placement_lowering,1,1,0.033431062975844965,1,0,0,,,-0.3705730302647131,0.034532885424466996,-0.1027553174092821,-0.3939253979000851,0.016893383495385886,-0.09843910139001122
34.68333333333334,-0.3723993640193727,0.03428078212524157,-0.10153383329116937,0.07855754508725404,-0.2519367072253587,0.07880571319361875,0.021526033880712392,0.017387398629855683,-0.0030947319011581514,0.16109039951623064,placement_lowering,1,1,0.027671135967774887,1,0,0,,,-0.3633705718896047,0.036574180396793235,-0.07594220473281867,-0.3939253979000851,0.016893383495385886,-0.09843910139001122
34.71666666666667,-0.373513054034542,0.03387254422504698,-0.09838161028562453,0.07744385507208473,-0.2523449451255533,0.08195793619916358,0.02041234386554308,0.016979160729661092,5.749110438668659e-05,0.13378758488263914,placement_lowering,1,1,0.026551001509714085,1,0,0,,,-0.3776477695936673,0.032714936756227095,-0.10960696960387405,-0.3939253979000851,0.016893383495385886,-0.09843910139001122
34.75,-0.37423900453516673,0.03324783762991332,-0.09286778555218583,0.07671790457146,-0.25296965172068697,0.08747176093260228,0.019686393364918342,0.016354454134527432,0.005571315837825386,0.08516131945651921,placement_lowering,1,1,0.025593402543559195,1,0,0,,,-0.37954463266860666,0.03253414269550503,-0.1096250500065223,-0.3939253979000851,0.016893383495385886,-0.09843910139001122
34.78333333333334,-0.37743886243237534,0.031663856160625815,-0.09492576913731342,0.07351804667425138,-0.2545536331899744,0.0854137773474747,0.01648653546770973,0.014770472665239929,0.003513332252697801,0.07129065680815114,placement_lowering,1,1,0.022135327295584557,1,0,0,,,-0.37206848656548946,0.03291182137206192,-0.07995409418829919,-0.3939253979000851,0.016893383495385886,-0.09843910139001122
34.81666666666667,-0.37833894488185327,0.030958526603280655,-0.09213443649795204,0.07261796422477346,-0.25525896274731963,0.08820510998683607,0.015586453018231805,0.014065143107894768,0.006304664892059178,0.09248423589987953,placement_lowering,1,1,0.020994422314869896,1,0,0,,,-0.37564893268318955,0.03112173994932787,-0.08172965792517695,-0.3939253979000851,0.016893383495385886,-0.09843910139001122
34.85,-0.38173605665672805,0.029814971275070754,-0.09894205644862122,0.06922085244989867,-0.2564025180755295,0.08139749003616689,0.012189341243357021,0.012921587779684867,-0.0005029550586100051,0.30987078684054814,placement_lowering,1,1,0.01776365589328688,1,0,0,,,-0.3860016617928197,0.028658473799760293,-0.11101159467910897,-0.3939253979000851,0.016893383495385886,-0.09843910139001122
34.88333333333333,-0.38693655946805616,0.02880694482055264,-0.11079473795681528,0.06402034963857056,-0.25741054453004764,0.06954480852797283,0.00698883843202891,0.011913561325166754,-0.012355636566804065,0.2894317272176908,placement_lowering,1,1,0.01381219772800525,1,0,0,,,-0.3868159186847871,0.029174468487331472,-0.11216851920400929,-0.3939253979000851,0.016893383495385886,-0.09843910139001122
34.91666666666667,-0.38948742835933275,0.028059681775070424,-0.11652470492912824,0.06146948074729397,-0.25815780757552986,0.06381484155565988,0.004437969540752318,0.011166298279684538,-0.01808560353911702,0.1405992630668393,placement_lowering,1,1,0.012015897424476094,1,0,0,,,-0.3883158456430561,0.02842042602169456,-0.11462267032377445,-0.3939253979000851,0.016893383495385886,-0.09843910139001122
34.95,-0.3912236734905735,0.027297904597438295,-0.11899241492901196,0.059733235616053204,-0.25891958475316196,0.06134713155577616,0.0027017244095115522,0.010404521102052408,-0.020553313539000737,0.05042093242417673,placement_lowering,1,1,0.010749575533387559,1,0,0,,,-0.39120364112736283,0.027600313616026363,-0.11358361681549974,-0.3939253979000851,0.016893383495385886,-0.09843910139001122
34.983333333333334,-0.3924761421836418,0.026797892387267062,-0.11564467260549069,0.05848076692298493,-0.2594195969633332,0.06469487387929743,0.0014492557164432762,0.009904508891881176,-0.01720557121547947,0.1836481701464238,placement_lowering,1,1,0.010009976949074198,1,0,0,,,-0.39218473744013005,0.026045677530192067,-0.11916368159883575,-0.3939253979000851,0.016893383495385886,-0.09843910139001122
35.016666666666666,-0.3924901843603199,0.026688191229366744,-0.10683016086912321,0.05846672474630682,-0.25952929812123354,0.0735093856156649,0.0014352135397651677,0.009794807733980858,-0.008391059479111992,0.2878330809470825,placement_lowering,1,1,0.009899398792369993,1,0,0,,,-0.3951768075803895,0.026103665793365077,-0.11845960892763596,-0.3939253979000851,0.016893383495385886,-0.09843910139001122
35.050000000000004,-0.3919017519532894,0.02640311219329454,-0.09646846246069715,0.05905515715333731,-0.2598143771573057,0.08387108402409096,0.0020236459467956602,0.009509728697908653,0.001970638929314067,0.2948544929874003,placement_lowering,1,1,0.009722658218090869,1,0,0,,,-0.3898533491492515,0.02763013765993419,-0.08441195538581332,-0.3939253979000851,0.016893383495385886,-0.09843910139001122
35.083333333333336,-0.39194697412568974,0.025827246812561416,-0.08719957204690161,0.059009934980936984,-0.26039024253803883,0.0931399744378865,0.0019784237743953326,0.008933863317175529,0.011239529343109608,0.18195544213398349,placement_lowering,1,1,0.009150304607009933,1,0,0,,,-0.3912263077391462,0.025795316552654192,-0.08531691982805237,-0.3939253979000851,0.016893383495385886,-0.09843910139001122
35.11666666666667,-0.3933018743589426,0.024008496136288807,-0.08465951783956238,0.05765503474768413,-0.26220899321431146,0.09568002864522573,0.0006235235411424789,0.007115112640902921,0.013779583550448837,0.06974113317877714,placement_lowering,1,1,0.007142381220510103,1,0,0,,,-0.3934152281728562,0.023837287170132358,-0.08734698771643945,-0.3939253979000851,0.016893383495385886,-0.09843910139001122
35.150000000000006,-0.3951138761236789,0.022646967007985495,-0.08598567130136879,0.05584303298294785,-0.26357052234261474,0.09435387518341933,-0.001188478223593803,0.005753583512599608,0.012453430088642428,0.18455201779650757,placement_lowering,1,1,0.005875049252935223,1,0,0,,,-0.3959239797635629,0.022393884252694615,-0.09003496143749531,-0.3939253979000851,0.016893383495385886,-0.09843910139001122
35.18333333333334,-0.3976079083958394,0.020975153558261066,-0.09577852071255695,0.0533490007107873,-0.2652423357923392,0.08456102577223117,-0.003682510495754354,0.004081770062875179,0.002660580677454269,0.22974843350195814,placement_lowering,1,1,0.005497429435429347,1,0,0,,,-0.3981210243093905,0.020200438431492166,-0.09186871616133328,-0.3939253979000851,0.016893383495385886,-0.09843910139001122
35.21666666666667,-0.39797322766687054,0.019459424910156904,-0.10069147841211804,0.05298368143975618,-0.26675806444044337,0.07964806807267008,-0.004047829766785471,0.0025660414147710177,-0.0022523770221068162,0.05251082005820113,placement_lowering,1,1,0.004792650035543443,1,0,0,,,-0.39551923295179775,0.021551096424253458,-0.08880656188185689,-0.3939253979000851,0.016893383495385886,-0.09843910139001122
35.25,-0.3970072123292681,0.01819615732107833,-0.09782091979945202,0.05394969677735861,-0.26802133202952194,0.08251862668533609,-0.0030818144291830385,0.001302773825692445,0.0006181815905591942,0.09272149399260828,placement_lowering,1,1,0.0033458630899709726,1,0,0,,,-0.4019119492077492,0.01608809991088311,-0.12669319517923178,-0.3939253979000851,0.016893383495385886,-0.09843910139001122
35.28333333333334,-0.3990248475553032,0.015354029534336488,-0.10519147147007696,0.051932061551323516,-0.27086345981626375,0.07514807501471116,-0.005099449655218136,-0.0015393539610493983,-0.006752370080065739,0.15267459194365143,placement_lowering,1,1,0.00532672482896412,1,0,0,,,-0.39463464340439613,0.016390128248193782,-0.08813396355633646,-0.3939253979000851,0.016893383495385886,-0.09843910139001122
35.31666666666667,-0.40047991769391433,0.012780603341973756,-0.10570825193504622,0.05047699141271239,-0.2734368860086265,0.07463129454974189,-0.006554519793829261,-0.00411278015341213,-0.007269150545035005,0.12766850611368932,placement_lowering,1,1,0.007738002992891659,1,0,0,,,-0.39812005195965217,0.014309222536565823,-0.08915457705526264,-0.3939253979000851,0.016893383495385886,-0.09843910139001122
35.35,-0.39997205167659994,0.011804663004633585,-0.09751384804984695,0.050984857430026786,-0.2744128263459667,0.08282569843494117,-0.006046653776514865,-0.005088720490752301,0.0009252533401642726,0.19026420985658174,placement_lowering,1,1,0.007902980331877578,1,0,0,,,-0.40701535647838816,0.008442979033504118,-0.1286280799350425,-0.3939253979000851,0.016893383495385886,-0.09843910139001122
35.38333333333333,-0.3994403809265757,0.011166815573080724,-0.0931700691267393,0.051516528180051036,-0.2750506737775195,0.08716947735804882,-0.005514983026490616,-0.005726567922305163,0.005269032263271925,0.05261361812584381,placement_lowering,1,1,0.00795038476749736,1,0,0,,,-0.39723721592279637,0.012130780855634817,-0.08578498527886882,-0.3939253979000851,0.016893383495385886,-0.09843910139001122
35.41666666666667,-0.399415228785315,0.009476200825048879,-0.0949503950442853,0.051541680321311734,-0.2767412885255514,0.08538915144050281,-0.005489830885229918,-0.007417182670337008,0.0034887063457259143,0.09255647919556004,placement_lowering,1,1,0.00922782975100711,1,0,0,,,-0.39653556046505334,0.01116249035787345,-0.0823012136548565,-0.3939253979000851,0.016893383495385886,-0.09843910139001122
35.45,-0.39669546191710375,0.009499964789752654,-0.08790117374892704,0.05426144718952297,-0.2767175245608476,0.09243837273586107,-0.0027700640170186808,-0.007393418705633233,0.010537927641084174,0.06968910658404909,placement_lowering,1,1,0.007895308405324587,1,0,0,,,-0.395762365313827,0.010162303243432494,-0.0800811328892025,-0.3939253979000851,0.016893383495385886,-0.09843910139001122
35.483333333333334,-0.3967464130162315,0.00831591179112118,-0.09132880501909167,0.054210496090395244,-0.2779015775594791,0.08901074146569644,-0.002821015116146408,-0.008577471704264707,0.007110296370919547,0.07935850927334309,placement_lowering,1,1,0.009029459957438663,1,0,0,,,-0.4030479893368891,0.004339738073311771,-0.12046920477533485,-0.3939253979000851,0.016893383495385886,-0.09843910139001122
35.516666666666666,-0.3938975568827201,0.009145091813751519,-0.08342502643394568,0.05705935222390662,-0.27707239753684876,0.09691452005084243,2.7841017364971243e-05,-0.007748291681634368,0.015014074956065535,0.09929628541345445,placement_lowering,1,1,0.007748341700385461,1,0,0,,,-0.3899882698550126,0.0113127130104034,-0.07316480434151516,-0.3939253979000851,0.016893383495385886,-0.09843910139001122
35.550000000000004,-0.39286261644676257,0.008391302692948934,-0.08596862202422276,0.058094292659864155,-0.27782618665765135,0.09437092446056536,0.0010627814533225033,-0.008502080802436952,0.012470479365788462,0.06648825675278443,placement_lowering,1,1,0.008568248501805563,1,0,0,,,-0.3924394500629585,0.00904737811871972,-0.07542950053458357,-0.3939253979000851,0.016893383495385886,-0.09843910139001122
35.583333333333336,-0.3900217298031284,0.008738858001962276,-0.08131305057407048,0.060935179303498344,-0.277478631348638,0.09902649591071763,0.0039036680969566917,-0.00815452549342361,0.017126050815940735,0.054313915481204886,placement_lowering,1,1,0.009040736177662363,1,0,0,,,-0.3883078313844183,0.0104810800705825,-0.07323866171064895,-0.3939253979000851,0.016893383495385886,-0.09843910139001122
35.61666666666667,-0.38997954697252807,0.0078008214090269385,-0.08807820958098043,0.060977362134098656,-0.2784166679415733,0.09226133690380768,0.003945850927557004,-0.009092562086358948,0.010360891809030784,0.05058774512998865,placement_lowering,1,1,0.009911832567027889,1,0,0,,,-0.39506665000584024,0.003534964681265168,-0.11548863181354649,-0.3939253979000851,0.016893383495385886,-0.09843910139001122
35.650000000000006,-0.3869026521209862,0.009451498752702504,-0.08237952328830168,0.06405425698564055,-0.27676599059789775,0.09796002319648643,0.007022745779098893,-0.007441884742683383,0.016059578101709535,0.05461057151059361,placement_lowering,1,1,0.010232331445043942,1,0,0,,,-0.38477849994790714,0.01058827527094473,-0.07439874076731977,-0.3939253979000851,0.016893383495385886,-0.09843910139001122
35.68333333333334,-0.38691901945919627,0.009708637505207332,-0.08758007276596415,0.06403788964743046,-0.2765088518453929,0.09275947371882397,0.007006378440888805,-0.007184745990178555,0.01085902862404707,0.04993142235019164,placement_lowering,1,1,0.010035432915442077,1,0,0,,,-0.3854697124865054,0.011184543975098955,-0.07617879489184448,-0.3939253979000851,0.016893383495385886,-0.09843910139001122
35.71666666666667,-0.3857724997843423,0.011342303522891315,-0.08487517271768882,0.06518440932228442,-0.2748751858277089,0.09546437376709929,0.008152898115742768,-0.005551079972494571,0.013563928672322395,0.06973884319566513,placement_lowering,1,1,0.009863277170733483,1,0,0,,,-0.38408249977505754,0.012706987744550948,-0.07654885697915106,-0.3939253979000851,0.016893383495385886,-0.09843910139001122
35.75,-0.387361396826909,0.011276394714569517,-0.09193461326199326,0.06359551227971771,-0.2749410946360307,0.08840493322279486,0.006564001073176062,-0.00561698878081637,0.00650448812801796,0.0925052854747621,placement_lowering,1,1,0.008639251880369821,1,0,0,,,-0.39200203670061157,0.007711476118003312,-0.11966465577474178,-0.3939253979000851,0.016893383495385886,-0.09843910139001122
35.78333333333334,-0.38738982181367454,0.012314079382263332,-0.09074646259890776,0.06356708729295218,-0.27390340996833695,0.08959308388588036,0.006535576086410533,-0.004579304113122554,0.007692638791103462,0.10362556870578873,placement_lowering,1,1,0.007980211835642107,1,0,0,,,-0.38537248722536044,0.013479580282976803,-0.07936908099003073,-0.3939253979000851,0.016893383495385886,-0.09843910139001122
35.81666666666667,-0.38667371404588524,0.013709402408676479,-0.08550552629414196,0.06428319506074148,-0.2725080869419238,0.09483402019064616,0.007251683854199831,-0.0031839810867094077,0.01293357509586926,0.22345625818268533,placement_lowering,1,1,0.007919889789749964,1,0,0,,,-0.3862525797925178,0.014635149044493225,-0.07942513871353285,-0.3939253979000851,0.016893383495385886,-0.09843910139001122
35.85,-0.38511854489630765,0.01571622033156829,-0.07642201335228618,0.06583836421031908,-0.270501269019032,0.10391753313250193,0.008806853003777426,-0.0011771631638175968,0.022017088037725036,0.06314524121193765,placement_lowering,1,1,0.00888517714760896,1,0,0,,,-0.3858823612414774,0.015288990251057268,-0.08027382950896299,-0.3939253979000851,0.016893383495385886,-0.09843910139001122
35.88333333333333,-0.3866814399202285,0.015733405842027263,-0.08181435043177353,0.0642754691863982,-0.270484083508573,0.09852519605301459,0.007243957979856552,-0.0011599776533586237,0.01662475095823769,0.11294277744336138,placement_lowering,1,1,0.0073362439552007,1,0,0,,,-0.385452004762865,0.015729995982457282,-0.08127854448172753,-0.3939253979000851,0.016893383495385886,-0.09843910139001122
35.91666666666667,-0.38732861522702017,0.016100672138308007,-0.08360960228923665,0.06362829387960656,-0.27011681721229225,0.09672994419555146,0.006596782673064905,-0.0007927113570778792,0.014829499100774565,0.05977908304671666,placement_lowering,1,1,0.006644240583489554,1,0,0,,,-0.3876731396126859,0.01603522837286638,-0.08397463431140255,-0.3939253979000851,0.016893383495385886,-0.09843910139001122
35.95,-0.38809849688286524,0.016244287379610183,-0.08550397699175463,0.06285841222376148,-0.26997320197099006,0.09483556949303348,0.005826901017219832,-0.0006490961157757033,0.012935124398256587,0.06499357755020867,placement_lowering,1,1,0.005862943052085072,1,0,0,,,-0.3895237001565458,0.01614732434384599,-0.08598922984555453,-0.3939253979000851,0.016893383495385886,-0.09843910139001122
35.983333333333334,-0.389104802588796,0.016155700148575973,-0.08756133578053955,0.06185210651783074,-0.2700617892020243,0.09277821070424856,0.004820595311289089,-0.0007376833468099135,0.010877765609471665,0.0583052133638751,placement_lowering,1,1,0.004876711584191034,1,0,0,,,-0.38788533276835335,0.016521010268616968,-0.08692208946211978,-0.3939253979000851,0.016893383495385886,-0.09843910139001122
36.016666666666666,-0.3894554773706752,0.016072618839936575,-0.08914238508428277,0.06150143173595152,-0.2701448705106637,0.09119716140050535,0.004469920529409865,-0.000820764655449311,0.009296716305728453,0.059304241952507344,placement_lowering,1,1,0.0045446500590116505,1,0,0,,,-0.38923160474115126,0.01577805456672649,-0.08918245877786259,-0.3939253979000851,0.016893383495385886,-0.09843910139001122
36.050000000000004,-0.39065755831150445,0.015512982856498856,-0.09114001495766366,0.060299350795122275,-0.2707045064941014,0.08919953152712445,0.0032678395885806233,-0.0013804006388870305,0.007299086432347557,0.0556508780313536,placement_lowering,1,1,0.0035474330861250225,1,0,0,,,-0.3911172034354893,0.015592419214722323,-0.09127839274700666,-0.3939253979000851,0.016893383495385886,-0.09843910139001122
36.083333333333336,-0.39149610345582425,0.015402960586672999,-0.09216760199232721,0.05946080565080247,-0.27081452876392725,0.08817194449246091,0.002429294444260821,-0.0014904229087128879,0.0062714993976840105,0.029717437543734872,placement_lowering,1,1,0.002850058235147604,1,0,0,,,-0.39099766200936653,0.015676296510754806,-0.09194934939789076,-0.3939253979000851,0.016893383495385886,-0.09843910139001122
36.11666666666667,-0.3919216230882958,0.015284192666541277,-0.09264825902014596,0.05903528601833091,-0.27093329668405897,0.08769128746464215,0.0020037748117892606,-0.0016091908288446092,0.005790842369865254,0.011849703148541864,placement_lowering,1,1,0.0025699433106585617,1,0,0,,,-0.3931446164496495,0.014501184523261573,-0.09367824351869355,-0.3939253979000851,0.016893383495385886,-0.09843910139001122
36.150000000000006,-0.39078115309119654,0.01558235681270399,-0.09188346874498815,0.06017575601543018,-0.2706351325378963,0.08845607773979997,0.00314424480888853,-0.001311026682681897,0.006555632645023068,0.04083262445375716,placement_lowering,1,1,0.003406620962321222,1,0,0,,,-0.3897148736754291,0.016436168334705323,-0.0908109117119818,-0.3939253979000851,0.016893383495385886,-0.09843910139001122
36.18333333333334,-0.3898688082564386,0.015972261658954195,-0.0909981836097026,0.06108810085018812,-0.27024522769164605,0.08934136287508551,0.004056589643646469,-0.0009211218364316917,0.007440917780308615,0.041230320374159767,placement_lowering,1,1,0.004159853960716779,1,0,0,,,-0.3911025752585623,0.015217086925057615,-0.0920007770429299,-0.3939253979000851,0.016893383495385886,-0.09843910139001122
36.21666666666667,-0.38875092356135676,0.01650357426238585,-0.09027573359110315,0.06220598554526996,-0.2697139150882144,0.09006381289368497,0.005174474338728308,-0.0003898092330000373,0.00816336779890807,0.024601410376453605,placement_lowering,1,1,0.0051891363366450335,1,0,0,,,-0.38706478550098133,0.0170437220120558,-0.089084211840555,-0.3939253979000851,0.016893383495385886,-0.09843910139001122
36.25,-0.38874169655780816,0.01664023887198969,-0.09001160666245826,0.062215212548818566,-0.2695772504786106,0.09032793982232985,0.005183701342276914,-0.00025314462339619606,0.008427494727552956,0.012507818382356362,stationary_post_release,1,1,0.005189878785316462,1,0,0,,,-0.3895179933611066,0.016554265552528022,-0.0903707799650931,-0.3939253979000851,0.016893383495385886,-0.09843910139001122
36.28333333333334,-0.3885869908635107,0.017065222206472924,-0.08968160306440806,0.06236991824311605,-0.2691522671441273,0.09065794342038005,0.0053384070365744,0.00017183871108703702,0.008757498325603158,0.007304668502335,stationary_post_release,1,1,0.005341171990375812,1,0,0,,,-0.38857175694836,0.016897606461895837,-0.09033134823377613,-0.3939253979000851,0.016893383495385886,-0.09843910139001122
36.31666666666667,-0.38903285376142305,0.017018777913235725,-0.08991630108929607,0.06192405534520368,-0.2691987114373645,0.09042324539549204,0.004892544138662025,0.00012539441784983896,0.008522800300715144,0.005040690027125025,stationary_post_release,1,1,0.00489415078525213,1,0,0,,,-0.38898908720422987,0.017179032391540925,-0.08904935615937153,-0.3939253979000851,0.016893383495385886,-0.09843910139001122
36.35,-0.3884494626125982,0.0173611871812116,-0.08960149295730388,0.0625074464940285,-0.26885630216938866,0.09073805352748424,0.005475935287486855,0.00046780368582571494,0.008837608432707339,0.008005637747836363,stationary_post_release,1,1,0.0054958809631592154,1,0,0,,,-0.38885741027366966,0.017199417340003544,-0.090186828236478,-0.3939253979000851,0.016893383495385886,-0.09843910139001122
36.38333333333333,-0.38856175641768403,0.01726917870658692,-0.08993086912387409,0.06239515268894269,-0.26894831064401337,0.09040867736091403,0.005363641482401038,0.00037579521120103404,0.00850823226613713,0.013490276950231084,stationary_post_release,1,1,0.005376790119810781,1,0,0,,,-0.3881397053518209,0.017304305383908182,-0.08966907808794494,-0.3939253979000851,0.016893383495385886,-0.09843910139001122
36.41666666666667,-0.38868932288273855,0.017036648725189184,-0.09040521896507406,0.06226758622388817,-0.2691808406254111,0.08993432751971406,0.00523607501734652,0.00014326522980329798,0.008033882424937161,0.013818358097404301,stationary_post_release,1,1,0.005238034604062,1,0,0,,,-0.38832610495436015,0.017464651079714805,-0.09008168976995556,-0.3939253979000851,0.016893383495385886,-0.09843910139001122
36.45,-0.38900667347590673,0.016813663515447757,-0.0905966079213199,0.061950235630719996,-0.2694038258351525,0.08974293856346821,0.0049187244241783445,-7.971997993812957e-05,0.007842493468691314,0.00917079864947879,stationary_post_release,1,1,0.00491937041055153,1,0,0,,,-0.3894967556866879,0.01634462937352562,-0.09124230255843616,-0.3939253979000851,0.016893383495385886,-0.09843910139001122
36.483333333333334,-0.3891102663342531,0.01671054396917969,-0.09070564507049877,0.06184664277237362,-0.26950694538142056,0.08963390141428934,0.004815131565831965,-0.00018283952620619728,0.007733456319512444,0.005802256409917779,stationary_post_release,1,1,0.00481860169433153,1,0,0,,,-0.38929807941779526,0.016618783869375136,-0.0904793413693651,-0.3939253979000851,0.016893383495385886,-0.09843910139001122
36.516666666666666,-0.38918550841010185,0.01648133309435781,-0.09068147264741952,0.06177140069652487,-0.2697361562562425,0.0896580738373686,0.004739889489983218,-0.00041205040102807594,0.007757628742591699,0.006020135074271767,stationary_post_release,1,1,0.004757766063000656,1,0,0,,,-0.38905700751999966,0.016736540859343833,-0.0907151552501033,-0.3939253979000851,0.016893383495385886,-0.09843910139001122
36.550000000000004,-0.388919618555645,0.01660593138747924,-0.09036832429621744,0.06203729055098173,-0.26961155796312103,0.08997122218857068,0.0050057793444400756,-0.00028745210790664597,0.00807077709379378,0.00402746444944259,stationary_post_release,1,1,0.0050140258834157295,1,0,0,,,-0.3884787855569133,0.016774892767282498,-0.09015629096922377,-0.3939253979000851,0.016893383495385886,-0.09843910139001122
36.583333333333336,-0.389014226451172,0.01650386220366048,-0.09047593455587709,0.06194268265545472,-0.2697136271469398,0.08986361192891103,0.004911171448913065,-0.00038952129172540803,0.00796316683413413,0.011333341427638522,stationary_post_release,1,1,0.00492659434470977,1,0,0,,,-0.38961440148777665,0.016003552951622382,-0.0908286879989828,-0.3939253979000851,0.016893383495385886,-0.09843910139001122
36.61666666666667,-0.3895047139661484,0.01638567121452306,-0.09079260466316202,0.06145219514047834,-0.2698318181360772,0.08954694182162609,0.004420683933936687,-0.0005077122808628265,0.007646496726849195,0.013202550207344128,stationary_post_release,1,1,0.004449743611030289,1,0,0,,,-0.38892291374539156,0.016762547834926558,-0.0902792736593962,-0.3939253979000851,0.016893383495385886,-0.09843910139001122
36.650000000000006,-0.3896962195469634,0.016342288454895437,-0.09100836163467373,0.06126068955966335,-0.2698752008957048,0.08933118485011439,0.004229178353121699,-0.0005510950404904492,0.007430739755337493,0.005732463334726242,stationary_post_release,1,1,0.004264933210047531,1,0,0,,,-0.3898687156963454,0.016297494732782317,-0.09120676301396394,-0.3939253979000851,0.016893383495385886,-0.09843910139001122
36.68333333333334,-0.38967591224277415,0.016335050396252746,-0.09113050727584172,0.06128099686385258,-0.2698824389543475,0.08920903920894639,0.004249485657310925,-0.0005583330991331403,0.007308594114169495,0.007781133703756157,stationary_post_release,1,1,0.004286007956278066,1,0,0,,,-0.39029663078355065,0.016266473517684635,-0.09161332507232614,-0.3939253979000851,0.016893383495385886,-0.09843910139001122
36.71666666666667,-0.3898998099352275,0.0162285888243896,-0.09147173714823248,0.06105709917139923,-0.26998890052621066,0.08886780933655564,0.00402558796485758,-0.0006647946709962861,0.00696736424177874,0.009492923553193292,stationary_post_release,1,1,0.004080111569233279,1,0,0,,,-0.388986170007374,0.016348021291071917,-0.09070073069574669,-0.3939253979000851,0.016893383495385886,-0.09843910139001122
36.75,-0.38919388908951386,0.016670436855193406,-0.09089453403597647,0.06176302001711287,-0.26954705249540684,0.08944501244881164,0.004731508810571217,-0.00022294664019248053,0.007544567354034748,0.017134051066369664,stationary_post_release,1,1,0.004736758472720154,1,0,0,,,-0.3898109049667321,0.01628673544292857,-0.09145150665283727,-0.3939253979000851,0.016893383495385886,-0.09843910139001122
36.78333333333334,-0.3891638408067425,0.01680733844724278,-0.09081738309171945,0.061793068299884235,-0.26941015090335746,0.08952216339306866,0.004761557093342583,-8.604504814310743e-05,0.007621718298291766,0.009027533563906141,stationary_post_release,1,1,0.004762334480427747,1,0,0,,,-0.3894921128848629,0.016921548187965242,-0.09126627495530264,-0.3939253979000851,0.016893383495385886,-0.09843910139001122
36.81666666666667,-0.3896173022437222,0.01677792623755808,-0.0913085067258429,0.06133960686290452,-0.2694395631130422,0.08903103975894522,0.004308095656362865,-0.00011545725782780708,0.0071305946641683216,0.0060656790463602134,stationary_post_release,1,1,0.004309642509855974,1,0,0,,,-0.38794452708318933,0.017543535290695276,-0.08962409584866587,-0.3939253979000851,0.016893383495385886,-0.09843910139001122
36.85,-0.3893605847529041,0.016908600493889904,-0.0911558500357408,0.06159632435372264,-0.26930888885671034,0.08918369644904732,0.0045648131471809905,1.5216998504017504e-05,0.007283251354270423,0.016399969085964618,stationary_post_release,1,1,0.004564838510365935,1,0,0,,,-0.3907302017241409,0.01619021398761817,-0.09223805122784962,-0.3939253979000851,0.016893383495385886,-0.09843910139001122
36.88333333333333,-0.38871635660260817,0.01715265864287152,-0.09081530712388831,0.062240552504018554,-0.26906483070772874,0.0895242393608998,0.005209041297476902,0.0002592751474856346,0.007623794266122905,0.010120747274678443,stationary_post_release,1,1,0.005215489894623854,1,0,0,,,-0.3895462895897104,0.016780056563051336,-0.09187109519808274,-0.3939253979000851,0.016893383495385886,-0.09843910139001122
36.91666666666667,-0.3887913540938827,0.017270737333407414,-0.0911645506906652,0.06216555501274401,-0.26894675201719287,0.08917499579412291,0.00513404380620236,0.0003773538380215276,0.007274550699346016,0.006592501864241316,stationary_post_release,1,1,0.005147892940133312,1,0,0,,,-0.38754073688638047,0.017821601267721685,-0.08974116547906998,-0.3939253979000851,0.016893383495385886,-0.09843910139001122
36.95,-0.38854158880036566,0.01753185967867052,-0.0909525046056176,0.06241532030626107,-0.26868562967192977,0.08938704187917051,0.005383809099719417,0.0006384761832846329,0.007486596784393618,0.011677558733404017,stationary_post_release,1,1,0.005421535968601823,1,0,0,,,-0.3874803858378333,0.017924208072661273,-0.09024198106116262,-0.3939253979000851,0.016893383495385886,-0.09843910139001122
36.983333333333334,-0.3883773524612055,0.017584768132994765,-0.090584847618745,0.0625795566454212,-0.2686327212176055,0.08975469886604312,0.005548045438879545,0.0006913846376088786,0.007854253771266223,0.004499808093643417,stationary_post_release,1,1,0.0055909588541674755,1,0,0,,,-0.39034834156483456,0.016942794843617718,-0.0924585989226609,-0.3939253979000851,0.016893383495385886,-0.09843910139001122
37.016666666666666,-0.38862195582937115,0.017453277686428962,-0.09067437094161128,0.06233495327725558,-0.2687642116641713,0.08966517554317684,0.005303442070713926,0.0005598941910430755,0.00776473044839994,0.008193647498339913,stationary_post_release,1,1,0.005332914709854471,1,0,0,,,-0.388836675249469,0.017301634299544618,-0.09062640507959623,-0.3939253979000851,0.016893383495385886,-0.09843910139001122
37.050000000000004,-0.3888064395664617,0.017254486311921356,-0.09065681825011933,0.06215046954016501,-0.2689630030386789,0.08968272823466879,0.005118958333623358,0.00036110281653546975,0.007782283139891891,0.007902237253073308,stationary_post_release,1,1,0.00513167902985776,1,0,0,,,-0.3870061489168489,0.017875712268567812,-0.08895312774894562,-0.3939253979000851,0.016893383495385886,-0.09843910139001122
37.083333333333336,-0.3890086382629685,0.01711004761093309,-0.09057335254859107,0.061948270843658226,-0.26910744173966716,0.08976619393619704,0.0049167596371165745,0.0002166641155472021,0.007865748841420148,0.016743631859577845,stationary_post_release,1,1,0.004921531130465859,1,0,0,,,-0.3894822170113034,0.01710315741421752,-0.09123969929870755,-0.3939253979000851,0.016893383495385886,-0.09843910139001122
37.11666666666667,-0.3897695158951062,0.01696378905820656,-0.09114052846421071,0.0611873932115205,-0.2692537002923937,0.0891990180205774,0.00415588200497885,7.040556282067456e-05,0.007298572925800509,0.026368198594719783,stationary_post_release,1,1,0.004156478339000833,1,0,0,,,-0.39036446599711994,0.016471272640055237,-0.09182805796722293,-0.3939253979000851,0.016893383495385886,-0.09843910139001122
37.150000000000006,-0.3904264029790076,0.01682215604653031,-0.09157195328067835,0.06053050612761912,-0.26939533330406995,0.08876759320410976,0.0034989949210774696,-7.12274488555778e-05,0.006867148109332866,0.004759285610490562,stationary_post_release,1,1,0.003499719818384952,1,0,0,,,-0.3905994080485384,0.016804154958947513,-0.0912256729036314,-0.3939253979000851,0.016893383495385886,-0.09843910139001122
37.18333333333334,-0.39008145258293664,0.0170214789185089,-0.09114666058477622,0.060875456523690086,-0.26919601043209135,0.0891928859000119,0.003843945317148434,0.000128095423123014,0.007292440805235001,0.01636907264553851,stationary_post_release,1,1,0.0038460790473744083,1,0,0,,,-0.38951468590247657,0.01746239480495355,-0.09098182098595646,-0.3939253979000851,0.016893383495385886,-0.09843910139001122
37.21666666666667,-0.3895973541916698,0.017179099165803544,-0.09095864811544199,0.061359554914956926,-0.2690383901847967,0.08938089836934612,0.0043280437084152745,0.0002857156704176578,0.0074804532745692265,0.01289831871580694,stationary_post_release,1,1,0.004337464211526736,1,0,0,,,-0.3898851662503485,0.01695713255925713,-0.09109478864084089,-0.3939253979000851,0.016893383495385886,-0.09843910139001122
37.25,-0.3892623104920274,0.017161270844073553,-0.09092559118898208,0.061694598614599305,-0.2690562185065267,0.08941395529580604,0.004663087408057653,0.0002678873486876669,0.007513510201029139,0.00813448839176426,stationary_post_release,1,1,0.004670775931980976,1,0,0,,,-0.38930307856472474,0.017197628894418487,-0.09076258673550268,-0.3939253979000851,0.016893383495385886,-0.09843910139001122
37.28333333333334,-0.3891230267023393,0.017193418333456865,-0.09069616603043242,0.061833882404287444,-0.2690240710171434,0.0896433804543557,0.004802371197745792,0.0003000348380709783,0.007742935359578804,0.008303744688291719,stationary_post_release,1,1,0.004811734617058034,1,0,0,,,-0.38891897126595515,0.017076910615101012,-0.09100408969949464,-0.3939253979000851,0.016893383495385886,-0.09843910139001122
37.31666666666667,-0.38900364499180806,0.017350578093933988,-0.09047424981149932,0.06195326411481866,-0.2688669112566663,0.0898652966732888,0.004921752908277011,0.000457194598548101,0.0079648515785119,0.05860312902733949,unclassified_motion,1,1,0.004942942301006028,1,0,0,,,-0.38919225923991146,0.017299819535596367,-0.09051576413264542,-0.3939253979000851,0.016893383495385886,-0.09843910139001122
37.35,-0.38880671107885406,0.017665156439690223,-0.0868307964557348,0.06215019802777266,-0.26855233291091,0.09350875002905332,0.005118686821231011,0.0007717729443043365,0.01160830493427642,0.04805091235144697,unclassified_motion,1,1,0.005176542113361411,1,0,0,,,-0.3891799370242025,0.017439653342644135,-0.09026768588522538,-0.3939253979000851,0.016893383495385886,-0.09843910139001122
37.38333333333333,-0.39037855039636754,0.016538484259675752,-0.09325127571279297,0.060578358710259184,-0.2696790050909245,0.08708827077199514,0.0035468475037175318,-0.00035489923571013424,0.005187825677218247,0.3486645988390833,unclassified_motion,1,1,0.003564558974422351,1,0,0,,,-0.3899936014795389,0.016863423989499325,-0.09110151403627813,-0.3939253979000851,0.016893383495385886,-0.09843910139001122
37.41666666666667,-0.393518210535425,0.01399389701954115,-0.1092945765462924,0.05743869857120171,-0.27222359233105914,0.07104496993849571,0.00040718736466005545,-0.0028994864758447366,-0.010855475156281186,0.3187494320156621,unclassified_motion,1,1,0.002927938416965994,1,0,0,,,-0.3909912136122244,0.01605243702813531,-0.09234224071450647,-0.3939253979000851,0.016893383495385886,-0.09843910139001122
37.45,-0.3948452035047116,0.013167217651946665,-0.11375114064361534,0.05611170560191514,-0.2730502716986536,0.06658840584117277,-0.0009198056046265113,-0.0037261658434392213,-0.015312039253604123,0.2135341423824384,unclassified_motion,1,1,0.00383801436202569,1,0,0,,,-0.3977790941676366,0.01054076722822944,-0.13332228120534795,-0.3939253979000851,0.016893383495385886,-0.09843910139001122
37.483333333333334,-0.3963518920090046,0.01173149208838485,-0.12306063447320442,0.05460501709762211,-0.2744859972622154,0.057278912011583694,-0.0024264941089195413,-0.005161891407001037,-0.024621533083193203,0.10204176578044617,unclassified_motion,1,1,0.005703770380922814,1,0,0,,,-0.398054336771172,0.010528139879629635,-0.1322996622493292,-0.3939253979000851,0.016893383495385886,-0.09843910139001122
37.516666666666666,-0.39556687765404996,0.012138959083785742,-0.12043692751824085,0.05539003145257676,-0.2740785302668145,0.059902618966547264,-0.0016414797539648918,-0.004754424411600145,-0.021997826128229633,0.2534823644977379,unclassified_motion,1,1,0.005029811852176582,1,0,0,,,-0.3915052754154992,0.01611205484429141,-0.09221143255877062,-0.3939253979000851,0.016893383495385886,-0.09843910139001122
37.550000000000004,-0.3933997159589656,0.014026195570575918,-0.10658066920577496,0.05755719314766111,-0.2721912937800243,0.07375887727901316,0.0005256819411194602,-0.0028671879248099684,-0.008141567815763737,0.32652995416475544,unclassified_motion,1,1,0.002914979948369322,1,0,0,,,-0.3965572222557974,0.010402195584700786,-0.13086845035960443,-0.3939253979000851,0.016893383495385886,-0.09843910139001122
37.583333333333336,-0.39226160172982244,0.015137852635938063,-0.09913067247574561,0.058695307376804284,-0.2710796367146622,0.0812088740090425,0.0016637961702626325,-0.0017555308594478236,-0.0006915710857343937,0.13755866957270782,unclassified_motion,1,1,0.0024186992981051233,1,0,0,,,-0.390677473676452,0.016444813797981937,-0.09122781977123683,-0.3939253979000851,0.016893383495385886,-0.09843910139001122
37.61666666666667,-0.39230428945442514,0.015484805039194825,-0.0975933448251369,0.05865261965220159,-0.27073268431140546,0.08274620165965121,0.0016211084456599356,-0.0014085784561910612,0.000845756564874317,0.16141375650705,unclassified_motion,1,1,0.00214757674131463,1,0,0,,,-0.3923445638215399,0.01615006247944218,-0.09213952359134289,-0.3939253979000851,0.016893383495385886,-0.09843910139001122
37.650000000000006,-0.3913598485125207,0.016827265600283994,-0.08854152417126802,0.05959706059410602,-0.2693902237503163,0.09179802231352009,0.00256554938756437,-6.611789510189287e-05,0.009897577218743195,0.07724638871085573,unclassified_motion,1,1,0.0025664012227406335,1,0,0,,,-0.39162076432343573,0.016279773292604844,-0.09259680414365454,-0.3939253979000851,0.016893383495385886,-0.09843910139001122
37.68333333333334,-0.3923622235580133,0.01609726568811631,-0.09248046345556865,0.05859468554861341,-0.27012022366248395,0.08785908302921946,0.0015631743420717603,-0.0007961178072695765,0.005958637934442568,0.04962585808888864,unclassified_motion,1,1,0.001754228487615909,1,0,0,,,-0.39196442077369026,0.016325772133730085,-0.09236192286115544,-0.3939253979000851,0.016893383495385886,-0.09843910139001122
37.71666666666667,-0.39166003593146487,0.016346407746018077,-0.09180098903497759,0.05929687317516186,-0.2698710816045822,0.08853855744981053,0.0022653619686202053,-0.000546975749367809,0.006638112355033629,0.026880686516256132,stationary_post_release,1,1,0.0023304607525696046,1,0,0,,,-0.392182837232322,0.016088423771615644,-0.09186621092281597,-0.3939253979000851,0.016893383495385886,-0.09843910139001122
37.75,-0.3912432460393856,0.0165224197606643,-0.09114683631085638,0.05971366306724113,-0.26969506958993594,0.08919271017393174,0.0026821518606994776,-0.0003709637347215876,0.007292265079154842,0.012689164688668738,stationary_post_release,1,1,0.002707684009690248,1,0,0,,,-0.3920544636436116,0.016118082330348185,-0.09167974574344127,-0.3939253979000851,0.016893383495385886,-0.09843910139001122
37.78333333333334,-0.3910064256991702,0.01629473085237313,-0.09126643787476389,0.05995048340745651,-0.2699227584982271,0.08907310861002422,0.00291897220091486,-0.0005986526430127558,0.007172663515247327,0.04164426365586601,unclassified_motion,1,1,0.0029797287958302342,1,0,0,,,-0.389403997537324,0.017180907352199036,-0.09011199316092354,-0.3939253979000851,0.016893383495385886,-0.09843910139001122
37.81666666666667,-0.3909644449872499,0.016491412218908808,-0.08838476051399057,0.05999246411937681,-0.26972607713169144,0.09195478597079755,0.0029609529128351575,-0.0004019712764770783,0.010054340876020654,0.09478334862668378,unclassified_motion,1,1,0.0029881136288868963,1,0,0,,,-0.39145878525424876,0.016044723747463182,-0.09167003154190571,-0.3939253979000851,0.016893383495385886,-0.09843910139001122
37.85,-0.39242425782256424,0.015084400622256772,-0.09730408828522899,0.05853265128406249,-0.2711330887283435,0.08303545819955913,0.001501140077520835,-0.0018089828731291148,0.0011350131047822287,0.21732995916339967,unclassified_motion,1,1,0.0023507106516144696,1,0,0,,,-0.39241108836650196,0.015011844569872774,-0.09322306855020795,-0.3939253979000851,0.016893383495385886,-0.09843910139001122
37.88333333333333,-0.3934388887656321,0.014332517071657,-0.10249637568091981,0.057518020340994624,-0.27188497227894326,0.07784317080386831,0.0004865091344529726,-0.0025608664237288872,-0.0040572742909085885,0.09419542479825045,unclassified_motion,1,1,0.0026066699020183127,1,0,0,,,-0.39281273585747256,0.015851550394715468,-0.0924157065826327,-0.3939253979000851,0.016893383495385886,-0.09843910139001122
37.91666666666667,-0.39319172973125516,0.014575518640492318,-0.10351589922263679,0.05776517937537157,-0.2716419707101079,0.07682364726215132,0.0007336681688299151,-0.0023178648548935685,-0.005076797832625574,0.014427806717064102,stationary_post_release,1,1,0.0024312067924191524,1,0,0,,,-0.39554229575452826,0.011440985899773886,-0.12708727769945824,-0.3939253979000851,0.016893383495385886,-0.09843910139001122
37.95,-0.39304975929717323,0.014958694619154486,-0.10187860336681451,0.057907149809453495,-0.27125879473144576,0.07846094311797361,0.0008756386029118435,-0.0019346888762314003,-0.0034395019768032886,0.09811297945088428,unclassified_motion,1,1,0.002123620495927397,1,0,0,,,-0.3911636417751608,0.01665882943500681,-0.09096418785156414,-0.3939253979000851,0.016893383495385886,-0.09843910139001122
37.983333333333334,-0.39263704949200656,0.01540329555047626,-0.09705137804552016,0.05831985961462016,-0.270814193800124,0.08328816843926795,0.0012883484080785101,-0.0014900879449096273,0.0013877233444910542,0.20083739325043787,unclassified_motion,1,1,0.0019698232672408526,1,0,0,,,-0.3921260388318974,0.01622191095955138,-0.09201340306783644,-0.3939253979000851,0.016893383495385886,-0.09843910139001122
38.01833333333334,-0.3914111160341716,0.016689045755523338,-0.0881723021023243,0.05954579307245511,-0.26952844359507694,0.09216724438246382,0.002514281865913459,-0.00020433773986254858,0.010266799287686923,0.07611339212368926,unclassified_motion,1,1,0.0025225715476856945,1,0,0,,,-0.3930048909306709,0.015506785239535116,-0.09315685134170543,-0.3939253979000851,0.016893383495385886,-0.09843910139001122
38.05166666666667,-0.3916326692912862,0.01619476792990952,-0.0913997107075629,0.05932423981534052,-0.2700227214206907,0.08893983577722521,0.0022927286087988663,-0.0006986155654763668,0.007039390682448313,0.03522210710139997,unclassified_motion,1,1,0.0023968037428898194,1,0,0,,,-0.3913079999589158,0.016318276172183697,-0.09061424480309807,-0.3939253979000851,0.016893383495385886,-0.09843910139001122
38.085,-0.39093131524047053,0.01664273011886227,-0.09047043389643626,0.06002559386615619,-0.269574759231738,0.08986911258835185,0.0029940826596145387,-0.0002506533765236178,0.007968667493574957,0.02445427877757295,stationary_post_release,1,1,0.003004556221435565,1,0,0,,,-0.389819947389404,0.01726907061177876,-0.08977885503535753,-0.3939253979000851,0.016893383495385886,-0.09843910139001122
38.11833333333333,-0.39085285742881615,0.01695950139048778,-0.0901893776146567,0.06010405167781058,-0.26925798796011247,0.09015016887013141,0.0030725404712689253,6.611789510189287e-05,0.008249723775354517,0.0475346808012691,unclassified_motion,1,1,0.0030732517833132666,1,0,0,,,-0.39184432744996633,0.016243341833540776,-0.09103071177064424,-0.3939253979000851,0.016893383495385886,-0.09843910139001122
38.15166666666667,-0.39128119193459826,0.017299731072452106,-0.08739011537812655,0.059675717172028464,-0.2689177582781482,0.09294943110666157,0.002644205965486812,0.0004063475770662191,0.01104898601188467,0.10075325148121779,unclassified_motion,1,1,0.0026752464449660766,1,0,0,,,-0.39074553127783623,0.017414296504619037,-0.08991016078580458,-0.3939253979000851,0.016893383495385886,-0.09843910139001122
38.185,-0.39262030726650265,0.01584763021305003,-0.09657345049928,0.05833660184012407,-0.27036985913755024,0.08376609598550812,0.0013050906335824175,-0.001045753282335856,0.0018656508907312214,0.2163416051314936,unclassified_motion,1,1,0.001672381980703204,1,0,0,,,-0.3927080075068088,0.016457474343830675,-0.09199650435369489,-0.3939253979000851,0.016893383495385886,-0.09843910139001122
38.218333333333334,-0.39275567412118334,0.015376004689882856,-0.10160776566146053,0.058201234985443384,-0.2708414846607174,0.07873178082332759,0.0011697237789017323,-0.0015173788055030304,-0.003168664271449309,0.04816895657818431,unclassified_motion,1,1,0.0019159050494004007,1,0,0,,,-0.39221569934194883,0.0164838737009509,-0.09144534610032952,-0.3939253979000851,0.016893383495385886,-0.09843910139001122
38.25166666666667,-0.39219377199923994,0.015657344152267806,-0.09975056772932159,0.05876313710738679,-0.27056014519833244,0.08058897875546653,0.0017316259008451351,-0.0012360393431180804,-0.0013114663393103687,0.061040665392345074,unclassified_motion,1,1,0.0021275153391253146,1,0,0,,,-0.39455931916758374,0.011716450334444729,-0.12739305655343597,-0.3939253979000851,0.016893383495385886,-0.09843910139001122
38.28500000000001,-0.3923763599202555,0.014950499673306623,-0.10563702130297717,0.058580549186371234,-0.2712669896772936,0.07470252518181095,0.0015490379798295817,-0.0019428838220792635,-0.00719791991296595,0.08711329777926749,unclassified_motion,1,1,0.002484817137950364,1,0,0,,,-0.3906340143718279,0.017566171223290843,-0.08988985310466135,-0.3939253979000851,0.016893383495385886,-0.09843910139001122
38.318333333333335,-0.39291483295704055,0.01481894602250066,-0.10545186878005314,0.058042076149586175,-0.2713985433280996,0.07488767770473498,0.001010564943044523,-0.002074437472885226,-0.0070127673900419185,0.10436663988774646,unclassified_motion,1,1,0.0023074948175501983,1,0,0,,,-0.3908473404721041,0.016994642502708296,-0.09001516369226457,-0.3939253979000851,0.016893383495385886,-0.09843910139001122
38.35166666666667,-0.39285867045907313,0.015487669914840546,-0.09871679938183926,0.05809823864755359,-0.2707298194357597,0.08162274710294885,0.0010667274410119387,-0.0014057135805453404,-0.00027769799182804367,0.06816956463016928,unclassified_motion,1,1,0.0017646354025513261,1,0,0,,,-0.396059642926387,0.011519476109658429,-0.12560767567726167,-0.3939253979000851,0.016893383495385886,-0.09843910139001122
38.385000000000005,-0.393630178861253,0.014875039280769328,-0.10096423409339757,0.057326730245373714,-0.27134245006983093,0.07937531239139055,0.0002952190388320619,-0.002018344214616559,-0.0025251327033863485,0.044431083118886355,unclassified_motion,1,1,0.0020398204944467686,1,0,0,,,-0.39319225595347257,0.016182181595339327,-0.09123345123485627,-0.3939253979000851,0.016893383495385886,-0.09843910139001122
38.41833333333334,-0.3930421264695465,0.01571931073341471,-0.09576950262237491,0.05791478263708022,-0.27049817861718556,0.08457004386241321,0.000883271430538568,-0.0011740727619711754,0.002669598767636311,0.21508359648961306,unclassified_motion,1,1,0.0014692226755697287,1,0,0,,,-0.39185258083771835,0.01650333171579477,-0.09079545266024934,-0.3939253979000851,0.016893383495385886,-0.09843910139001122
38.45166666666667,-0.3916458127235205,0.017236165137770695,-0.08696096256839933,0.05931109638310622,-0.26898132421282955,0.09337858391638879,0.002279585176564569,0.0003427816423848089,0.011478138821611888,0.13884838405924443,unclassified_motion,1,1,0.0023052131857095007,1,0,0,,,-0.3924820733455499,0.01661590864630573,-0.09048121823639438,-0.3939253979000851,0.016893383495385886,-0.09843910139001122
38.485,-0.391129518170783,0.0175815354124939,-0.08690621135448166,0.059827390935843716,-0.26863595393810635,0.09343333513030645,0.0027958797293020643,0.0006881519171080125,0.011532890035529555,0.05876086920141579,unclassified_motion,1,1,0.002879322233050969,1,0,0,,,-0.3911527954409669,0.017367802112199036,-0.08925672614218277,-0.3939253979000851,0.016893383495385886,-0.09843910139001122
38.51833333333334,-0.3916385239143176,0.017248102139171897,-0.09087832888042909,0.05931838519230914,-0.2689693872114284,0.08946121760435903,0.0022868739857674902,0.000354718643786011,0.007560772509582134,0.2344646236508728,unclassified_motion,1,1,0.0023142208068871635,1,0,0,,,-0.39153600997776944,0.01743944385944114,-0.08962975422658445,-0.3939253979000851,0.016893383495385886,-0.09843910139001122
38.55166666666667,-0.3933723964844588,0.015842911477346535,-0.10227742016579569,0.057584512622167905,-0.27037457787325375,0.07806212631899243,0.000553001415626253,-0.0010504720180393515,-0.0038383187757844717,0.2235075343895114,unclassified_motion,1,1,0.0011871402724060486,1,0,0,,,-0.3914551079189906,0.017702309871971293,-0.08943782578138296,-0.3939253979000851,0.016893383495385886,-0.09843910139001122
38.585,-0.3944092365026839,0.01541925846990174,-0.10540428672006251,0.05654767260394283,-0.27079823088069854,0.0749352597647256,-0.0004838386025988184,-0.0014741250254841458,-0.006965185330051291,0.10110376413952807,unclassified_motion,1,1,0.0015514974650715388,1,0,0,,,-0.3959983704017098,0.01347352386506149,-0.11933270609210692,-0.3939253979000851,0.016893383495385886,-0.09843910139001122
38.61833333333333,-0.39465062592016775,0.015381957104810575,-0.10887928606460161,0.05630628318645897,-0.2708355322457897,0.07146026042018651,-0.00072522802008268,-0.0015114263905753114,-0.010440184674590389,0.08562069265588855,unclassified_motion,1,1,0.0016764144521091906,1,0,0,,,-0.39686332868490287,0.01377413405050621,-0.11949077615174093,-0.3939253979000851,0.016893383495385886,-0.09843910139001122
38.65166666666667,-0.39415053230072894,0.015898237277584448,-0.11108631475564297,0.056806376805897785,-0.2703192520730158,0.06925323172914515,-0.00022513440064386714,-0.000995146217801439,-0.012647213365631751,0.03624602210897104,unclassified_motion,1,1,0.0010202948069836396,1,0,0,,,-0.39182796861134284,0.018443412811020236,-0.08864689465455548,-0.3939253979000851,0.016893383495385886,-0.09843910139001122
38.685,-0.3942626897382077,0.016144971663488564,-0.11113900073357917,0.05669421936841901,-0.2700725176871117,0.06920054575120894,-0.0003372918381226442,-0.0007484118318973228,-0.012699899343567952,0.028911827252811474,stationary_post_release,1,1,0.0008209056305008868,1,0,0,,,-0.3935457953821841,0.016140934254672584,-0.11586351374061554,-0.3939253979000851,0.016893383495385886,-0.09843910139001122
38.718333333333334,-0.39483965138116134,0.01571758018909196,-0.10929534818271508,0.056117257725465386,-0.2704999091615083,0.07104419830207304,-0.0009142534810762659,-0.0011758033062939273,-0.01085624679270386,0.02623267038527686,stationary_post_release,1,1,0.0014894203042633068,1,0,0,,,-0.39463444024854977,0.015775151935030245,-0.11724627014917641,-0.3939253979000851,0.016893383495385886,-0.09843910139001122
38.75166666666667,-0.3954989904925173,0.015498783032910258,-0.11008426927175066,0.055457918614109425,-0.27071870631769,0.07025527721303745,-0.001573592592432227,-0.0013946004624756283,-0.011645167881739443,0.09566853866473396,unclassified_motion,1,1,0.0021026421704357623,1,0,0,,,-0.3985387812397044,0.013536362167637539,-0.11535133461430414,-0.3939253979000851,0.016893383495385886,-0.09843910139001122
38.78500000000001,-0.39569543279662034,0.016524847890750583,-0.10302688758087612,0.055261476310006385,-0.26969264145984967,0.077312658903912,-0.0017700348965352664,-0.0003685356046353033,-0.004587786190864904,0.13118601996059664,unclassified_motion,1,1,0.0018079939233405955,1,0,0,,,-0.3941440626513417,0.01711898212502916,-0.0891727448577312,-0.3939253979000851,0.016893383495385886,-0.09843910139001122
38.818333333333335,-0.39549745713519274,0.01736781766666312,-0.10154058259675686,0.05545945197143398,-0.26884967168393714,0.07879896388803126,-0.00157205923510767,0.0004744341712772347,-0.0031014812067456377,0.022850108170986434,stationary_post_release,1,1,0.0016420895290948144,1,0,0,,,-0.39375264944251803,0.018779787407639085,-0.1036440177850614,-0.3939253979000851,0.016893383495385886,-0.09843910139001122
38.85166666666667,-0.39571080557208227,0.018014815618711745,-0.10334363079332762,0.055246103534544455,-0.2682026737318885,0.0769959156914605,-0.0017854076719971967,0.0011214321233258585,-0.004904529403316399,0.11895881852665953,unclassified_motion,1,1,0.0021083857717347633,1,0,0,,,-0.3976015414929208,0.01726011760379794,-0.10771629145137293,-0.3939253979000851,0.016893383495385886,-0.09843910139001122
38.885000000000005,-0.3973782321836053,0.01663510862583361,-0.10921000546595588,0.05357867692302143,-0.26958238072476665,0.07112954101883223,-0.003452834283520223,-0.0002582748695522767,-0.010770904075944665,0.10282012459763804,unclassified_motion,1,1,0.003462480396723548,1,0,0,,,-0.39638464419187175,0.016765953364121032,-0.10888867326116425,-0.3939253979000851,0.016893383495385886,-0.09843910139001122
38.91833333333334,-0.3978713877468796,0.015563641433781117,-0.10936942524459978,0.053085521359747145,-0.2706538479168191,0.07097012124018834,-0.0039459898467945065,-0.00132974206160477,-0.010930323854588558,0.08640989217288778,unclassified_motion,1,1,0.004164018470348833,1,0,0,,,-0.3983984834608927,0.016182790975861533,-0.10635879557310793,-0.3939253979000851,0.016893383495385886,-0.09843910139001122
38.95166666666667,-0.3965585975414904,0.01618365011030946,-0.10352585364832367,0.054398311565136304,-0.2700338392402908,0.07681369283646444,-0.0026331996414053482,-0.0007097333850764262,-0.005086752258312455,0.11514397042798358,unclassified_motion,1,1,0.002727171030461657,1,0,0,,,-0.39732885555017355,0.014308367415798572,-0.1074429459204903,-0.3939253979000851,0.016893383495385886,-0.09843910139001122
38.985,-0.3957881168892295,0.01620717962775654,-0.1020093382344272,0.05516879221739723,-0.27001030972284373,0.07833020825036091,-0.0018627189891444185,-0.0006862038676293467,-0.003570236844415986,0.10742511750054556,unclassified_motion,1,1,0.0019850938971415627,1,0,0,,,-0.3953530864428325,0.016854172052275355,-0.10408826079557991,-0.3939253979000851,0.016893383495385886,-0.09843910139001122
39.01833333333334,-0.3944301085845718,0.017153428542602264,-0.09675690644827671,0.05652680052205494,-0.269064060807998,0.0835826400365114,-0.0005047106844867089,0.00026004504721637706,0.0016821949417345078,0.08757493269025748,unclassified_motion,1,1,0.0005677643011116585,1,0,0,,,-0.3935649124581343,0.018836142777043697,-0.08693448756791018,-0.3939253979000851,0.016893383495385886,-0.09843910139001122
39.05166666666667,-0.3951124998174937,0.01739857883347744,-0.09633393576242237,0.055844409289133035,-0.2688189105171228,0.08400561072236575,-0.0011871019174086173,0.0005051953380915547,0.002105165627588848,0.023333645206111565,stationary_post_release,1,1,0.0012901291764566274,1,0,0,,,-0.3953632234332206,0.015404875489405317,-0.10638846631262242,-0.3939253979000851,0.016893383495385886,-0.09843910139001122
39.085,-0.3954101002990243,0.017411579398424186,-0.09557674029606804,0.05554680880760243,-0.26880590995217607,0.08476280618872008,-0.0014847023989392194,0.0005181959030382995,0.0028623610939431804,0.01736931044964107,stationary_post_release,1,1,0.0015725355981158428,1,0,0,,,-0.3948997953872269,0.018863293003825825,-0.08657538135567927,-0.3939253979000851,0.016893383495385886,-0.09843910139001122
39.11833333333335,-0.39608980528407767,0.01755021792848678,-0.09573165912715588,0.05486710382254906,-0.2686672714221135,0.08460788735763224,-0.002164407383992595,0.0006568344331008939,0.002707442262855339,0.10656032604086581,unclassified_motion,1,1,0.0022618777147292114,1,0,0,,,-0.3980544760388333,0.016167342300947428,-0.10442206544652687,-0.3939253979000851,0.016893383495385886,-0.09843910139001122
39.15166666666667,-0.39481856599095416,0.018880162818556444,-0.08865139014414022,0.05613834311567256,-0.26733732653204384,0.09168815634064789,-0.0008931680908690898,0.0019867793231705573,0.009787711245870995,0.09752311429196278,unclassified_motion,1,1,0.0021783115749416547,1,0,0,,,-0.3932666456409972,0.019554197918050846,-0.08670545680217416,-0.3939253979000851,0.016893383495385886,-0.09843910139001122
39.185,-0.3938306027093494,0.018932301230752544,-0.08979399256251895,0.05712630639727734,-0.2672851881198477,0.09054555392226916,9.479519073568587e-05,0.0020389177353666577,0.008645108827492268,0.025522598099760447,stationary_post_release,1,1,0.002041120197288566,1,0,0,,,-0.3954905798375627,0.01864793419136124,-0.08826131267315442,-0.3939253979000851,0.016893383495385886,-0.09843910139001122
39.218333333333334,-0.39402019309082076,0.01884795168138559,-0.09015361771031748,0.056936716015805966,-0.2673695376692147,0.09018592877447064,-9.479519073568587e-05,0.001954568185999702,0.008285483679693742,0.14547597578299593,unclassified_motion,1,1,0.0019568655860607237,1,0,0,,,-0.3914628261858156,0.01980395431394148,-0.0851775036120212,-0.3939253979000851,0.016893383495385886,-0.09843910139001122
39.25166666666667,-0.3956259792981182,0.017276655825305787,-0.09917985386772052,0.05533092980850851,-0.26894083352529446,0.0811596926170676,-0.0017005813980331408,0.0003832723299199009,-0.0007407524777093,0.1830932884216677,unclassified_motion,1,1,0.001743236865781177,1,0,0,,,-0.39565419339400243,0.017239808082505664,-0.10192049779211636,-0.3939253979000851,0.016893383495385886,-0.09843910139001122
39.28500000000001,-0.396545476484235,0.016573292799477987,-0.1018771265109566,0.05441143262239173,-0.26964419655112226,0.07846241997383152,-0.002620078584149921,-0.0003200906959078993,-0.003438025120945376,0.024138090691489034,stationary_post_release,1,1,0.002639558645063196,1,0,0,,,-0.39884732522577,0.015800496014191364,-0.10466501719447449,-0.3939253979000851,0.016893383495385886,-0.09843910139001122
39.318333333333335,-0.3970730167922907,0.016594782379024144,-0.09900471051923906,0.053883892314336046,-0.26962270697157614,0.08133483596554905,-0.003147618892205606,-0.0002986011163617422,-0.0005656091292278453,0.09458374330587753,unclassified_motion,1,1,0.003161750672849161,1,0,0,,,-0.3964586641527447,0.01593827286326441,-0.10468735362799239,-0.3939253979000851,0.016893383495385886,-0.09843910139001122
39.35166666666667,-0.3965963608391832,0.017309337090582563,-0.09561485654476162,0.05436054826744352,-0.2689081522600177,0.08472468994002649,-0.0026709629390981315,0.0004159535951966768,0.002824244845249596,0.12168111145990153,unclassified_motion,1,1,0.0027031574899352,1,0,0,,,-0.39630456882798926,0.01807290577134511,-0.08757838173037724,-0.3939253979000851,0.016893383495385886,-0.09843910139001122
39.385000000000005,-0.3958830156181877,0.018393074777253028,-0.09118449390992213,0.05507389348843905,-0.2678244145733472,0.08915505257486599,-0.0019576177181026,0.0014996912818671417,0.00725460748008909,0.07355054271365154,unclassified_motion,1,1,0.0024660375242760483,1,0,0,,,-0.3947372205291137,0.018983760429029797,-0.08731380141638322,-0.3939253979000851,0.016893383495385886,-0.09843910139001122
39.41833333333334,-0.39617067468907696,0.01869095781111362,-0.09092945922122223,0.05478623441754976,-0.26752653153948663,0.08941008726356589,-0.00224527678899189,0.0017975743157277319,0.007509642168788994,0.07633905765689603,unclassified_motion,1,1,0.002876202579748123,1,0,0,,,-0.39791862507569065,0.01769034385164319,-0.10226041922124886,-0.3939253979000851,0.016893383495385886,-0.09843910139001122
39.45166666666667,-0.3967080145342425,0.018349081578774084,-0.0962062581134295,0.05424889457238424,-0.2678684077718262,0.08413328837135861,-0.002782616634157409,0.0014556980833881975,0.002232843276581714,0.12543851840183481,unclassified_motion,1,1,0.0031403840915833177,1,0,0,,,-0.39588658819030154,0.019269682341719024,-0.08703946430092137,-0.3939253979000851,0.016893383495385886,-0.09843910139001122
39.485,-0.39754914564744576,0.018085587434865102,-0.09915538690733411,0.05340776345918097,-0.26813190191573516,0.08118415957745401,-0.003623747747360684,0.001192203939479216,-0.0007162855173228899,0.08581553227740893,unclassified_motion,1,1,0.0038148260733369475,1,0,0,,,-0.3971487428607655,0.017617062002697262,-0.10060273145692708,-0.3939253979000851,0.016893383495385886,-0.09843910139001122
39.51833333333334,-0.39843918646037324,0.017936094707274735,-0.10164342029867048,0.052517722646253484,-0.2682813946433255,0.07869612618611764,-0.004513788560288168,0.0010427112118888485,-0.0032043189086592566,0.04358079900768234,unclassified_motion,1,1,0.004632659477922702,1,0,0,,,-0.3985158330682402,0.01801815357410336,-0.10379625875641826,-0.3939253979000851,0.016893383495385886,-0.09843910139001122
39.55166666666667,-0.3984990314423222,0.018195287591687117,-0.10189891641341285,0.05245787766430454,-0.26802220175891317,0.07844063007137526,-0.00457363354223711,0.0013019040963012304,-0.003459815023401633,0.055054014845979785,unclassified_motion,1,1,0.004755321025403258,1,0,0,,,-0.3989460214339181,0.01813071441526475,-0.10214857542556591,-0.3939253979000851,0.016893383495385886,-0.09843910139001122
39.585,-0.39794604038163617,0.018986442230407782,-0.09816140339818319,0.053010868724990556,-0.26723104712019247,0.08217814308660493,-0.0040206424815510955,0.002093058735021896,0.0002776979918280298,0.08215288443424042,unclassified_motion,1,1,0.004532820405961923,1,0,0,,,-0.3995215837254228,0.018372383662156044,-0.10278485729809295,-0.3939253979000851,0.016893383495385886,-0.09843910139001122
39.61833333333335,-0.3974314002933957,0.01970389597461895,-0.09674331280476285,0.05352550881323104,-0.2665135933759813,0.08359623368002526,-0.0035060023933106144,0.002810512479233064,0.0016957885852483673,0.024017830936606102,stationary_post_release,1,1,0.004493443354246778,1,0,0,,,-0.3946718835868704,0.02075062749103226,-0.08676097633618053,-0.3939253979000851,0.016893383495385886,-0.09843910139001122
39.65166666666667,-0.3973686047016761,0.020403717239974178,-0.09769054786939627,0.053588304404950604,-0.26581377211062607,0.08264899861539185,-0.0034432068015910477,0.0035103337445882912,0.000748553520614953,0.05979418046748542,unclassified_motion,1,1,0.0049171247774403804,1,0,0,,,-0.3980278467364753,0.019860444348364436,-0.10133083720092756,-0.3939253979000851,0.016893383495385886,-0.09843910139001122
39.685,-0.3975527670659154,0.0208274104573743,-0.10056606092232918,0.05340414204071131,-0.26539007889322597,0.07977348556245893,-0.003627369165830341,0.003934026961988413,-0.002126959532317965,0.1171643669014078,unclassified_motion,1,1,0.005351109716952969,1,0,0,,,-0.3984126109404727,0.020790559998158473,-0.10286883262673753,-0.3939253979000851,0.016893383495385886,-0.09843910139001122
39.718333333333334,-0.39871976600658143,0.02048690627257509,-0.10538330448608936,0.05223714310004529,-0.26573058307802516,0.07495624199869876,-0.004794368106496361,0.0035935227771892037,-0.0069442030960781415,0.07647643227202344,unclassified_motion,1,1,0.005991608422683104,1,0,0,,,-0.39849229635243155,0.020798530562708174,-0.10393556954571788,-0.3939253979000851,0.016893383495385886,-0.09843910139001122
39.75166666666667,-0.39868943741333257,0.02029564131373336,-0.10550763744331458,0.052267471693294154,-0.2659218480368669,0.07483190904147353,-0.004764039513247498,0.003402257818347472,-0.007068536053303362,0.03837270045092132,unclassified_motion,1,1,0.005854180621256057,1,0,0,,,-0.39805539647495525,0.020521743589150283,-0.1057286693034881,-0.3939253979000851,0.016893383495385886,-0.09843910139001122
39.78500000000001,-0.3992387809092054,0.020013374047248504,-0.10784311663920973,0.05171812819742133,-0.26620411530335175,0.07249642984557839,-0.0053133830091203205,0.0031199905518626177,-0.00940401524919851,0.037356867222971546,unclassified_motion,1,1,0.006161686461133876,1,0,0,,,-0.3992698497335774,0.01959224788246003,-0.10584610591046442,-0.3939253979000851,0.016893383495385886,-0.09843910139001122
39.818333333333335,-0.3976807389819662,0.020681349947814724,-0.10326350365680385,0.053276170124660516,-0.26553613940278553,0.07707604282798426,-0.003755341081881136,0.0037879664524288377,-0.004824402266792635,0.10876868866131648,unclassified_motion,1,1,0.005333973798772403,1,0,0,,,-0.3988441775288969,0.020047662724571466,-0.107046740427658,-0.3939253979000851,0.016893383495385886,-0.09843910139001122
39.85166666666667,-0.3971342956534746,0.020748988412969443,-0.10094307456893474,0.053822613453152146,-0.2654685009376308,0.07939647191585338,-0.0032088977533895058,0.0038556049175835563,-0.0025039731789235214,0.04248620755600443,unclassified_motion,1,1,0.005016245017162012,1,0,0,,,-0.39809856904795693,0.021291093839060932,-0.10510769815661888,-0.3939253979000851,0.016893383495385886,-0.09843910139001122
39.885000000000005,-0.396770721250766,0.021184837130990442,-0.10062893793743263,0.05418618785586071,-0.2650326522196098,0.07971060854735548,-0.0028453233506809394,0.004291453635604556,-0.0021898365474214143,0.014963795614100312,stationary_post_release,1,1,0.005149023138079083,1,0,0,,,-0.39260968369252947,0.02248453563816173,-0.08713094409512641,-0.3939253979000851,0.016893383495385886,-0.09843910139001122
39.91833333333334,-0.3973203985602705,0.021605182382539046,-0.10046612995088074,0.05363651054635621,-0.2646123069680612,0.07987341653390738,-0.0033950006601854432,0.00471179888715316,-0.0020270285608695177,0.05702781883568998,unclassified_motion,1,1,0.005807501892865584,1,0,0,,,-0.3999174422838928,0.019373558526767636,-0.10861206585381993,-0.3939253979000851,0.016893383495385886,-0.09843910139001122
39.95166666666667,-0.3981014736009772,0.02123888512553152,-0.10418987535796422,0.05285543550564953,-0.26497860422506875,0.0761496711268239,-0.004176075700892123,0.004345501630145635,-0.005750773967952996,0.14383026022598616,unclassified_motion,1,1,0.006026855952914422,1,0,0,,,-0.3985220125218958,0.02217801121342447,-0.10646630248564393,-0.3939253979000851,0.016893383495385886,-0.09843910139001122
39.985,-0.3992437982127273,0.020959662519468066,-0.1098377199453308,0.051713110893899406,-0.2652578268311322,0.07050182653945732,-0.005318400312642246,0.00406627902408218,-0.011398618555319581,0.07393969978560214,unclassified_motion,1,1,0.006694774603166552,1,0,0,,,-0.39886878912896956,0.021995304980186342,-0.10393720648070012,-0.3939253979000851,0.016893383495385886,-0.09843910139001122
40.01833333333334,-0.39819046744501463,0.021306363442859206,-0.10911792330514061,0.052766441661612096,-0.2649111259077411,0.0712216231796475,-0.004265069544929556,0.0044129799474733195,-0.010678821915129394,0.012686090429644435,stationary_post_release,1,1,0.0061371988919935805,1,0,0,,,-0.397848811490552,0.01982261588608486,-0.11256022227475278,-0.3939253979000851,0.016893383495385886,-0.09843910139001122
40.05166666666667,-0.3986658690656101,0.020441160797106755,-0.11017302418511409,0.052291040041016645,-0.26577632855349353,0.07016652229967403,-0.0047404711655250065,0.003547777301720869,-0.011733922795102866,0.0250081893559397,stationary_post_release,1,1,0.005921046415438729,1,0,0,,,-0.39870943898162475,0.020890969397075906,-0.11071523584288444,-0.3939253979000851,0.016893383495385886,-0.09843910139001122
40.085,-0.3986563202889311,0.020219044686514344,-0.11029279222661127,0.052300588817695615,-0.2659984446640859,0.07004675425817684,-0.004730922388846037,0.0033256611911284574,-0.011853690836600053,0.03776317016190718,unclassified_motion,1,1,0.0057828754964518,1,0,0,,,-0.39842399096084763,0.020821248522369277,-0.10942374598759615,-0.3939253979000851,0.016893383495385886,-0.09843910139001122
40.11833333333335,-0.39880505629728574,0.020095826198741985,-0.10768316432304793,0.05215185280934098,-0.26612166315185826,0.07265638216174018,-0.00487965839720067,0.003202442703356099,-0.009244062933036715,0.05331346964191315,unclassified_motion,1,1,0.005836669027934489,1,0,0,,,-0.39970717931628325,0.01944649365998447,-0.10740291708445387,-0.3939253979000851,0.016893383495385886,-0.09843910139001122
40.15166666666667,-0.39819573000880226,0.020017423641666893,-0.10677430309783938,0.05276117909782446,-0.2662000657089334,0.07356524338694874,-0.00427033210871719,0.003124040146281006,-0.008335201707828158,0.030175716090826976,unclassified_motion,1,1,0.005291064463254672,1,0,0,,,-0.39765175874696357,0.020402484492339164,-0.10718235915553362,-0.3939253979000851,0.016893383495385886,-0.09843910139001122
40.185,-0.3981516948515619,0.020586504321101533,-0.10584486384352675,0.05280521425506485,-0.2656309850294987,0.07449468264126137,-0.0042262969514768045,0.0036931208257156463,-0.007405762453515527,0.04306726629737038,unclassified_motion,1,1,0.005612550877755741,1,0,0,,,-0.3982245264502156,0.01992913537852275,-0.10493991702391531,-0.3939253979000851,0.016893383495385886,-0.09843910139001122
40.218333333333334,-0.39814358543300216,0.021975944609648943,-0.10467549745589708,0.05281332367362457,-0.2642415447409513,0.07566404902889104,-0.004218187532917084,0.005082561114263057,-0.0062363960658858575,0.04608757631233718,unclassified_motion,1,1,0.006604962796494469,1,0,0,,,-0.397301422266133,0.02213529304459341,-0.10597780685841875,-0.3939253979000851,0.016893383495385886,-0.09843910139001122
40.25166666666667,-0.3984060701438956,0.022617477553903396,-0.10355341704053536,0.052550838962731106,-0.26360001179669684,0.07678612944425275,-0.004480672243810546,0.005724094058517509,-0.005114315650524143,0.029501598365541223,stationary_post_release,1,1,0.007269228057174275,1,0,0,,,-0.39939978868029086,0.022896477554574822,-0.10342367026830003,-0.3939253979000851,0.016893383495385886,-0.09843910139001122
40.28500000000001,-0.3978140036727656,0.023308569305355898,-0.10326706421296043,0.05314290543386113,-0.26290892004524435,0.07707248227182768,-0.00388860577268052,0.0064151858099700115,-0.004827962822949214,0.013279258211934049,stationary_post_release,1,1,0.007501724057292753,1,0,0,,,-0.39828905070765974,0.02390021936353119,-0.10221527231006484,-0.3939253979000851,0.016893383495385886,-0.09843910139001122
40.318333333333335,-0.3977800123905124,0.02324242815723505,-0.1035882879800301,0.05317689671611431,-0.2629750611933652,0.07675125850475802,-0.003854614490427344,0.006349044661849164,-0.005149186590018881,0.04471031117287753,unclassified_motion,1,1,0.007427544748297907,1,0,0,,,-0.39712431114211266,0.022210508177876412,-0.10361389270813616,-0.3939253979000851,0.016893383495385886,-0.09843910139001122
40.35166666666667,-0.3984390107616252,0.023063267506360185,-0.10617114592866839,0.052517898345001535,-0.2631542218442401,0.07416840055611973,-0.004513612861540117,0.006169884010974298,-0.007732044538657168,0.020643470285127315,stationary_post_release,1,1,0.007644617045525346,1,0,0,,,-0.39677844043302213,0.02356767519165985,-0.10489955996142283,-0.3939253979000851,0.016893383495385886,-0.09843910139001122
40.385000000000005,-0.3972175659317834,0.022906181156791338,-0.10237807945629195,0.0537393431748433,-0.26331130819380894,0.07796146702849617,-0.0032921680316983504,0.0060127976614054515,-0.003938978066280727,0.08859873651314253,unclassified_motion,1,1,0.006855078851912606,1,0,0,,,-0.3994322059784976,0.022857064239333397,-0.10593810098429811,-0.3939253979000851,0.016893383495385886,-0.09843910139001122
40.41833333333334,-0.3972053733647743,0.022502035567916398,-0.1004221570143912,0.05375153574185243,-0.26371545378268385,0.07991738947039692,-0.003279975464689222,0.0056086520725305115,-0.0019830556243799757,0.04208714023868739,unclassified_motion,1,1,0.006497323842911332,1,0,0,,,-0.3993940020411085,0.02258998628344146,-0.10438094752310134,-0.3939253979000851,0.016893383495385886,-0.09843910139001122
40.45166666666667,-0.39750554002990773,0.02213279331840246,-0.09969638068973444,0.05345136907671899,-0.2640846960321978,0.08064316579505368,-0.003580142129822661,0.005239409823016572,-0.0012572792997232185,0.062075203571966005,unclassified_motion,1,1,0.00634577284207792,1,0,0,,,-0.391909270323204,0.02236410252154153,-0.0874780681727138,-0.3939253979000851,0.016893383495385886,-0.09843910139001122
40.485,-0.39934903216249706,0.021926479707174814,-0.10391491774403741,0.05160787694412966,-0.26429100964342545,0.0764246287407507,-0.0054236342624119915,0.0050330962117889275,-0.005475816354026192,0.09165095297457011,unclassified_motion,1,1,0.007399180095762863,1,0,0,,,-0.40100692755372136,0.02091950380225769,-0.1080777106187593,-0.3939253979000851,0.016893383495385886,-0.09843910139001122
40.51833333333334,-0.3999700966432822,0.02178439677089483,-0.10527647539375201,0.05098681246334452,-0.26443309257970543,0.0750630710910361,-0.00604469874319713,0.004891013275508945,-0.006837374003740793,0.005221484896254206,stationary_post_release,1,1,0.007775628190520281,1,0,0,,,-0.4008007565568576,0.022977339124546987,-0.10700118831292094,-0.3939253979000851,0.016893383495385886,-0.09843910139001122
40.55166666666667,-0.39922431529321856,0.02225072982212653,-0.10389299801646576,0.05173259381340817,-0.2639667595284737,0.07644654846832236,-0.005298917393133484,0.005357346326740644,-0.005453896626454541,0.16974480942238393,unclassified_motion,1,1,0.007535229605253846,1,0,0,,,-0.40264806797168357,0.021592429093427554,-0.11124658977227682,-0.3939253979000851,0.016893383495385886,-0.09843910139001122
40.585,-0.39522955807085386,0.022758208745312973,-0.09504719893639299,0.055727351035772865,-0.2634592806052873,0.08529234754839513,-0.0013041601707687867,0.0058648252499270866,0.0033919024536182285,0.25429777821763766,unclassified_motion,1,1,0.006008078641562707,1,0,0,,,-0.3921203884126811,0.022431110146801915,-0.08810632526893898,-0.3939253979000851,0.016893383495385886,-0.09843910139001122
40.61833333333335,-0.3920999050573372,0.022953628756157,-0.08852552584968065,0.05885700404928951,-0.2632638605944433,0.09181402063510746,0.0018254928427478556,0.006060245260771112,0.009913575540330566,0.17644051967546795,unclassified_motion,1,1,0.006329217703604639,1,0,0,,,-0.39073210583347046,0.023823152247648336,-0.08606971127330897,-0.3939253979000851,0.016893383495385886,-0.09843910139001122
40.65166666666667,-0.3901232990991112,0.023577943082275187,-0.08448238483113887,0.060833610007515526,-0.2626395462683251,0.09585716165364924,0.0038020988009738743,0.006684559586889301,0.013956716558872345,0.06456578313977918,unclassified_motion,1,1,0.007690207550062653,1,0,0,,,-0.39187564198830155,0.022916068062031676,-0.08755219044105185,-0.3939253979000851,0.016893383495385886,-0.09843910139001122
40.685,-0.3903536443067768,0.023475936626598512,-0.08462610245906203,0.0606032647998499,-0.26274155272400174,0.09571344402572608,0.0035717535933082467,0.0065825531312126255,0.013812998930949186,0.10847616084635499,unclassified_motion,1,1,0.007489154121564565,1,0,0,,,-0.3906591913799007,0.023715044688857864,-0.08607781025812643,-0.3939253979000851,0.016893383495385886,-0.09843910139001122
40.718333333333334,-0.393213026476245,0.022951151535474945,-0.09099075169153192,0.057743882630381715,-0.2632663378151253,0.08934879479325619,0.0007123714238400636,0.006057768040089059,0.007448349698479295,0.125581016927933,unclassified_motion,1,1,0.0060995103633839625,1,0,0,,,-0.3916615909885677,0.023393337102503194,-0.08768692689758094,-0.3939253979000851,0.016893383495385886,-0.09843910139001122
40.75166666666667,-0.39375864777072617,0.022950663566785438,-0.0922564077472182,0.05719826133590056,-0.26326682578381483,0.08808313873756991,0.00016675012935890576,0.006057280071399551,0.006182693642793016,0.10160917847763883,unclassified_motion,1,1,0.006059574858768176,1,0,0,,,-0.39246889918869365,0.022396668443269832,-0.08825347888853835,-0.3939253979000851,0.016893383495385886,-0.09843910139001122
40.78500000000001,-0.39590569045748114,0.022582568082640208,-0.0971955918124752,0.055051218649145583,-0.26363492126796007,0.08314395467231292,-0.0019802925573960684,0.0056891845872543215,0.0012435095775360228,0.16102111408231357,unclassified_motion,1,1,0.006023983721818178,1,0,0,,,-0.4018867226596703,0.022332158214898035,-0.11179407207302475,-0.3939253979000851,0.016893383495385886,-0.09843910139001122
40.818333333333335,-0.3975646203891084,0.022525455240147232,-0.10228478913858277,0.05339228871751833,-0.26369203411045306,0.07805475734620534,-0.0036392224890233194,0.005632071744761345,-0.0038456877485715524,0.14662897948092582,unclassified_motion,1,1,0.006705532973802469,1,0,0,,,-0.3913745033036805,0.023273915300403715,-0.08744490131823976,-0.3939253979000851,0.016893383495385886,-0.09843910139001122
40.85166666666667,-0.3986362385127575,0.02274669542399615,-0.10658031243666717,0.052320670593869245,-0.2634707939266041,0.07375923404812094,-0.004710840612672407,0.005853311928610265,-0.008141211046655952,0.08316124764768348,unclassified_motion,1,1,0.007513539765757213,1,0,0,,,-0.40099518654958666,0.02215022997426175,-0.11136976859940342,-0.3939253979000851,0.016893383495385886,-0.09843910139001122
40.885000000000005,-0.3989904390520104,0.022537647760622385,-0.10764237728541205,0.0519664700546163,-0.26367984158997787,0.07269716919937606,-0.0050650411519253535,0.005644264265236499,-0.009203275895400834,0.1454494838033682,unclassified_motion,1,1,0.007583690458248084,1,0,0,,,-0.3994499619097492,0.02265764604173074,-0.11032791183228927,-0.3939253979000851,0.016893383495385886,-0.09843910139001122
40.91833333333334,-0.4019168672423933,0.02204560146159144,-0.11567814841314453,0.04904004186423344,-0.2641718878890088,0.06466139807164359,-0.00799146934230821,0.005152217966205554,-0.017239047023133308,0.04175934389087468,unclassified_motion,1,1,0.009508361174268851,1,0,0,,,-0.40024467576411005,0.022576722722343998,-0.11174354985966306,-0.3939253979000851,0.016893383495385886,-0.09843910139001122
40.95166666666667,-0.3997640486073888,0.021860503192922123,-0.11022954097263139,0.051192860499237935,-0.26435698615767816,0.07011000551215672,-0.005838650707303716,0.004967119697536236,-0.011790439582620174,0.24769803678134011,unclassified_motion,1,1,0.0076656454504203785,1,0,0,,,-0.40100424262686574,0.021446839946953018,-0.11107230297498953,-0.3939253979000851,0.016893383495385886,-0.09843910139001122
40.985,-0.3960999512034588,0.022178119644765258,-0.1002239650975897,0.05485695790316791,-0.264039369705835,0.08011558138719842,-0.0021745533033737385,0.005284736149379372,-0.0017848637075784796,0.31980343138946676,unclassified_motion,1,1,0.005714640691921999,1,0,0,,,-0.39907623981525386,0.02158629240547666,-0.11122441966021214,-0.3939253979000851,0.016893383495385886,-0.09843910139001122
