frame,time_s,status,world_source_id,detection_count,error_px,ambiguity_gap_px,x_m,y_m,z_m,relative_rx_rad,relative_ry_rad,relative_rz_rad,distance_m
0,0.0,missing_tag,1,0,,,,,,,,,
1,0.03333333333333333,missing_tag,1,0,,,,,,,,,
2,0.06666666666666667,missing_tag,0,0,,,,,,,,,
3,0.1,missing_tag,0,0,,,,,,,,,
4,0.13333333333333333,missing_tag,0,0,,,,,,,,,
5,0.16666666666666669,missing_tag,1,0,,,,,,,,,
6,0.2,missing_tag,0,0,,,,,,,,,
7,0.23333333333333334,missing_tag,1,0,,,,,,,,,
8,0.26666666666666666,missing_tag,0,0,,,,,,,,,
9,0.30000000000000004,missing_tag,1,0,,,,,,,,,
10,0.33333333333333337,missing_tag,1,0,,,,,,,,,
11,0.3666666666666667,missing_tag,1,0,,,,,,,,,
12,0.4,missing_tag,1,0,,,,,,,,,
13,0.43333333333333335,missing_tag,1,0,,,,,,,,,
14,0.4666666666666667,missing_tag,1,0,,,,,,,,,
15,0.5,missing_tag,1,0,,,,,,,,,
16,0.5333333333333333,missing_tag,1,0,,,,,,,,,
17,0.5666666666666667,missing_tag,1,0,,,,,,,,,
18,0.6000000000000001,missing_tag,1,0,,,,,,,,,
19,0.6333333333333334,missing_tag,1,0,,,,,,,,,
20,0.6666666666666667,missing_tag,1,0,,,,,,,,,
21,0.7000000000000001,missing_tag,1,0,,,,,,,,,
22,0.7333333333333334,missing_tag,1,0,,,,,,,,,
23,0.7666666666666667,missing_tag,1,0,,,,,,,,,
24,0.8,missing_tag,1,0,,,,,,,,,
25,0.8333333333333334,missing_tag,1,0,,,,,,,,,
26,0.8666666666666667,missing_tag,1,0,,,,,,,,,
27,0.9,missing_tag,1,0,,,,,,,,,
28,0.9333333333333333,missing_tag,1,0,,,,,,,,,
29,0.9666666666666667,missing_tag,1,0,,,,,,,,,
30,1.0,missing_tag,1,0,,,,,,,,,
31,1.0333333333333334,missing_tag,0,0,,,,,,,,,
32,1.0666666666666667,missing_tag,1,0,,,,,,,,,
33,1.1,missing_tag,1,0,,,,,,,,,
34,1.1333333333333333,missing_tag,1,0,,,,,,,,,
35,1.1666666666666667,missing_tag,1,0,,,,,,,,,
36,1.2000000000000002,missing_tag,1,0,,,,,,,,,
37,1.2333333333333334,missing_tag,1,0,,,,,,,,,
38,1.2666666666666668,missing_tag,0,0,,,,,,,,,
39,1.3,missing_tag,1,0,,,,,,,,,
40,1.3333333333333335,missing_tag,1,0,,,,,,,,,
41,1.3666666666666667,missing_tag,1,0,,,,,,,,,
42,1.4000000000000001,missing_tag,1,0,,,,,,,,,
43,1.4333333333333333,missing_tag,1,0,,,,,,,,,
44,1.4666666666666668,missing_tag,0,0,,,,,,,,,
45,1.5,missing_tag,1,0,,,,,,,,,
46,1.5333333333333334,missing_tag,1,0,,,,,,,,,
47,1.5666666666666669,missing_tag,1,0,,,,,,,,,
48,1.6,missing_tag,0,0,,,,,,,,,
49,1.6333333333333335,missing_tag,0,0,,,,,,,,,
50,1.6666666666666667,missing_tag,1,0,,,,,,,,,
51,1.7000000000000002,missing_tag,1,0,,,,,,,,,
52,1.7333333333333334,missing_tag,0,0,,,,,,,,,
53,1.7666666666666668,missing_tag,1,0,,,,,,,,,
54,1.8,missing_tag,1,0,,,,,,,,,
55,1.8350000000000002,missing_tag,1,0,,,,,,,,,
56,1.8683333333333334,missing_tag,0,0,,,,,,,,,
57,1.9016666666666668,missing_tag,1,0,,,,,,,,,
58,1.935,missing_tag,1,0,,,,,,,,,
59,1.9683333333333335,missing_tag,0,0,,,,,,,,,
60,2.001666666666667,missing_tag,1,0,,,,,,,,,
61,2.035,missing_tag,0,0,,,,,,,,,
62,2.0683333333333334,missing_tag,1,0,,,,,,,,,
63,2.101666666666667,missing_tag,1,0,,,,,,,,,
64,2.1350000000000007,missing_tag,1,0,,,,,,,,,
65,2.1683333333333334,missing_tag,1,0,,,,,,,,,
66,2.2016666666666667,missing_tag,1,0,,,,,,,,,
67,2.2350000000000003,missing_tag,1,0,,,,,,,,,
68,2.2683333333333335,missing_tag,1,0,,,,,,,,,
69,2.3016666666666667,missing_tag,1,0,,,,,,,,,
70,2.335,missing_tag,1,0,,,,,,,,,
71,2.3683333333333336,missing_tag,0,0,,,,,,,,,
72,2.401666666666667,missing_tag,0,0,,,,,,,,,
73,2.435,missing_tag,1,0,,,,,,,,,
74,2.468333333333334,missing_tag,1,0,,,,,,,,,
75,2.501666666666667,missing_tag,1,0,,,,,,,,,
76,2.535,missing_tag,1,0,,,,,,,,,
77,2.5683333333333334,missing_tag,1,0,,,,,,,,,
78,2.601666666666667,missing_tag,1,0,,,,,,,,,
79,2.6350000000000007,missing_tag,1,0,,,,,,,,,
80,2.6683333333333334,missing_tag,1,0,,,,,,,,,
81,2.7016666666666667,missing_tag,1,0,,,,,,,,,
82,2.7350000000000003,missing_tag,1,0,,,,,,,,,
83,2.7683333333333335,missing_tag,1,0,,,,,,,,,
84,2.8016666666666667,missing_tag,1,0,,,,,,,,,
85,2.835,missing_tag,1,0,,,,,,,,,
86,2.8683333333333336,missing_tag,1,0,,,,,,,,,
87,2.901666666666667,missing_tag,1,0,,,,,,,,,
88,2.935,missing_tag,1,0,,,,,,,,,
89,2.968333333333334,missing_tag,1,0,,,,,,,,,
90,3.001666666666667,missing_tag,1,0,,,,,,,,,
91,3.035,missing_tag,1,0,,,,,,,,,
92,3.0683333333333334,missing_tag,1,0,,,,,,,,,
93,3.101666666666667,missing_tag,1,0,,,,,,,,,
94,3.1350000000000007,missing_tag,1,0,,,,,,,,,
95,3.1683333333333334,missing_tag,1,0,,,,,,,,,
96,3.2016666666666667,missing_tag,1,0,,,,,,,,,
97,3.2350000000000003,missing_tag,1,0,,,,,,,,,
98,3.2683333333333335,missing_tag,0,0,,,,,,,,,
99,3.3016666666666667,missing_tag,1,0,,,,,,,,,
100,3.3350000000000004,missing_tag,0,0,,,,,,,,,
101,3.3683333333333336,missing_tag,1,0,,,,,,,,,
102,3.401666666666667,missing_tag,0,0,,,,,,,,,
103,3.435,missing_tag,1,0,,,,,,,,,
104,3.468333333333334,missing_tag,0,0,,,,,,,,,
105,3.501666666666667,missing_tag,1,0,,,,,,,,,
106,3.535,missing_tag,1,0,,,,,,,,,
107,3.5683333333333334,missing_tag,1,0,,,,,,,,,
108,3.601666666666667,missing_tag,1,0,,,,,,,,,
109,3.6350000000000007,missing_tag,1,0,,,,,,,,,
110,3.6683333333333334,missing_tag,0,0,,,,,,,,,
111,3.701666666666667,missing_tag,1,0,,,,,,,,,
112,3.7350000000000003,missing_tag,1,0,,,,,,,,,
113,3.7683333333333335,missing_tag,1,0,,,,,,,,,
114,3.8016666666666667,missing_tag,1,0,,,,,,,,,
115,3.8350000000000004,missing_tag,1,0,,,,,,,,,
116,3.8683333333333336,missing_tag,1,0,,,,,,,,,
117,3.901666666666667,missing_tag,1,0,,,,,,,,,
118,3.935,missing_tag,1,0,,,,,,,,,
119,3.968333333333334,missing_tag,1,0,,,,,,,,,
120,4.001666666666667,missing_tag,1,0,,,,,,,,,
121,4.035,missing_tag,1,0,,,,,,,,,
122,4.068333333333333,missing_tag,1,0,,,,,,,,,
123,4.101666666666667,missing_tag,1,0,,,,,,,,,
124,4.135000000000001,missing_tag,1,0,,,,,,,,,
125,4.168333333333334,missing_tag,1,0,,,,,,,,,
126,4.201666666666667,missing_tag,1,0,,,,,,,,,
127,4.235,missing_tag,1,0,,,,,,,,,
128,4.2683333333333335,missing_tag,1,0,,,,,,,,,
129,4.301666666666667,missing_tag,1,0,,,,,,,,,
130,4.335,missing_tag,1,0,,,,,,,,,
131,4.368333333333333,missing_tag,1,0,,,,,,,,,
132,4.401666666666667,missing_tag,1,0,,,,,,,,,
133,4.4350000000000005,missing_tag,1,0,,,,,,,,,
134,4.468333333333334,missing_tag,0,0,,,,,,,,,
135,4.501666666666667,missing_tag,0,0,,,,,,,,,
136,4.535,missing_tag,0,0,,,,,,,,,
137,4.568333333333333,missing_tag,1,0,,,,,,,,,
138,4.601666666666667,missing_tag,1,0,,,,,,,,,
139,4.635000000000001,missing_tag,1,0,,,,,,,,,
140,4.668333333333334,missing_tag,1,0,,,,,,,,,
141,4.701666666666667,missing_tag,1,0,,,,,,,,,
142,4.735,missing_tag,1,0,,,,,,,,,
143,4.7683333333333335,missing_tag,1,0,,,,,,,,,
144,4.801666666666667,missing_tag,1,0,,,,,,,,,
145,4.835,missing_tag,1,0,,,,,,,,,
146,4.868333333333334,missing_tag,1,0,,,,,,,,,
147,4.901666666666667,missing_tag,1,0,,,,,,,,,
148,4.9350000000000005,missing_tag,1,0,,,,,,,,,
149,4.968333333333334,missing_tag,0,0,,,,,,,,,
150,5.001666666666667,missing_tag,1,0,,,,,,,,,
151,5.035,missing_tag,1,0,,,,,,,,,
152,5.068333333333333,missing_tag,0,0,,,,,,,,,
153,5.101666666666667,missing_tag,1,0,,,,,,,,,
154,5.135000000000001,missing_tag,0,0,,,,,,,,,
155,5.168333333333334,missing_tag,1,0,,,,,,,,,
156,5.201666666666667,missing_tag,0,0,,,,,,,,,
157,5.235,missing_tag,0,0,,,,,,,,,
158,5.2683333333333335,missing_tag,0,0,,,,,,,,,
159,5.301666666666667,missing_tag,0,0,,,,,,,,,
160,5.335,missing_tag,1,0,,,,,,,,,
161,5.368333333333334,missing_tag,0,0,,,,,,,,,
162,5.401666666666667,missing_tag,1,0,,,,,,,,,
163,5.4350000000000005,missing_tag,1,0,,,,,,,,,
164,5.470000000000001,missing_tag,1,0,,,,,,,,,
165,5.503333333333334,missing_tag,0,0,,,,,,,,,
166,5.536666666666667,missing_tag,1,0,,,,,,,,,
167,5.57,missing_tag,1,0,,,,,,,,,
168,5.6033333333333335,missing_tag,1,0,,,,,,,,,
169,5.636666666666667,missing_tag,1,0,,,,,,,,,
170,5.67,missing_tag,1,0,,,,,,,,,
171,5.703333333333334,missing_tag,1,0,,,,,,,,,
172,5.736666666666667,missing_tag,1,0,,,,,,,,,
173,5.770000000000001,missing_tag,1,0,,,,,,,,,
174,5.803333333333334,missing_tag,1,0,,,,,,,,,
175,5.836666666666667,missing_tag,1,0,,,,,,,,,
176,5.87,missing_tag,1,0,,,,,,,,,
177,5.903333333333333,missing_tag,1,0,,,,,,,,,
178,5.936666666666668,missing_tag,0,0,,,,,,,,,
179,5.970000000000001,missing_tag,1,0,,,,,,,,,
180,6.003333333333334,missing_tag,1,0,,,,,,,,,
181,6.036666666666667,missing_tag,1,0,,,,,,,,,
182,6.07,missing_tag,1,0,,,,,,,,,
183,6.1033333333333335,missing_tag,1,0,,,,,,,,,
184,6.136666666666667,missing_tag,1,0,,,,,,,,,
185,6.170000000000001,missing_tag,0,0,,,,,,,,,
186,6.203333333333334,missing_tag,1,0,,,,,,,,,
187,6.236666666666667,missing_tag,1,0,,,,,,,,,
188,6.270000000000001,missing_tag,1,0,,,,,,,,,
189,6.303333333333334,missing_tag,1,0,,,,,,,,,
190,6.336666666666667,missing_tag,1,0,,,,,,,,,
191,6.37,missing_tag,0,0,,,,,,,,,
192,6.403333333333333,missing_tag,0,0,,,,,,,,,
193,6.436666666666668,missing_tag,1,0,,,,,,,,,
194,6.470000000000001,missing_tag,1,0,,,,,,,,,
195,6.503333333333334,missing_tag,1,0,,,,,,,,,
196,6.536666666666667,missing_tag,1,0,,,,,,,,,
197,6.57,missing_tag,0,0,,,,,,,,,
198,6.6033333333333335,missing_tag,0,0,,,,,,,,,
199,6.636666666666667,missing_tag,0,0,,,,,,,,,
200,6.670000000000001,missing_tag,1,0,,,,,,,,,
201,6.703333333333334,missing_tag,1,0,,,,,,,,,
202,6.736666666666667,missing_tag,0,0,,,,,,,,,
203,6.770000000000001,missing_tag,1,0,,,,,,,,,
204,6.803333333333334,missing_tag,1,0,,,,,,,,,
205,6.836666666666667,missing_tag,1,0,,,,,,,,,
206,6.87,missing_tag,0,0,,,,,,,,,
207,6.903333333333334,missing_tag,1,0,,,,,,,,,
208,6.936666666666668,missing_tag,1,0,,,,,,,,,
209,6.970000000000001,missing_tag,1,0,,,,,,,,,
210,7.003333333333334,missing_tag,1,0,,,,,,,,,
211,7.036666666666667,missing_tag,1,0,,,,,,,,,
212,7.07,missing_tag,1,0,,,,,,,,,
213,7.1033333333333335,missing_tag,1,0,,,,,,,,,
214,7.136666666666667,missing_tag,1,0,,,,,,,,,
215,7.170000000000001,missing_tag,0,0,,,,,,,,,
216,7.203333333333334,missing_tag,0,0,,,,,,,,,
217,7.236666666666667,missing_tag,0,0,,,,,,,,,
218,7.270000000000001,missing_tag,0,0,,,,,,,,,
219,7.303333333333334,missing_tag,0,0,,,,,,,,,
220,7.336666666666667,missing_tag,1,0,,,,,,,,,
221,7.37,missing_tag,0,0,,,,,,,,,
222,7.403333333333334,missing_tag,1,0,,,,,,,,,
223,7.436666666666668,missing_tag,1,0,,,,,,,,,
224,7.470000000000001,missing_tag,1,0,,,,,,,,,
225,7.503333333333334,missing_tag,1,0,,,,,,,,,
226,7.536666666666667,missing_tag,1,0,,,,,,,,,
227,7.57,missing_tag,0,0,,,,,,,,,
228,7.6033333333333335,missing_tag,0,0,,,,,,,,,
229,7.636666666666667,missing_tag,0,0,,,,,,,,,
230,7.670000000000001,missing_tag,0,0,,,,,,,,,
231,7.703333333333334,missing_tag,0,0,,,,,,,,,
232,7.736666666666667,missing_tag,0,0,,,,,,,,,
233,7.770000000000001,missing_tag,0,0,,,,,,,,,
234,7.803333333333334,missing_tag,1,0,,,,,,,,,
235,7.836666666666667,missing_tag,0,0,,,,,,,,,
236,7.87,missing_tag,0,0,,,,,,,,,
237,7.903333333333334,missing_tag,0,0,,,,,,,,,
238,7.936666666666668,missing_tag,1,0,,,,,,,,,
239,7.970000000000001,missing_tag,0,0,,,,,,,,,
240,8.003333333333334,missing_tag,1,0,,,,,,,,,
241,8.036666666666667,missing_tag,1,0,,,,,,,,,
242,8.07,missing_tag,1,0,,,,,,,,,
243,8.103333333333333,missing_tag,1,0,,,,,,,,,
244,8.136666666666667,missing_tag,1,0,,,,,,,,,
245,8.17,missing_tag,1,0,,,,,,,,,
246,8.203333333333333,missing_tag,1,0,,,,,,,,,
247,8.236666666666666,missing_tag,1,0,,,,,,,,,
248,8.270000000000001,missing_tag,1,0,,,,,,,,,
249,8.303333333333335,missing_tag,1,0,,,,,,,,,
250,8.336666666666668,missing_tag,0,0,,,,,,,,,
251,8.370000000000001,missing_tag,0,0,,,,,,,,,
252,8.403333333333334,missing_tag,0,0,,,,,,,,,
253,8.436666666666667,missing_tag,0,0,,,,,,,,,
254,8.47,missing_tag,1,0,,,,,,,,,
255,8.503333333333334,missing_tag,0,0,,,,,,,,,
256,8.536666666666667,missing_tag,1,0,,,,,,,,,
257,8.57,missing_tag,1,0,,,,,,,,,
258,8.603333333333333,missing_tag,0,0,,,,,,,,,
259,8.636666666666667,missing_tag,0,0,,,,,,,,,
260,8.67,missing_tag,0,0,,,,,,,,,
261,8.703333333333333,missing_tag,1,0,,,,,,,,,
262,8.736666666666666,missing_tag,0,0,,,,,,,,,
263,8.770000000000001,missing_tag,1,0,,,,,,,,,
264,8.803333333333335,missing_tag,0,0,,,,,,,,,
265,8.836666666666668,missing_tag,1,0,,,,,,,,,
266,8.870000000000001,missing_tag,0,0,,,,,,,,,
267,8.903333333333334,missing_tag,0,0,,,,,,,,,
268,8.936666666666667,missing_tag,0,0,,,,,,,,,
269,8.97,missing_tag,1,0,,,,,,,,,
270,9.003333333333334,missing_tag,0,0,,,,,,,,,
271,9.036666666666667,missing_tag,0,0,,,,,,,,,
272,9.07,missing_tag,0,0,,,,,,,,,
273,9.105,missing_tag,0,0,,,,,,,,,
274,9.138333333333334,missing_tag,1,0,,,,,,,,,
275,9.171666666666667,missing_tag,0,0,,,,,,,,,
276,9.205,missing_tag,0,0,,,,,,,,,
277,9.238333333333333,missing_tag,0,0,,,,,,,,,
278,9.271666666666667,missing_tag,1,0,,,,,,,,,
279,9.305,missing_tag,0,0,,,,,,,,,
280,9.338333333333335,missing_tag,0,0,,,,,,,,,
281,9.371666666666668,missing_tag,1,0,,,,,,,,,
282,9.405000000000001,missing_tag,1,0,,,,,,,,,
283,9.438333333333334,missing_tag,0,0,,,,,,,,,
284,9.471666666666668,missing_tag,1,0,,,,,,,,,
285,9.505,missing_tag,1,0,,,,,,,,,
286,9.538333333333334,missing_tag,0,0,,,,,,,,,
287,9.571666666666667,missing_tag,1,0,,,,,,,,,
288,9.605,missing_tag,0,0,,,,,,,,,
289,9.638333333333334,missing_tag,0,0,,,,,,,,,
290,9.671666666666667,missing_tag,1,0,,,,,,,,,
291,9.705,missing_tag,1,0,,,,,,,,,
292,9.738333333333333,missing_tag,0,0,,,,,,,,,
293,9.771666666666667,missing_tag,0,0,,,,,,,,,
294,9.805000000000001,missing_tag,0,0,,,,,,,,,
295,9.838333333333335,missing_tag,0,0,,,,,,,,,
296,9.871666666666668,missing_tag,0,0,,,,,,,,,
297,9.905000000000001,missing_tag,0,0,,,,,,,,,
298,9.938333333333334,missing_tag,0,0,,,,,,,,,
299,9.971666666666668,missing_tag,0,0,,,,,,,,,
300,10.005,missing_tag,0,0,,,,,,,,,
301,10.038333333333334,missing_tag,0,0,,,,,,,,,
302,10.071666666666667,missing_tag,1,0,,,,,,,,,
303,10.105,missing_tag,0,0,,,,,,,,,
304,10.138333333333334,missing_tag,0,0,,,,,,,,,
305,10.171666666666667,missing_tag,0,0,,,,,,,,,
306,10.205,missing_tag,1,0,,,,,,,,,
307,10.238333333333333,missing_tag,0,0,,,,,,,,,
308,10.271666666666667,missing_tag,0,0,,,,,,,,,
309,10.305000000000001,missing_tag,0,0,,,,,,,,,
310,10.338333333333335,missing_tag,0,0,,,,,,,,,
311,10.371666666666668,missing_tag,0,0,,,,,,,,,
312,10.405000000000001,missing_tag,0,0,,,,,,,,,
313,10.438333333333334,missing_tag,0,0,,,,,,,,,
314,10.471666666666668,missing_tag,0,0,,,,,,,,,
315,10.505,missing_tag,0,0,,,,,,,,,
316,10.538333333333334,missing_tag,0,0,,,,,,,,,
317,10.571666666666667,missing_tag,0,0,,,,,,,,,
318,10.605,missing_tag,0,0,,,,,,,,,
319,10.638333333333334,missing_tag,0,0,,,,,,,,,
320,10.671666666666667,missing_tag,1,0,,,,,,,,,
321,10.705,missing_tag,0,0,,,,,,,,,
322,10.738333333333333,missing_tag,0,0,,,,,,,,,
323,10.771666666666667,missing_tag,1,0,,,,,,,,,
324,10.805000000000001,missing_tag,0,0,,,,,,,,,
325,10.838333333333335,missing_tag,0,0,,,,,,,,,
326,10.871666666666668,missing_tag,0,0,,,,,,,,,
327,10.905000000000001,missing_tag,0,0,,,,,,,,,
328,10.938333333333334,missing_tag,0,0,,,,,,,,,
329,10.971666666666668,missing_tag,1,0,,,,,,,,,
330,11.005,missing_tag,0,0,,,,,,,,,
331,11.038333333333334,missing_tag,0,0,,,,,,,,,
332,11.071666666666667,missing_tag,1,0,,,,,,,,,
333,11.105,missing_tag,0,0,,,,,,,,,
334,11.138333333333334,missing_tag,0,0,,,,,,,,,
335,11.171666666666667,missing_tag,0,0,,,,,,,,,
336,11.205,missing_tag,0,0,,,,,,,,,
337,11.238333333333333,missing_tag,1,0,,,,,,,,,
338,11.271666666666668,missing_tag,1,0,,,,,,,,,
339,11.305000000000001,missing_tag,1,0,,,,,,,,,
340,11.338333333333335,missing_tag,1,0,,,,,,,,,
341,11.371666666666668,missing_tag,0,0,,,,,,,,,
342,11.405000000000001,missing_tag,0,0,,,,,,,,,
343,11.438333333333334,missing_tag,0,0,,,,,,,,,
344,11.471666666666668,missing_tag,0,0,,,,,,,,,
345,11.505,missing_tag,0,0,,,,,,,,,
346,11.538333333333334,missing_tag,0,0,,,,,,,,,
347,11.571666666666667,missing_tag,0,0,,,,,,,,,
348,11.605,missing_tag,0,0,,,,,,,,,
349,11.638333333333334,missing_tag,0,0,,,,,,,,,
350,11.671666666666667,missing_tag,1,0,,,,,,,,,
351,11.705,missing_tag,1,0,,,,,,,,,
352,11.738333333333333,missing_tag,0,0,,,,,,,,,
353,11.771666666666668,missing_tag,0,0,,,,,,,,,
354,11.805000000000001,missing_tag,0,0,,,,,,,,,
355,11.838333333333335,missing_tag,0,0,,,,,,,,,
356,11.871666666666668,missing_tag,0,0,,,,,,,,,
357,11.905000000000001,missing_tag,0,0,,,,,,,,,
358,11.938333333333334,missing_tag,1,0,,,,,,,,,
359,11.971666666666668,missing_tag,1,0,,,,,,,,,
360,12.005,missing_tag,1,0,,,,,,,,,
361,12.038333333333334,missing_tag,1,0,,,,,,,,,
362,12.071666666666667,missing_tag,1,0,,,,,,,,,
363,12.105,missing_tag,0,0,,,,,,,,,
364,12.138333333333334,missing_tag,0,0,,,,,,,,,
365,12.171666666666667,missing_tag,0,0,,,,,,,,,
366,12.205,missing_tag,1,0,,,,,,,,,
367,12.238333333333333,missing_tag,0,0,,,,,,,,,
368,12.271666666666668,missing_tag,0,0,,,,,,,,,
369,12.305000000000001,missing_tag,0,0,,,,,,,,,
370,12.338333333333335,missing_tag,1,0,,,,,,,,,
371,12.371666666666668,missing_tag,0,0,,,,,,,,,
372,12.405000000000001,missing_tag,0,0,,,,,,,,,
373,12.438333333333334,missing_tag,0,0,,,,,,,,,
374,12.471666666666668,missing_tag,1,0,,,,,,,,,
375,12.505,missing_tag,1,0,,,,,,,,,
376,12.538333333333334,missing_tag,0,0,,,,,,,,,
377,12.571666666666667,missing_tag,0,0,,,,,,,,,
378,12.605,missing_tag,0,0,,,,,,,,,
379,12.638333333333334,missing_tag,0,0,,,,,,,,,
380,12.673333333333334,missing_tag,0,0,,,,,,,,,
381,12.706666666666667,missing_tag,1,0,,,,,,,,,
382,12.74,missing_tag,1,0,,,,,,,,,
383,12.773333333333333,missing_tag,0,0,,,,,,,,,
384,12.806666666666667,missing_tag,0,0,,,,,,,,,
385,12.840000000000002,missing_tag,0,0,,,,,,,,,
386,12.873333333333337,missing_tag,0,0,,,,,,,,,
387,12.906666666666668,missing_tag,0,0,,,,,,,,,
388,12.940000000000001,missing_tag,1,0,,,,,,,,,
389,12.973333333333334,missing_tag,1,0,,,,,,,,,
390,13.006666666666668,missing_tag,1,0,,,,,,,,,
391,13.040000000000003,missing_tag,0,0,,,,,,,,,
392,13.073333333333334,missing_tag,0,0,,,,,,,,,
393,13.106666666666667,missing_tag,1,0,,,,,,,,,
394,13.14,missing_tag,0,0,,,,,,,,,
395,13.173333333333334,missing_tag,1,0,,,,,,,,,
396,13.206666666666667,missing_tag,1,0,,,,,,,,,
397,13.24,missing_tag,1,0,,,,,,,,,
398,13.273333333333333,missing_tag,1,0,,,,,,,,,
399,13.306666666666667,missing_tag,1,0,,,,,,,,,
400,13.340000000000002,missing_tag,1,0,,,,,,,,,
401,13.373333333333337,missing_tag,1,0,,,,,,,,,
402,13.406666666666668,missing_tag,1,0,,,,,,,,,
403,13.440000000000001,missing_tag,1,0,,,,,,,,,
404,13.473333333333334,missing_tag,1,0,,,,,,,,,
405,13.506666666666668,missing_tag,1,0,,,,,,,,,
406,13.540000000000003,missing_tag,1,0,,,,,,,,,
407,13.573333333333334,missing_tag,1,0,,,,,,,,,
408,13.606666666666667,tracked,1,1,0.14684293541615076,0.11681244891086431,-0.3545708419146542,0.05947709805763973,-0.12852025984478427,0.38918049935877114,0.7908344331241487,-1.2939882973926529,0.38180553207096896
409,13.64,missing_tag,1,0,,,,,,,,,
410,13.673333333333334,missing_tag,1,0,,,,,,,,,
411,13.706666666666667,missing_tag,1,0,,,,,,,,,
412,13.74,tracked,1,1,0.18975664064097755,0.09935126514474404,-0.35418758187349875,0.06200221609210865,-0.1244905620718843,0.3918144333167358,0.8060568239854281,-1.3050588663761664,0.38051414953809876
413,13.773333333333333,missing_tag,0,0,,,,,,,,,
414,13.806666666666668,tracked,1,1,0.2097975447460432,0.11286457899208355,-0.3551725467731907,0.06220741654167289,-0.12239094713652299,0.3843939514334551,0.8128330026192361,-1.312246691867008,0.3807845120210625
415,13.840000000000002,tracked,1,1,0.19689857432080923,0.1164460649566382,-0.356450880275699,0.061329975920013935,-0.12210296817614402,0.3790304283162879,0.8136898108638233,-1.3075807194139695,0.381743016744373
416,13.873333333333337,tracked,1,1,0.20784218082944247,0.0994229463347239,-0.3546996099156657,0.06316672804393553,-0.11958370376111749,0.38424509358820547,0.8212036620478026,-1.3119980291802562,0.3796078384482183
417,13.906666666666668,missing_tag,1,0,,,,,,,,,
418,13.940000000000001,tracked,1,1,0.19828434827221506,0.12683172239516513,-0.3533388505144915,0.062309351546746355,-0.12036353757949964,0.38285792946015546,0.8139153539810364,-1.3149009380098526,0.3784417785495277
419,13.973333333333334,tracked,1,1,0.16187561238968806,0.13203382420797194,-0.35524238801673974,0.06252175998106946,-0.12182482525831612,0.3832319826771999,0.8198845070471568,-1.3131692324060116,0.3807195986079329
420,14.006666666666668,tracked,1,1,0.2111437008361079,0.10739395847221461,-0.3547330614544859,0.061412215449015845,-0.11976948554132777,0.3710936728624593,0.8156743155007052,-1.3166341846853635,0.3794097188555701
421,14.040000000000003,missing_tag,1,0,,,,,,,,,
422,14.073333333333334,tracked,1,1,0.2300390939663944,0.108126076130349,-0.355852371673284,0.06199731952529974,-0.12166997332954782,0.37905783574928265,0.8193284900958251,-1.311002192099765,0.38115372287810073
423,14.106666666666667,tracked,1,1,0.2197726318846576,0.12342571242159187,-0.3550838966032723,0.061746760744514434,-0.1208693372425731,0.37870188971870156,0.8124982360802546,-1.3138277050933658,0.3801402803898352
424,14.14,tracked,1,1,0.16960835763198662,0.14602841758633706,-0.3551833414379166,0.0620264370989663,-0.12161761037824947,0.3812047223703457,0.8071565622649399,-1.3102002643778772,0.3805171850104951
425,14.173333333333334,tracked,0,1,0.21191140642495232,0.12355556848848581,-0.3526260340324135,0.05467098591609815,-0.11713622330242085,0.3432635683671307,0.7843479534730698,-1.3018581333590593,0.3755728043775556
426,14.206666666666667,tracked,1,1,0.22298987878757645,0.1114167954143501,-0.35475096817692287,0.06166549507085173,-0.12099122843379018,0.378906992476095,0.8061563539623696,-1.3122216568280272,0.3798549197558391
427,14.24,tracked,1,1,0.14523514228524564,0.1463437678296608,-0.3554582877491011,0.06235763114488549,-0.12330035494128938,0.3891994357439992,0.8116446365841395,-1.3090326473602651,0.38136864844946583
428,14.273333333333333,tracked,1,1,0.13635392221715334,0.1622446867578681,-0.35711624416580895,0.059992455344980294,-0.12505698806237697,0.3768670781226077,0.801505382068857,-1.3087940324949658,0.38310619521047506
429,14.306666666666668,tracked,1,1,0.19376506856908393,0.1041145196832432,-0.35827130984741196,0.06169845627325293,-0.12534915479538733,0.38671173701826517,0.8097087385988231,-1.3085053608813002,0.3845483605142541
430,14.340000000000002,tracked,1,1,0.14163184405036408,0.12372153141161432,-0.35617006174968685,0.06243767535046374,-0.12245701065709397,0.38629091544069044,0.8164490805310396,-1.3125926556502852,0.3817738802603149
431,14.373333333333337,tracked,1,1,0.20559922095671587,0.11918308721292084,-0.3552077621332641,0.0623518737405353,-0.1228216830440409,0.3876246371583129,0.8134691203473295,-1.3123891756709596,0.3809796270989409
432,14.406666666666668,tracked,1,1,0.15501037535437098,0.1150683923103544,-0.3531685558054215,0.06213889227623964,-0.12196370789989797,0.38787676543102023,0.8079364290538622,-1.3150472045624826,0.37876696897656864
433,14.440000000000001,tracked,1,1,0.26325664078290595,0.10852340948915046,-0.3554105843073087,0.0622457735440822,-0.12336998065305954,0.3884560660193164,0.8095237838659906,-1.3125206077817861,0.3813284304744403
434,14.473333333333334,tracked,1,1,0.20611799370145187,0.1165729248434805,-0.35778051867194066,0.06063517334977864,-0.12297265255421375,0.3759789516558253,0.8112845408240956,-1.3184489698175657,0.38315244624632105
435,14.506666666666668,tracked,1,1,0.19034810927455356,0.10142737028238,-0.35738795343547713,0.06212404107669381,-0.12355992196732857,0.38659418778257604,0.8160209443995935,-1.3152287469297899,0.38321351758134764
436,14.540000000000003,tracked,1,1,0.22808315315664074,0.10185115876230966,-0.35616715600722354,0.061694828459100265,-0.12367647287749522,0.38966069221886457,0.8129007389060734,-1.30995137586325,0.3820434069844545
437,14.573333333333334,tracked,1,1,0.09421719387609229,0.11814068711049625,-0.35453307650101495,0.06258496852934434,-0.12324357088926136,0.39406460556299594,0.8103713691336608,-1.312949403449302,0.380525371538653
438,14.606666666666667,tracked,1,1,0.18790680778968596,0.09713054931156831,-0.35547938775672505,0.062676345884881,-0.12037533912368015,0.3830581436081679,0.8177325366004864,-1.316144278470306,0.38050511392426556
439,14.64,tracked,1,1,0.1577515153922327,0.14448416133240372,-0.3520734770791243,0.061911807816380504,-0.12132955492516628,0.3878784954680524,0.8057698871322946,-1.3133499530153674,0.37750452461926337
440,14.673333333333334,tracked,1,1,0.18646250351715288,0.11443505377112667,-0.3548016850327843,0.06290998353084748,-0.12298527374641804,0.3926410545953288,0.8155561237355764,-1.315313375875999,0.3807456884699234
441,14.706666666666667,tracked,1,1,0.18306481118496418,0.11928621930821595,-0.3544550620585388,0.06291045483708305,-0.12430173506706155,0.3980556451581854,0.8099154926511484,-1.3103961806820594,0.38085041379446233
442,14.74,tracked,1,1,0.18245785096398534,0.13411455106274525,-0.3533093979638154,0.06269107470063001,-0.12113372599393529,0.3911081715430549,0.8123687449284076,-1.3150864785256404,0.37872296089601887
443,14.773333333333333,tracked,1,1,0.19550556580086176,0.11663841813601677,-0.35373604900493755,0.06183928515497267,-0.12216009488279617,0.3889717152427314,0.8112311619533106,-1.3140679959430255,0.37931039840198866
444,14.806666666666668,tracked,1,1,0.0350174219130091,0.20699727585152042,-0.35433016775300546,0.06303368188053224,-0.12061898705069751,0.38892756536548123,0.8166228858137564,-1.3188211539480923,0.3795682453372851
445,14.840000000000002,tracked,1,1,0.1160099674609832,0.14309306090297946,-0.3546004954249624,0.06215321731454759,-0.12274321711990183,0.3897596953539132,0.811259306462636,-1.3124475018431967,0.38035566398717074
446,14.873333333333337,tracked,1,1,0.09075883109049881,0.1937033759123561,-0.3561366194950781,0.06027026777766428,-0.1255824498970266,0.3841733088743426,0.8023471006706466,-1.3090076866744822,0.38240913776413943
447,14.906666666666668,tracked,1,1,0.10458811318499837,0.1455351966307945,-0.35562588939135825,0.06182834059453721,-0.12262269074202714,0.3862709413362357,0.8137161188735663,-1.3141808109618216,0.38122020039720284
448,14.940000000000001,missing_tag,1,0,,,,,,,,,
449,14.973333333333334,tracked,1,1,0.1565956706454212,0.11383874746670888,-0.35380716229929443,0.062536661306282,-0.12270543902361897,0.3912324943278071,0.8137278289657884,-1.314296510351585,0.3796669156874154
450,15.006666666666668,tracked,1,1,0.07260847305314744,0.17721656033725597,-0.350070102038764,0.06322893902385571,-0.11960986120168082,0.39507470858882215,0.8060414818530512,-1.3161538139258553,0.37530453496886823
451,15.040000000000003,tracked,1,1,0.11467625254023928,0.13860060801262786,-0.35375043741872,0.06197212565497914,-0.12299818051293393,0.39060269601701025,0.8080884849964403,-1.3120392580512887,0.3796162124325363
452,15.073333333333334,tracked,1,1,0.11143619892562673,0.13108454661567495,-0.3543019516504911,0.06237351819997741,-0.12235478210089051,0.39287331565639344,0.8131417916172877,-1.3106028906789484,0.37998818589391203
453,15.106666666666667,tracked,1,1,0.12519207966990215,0.1386029537414002,-0.3533985633524695,0.061718633072433665,-0.12123531515470354,0.3866633089958431,0.809695888958544,-1.31635706596813,0.37867893510014444
454,15.14,tracked,1,1,0.12762710106498998,0.11113066290861495,-0.35114391409290796,0.06335086586954414,-0.11889617227645938,0.39225039786340876,0.8113619730369811,-1.3147682911141434,0.37610062535563804
455,15.173333333333334,tracked,1,1,0.15580517465278165,0.11340153987994023,-0.3533677457602344,0.06236647494458894,-0.12175260207417687,0.3907900831650526,0.8080908380404119,-1.3124018220260965,0.37892220448598224
456,15.206666666666667,tracked,1,1,0.1534271210282535,0.10976244046985212,-0.35207230592311545,0.06304833967613807,-0.12202662550550586,0.3965023948278689,0.8090582997374233,-1.312065660658135,0.37791599472131165
457,15.24,tracked,1,1,0.12021697324274559,0.12078733465880433,-0.3524609119386918,0.0623355416662181,-0.12194014006286158,0.3923037394671112,0.8065485287704873,-1.3131717544888122,0.3781320033507153
458,15.273333333333333,tracked,0,1,0.06869514873239711,0.14120888543988802,-0.3480335435803491,0.05645014670881396,-0.11370161961696057,0.3524839105459304,0.783528826663947,-1.3033021157691387,0.370461907385984
459,15.306666666666668,tracked,1,1,0.12327589118608752,0.12318711207617476,-0.35365509681758933,0.06183994017303229,-0.12138715570558728,0.3868387041999259,0.8099537091794057,-1.3137436492009316,0.3789867375990289
460,15.340000000000002,tracked,1,1,0.04974602981438353,0.1797553598477788,-0.35271909586656724,0.061620264196138363,-0.12211339785567799,0.39042637259643825,0.8062230508685208,-1.311008736493109,0.3783113790046364
461,15.373333333333337,tracked,1,1,0.20972846431091732,0.12424662445781601,-0.35388350773341515,0.06256936286633843,-0.12330213205468987,0.3947208996391984,0.813423927084361,-1.3083527062719522,0.37993667628229555
462,15.406666666666668,tracked,1,1,0.08260394830255616,0.15949322839063856,-0.3523947966874135,0.06352516030494593,-0.12224804506983405,0.40022030165340194,0.8122547320186861,-1.3122334555286264,0.3783677090444278
463,15.440000000000001,tracked,1,1,0.14369047681012243,0.14617132319006282,-0.35201078557175447,0.0633709806786118,-0.11968992294238434,0.3914929851281571,0.8139178667518915,-1.3166222604486881,0.3771646218893901
464,15.473333333333334,tracked,1,1,0.12480693430819466,0.11841753869295422,-0.35334480245446054,0.0632157754987355,-0.12160250443224774,0.3924036389957002,0.8144412320860693,-1.3186038891185972,0.3789933413368672
465,15.506666666666668,tracked,1,1,0.08334724227067784,0.18071972053998997,-0.35360206742474165,0.06198704675868624,-0.1224165602512694,0.3897788490375581,0.8074231948727069,-1.3123713058305437,0.37929227552992395
466,15.540000000000003,tracked,1,1,0.07853887410348175,0.1511884287152172,-0.3550966933264602,0.061209637694078806,-0.12379694733571606,0.3866951439329085,0.8054059917301757,-1.312727275955345,0.3810065163847839
467,15.573333333333334,tracked,1,1,0.10007100478274888,0.12068450543545453,-0.3537438283769862,0.06301190145633195,-0.12222176106788579,0.3987607397820648,0.8170992503691347,-1.3126349193723341,0.3795304397785302
468,15.606666666666667,tracked,0,1,0.13434060868488765,0.1412558213697693,-0.3511673592545167,0.05612184945512494,-0.11645419014684083,0.3493831112948341,0.7854496589778609,-1.3004559304524816,0.374205497814785
469,15.64,tracked,1,1,0.1026188191002583,0.11292057618130655,-0.3529581932988414,0.0635988337007351,-0.12162628471374987,0.3995311907747228,0.8153561090243993,-1.3148272815953517,0.37870470157914093
470,15.673333333333334,tracked,1,1,0.08660158307262569,0.17693857420204093,-0.35298938424394494,0.06273621531656601,-0.12175254962768739,0.39772993762794223,0.8144370710181706,-1.308572999124668,0.3786304549848155
471,15.706666666666667,tracked,1,1,0.10731449694344128,0.17182069952378656,-0.3542177721117839,0.06243253862687062,-0.12465399264413268,0.39776761534013955,0.8094766382775671,-1.3078485293272433,0.3806660870649694
472,15.74,tracked,0,1,0.053720139209782934,0.17995942729335496,-0.34468103668646516,0.05773359091403221,-0.11199417600577194,0.3577620647730748,0.7818049772776843,-1.300029744486677,0.36698893720423914
473,15.773333333333335,tracked,1,1,0.06296926664733651,0.17725981576517286,-0.35527946832674023,0.06216788681474408,-0.12475490876781203,0.39709660400560437,0.8076368624735778,-1.306190018949514,0.3816439885904233
474,15.806666666666668,tracked,1,1,0.09717140933952481,0.12719408291692264,-0.35226559770560956,0.06281404957983025,-0.12197432213157111,0.39770786134236397,0.8085447977759733,-1.3080732258228913,0.37804019814163153
475,15.840000000000002,missing_tag,1,0,,,,,,,,,
476,15.873333333333337,tracked,0,1,0.2165310699053729,0.13394199234875642,-0.3466043286443702,0.05716364278333891,-0.1135196530507393,0.35647820902416744,0.7786336434422269,-1.292663007200982,0.3691733391240976
477,15.906666666666668,tracked,1,1,0.12447180585707696,0.14429458009588075,-0.35205291345636425,0.06286253514052506,-0.12250725321528178,0.4008883304712859,0.8063532469405083,-1.3038566944760157,0.37802245870815826
478,15.940000000000001,tracked,1,1,0.20234881777708852,0.12018268847973285,-0.3533903775049337,0.06308560624497161,-0.1235294398595399,0.4029449002046689,0.8086046782559991,-1.2995366421297598,0.37963676737163754
479,15.973333333333334,tracked,1,1,0.19547324593807153,0.08790605715524019,-0.3522202900134081,0.06332650660298877,-0.12368553968086493,0.4049348259157013,0.803422189293125,-1.2973065548015597,0.3786389993936368
480,16.006666666666668,tracked,1,1,0.17399714753749673,0.14463141618225972,-0.3520056845165571,0.06291995275655252,-0.12269723854125808,0.400730287210048,0.8057299973063681,-1.2983659685619358,0.37804964585687306
481,16.040000000000003,tracked,0,1,0.16189614725463916,0.146877002299638,-0.34139919716558664,0.059065451476709246,-0.1090006937642673,0.3572713692298902,0.774644125923211,-1.2896951884406533,0.36321245934651825
482,16.073333333333334,tracked,1,1,0.18074869249644018,0.1289114737849352,-0.35205293554838163,0.06439844626044891,-0.12357493328640656,0.4069494265209495,0.8086865633471877,-1.2991529511002513,0.3786280410187982
483,16.10666666666667,tracked,1,1,0.10246659250429911,0.15507124816030576,-0.35126677226624686,0.06373138091811723,-0.12364282399905469,0.40652279534578134,0.8061332460523571,-1.2974115781996225,0.3778062759385274
484,16.14,tracked,1,1,0.10324780912155813,0.09964157596704924,-0.3504913038859264,0.06445478079914921,-0.12474929726348599,0.41274469653001084,0.8057724011034328,-1.2924601967398524,0.37757245666925543
485,16.173333333333336,tracked,1,1,0.08704179150557968,0.17508564191403458,-0.35078931511912836,0.06225092021785669,-0.125248293901157,0.40244802580818145,0.7991242865157547,-1.2893668774488065,0.377644615736631
486,16.206666666666667,tracked,1,1,0.10070128792397469,0.14032767155802944,-0.34865779157024474,0.06273945127917943,-0.12188798690939467,0.3987566529965322,0.7997440636982092,-1.2910661229643416,0.37464006155545826
487,16.240000000000002,tracked,1,1,0.08923545418680544,0.2021351325593181,-0.3496926797616211,0.06253243562884794,-0.12350973604581938,0.39789453635055555,0.7954367871653326,-1.2855769646222512,0.37609829922860283
488,16.273333333333333,missing_tag,1,0,,,,,,,,,
489,16.308333333333334,tracked,1,1,0.09760220785418597,0.15918467723395605,-0.34927149858657763,0.06228140456545503,-0.12310988696206604,0.3911720668490664,0.7962789837596863,-1.28369263426251,0.375533749944492
490,16.34166666666667,missing_tag,1,0,,,,,,,,,
491,16.375,missing_tag,1,0,,,,,,,,,
492,16.408333333333335,missing_tag,1,0,,,,,,,,,
493,16.441666666666666,missing_tag,1,0,,,,,,,,,
494,16.475,missing_tag,1,0,,,,,,,,,
495,16.508333333333333,missing_tag,1,0,,,,,,,,,
496,16.541666666666668,missing_tag,1,0,,,,,,,,,
497,16.575,missing_tag,1,0,,,,,,,,,
498,16.608333333333334,missing_tag,0,0,,,,,,,,,
499,16.64166666666667,missing_tag,1,0,,,,,,,,,
500,16.675,missing_tag,1,0,,,,,,,,,
501,16.708333333333336,missing_tag,1,0,,,,,,,,,
502,16.741666666666667,missing_tag,1,0,,,,,,,,,
503,16.775000000000002,missing_tag,1,0,,,,,,,,,
504,16.808333333333334,missing_tag,0,0,,,,,,,,,
505,16.84166666666667,missing_tag,0,0,,,,,,,,,
506,16.875,missing_tag,1,0,,,,,,,,,
507,16.908333333333335,missing_tag,1,0,,,,,,,,,
508,16.941666666666666,missing_tag,1,0,,,,,,,,,
509,16.975,missing_tag,0,0,,,,,,,,,
510,17.008333333333333,missing_tag,1,0,,,,,,,,,
511,17.041666666666668,missing_tag,0,0,,,,,,,,,
512,17.075000000000003,missing_tag,0,0,,,,,,,,,
513,17.108333333333334,missing_tag,1,0,,,,,,,,,
514,17.14166666666667,missing_tag,1,0,,,,,,,,,
515,17.175,missing_tag,1,0,,,,,,,,,
516,17.208333333333336,missing_tag,0,0,,,,,,,,,
517,17.241666666666667,missing_tag,0,0,,,,,,,,,
518,17.275000000000002,missing_tag,0,0,,,,,,,,,
519,17.308333333333334,missing_tag,1,0,,,,,,,,,
520,17.34166666666667,missing_tag,0,0,,,,,,,,,
521,17.375,missing_tag,0,0,,,,,,,,,
522,17.408333333333335,missing_tag,0,0,,,,,,,,,
523,17.441666666666666,missing_tag,0,0,,,,,,,,,
524,17.475,missing_tag,0,0,,,,,,,,,
525,17.508333333333333,missing_tag,0,0,,,,,,,,,
526,17.541666666666668,missing_tag,0,0,,,,,,,,,
527,17.575000000000003,missing_tag,0,0,,,,,,,,,
528,17.608333333333334,missing_tag,1,0,,,,,,,,,
529,17.64166666666667,missing_tag,0,0,,,,,,,,,
530,17.675,missing_tag,0,0,,,,,,,,,
531,17.708333333333336,missing_tag,0,0,,,,,,,,,
532,17.741666666666667,missing_tag,0,0,,,,,,,,,
533,17.775000000000002,missing_tag,0,0,,,,,,,,,
534,17.808333333333334,missing_tag,0,0,,,,,,,,,
535,17.84166666666667,missing_tag,0,0,,,,,,,,,
536,17.875,missing_tag,0,0,,,,,,,,,
537,17.908333333333335,missing_tag,0,0,,,,,,,,,
538,17.941666666666666,missing_tag,0,0,,,,,,,,,
539,17.975,missing_tag,0,0,,,,,,,,,
540,18.008333333333333,missing_tag,1,0,,,,,,,,,
541,18.041666666666668,missing_tag,0,0,,,,,,,,,
542,18.075000000000003,missing_tag,0,0,,,,,,,,,
543,18.108333333333334,missing_tag,0,0,,,,,,,,,
544,18.14166666666667,missing_tag,1,0,,,,,,,,,
545,18.175,missing_tag,0,0,,,,,,,,,
546,18.208333333333336,missing_tag,0,0,,,,,,,,,
547,18.241666666666667,missing_tag,0,0,,,,,,,,,
548,18.275000000000002,missing_tag,0,0,,,,,,,,,
549,18.308333333333334,missing_tag,1,0,,,,,,,,,
550,18.34166666666667,missing_tag,0,0,,,,,,,,,
551,18.375,missing_tag,1,0,,,,,,,,,
552,18.408333333333335,missing_tag,0,0,,,,,,,,,
553,18.441666666666666,missing_tag,1,0,,,,,,,,,
554,18.475,missing_tag,0,0,,,,,,,,,
555,18.508333333333333,missing_tag,0,0,,,,,,,,,
556,18.541666666666668,missing_tag,1,0,,,,,,,,,
557,18.575000000000003,missing_tag,1,0,,,,,,,,,
558,18.608333333333334,missing_tag,0,0,,,,,,,,,
559,18.64166666666667,missing_tag,1,0,,,,,,,,,
560,18.675,missing_tag,0,0,,,,,,,,,
561,18.708333333333336,missing_tag,0,0,,,,,,,,,
562,18.741666666666667,missing_tag,0,0,,,,,,,,,
563,18.775000000000002,missing_tag,0,0,,,,,,,,,
564,18.808333333333334,missing_tag,0,0,,,,,,,,,
565,18.84166666666667,missing_tag,0,0,,,,,,,,,
566,18.875,missing_tag,0,0,,,,,,,,,
567,18.908333333333335,missing_tag,0,0,,,,,,,,,
568,18.941666666666666,missing_tag,1,0,,,,,,,,,
569,18.975,missing_tag,0,0,,,,,,,,,
570,19.008333333333333,missing_tag,0,0,,,,,,,,,
571,19.041666666666668,missing_tag,0,0,,,,,,,,,
572,19.075000000000003,missing_tag,1,0,,,,,,,,,
573,19.108333333333334,missing_tag,0,0,,,,,,,,,
574,19.14166666666667,missing_tag,0,0,,,,,,,,,
575,19.175,missing_tag,0,0,,,,,,,,,
576,19.208333333333336,missing_tag,0,0,,,,,,,,,
577,19.241666666666667,missing_tag,1,0,,,,,,,,,
578,19.275000000000002,missing_tag,0,0,,,,,,,,,
579,19.308333333333334,missing_tag,1,0,,,,,,,,,
580,19.34166666666667,missing_tag,1,0,,,,,,,,,
581,19.375,missing_tag,1,0,,,,,,,,,
582,19.408333333333335,missing_tag,0,0,,,,,,,,,
583,19.441666666666666,missing_tag,0,0,,,,,,,,,
584,19.475,missing_tag,0,0,,,,,,,,,
585,19.508333333333333,missing_tag,0,0,,,,,,,,,
586,19.541666666666668,missing_tag,0,0,,,,,,,,,
587,19.575000000000003,missing_tag,1,0,,,,,,,,,
588,19.608333333333334,missing_tag,0,0,,,,,,,,,
589,19.64166666666667,missing_tag,1,0,,,,,,,,,
590,19.675,missing_tag,0,0,,,,,,,,,
591,19.708333333333336,missing_tag,1,0,,,,,,,,,
592,19.741666666666667,missing_tag,1,0,,,,,,,,,
593,19.775000000000002,missing_tag,1,0,,,,,,,,,
594,19.808333333333334,missing_tag,0,0,,,,,,,,,
595,19.84166666666667,missing_tag,0,0,,,,,,,,,
596,19.875,missing_tag,0,0,,,,,,,,,
597,19.908333333333335,missing_tag,1,0,,,,,,,,,
598,19.943333333333335,missing_tag,1,0,,,,,,,,,
599,19.976666666666667,missing_tag,0,0,,,,,,,,,
600,20.01,missing_tag,0,0,,,,,,,,,
601,20.043333333333333,missing_tag,1,0,,,,,,,,,
602,20.076666666666668,missing_tag,0,0,,,,,,,,,
603,20.110000000000003,missing_tag,0,0,,,,,,,,,
604,20.143333333333334,missing_tag,0,0,,,,,,,,,
605,20.17666666666667,missing_tag,1,0,,,,,,,,,
606,20.21,missing_tag,1,0,,,,,,,,,
607,20.243333333333336,missing_tag,1,0,,,,,,,,,
608,20.276666666666667,missing_tag,0,0,,,,,,,,,
609,20.310000000000002,missing_tag,0,0,,,,,,,,,
610,20.343333333333334,missing_tag,0,0,,,,,,,,,
611,20.37666666666667,missing_tag,1,0,,,,,,,,,
612,20.41,missing_tag,0,0,,,,,,,,,
613,20.443333333333335,missing_tag,1,0,,,,,,,,,
614,20.476666666666667,missing_tag,0,0,,,,,,,,,
615,20.51,missing_tag,0,0,,,,,,,,,
616,20.543333333333333,missing_tag,1,0,,,,,,,,,
617,20.576666666666668,missing_tag,1,0,,,,,,,,,
618,20.610000000000003,missing_tag,0,0,,,,,,,,,
619,20.643333333333334,missing_tag,0,0,,,,,,,,,
620,20.67666666666667,missing_tag,1,0,,,,,,,,,
621,20.71,missing_tag,0,0,,,,,,,,,
622,20.743333333333336,missing_tag,0,0,,,,,,,,,
623,20.776666666666667,missing_tag,0,0,,,,,,,,,
624,20.810000000000002,missing_tag,0,0,,,,,,,,,
625,20.843333333333334,missing_tag,0,0,,,,,,,,,
626,20.87666666666667,missing_tag,0,0,,,,,,,,,
627,20.91,missing_tag,1,0,,,,,,,,,
628,20.943333333333335,missing_tag,0,0,,,,,,,,,
629,20.976666666666667,missing_tag,0,0,,,,,,,,,
630,21.01,missing_tag,0,0,,,,,,,,,
631,21.043333333333333,missing_tag,1,0,,,,,,,,,
632,21.076666666666668,missing_tag,1,0,,,,,,,,,
633,21.110000000000003,missing_tag,0,0,,,,,,,,,
634,21.143333333333334,missing_tag,1,0,,,,,,,,,
635,21.17666666666667,missing_tag,0,0,,,,,,,,,
636,21.21,missing_tag,0,0,,,,,,,,,
637,21.243333333333336,missing_tag,0,0,,,,,,,,,
638,21.276666666666667,missing_tag,1,0,,,,,,,,,
639,21.310000000000002,missing_tag,0,0,,,,,,,,,
640,21.343333333333334,missing_tag,0,0,,,,,,,,,
641,21.37666666666667,missing_tag,0,0,,,,,,,,,
642,21.41,missing_tag,0,0,,,,,,,,,
643,21.443333333333335,missing_tag,0,0,,,,,,,,,
644,21.476666666666667,missing_tag,0,0,,,,,,,,,
645,21.51,missing_tag,0,0,,,,,,,,,
646,21.543333333333333,missing_tag,1,0,,,,,,,,,
647,21.576666666666668,missing_tag,0,0,,,,,,,,,
648,21.610000000000003,missing_tag,1,0,,,,,,,,,
649,21.643333333333334,missing_tag,0,0,,,,,,,,,
650,21.67666666666667,missing_tag,0,0,,,,,,,,,
651,21.71,missing_tag,1,0,,,,,,,,,
652,21.743333333333336,missing_tag,0,0,,,,,,,,,
653,21.776666666666667,missing_tag,0,0,,,,,,,,,
654,21.810000000000002,missing_tag,0,0,,,,,,,,,
655,21.843333333333334,missing_tag,0,0,,,,,,,,,
656,21.87666666666667,missing_tag,0,0,,,,,,,,,
657,21.91,missing_tag,1,0,,,,,,,,,
658,21.943333333333335,missing_tag,1,0,,,,,,,,,
659,21.976666666666667,missing_tag,1,0,,,,,,,,,
660,22.01,missing_tag,1,0,,,,,,,,,
661,22.043333333333333,missing_tag,1,0,,,,,,,,,
662,22.076666666666668,missing_tag,0,0,,,,,,,,,
663,22.110000000000003,missing_tag,0,0,,,,,,,,,
664,22.143333333333334,missing_tag,1,0,,,,,,,,,
665,22.17666666666667,missing_tag,1,0,,,,,,,,,
666,22.21,missing_tag,1,0,,,,,,,,,
667,22.243333333333336,missing_tag,1,0,,,,,,,,,
668,22.276666666666667,missing_tag,0,0,,,,,,,,,
669,22.310000000000002,missing_tag,1,0,,,,,,,,,
670,22.343333333333334,missing_tag,0,0,,,,,,,,,
671,22.37666666666667,missing_tag,1,0,,,,,,,,,
672,22.41,missing_tag,0,0,,,,,,,,,
673,22.443333333333335,missing_tag,1,0,,,,,,,,,
674,22.476666666666667,missing_tag,1,0,,,,,,,,,
675,22.51,missing_tag,1,0,,,,,,,,,
676,22.543333333333337,missing_tag,1,0,,,,,,,,,
677,22.576666666666668,missing_tag,1,0,,,,,,,,,
678,22.610000000000003,missing_tag,1,0,,,,,,,,,
679,22.643333333333334,missing_tag,0,0,,,,,,,,,
680,22.67666666666667,missing_tag,1,0,,,,,,,,,
681,22.71,missing_tag,0,0,,,,,,,,,
682,22.743333333333336,missing_tag,0,0,,,,,,,,,
683,22.776666666666667,missing_tag,0,0,,,,,,,,,
684,22.810000000000002,missing_tag,1,0,,,,,,,,,
685,22.843333333333334,missing_tag,1,0,,,,,,,,,
686,22.87666666666667,missing_tag,1,0,,,,,,,,,
687,22.91,missing_tag,1,0,,,,,,,,,
688,22.943333333333335,missing_tag,1,0,,,,,,,,,
689,22.976666666666667,missing_tag,0,0,,,,,,,,,
690,23.01,missing_tag,0,0,,,,,,,,,
691,23.043333333333337,missing_tag,1,0,,,,,,,,,
692,23.076666666666668,missing_tag,1,0,,,,,,,,,
693,23.110000000000003,missing_tag,1,0,,,,,,,,,
694,23.143333333333334,missing_tag,0,0,,,,,,,,,
695,23.17666666666667,missing_tag,1,0,,,,,,,,,
696,23.21,missing_tag,0,0,,,,,,,,,
697,23.243333333333336,missing_tag,0,0,,,,,,,,,
698,23.276666666666667,missing_tag,1,0,,,,,,,,,
699,23.310000000000002,missing_tag,1,0,,,,,,,,,
700,23.343333333333334,missing_tag,1,0,,,,,,,,,
701,23.37666666666667,missing_tag,0,0,,,,,,,,,
702,23.41,missing_tag,1,0,,,,,,,,,
703,23.443333333333335,missing_tag,1,0,,,,,,,,,
704,23.476666666666667,missing_tag,1,0,,,,,,,,,
705,23.511666666666667,missing_tag,1,0,,,,,,,,,
706,23.543333333333337,missing_tag,1,0,,,,,,,,,
707,23.578333333333333,missing_tag,1,0,,,,,,,,,
708,23.611666666666668,missing_tag,1,0,,,,,,,,,
709,23.645000000000003,missing_tag,1,0,,,,,,,,,
710,23.678333333333335,missing_tag,1,0,,,,,,,,,
711,23.71166666666667,missing_tag,1,0,,,,,,,,,
712,23.745,missing_tag,1,0,,,,,,,,,
713,23.778333333333336,missing_tag,1,0,,,,,,,,,
714,23.811666666666667,missing_tag,1,0,,,,,,,,,
715,23.845000000000002,missing_tag,1,0,,,,,,,,,
716,23.878333333333334,missing_tag,1,0,,,,,,,,,
717,23.91166666666667,missing_tag,0,0,,,,,,,,,
718,23.945,missing_tag,0,0,,,,,,,,,
719,23.978333333333335,missing_tag,1,0,,,,,,,,,
720,24.011666666666667,missing_tag,0,0,,,,,,,,,
721,24.045,missing_tag,0,0,,,,,,,,,
722,24.078333333333333,missing_tag,0,0,,,,,,,,,
723,24.111666666666668,missing_tag,1,0,,,,,,,,,
724,24.145000000000003,missing_tag,0,0,,,,,,,,,
725,24.178333333333335,missing_tag,0,0,,,,,,,,,
726,24.21166666666667,missing_tag,0,0,,,,,,,,,
727,24.245,missing_tag,0,0,,,,,,,,,
728,24.278333333333336,missing_tag,0,0,,,,,,,,,
729,24.311666666666667,missing_tag,0,0,,,,,,,,,
730,24.345000000000002,missing_tag,1,0,,,,,,,,,
731,24.378333333333334,missing_tag,1,0,,,,,,,,,
732,24.41166666666667,missing_tag,0,0,,,,,,,,,
733,24.445,missing_tag,0,0,,,,,,,,,
734,24.478333333333335,missing_tag,1,0,,,,,,,,,
735,24.511666666666667,missing_tag,1,0,,,,,,,,,
736,24.545,missing_tag,1,0,,,,,,,,,
737,24.578333333333333,missing_tag,1,0,,,,,,,,,
738,24.611666666666668,missing_tag,1,0,,,,,,,,,
739,24.645000000000003,tracked,0,1,0.14316736889068962,0.13404314577154877,-0.4074569829716541,0.30036570002065716,-0.1508048878487202,0.46387300357845523,0.6570937732629695,-1.815764405225845,0.5281882816953887
740,24.678333333333335,tracked,1,1,0.11850209089377896,0.1332994013727195,-0.41288292227101875,0.29911026243565325,-0.17108292718119394,0.4928271103742391,0.6391130461141368,-1.7949684811517408,0.5377812051106539
741,24.71166666666667,tracked,0,1,0.18131960493190513,0.09139474123876135,-0.4091401559944168,0.30043670532181077,-0.15168054673337572,0.4628025357905432,0.6614040788527245,-1.821046812199458,0.5297781322488652
742,24.745,tracked,0,1,0.09526728983223239,0.1337446592575366,-0.4097382815225999,0.30088068435318227,-0.1517379887223656,0.4559482486826591,0.6592358277650983,-1.8165161322217669,0.5305083060456653
743,24.778333333333336,tracked,1,1,0.17053660117604735,0.09980851098066984,-0.41507887162953727,0.29907296482377566,-0.17091335130474666,0.4829081744707252,0.6482534537798412,-1.7989728409765209,0.5393945509698378
744,24.811666666666667,tracked,0,1,0.2779021325190118,0.08244997372119611,-0.40951073459446496,0.30064636172847164,-0.15018559648105922,0.45706138527310153,0.6672688585586782,-1.8118807419464258,0.5297574822114709
745,24.845000000000002,tracked,0,1,0.08963102666050086,0.1483984433495798,-0.41516054200114527,0.3014845385000338,-0.15491408641981264,0.45036797981333815,0.6711489397666562,-1.8125878849860808,0.5359566929897864
746,24.878333333333334,tracked,0,1,0.16337542482561512,0.13567504653860668,-0.4124134615004794,0.30117754905743155,-0.1526335282535305,0.45271487953729406,0.6732284846443184,-1.821494533585991,0.533000725356139
747,24.91166666666667,tracked,0,1,0.15525187086671485,0.1543166442650197,-0.4110772690969977,0.30155194130495283,-0.1508975887495781,0.4553515760604865,0.6731756348063851,-1.8186592243884108,0.5316842829757787
748,24.945,tracked,1,1,0.16689903305957196,0.13019949580083393,-0.41433070345378825,0.3014164345895552,-0.16560391861677787,0.4812180398456781,0.6626867506200245,-1.8064046007040258,0.5384667647370848
749,24.978333333333335,tracked,1,1,0.17343514589529596,0.08762420164444451,-0.4141991779433186,0.3042441716952305,-0.16334469885489578,0.4877877222793325,0.6705103352470779,-1.806167382273803,0.5392652090237553
750,25.011666666666667,tracked,1,1,0.03565036627504238,0.17330317376534404,-0.417157708520242,0.3027109373253467,-0.16484199446702874,0.4730758162019859,0.6755811313790578,-1.8070622042833042,0.5411352404844071
751,25.045,tracked,1,1,0.15496935038166038,0.07987043640095623,-0.4152750043201632,0.30432964189155687,-0.1634869664930123,0.4855865577958504,0.6742580823566389,-1.8072649249477075,0.5401831618627538
752,25.078333333333337,tracked,0,1,0.15535337443824912,0.08603460851306757,-0.41595361384148044,0.3032248421541294,-0.15295410877993443,0.4459050846264643,0.6792153367461977,-1.8205137238845088,0.5369894534903346
753,25.111666666666668,tracked,0,1,0.17825707337213428,0.08336585206118988,-0.4163064709963542,0.3033526991751778,-0.15457526812852024,0.4468417125394379,0.6783708560357563,-1.8131913404467181,0.537798709004873
754,25.145000000000003,tracked,1,1,0.2442276322422149,0.06569452163663397,-0.4206117833129537,0.30358833821088416,-0.16719230616836672,0.46389889328952766,0.6754380798950912,-1.8049727947869516,0.5450077234326557
755,25.178333333333335,tracked,0,1,0.15807679067344477,0.09908611203266626,-0.41582105192410745,0.3039088097016362,-0.15314917180584375,0.44641101436502617,0.6825503147396579,-1.8125824476024872,0.53732893153296
756,25.21166666666667,tracked,0,1,0.19481447538170574,0.08843821903324886,-0.4133153051599733,0.30384248129553765,-0.15105994151891244,0.45080695900022044,0.6831363027447984,-1.8188060844496627,0.5347606014386328
757,25.245,tracked,1,1,0.211749808682577,0.04405937305609944,-0.4203392846877614,0.30487660172509873,-0.16409922180097747,0.4640715986002641,0.6853211053315419,-1.8088108691554634,0.5445763593169922
758,25.278333333333336,tracked,0,1,0.20829511408798648,0.09520983208496628,-0.4153877797000191,0.3042872358482875,-0.15201739408550374,0.4481237835482591,0.6845178254753361,-1.8202082724989155,0.5368864102665016
759,25.311666666666667,tracked,0,1,0.09531393120284365,0.056178494069926366,-0.41571261903056267,0.3045680476639605,-0.15246669795232765,0.44604771957914485,0.6846371544949699,-1.8199894049425391,0.5374242004818657
760,25.345000000000002,tracked,0,1,0.16177942122443129,0.06441665232458349,-0.4173104190036996,0.3047877554089768,-0.15369665702377094,0.44990970378789574,0.6838819424568103,-1.8195567248482363,0.5391346993438358
761,25.378333333333334,tracked,1,1,0.15499410891055596,0.08530804944340886,-0.4209123247319685,0.3044877044060122,-0.16472140570509464,0.4644055989446238,0.6860113808464269,-1.8105355191691697,0.5449890721318873
762,25.41166666666667,tracked,0,1,0.13141728305374334,0.11696332165105616,-0.4141799938819722,0.3040425641916176,-0.15097989477164958,0.4491201696403955,0.6803064902555961,-1.8202193211315418,0.5355201927075606
763,25.445,tracked,1,1,0.1665417691756406,0.021623772010983866,-0.4149129637611557,0.3039568564373567,-0.15964926155798842,0.4708858384826117,0.6820673751220927,-1.8125174480691035,0.5385447286793893
764,25.478333333333335,tracked,1,1,0.13649253649116144,0.14924324321765997,-0.42188417915845566,0.30439212454775244,-0.1651311492010279,0.461252467327133,0.6848541346260545,-1.8096587201411516,0.5458105189050046
765,25.511666666666667,tracked,0,1,0.06923314966977241,0.11762293247534585,-0.42031161180297394,0.3042604310238513,-0.15590994208922054,0.44462369962037296,0.6876741549671666,-1.8212978572849674,0.541797167716386
766,25.545,tracked,1,1,0.07492614175392176,0.08537637023427616,-0.4182644670370844,0.3036847689846621,-0.16230122533755104,0.4648329218096109,0.6801762258843068,-1.8170591066203328,0.541766823499884
767,25.578333333333337,tracked,1,1,0.06745764444059019,0.115537466385178,-0.4178962602856978,0.3041913941086647,-0.16429678856971497,0.4736003900159756,0.6843691354712955,-1.8192540877747359,0.5423680699901741
768,25.611666666666668,tracked,1,1,0.08639538135152425,0.10723204940670225,-0.41805326105564333,0.30496847648986325,-0.16409313474369397,0.4746032860377465,0.6845933862171056,-1.8175762917782785,0.5428635718132303
769,25.645000000000003,tracked,0,1,0.08842791294731765,0.15789719687930504,-0.4195201820568086,0.3035745616141317,-0.1566373513845553,0.4529621375717329,0.6915267904213944,-1.8279271289399792,0.5410082785512239
770,25.678333333333335,tracked,1,1,0.06728547607931054,0.1727180492356798,-0.4222852117795462,0.30475900884283885,-0.16709241740277775,0.4726151349761535,0.6869569814289442,-1.8205507829151097,0.546921136464911
771,25.71166666666667,tracked,1,1,0.13598933815244346,0.14512711054819155,-0.42085763312507296,0.3054042846117322,-0.16542063769026166,0.4712302985489485,0.6872560103689629,-1.8176024819414842,0.5456710655630325
772,25.745,tracked,0,1,0.19836978066114133,0.12246533438134002,-0.4173829135354828,0.3043513650283367,-0.1548731587512739,0.45460482444577943,0.6894159958715039,-1.8279706119006474,0.5392809520162727
773,25.778333333333336,tracked,0,1,0.07586464558260533,0.13810403308110325,-0.4195804253710813,0.30454532802246154,-0.15659940105719877,0.45519975042987465,0.6917556593928311,-1.8278354898985767,0.5415892932715339
774,25.811666666666667,tracked,0,1,0.1686042943897577,0.1276666194818785,-0.4199104058215765,0.30447537816788245,-0.1574725183479706,0.45546844160665334,0.690109011638909,-1.8312662687814323,0.5420586673622774
775,25.845000000000002,tracked,1,1,0.10898284767029814,0.09966324454353118,-0.41889210461130666,0.3066067972443987,-0.1648610773376058,0.485090270933356,0.6942965950237049,-1.82419380166482,0.5446627380710688
776,25.878333333333334,tracked,1,1,0.1371274562557383,0.1121099480766132,-0.4199647593893311,0.3063011341322552,-0.16664929255074512,0.4830338767837907,0.6939081232774412,-1.821817007732702,0.5458596620078355
777,25.91166666666667,tracked,1,1,0.10705728105338622,0.1203053313685622,-0.417536140511373,0.3069055353203837,-0.16380707456327653,0.48884332814867937,0.6936213684866024,-1.8202837245708297,0.5434705087862662
778,25.945,tracked,0,1,0.08081578573397045,0.20419148219283179,-0.413389195461314,0.3047093507211644,-0.15252366621031282,0.4658162834086076,0.6927761892467399,-1.8348263274751095,0.5357255678939553
779,25.978333333333335,tracked,1,1,0.11664161653726306,0.14804996752041577,-0.41535870565573996,0.3066919541873422,-0.16054759709789646,0.4879416282596369,0.6941253408291783,-1.8263120826117831,0.54070171079919
780,26.011666666666667,tracked,1,1,0.06360066831963264,0.1897576240255781,-0.41801716383772236,0.30691931966465247,-0.1630889963108264,0.48193355945484934,0.6942689992973087,-1.821450290117009,0.5436320803300878
781,26.045,tracked,0,1,0.1335917937974976,0.14408634962855685,-0.4182818804302823,0.30513676340339563,-0.15586363889512322,0.45677844849305205,0.6928282864499216,-1.8269972793688019,0.5407047713921361
782,26.078333333333337,tracked,1,1,0.11783537702673894,0.15228911018235322,-0.4195928204530268,0.3065565089594229,-0.16398687245021476,0.47861559620569794,0.6953936920465852,-1.8237905795623996,0.5449098296939758
783,26.111666666666668,tracked,1,1,0.06006785583997691,0.17742159899949783,-0.41933493028719887,0.30661325737456263,-0.163467331563376,0.4762879242112467,0.6972539536350509,-1.8257505294123364,0.5445870378968457
784,26.145000000000003,tracked,0,1,0.13829474717800974,0.1720139241566839,-0.41740202601165727,0.3050294578856102,-0.1549081075051757,0.454745401109614,0.6884689588197034,-1.8227477504794118,0.5396887466563116
785,26.178333333333335,tracked,1,1,0.07261021405852612,0.1855452084052185,-0.4173446747172285,0.3074458763823766,-0.15943501838465363,0.4767073730897797,0.7052859910330586,-1.8315576837202636,0.5423274559771722
786,26.21166666666667,tracked,1,1,0.21670039385789572,0.1041571782111537,-0.4212570323297036,0.306350209278572,-0.16281970810253854,0.46145961288490284,0.6998820357906502,-1.827786352989692,0.5457272169856013
787,26.245,tracked,1,1,0.13963328686605075,0.148281651655031,-0.42018934837159805,0.30742047654402554,-0.1617451461535288,0.46847238860738116,0.7037567661071403,-1.8274537348109967,0.5451861426959881
788,26.278333333333336,tracked,1,1,0.17914668527427052,0.15821346703557781,-0.4194710854444976,0.3066713777280788,-0.1614820229598915,0.46734229214801815,0.7021467606753857,-1.8292432515181818,0.5441321247462255
789,26.311666666666667,tracked,0,1,0.1734023347434143,0.12105309170429554,-0.4141658406443343,0.30561364124035933,-0.15074984125358926,0.4565308563081617,0.6994447960113441,-1.8358372415737003,0.5363380985039209
790,26.345000000000002,tracked,1,1,0.2190454532060737,0.11420351627190198,-0.41773810166443376,0.3064927703625159,-0.15814875173454218,0.46375250166723875,0.7024271370309757,-1.832863179627263,0.5417139166957856
791,26.378333333333334,tracked,1,1,0.21251045065785365,0.07749100583503196,-0.4208164184990832,0.30735046718677683,-0.16222488835270188,0.46574534031221765,0.7040759895849876,-1.822971783870872,0.5457725553372688
792,26.41166666666667,tracked,1,1,0.13260457597570158,0.1829974268807647,-0.4184809723064825,0.3055930785644241,-0.15955446789289018,0.45922864038782774,0.6962243476903526,-1.8264240064362731,0.5421910014687117
793,26.445,tracked,0,1,0.128180790777936,0.12275216518574253,-0.4197575469225795,0.3057828762271073,-0.15502884893691665,0.44716306768565767,0.7018894945500034,-1.8301389986996544,0.5419718715901124
794,26.478333333333335,tracked,1,1,0.08299879679723098,0.15296233192251518,-0.42083102685948315,0.30691287137944795,-0.1625955218370222,0.4647758646877797,0.7039298272495154,-1.826531834192484,0.5456478420258236
795,26.511666666666667,tracked,0,1,0.15549434645237498,0.10164535072617586,-0.41866645017357795,0.3048916450857097,-0.1539315692369806,0.44825081045954873,0.6985761326874002,-1.8299280914590876,0.5403105030922264
796,26.545,tracked,0,1,0.07792896290106377,0.12132056085000928,-0.42162558642851433,0.30498154222041124,-0.1559405301503205,0.4428640226699289,0.6973226082747463,-1.8288435008296557,0.5432304530950857
797,26.578333333333337,tracked,1,1,0.12843050151043012,0.14446700734685886,-0.4221513202380292,0.304480400620313,-0.16384991525692266,0.4556623211713026,0.6940713632968775,-1.825311858069195,0.545680168478128
798,26.611666666666668,tracked,0,1,0.20147493295945287,0.10479258244864145,-0.4191446875592544,0.3041941747094207,-0.15509087191881338,0.44489113535323355,0.69022105407258,-1.8222840686689037,0.540619592309443
799,26.645000000000003,tracked,1,1,0.2013056169473212,0.10928991527062837,-0.4196032695426292,0.30439691829057297,-0.16233480077852996,0.4595560968114804,0.6897866282643412,-1.82408047921234,0.5432098813713416
800,26.678333333333335,tracked,1,1,0.1681357991681392,0.11914199563430594,-0.4214695674961981,0.3042489517209335,-0.1644742027295551,0.4580125219453335,0.6871860835583307,-1.822273254738931,0.5452116876152253
801,26.71166666666667,tracked,0,1,0.19486477190014634,0.12192572175069133,-0.41892381100497256,0.3038865833417589,-0.155727724276101,0.44948732521736373,0.6890784782984253,-1.8201116503573773,0.540458452677235
802,26.745,tracked,1,1,0.10786682426563865,0.1032073861384731,-0.4209349644563828,0.303122365691516,-0.16604767156458194,0.4609121199013118,0.6841850710856369,-1.8173088921525753,0.5446478147540268
803,26.778333333333336,tracked,1,1,0.13481987439193865,0.11938964366491095,-0.42115878559944203,0.30275771302812465,-0.16556910404825143,0.4563350399569484,0.6828337637224129,-1.8147804500062108,0.5444722983779411
804,26.811666666666667,tracked,1,1,0.20132716972909817,0.10261365121785812,-0.4203100439054698,0.30281550280146224,-0.1634831153510246,0.4530071585896869,0.6826602985180753,-1.8180959915417232,0.5432167990311021
805,26.845000000000002,tracked,0,1,0.1741362293972405,0.07741903341977602,-0.41579147126767224,0.3027729051763862,-0.15171904707704909,0.4400578580253652,0.6912570399501178,-1.8235281298161417,0.5362580059391676
806,26.878333333333334,tracked,1,1,0.1168924083776204,0.08114077230196544,-0.42266851586297305,0.3023570573400052,-0.1654693484896943,0.4465588580762743,0.6817289435525089,-1.8140914722239785,0.5453884576287982
807,26.91166666666667,tracked,1,1,0.2682603036560099,0.07744952704975228,-0.4139896926217204,0.3027432593346123,-0.15637420249732353,0.4574471485060671,0.6863665810726803,-1.8220996367190037,0.5361845184973592
808,26.945,tracked,0,1,0.12482378975158402,0.08995693402264852,-0.41864608992391406,0.30308835112791865,-0.15385270089653624,0.4387454149488761,0.6919859146281263,-1.8224850149205707,0.5392566650224933
809,26.978333333333335,tracked,1,1,0.19776424988207664,0.04935660047263635,-0.420409383322356,0.3008624810514241,-0.16667513863432704,0.455300250428892,0.6748605075683806,-1.8149219662543399,0.5431785009816519
810,27.011666666666667,tracked,1,1,0.21531191763307003,0.0659388367933221,-0.41943995232720355,0.30107735019007953,-0.167528519458861,0.4624464515575427,0.6718825399611618,-1.8086502723095468,0.5428105095130386
811,27.045,tracked,0,1,0.2506859486824147,0.07295175511387991,-0.4138105008624483,0.3014083447793233,-0.15218481649636723,0.44990743744164674,0.6793318098137777,-1.819584297315506,0.5340845806599126
812,27.078333333333337,tracked,1,1,0.18743739590287245,0.05806363480360899,-0.4160525543580561,0.30147466241031207,-0.16337132091372736,0.47041539605284455,0.6721047304296706,-1.8127129250426024,0.5391445896606688
813,27.111666666666668,tracked,0,1,0.19449429683378258,0.09115394959230064,-0.41382825659198164,0.30379188644646843,-0.15089473541137832,0.4528096361476101,0.6818298172919891,-1.8167446658483195,0.5350818230883319
814,27.14666666666667,missing_tag,0,0,,,,,,,,,
815,27.180000000000003,tracked,1,1,0.1203704180753589,0.1090848129826238,-0.41350817157131736,0.3013278400652428,-0.16198428050660219,0.47198412228055014,0.6597632831022453,-1.8141613860131742,0.5366808942806519
816,27.213333333333335,tracked,1,1,0.1876628699010579,0.055382310975558235,-0.41545156827356766,0.30210633064217957,-0.16633102189517301,0.48488417067817335,0.6662455261677358,-1.804865998256582,0.5399391164193804
817,27.246666666666673,missing_tag,1,0,,,,,,,,,
818,27.28,missing_tag,1,0,,,,,,,,,
819,27.313333333333336,missing_tag,0,0,,,,,,,,,
820,27.346666666666668,missing_tag,0,0,,,,,,,,,
821,27.380000000000003,missing_tag,1,0,,,,,,,,,
822,27.413333333333334,missing_tag,1,0,,,,,,,,,
823,27.44666666666667,missing_tag,0,0,,,,,,,,,
824,27.48,missing_tag,1,0,,,,,,,,,
825,27.513333333333335,missing_tag,1,0,,,,,,,,,
826,27.546666666666667,missing_tag,1,0,,,,,,,,,
827,27.580000000000005,missing_tag,0,0,,,,,,,,,
828,27.613333333333337,missing_tag,1,0,,,,,,,,,
829,27.64666666666667,missing_tag,1,0,,,,,,,,,
830,27.680000000000003,missing_tag,0,0,,,,,,,,,
831,27.713333333333335,missing_tag,1,0,,,,,,,,,
832,27.746666666666673,missing_tag,1,0,,,,,,,,,
833,27.78,missing_tag,0,0,,,,,,,,,
834,27.813333333333336,missing_tag,1,0,,,,,,,,,
835,27.846666666666668,missing_tag,1,0,,,,,,,,,
836,27.880000000000003,missing_tag,1,0,,,,,,,,,
837,27.913333333333334,missing_tag,0,0,,,,,,,,,
838,27.94666666666667,missing_tag,0,0,,,,,,,,,
839,27.98,missing_tag,1,0,,,,,,,,,
840,28.013333333333335,missing_tag,1,0,,,,,,,,,
841,28.046666666666667,missing_tag,0,0,,,,,,,,,
842,28.080000000000005,missing_tag,1,0,,,,,,,,,
843,28.113333333333337,missing_tag,1,0,,,,,,,,,
844,28.14666666666667,missing_tag,1,0,,,,,,,,,
845,28.180000000000003,missing_tag,1,0,,,,,,,,,
846,28.213333333333335,missing_tag,1,0,,,,,,,,,
847,28.246666666666673,missing_tag,1,0,,,,,,,,,
848,28.28,missing_tag,0,0,,,,,,,,,
849,28.313333333333336,missing_tag,0,0,,,,,,,,,
850,28.346666666666668,missing_tag,1,0,,,,,,,,,
851,28.380000000000003,missing_tag,1,0,,,,,,,,,
852,28.413333333333334,missing_tag,1,0,,,,,,,,,
853,28.44666666666667,missing_tag,0,0,,,,,,,,,
854,28.48,missing_tag,1,0,,,,,,,,,
855,28.513333333333335,missing_tag,1,0,,,,,,,,,
856,28.546666666666667,missing_tag,1,0,,,,,,,,,
857,28.580000000000005,missing_tag,1,0,,,,,,,,,
858,28.613333333333337,missing_tag,0,0,,,,,,,,,
859,28.64666666666667,missing_tag,0,0,,,,,,,,,
860,28.680000000000003,missing_tag,0,0,,,,,,,,,
861,28.713333333333335,missing_tag,1,0,,,,,,,,,
862,28.746666666666673,missing_tag,1,0,,,,,,,,,
863,28.78,missing_tag,1,0,,,,,,,,,
864,28.813333333333336,missing_tag,1,0,,,,,,,,,
865,28.846666666666668,missing_tag,0,0,,,,,,,,,
866,28.880000000000003,missing_tag,1,0,,,,,,,,,
867,28.913333333333334,missing_tag,1,0,,,,,,,,,
868,28.94666666666667,missing_tag,1,0,,,,,,,,,
869,28.98,missing_tag,1,0,,,,,,,,,
870,29.013333333333335,missing_tag,0,0,,,,,,,,,
871,29.046666666666667,missing_tag,1,0,,,,,,,,,
872,29.080000000000005,missing_tag,0,0,,,,,,,,,
873,29.113333333333337,missing_tag,0,0,,,,,,,,,
874,29.14666666666667,missing_tag,0,0,,,,,,,,,
875,29.180000000000003,missing_tag,1,0,,,,,,,,,
876,29.213333333333335,missing_tag,0,0,,,,,,,,,
877,29.246666666666673,missing_tag,0,0,,,,,,,,,
878,29.28,missing_tag,0,0,,,,,,,,,
879,29.313333333333336,missing_tag,0,0,,,,,,,,,
880,29.346666666666668,missing_tag,0,0,,,,,,,,,
881,29.380000000000003,missing_tag,0,0,,,,,,,,,
882,29.413333333333334,missing_tag,0,0,,,,,,,,,
883,29.44666666666667,missing_tag,0,0,,,,,,,,,
884,29.48,missing_tag,0,0,,,,,,,,,
885,29.513333333333335,missing_tag,0,0,,,,,,,,,
886,29.546666666666667,missing_tag,0,0,,,,,,,,,
887,29.580000000000005,missing_tag,1,0,,,,,,,,,
888,29.613333333333337,missing_tag,1,0,,,,,,,,,
889,29.64666666666667,missing_tag,1,0,,,,,,,,,
890,29.680000000000003,missing_tag,1,0,,,,,,,,,
891,29.713333333333335,missing_tag,1,0,,,,,,,,,
892,29.746666666666673,missing_tag,1,0,,,,,,,,,
893,29.78,missing_tag,0,0,,,,,,,,,
894,29.813333333333336,missing_tag,1,0,,,,,,,,,
895,29.846666666666668,missing_tag,1,0,,,,,,,,,
896,29.880000000000003,missing_tag,0,0,,,,,,,,,
897,29.913333333333334,missing_tag,0,0,,,,,,,,,
898,29.94666666666667,missing_tag,1,0,,,,,,,,,
899,29.98,missing_tag,1,0,,,,,,,,,
900,30.013333333333335,missing_tag,1,0,,,,,,,,,
901,30.046666666666667,missing_tag,0,0,,,,,,,,,
902,30.080000000000005,missing_tag,0,0,,,,,,,,,
903,30.113333333333337,missing_tag,0,0,,,,,,,,,
904,30.14666666666667,missing_tag,0,0,,,,,,,,,
905,30.180000000000003,missing_tag,0,0,,,,,,,,,
906,30.213333333333335,missing_tag,1,0,,,,,,,,,
907,30.246666666666673,missing_tag,0,0,,,,,,,,,
908,30.28,missing_tag,1,0,,,,,,,,,
909,30.313333333333336,missing_tag,1,0,,,,,,,,,
910,30.346666666666668,missing_tag,1,0,,,,,,,,,
911,30.380000000000003,missing_tag,0,0,,,,,,,,,
912,30.413333333333334,missing_tag,1,0,,,,,,,,,
913,30.44666666666667,missing_tag,1,0,,,,,,,,,
914,30.48,missing_tag,1,0,,,,,,,,,
915,30.513333333333335,missing_tag,0,0,,,,,,,,,
916,30.546666666666667,missing_tag,0,0,,,,,,,,,
917,30.580000000000005,missing_tag,1,0,,,,,,,,,
918,30.613333333333337,missing_tag,1,0,,,,,,,,,
919,30.64666666666667,missing_tag,1,0,,,,,,,,,
920,30.680000000000003,missing_tag,1,0,,,,,,,,,
921,30.713333333333335,missing_tag,0,0,,,,,,,,,
922,30.746666666666673,missing_tag,1,0,,,,,,,,,
923,30.78166666666667,missing_tag,1,0,,,,,,,,,
924,30.815,missing_tag,1,0,,,,,,,,,
925,30.848333333333336,missing_tag,1,0,,,,,,,,,
926,30.881666666666668,missing_tag,0,0,,,,,,,,,
927,30.915000000000003,missing_tag,1,0,,,,,,,,,
928,30.948333333333334,missing_tag,0,0,,,,,,,,,
929,30.98166666666667,missing_tag,1,0,,,,,,,,,
930,31.015,missing_tag,1,0,,,,,,,,,
931,31.048333333333336,missing_tag,1,0,,,,,,,,,
932,31.081666666666667,missing_tag,1,0,,,,,,,,,
933,31.115000000000002,missing_tag,1,0,,,,,,,,,
934,31.148333333333337,missing_tag,1,0,,,,,,,,,
935,31.18166666666667,missing_tag,1,0,,,,,,,,,
936,31.215000000000003,missing_tag,0,0,,,,,,,,,
937,31.248333333333335,missing_tag,1,0,,,,,,,,,
938,31.28166666666667,missing_tag,1,0,,,,,,,,,
939,31.315,missing_tag,1,0,,,,,,,,,
940,31.348333333333336,missing_tag,1,0,,,,,,,,,
941,31.381666666666668,missing_tag,1,0,,,,,,,,,
942,31.415000000000003,missing_tag,1,0,,,,,,,,,
943,31.448333333333334,missing_tag,1,0,,,,,,,,,
944,31.48166666666667,missing_tag,1,0,,,,,,,,,
945,31.515,missing_tag,1,0,,,,,,,,,
946,31.548333333333336,missing_tag,1,0,,,,,,,,,
947,31.581666666666667,missing_tag,1,0,,,,,,,,,
948,31.615000000000002,missing_tag,1,0,,,,,,,,,
949,31.648333333333337,missing_tag,1,0,,,,,,,,,
950,31.68166666666667,missing_tag,1,0,,,,,,,,,
951,31.715000000000003,missing_tag,1,0,,,,,,,,,
952,31.748333333333335,missing_tag,1,0,,,,,,,,,
953,31.78166666666667,missing_tag,1,0,,,,,,,,,
954,31.815,missing_tag,1,0,,,,,,,,,
955,31.848333333333336,missing_tag,1,0,,,,,,,,,
956,31.881666666666668,missing_tag,1,0,,,,,,,,,
957,31.915000000000003,missing_tag,1,0,,,,,,,,,
958,31.948333333333334,missing_tag,1,0,,,,,,,,,
959,31.98166666666667,missing_tag,1,0,,,,,,,,,
960,32.015,missing_tag,0,0,,,,,,,,,
961,32.04833333333333,missing_tag,0,0,,,,,,,,,
962,32.08166666666667,missing_tag,1,0,,,,,,,,,
963,32.115,missing_tag,1,0,,,,,,,,,
964,32.14833333333333,missing_tag,0,0,,,,,,,,,
965,32.18166666666667,missing_tag,1,0,,,,,,,,,
966,32.215,missing_tag,1,0,,,,,,,,,
967,32.248333333333335,missing_tag,1,0,,,,,,,,,
968,32.281666666666666,missing_tag,1,0,,,,,,,,,
969,32.315000000000005,missing_tag,1,0,,,,,,,,,
970,32.348333333333336,missing_tag,1,0,,,,,,,,,
971,32.38166666666667,missing_tag,1,0,,,,,,,,,
972,32.415,missing_tag,0,0,,,,,,,,,
973,32.44833333333334,missing_tag,1,0,,,,,,,,,
974,32.48166666666667,missing_tag,1,0,,,,,,,,,
975,32.515,missing_tag,1,0,,,,,,,,,
976,32.54833333333333,missing_tag,1,0,,,,,,,,,
977,32.58166666666667,missing_tag,1,0,,,,,,,,,
978,32.615,missing_tag,1,0,,,,,,,,,
979,32.64833333333333,missing_tag,0,0,,,,,,,,,
980,32.68166666666667,missing_tag,1,0,,,,,,,,,
981,32.715,missing_tag,1,0,,,,,,,,,
982,32.748333333333335,missing_tag,1,0,,,,,,,,,
983,32.781666666666666,missing_tag,1,0,,,,,,,,,
984,32.815000000000005,missing_tag,1,0,,,,,,,,,
985,32.848333333333336,missing_tag,1,0,,,,,,,,,
986,32.88166666666667,missing_tag,1,0,,,,,,,,,
987,32.915,missing_tag,1,0,,,,,,,,,
988,32.94833333333334,missing_tag,1,0,,,,,,,,,
989,32.98166666666667,missing_tag,0,0,,,,,,,,,
990,33.015,missing_tag,1,0,,,,,,,,,
991,33.04833333333333,missing_tag,1,0,,,,,,,,,
992,33.08166666666667,missing_tag,0,0,,,,,,,,,
993,33.115,missing_tag,0,0,,,,,,,,,
994,33.14833333333333,missing_tag,1,0,,,,,,,,,
995,33.18166666666667,missing_tag,1,0,,,,,,,,,
996,33.215,missing_tag,1,0,,,,,,,,,
997,33.248333333333335,missing_tag,1,0,,,,,,,,,
998,33.281666666666666,missing_tag,1,0,,,,,,,,,
999,33.315000000000005,missing_tag,0,0,,,,,,,,,
1000,33.348333333333336,missing_tag,1,0,,,,,,,,,
1001,33.38166666666667,missing_tag,0,0,,,,,,,,,
1002,33.415,missing_tag,0,0,,,,,,,,,
1003,33.44833333333334,missing_tag,0,0,,,,,,,,,
1004,33.48166666666667,missing_tag,1,0,,,,,,,,,
1005,33.515,missing_tag,1,0,,,,,,,,,
1006,33.54833333333333,missing_tag,1,0,,,,,,,,,
1007,33.58166666666667,missing_tag,1,0,,,,,,,,,
1008,33.615,missing_tag,1,0,,,,,,,,,
1009,33.64833333333333,missing_tag,1,0,,,,,,,,,
1010,33.68166666666667,missing_tag,1,0,,,,,,,,,
1011,33.715,missing_tag,1,0,,,,,,,,,
1012,33.748333333333335,missing_tag,1,0,,,,,,,,,
1013,33.781666666666666,missing_tag,1,0,,,,,,,,,
1014,33.815000000000005,missing_tag,1,0,,,,,,,,,
1015,33.848333333333336,missing_tag,1,0,,,,,,,,,
1016,33.88166666666667,missing_tag,1,0,,,,,,,,,
1017,33.915,missing_tag,0,0,,,,,,,,,
1018,33.94833333333334,missing_tag,0,0,,,,,,,,,
1019,33.98166666666667,missing_tag,1,0,,,,,,,,,
1020,34.015,missing_tag,1,0,,,,,,,,,
1021,34.04833333333333,missing_tag,0,0,,,,,,,,,
1022,34.08166666666667,missing_tag,0,0,,,,,,,,,
1023,34.115,missing_tag,1,0,,,,,,,,,
1024,34.14833333333333,missing_tag,1,0,,,,,,,,,
1025,34.18166666666667,missing_tag,0,0,,,,,,,,,
1026,34.215,missing_tag,0,0,,,,,,,,,
1027,34.248333333333335,missing_tag,0,0,,,,,,,,,
1028,34.281666666666666,missing_tag,0,0,,,,,,,,,
1029,34.315000000000005,missing_tag,1,0,,,,,,,,,
1030,34.348333333333336,missing_tag,1,0,,,,,,,,,
1031,34.38333333333333,missing_tag,1,0,,,,,,,,,
1032,34.41666666666667,missing_tag,1,0,,,,,,,,,
1033,34.45,missing_tag,1,0,,,,,,,,,
1034,34.483333333333334,missing_tag,1,0,,,,,,,,,
1035,34.516666666666666,missing_tag,1,0,,,,,,,,,
1036,34.550000000000004,missing_tag,1,0,,,,,,,,,
1037,34.583333333333336,missing_tag,0,0,,,,,,,,,
1038,34.61666666666667,missing_tag,1,0,,,,,,,,,
1039,34.650000000000006,missing_tag,1,0,,,,,,,,,
1040,34.68333333333334,missing_tag,0,0,,,,,,,,,
1041,34.71666666666667,missing_tag,1,0,,,,,,,,,
1042,34.75,missing_tag,1,0,,,,,,,,,
1043,34.78333333333334,missing_tag,0,0,,,,,,,,,
1044,34.81666666666667,missing_tag,0,0,,,,,,,,,
1045,34.85,missing_tag,1,0,,,,,,,,,
1046,34.88333333333333,missing_tag,1,0,,,,,,,,,
1047,34.91666666666667,missing_tag,1,0,,,,,,,,,
1048,34.95,missing_tag,1,0,,,,,,,,,
1049,34.983333333333334,missing_tag,1,0,,,,,,,,,
1050,35.016666666666666,missing_tag,1,0,,,,,,,,,
1051,35.050000000000004,missing_tag,0,0,,,,,,,,,
1052,35.083333333333336,missing_tag,0,0,,,,,,,,,
1053,35.11666666666667,missing_tag,0,0,,,,,,,,,
1054,35.150000000000006,missing_tag,0,0,,,,,,,,,
1055,35.18333333333334,missing_tag,0,0,,,,,,,,,
1056,35.21666666666667,missing_tag,0,0,,,,,,,,,
1057,35.25,missing_tag,1,0,,,,,,,,,
1058,35.28333333333334,missing_tag,0,0,,,,,,,,,
1059,35.31666666666667,missing_tag,0,0,,,,,,,,,
1060,35.35,missing_tag,1,0,,,,,,,,,
1061,35.38333333333333,missing_tag,0,0,,,,,,,,,
1062,35.41666666666667,missing_tag,0,0,,,,,,,,,
1063,35.45,missing_tag,0,0,,,,,,,,,
1064,35.483333333333334,missing_tag,1,0,,,,,,,,,
1065,35.516666666666666,missing_tag,0,0,,,,,,,,,
1066,35.550000000000004,missing_tag,0,0,,,,,,,,,
1067,35.583333333333336,missing_tag,0,0,,,,,,,,,
1068,35.61666666666667,missing_tag,1,0,,,,,,,,,
1069,35.650000000000006,missing_tag,0,0,,,,,,,,,
1070,35.68333333333334,missing_tag,0,0,,,,,,,,,
1071,35.71666666666667,missing_tag,0,0,,,,,,,,,
1072,35.75,missing_tag,1,0,,,,,,,,,
1073,35.78333333333334,missing_tag,0,0,,,,,,,,,
1074,35.81666666666667,missing_tag,0,0,,,,,,,,,
1075,35.85,missing_tag,0,0,,,,,,,,,
1076,35.88333333333333,missing_tag,0,0,,,,,,,,,
1077,35.91666666666667,missing_tag,0,0,,,,,,,,,
1078,35.95,missing_tag,0,0,,,,,,,,,
1079,35.983333333333334,missing_tag,0,0,,,,,,,,,
1080,36.016666666666666,missing_tag,0,0,,,,,,,,,
1081,36.050000000000004,missing_tag,0,0,,,,,,,,,
1082,36.083333333333336,missing_tag,0,0,,,,,,,,,
1083,36.11666666666667,missing_tag,0,0,,,,,,,,,
1084,36.150000000000006,missing_tag,0,0,,,,,,,,,
1085,36.18333333333334,missing_tag,0,0,,,,,,,,,
1086,36.21666666666667,missing_tag,0,0,,,,,,,,,
1087,36.25,missing_tag,0,0,,,,,,,,,
1088,36.28333333333334,missing_tag,0,0,,,,,,,,,
1089,36.31666666666667,missing_tag,0,0,,,,,,,,,
1090,36.35,missing_tag,0,0,,,,,,,,,
1091,36.38333333333333,missing_tag,0,0,,,,,,,,,
1092,36.41666666666667,missing_tag,0,0,,,,,,,,,
1093,36.45,missing_tag,0,0,,,,,,,,,
1094,36.483333333333334,missing_tag,0,0,,,,,,,,,
1095,36.516666666666666,missing_tag,0,0,,,,,,,,,
1096,36.550000000000004,missing_tag,0,0,,,,,,,,,
1097,36.583333333333336,missing_tag,0,0,,,,,,,,,
1098,36.61666666666667,missing_tag,0,0,,,,,,,,,
1099,36.650000000000006,missing_tag,0,0,,,,,,,,,
1100,36.68333333333334,missing_tag,0,0,,,,,,,,,
1101,36.71666666666667,missing_tag,0,0,,,,,,,,,
1102,36.75,missing_tag,0,0,,,,,,,,,
1103,36.78333333333334,missing_tag,0,0,,,,,,,,,
1104,36.81666666666667,missing_tag,0,0,,,,,,,,,
1105,36.85,missing_tag,0,0,,,,,,,,,
1106,36.88333333333333,missing_tag,0,0,,,,,,,,,
1107,36.91666666666667,missing_tag,0,0,,,,,,,,,
1108,36.95,missing_tag,0,0,,,,,,,,,
1109,36.983333333333334,missing_tag,0,0,,,,,,,,,
1110,37.016666666666666,missing_tag,0,0,,,,,,,,,
1111,37.050000000000004,missing_tag,0,0,,,,,,,,,
1112,37.083333333333336,missing_tag,0,0,,,,,,,,,
1113,37.11666666666667,missing_tag,0,0,,,,,,,,,
1114,37.150000000000006,missing_tag,0,0,,,,,,,,,
1115,37.18333333333334,missing_tag,0,0,,,,,,,,,
1116,37.21666666666667,missing_tag,0,0,,,,,,,,,
1117,37.25,missing_tag,0,0,,,,,,,,,
1118,37.28333333333334,missing_tag,0,0,,,,,,,,,
1119,37.31666666666667,missing_tag,0,0,,,,,,,,,
1120,37.35,missing_tag,0,0,,,,,,,,,
1121,37.38333333333333,missing_tag,0,0,,,,,,,,,
1122,37.41666666666667,missing_tag,0,0,,,,,,,,,
1123,37.45,missing_tag,1,0,,,,,,,,,
1124,37.483333333333334,missing_tag,1,0,,,,,,,,,
1125,37.516666666666666,missing_tag,0,0,,,,,,,,,
1126,37.550000000000004,missing_tag,1,0,,,,,,,,,
1127,37.583333333333336,missing_tag,0,0,,,,,,,,,
1128,37.61666666666667,missing_tag,0,0,,,,,,,,,
1129,37.650000000000006,missing_tag,0,0,,,,,,,,,
1130,37.68333333333334,missing_tag,0,0,,,,,,,,,
1131,37.71666666666667,missing_tag,0,0,,,,,,,,,
1132,37.75,missing_tag,0,0,,,,,,,,,
1133,37.78333333333334,missing_tag,0,0,,,,,,,,,
1134,37.81666666666667,missing_tag,0,0,,,,,,,,,
1135,37.85,missing_tag,0,0,,,,,,,,,
1136,37.88333333333333,missing_tag,0,0,,,,,,,,,
1137,37.91666666666667,missing_tag,1,0,,,,,,,,,
1138,37.95,missing_tag,0,0,,,,,,,,,
1139,37.983333333333334,missing_tag,0,0,,,,,,,,,
1140,38.01833333333334,missing_tag,0,0,,,,,,,,,
1141,38.05166666666667,missing_tag,0,0,,,,,,,,,
1142,38.085,missing_tag,0,0,,,,,,,,,
1143,38.11833333333333,missing_tag,0,0,,,,,,,,,
1144,38.15166666666667,missing_tag,0,0,,,,,,,,,
1145,38.185,missing_tag,0,0,,,,,,,,,
1146,38.218333333333334,missing_tag,0,0,,,,,,,,,
1147,38.25166666666667,missing_tag,1,0,,,,,,,,,
1148,38.28500000000001,missing_tag,0,0,,,,,,,,,
1149,38.318333333333335,missing_tag,0,0,,,,,,,,,
1150,38.35166666666667,missing_tag,1,0,,,,,,,,,
1151,38.385000000000005,missing_tag,0,0,,,,,,,,,
1152,38.41833333333334,missing_tag,0,0,,,,,,,,,
1153,38.45166666666667,missing_tag,0,0,,,,,,,,,
1154,38.485,missing_tag,0,0,,,,,,,,,
1155,38.51833333333334,missing_tag,0,0,,,,,,,,,
1156,38.55166666666667,missing_tag,0,0,,,,,,,,,
1157,38.585,missing_tag,1,0,,,,,,,,,
1158,38.61833333333333,missing_tag,1,0,,,,,,,,,
1159,38.65166666666667,missing_tag,0,0,,,,,,,,,
1160,38.685,missing_tag,1,0,,,,,,,,,
1161,38.718333333333334,missing_tag,1,0,,,,,,,,,
1162,38.75166666666667,missing_tag,1,0,,,,,,,,,
1163,38.78500000000001,missing_tag,0,0,,,,,,,,,
1164,38.818333333333335,missing_tag,1,0,,,,,,,,,
1165,38.85166666666667,missing_tag,1,0,,,,,,,,,
1166,38.885000000000005,missing_tag,1,0,,,,,,,,,
1167,38.91833333333334,missing_tag,1,0,,,,,,,,,
1168,38.95166666666667,missing_tag,1,0,,,,,,,,,
1169,38.985,missing_tag,1,0,,,,,,,,,
1170,39.01833333333334,missing_tag,0,0,,,,,,,,,
1171,39.05166666666667,missing_tag,1,0,,,,,,,,,
1172,39.085,missing_tag,0,0,,,,,,,,,
1173,39.11833333333335,missing_tag,1,0,,,,,,,,,
1174,39.15166666666667,missing_tag,0,0,,,,,,,,,
1175,39.185,missing_tag,0,0,,,,,,,,,
1176,39.218333333333334,missing_tag,0,0,,,,,,,,,
1177,39.25166666666667,missing_tag,1,0,,,,,,,,,
1178,39.28500000000001,missing_tag,1,0,,,,,,,,,
1179,39.318333333333335,missing_tag,1,0,,,,,,,,,
1180,39.35166666666667,missing_tag,0,0,,,,,,,,,
1181,39.385000000000005,missing_tag,0,0,,,,,,,,,
1182,39.41833333333334,missing_tag,1,0,,,,,,,,,
1183,39.45166666666667,missing_tag,0,0,,,,,,,,,
1184,39.485,missing_tag,1,0,,,,,,,,,
1185,39.51833333333334,missing_tag,1,0,,,,,,,,,
1186,39.55166666666667,missing_tag,1,0,,,,,,,,,
1187,39.585,missing_tag,1,0,,,,,,,,,
1188,39.61833333333335,missing_tag,0,0,,,,,,,,,
1189,39.65166666666667,tracked,1,1,0.3493034115909177,0.00945677448644644,-0.4113253989799983,0.034007304172259195,-0.1206907852659625,0.33091795927794987,0.979464702785709,-1.3268897834231859,0.43001319308974
1190,39.685,missing_tag,1,0,,,,,,,,,
1191,39.718333333333334,missing_tag,1,0,,,,,,,,,
1192,39.75166666666667,missing_tag,1,0,,,,,,,,,
1193,39.78500000000001,missing_tag,1,0,,,,,,,,,
1194,39.818333333333335,missing_tag,1,0,,,,,,,,,
1195,39.85166666666667,missing_tag,1,0,,,,,,,,,
1196,39.885000000000005,missing_tag,0,0,,,,,,,,,
1197,39.91833333333334,missing_tag,1,0,,,,,,,,,
1198,39.95166666666667,missing_tag,1,0,,,,,,,,,
1199,39.985,tracked,1,1,0.2890254880463089,0.0016976413908809107,-0.41590800234326164,0.03529801396976426,-0.12613909031749543,0.34876809235725453,0.9946195035812238,-1.3268783208939225,0.436046426782169
1200,40.01833333333334,missing_tag,1,0,,,,,,,,,
1201,40.05166666666667,tracked,1,1,0.14169464543697977,0.05498454371208025,-0.4089340344958131,0.03661579739633172,-0.12754467239104628,0.36624359029717507,0.9851801606262625,-1.3239269169982684,0.42992488255895517
1202,40.085,tracked,1,1,0.20138635822884074,0.035037281753790034,-0.4081903690637322,0.036643181914014694,-0.12591628144195072,0.36575502390996456,0.9766585819044227,-1.3237279734371148,0.4287388600410954
1203,40.11833333333335,missing_tag,1,0,,,,,,,,,
1204,40.15166666666667,tracked,1,1,0.3623168638960184,0.019525504725722065,-0.4124973005897905,0.03437366429088856,-0.12799157956982476,-1.5733807511930873,0.1401002632996283,-0.30679120355261025,0.4332636797972171
1205,40.185,tracked,1,1,0.331126224150762,0.03151917850018365,-0.4132676096291482,0.03382064372391472,-0.12566492855974892,-1.5799178591921157,0.14707262089845144,-0.2984016360212747,0.43327315561942775
1206,40.218333333333334,tracked,1,1,0.4029148300788253,0.02703863360723785,-0.4088038922302239,0.03748299990104875,-0.12357796790728681,-1.5692175514348683,0.1443069614148472,-0.30177321771476856,0.42871565371030823
1207,40.25166666666667,tracked,1,1,0.2585304546121566,0.054325809360286914,-0.4095801730973584,0.038921429416097914,-0.11954383311658962,-1.567727164517167,0.15298948026850212,-0.29895276596137565,0.42844080559449677
1208,40.28500000000001,tracked,1,1,0.3177648880931042,0.04174818683767145,-0.4097042193858784,0.03947003054000195,-0.11936410409574649,-1.5628729557594667,0.15580370651510092,-0.2987299141389017,0.42855947083222984
1209,40.318333333333335,tracked,1,1,0.2674942225330346,0.0435163069031157,-0.4095323707206079,0.03717131802086898,-0.12190216639001111,-1.5727859018304924,0.15001064243360185,-0.2987936841465392,0.4289039609539972
1210,40.35166666666667,tracked,1,1,0.32730674791098235,0.009510777592032227,-0.40870330605898886,0.03878460870761766,-0.12286372822561392,0.369017436025667,0.9971703503034907,-1.3273178271852584,0.4285302019340621
1211,40.385000000000005,missing_tag,1,0,,,,,,,,,
1212,40.41833333333334,tracked,1,1,0.2252620206325397,0.0666563940833701,-0.41048938654281286,0.0383024210974153,-0.12155089420554904,-1.5727528305108658,0.1489044701492432,-0.299754466758228,0.42981767275018734
1213,40.45166666666667,tracked,0,1,0.3502924403336441,0.07540310056045896,-0.4052233912718349,0.03684544500694131,-0.10627493786045761,-1.6026425161856763,0.1489838881986689,-0.2825133015413294,0.4205448205231521
1214,40.485,missing_tag,1,0,,,,,,,,,
1215,40.51833333333334,tracked,1,1,0.32536170269199277,0.0011075674148919301,-0.41177760964143056,0.03891299330652426,-0.12382760963696615,0.3711744427167932,1.0102037873887804,-1.3376875472176037,0.4317502724474981
1216,40.55166666666667,tracked,1,1,0.19555920833451967,0.020509841705358245,-0.40838340131238826,0.039564319588094976,-0.12381992064408104,-1.5637077585927557,0.1401414199930583,-0.3059782883394296,0.42857170998591426
1217,40.585,tracked,0,1,0.2202798970651794,0.031949223661507126,-0.3998744029869922,0.039003006134408186,-0.10238011877570907,-1.6058276374562828,0.14412700719427712,-0.2835351215600871,0.4146112171326921
1218,40.61833333333335,tracked,0,1,0.2529949041849331,0.02360566490697963,-0.4024233288890808,0.03882692001097868,-0.10346935450653294,-1.6034965648219794,0.15249123302990358,-0.28179851641553844,0.4173223845825991
1219,40.65166666666667,tracked,0,1,0.21906035738270502,0.024525410282175225,-0.4025022594354166,0.03848486413868782,-0.10406540709631151,-1.6009387467321226,0.15008913994333167,-0.2811320047046269,0.41751498484786115
1220,40.685,missing_tag,0,0,,,,,,,,,
1221,40.718333333333334,tracked,0,1,0.19368552748484646,0.03150749870927169,-0.40154054711561554,0.03909714353305763,-0.10356900480435788,0.3353225541554219,0.9929423924179622,-1.342867328072843,0.41652123159152105
1222,40.75166666666667,tracked,0,1,0.2148175696424955,0.041048606117651265,-0.40487697799478684,0.03739514434149624,-0.10623570741098437,-1.597951077262529,0.15036781448773937,-0.2819300916884258,0.42024967538312835
1223,40.78500000000001,missing_tag,1,0,,,,,,,,,
1224,40.818333333333335,tracked,0,1,0.22180833341463235,0.03281975310914104,-0.4043159729747513,0.03803143854561031,-0.10576827373126069,-1.5947821916996527,0.15447389220581273,-0.28247205040039136,0.41964833378491956
1225,40.85166666666667,tracked,1,1,0.2831555863976409,0.007179007930598891,-0.41325451181898976,0.03770701178082281,-0.12943689800109603,-1.5544112073904675,0.1531292989532602,-0.3054964581650522,0.43468956835923356
1226,40.885000000000005,tracked,1,1,0.2050215454899169,0.021750450797376364,-0.411153164169505,0.038386183625554765,-0.12797498774250532,-1.5546703596895268,0.1462294636418321,-0.30744899545066073,0.43231703758656687
1227,40.91833333333334,tracked,1,1,0.2624714678244767,0.0035082066447988947,-0.4098110517006438,0.03896294980645068,-0.1276013270577659,-1.5531283797235018,0.15042862479965863,-0.30363829262820635,0.4309817956950278
1228,40.95166666666667,missing_tag,1,0,,,,,,,,,
1229,40.985,tracked,1,1,0.29675772087028307,0.02519472846177051,-0.4097678823334857,0.037389554320071294,-0.12817013844316005,-1.5598865178661308,0.14293241777045748,-0.3059563360928928,0.4309701620215276
1230,41.01833333333334,tracked,0,1,0.25424545228348383,0.04941597776843987,-0.40110497596668726,0.03771898440132837,-0.10333941701571914,-1.5981571307415143,0.15436435804673376,-0.2792505945886047,0.4159170093163456
1231,41.05166666666667,tracked,0,1,0.2550729432013434,0.045909620020055886,-0.39993864892448067,0.03807400611842371,-0.10248661982218482,-1.6004653400240123,0.15000501940671437,-0.28010294416467724,0.4146131450979597
1232,41.085,missing_tag,1,0,,,,,,,,,
1233,41.11833333333335,tracked,0,1,0.36363782827472385,0.004617585363798693,-0.39995397909418895,0.03666982866979737,-0.10294286986174839,-1.5996419910635353,0.14636612081098518,-0.28029665538590764,0.41461439456839905
1234,41.15166666666667,missing_tag,1,0,,,,,,,,,
1235,41.185,tracked,0,1,0.391286760453152,0.010366407102806674,-0.39817664647736706,0.03582590761770407,-0.10229291385064176,-1.6092356106701624,0.15444993268326704,-0.27344672367173667,0.41266448560622376
1236,41.218333333333334,missing_tag,0,0,,,,,,,,,
1237,41.25166666666667,missing_tag,0,0,,,,,,,,,
1238,41.28500000000001,missing_tag,0,0,,,,,,,,,
1239,41.318333333333335,missing_tag,0,0,,,,,,,,,
1240,41.35166666666667,missing_tag,0,0,,,,,,,,,
1241,41.385000000000005,missing_tag,0,0,,,,,,,,,
1242,41.41833333333334,missing_tag,1,0,,,,,,,,,
1243,41.45166666666667,missing_tag,0,0,,,,,,,,,
1244,41.485,missing_tag,0,0,,,,,,,,,
1245,41.51833333333334,missing_tag,1,0,,,,,,,,,
1246,41.55166666666667,missing_tag,0,0,,,,,,,,,
1247,41.585,missing_tag,0,0,,,,,,,,,
1248,41.620000000000005,missing_tag,0,0,,,,,,,,,
1249,41.653333333333336,missing_tag,0,0,,,,,,,,,
1250,41.68666666666667,missing_tag,0,0,,,,,,,,,
1251,41.720000000000006,missing_tag,0,0,,,,,,,,,
1252,41.75333333333334,missing_tag,0,0,,,,,,,,,
1253,41.78666666666667,missing_tag,0,0,,,,,,,,,
1254,41.82,missing_tag,0,0,,,,,,,,,
1255,41.85333333333334,missing_tag,0,0,,,,,,,,,
1256,41.88666666666667,missing_tag,0,0,,,,,,,,,
1257,41.92,missing_tag,0,0,,,,,,,,,
1258,41.95333333333333,missing_tag,0,0,,,,,,,,,
1259,41.98666666666667,missing_tag,0,0,,,,,,,,,
1260,42.02,missing_tag,0,0,,,,,,,,,
1261,42.053333333333335,missing_tag,0,0,,,,,,,,,
1262,42.086666666666666,missing_tag,0,0,,,,,,,,,
1263,42.120000000000005,missing_tag,0,0,,,,,,,,,
1264,42.153333333333336,missing_tag,0,0,,,,,,,,,
1265,42.18666666666667,missing_tag,0,0,,,,,,,,,
1266,42.220000000000006,missing_tag,0,0,,,,,,,,,
1267,42.25333333333334,missing_tag,0,0,,,,,,,,,
1268,42.28666666666667,missing_tag,0,0,,,,,,,,,
1269,42.32,missing_tag,0,0,,,,,,,,,
1270,42.35333333333334,missing_tag,0,0,,,,,,,,,
1271,42.38666666666667,missing_tag,0,0,,,,,,,,,
1272,42.42,missing_tag,0,0,,,,,,,,,
1273,42.45333333333333,missing_tag,0,0,,,,,,,,,
1274,42.48666666666667,missing_tag,0,0,,,,,,,,,
1275,42.52,missing_tag,0,0,,,,,,,,,
1276,42.553333333333335,missing_tag,0,0,,,,,,,,,
1277,42.586666666666666,missing_tag,0,0,,,,,,,,,
1278,42.620000000000005,missing_tag,0,0,,,,,,,,,
1279,42.653333333333336,missing_tag,0,0,,,,,,,,,
1280,42.68666666666667,missing_tag,0,0,,,,,,,,,
1281,42.720000000000006,missing_tag,0,0,,,,,,,,,
1282,42.75333333333334,missing_tag,0,0,,,,,,,,,
1283,42.78666666666667,missing_tag,0,0,,,,,,,,,
1284,42.82,missing_tag,0,0,,,,,,,,,
1285,42.85333333333334,missing_tag,0,0,,,,,,,,,
1286,42.88666666666667,missing_tag,0,0,,,,,,,,,
1287,42.92,missing_tag,0,0,,,,,,,,,
1288,42.95333333333333,missing_tag,0,0,,,,,,,,,
1289,42.98666666666667,missing_tag,0,0,,,,,,,,,
1290,43.02,missing_tag,0,0,,,,,,,,,
1291,43.053333333333335,missing_tag,0,0,,,,,,,,,
1292,43.086666666666666,missing_tag,0,0,,,,,,,,,
1293,43.120000000000005,missing_tag,0,0,,,,,,,,,
1294,43.153333333333336,missing_tag,0,0,,,,,,,,,
1295,43.18666666666667,missing_tag,0,0,,,,,,,,,
1296,43.220000000000006,missing_tag,0,0,,,,,,,,,
1297,43.25333333333334,missing_tag,0,0,,,,,,,,,
1298,43.28666666666667,missing_tag,0,0,,,,,,,,,
1299,43.32,missing_tag,0,0,,,,,,,,,
1300,43.35333333333334,missing_tag,0,0,,,,,,,,,
1301,43.38666666666667,missing_tag,0,0,,,,,,,,,
1302,43.42,missing_tag,0,0,,,,,,,,,
1303,43.45333333333333,missing_tag,0,0,,,,,,,,,
1304,43.48666666666667,missing_tag,0,0,,,,,,,,,
1305,43.52,missing_tag,0,0,,,,,,,,,
1306,43.553333333333335,missing_tag,0,0,,,,,,,,,
1307,43.586666666666666,missing_tag,0,0,,,,,,,,,
1308,43.620000000000005,missing_tag,0,0,,,,,,,,,
1309,43.653333333333336,missing_tag,0,0,,,,,,,,,
1310,43.68666666666667,missing_tag,0,0,,,,,,,,,
1311,43.720000000000006,missing_tag,0,0,,,,,,,,,
1312,43.75333333333334,missing_tag,0,0,,,,,,,,,
1313,43.78666666666667,missing_tag,0,0,,,,,,,,,
1314,43.82,missing_tag,0,0,,,,,,,,,
1315,43.85333333333334,missing_tag,0,0,,,,,,,,,
1316,43.88666666666667,missing_tag,0,0,,,,,,,,,
1317,43.92,missing_tag,0,0,,,,,,,,,
1318,43.95333333333333,missing_tag,0,0,,,,,,,,,
1319,43.98666666666667,missing_tag,0,0,,,,,,,,,
1320,44.02,missing_tag,0,0,,,,,,,,,
1321,44.053333333333335,missing_tag,0,0,,,,,,,,,
1322,44.086666666666666,missing_tag,0,0,,,,,,,,,
1323,44.120000000000005,missing_tag,0,0,,,,,,,,,
1324,44.153333333333336,missing_tag,0,0,,,,,,,,,
1325,44.18666666666667,missing_tag,0,0,,,,,,,,,
1326,44.220000000000006,missing_tag,0,0,,,,,,,,,
1327,44.25333333333334,missing_tag,0,0,,,,,,,,,
1328,44.28666666666667,missing_tag,0,0,,,,,,,,,
1329,44.32,missing_tag,0,0,,,,,,,,,
1330,44.35333333333334,missing_tag,0,0,,,,,,,,,
1331,44.38666666666667,missing_tag,0,0,,,,,,,,,
1332,44.42,missing_tag,0,0,,,,,,,,,
1333,44.45333333333333,missing_tag,0,0,,,,,,,,,
1334,44.48666666666667,missing_tag,0,0,,,,,,,,,
1335,44.52,missing_tag,0,0,,,,,,,,,
1336,44.553333333333335,missing_tag,0,0,,,,,,,,,
1337,44.586666666666666,missing_tag,0,0,,,,,,,,,
1338,44.620000000000005,missing_tag,0,0,,,,,,,,,
1339,44.653333333333336,missing_tag,0,0,,,,,,,,,
1340,44.68666666666667,missing_tag,0,0,,,,,,,,,
1341,44.720000000000006,missing_tag,0,0,,,,,,,,,
1342,44.75333333333334,missing_tag,0,0,,,,,,,,,
1343,44.78666666666667,missing_tag,1,0,,,,,,,,,
1344,44.82,missing_tag,0,0,,,,,,,,,
1345,44.85333333333334,missing_tag,0,0,,,,,,,,,
1346,44.88666666666667,missing_tag,0,0,,,,,,,,,
1347,44.92,missing_tag,1,0,,,,,,,,,
1348,44.95333333333333,missing_tag,1,0,,,,,,,,,
1349,44.98666666666667,missing_tag,1,0,,,,,,,,,
1350,45.02,missing_tag,1,0,,,,,,,,,
1351,45.053333333333335,missing_tag,1,0,,,,,,,,,
1352,45.08666666666667,missing_tag,0,0,,,,,,,,,
1353,45.120000000000005,missing_tag,0,0,,,,,,,,,
1354,45.153333333333336,missing_tag,1,0,,,,,,,,,
1355,45.18666666666667,missing_tag,1,0,,,,,,,,,
1356,45.220000000000006,missing_tag,1,0,,,,,,,,,
1357,45.255,missing_tag,1,0,,,,,,,,,
1358,45.288333333333334,missing_tag,1,0,,,,,,,,,
1359,45.32166666666667,missing_tag,1,0,,,,,,,,,
1360,45.355000000000004,missing_tag,1,0,,,,,,,,,
1361,45.388333333333335,missing_tag,1,0,,,,,,,,,
1362,45.42166666666667,missing_tag,1,0,,,,,,,,,
1363,45.455000000000005,missing_tag,1,0,,,,,,,,,
1364,45.48833333333334,missing_tag,1,0,,,,,,,,,
1365,45.52166666666667,missing_tag,1,0,,,,,,,,,
1366,45.555,missing_tag,0,0,,,,,,,,,
1367,45.58833333333334,missing_tag,1,0,,,,,,,,,
1368,45.62166666666667,missing_tag,1,0,,,,,,,,,
1369,45.655,missing_tag,1,0,,,,,,,,,
1370,45.68833333333334,missing_tag,1,0,,,,,,,,,
1371,45.72166666666667,missing_tag,1,0,,,,,,,,,
1372,45.755,missing_tag,1,0,,,,,,,,,
1373,45.788333333333334,missing_tag,1,0,,,,,,,,,
1374,45.82166666666667,missing_tag,1,0,,,,,,,,,
1375,45.855000000000004,missing_tag,1,0,,,,,,,,,
1376,45.888333333333335,missing_tag,1,0,,,,,,,,,
1377,45.92166666666667,missing_tag,1,0,,,,,,,,,
1378,45.955000000000005,missing_tag,1,0,,,,,,,,,
1379,45.98833333333334,missing_tag,0,0,,,,,,,,,
1380,46.02166666666667,missing_tag,0,0,,,,,,,,,
1381,46.055,missing_tag,1,0,,,,,,,,,
1382,46.08833333333334,missing_tag,0,0,,,,,,,,,
1383,46.12166666666667,missing_tag,1,0,,,,,,,,,
1384,46.155,missing_tag,1,0,,,,,,,,,
1385,46.18833333333334,missing_tag,1,0,,,,,,,,,
1386,46.22166666666667,missing_tag,1,0,,,,,,,,,
1387,46.255,missing_tag,1,0,,,,,,,,,
1388,46.288333333333334,missing_tag,1,0,,,,,,,,,
1389,46.32166666666667,missing_tag,1,0,,,,,,,,,
1390,46.355000000000004,missing_tag,1,0,,,,,,,,,
1391,46.388333333333335,missing_tag,1,0,,,,,,,,,
1392,46.42166666666667,missing_tag,1,0,,,,,,,,,
1393,46.455000000000005,missing_tag,1,0,,,,,,,,,
1394,46.48833333333334,missing_tag,1,0,,,,,,,,,
1395,46.52166666666667,missing_tag,1,0,,,,,,,,,
1396,46.555,missing_tag,1,0,,,,,,,,,
1397,46.58833333333334,missing_tag,1,0,,,,,,,,,
1398,46.62166666666667,missing_tag,0,0,,,,,,,,,
1399,46.655,missing_tag,1,0,,,,,,,,,
1400,46.68833333333334,missing_tag,1,0,,,,,,,,,
1401,46.72166666666667,missing_tag,1,0,,,,,,,,,
1402,46.755,missing_tag,1,0,,,,,,,,,
1403,46.788333333333334,missing_tag,1,0,,,,,,,,,
1404,46.82166666666667,missing_tag,1,0,,,,,,,,,
1405,46.855000000000004,missing_tag,0,0,,,,,,,,,
1406,46.888333333333335,missing_tag,1,0,,,,,,,,,
1407,46.92166666666667,missing_tag,0,0,,,,,,,,,
1408,46.955000000000005,missing_tag,1,0,,,,,,,,,
1409,46.98833333333334,missing_tag,0,0,,,,,,,,,
1410,47.02166666666667,missing_tag,1,0,,,,,,,,,
1411,47.055,missing_tag,0,0,,,,,,,,,
1412,47.08833333333334,missing_tag,1,0,,,,,,,,,
1413,47.12166666666667,missing_tag,1,0,,,,,,,,,
1414,47.155,missing_tag,1,0,,,,,,,,,
1415,47.18833333333334,missing_tag,1,0,,,,,,,,,
1416,47.22166666666667,missing_tag,1,0,,,,,,,,,
1417,47.255,missing_tag,1,0,,,,,,,,,
1418,47.288333333333334,missing_tag,1,0,,,,,,,,,
1419,47.32166666666667,missing_tag,1,0,,,,,,,,,
1420,47.355000000000004,missing_tag,0,0,,,,,,,,,
1421,47.388333333333335,missing_tag,1,0,,,,,,,,,
1422,47.42166666666667,missing_tag,1,0,,,,,,,,,
1423,47.455000000000005,missing_tag,1,0,,,,,,,,,
1424,47.48833333333334,missing_tag,1,0,,,,,,,,,
1425,47.52166666666667,missing_tag,1,0,,,,,,,,,
1426,47.555,missing_tag,1,0,,,,,,,,,
1427,47.58833333333334,missing_tag,1,0,,,,,,,,,
1428,47.62166666666667,missing_tag,1,0,,,,,,,,,
1429,47.655,missing_tag,1,0,,,,,,,,,
1430,47.68833333333334,missing_tag,1,0,,,,,,,,,
1431,47.72166666666667,missing_tag,1,0,,,,,,,,,
1432,47.755,missing_tag,1,0,,,,,,,,,
1433,47.788333333333334,missing_tag,1,0,,,,,,,,,
1434,47.82166666666667,missing_tag,1,0,,,,,,,,,
1435,47.855000000000004,missing_tag,1,0,,,,,,,,,
1436,47.888333333333335,missing_tag,1,0,,,,,,,,,
1437,47.92166666666667,missing_tag,1,0,,,,,,,,,
1438,47.955000000000005,missing_tag,1,0,,,,,,,,,
1439,47.98833333333334,missing_tag,1,0,,,,,,,,,
1440,48.02166666666667,missing_tag,1,0,,,,,,,,,
1441,48.055,missing_tag,1,0,,,,,,,,,
1442,48.08833333333334,missing_tag,1,0,,,,,,,,,
1443,48.12166666666667,missing_tag,1,0,,,,,,,,,
1444,48.155,missing_tag,0,0,,,,,,,,,
1445,48.18833333333334,missing_tag,1,0,,,,,,,,,
1446,48.22166666666667,missing_tag,0,0,,,,,,,,,
1447,48.255,missing_tag,1,0,,,,,,,,,
1448,48.288333333333334,missing_tag,1,0,,,,,,,,,
1449,48.32166666666667,missing_tag,1,0,,,,,,,,,
1450,48.355000000000004,missing_tag,1,0,,,,,,,,,
1451,48.388333333333335,missing_tag,1,0,,,,,,,,,
1452,48.42166666666667,missing_tag,1,0,,,,,,,,,
1453,48.455000000000005,missing_tag,1,0,,,,,,,,,
1454,48.48833333333334,missing_tag,1,0,,,,,,,,,
1455,48.52166666666667,missing_tag,0,0,,,,,,,,,
1456,48.555,missing_tag,1,0,,,,,,,,,
1457,48.58833333333334,missing_tag,0,0,,,,,,,,,
1458,48.62166666666667,missing_tag,1,0,,,,,,,,,
1459,48.655,missing_tag,1,0,,,,,,,,,
1460,48.68833333333334,missing_tag,0,0,,,,,,,,,
1461,48.72166666666667,missing_tag,0,0,,,,,,,,,
1462,48.755,missing_tag,1,0,,,,,,,,,
1463,48.788333333333334,missing_tag,1,0,,,,,,,,,
1464,48.82166666666667,missing_tag,1,0,,,,,,,,,
1465,48.855000000000004,missing_tag,1,0,,,,,,,,,
1466,48.89,missing_tag,1,0,,,,,,,,,
1467,48.92333333333334,missing_tag,1,0,,,,,,,,,
1468,48.95666666666667,missing_tag,1,0,,,,,,,,,
1469,48.99,missing_tag,1,0,,,,,,,,,
1470,49.02333333333333,missing_tag,1,0,,,,,,,,,
1471,49.05666666666667,missing_tag,1,0,,,,,,,,,
1472,49.09,missing_tag,1,0,,,,,,,,,
1473,49.123333333333335,missing_tag,1,0,,,,,,,,,
1474,49.156666666666666,missing_tag,1,0,,,,,,,,,
1475,49.190000000000005,missing_tag,1,0,,,,,,,,,
1476,49.223333333333336,missing_tag,1,0,,,,,,,,,
1477,49.25666666666667,missing_tag,1,0,,,,,,,,,
1478,49.290000000000006,missing_tag,1,0,,,,,,,,,
1479,49.32333333333334,missing_tag,1,0,,,,,,,,,
1480,49.35666666666667,missing_tag,1,0,,,,,,,,,
1481,49.39,missing_tag,1,0,,,,,,,,,
1482,49.42333333333334,missing_tag,1,0,,,,,,,,,
1483,49.45666666666667,missing_tag,1,0,,,,,,,,,
1484,49.49,missing_tag,1,0,,,,,,,,,
1485,49.52333333333333,missing_tag,1,0,,,,,,,,,
1486,49.55666666666667,missing_tag,1,0,,,,,,,,,
1487,49.59,missing_tag,1,0,,,,,,,,,
1488,49.623333333333335,missing_tag,1,0,,,,,,,,,
1489,49.65666666666667,missing_tag,1,0,,,,,,,,,
1490,49.690000000000005,missing_tag,1,0,,,,,,,,,
1491,49.723333333333336,missing_tag,1,0,,,,,,,,,
1492,49.75666666666667,missing_tag,1,0,,,,,,,,,
1493,49.790000000000006,missing_tag,1,0,,,,,,,,,
1494,49.82333333333334,missing_tag,1,0,,,,,,,,,
1495,49.85666666666667,missing_tag,1,0,,,,,,,,,
1496,49.89,missing_tag,1,0,,,,,,,,,
1497,49.92333333333334,missing_tag,1,0,,,,,,,,,
1498,49.95666666666667,missing_tag,1,0,,,,,,,,,
1499,49.99,missing_tag,1,0,,,,,,,,,
1500,50.02333333333333,missing_tag,1,0,,,,,,,,,
1501,50.05666666666667,missing_tag,1,0,,,,,,,,,
1502,50.09,missing_tag,1,0,,,,,,,,,
1503,50.123333333333335,missing_tag,1,0,,,,,,,,,
1504,50.15666666666667,missing_tag,1,0,,,,,,,,,
1505,50.190000000000005,missing_tag,1,0,,,,,,,,,
1506,50.223333333333336,missing_tag,1,0,,,,,,,,,
1507,50.25666666666667,missing_tag,1,0,,,,,,,,,
1508,50.290000000000006,missing_tag,1,0,,,,,,,,,
1509,50.32333333333334,missing_tag,1,0,,,,,,,,,
1510,50.35666666666667,missing_tag,1,0,,,,,,,,,
1511,50.39,missing_tag,1,0,,,,,,,,,
1512,50.42333333333334,missing_tag,1,0,,,,,,,,,
1513,50.45666666666667,missing_tag,1,0,,,,,,,,,
1514,50.49,missing_tag,1,0,,,,,,,,,
1515,50.52333333333333,missing_tag,1,0,,,,,,,,,
1516,50.55666666666667,missing_tag,1,0,,,,,,,,,
1517,50.59,missing_tag,1,0,,,,,,,,,
1518,50.623333333333335,missing_tag,1,0,,,,,,,,,
1519,50.65666666666667,missing_tag,1,0,,,,,,,,,
1520,50.690000000000005,missing_tag,1,0,,,,,,,,,
1521,50.723333333333336,missing_tag,1,0,,,,,,,,,
1522,50.75666666666667,missing_tag,1,0,,,,,,,,,
1523,50.790000000000006,missing_tag,1,0,,,,,,,,,
1524,50.82333333333334,missing_tag,1,0,,,,,,,,,
1525,50.85666666666667,missing_tag,1,0,,,,,,,,,
1526,50.89,missing_tag,1,0,,,,,,,,,
1527,50.92333333333334,missing_tag,1,0,,,,,,,,,
1528,50.95666666666667,missing_tag,1,0,,,,,,,,,
1529,50.99,missing_tag,1,0,,,,,,,,,
1530,51.02333333333333,missing_tag,1,0,,,,,,,,,
1531,51.05666666666667,missing_tag,1,0,,,,,,,,,
1532,51.09,missing_tag,1,0,,,,,,,,,
1533,51.123333333333335,missing_tag,1,0,,,,,,,,,
1534,51.15666666666667,missing_tag,1,0,,,,,,,,,
1535,51.190000000000005,missing_tag,1,0,,,,,,,,,
1536,51.223333333333336,missing_tag,1,0,,,,,,,,,
1537,51.25666666666667,missing_tag,1,0,,,,,,,,,
1538,51.290000000000006,missing_tag,1,0,,,,,,,,,
1539,51.32333333333334,missing_tag,1,0,,,,,,,,,
1540,51.35666666666667,missing_tag,1,0,,,,,,,,,
1541,51.39,missing_tag,1,0,,,,,,,,,
1542,51.42333333333334,missing_tag,1,0,,,,,,,,,
1543,51.45666666666667,missing_tag,1,0,,,,,,,,,
1544,51.49,missing_tag,1,0,,,,,,,,,
1545,51.52333333333333,missing_tag,1,0,,,,,,,,,
1546,51.55666666666667,missing_tag,1,0,,,,,,,,,
1547,51.59,missing_tag,1,0,,,,,,,,,
1548,51.623333333333335,missing_tag,1,0,,,,,,,,,
1549,51.65666666666667,missing_tag,1,0,,,,,,,,,
1550,51.690000000000005,missing_tag,1,0,,,,,,,,,
1551,51.723333333333336,missing_tag,1,0,,,,,,,,,
1552,51.75666666666667,missing_tag,1,0,,,,,,,,,
1553,51.790000000000006,missing_tag,1,0,,,,,,,,,
1554,51.82333333333334,missing_tag,1,0,,,,,,,,,
1555,51.85666666666667,missing_tag,1,0,,,,,,,,,
1556,51.89,missing_tag,1,0,,,,,,,,,
1557,51.92333333333334,missing_tag,1,0,,,,,,,,,
1558,51.95666666666667,missing_tag,1,0,,,,,,,,,
1559,51.99,missing_tag,1,0,,,,,,,,,
1560,52.02333333333333,missing_tag,1,0,,,,,,,,,
1561,52.05666666666667,missing_tag,1,0,,,,,,,,,
1562,52.09,missing_tag,1,0,,,,,,,,,
1563,52.123333333333335,missing_tag,1,0,,,,,,,,,
1564,52.15666666666667,missing_tag,1,0,,,,,,,,,
1565,52.190000000000005,missing_tag,1,0,,,,,,,,,
1566,52.223333333333336,missing_tag,1,0,,,,,,,,,
1567,52.25666666666667,missing_tag,1,0,,,,,,,,,
1568,52.290000000000006,missing_tag,1,0,,,,,,,,,
1569,52.32333333333334,missing_tag,1,0,,,,,,,,,
1570,52.35666666666667,missing_tag,1,0,,,,,,,,,
1571,52.39,missing_tag,1,0,,,,,,,,,
1572,52.42333333333334,missing_tag,1,0,,,,,,,,,
1573,52.458333333333336,missing_tag,1,0,,,,,,,,,
1574,52.49166666666667,missing_tag,1,0,,,,,,,,,
1575,52.525000000000006,missing_tag,1,0,,,,,,,,,
1576,52.55833333333334,missing_tag,1,0,,,,,,,,,
1577,52.59166666666667,missing_tag,1,0,,,,,,,,,
1578,52.625,missing_tag,1,0,,,,,,,,,
1579,52.65833333333334,missing_tag,1,0,,,,,,,,,
1580,52.69166666666667,missing_tag,1,0,,,,,,,,,
1581,52.725,missing_tag,1,0,,,,,,,,,
1582,52.75833333333334,missing_tag,1,0,,,,,,,,,
1583,52.79166666666667,missing_tag,1,0,,,,,,,,,
1584,52.825,missing_tag,1,0,,,,,,,,,
1585,52.858333333333334,missing_tag,1,0,,,,,,,,,
1586,52.89166666666667,missing_tag,1,0,,,,,,,,,
1587,52.925000000000004,missing_tag,1,0,,,,,,,,,
1588,52.958333333333336,missing_tag,1,0,,,,,,,,,
1589,52.99166666666667,missing_tag,1,0,,,,,,,,,
1590,53.025000000000006,missing_tag,1,0,,,,,,,,,
1591,53.05833333333334,missing_tag,1,0,,,,,,,,,
1592,53.09166666666667,missing_tag,1,0,,,,,,,,,
1593,53.125,missing_tag,1,0,,,,,,,,,
1594,53.15833333333334,missing_tag,1,0,,,,,,,,,
1595,53.19166666666667,missing_tag,1,0,,,,,,,,,
1596,53.225,missing_tag,1,0,,,,,,,,,
1597,53.25833333333334,missing_tag,1,0,,,,,,,,,
1598,53.29166666666667,missing_tag,1,0,,,,,,,,,
1599,53.325,missing_tag,1,0,,,,,,,,,
1600,53.358333333333334,missing_tag,1,0,,,,,,,,,
1601,53.39166666666667,missing_tag,1,0,,,,,,,,,
1602,53.425000000000004,missing_tag,1,0,,,,,,,,,
1603,53.458333333333336,missing_tag,1,0,,,,,,,,,
1604,53.49166666666667,missing_tag,1,0,,,,,,,,,
1605,53.525000000000006,missing_tag,1,0,,,,,,,,,
1606,53.55833333333334,missing_tag,1,0,,,,,,,,,
1607,53.59166666666667,missing_tag,1,0,,,,,,,,,
1608,53.625,missing_tag,1,0,,,,,,,,,
1609,53.65833333333334,missing_tag,1,0,,,,,,,,,
1610,53.69166666666667,missing_tag,1,0,,,,,,,,,
1611,53.725,missing_tag,1,0,,,,,,,,,
1612,53.75833333333334,missing_tag,1,0,,,,,,,,,
1613,53.79166666666667,missing_tag,1,0,,,,,,,,,
1614,53.825,missing_tag,1,0,,,,,,,,,
1615,53.858333333333334,missing_tag,1,0,,,,,,,,,
1616,53.89166666666667,missing_tag,1,0,,,,,,,,,
1617,53.925000000000004,missing_tag,1,0,,,,,,,,,
1618,53.958333333333336,missing_tag,1,0,,,,,,,,,
1619,53.99166666666667,missing_tag,1,0,,,,,,,,,
1620,54.025000000000006,missing_tag,1,0,,,,,,,,,
1621,54.05833333333334,missing_tag,1,0,,,,,,,,,
1622,54.09166666666667,missing_tag,1,0,,,,,,,,,
1623,54.125,missing_tag,1,0,,,,,,,,,
1624,54.15833333333334,missing_tag,1,0,,,,,,,,,
1625,54.19166666666667,missing_tag,1,0,,,,,,,,,
1626,54.225,missing_tag,1,0,,,,,,,,,
1627,54.25833333333334,missing_tag,1,0,,,,,,,,,
1628,54.29166666666667,missing_tag,1,0,,,,,,,,,
1629,54.325,missing_tag,1,0,,,,,,,,,
1630,54.358333333333334,missing_tag,1,0,,,,,,,,,
1631,54.39166666666667,missing_tag,1,0,,,,,,,,,
1632,54.425000000000004,missing_tag,1,0,,,,,,,,,
1633,54.458333333333336,missing_tag,1,0,,,,,,,,,
1634,54.49166666666667,missing_tag,1,0,,,,,,,,,
1635,54.525000000000006,missing_tag,1,0,,,,,,,,,
1636,54.55833333333334,missing_tag,1,0,,,,,,,,,
1637,54.59166666666667,missing_tag,1,0,,,,,,,,,
1638,54.625,missing_tag,1,0,,,,,,,,,
1639,54.65833333333334,missing_tag,1,0,,,,,,,,,
1640,54.69166666666667,missing_tag,1,0,,,,,,,,,
1641,54.725,missing_tag,1,0,,,,,,,,,
1642,54.75833333333334,missing_tag,1,0,,,,,,,,,
1643,54.79166666666667,missing_tag,1,0,,,,,,,,,
1644,54.825,missing_tag,1,0,,,,,,,,,
1645,54.858333333333334,missing_tag,1,0,,,,,,,,,
1646,54.89166666666667,missing_tag,1,0,,,,,,,,,
1647,54.925000000000004,missing_tag,1,0,,,,,,,,,
1648,54.958333333333336,missing_tag,1,0,,,,,,,,,
1649,54.99166666666667,missing_tag,1,0,,,,,,,,,
1650,55.025000000000006,missing_tag,1,0,,,,,,,,,
1651,55.05833333333334,missing_tag,1,0,,,,,,,,,
1652,55.09166666666667,missing_tag,1,0,,,,,,,,,
1653,55.125,missing_tag,1,0,,,,,,,,,
1654,55.15833333333334,missing_tag,1,0,,,,,,,,,
1655,55.19166666666667,missing_tag,1,0,,,,,,,,,
1656,55.225,missing_tag,0,0,,,,,,,,,
1657,55.25833333333334,missing_tag,1,0,,,,,,,,,
1658,55.29166666666667,missing_tag,1,0,,,,,,,,,
1659,55.325,missing_tag,1,0,,,,,,,,,
1660,55.358333333333334,missing_tag,1,0,,,,,,,,,
1661,55.39166666666667,missing_tag,1,0,,,,,,,,,
1662,55.425000000000004,missing_tag,1,0,,,,,,,,,
1663,55.458333333333336,missing_tag,1,0,,,,,,,,,
1664,55.49166666666667,missing_tag,1,0,,,,,,,,,
1665,55.525000000000006,missing_tag,1,0,,,,,,,,,
1666,55.55833333333334,missing_tag,1,0,,,,,,,,,
1667,55.59166666666667,missing_tag,1,0,,,,,,,,,
1668,55.62500000000001,missing_tag,1,0,,,,,,,,,
1669,55.65833333333334,missing_tag,1,0,,,,,,,,,
1670,55.69166666666667,missing_tag,1,0,,,,,,,,,
1671,55.725,missing_tag,1,0,,,,,,,,,
1672,55.75833333333334,missing_tag,1,0,,,,,,,,,
1673,55.79166666666667,missing_tag,1,0,,,,,,,,,
1674,55.825,missing_tag,1,0,,,,,,,,,
1675,55.858333333333334,missing_tag,1,0,,,,,,,,,
1676,55.89166666666667,missing_tag,1,0,,,,,,,,,
1677,55.925000000000004,missing_tag,1,0,,,,,,,,,
1678,55.958333333333336,missing_tag,1,0,,,,,,,,,
1679,55.99166666666667,missing_tag,1,0,,,,,,,,,
1680,56.025000000000006,missing_tag,1,0,,,,,,,,,
1681,56.06,missing_tag,1,0,,,,,,,,,
1682,56.093333333333334,missing_tag,1,0,,,,,,,,,
1683,56.12666666666667,missing_tag,0,0,,,,,,,,,
1684,56.16000000000001,missing_tag,1,0,,,,,,,,,
1685,56.193333333333335,missing_tag,1,0,,,,,,,,,
1686,56.226666666666674,missing_tag,1,0,,,,,,,,,
1687,56.260000000000005,missing_tag,1,0,,,,,,,,,
1688,56.29333333333334,missing_tag,1,0,,,,,,,,,
1689,56.32666666666667,missing_tag,1,0,,,,,,,,,
1690,56.36000000000001,missing_tag,1,0,,,,,,,,,
1691,56.39333333333334,missing_tag,1,0,,,,,,,,,
1692,56.42666666666667,missing_tag,1,0,,,,,,,,,
1693,56.46,missing_tag,1,0,,,,,,,,,
1694,56.49333333333335,missing_tag,1,0,,,,,,,,,
1695,56.52666666666667,missing_tag,1,0,,,,,,,,,
1696,56.56,missing_tag,0,0,,,,,,,,,
1697,56.593333333333334,missing_tag,0,0,,,,,,,,,
1698,56.62666666666667,missing_tag,1,0,,,,,,,,,
1699,56.66000000000001,missing_tag,0,0,,,,,,,,,
1700,56.693333333333335,missing_tag,1,0,,,,,,,,,
1701,56.726666666666674,missing_tag,1,0,,,,,,,,,
1702,56.760000000000005,missing_tag,1,0,,,,,,,,,
1703,56.79333333333334,missing_tag,1,0,,,,,,,,,
1704,56.82666666666667,missing_tag,1,0,,,,,,,,,
1705,56.86000000000001,missing_tag,0,0,,,,,,,,,
1706,56.89333333333334,missing_tag,1,0,,,,,,,,,
1707,56.92666666666667,missing_tag,0,0,,,,,,,,,
1708,56.96,missing_tag,1,0,,,,,,,,,
1709,56.99333333333335,missing_tag,1,0,,,,,,,,,
1710,57.02666666666667,missing_tag,0,0,,,,,,,,,
1711,57.06,missing_tag,1,0,,,,,,,,,
1712,57.093333333333334,missing_tag,1,0,,,,,,,,,
1713,57.12666666666667,missing_tag,1,0,,,,,,,,,
1714,57.16000000000001,missing_tag,1,0,,,,,,,,,
1715,57.193333333333335,missing_tag,1,0,,,,,,,,,
1716,57.226666666666674,missing_tag,1,0,,,,,,,,,
1717,57.260000000000005,missing_tag,1,0,,,,,,,,,
1718,57.29333333333334,missing_tag,1,0,,,,,,,,,
1719,57.32666666666667,missing_tag,1,0,,,,,,,,,
1720,57.36000000000001,missing_tag,1,0,,,,,,,,,
1721,57.39333333333334,missing_tag,1,0,,,,,,,,,
1722,57.42666666666667,missing_tag,1,0,,,,,,,,,
1723,57.46,missing_tag,1,0,,,,,,,,,
1724,57.49333333333335,missing_tag,1,0,,,,,,,,,
1725,57.52666666666667,missing_tag,1,0,,,,,,,,,
1726,57.56,missing_tag,1,0,,,,,,,,,
1727,57.593333333333334,missing_tag,1,0,,,,,,,,,
1728,57.62666666666667,missing_tag,1,0,,,,,,,,,
1729,57.66000000000001,missing_tag,1,0,,,,,,,,,
1730,57.693333333333335,missing_tag,1,0,,,,,,,,,
1731,57.726666666666674,missing_tag,1,0,,,,,,,,,
1732,57.760000000000005,missing_tag,1,0,,,,,,,,,
1733,57.79333333333334,missing_tag,1,0,,,,,,,,,
1734,57.82666666666667,missing_tag,1,0,,,,,,,,,
1735,57.86000000000001,missing_tag,1,0,,,,,,,,,
1736,57.89333333333334,missing_tag,1,0,,,,,,,,,
1737,57.92666666666667,missing_tag,1,0,,,,,,,,,
1738,57.96,missing_tag,1,0,,,,,,,,,
1739,57.99333333333335,missing_tag,1,0,,,,,,,,,
1740,58.02666666666667,missing_tag,1,0,,,,,,,,,
1741,58.06,missing_tag,1,0,,,,,,,,,
1742,58.093333333333334,missing_tag,1,0,,,,,,,,,
1743,58.12666666666667,missing_tag,1,0,,,,,,,,,
1744,58.16000000000001,missing_tag,1,0,,,,,,,,,
1745,58.193333333333335,missing_tag,1,0,,,,,,,,,
1746,58.226666666666674,missing_tag,1,0,,,,,,,,,
1747,58.260000000000005,missing_tag,1,0,,,,,,,,,
1748,58.29333333333334,missing_tag,0,0,,,,,,,,,
1749,58.32666666666667,missing_tag,1,0,,,,,,,,,
1750,58.36000000000001,missing_tag,1,0,,,,,,,,,
1751,58.39333333333334,missing_tag,1,0,,,,,,,,,
1752,58.42666666666667,missing_tag,1,0,,,,,,,,,
1753,58.46,missing_tag,1,0,,,,,,,,,
1754,58.49333333333335,missing_tag,1,0,,,,,,,,,
1755,58.52666666666667,missing_tag,1,0,,,,,,,,,
1756,58.56,missing_tag,0,0,,,,,,,,,
1757,58.593333333333334,missing_tag,1,0,,,,,,,,,
1758,58.62666666666667,missing_tag,0,0,,,,,,,,,
1759,58.66000000000001,missing_tag,1,0,,,,,,,,,
1760,58.693333333333335,missing_tag,1,0,,,,,,,,,
1761,58.726666666666674,missing_tag,1,0,,,,,,,,,
1762,58.760000000000005,missing_tag,1,0,,,,,,,,,
1763,58.79333333333334,missing_tag,1,0,,,,,,,,,
1764,58.82666666666667,missing_tag,1,0,,,,,,,,,
1765,58.86000000000001,missing_tag,1,0,,,,,,,,,
1766,58.89333333333334,missing_tag,1,0,,,,,,,,,
1767,58.92666666666667,missing_tag,1,0,,,,,,,,,
1768,58.96,missing_tag,1,0,,,,,,,,,
1769,58.99333333333335,missing_tag,1,0,,,,,,,,,
1770,59.02666666666667,missing_tag,1,0,,,,,,,,,
1771,59.06,missing_tag,1,0,,,,,,,,,
1772,59.093333333333334,missing_tag,1,0,,,,,,,,,
1773,59.12666666666667,missing_tag,0,0,,,,,,,,,
1774,59.16000000000001,missing_tag,1,0,,,,,,,,,
1775,59.193333333333335,missing_tag,1,0,,,,,,,,,
1776,59.226666666666674,missing_tag,1,0,,,,,,,,,
1777,59.260000000000005,missing_tag,1,0,,,,,,,,,
1778,59.29333333333334,missing_tag,1,0,,,,,,,,,
1779,59.32666666666667,missing_tag,1,0,,,,,,,,,
1780,59.36000000000001,missing_tag,1,0,,,,,,,,,
1781,59.39333333333334,missing_tag,0,0,,,,,,,,,
1782,59.42666666666667,missing_tag,1,0,,,,,,,,,
1783,59.46,missing_tag,1,0,,,,,,,,,
1784,59.49333333333335,missing_tag,1,0,,,,,,,,,
1785,59.52666666666667,missing_tag,1,0,,,,,,,,,
1786,59.56,missing_tag,1,0,,,,,,,,,
1787,59.593333333333334,missing_tag,1,0,,,,,,,,,
1788,59.62666666666667,missing_tag,1,0,,,,,,,,,
1789,59.66000000000001,missing_tag,1,0,,,,,,,,,
1790,59.695,missing_tag,1,0,,,,,,,,,
1791,59.72833333333334,missing_tag,1,0,,,,,,,,,
1792,59.76166666666667,missing_tag,1,0,,,,,,,,,
1793,59.795,missing_tag,0,0,,,,,,,,,
1794,59.82833333333334,missing_tag,1,0,,,,,,,,,
1795,59.86166666666667,missing_tag,1,0,,,,,,,,,
1796,59.895,missing_tag,1,0,,,,,,,,,
1797,59.928333333333335,missing_tag,1,0,,,,,,,,,
1798,59.96166666666667,missing_tag,1,0,,,,,,,,,
1799,59.995000000000005,missing_tag,1,0,,,,,,,,,
1800,60.028333333333336,missing_tag,0,0,,,,,,,,,
1801,60.06166666666667,missing_tag,1,0,,,,,,,,,
1802,60.095000000000006,missing_tag,1,0,,,,,,,,,
1803,60.12833333333334,missing_tag,0,0,,,,,,,,,
1804,60.16166666666667,missing_tag,1,0,,,,,,,,,
1805,60.19500000000001,missing_tag,1,0,,,,,,,,,
1806,60.22833333333334,missing_tag,1,0,,,,,,,,,
1807,60.26166666666667,missing_tag,1,0,,,,,,,,,
1808,60.295,missing_tag,1,0,,,,,,,,,
1809,60.32833333333334,missing_tag,1,0,,,,,,,,,
1810,60.36166666666667,missing_tag,1,0,,,,,,,,,
1811,60.395,missing_tag,1,0,,,,,,,,,
1812,60.428333333333335,missing_tag,0,0,,,,,,,,,
1813,60.46166666666667,missing_tag,1,0,,,,,,,,,
1814,60.495000000000005,missing_tag,1,0,,,,,,,,,
1815,60.528333333333336,missing_tag,1,0,,,,,,,,,
1816,60.56166666666667,missing_tag,1,0,,,,,,,,,
1817,60.595000000000006,missing_tag,1,0,,,,,,,,,
1818,60.62833333333334,missing_tag,1,0,,,,,,,,,
1819,60.66166666666667,missing_tag,1,0,,,,,,,,,
1820,60.69500000000001,missing_tag,1,0,,,,,,,,,
1821,60.72833333333334,missing_tag,1,0,,,,,,,,,
1822,60.76166666666667,missing_tag,1,0,,,,,,,,,
1823,60.795,missing_tag,0,0,,,,,,,,,
1824,60.82833333333334,missing_tag,1,0,,,,,,,,,
1825,60.86166666666667,missing_tag,1,0,,,,,,,,,
1826,60.895,missing_tag,1,0,,,,,,,,,
1827,60.928333333333335,missing_tag,0,0,,,,,,,,,
1828,60.96166666666667,missing_tag,1,0,,,,,,,,,
1829,60.995000000000005,missing_tag,1,0,,,,,,,,,
1830,61.028333333333336,missing_tag,1,0,,,,,,,,,
1831,61.06166666666667,missing_tag,1,0,,,,,,,,,
1832,61.095000000000006,missing_tag,1,0,,,,,,,,,
1833,61.12833333333334,missing_tag,1,0,,,,,,,,,
1834,61.16166666666667,missing_tag,1,0,,,,,,,,,
1835,61.19500000000001,missing_tag,0,0,,,,,,,,,
1836,61.22833333333334,missing_tag,1,0,,,,,,,,,
1837,61.26166666666667,missing_tag,0,0,,,,,,,,,
1838,61.295,missing_tag,0,0,,,,,,,,,
1839,61.32833333333334,missing_tag,0,0,,,,,,,,,
1840,61.36166666666667,missing_tag,1,0,,,,,,,,,
1841,61.395,missing_tag,1,0,,,,,,,,,
1842,61.428333333333335,missing_tag,1,0,,,,,,,,,
1843,61.46166666666667,missing_tag,0,0,,,,,,,,,
1844,61.495000000000005,missing_tag,1,0,,,,,,,,,
1845,61.528333333333336,missing_tag,0,0,,,,,,,,,
1846,61.56166666666667,missing_tag,0,0,,,,,,,,,
1847,61.595000000000006,missing_tag,0,0,,,,,,,,,
1848,61.62833333333334,missing_tag,1,0,,,,,,,,,
1849,61.66166666666667,missing_tag,0,0,,,,,,,,,
1850,61.69500000000001,missing_tag,0,0,,,,,,,,,
1851,61.72833333333334,missing_tag,0,0,,,,,,,,,
1852,61.76166666666667,missing_tag,0,0,,,,,,,,,
1853,61.795,missing_tag,0,0,,,,,,,,,
1854,61.82833333333334,missing_tag,0,0,,,,,,,,,
1855,61.86166666666667,missing_tag,0,0,,,,,,,,,
1856,61.895,missing_tag,0,0,,,,,,,,,
1857,61.928333333333335,missing_tag,0,0,,,,,,,,,
1858,61.96166666666667,missing_tag,0,0,,,,,,,,,
1859,61.995000000000005,missing_tag,0,0,,,,,,,,,
1860,62.028333333333336,missing_tag,0,0,,,,,,,,,
1861,62.06166666666667,missing_tag,1,0,,,,,,,,,
1862,62.095000000000006,missing_tag,0,0,,,,,,,,,
1863,62.12833333333334,missing_tag,0,0,,,,,,,,,
1864,62.16166666666667,missing_tag,1,0,,,,,,,,,
1865,62.19500000000001,missing_tag,0,0,,,,,,,,,
1866,62.22833333333334,missing_tag,0,0,,,,,,,,,
1867,62.26166666666667,missing_tag,0,0,,,,,,,,,
1868,62.295,missing_tag,1,0,,,,,,,,,
1869,62.32833333333334,missing_tag,1,0,,,,,,,,,
1870,62.36166666666667,missing_tag,1,0,,,,,,,,,
1871,62.395,missing_tag,0,0,,,,,,,,,
1872,62.428333333333335,missing_tag,1,0,,,,,,,,,
1873,62.46166666666667,missing_tag,1,0,,,,,,,,,
1874,62.495000000000005,missing_tag,0,0,,,,,,,,,
1875,62.528333333333336,missing_tag,0,0,,,,,,,,,
1876,62.56166666666667,missing_tag,0,0,,,,,,,,,
1877,62.595000000000006,missing_tag,0,0,,,,,,,,,
1878,62.62833333333334,missing_tag,0,0,,,,,,,,,
1879,62.66166666666667,missing_tag,0,0,,,,,,,,,
1880,62.69500000000001,missing_tag,0,0,,,,,,,,,
1881,62.72833333333334,missing_tag,0,0,,,,,,,,,
1882,62.76166666666667,missing_tag,0,0,,,,,,,,,
1883,62.795,missing_tag,0,0,,,,,,,,,
1884,62.82833333333334,missing_tag,0,0,,,,,,,,,
1885,62.86166666666667,missing_tag,1,0,,,,,,,,,
1886,62.895,missing_tag,0,0,,,,,,,,,
1887,62.928333333333335,missing_tag,0,0,,,,,,,,,
1888,62.96166666666667,missing_tag,0,0,,,,,,,,,
1889,62.995000000000005,missing_tag,0,0,,,,,,,,,
1890,63.028333333333336,missing_tag,0,0,,,,,,,,,
1891,63.06166666666667,missing_tag,0,0,,,,,,,,,
1892,63.095000000000006,missing_tag,0,0,,,,,,,,,
1893,63.12833333333334,missing_tag,0,0,,,,,,,,,
1894,63.16166666666667,missing_tag,1,0,,,,,,,,,
1895,63.19500000000001,missing_tag,0,0,,,,,,,,,
1896,63.22833333333334,missing_tag,1,0,,,,,,,,,
1897,63.26166666666667,missing_tag,0,0,,,,,,,,,
1898,63.296666666666674,missing_tag,0,0,,,,,,,,,
1899,63.330000000000005,missing_tag,0,0,,,,,,,,,
1900,63.36333333333334,missing_tag,1,0,,,,,,,,,
1901,63.39666666666667,missing_tag,1,0,,,,,,,,,
1902,63.43000000000001,missing_tag,1,0,,,,,,,,,
1903,63.46333333333334,missing_tag,0,0,,,,,,,,,
1904,63.49666666666667,missing_tag,1,0,,,,,,,,,
1905,63.53,missing_tag,1,0,,,,,,,,,
1906,63.56333333333334,missing_tag,0,0,,,,,,,,,
1907,63.59666666666667,missing_tag,0,0,,,,,,,,,
1908,63.63,missing_tag,0,0,,,,,,,,,
1909,63.663333333333334,missing_tag,0,0,,,,,,,,,
1910,63.69666666666667,missing_tag,0,0,,,,,,,,,
1911,63.730000000000004,missing_tag,0,0,,,,,,,,,
1912,63.763333333333335,missing_tag,0,0,,,,,,,,,
1913,63.796666666666674,missing_tag,0,0,,,,,,,,,
1914,63.830000000000005,missing_tag,0,0,,,,,,,,,
1915,63.86333333333334,missing_tag,0,0,,,,,,,,,
1916,63.89666666666667,missing_tag,0,0,,,,,,,,,
1917,63.93000000000001,missing_tag,0,0,,,,,,,,,
1918,63.96333333333334,missing_tag,0,0,,,,,,,,,
1919,63.99666666666667,missing_tag,0,0,,,,,,,,,
1920,64.03,missing_tag,1,0,,,,,,,,,
1921,64.06333333333333,missing_tag,0,0,,,,,,,,,
1922,64.09666666666666,missing_tag,1,0,,,,,,,,,
1923,64.13000000000001,missing_tag,0,0,,,,,,,,,
1924,64.16333333333334,missing_tag,0,0,,,,,,,,,
1925,64.19666666666667,missing_tag,1,0,,,,,,,,,
1926,64.23,missing_tag,1,0,,,,,,,,,
1927,64.26333333333334,missing_tag,0,0,,,,,,,,,
1928,64.29666666666667,missing_tag,1,0,,,,,,,,,
1929,64.33,missing_tag,0,0,,,,,,,,,
1930,64.36333333333334,missing_tag,1,0,,,,,,,,,
1931,64.39666666666668,missing_tag,0,0,,,,,,,,,
1932,64.43,missing_tag,0,0,,,,,,,,,
1933,64.46333333333334,missing_tag,0,0,,,,,,,,,
1934,64.49666666666667,missing_tag,1,0,,,,,,,,,
1935,64.53,missing_tag,1,0,,,,,,,,,
1936,64.56333333333333,missing_tag,0,0,,,,,,,,,
1937,64.59666666666666,missing_tag,0,0,,,,,,,,,
1938,64.63000000000001,missing_tag,0,0,,,,,,,,,
1939,64.66333333333334,missing_tag,0,0,,,,,,,,,
1940,64.69666666666667,missing_tag,0,0,,,,,,,,,
1941,64.73,missing_tag,0,0,,,,,,,,,
1942,64.76333333333334,missing_tag,0,0,,,,,,,,,
1943,64.79666666666667,missing_tag,1,0,,,,,,,,,
1944,64.83,missing_tag,0,0,,,,,,,,,
1945,64.86333333333334,missing_tag,1,0,,,,,,,,,
1946,64.89666666666668,missing_tag,1,0,,,,,,,,,
1947,64.93,missing_tag,1,0,,,,,,,,,
1948,64.96333333333334,missing_tag,0,0,,,,,,,,,
1949,64.99666666666667,missing_tag,0,0,,,,,,,,,
1950,65.03,missing_tag,0,0,,,,,,,,,
1951,65.06333333333333,missing_tag,0,0,,,,,,,,,
1952,65.09666666666666,missing_tag,0,0,,,,,,,,,
1953,65.13000000000001,missing_tag,0,0,,,,,,,,,
1954,65.16333333333334,missing_tag,0,0,,,,,,,,,
1955,65.19666666666667,missing_tag,0,0,,,,,,,,,
1956,65.23,missing_tag,0,0,,,,,,,,,
1957,65.26333333333334,missing_tag,0,0,,,,,,,,,
1958,65.29666666666667,missing_tag,0,0,,,,,,,,,
1959,65.33,missing_tag,0,0,,,,,,,,,
1960,65.36333333333334,missing_tag,0,0,,,,,,,,,
1961,65.39666666666668,missing_tag,0,0,,,,,,,,,
1962,65.43,missing_tag,0,0,,,,,,,,,
1963,65.46333333333334,missing_tag,0,0,,,,,,,,,
1964,65.49666666666667,missing_tag,0,0,,,,,,,,,
1965,65.53,missing_tag,0,0,,,,,,,,,
1966,65.56333333333333,missing_tag,0,0,,,,,,,,,
1967,65.59666666666666,missing_tag,0,0,,,,,,,,,
1968,65.63000000000001,missing_tag,0,0,,,,,,,,,
1969,65.66333333333334,missing_tag,0,0,,,,,,,,,
1970,65.69666666666667,missing_tag,0,0,,,,,,,,,
1971,65.73,missing_tag,0,0,,,,,,,,,
1972,65.76333333333334,missing_tag,0,0,,,,,,,,,
1973,65.79666666666667,missing_tag,0,0,,,,,,,,,
1974,65.83,missing_tag,0,0,,,,,,,,,
1975,65.86333333333334,missing_tag,0,0,,,,,,,,,
1976,65.89666666666668,missing_tag,0,0,,,,,,,,,
1977,65.93,missing_tag,0,0,,,,,,,,,
1978,65.96333333333334,missing_tag,0,0,,,,,,,,,
1979,65.99666666666667,missing_tag,0,0,,,,,,,,,
1980,66.03,missing_tag,0,0,,,,,,,,,
1981,66.06333333333333,missing_tag,0,0,,,,,,,,,
1982,66.09666666666666,missing_tag,0,0,,,,,,,,,
1983,66.13000000000001,missing_tag,0,0,,,,,,,,,
1984,66.16333333333334,missing_tag,0,0,,,,,,,,,
1985,66.19666666666667,missing_tag,0,0,,,,,,,,,
1986,66.23,missing_tag,0,0,,,,,,,,,
1987,66.26333333333334,missing_tag,0,0,,,,,,,,,
1988,66.29666666666667,missing_tag,0,0,,,,,,,,,
1989,66.33,missing_tag,0,0,,,,,,,,,
1990,66.36333333333334,missing_tag,0,0,,,,,,,,,
1991,66.39666666666668,missing_tag,0,0,,,,,,,,,
1992,66.43,missing_tag,0,0,,,,,,,,,
1993,66.46333333333334,missing_tag,0,0,,,,,,,,,
1994,66.49666666666667,missing_tag,0,0,,,,,,,,,
1995,66.53,missing_tag,0,0,,,,,,,,,
1996,66.56333333333333,missing_tag,0,0,,,,,,,,,
1997,66.59666666666666,missing_tag,0,0,,,,,,,,,
1998,66.63000000000001,missing_tag,0,0,,,,,,,,,
1999,66.66333333333334,missing_tag,0,0,,,,,,,,,
2000,66.69666666666667,missing_tag,0,0,,,,,,,,,
2001,66.73,missing_tag,0,0,,,,,,,,,
2002,66.76333333333334,missing_tag,0,0,,,,,,,,,
2003,66.79666666666667,missing_tag,0,0,,,,,,,,,
2004,66.83,missing_tag,0,0,,,,,,,,,
2005,66.86333333333334,missing_tag,0,0,,,,,,,,,
2006,66.89833333333334,missing_tag,0,0,,,,,,,,,
2007,66.93166666666667,missing_tag,1,0,,,,,,,,,
2008,66.965,missing_tag,0,0,,,,,,,,,
2009,66.99833333333333,missing_tag,0,0,,,,,,,,,
2010,67.03166666666667,missing_tag,0,0,,,,,,,,,
2011,67.065,missing_tag,0,0,,,,,,,,,
2012,67.09833333333334,missing_tag,0,0,,,,,,,,,
2013,67.13166666666667,missing_tag,0,0,,,,,,,,,
2014,67.165,missing_tag,0,0,,,,,,,,,
2015,67.19833333333334,missing_tag,0,0,,,,,,,,,
2016,67.23166666666667,missing_tag,0,0,,,,,,,,,
2017,67.265,missing_tag,0,0,,,,,,,,,
2018,67.29833333333333,missing_tag,0,0,,,,,,,,,
2019,67.33166666666668,missing_tag,0,0,,,,,,,,,
2020,67.36500000000001,missing_tag,0,0,,,,,,,,,
2021,67.39833333333334,missing_tag,0,0,,,,,,,,,
2022,67.43166666666667,missing_tag,0,0,,,,,,,,,
2023,67.465,missing_tag,0,0,,,,,,,,,
2024,67.49833333333333,missing_tag,0,0,,,,,,,,,
2025,67.53166666666667,missing_tag,0,0,,,,,,,,,
2026,67.565,missing_tag,0,0,,,,,,,,,
2027,67.59833333333334,missing_tag,0,0,,,,,,,,,
2028,67.63166666666667,missing_tag,0,0,,,,,,,,,
2029,67.665,missing_tag,0,0,,,,,,,,,
2030,67.69833333333334,missing_tag,0,0,,,,,,,,,
2031,67.73166666666667,missing_tag,0,0,,,,,,,,,
2032,67.765,missing_tag,0,0,,,,,,,,,
2033,67.79833333333333,missing_tag,0,0,,,,,,,,,
2034,67.83166666666668,missing_tag,0,0,,,,,,,,,
2035,67.86500000000001,missing_tag,0,0,,,,,,,,,
2036,67.89833333333334,missing_tag,0,0,,,,,,,,,
2037,67.93166666666667,missing_tag,0,0,,,,,,,,,
2038,67.965,missing_tag,0,0,,,,,,,,,
2039,67.99833333333333,missing_tag,1,0,,,,,,,,,
2040,68.03166666666667,missing_tag,0,0,,,,,,,,,
2041,68.065,missing_tag,0,0,,,,,,,,,
2042,68.09833333333334,missing_tag,0,0,,,,,,,,,
2043,68.13166666666667,missing_tag,0,0,,,,,,,,,
2044,68.165,missing_tag,0,0,,,,,,,,,
2045,68.19833333333334,missing_tag,0,0,,,,,,,,,
2046,68.23166666666667,missing_tag,0,0,,,,,,,,,
2047,68.265,missing_tag,0,0,,,,,,,,,
2048,68.29833333333333,missing_tag,0,0,,,,,,,,,
2049,68.33166666666668,missing_tag,0,0,,,,,,,,,
2050,68.36500000000001,missing_tag,0,0,,,,,,,,,
2051,68.39833333333334,missing_tag,0,0,,,,,,,,,
2052,68.43166666666667,missing_tag,0,0,,,,,,,,,
2053,68.465,missing_tag,1,0,,,,,,,,,
2054,68.49833333333333,missing_tag,0,0,,,,,,,,,
2055,68.53166666666667,missing_tag,0,0,,,,,,,,,
2056,68.565,tracked,0,1,0.12790003401599664,0.026136864752478062,-0.5246013862931516,0.14184346975294612,-0.14341487319105406,-1.684231292457748,0.20311725051698765,-0.47271471457402625,0.5620444913569188
2057,68.59833333333334,tracked,0,1,0.37120156861501,0.08680726531520183,-0.5367989653254759,0.1413255096971983,-0.15237532224121503,-1.665881051474991,0.20451888015889683,-0.47528571004099623,0.5756251103746157
2058,68.63166666666667,tracked,0,1,0.31636157401898773,0.07883568721584167,-0.5255533532006021,0.142548299658261,-0.1454800710838891,-1.678448978678811,0.2020901185710978,-0.46577990676675707,0.5636406620165295
2059,68.665,tracked,0,1,0.3344915957626421,0.11034539635511686,-0.5320187461598763,0.14171894338030044,-0.14957907175531426,-1.6690697173338345,0.19711947548300135,-0.46884009983314623,0.5705279168327674
2060,68.69833333333334,missing_tag,0,0,,,,,,,,,
2061,68.73166666666667,missing_tag,0,0,,,,,,,,,
2062,68.765,missing_tag,0,0,,,,,,,,,
2063,68.79833333333333,missing_tag,0,0,,,,,,,,,
2064,68.83166666666668,missing_tag,0,0,,,,,,,,,
2065,68.86500000000001,missing_tag,0,0,,,,,,,,,
2066,68.89833333333334,missing_tag,1,0,,,,,,,,,
2067,68.93166666666667,tracked,1,1,0.08308300611922931,0.1664447637923109,-0.5406250856093594,0.1636578596693371,-0.1831388106900449,-1.5538040233762331,0.21633563637337644,-0.5243262404906487,0.5938006418004613
2068,68.965,missing_tag,0,0,,,,,,,,,
2069,68.99833333333333,tracked,0,1,0.2117359661508798,0.0754419643333582,-0.5365074751065344,0.1441965609169965,-0.15119454218203737,-1.6590533399929386,0.20427968732047583,-0.47077687193312656,0.5757540348196559
2070,69.03166666666667,tracked,0,1,0.33478134101127427,0.11030250317401896,-0.5390689929127035,0.14359105293654068,-0.152071329389517,-1.6547312963239067,0.20643286208640885,-0.4713280791315643,0.5782209429151073
2071,69.065,missing_tag,1,0,,,,,,,,,
2072,69.09833333333334,tracked,0,1,0.23418480972166655,0.036001787227077364,-0.5397658701976372,0.1452089399287133,-0.15218178760788487,-1.654353048027192,0.2066962665090113,-0.4692226214979264,0.5793031394226728
2073,69.13166666666667,tracked,1,1,0.24933849642008657,0.03748721444147082,-0.5484702158887347,0.16378179674281684,-0.1764917144934588,-1.5539592408715655,0.23861590538646196,-0.5040103908237401,0.598993639320303
2074,69.165,missing_tag,0,0,,,,,,,,,
2075,69.19833333333334,missing_tag,1,0,,,,,,,,,
2076,69.23166666666667,tracked,1,1,0.2279536239998979,0.0028620752386493697,-0.5526203689174608,0.16262347908422023,-0.17203521268276678,-1.56471781204883,0.24769997556822154,-0.4961437162037997,0.6011919680890049
2077,69.265,missing_tag,1,0,,,,,,,,,
2078,69.29833333333333,missing_tag,0,0,,,,,,,,,
2079,69.33166666666668,tracked,0,1,0.1251675596984985,0.027195507852152384,-0.5423955564760921,0.14572679217899914,-0.15238146323038615,-1.6493417074606629,0.21214847304841014,-0.4709080457951997,0.5819358624281754
2080,69.36500000000001,missing_tag,0,0,,,,,,,,,
2081,69.39833333333334,tracked,1,1,0.2402174456705689,0.0762867439109523,-0.5527121665951944,0.16046054401116813,-0.16857249037945438,-1.5711504043885753,0.24329334660802365,-0.4949458588467393,0.5997124392568868
2082,69.43166666666667,tracked,1,1,0.20548867796783943,0.0953894921457335,-0.5551194197983664,0.16043280375549052,-0.16903604339364442,-1.571591319325926,0.2504622643328147,-0.4866671459129729,0.6020543486466157
2083,69.465,tracked,1,1,0.2165357729498,0.05809725781841682,-0.5505757765353363,0.16028096061909258,-0.1628588279457699,-1.5794706000313035,0.25601875830157395,-0.4828450188880994,0.5961096123066105
2084,69.49833333333333,tracked,1,1,0.16708796032495937,0.013276497068798077,-0.5591961314293705,0.1607440492342274,-0.1680225332146732,-1.5703059401343975,0.2602917190108327,-0.48522327245074864,0.605615830735678
2085,69.53166666666667,tracked,1,1,0.19459779084930365,0.09922827809592513,-0.5514834740539943,0.16312376660586467,-0.16332368512982676,-1.5639688839010004,0.26026562669666864,-0.48330716638156757,0.5978444710045699
2086,69.565,tracked,1,1,0.33577851475724674,0.0879495254863818,-0.5609103874147694,0.16036167315372862,-0.16847187296631283,-1.5694254448142007,0.26371354820671966,-0.48342960246403,0.6072224476312017
2087,69.59833333333334,tracked,0,1,0.22935685701330485,0.00578855688440208,-0.5470677148756404,0.14478238754270797,-0.15472914269405696,0.4232645942896905,1.036792284081189,-1.622835976854537,0.5866737866997807
2088,69.63166666666667,tracked,0,1,0.3306486346940182,0.05798451352186729,-0.5421679582864363,0.14652644074804413,-0.15097731550432153,-1.644299789273892,0.2027304042358824,-0.472702447030942,0.5815584601978243
2089,69.665,tracked,0,1,0.28231834090584396,0.08691677200293618,-0.54148770118605,0.14684481368209934,-0.15102111860710504,-1.6443791708221933,0.20654848872029302,-0.4709035769162965,0.5810160996964067
2090,69.69833333333334,tracked,1,1,0.3322345416268483,0.08738363538762928,-0.5500004112833912,0.159491830885022,-0.15948989895144622,-1.5821265244767069,0.252779429100286,-0.4802363425154076,0.5944536351966387
2091,69.73166666666667,missing_tag,1,0,,,,,,,,,
2092,69.765,missing_tag,1,0,,,,,,,,,
2093,69.79833333333333,tracked,0,1,0.20749292770391467,0.07027835836694432,-0.5439640241787392,0.1460960326018353,-0.1551799062642769,-1.6405840513293566,0.20423006030026186,-0.47680801017056146,0.5842274502716509
2094,69.83166666666668,tracked,0,1,0.25818010006243264,0.09888438338838362,-0.5440309106939296,0.14670560979621253,-0.15425124204766583,-1.643652544015653,0.20954267266780854,-0.47600164367932213,0.5841965537465901
2095,69.86500000000001,tracked,1,1,0.17761090253433967,0.06426763732666516,-0.5530482359085012,0.15879948785526865,-0.16829742840110284,-1.5761849125966534,0.24560539387747635,-0.4875434876683985,0.5995028381842951
2096,69.89833333333334,tracked,1,1,0.2693087810732938,0.05235646172236569,-0.5583409790325606,0.15801146152718432,-0.1727938319528044,-1.5727734399858642,0.24912027746683968,-0.4904528798474415,0.6054502285092715
2097,69.93166666666667,missing_tag,0,0,,,,,,,,,
2098,69.965,missing_tag,0,0,,,,,,,,,
2099,69.99833333333333,missing_tag,1,0,,,,,,,,,
2100,70.03166666666667,tracked,1,1,0.283195030228572,0.07832647236368184,-0.5563292095787504,0.15589982047485915,-0.17540992526214982,-1.5762155131067976,0.23098368282563528,-0.49729313238338585,0.603800948438377
2101,70.065,tracked,0,1,0.32762586336956373,0.06058264355761178,-0.5423276297471652,0.1438885867527204,-0.15497948278566087,-1.6504042993392023,0.209807160106946,-0.47089343315868876,0.5821012141109004
2102,70.09833333333334,missing_tag,0,0,,,,,,,,,
2103,70.13166666666667,missing_tag,1,0,,,,,,,,,
2104,70.165,tracked,0,1,0.23507524472635727,0.036888401916717994,-0.5458381487409982,0.14287015301379205,-0.1590486388610597,-1.6524987229195305,0.20986763486984217,-0.4754407883802052,0.5862146661136518
2105,70.19833333333334,missing_tag,1,0,,,,,,,,,
2106,70.23166666666667,missing_tag,1,0,,,,,,,,,
2107,70.265,missing_tag,0,0,,,,,,,,,
2108,70.29833333333333,missing_tag,1,0,,,,,,,,,
2109,70.33166666666668,missing_tag,0,0,,,,,,,,,
2110,70.36500000000001,missing_tag,1,0,,,,,,,,,
2111,70.39833333333334,missing_tag,0,0,,,,,,,,,
2112,70.43166666666667,missing_tag,0,0,,,,,,,,,
2113,70.465,missing_tag,0,0,,,,,,,,,
2114,70.49833333333333,missing_tag,0,0,,,,,,,,,
2115,70.53166666666667,missing_tag,0,0,,,,,,,,,
2116,70.56666666666668,missing_tag,0,0,,,,,,,,,
2117,70.60000000000001,missing_tag,0,0,,,,,,,,,
2118,70.63333333333334,missing_tag,0,0,,,,,,,,,
2119,70.66666666666667,missing_tag,0,0,,,,,,,,,
2120,70.7,missing_tag,0,0,,,,,,,,,
2121,70.73333333333333,missing_tag,0,0,,,,,,,,,
2122,70.76666666666667,tracked,1,1,0.26491350773240757,0.04437870600470273,-0.5448726385082096,0.1486641386192289,-0.21849395576154274,-1.5565736853294827,0.1652814063191173,-0.5437073165900839,0.6055797445511386
2123,70.80000000000001,missing_tag,0,0,,,,,,,,,
2124,70.83333333333334,missing_tag,0,0,,,,,,,,,
2125,70.86666666666667,tracked,0,1,0.22241238049467435,0.09647586195549937,-0.533133301956003,0.13922475163583195,-0.15689055650190664,-1.6689940029577577,0.20462028193759696,-0.4745889823908077,0.572912991510969
2126,70.9,tracked,0,1,0.2785421005622085,0.037965370514161156,-0.5360198036112218,0.13759157569097144,-0.16001201392597314,-1.6686366845748808,0.2005863009346358,-0.472132908814568,0.5760664164531577
2127,70.93333333333334,missing_tag,0,0,,,,,,,,,
2128,70.96666666666667,missing_tag,0,0,,,,,,,,,
2129,71.0,missing_tag,0,0,,,,,,,,,
2130,71.03333333333333,missing_tag,0,0,,,,,,,,,
2131,71.06666666666668,missing_tag,0,0,,,,,,,,,
2132,71.10000000000001,missing_tag,0,0,,,,,,,,,
2133,71.13333333333334,missing_tag,0,0,,,,,,,,,
2134,71.16666666666667,missing_tag,0,0,,,,,,,,,
2135,71.2,missing_tag,0,0,,,,,,,,,
2136,71.23333333333333,missing_tag,0,0,,,,,,,,,
2137,71.26666666666667,missing_tag,0,0,,,,,,,,,
2138,71.30000000000001,missing_tag,0,0,,,,,,,,,
2139,71.33333333333334,missing_tag,0,0,,,,,,,,,
2140,71.36666666666667,missing_tag,0,0,,,,,,,,,
2141,71.4,missing_tag,0,0,,,,,,,,,
2142,71.43333333333334,missing_tag,0,0,,,,,,,,,
2143,71.46666666666667,missing_tag,0,0,,,,,,,,,
2144,71.5,missing_tag,0,0,,,,,,,,,
2145,71.53333333333333,missing_tag,0,0,,,,,,,,,
2146,71.56666666666668,missing_tag,0,0,,,,,,,,,
2147,71.60000000000001,missing_tag,0,0,,,,,,,,,
2148,71.63333333333334,missing_tag,0,0,,,,,,,,,
2149,71.66666666666667,missing_tag,0,0,,,,,,,,,
2150,71.7,missing_tag,0,0,,,,,,,,,
2151,71.73333333333333,missing_tag,0,0,,,,,,,,,
2152,71.76666666666667,missing_tag,0,0,,,,,,,,,
2153,71.80000000000001,missing_tag,0,0,,,,,,,,,
2154,71.83333333333334,missing_tag,0,0,,,,,,,,,
2155,71.86666666666667,missing_tag,0,0,,,,,,,,,
2156,71.9,missing_tag,0,0,,,,,,,,,
2157,71.93333333333334,missing_tag,0,0,,,,,,,,,
2158,71.96666666666667,missing_tag,0,0,,,,,,,,,
2159,72.0,missing_tag,0,0,,,,,,,,,
2160,72.03333333333333,missing_tag,0,0,,,,,,,,,
2161,72.06666666666668,missing_tag,0,0,,,,,,,,,
2162,72.10000000000001,missing_tag,0,0,,,,,,,,,
2163,72.13333333333334,missing_tag,0,0,,,,,,,,,
2164,72.16666666666667,missing_tag,0,0,,,,,,,,,
2165,72.2,missing_tag,0,0,,,,,,,,,
2166,72.23333333333333,missing_tag,0,0,,,,,,,,,
2167,72.26666666666667,missing_tag,0,0,,,,,,,,,
2168,72.30000000000001,missing_tag,0,0,,,,,,,,,
2169,72.33333333333334,missing_tag,0,0,,,,,,,,,
2170,72.36666666666667,missing_tag,0,0,,,,,,,,,
2171,72.4,missing_tag,0,0,,,,,,,,,
2172,72.43333333333334,missing_tag,0,0,,,,,,,,,
2173,72.46666666666667,missing_tag,0,0,,,,,,,,,
2174,72.5,missing_tag,0,0,,,,,,,,,
2175,72.53333333333333,missing_tag,0,0,,,,,,,,,
2176,72.56666666666668,missing_tag,0,0,,,,,,,,,
2177,72.60000000000001,missing_tag,0,0,,,,,,,,,
2178,72.63333333333334,missing_tag,0,0,,,,,,,,,
2179,72.66666666666667,missing_tag,0,0,,,,,,,,,
2180,72.7,missing_tag,0,0,,,,,,,,,
2181,72.73333333333333,missing_tag,0,0,,,,,,,,,
2182,72.76666666666667,missing_tag,0,0,,,,,,,,,
2183,72.80000000000001,missing_tag,0,0,,,,,,,,,
2184,72.83333333333334,missing_tag,0,0,,,,,,,,,
2185,72.86666666666667,missing_tag,0,0,,,,,,,,,
2186,72.9,missing_tag,0,0,,,,,,,,,
2187,72.93333333333334,missing_tag,0,0,,,,,,,,,
2188,72.96666666666667,missing_tag,0,0,,,,,,,,,
2189,73.0,missing_tag,0,0,,,,,,,,,
2190,73.03333333333333,missing_tag,0,0,,,,,,,,,
2191,73.06666666666668,missing_tag,0,0,,,,,,,,,
2192,73.10000000000001,missing_tag,0,0,,,,,,,,,
2193,73.13333333333334,missing_tag,0,0,,,,,,,,,
2194,73.16666666666667,missing_tag,0,0,,,,,,,,,
2195,73.2,missing_tag,0,0,,,,,,,,,
2196,73.23333333333333,missing_tag,0,0,,,,,,,,,
2197,73.26666666666667,missing_tag,0,0,,,,,,,,,
2198,73.30000000000001,missing_tag,0,0,,,,,,,,,
2199,73.33333333333334,missing_tag,0,0,,,,,,,,,
2200,73.36666666666667,missing_tag,0,0,,,,,,,,,
2201,73.4,missing_tag,0,0,,,,,,,,,
2202,73.43333333333334,missing_tag,0,0,,,,,,,,,
2203,73.46666666666667,missing_tag,0,0,,,,,,,,,
2204,73.5,missing_tag,0,0,,,,,,,,,
2205,73.53333333333333,missing_tag,0,0,,,,,,,,,
2206,73.56666666666668,missing_tag,0,0,,,,,,,,,
2207,73.60000000000001,missing_tag,0,0,,,,,,,,,
2208,73.63333333333334,missing_tag,0,0,,,,,,,,,
2209,73.66666666666667,missing_tag,0,0,,,,,,,,,
2210,73.7,missing_tag,0,0,,,,,,,,,
2211,73.73333333333333,missing_tag,0,0,,,,,,,,,
2212,73.76666666666667,missing_tag,0,0,,,,,,,,,
2213,73.80000000000001,missing_tag,0,0,,,,,,,,,
2214,73.83333333333334,missing_tag,0,0,,,,,,,,,
2215,73.86666666666667,missing_tag,0,0,,,,,,,,,
2216,73.9,missing_tag,0,0,,,,,,,,,
2217,73.93333333333334,missing_tag,0,0,,,,,,,,,
2218,73.96666666666667,missing_tag,0,0,,,,,,,,,
2219,74.0,missing_tag,0,0,,,,,,,,,
2220,74.03333333333333,missing_tag,0,0,,,,,,,,,
2221,74.06666666666668,missing_tag,0,0,,,,,,,,,
2222,74.10000000000001,missing_tag,1,0,,,,,,,,,
2223,74.135,missing_tag,0,0,,,,,,,,,
2224,74.16833333333334,missing_tag,0,0,,,,,,,,,
2225,74.20166666666667,missing_tag,0,0,,,,,,,,,
2226,74.235,missing_tag,0,0,,,,,,,,,
2227,74.26833333333335,missing_tag,0,0,,,,,,,,,
2228,74.30166666666668,missing_tag,0,0,,,,,,,,,
2229,74.33500000000001,missing_tag,1,0,,,,,,,,,
2230,74.36833333333334,missing_tag,1,0,,,,,,,,,
2231,74.40166666666667,missing_tag,1,0,,,,,,,,,
2232,74.435,missing_tag,1,0,,,,,,,,,
2233,74.46833333333333,missing_tag,1,0,,,,,,,,,
2234,74.50166666666667,missing_tag,1,0,,,,,,,,,
2235,74.53500000000001,missing_tag,0,0,,,,,,,,,
2236,74.56833333333334,missing_tag,1,0,,,,,,,,,
2237,74.60166666666667,missing_tag,1,0,,,,,,,,,
2238,74.635,missing_tag,0,0,,,,,,,,,
2239,74.66833333333334,missing_tag,0,0,,,,,,,,,
2240,74.70166666666667,missing_tag,0,0,,,,,,,,,
2241,74.735,missing_tag,0,0,,,,,,,,,
2242,74.76833333333335,missing_tag,0,0,,,,,,,,,
2243,74.80166666666668,missing_tag,1,0,,,,,,,,,
2244,74.83500000000001,missing_tag,0,0,,,,,,,,,
2245,74.86833333333334,missing_tag,0,0,,,,,,,,,
2246,74.90166666666667,missing_tag,1,0,,,,,,,,,
2247,74.935,missing_tag,1,0,,,,,,,,,
2248,74.96833333333333,missing_tag,0,0,,,,,,,,,
2249,75.00166666666667,missing_tag,1,0,,,,,,,,,
2250,75.03500000000001,missing_tag,1,0,,,,,,,,,
2251,75.06833333333334,missing_tag,1,0,,,,,,,,,
2252,75.10166666666667,missing_tag,0,0,,,,,,,,,
2253,75.135,missing_tag,1,0,,,,,,,,,
2254,75.16833333333334,missing_tag,0,0,,,,,,,,,
2255,75.20166666666667,missing_tag,1,0,,,,,,,,,
2256,75.235,missing_tag,1,0,,,,,,,,,
2257,75.26833333333335,missing_tag,0,0,,,,,,,,,
2258,75.30166666666668,missing_tag,1,0,,,,,,,,,
2259,75.33500000000001,missing_tag,1,0,,,,,,,,,
2260,75.36833333333334,missing_tag,1,0,,,,,,,,,
2261,75.40166666666667,missing_tag,0,0,,,,,,,,,
2262,75.435,missing_tag,0,0,,,,,,,,,
2263,75.46833333333333,missing_tag,1,0,,,,,,,,,
2264,75.50166666666667,missing_tag,1,0,,,,,,,,,
2265,75.53500000000001,missing_tag,1,0,,,,,,,,,
2266,75.56833333333334,missing_tag,0,0,,,,,,,,,
2267,75.60166666666667,missing_tag,0,0,,,,,,,,,
2268,75.635,missing_tag,0,0,,,,,,,,,
2269,75.66833333333334,missing_tag,0,0,,,,,,,,,
2270,75.70166666666667,missing_tag,1,0,,,,,,,,,
2271,75.735,missing_tag,1,0,,,,,,,,,
2272,75.76833333333335,missing_tag,0,0,,,,,,,,,
2273,75.80166666666668,missing_tag,0,0,,,,,,,,,
2274,75.83500000000001,missing_tag,0,0,,,,,,,,,
2275,75.86833333333334,missing_tag,1,0,,,,,,,,,
2276,75.90166666666667,missing_tag,1,0,,,,,,,,,
2277,75.935,missing_tag,1,0,,,,,,,,,
2278,75.96833333333333,missing_tag,1,0,,,,,,,,,
2279,76.00166666666667,missing_tag,0,0,,,,,,,,,
2280,76.03500000000001,missing_tag,0,0,,,,,,,,,
2281,76.06833333333334,missing_tag,1,0,,,,,,,,,
2282,76.10166666666667,missing_tag,0,0,,,,,,,,,
2283,76.135,missing_tag,0,0,,,,,,,,,
2284,76.16833333333334,missing_tag,0,0,,,,,,,,,
2285,76.20166666666667,missing_tag,1,0,,,,,,,,,
2286,76.235,missing_tag,1,0,,,,,,,,,
2287,76.26833333333335,missing_tag,0,0,,,,,,,,,
2288,76.30166666666668,missing_tag,1,0,,,,,,,,,
2289,76.33500000000001,missing_tag,1,0,,,,,,,,,
2290,76.36833333333334,missing_tag,0,0,,,,,,,,,
2291,76.40166666666667,missing_tag,0,0,,,,,,,,,
2292,76.435,missing_tag,1,0,,,,,,,,,
2293,76.46833333333333,missing_tag,1,0,,,,,,,,,
2294,76.50166666666667,missing_tag,1,0,,,,,,,,,
2295,76.53500000000001,missing_tag,1,0,,,,,,,,,
2296,76.56833333333334,missing_tag,1,0,,,,,,,,,
2297,76.60166666666667,missing_tag,1,0,,,,,,,,,
2298,76.635,missing_tag,1,0,,,,,,,,,
2299,76.66833333333334,missing_tag,1,0,,,,,,,,,
2300,76.70166666666667,missing_tag,1,0,,,,,,,,,
2301,76.735,missing_tag,1,0,,,,,,,,,
2302,76.76833333333335,missing_tag,1,0,,,,,,,,,
2303,76.80166666666668,missing_tag,1,0,,,,,,,,,
2304,76.83500000000001,missing_tag,1,0,,,,,,,,,
2305,76.86833333333334,missing_tag,1,0,,,,,,,,,
2306,76.90166666666667,missing_tag,0,0,,,,,,,,,
2307,76.935,missing_tag,0,0,,,,,,,,,
2308,76.96833333333333,missing_tag,1,0,,,,,,,,,
2309,77.00166666666667,missing_tag,1,0,,,,,,,,,
2310,77.03500000000001,missing_tag,0,0,,,,,,,,,
2311,77.06833333333334,missing_tag,1,0,,,,,,,,,
2312,77.10166666666667,missing_tag,1,0,,,,,,,,,
2313,77.135,missing_tag,1,0,,,,,,,,,
2314,77.16833333333334,missing_tag,1,0,,,,,,,,,
2315,77.20166666666667,missing_tag,1,0,,,,,,,,,
2316,77.235,missing_tag,1,0,,,,,,,,,
2317,77.26833333333335,missing_tag,1,0,,,,,,,,,
2318,77.30166666666668,missing_tag,1,0,,,,,,,,,
2319,77.33500000000001,missing_tag,0,0,,,,,,,,,
2320,77.36833333333334,missing_tag,0,0,,,,,,,,,
2321,77.40166666666667,missing_tag,1,0,,,,,,,,,
2322,77.435,missing_tag,1,0,,,,,,,,,
2323,77.46833333333333,missing_tag,1,0,,,,,,,,,
2324,77.50166666666667,missing_tag,1,0,,,,,,,,,
2325,77.53500000000001,missing_tag,0,0,,,,,,,,,
2326,77.56833333333334,missing_tag,1,0,,,,,,,,,
2327,77.60166666666667,missing_tag,1,0,,,,,,,,,
2328,77.635,missing_tag,0,0,,,,,,,,,
2329,77.66833333333334,missing_tag,1,0,,,,,,,,,
2330,77.70166666666667,missing_tag,0,0,,,,,,,,,
2331,77.735,missing_tag,1,0,,,,,,,,,
2332,77.77000000000001,missing_tag,0,0,,,,,,,,,
2333,77.80333333333334,missing_tag,0,0,,,,,,,,,
2334,77.83666666666667,missing_tag,1,0,,,,,,,,,
2335,77.87,missing_tag,0,0,,,,,,,,,
2336,77.90333333333334,missing_tag,0,0,,,,,,,,,
2337,77.93666666666667,missing_tag,0,0,,,,,,,,,
2338,77.97,missing_tag,1,0,,,,,,,,,
2339,78.00333333333334,missing_tag,0,0,,,,,,,,,
2340,78.03666666666668,missing_tag,1,0,,,,,,,,,
2341,78.07000000000002,missing_tag,1,0,,,,,,,,,
2342,78.10333333333334,missing_tag,0,0,,,,,,,,,
2343,78.13666666666667,missing_tag,1,0,,,,,,,,,
2344,78.17,missing_tag,1,0,,,,,,,,,
2345,78.20333333333333,missing_tag,1,0,,,,,,,,,
2346,78.2366666666667,missing_tag,1,0,,,,,,,,,
2347,78.27000000000001,missing_tag,1,0,,,,,,,,,
2348,78.30333333333334,missing_tag,1,0,,,,,,,,,
2349,78.33666666666667,missing_tag,1,0,,,,,,,,,
2350,78.37,missing_tag,0,0,,,,,,,,,
2351,78.40333333333334,missing_tag,0,0,,,,,,,,,
2352,78.43666666666667,missing_tag,1,0,,,,,,,,,
2353,78.47,missing_tag,1,0,,,,,,,,,
2354,78.50333333333334,missing_tag,1,0,,,,,,,,,
2355,78.53666666666668,missing_tag,1,0,,,,,,,,,
2356,78.57000000000002,missing_tag,1,0,,,,,,,,,
2357,78.60333333333334,missing_tag,1,0,,,,,,,,,
2358,78.63666666666667,missing_tag,1,0,,,,,,,,,
2359,78.67,missing_tag,1,0,,,,,,,,,
2360,78.70333333333333,missing_tag,1,0,,,,,,,,,
2361,78.7366666666667,missing_tag,1,0,,,,,,,,,
2362,78.77000000000001,missing_tag,1,0,,,,,,,,,
2363,78.80333333333334,missing_tag,1,0,,,,,,,,,
2364,78.83666666666667,missing_tag,1,0,,,,,,,,,
2365,78.87,missing_tag,1,0,,,,,,,,,
2366,78.90333333333334,missing_tag,1,0,,,,,,,,,
2367,78.93666666666667,missing_tag,1,0,,,,,,,,,
2368,78.97,missing_tag,1,0,,,,,,,,,
2369,79.00333333333334,missing_tag,1,0,,,,,,,,,
2370,79.03666666666668,missing_tag,1,0,,,,,,,,,
2371,79.07000000000002,missing_tag,0,0,,,,,,,,,
2372,79.10333333333334,missing_tag,0,0,,,,,,,,,
2373,79.13666666666667,missing_tag,1,0,,,,,,,,,
2374,79.17,missing_tag,1,0,,,,,,,,,
2375,79.20333333333333,missing_tag,1,0,,,,,,,,,
2376,79.2366666666667,missing_tag,1,0,,,,,,,,,
2377,79.27000000000001,missing_tag,1,0,,,,,,,,,
2378,79.30333333333334,missing_tag,1,0,,,,,,,,,
2379,79.33666666666667,missing_tag,1,0,,,,,,,,,
2380,79.37,missing_tag,1,0,,,,,,,,,
2381,79.40333333333334,missing_tag,1,0,,,,,,,,,
2382,79.43666666666667,missing_tag,0,0,,,,,,,,,
2383,79.47,missing_tag,1,0,,,,,,,,,
2384,79.50333333333334,missing_tag,1,0,,,,,,,,,
2385,79.53666666666668,missing_tag,1,0,,,,,,,,,
2386,79.57000000000002,missing_tag,1,0,,,,,,,,,
2387,79.60333333333334,missing_tag,0,0,,,,,,,,,
2388,79.63666666666667,missing_tag,1,0,,,,,,,,,
2389,79.67,missing_tag,1,0,,,,,,,,,
2390,79.70333333333333,missing_tag,1,0,,,,,,,,,
2391,79.7366666666667,missing_tag,1,0,,,,,,,,,
2392,79.77000000000001,missing_tag,1,0,,,,,,,,,
2393,79.80333333333334,missing_tag,1,0,,,,,,,,,
2394,79.83666666666667,missing_tag,1,0,,,,,,,,,
2395,79.87,missing_tag,1,0,,,,,,,,,
2396,79.90333333333334,missing_tag,1,0,,,,,,,,,
2397,79.93666666666667,missing_tag,1,0,,,,,,,,,
2398,79.97,missing_tag,1,0,,,,,,,,,
2399,80.00333333333334,missing_tag,1,0,,,,,,,,,
2400,80.03666666666668,missing_tag,1,0,,,,,,,,,
2401,80.07000000000002,missing_tag,1,0,,,,,,,,,
2402,80.10333333333334,missing_tag,1,0,,,,,,,,,
2403,80.13666666666667,missing_tag,1,0,,,,,,,,,
2404,80.17,missing_tag,1,0,,,,,,,,,
2405,80.20333333333333,missing_tag,1,0,,,,,,,,,
2406,80.2366666666667,missing_tag,0,0,,,,,,,,,
