time,desired_x,desired_y,desired_z
0.000000000000000000e+00,-2.084646605658239116e-01,0.000000000000000000e+00,1.173279475729640531e+00
5.000000000000000278e-02,-2.083120627819812776e-01,1.006512668742760158e-03,1.172191353791283364e+00
1.000000000000000056e-01,-2.082104398364813813e-01,1.761680013039459980e-03,1.171356292060741211e+00
1.499999999999999944e-01,-2.081597917293242783e-01,2.265502032890099465e-03,1.170774290538014295e+00
2.000000000000000111e-01,-2.081601184605099408e-01,2.517978728294678614e-03,1.170445349223102838e+00
2.500000000000000000e-01,-2.082386507597401848e-01,2.466469447283764493e-03,1.170324482829474766e+00
2.999999999999999889e-01,-2.083640713295347169e-01,2.035239024963949196e-03,1.170686798389044547e+00
3.499999999999999778e-01,-2.085027951749779118e-01,1.436342329257909957e-03,1.171267175058372967e+00
4.000000000000000222e-01,-2.086212373011542276e-01,8.818342280883240125e-04,1.171800491994020588e+00
4.500000000000000111e-01,-2.085421434893387493e-01,1.269519743324162842e-03,1.171651316936976217e+00
5.000000000000000000e-01,-2.085521378062072939e-01,2.232201010385029272e-03,1.171157945039776438e+00
5.500000000000000444e-01,-2.086175024743371909e-01,3.409984260094419978e-03,1.170557787450951404e+00
5.999999999999999778e-01,-2.087045197163056864e-01,4.442975723275827300e-03,1.170088255319031267e+00
6.500000000000000222e-01,-2.088068118597128930e-01,3.870493692501580409e-03,1.170577176292105781e+00
6.999999999999999556e-01,-2.088174128129321183e-01,3.331147899832431671e-03,1.171060040161561178e+00
7.500000000000000000e-01,-2.087324744294919432e-01,2.726795310558101544e-03,1.171540146862001475e+00
8.000000000000000444e-01,-2.085481485629209764e-01,1.959292889968308748e-03,1.172020796328030467e+00
8.499999999999999778e-01,-2.083165368277258567e-01,1.113600145891032074e-03,1.172364843702440762e+00
9.000000000000000222e-01,-2.082282229115096084e-01,1.019142010584651870e-03,1.172252596201019736e+00
9.499999999999999556e-01,-2.081942396866588163e-01,1.188974640060416754e-03,1.172043397463661707e+00
1.000000000000000000e+00,-2.081256200255600652e-01,1.136154190329571878e-03,1.172096591130261434e+00
1.050000000000000044e+00,-2.081888770445752546e-01,1.223601761281198613e-04,1.172724457505632145e+00
1.100000000000000089e+00,-2.082202491635063157e-01,-3.078151941951562864e-04,1.173137314140534571e+00
1.149999999999999911e+00,-2.081954095007327032e-01,-4.602757937226770548e-04,1.173425339318865612e+00
1.199999999999999956e+00,-2.080900311746338716e-01,-6.409254955368611992e-04,1.173678711324521728e+00
1.250000000000000000e+00,-2.079951544816698028e-01,-9.998843051624282420e-04,1.173857896611959717e+00
1.300000000000000044e+00,-2.079706053606807381e-01,-8.575941141304799578e-04,1.173732267866356649e+00
1.350000000000000089e+00,-2.079681457113131959e-01,-7.838756110075013883e-05,1.173182602575578937e+00
1.399999999999999911e+00,-2.079395374332135837e-01,1.473402715267017882e-03,1.172089678227493437e+00
1.449999999999999956e+00,-2.079737045228160219e-01,1.836525876170300251e-03,1.171840722531713119e+00
1.500000000000000000e+00,-2.080153340542974516e-01,1.747961599848115539e-03,1.172018980963700052e+00
1.550000000000000044e+00,-2.080831652539437138e-01,1.589300459091096606e-03,1.172381707889291080e+00
1.600000000000000089e+00,-2.081959373480406772e-01,1.742133026689879349e-03,1.172686157674322605e+00
1.649999999999999911e+00,-2.082856363593309501e-01,1.100073494377669468e-03,1.173372548160185991e+00
1.699999999999999956e+00,-2.083361143857715980e-01,9.214920530782598788e-04,1.173626255816788033e+00
1.750000000000000000e+00,-2.083492201585789017e-01,1.377719007927025261e-03,1.173304031332243369e+00
1.800000000000000044e+00,-2.083268024089690584e-01,2.640084664059336172e-03,1.172262625394666191e+00
1.850000000000000089e+00,-2.082053910568263111e-01,3.642840904855845253e-03,1.171195224016043035e+00
1.899999999999999911e+00,-2.080988402739119836e-01,3.613528092075110523e-03,1.170885174908613768e+00
1.949999999999999956e+00,-2.080400311778132783e-01,3.329630959855035387e-03,1.170879802816788828e+00
2.000000000000000000e+00,-2.080618448861173142e-01,3.568634242333529327e-03,1.170726432484978430e+00
2.049999999999999822e+00,-2.080980520342131657e-01,3.504356883543079549e-03,1.170777004267526289e+00
2.100000000000000089e+00,-2.081118266737917999e-01,3.290758041185649907e-03,1.170912083188903274e+00
2.149999999999999911e+00,-2.081068140130665489e-01,2.949490130992668026e-03,1.171117055368015469e+00
2.200000000000000178e+00,-2.080866592602507170e-01,2.502205568695556326e-03,1.171377306923769401e+00
2.250000000000000000e+00,-2.080223613370622004e-01,1.740513904381298105e-03,1.171916314896713107e+00
2.299999999999999822e+00,-2.079609578930411151e-01,1.072291098689018719e-03,1.172417776427769898e+00
2.350000000000000089e+00,-2.079156704754382690e-01,6.054674346382765910e-04,1.172790019328735722e+00
2.399999999999999911e+00,-2.079107222216303730e-01,5.639717294965652852e-04,1.172858537354546149e+00
2.450000000000000178e+00,-2.079064649451168589e-01,1.026716965508056969e-03,1.172533465185174428e+00
2.500000000000000000e+00,-2.079047507258076910e-01,1.175178848316164957e-03,1.172397613136402894e+00
2.549999999999999822e+00,-2.079122735858952298e-01,1.019791800573092771e-03,1.172441281806940738e+00
2.600000000000000089e+00,-2.079406266279044957e-01,6.710378931714866199e-04,1.172580187327967760e+00
2.649999999999999911e+00,-2.079573516898470531e-01,-1.188697298406638870e-04,1.173107571903510671e+00
2.700000000000000178e+00,-2.079781486513571920e-01,-3.123442263094963604e-04,1.173274116972963244e+00
2.750000000000000000e+00,-2.079908949969301313e-01,-1.886353721418842968e-04,1.173245959773264957e+00
2.799999999999999822e+00,-2.079725142877931754e-01,-3.439031651453697139e-04,1.173394782685040605e+00
2.850000000000000089e+00,-2.079405007397628902e-01,-3.987650568630650731e-04,1.173539463429240648e+00
2.899999999999999911e+00,-2.080060469145774138e-01,-4.267990739332884779e-04,1.173720178364621614e+00
2.950000000000000178e+00,-2.081323796579371832e-01,-3.967979719027850340e-04,1.173844728854050778e+00
3.000000000000000000e+00,-2.082452307202019015e-01,-2.432363373639330408e-04,1.173748222006574693e+00
3.049999999999999822e+00,-2.082983170424858033e-01,-1.347084171383247891e-04,1.173588525460206755e+00
3.100000000000000089e+00,-2.083060138867297573e-01,-4.365420981973525480e-05,1.173382010321850411e+00
3.149999999999999911e+00,-2.082662970028276161e-01,9.365596269778156966e-06,1.173162588670359385e+00
3.200000000000000178e+00,-2.081715800745992939e-01,-1.607133280357854834e-05,1.172985233351537815e+00
3.250000000000000000e+00,-2.080518351520444786e-01,-9.501470367145727969e-05,1.172998930714010068e+00
3.299999999999999822e+00,-2.080147494964920130e-01,-2.478231330510653253e-04,1.173153566698704298e+00
3.350000000000000089e+00,-2.080270787581507130e-01,-3.516404221385277615e-04,1.173296570969375008e+00
3.399999999999999911e+00,-2.080204795771882498e-01,-1.923195974336921576e-04,1.173174219355910708e+00
3.450000000000000178e+00,-2.080134676083466860e-01,-9.237422507551457530e-05,1.173077407238640513e+00
3.500000000000000000e+00,-2.080153916234369071e-01,-1.235709085759449872e-04,1.173037435581721244e+00
3.549999999999999822e+00,-2.080268844154841701e-01,-3.711413562644392443e-05,1.172934797114190131e+00
3.600000000000000089e+00,-2.080482546513993114e-01,6.055413881129320056e-04,1.172558961864668126e+00
3.649999999999999911e+00,-2.080571888293520910e-01,9.792480776130594797e-04,1.172332292928328190e+00
3.700000000000000178e+00,-2.080559157464410558e-01,1.000807416633036923e-03,1.172305653143195459e+00
3.750000000000000000e+00,-2.080655812650672731e-01,1.048851787953278530e-03,1.172254629954850413e+00
3.799999999999999822e+00,-2.081224127181048045e-01,1.780113983781550849e-03,1.171789365980993702e+00
3.850000000000000089e+00,-2.081353807075078111e-01,1.874460397590195461e-03,1.171735787967438602e+00
3.899999999999999911e+00,-2.081370038886369844e-01,1.596571939070036547e-03,1.171905409790042540e+00
3.950000000000000178e+00,-2.081274030944895159e-01,1.232512607024932550e-03,1.172147218972049210e+00
4.000000000000000000e+00,-2.081019911585001436e-01,1.230508333934094518e-03,1.172232254949495012e+00
4.049999999999999822e+00,-2.080835581194676043e-01,8.807339789274808237e-04,1.172420039145350756e+00
4.099999999999999645e+00,-2.080363746482495058e-01,3.416858659241350142e-04,1.172714631912195493e+00
4.150000000000000355e+00,-2.079940949975236375e-01,-3.217158006454532077e-05,1.172899624129895901e+00
4.200000000000000178e+00,-2.080189238819978581e-01,3.497058776469251463e-04,1.172600854247808355e+00
4.250000000000000000e+00,-2.080147089332418375e-01,4.680651413274385607e-04,1.172458681608194775e+00
4.299999999999999822e+00,-2.080293362915130173e-01,6.582251862842500908e-04,1.172223319589365431e+00
4.349999999999999645e+00,-2.080618595508344215e-01,9.116899057237560101e-04,1.171913960135176902e+00
4.400000000000000355e+00,-2.081052489493807611e-01,1.173099379384812558e-03,1.171592461710731392e+00
4.450000000000000178e+00,-2.081343518027349293e-01,1.382452587115507196e-03,1.171335384420121750e+00
4.500000000000000000e+00,-2.081351508844472842e-01,1.473884404810185548e-03,1.171222749178864042e+00
4.549999999999999822e+00,-2.081256242954485358e-01,1.465656388508516234e-03,1.171228800322301034e+00
4.599999999999999645e+00,-2.081377215028957783e-01,1.392736151815857082e-03,1.171304864700696280e+00
4.650000000000000355e+00,-2.080872722448954271e-01,1.186231574676066330e-03,1.171537885358967745e+00
4.700000000000000178e+00,-2.080499258967523080e-01,1.066747958350235158e-03,1.171673213225117749e+00
4.750000000000000000e+00,-2.080335525586538836e-01,1.055319123621766128e-03,1.171689474419821186e+00
4.799999999999999822e+00,-2.080426423882028863e-01,1.164009322687628925e-03,1.171577959518825374e+00
4.849999999999999645e+00,-2.080398245599482943e-01,1.113781165950261014e-03,1.171660262132678376e+00
4.900000000000000355e+00,-2.080348504157552292e-01,1.047798839707054933e-03,1.171732117311169219e+00
4.950000000000000178e+00,-2.080350905774044357e-01,9.752631409861954592e-04,1.171788330542705259e+00
5.000000000000000000e+00,-2.080520639898662261e-01,8.927775749763440776e-04,1.171846062916652054e+00
5.049999999999999822e+00,-2.080310959190969089e-01,7.719287471284793766e-04,1.171943200309346622e+00
5.099999999999999645e+00,-2.080457968031068083e-01,7.706045314633950313e-04,1.171925412930936661e+00
5.150000000000000355e+00,-2.080810147425633805e-01,8.386096782563386056e-04,1.171843438404794435e+00
5.200000000000000178e+00,-2.081022929731703719e-01,8.731183556616253522e-04,1.171800804817107133e+00
5.250000000000000000e+00,-2.081219787579304814e-01,1.045855935527145600e-03,1.171622277843155757e+00
5.299999999999999822e+00,-2.081217338785303350e-01,1.258064450955331814e-03,1.171376024565388807e+00
5.349999999999999645e+00,-2.081098538109516505e-01,1.481529044852939597e-03,1.171097035611265547e+00
5.400000000000000355e+00,-2.081023079922673102e-01,1.681685876570169352e-03,1.170834392875004015e+00
5.450000000000000178e+00,-2.080862816529435166e-01,1.792395315823704875e-03,1.170709400293695301e+00
5.500000000000000000e+00,-2.080974530226695485e-01,1.880150523670317316e-03,1.170623120387305871e+00
5.549999999999999822e+00,-2.081182890912325056e-01,1.882181109727370551e-03,1.170638556304690603e+00
5.599999999999999645e+00,-2.081147300706360503e-01,1.678838394429384324e-03,1.170880763115632384e+00
5.650000000000000355e+00,-2.081422847877667237e-01,1.714065887794536096e-03,1.170829446565477161e+00
5.700000000000000178e+00,-2.081630358537814307e-01,1.712684847930651165e-03,1.170812870520444804e+00
5.750000000000000000e+00,-2.081737934514927557e-01,1.663867649979434505e-03,1.170839841978339901e+00
5.799999999999999822e+00,-2.081736167897845491e-01,1.582957998390033478e-03,1.170884440560225670e+00
5.849999999999999645e+00,-2.081775401765768307e-01,1.521343931167044167e-03,1.170918807491197366e+00
5.900000000000000355e+00,-2.081915014747809378e-01,1.490762072619330331e-03,1.170936396984507022e+00
5.950000000000000178e+00,-2.082146818748179251e-01,1.497435478172561094e-03,1.170923310998648326e+00
6.000000000000000000e+00,-2.082453488784200835e-01,1.552195280146703065e-03,1.170855286221741620e+00
6.049999999999999822e+00,-2.082812632520309459e-01,1.615104795477306007e-03,1.170750797534856780e+00
6.099999999999999645e+00,-2.082922748791259382e-01,1.676797322374594520e-03,1.170654965820784099e+00
6.150000000000000355e+00,-2.082807886464085878e-01,1.714540394968683268e-03,1.170596109413381436e+00
6.200000000000000178e+00,-2.082537754900826710e-01,1.689720838058156533e-03,1.170618288946669860e+00
6.250000000000000000e+00,-2.082513917875601361e-01,1.793709921600611466e-03,1.170479967473595950e+00
6.299999999999999822e+00,-2.082463115024692502e-01,1.736266559874039038e-03,1.170549206994113245e+00
6.349999999999999645e+00,-2.082374358425171657e-01,1.530422063793399415e-03,1.170799493425777715e+00
6.400000000000000355e+00,-2.082262919220224662e-01,1.229301729386879372e-03,1.171146112385917037e+00
6.450000000000000178e+00,-2.082052077946822122e-01,6.793170701383719184e-04,1.171640923686000590e+00
6.500000000000000000e+00,-2.081436715585952280e-01,3.600217641228526939e-04,1.172071025059730598e+00
6.549999999999999822e+00,-2.080526640434122443e-01,3.204971134413812798e-04,1.172416734304537966e+00
6.599999999999999645e+00,-2.079534710163306044e-01,5.948219081292309288e-04,1.172668406199544266e+00
6.650000000000000355e+00,-2.079045622272570337e-01,6.822157903277902046e-04,1.172717555391524114e+00
6.700000000000000178e+00,-2.078600064637121103e-01,7.788078588790633148e-04,1.172858566240987832e+00
6.750000000000000000e+00,-2.078362649851574206e-01,8.376212349576954257e-04,1.173007475464959093e+00
6.799999999999999822e+00,-2.078683670842149944e-01,7.512008170258324506e-04,1.172983171349946563e+00
6.849999999999999645e+00,-2.079210092743154492e-01,1.960888242851310066e-04,1.173084877370252910e+00
6.900000000000000355e+00,-2.079745381615266120e-01,-2.464278876597298090e-04,1.173155888690033732e+00
6.950000000000000178e+00,-2.080255662543101514e-01,-5.474072778480071604e-04,1.173200292549129609e+00
7.000000000000000000e+00,-2.080681390420484611e-01,-6.717660488101361276e-04,1.173244121030757148e+00
7.049999999999999822e+00,-2.081014942817158708e-01,-1.054289228894996410e-03,1.173366403471479469e+00
7.099999999999999645e+00,-2.081057022847322135e-01,-1.269093062709921674e-03,1.173510057014675256e+00
7.150000000000000355e+00,-2.080910430907351727e-01,-1.299067012160345100e-03,1.173622843883957323e+00
7.200000000000000178e+00,-2.080979671418483334e-01,-1.315750741009839722e-03,1.173579609638440102e+00
7.250000000000000000e+00,-2.080706697296292040e-01,-1.587888987348885349e-03,1.173716910912784961e+00
7.299999999999999822e+00,-2.080302759115507938e-01,-1.626703381732163417e-03,1.173834720571005130e+00
7.349999999999999645e+00,-2.079814055138915208e-01,-1.508991136374453505e-03,1.173951726370004778e+00
7.400000000000000355e+00,-2.079260392766217047e-01,-1.719358246392416710e-03,1.174230948822330589e+00
7.450000000000000178e+00,-2.079021137628316307e-01,-1.385810837617929133e-03,1.174243605459659445e+00
7.500000000000000000e+00,-2.078966664725800939e-01,-1.122785962551865746e-03,1.174223155818672204e+00
7.549999999999999822e+00,-2.079030665063644201e-01,-1.052701228958682813e-03,1.174223307039221620e+00
7.599999999999999645e+00,-2.079091116742426693e-01,-1.214671144697002710e-03,1.174278198241179183e+00
7.650000000000000355e+00,-2.079181706623223214e-01,-1.806327375564477020e-03,1.174479170270211315e+00
7.700000000000000178e+00,-2.078990889995804836e-01,-2.054037976795256536e-03,1.174590157786821853e+00
7.750000000000000000e+00,-2.078519169810800760e-01,-1.971860270055963028e-03,1.174615819672756523e+00
7.799999999999999822e+00,-2.077924986436829047e-01,-2.005308589465144148e-03,1.174693783736349362e+00
7.849999999999999645e+00,-2.077747830490673797e-01,-1.295574961626647960e-03,1.174455386477769592e+00
7.900000000000000355e+00,-2.077677573732244209e-01,-6.157674632320134320e-04,1.174184152441811735e+00
7.950000000000000178e+00,-2.077699188075598502e-01,-1.055230564784091882e-04,1.173936013745127793e+00
8.000000000000000000e+00,-2.077938692899410911e-01,2.313853314366027397e-04,1.173724836722117359e+00
8.050000000000000711e+00,-2.078569850186811618e-01,4.238257909757619547e-04,1.173531159192352735e+00
8.099999999999999645e+00,-2.079063116512211151e-01,2.383283048218965642e-04,1.173551337316643961e+00
8.150000000000000355e+00,-2.079341908598183186e-01,-1.743960677887551613e-04,1.173719983587225846e+00
8.199999999999999289e+00,-2.079456311881537900e-01,-2.510355992724683846e-04,1.173743430457830028e+00
8.250000000000000000e+00,-2.079580675069993556e-01,-5.951144919455412640e-04,1.173873995156474059e+00
8.300000000000000711e+00,-2.079451534641706956e-01,-1.305778237599938916e-03,1.174258308503338011e+00
8.349999999999999645e+00,-2.079141810315466854e-01,-2.102384306179183680e-03,1.174732601828746503e+00
8.400000000000000355e+00,-2.079002376081837133e-01,-2.103718490894557289e-03,1.174736373630046682e+00
8.449999999999999289e+00,-2.079028505563914608e-01,-1.950933272488773046e-03,1.174681683821911626e+00
8.500000000000000000e+00,-2.078983713533054112e-01,-2.174349975994293097e-03,1.174864096678067016e+00
8.550000000000000711e+00,-2.078888352080418556e-01,-2.614736620625856579e-03,1.175182158540990507e+00
8.599999999999999645e+00,-2.078928087929036717e-01,-2.523308932160284873e-03,1.175181477777814454e+00
8.650000000000000355e+00,-2.078459233342882517e-01,-3.149255152938503985e-03,1.175624018013157634e+00
8.699999999999999289e+00,-2.077971596128521115e-01,-3.720994293869022470e-03,1.176079637451649784e+00
8.750000000000000000e+00,-2.077610986725728914e-01,-3.865298408305442059e-03,1.176292961947680960e+00
8.800000000000000711e+00,-2.077550371379985050e-01,-2.875865455055884486e-03,1.175729986923589321e+00
8.849999999999999645e+00,-2.077657084253646258e-01,-1.877623745469517418e-03,1.175110894066736744e+00
8.900000000000000355e+00,-2.078012769200493215e-01,-8.072103555118337759e-04,1.174440843977214932e+00
8.949999999999999289e+00,-2.078565120502848529e-01,1.340364896294438438e-04,1.173825685890762527e+00
9.000000000000000000e+00,-2.079122834781538809e-01,3.107594506946854810e-04,1.173578228836367421e+00
9.050000000000000711e+00,-2.078920340108359188e-01,-6.168183881258762621e-04,1.174094008611372253e+00
9.099999999999999645e+00,-2.078725509089498769e-01,-1.690968703302611403e-03,1.174731071501411650e+00
9.150000000000000355e+00,-2.078653220116003786e-01,-2.705656696180199286e-03,1.175339957966938575e+00
9.199999999999999289e+00,-2.078634933252078987e-01,-3.564115240245188405e-03,1.175822621509163834e+00
9.250000000000000000e+00,-2.078672124491244555e-01,-4.065408215317451758e-03,1.176094342907024304e+00
9.300000000000000711e+00,-2.078814063213638708e-01,-4.132439359084737543e-03,1.176119701905320669e+00
9.349999999999999645e+00,-2.079022322100066711e-01,-3.889555264773096512e-03,1.175949324662082685e+00
9.400000000000000355e+00,-2.079159118276069640e-01,-3.734606705947734855e-03,1.175744686619600410e+00
9.449999999999999289e+00,-2.079021369063230595e-01,-3.624219582722462002e-03,1.175587939731112419e+00
9.500000000000000000e+00,-2.078995511115946937e-01,-3.670033600555488214e-03,1.175518748992124385e+00
9.550000000000000711e+00,-2.079156264647416819e-01,-3.672898885715491796e-03,1.175425642992411701e+00
9.599999999999999645e+00,-2.079524012532001920e-01,-2.981259865648398007e-03,1.174956216971008827e+00
9.650000000000000355e+00,-2.079807121020576799e-01,-2.556454189026780878e-03,1.174690356934221747e+00
9.699999999999999289e+00,-2.079962175869214391e-01,-2.309296051544190535e-03,1.174562875624934222e+00
9.750000000000000000e+00,-2.079984127938559468e-01,-2.227016958160373157e-03,1.174545069142739262e+00
9.800000000000000711e+00,-2.079876281571122476e-01,-2.326167146809626600e-03,1.174591248875921368e+00
9.849999999999999645e+00,-2.079536287301792241e-01,-2.741027099683294652e-03,1.174893057806574159e+00
9.900000000000000355e+00,-2.079276487259907324e-01,-3.286852589354287424e-03,1.175223411446057353e+00
9.949999999999999289e+00,-2.079174725073258401e-01,-3.724851280938764383e-03,1.175438280099541100e+00
1.000000000000000000e+01,-2.079299431795088859e-01,-3.443160966738034040e-03,1.175228948819068142e+00
1.005000000000000071e+01,-2.078974371359710860e-01,-3.675333421018366249e-03,1.175382098386870133e+00
1.009999999999999964e+01,-2.078966130476651020e-01,-3.504333482783696368e-03,1.175306413718753662e+00
1.015000000000000036e+01,-2.079258118471199179e-01,-2.954762958324178793e-03,1.175005461699265785e+00
1.019999999999999929e+01,-2.079399971227645361e-01,-2.578708799642391233e-03,1.174799542095231075e+00
1.025000000000000000e+01,-2.079371106136773117e-01,-2.411820748181973690e-03,1.174723012101126951e+00
1.030000000000000071e+01,-2.079265174283488893e-01,-2.404882257577790807e-03,1.174721688939828645e+00
1.034999999999999964e+01,-2.079135991187505417e-01,-2.546140150955768407e-03,1.174780968548230442e+00
1.040000000000000036e+01,-2.079091611794454120e-01,-2.832988021154054029e-03,1.174889106649036119e+00
1.044999999999999929e+01,-2.078739107120031182e-01,-3.332579106135952034e-03,1.175127553002051295e+00
1.050000000000000000e+01,-2.078719841455085315e-01,-3.400602678850998383e-03,1.175122829197097429e+00
1.055000000000000071e+01,-2.078990144950394192e-01,-3.120128147949912095e-03,1.174930659677804634e+00
1.059999999999999964e+01,-2.079086474940506080e-01,-3.070701534248275293e-03,1.174909968836005625e+00
1.065000000000000036e+01,-2.078809911608151262e-01,-3.086682649493403818e-03,1.174938054987137326e+00
1.069999999999999929e+01,-2.077858760651444814e-01,-3.527544916158345013e-03,1.175271055961856437e+00
1.075000000000000000e+01,-2.077382666775912101e-01,-3.836258866167262423e-03,1.175534023194638067e+00
1.080000000000000071e+01,-2.080967069198208785e-01,-2.164515065938422793e-03,1.174475918111770545e+00
1.084999999999999964e+01,-2.083545525879841875e-01,-8.811500207711021014e-04,1.173592589690905852e+00
1.090000000000000036e+01,-2.085338827323221511e-01,4.610685977457160134e-05,1.172906327741782606e+00
1.094999999999999929e+01,-2.086302410185832956e-01,5.467384330343401117e-04,1.172466300774303694e+00
1.100000000000000000e+01,-2.086153498968134901e-01,3.781203313704733972e-04,1.172415591592617101e+00
1.105000000000000071e+01,-2.084068880884100694e-01,-1.729231029337584789e-04,1.172809561192022176e+00
1.109999999999999964e+01,-2.080847046185732852e-01,-1.081659546861174406e-03,1.173613683185136702e+00
1.115000000000000036e+01,-2.077898432691506203e-01,-1.799785034132274841e-03,1.174378017767907290e+00
1.119999999999999929e+01,-2.078980658466757503e-01,-7.094624940568641097e-04,1.173787111751909640e+00
1.125000000000000000e+01,-2.079183631848049718e-01,-3.141921553106493000e-04,1.173472190479334154e+00
1.130000000000000071e+01,-2.079533932141520991e-01,-1.077808725743459637e-04,1.173140602450083669e+00
1.134999999999999964e+01,-2.080136302975265361e-01,-4.531065068967214508e-05,1.172780633256026883e+00
1.140000000000000036e+01,-2.080757868180728720e-01,-2.718568538157010907e-04,1.172514080220641741e+00
1.144999999999999929e+01,-2.081162139044491488e-01,-2.507649911560399462e-04,1.172243237596673815e+00
1.150000000000000000e+01,-2.081460164192391604e-01,-1.935253852018667701e-04,1.172160648309567454e+00
1.155000000000000071e+01,-2.081774722555525259e-01,-9.729461297565934687e-05,1.172143113452461138e+00
1.159999999999999964e+01,-2.082410269139579329e-01,1.617272966925605124e-04,1.171724599857870253e+00
1.165000000000000036e+01,-2.082603842510036551e-01,3.459626484222188105e-04,1.171664556588728923e+00
1.169999999999999929e+01,-2.082244831418568198e-01,4.778272321198600127e-04,1.171886188562738074e+00
1.175000000000000000e+01,-2.081361138953373435e-01,5.535887865443670040e-04,1.172312200008931660e+00
1.180000000000000071e+01,-2.080351123308011030e-01,5.148313199024845931e-04,1.172639963965328214e+00
1.184999999999999964e+01,-2.079890351163580786e-01,4.251584159765162780e-04,1.172818542836763012e+00
1.190000000000000036e+01,-2.079855104624496742e-01,3.515143646643464990e-04,1.172816525522514697e+00
1.194999999999999929e+01,-2.080249651434281644e-01,3.792696939197147702e-04,1.172538353353300922e+00
1.200000000000000000e+01,-2.081296831302305306e-01,8.524922796340093575e-04,1.171529688276955916e+00
1.205000000000000071e+01,-2.081804736143470225e-01,1.152977012734748060e-03,1.170980466288633615e+00
1.209999999999999964e+01,-2.081896073031281325e-01,1.453592473665921017e-03,1.170637659063538782e+00
1.215000000000000036e+01,-2.081645995699172580e-01,1.762117463212888946e-03,1.170428982394238426e+00
1.219999999999999929e+01,-2.081269719969759957e-01,1.800284398596699569e-03,1.170412038974238289e+00
1.225000000000000000e+01,-2.081165810985317888e-01,1.663264129118388309e-03,1.170602896820720495e+00
1.230000000000000071e+01,-2.081402501791998205e-01,1.602362414304577161e-03,1.170684305965666416e+00
1.234999999999999964e+01,-2.081921350372929747e-01,1.681286429847413024e-03,1.170574169937711240e+00
1.240000000000000036e+01,-2.082249878564531587e-01,1.778277906171031857e-03,1.170417954420776674e+00
1.244999999999999929e+01,-2.082336040051824266e-01,1.662303636295020971e-03,1.170541304561819373e+00
1.250000000000000000e+01,-2.082404198650152083e-01,1.596836077150568401e-03,1.170556437106046621e+00
1.255000000000000071e+01,-2.082436258187441991e-01,1.607111923603802856e-03,1.170464087838151146e+00
1.259999999999999964e+01,-2.081917299980864944e-01,1.339019383779492881e-03,1.170996202304048550e+00
1.265000000000000036e+01,-2.081077787215726838e-01,1.001557566162219462e-03,1.171814501855414914e+00
1.269999999999999929e+01,-2.080450767082763774e-01,7.634237707051376746e-04,1.172567521188523365e+00
1.275000000000000000e+01,-2.080125910712252724e-01,6.530151462404716178e-04,1.173156467576767392e+00
1.280000000000000071e+01,-2.079591286492765145e-01,5.061261669924656172e-04,1.173695365174895144e+00
1.284999999999999964e+01,-2.079219737881035091e-01,4.094773900567989225e-04,1.174043881840826087e+00
1.290000000000000036e+01,-2.079111533742059870e-01,5.098920534544128420e-04,1.173990716865318085e+00
1.294999999999999929e+01,-2.079259393939610068e-01,8.103975152257150922e-04,1.173561509283876481e+00
1.300000000000000000e+01,-2.079418253798515637e-01,1.040896556815981049e-03,1.173318380940479466e+00
1.305000000000000071e+01,-2.079212699752657212e-01,1.116436378025361612e-03,1.173253150679938406e+00
1.309999999999999964e+01,-2.079053662532909796e-01,1.123407964089240393e-03,1.173248578005190890e+00
1.315000000000000036e+01,-2.079042366493123184e-01,1.072049234787060719e-03,1.173286866216601831e+00
1.319999999999999929e+01,-2.078969065877412925e-01,8.631260788361076481e-04,1.173483533133167445e+00
1.325000000000000000e+01,-2.078966722919750876e-01,7.089705373162689082e-04,1.173623416602410874e+00
1.330000000000000071e+01,-2.079052924799118518e-01,7.163882695365926838e-04,1.173601029448768207e+00
1.334999999999999964e+01,-2.079249047654616045e-01,9.098936441188128091e-04,1.173412090712331990e+00
1.340000000000000036e+01,-2.079633673716257125e-01,1.214421373070008296e-03,1.173240550627009826e+00
1.344999999999999929e+01,-2.080193419161542601e-01,1.466791347089346689e-03,1.172729748480454859e+00
1.350000000000000000e+01,-2.080772375264335061e-01,1.677978171917793911e-03,1.172235014622598159e+00
1.355000000000000071e+01,-2.081282394797365765e-01,1.822536715015213088e-03,1.171909448703888801e+00
1.359999999999999964e+01,-2.081526840597946182e-01,1.743078990262781182e-03,1.171934051845590297e+00
1.365000000000000036e+01,-2.081349334333633117e-01,1.463790880098013968e-03,1.172376768557706672e+00
1.369999999999999929e+01,-2.081262335196633895e-01,1.297606588574914911e-03,1.172640482691919672e+00
1.375000000000000000e+01,-2.081360994782907037e-01,1.316929239219122045e-03,1.172579367774492676e+00
1.380000000000000071e+01,-2.081210472147032586e-01,1.330733645418279111e-03,1.172513094088031727e+00
1.384999999999999964e+01,-2.081545336379644895e-01,1.474958422330599700e-03,1.171866741074929719e+00
1.390000000000000036e+01,-2.082192212688681876e-01,1.686476009891569022e-03,1.171125912711559192e+00
1.394999999999999929e+01,-2.082995358973556144e-01,1.913458552028518642e-03,1.170496288640995752e+00
1.400000000000000000e+01,-2.083397888860838987e-01,1.983283108272485343e-03,1.170214019183337228e+00
1.405000000000000071e+01,-2.083203400736332589e-01,1.765175196847963614e-03,1.170497165252732064e+00
1.409999999999999964e+01,-2.083011221455004225e-01,1.584115594644225876e-03,1.170744361136222267e+00
1.415000000000000036e+01,-2.082866307714359433e-01,1.489111056596360188e-03,1.170840571652484785e+00
1.419999999999999929e+01,-2.081902720845516808e-01,1.143516698537116408e-03,1.171272493213012078e+00
1.425000000000000000e+01,-2.081210962946152820e-01,9.089114086193924311e-04,1.171515091988832857e+00
1.430000000000000071e+01,-2.080850533175436223e-01,8.295366387000828066e-04,1.171694536159660904e+00
1.434999999999999964e+01,-2.080797827468914285e-01,9.243554608642306439e-04,1.171845166961598128e+00
1.440000000000000036e+01,-2.080788858738736313e-01,1.204414180988397018e-03,1.171926059902664852e+00
1.444999999999999929e+01,-2.080859916369673657e-01,1.483465561127471095e-03,1.172035911725233914e+00
1.450000000000000000e+01,-2.080994961335941584e-01,1.718092775367595056e-03,1.172162353773336330e+00
1.455000000000000071e+01,-2.081137313160154323e-01,1.875226842150346223e-03,1.172308108385602399e+00
1.459999999999999964e+01,-2.081000445454906089e-01,1.856792765737327183e-03,1.172509933769471102e+00
1.465000000000000036e+01,-2.080856892102519728e-01,1.766952644252343984e-03,1.172577023142136854e+00
1.469999999999999929e+01,-2.080711898826176354e-01,1.736588397725810249e-03,1.172574990381924476e+00
1.475000000000000000e+01,-2.080538805831705640e-01,1.779186342373726684e-03,1.172541905483987845e+00
1.480000000000000071e+01,-2.080181345045550578e-01,1.721606517687654121e-03,1.172570236371415220e+00
1.484999999999999964e+01,-2.080089065460409559e-01,1.706006678906860129e-03,1.172580748447034527e+00
1.490000000000000036e+01,-2.080161759422657075e-01,1.689768002914768599e-03,1.172596347561047692e+00
1.494999999999999929e+01,-2.080356528142636718e-01,1.678038701991214042e-03,1.172604629011319233e+00
1.500000000000000000e+01,-2.080611744380587436e-01,1.778328817835490329e-03,1.172494464140130255e+00
1.505000000000000071e+01,-2.080779823910317572e-01,1.876414879996969685e-03,1.172386224822102863e+00
1.509999999999999964e+01,-2.080887033352506743e-01,2.093673141891358360e-03,1.172218036853656109e+00
1.515000000000000036e+01,-2.080923547286172848e-01,2.384578727699922501e-03,1.172005635663701195e+00
1.519999999999999929e+01,-2.080790892892335209e-01,2.264819478380716497e-03,1.171954757392925872e+00
1.525000000000000000e+01,-2.080726745764073515e-01,1.939037076834998225e-03,1.171903947038793081e+00
1.530000000000000071e+01,-2.080675468118335647e-01,1.688545916693625802e-03,1.171892543273281184e+00
1.534999999999999964e+01,-2.080659965165713443e-01,1.612699957369120602e-03,1.171877322338089611e+00
1.540000000000000036e+01,-2.080908623627084897e-01,1.730127013072654645e-03,1.171544681272561395e+00
1.544999999999999929e+01,-2.081302148780147243e-01,1.969074026156754625e-03,1.171123705888003519e+00
1.550000000000000000e+01,-2.081619195854065019e-01,2.262013810928852064e-03,1.170750752852417920e+00
1.555000000000000071e+01,-2.081744205010725712e-01,2.516641727341386789e-03,1.170497193748108566e+00
1.559999999999999964e+01,-2.081458128720570511e-01,2.346833259155538167e-03,1.170498908297963325e+00
1.565000000000000036e+01,-2.081013432958321030e-01,1.910353003490349120e-03,1.170673639098525509e+00
1.569999999999999929e+01,-2.080488697777714835e-01,1.486821977038489976e-03,1.171016458590135922e+00
1.575000000000000000e+01,-2.079961491758770542e-01,1.159942772425856528e-03,1.171477000285992220e+00
1.580000000000000071e+01,-2.079718224807390048e-01,8.698585302933364155e-04,1.171775393355832140e+00
1.584999999999999964e+01,-2.079859529678793617e-01,7.178235010686113277e-04,1.171918363929280060e+00
1.590000000000000036e+01,-2.080128467498400802e-01,5.348858321154048188e-04,1.172033656056561624e+00
1.594999999999999929e+01,-2.080417684470030892e-01,3.940071198661949155e-04,1.172103886780497151e+00
1.600000000000000000e+01,-2.080604790271182447e-01,1.012451202433533193e-03,1.171798187918049683e+00
1.605000000000000071e+01,-2.080685138012806357e-01,1.481122638565257176e-03,1.171599066988269655e+00
1.610000000000000142e+01,-2.080810661212229296e-01,1.957282966005087412e-03,1.171336916457513144e+00
1.614999999999999858e+01,-2.080991333090985163e-01,2.435981920201621322e-03,1.171011835258174649e+00
1.619999999999999929e+01,-2.080996617302633411e-01,2.597400983790453758e-03,1.170943855052407834e+00
1.625000000000000000e+01,-2.080995927460546902e-01,2.517960602514882247e-03,1.171004197367470523e+00
1.630000000000000071e+01,-2.081020304530022125e-01,2.251456305168184329e-03,1.171106584376416127e+00
1.635000000000000142e+01,-2.081064657719922661e-01,1.869521856557059946e-03,1.171192553523028757e+00
1.639999999999999858e+01,-2.080816651406279805e-01,1.960617221500040100e-03,1.171145651457235370e+00
1.644999999999999929e+01,-2.080093611981217727e-01,1.818699613362254877e-03,1.171197252956811541e+00
1.650000000000000000e+01,-2.079281236920977050e-01,1.689203919172427206e-03,1.171172729188933559e+00
1.655000000000000071e+01,-2.078591375527166218e-01,1.700158783470446513e-03,1.170989541008641499e+00
1.660000000000000142e+01,-2.077865228224006489e-01,1.637189479255774871e-03,1.170935890715726346e+00
1.664999999999999858e+01,-2.077384061852429464e-01,1.664630285834794261e-03,1.170820466420057659e+00
1.669999999999999929e+01,-2.077089206316965753e-01,1.705426496672845984e-03,1.170706074325057688e+00
1.675000000000000000e+01,-2.076955566139843945e-01,1.717344810665354278e-03,1.170630796157004605e+00
1.680000000000000071e+01,-2.077037176898667847e-01,1.734913561805145410e-03,1.170609708003856220e+00
1.685000000000000142e+01,-2.077439853837706185e-01,1.825170684174787878e-03,1.170547034998608238e+00
1.689999999999999858e+01,-2.078069737380459359e-01,1.857369288332841751e-03,1.170596739923171370e+00
1.694999999999999929e+01,-2.078877692974943903e-01,1.748369455324088597e-03,1.170842604583027358e+00
1.700000000000000000e+01,-2.079859096719112455e-01,1.436895219269775830e-03,1.171157211958550937e+00
1.705000000000000071e+01,-2.081012724257985114e-01,1.411211764526415372e-03,1.171489935698657225e+00
1.710000000000000142e+01,-2.082221894610971624e-01,1.611253074709427871e-03,1.171853261118880107e+00
1.714999999999999858e+01,-2.083437239220447268e-01,2.006827048088939171e-03,1.172253459662523367e+00
1.719999999999999929e+01,-2.084887787847584661e-01,2.582040572776598143e-03,1.172665589799332331e+00
1.725000000000000000e+01,-2.086741603966838499e-01,3.315067101189709056e-03,1.173018382922134561e+00
1.730000000000000071e+01,-2.088798392836216100e-01,4.013589435865465814e-03,1.173482231980231383e+00
1.735000000000000142e+01,-2.090919007232816818e-01,4.480727049736560677e-03,1.174189975375864448e+00
1.739999999999999858e+01,-2.092750248470467977e-01,3.638184123821810913e-03,1.175526945839771464e+00
1.744999999999999929e+01,-2.094625155795331040e-01,2.933027973503920648e-03,1.176978047902007996e+00
1.750000000000000000e+01,-2.096560072249096518e-01,2.537016933244339023e-03,1.178350066940164975e+00
1.755000000000000071e+01,-2.098535450991853013e-01,2.472292120377897820e-03,1.179579358140825818e+00
1.760000000000000142e+01,-2.100150560194058158e-01,1.602662557076514832e-03,1.181342753509467824e+00
1.764999999999999858e+01,-2.102837174743127646e-01,1.548258644096462853e-03,1.182680328890254318e+00
1.769999999999999929e+01,-2.106420754536599549e-01,2.106829526680975041e-03,1.183762966574780195e+00
1.775000000000000000e+01,-2.110735054987164516e-01,3.122002513926001172e-03,1.184702538917180581e+00
1.780000000000000071e+01,-2.114625578971557618e-01,3.882493771106152770e-03,1.185741171820405837e+00
1.785000000000000142e+01,-2.116765955262122634e-01,4.713236365909762547e-03,1.186811343890157966e+00
1.789999999999999858e+01,-2.116842125197014590e-01,5.742780890499761884e-03,1.187734373945343203e+00
1.794999999999999929e+01,-2.114438087356842744e-01,6.868858090553497248e-03,1.188511648594219539e+00
1.800000000000000000e+01,-2.107294709927507448e-01,5.708016981613436153e-03,1.190579174405067997e+00
1.805000000000000071e+01,-2.098322508543629117e-01,4.172330338085354119e-03,1.192942104637187084e+00
1.810000000000000142e+01,-2.088298947095844627e-01,2.346284520513694776e-03,1.195560285051948446e+00
1.814999999999999858e+01,-2.077670516981293125e-01,2.962534206667517692e-04,1.198392412730735490e+00
1.819999999999999929e+01,-2.066686922130232806e-01,-1.654485785701809413e-03,1.201115363851018802e+00
1.825000000000000000e+01,-2.055551832426004977e-01,-3.093148879840634802e-03,1.203315728142050567e+00
1.830000000000000071e+01,-2.044434923320272712e-01,-3.706995315432952149e-03,1.204820983811245361e+00
1.835000000000000142e+01,-2.033444147884889974e-01,-3.328869449681924001e-03,1.205528573256176239e+00
1.839999999999999858e+01,-2.022680581478178419e-01,-2.473881792119290123e-03,1.205675453560260957e+00
1.844999999999999929e+01,-2.012906275486971708e-01,-1.071348765317440893e-03,1.205302667761480873e+00
1.850000000000000000e+01,-2.004378629803232614e-01,6.809132042166249517e-04,1.204620179476688424e+00
1.855000000000000071e+01,-1.997244367733529979e-01,2.606720343345722817e-03,1.203799599885791549e+00
1.860000000000000142e+01,-1.990991962067377441e-01,3.799107606346639049e-03,1.203581134884721848e+00
1.864999999999999858e+01,-1.984272883823488542e-01,4.262693890983878381e-03,1.203743287633611381e+00
1.869999999999999929e+01,-1.977108075614334159e-01,4.639726832934221862e-03,1.203904356805543197e+00
1.875000000000000000e+01,-1.969476752305350520e-01,5.261777356669125258e-03,1.203851718474635568e+00
1.880000000000000071e+01,-1.961110865366603728e-01,5.566304932491211201e-03,1.203736465765230967e+00
1.885000000000000142e+01,-1.953166275232448290e-01,5.894502029212922260e-03,1.203333253618533272e+00
1.889999999999999858e+01,-1.945985796272108048e-01,6.257430233742635080e-03,1.202729624619676807e+00
1.894999999999999929e+01,-1.939824286086339056e-01,6.613203918840876439e-03,1.202032437020325473e+00
1.900000000000000000e+01,-1.935099179693152704e-01,6.320210136616865107e-03,1.202035219933683452e+00
1.905000000000000071e+01,-1.931351876794480671e-01,5.398843410388185632e-03,1.202713275219293498e+00
1.910000000000000142e+01,-1.928389891816890689e-01,4.687884362839830898e-03,1.203606399407787686e+00
1.914999999999999858e+01,-1.926033693993806917e-01,4.627340753890331858e-03,1.204486610300784744e+00
1.919999999999999929e+01,-1.923133703040102449e-01,4.455567733361611577e-03,1.205826213484365361e+00
1.925000000000000000e+01,-1.920338731457277015e-01,4.158690038560027176e-03,1.207047683246446956e+00
1.930000000000000071e+01,-1.917639988971266141e-01,3.701517254381079224e-03,1.208142254754754896e+00
1.935000000000000142e+01,-1.915084345023969625e-01,3.022754874118465437e-03,1.209117174441696418e+00
1.939999999999999858e+01,-1.913313235690463909e-01,1.652590240252932571e-03,1.210179722194590024e+00
1.944999999999999929e+01,-1.912776455055728575e-01,-4.470854225073397220e-06,1.211512426206693638e+00
1.950000000000000000e+01,-1.913376014149039961e-01,-1.537001570313214919e-03,1.212991035590064604e+00
1.955000000000000071e+01,-1.915032686380467586e-01,-2.714006783569481145e-03,1.214519357424708179e+00
1.960000000000000142e+01,-1.917051591047159442e-01,-3.719638602589159931e-03,1.215742652214526265e+00
1.964999999999999858e+01,-1.918663214403303896e-01,-4.537523845025189483e-03,1.216578752526833007e+00
1.969999999999999929e+01,-1.920047231250481268e-01,-5.235766045749896264e-03,1.217150353110351357e+00
1.975000000000000000e+01,-1.921353314908983423e-01,-5.873547770559232536e-03,1.217549985229366083e+00
1.980000000000000071e+01,-1.923237922424723967e-01,-6.743685578218344863e-03,1.218139795321618646e+00
1.985000000000000142e+01,-1.925472191891072771e-01,-7.500652035603499329e-03,1.218999384991772184e+00
1.989999999999999858e+01,-1.928287832400170654e-01,-8.051708316272920482e-03,1.220067549156964137e+00
1.994999999999999929e+01,-1.931803436561041198e-01,-8.390443519298740327e-03,1.221298972584305087e+00
2.000000000000000000e+01,-1.935579885753639928e-01,-9.216579762434088871e-03,1.222496096244449548e+00
2.005000000000000071e+01,-1.938485774312977972e-01,-1.000568889697188955e-02,1.223657852186415873e+00
2.010000000000000142e+01,-1.940622207236526175e-01,-1.081729462160678501e-02,1.224827485687224549e+00
2.014999999999999858e+01,-1.941996147146913265e-01,-1.167690590213705040e-02,1.226028535882689896e+00
2.019999999999999929e+01,-1.942205835661550417e-01,-1.245341410750995526e-02,1.227233910310673748e+00
2.025000000000000000e+01,-1.941311479969043130e-01,-1.312133153555637179e-02,1.228291326168983622e+00
2.030000000000000071e+01,-1.939787869248181529e-01,-1.339911838751753868e-02,1.229383583391922885e+00
2.035000000000000142e+01,-1.937943675197413285e-01,-1.313675237434047335e-02,1.230628206160402804e+00
2.039999999999999858e+01,-1.936394787087019342e-01,-1.267574968379829234e-02,1.232144412468080708e+00
2.044999999999999929e+01,-1.934999052994666735e-01,-1.190129215724617696e-02,1.233652072972787117e+00
2.050000000000000000e+01,-1.933504175586085450e-01,-1.106484625562354981e-02,1.235284383626297444e+00
2.055000000000000071e+01,-1.931706407186773167e-01,-1.036486032464269819e-02,1.237093162158989124e+00
2.060000000000000142e+01,-1.928919714332161250e-01,-1.048341474777843112e-02,1.238689579016282183e+00
2.064999999999999858e+01,-1.925323819633666389e-01,-1.078311342791115658e-02,1.239994396935484078e+00
2.069999999999999929e+01,-1.921387958900837023e-01,-1.103473696248950288e-02,1.241163734373914362e+00
2.075000000000000000e+01,-1.917431650447427305e-01,-1.109456305498327314e-02,1.242278230350785329e+00
2.080000000000000071e+01,-1.914149001091808022e-01,-1.086208643200295768e-02,1.243243280434797704e+00
2.085000000000000142e+01,-1.911327746981316411e-01,-1.027684261469487270e-02,1.244116430615786140e+00
2.089999999999999858e+01,-1.908968792035268258e-01,-9.742704800932738135e-03,1.245050569965266973e+00
2.094999999999999929e+01,-1.907073040172978518e-01,-9.663546188590268690e-03,1.246198587554756765e+00
2.100000000000000000e+01,-1.904497133835358347e-01,-9.826328607907544241e-03,1.247304274217189146e+00
2.105000000000000071e+01,-1.901387726050538796e-01,-1.025580588606066212e-02,1.248462820859812528e+00
2.110000000000000142e+01,-1.897519487363177881e-01,-1.076143393937879084e-02,1.249689127853913950e+00
2.114999999999999858e+01,-1.892667088317934732e-01,-1.115266868419101387e-02,1.250998095570780899e+00
2.119999999999999929e+01,-1.886438970809499460e-01,-1.124376710927648369e-02,1.252298665458495996e+00
2.125000000000000000e+01,-1.879590998392042800e-01,-1.123008181455283951e-02,1.253698826419497481e+00
2.130000000000000071e+01,-1.872180992155999535e-01,-1.130145566636091281e-02,1.255152821930316742e+00
2.135000000000000142e+01,-1.864266773191805004e-01,-1.164773153104156633e-02,1.256614895467485393e+00
2.139999999999999858e+01,-1.856392394083246633e-01,-1.178077682400706372e-02,1.257737280550689229e+00
2.144999999999999929e+01,-1.848949570033340817e-01,-1.215393636668453056e-02,1.258558009669055844e+00
2.150000000000000000e+01,-1.842002846195001653e-01,-1.254043381847806324e-02,1.259191741836961587e+00
2.155000000000000071e+01,-1.835616767721142961e-01,-1.271349283879169567e-02,1.259753136068782142e+00
2.160000000000000142e+01,-1.829624734228389726e-01,-1.280524329227794751e-02,1.260386987518015811e+00
2.164999999999999858e+01,-1.823611223342832266e-01,-1.288110385335996914e-02,1.261170451801656212e+00
2.169999999999999929e+01,-1.817438950952169341e-01,-1.292272583196696356e-02,1.262089825001302401e+00
2.175000000000000000e+01,-1.810970632944100545e-01,-1.291176053802811641e-02,1.263131403198552771e+00
2.180000000000000071e+01,-1.804782055496259585e-01,-1.322305231059634802e-02,1.264267883423483507e+00
2.185000000000000142e+01,-1.798508833248966265e-01,-1.325642920230405558e-02,1.265160919884731339e+00
2.189999999999999858e+01,-1.792390219125666595e-01,-1.312442178533742600e-02,1.265957249408324881e+00
2.194999999999999929e+01,-1.786665466049805473e-01,-1.293956063188257677e-02,1.266803608820293636e+00
2.200000000000000000e+01,-1.780430093563614702e-01,-1.355650308476142978e-02,1.268290947004945490e+00
2.205000000000000071e+01,-1.772841020767430831e-01,-1.376241964233897164e-02,1.269592942511989175e+00
2.210000000000000142e+01,-1.764340320416055707e-01,-1.381283224908893756e-02,1.270725304211645090e+00
2.214999999999999858e+01,-1.755370065264291179e-01,-1.396326284948521193e-02,1.271703740974133856e+00
2.219999999999999929e+01,-1.746034644720969031e-01,-1.414165114182616527e-02,1.272383856963825499e+00
2.225000000000000000e+01,-1.737457426088691026e-01,-1.423165889942681721e-02,1.272824333260101914e+00
2.230000000000000071e+01,-1.729518806738968573e-01,-1.404806175520689933e-02,1.272996418410308639e+00
2.235000000000000142e+01,-1.722099184043313636e-01,-1.340563534208610852e-02,1.272871360961791432e+00
2.239999999999999858e+01,-1.715169607645321559e-01,-1.278571664624143268e-02,1.272952212023881646e+00
2.244999999999999929e+01,-1.708486499619849552e-01,-1.194022637809089016e-02,1.273153490889380901e+00
2.250000000000000000e+01,-1.702408823400627658e-01,-1.118838585345718027e-02,1.273538587558531887e+00
2.255000000000000071e+01,-1.697295542421386194e-01,-1.084941638816305787e-02,1.274170892031578406e+00
2.260000000000000142e+01,-1.693661299352711702e-01,-1.131749905680539368e-02,1.275292951713886014e+00
2.264999999999999858e+01,-1.690257575928394707e-01,-1.169162504781522290e-02,1.276545375416015649e+00
2.269999999999999929e+01,-1.686623368903900910e-01,-1.162371518965942853e-02,1.277658702050745942e+00
2.275000000000000000e+01,-1.682297675034697959e-01,-1.076569031080472361e-02,1.278363470530855084e+00
2.280000000000000071e+01,-1.677838388077318443e-01,-9.151184840676845553e-03,1.278063077549477899e+00
2.285000000000000142e+01,-1.673131369020312564e-01,-8.122909227621190331e-03,1.278213103852848587e+00
2.289999999999999858e+01,-1.668554793395893299e-01,-7.677384284610675944e-03,1.278771503463196568e+00
2.294999999999999929e+01,-1.664486836736272235e-01,-7.811130824618377384e-03,1.279696230402751267e+00
2.300000000000000000e+01,-1.661007852549653829e-01,-8.603125966885838416e-03,1.281131946363994079e+00
2.305000000000000071e+01,-1.657477012790751492e-01,-9.398429540003257199e-03,1.282539885998463580e+00
2.310000000000000142e+01,-1.653621524613566318e-01,-1.012747483082811206e-02,1.283817003644406540e+00
2.314999999999999858e+01,-1.649168595172099128e-01,-1.072069512621787180e-02,1.284860253640069283e+00
2.319999999999999929e+01,-1.644638055957269307e-01,-1.119704098249910997e-02,1.285227756827988843e+00
2.325000000000000000e+01,-1.638875559293342110e-01,-1.184150551219068266e-02,1.285838382443791561e+00
2.330000000000000071e+01,-1.632102027053069226e-01,-1.255885929869694946e-02,1.286617176287115250e+00
2.335000000000000142e+01,-1.624538381109201235e-01,-1.325387292542222484e-02,1.287489184157598388e+00
2.339999999999999858e+01,-1.615960713649512992e-01,-1.367184584505192792e-02,1.288587726743146034e+00
2.344999999999999929e+01,-1.607655370121710559e-01,-1.341590940094452428e-02,1.289022778443384087e+00
2.350000000000000000e+01,-1.599417406962845289e-01,-1.291528347992359528e-02,1.289207383032828114e+00
2.355000000000000071e+01,-1.591041880609967152e-01,-1.259918796881291658e-02,1.289554584285993455e+00
2.360000000000000142e+01,-1.583649274543420526e-01,-1.276449950800973357e-02,1.290220896690304153e+00
2.364999999999999858e+01,-1.575092100104525938e-01,-1.280069537700934991e-02,1.291068834996379255e+00
2.369999999999999929e+01,-1.566111266078310527e-01,-1.267439442702592532e-02,1.291813878353032408e+00
2.375000000000000000e+01,-1.557447681249802818e-01,-1.235221550927359524e-02,1.292171505909078366e+00
2.380000000000000071e+01,-1.547872603617741760e-01,-1.298196660996471866e-02,1.293081688226916715e+00
2.385000000000000142e+01,-1.538505450120874751e-01,-1.280283694826839236e-02,1.293215694588379483e+00
2.389999999999999858e+01,-1.529337040390565949e-01,-1.257907244919502683e-02,1.293186924077265987e+00
2.394999999999999929e+01,-1.520358194058176460e-01,-1.307491903775512970e-02,1.293608775777375541e+00
2.400000000000000000e+01,-1.512350510340799703e-01,-1.428163036364740214e-02,1.294359631531930122e+00
2.405000000000000071e+01,-1.502220859481083748e-01,-1.546299054267651074e-02,1.295221327371293363e+00
2.410000000000000142e+01,-1.490954676983533567e-01,-1.626656389015892004e-02,1.295771062703927168e+00
2.414999999999999858e+01,-1.479537398352655797e-01,-1.633991472141105988e-02,1.295586036938292773e+00
2.419999999999999929e+01,-1.468324998146103288e-01,-1.701096734874558633e-02,1.295831725658277644e+00
2.425000000000000000e+01,-1.456639844586649912e-01,-1.719789730574704592e-02,1.295650108822795854e+00
2.430000000000000071e+01,-1.444574804214138197e-01,-1.717103565338191570e-02,1.295249742710318230e+00
2.435000000000000142e+01,-1.432222743568410395e-01,-1.720071345261682538e-02,1.294839183599316268e+00
2.439999999999999858e+01,-1.420093435051888175e-01,-1.737981478595883311e-02,1.294480831502600848e+00
2.444999999999999929e+01,-1.406487656816586274e-01,-1.743054962377781070e-02,1.293952534812495392e+00
2.450000000000000000e+01,-1.392055412247699409e-01,-1.713981555901155501e-02,1.293167529824588158e+00
2.455000000000000071e+01,-1.377446704730422300e-01,-1.629451018459784906e-02,1.292039052834467183e+00
2.460000000000000142e+01,-1.364814582110207009e-01,-1.544509611500385036e-02,1.290991576548946584e+00
2.464999999999999858e+01,-1.352382810436686678e-01,-1.454037359366271674e-02,1.289854965168303558e+00
2.469999999999999929e+01,-1.340292266724839587e-01,-1.359858443311217496e-02,1.288676418829899806e+00
2.475000000000000000e+01,-1.328683827989646515e-01,-1.263797044589014262e-02,1.287503137671097697e+00
2.480000000000000071e+01,-1.318509682513160919e-01,-1.223468352846215218e-02,1.286773012807676420e+00
2.485000000000000142e+01,-1.308912648231856379e-01,-1.209391428129529683e-02,1.286149075692700761e+00
2.489999999999999858e+01,-1.299530500742318850e-01,-1.201573776631961916e-02,1.285566921755635139e+00
2.494999999999999929e+01,-1.290001015641132343e-01,-1.180022904546504554e-02,1.284962146425943752e+00
2.500000000000000000e+01,-1.279249954202990314e-01,-1.103552100632301455e-02,1.284028983697999893e+00
2.505000000000000071e+01,-1.267818590673737977e-01,-1.003503452134116812e-02,1.282988582238648867e+00
2.510000000000000142e+01,-1.256791462496735790e-01,-9.247558026983302218e-03,1.282022842865666812e+00
2.514999999999999858e+01,-1.247253107115344622e-01,-9.121879959713303024e-03,1.281313666396829198e+00
2.519999999999999929e+01,-1.238541136574900087e-01,-9.055624254051087424e-03,1.280714090140356198e+00
2.525000000000000000e+01,-1.230404890287325470e-01,-9.118777467568702291e-03,1.280157438512077750e+00
2.530000000000000071e+01,-1.222407423751420558e-01,-9.197272487057990553e-03,1.279616177138540811e+00
2.535000000000000142e+01,-1.214111792465985135e-01,-9.177042199310755238e-03,1.279062771646291452e+00
2.539999999999999858e+01,-1.203540851052546101e-01,-8.345354461016276509e-03,1.277982017585740815e+00
2.544999999999999929e+01,-1.194200699926176168e-01,-8.271852629884949432e-03,1.277333530799226624e+00
2.550000000000000000e+01,-1.185889689986712042e-01,-8.872280402800483690e-03,1.276998020233127473e+00
2.555000000000000071e+01,-1.177854412172941873e-01,-9.829744805187973222e-03,1.276661646720157917e+00
2.560000000000000142e+01,-1.168260422885066124e-01,-9.960530794240047420e-03,1.275832671951300235e+00
2.564999999999999858e+01,-1.157714732558422499e-01,-9.670404783035253457e-03,1.274702699069179213e+00
2.569999999999999929e+01,-1.146292834452886378e-01,-8.997578645234928854e-03,1.273338851235494618e+00
2.575000000000000000e+01,-1.134002033214388389e-01,-7.935743653259663688e-03,1.271819169852009379e+00
2.580000000000000071e+01,-1.123407385992235830e-01,-7.439305330445326707e-03,1.270481750375907382e+00
2.585000000000000142e+01,-1.116100291758505142e-01,-8.241884806240981631e-03,1.269805144622641269e+00
2.589999999999999858e+01,-1.110778098027816740e-01,-9.770766470650041682e-03,1.269454410749073947e+00
2.594999999999999929e+01,-1.105109315608622245e-01,-1.098948656297068713e-02,1.268812200350208474e+00
2.600000000000000000e+01,-1.099114376855383490e-01,-1.191257942293771389e-02,1.267792300194035215e+00
2.605000000000000071e+01,-1.092547193857264926e-01,-1.252642627965259645e-02,1.266425948538560720e+00
2.610000000000000142e+01,-1.084145467339320407e-01,-1.233517031017057446e-02,1.264585167361544915e+00
2.614999999999999858e+01,-1.071705149642295518e-01,-1.045811948465818694e-02,1.262025406709362585e+00
2.619999999999999929e+01,-1.062014379813188969e-01,-9.576050697710555143e-03,1.259951759692168549e+00
2.625000000000000000e+01,-1.053500221150919652e-01,-9.087008535180711097e-03,1.258052313530292121e+00
2.630000000000000071e+01,-1.046647655431480195e-01,-9.235132607029744242e-03,1.256549552080931775e+00
2.635000000000000142e+01,-1.042567409672134626e-01,-1.054521027894322546e-02,1.255881963094156673e+00
2.639999999999999858e+01,-1.035172125901646784e-01,-1.093448417155278886e-02,1.254337542181275689e+00
2.644999999999999929e+01,-1.025425041779191443e-01,-1.071939891594262360e-02,1.252278251734094905e+00
2.650000000000000000e+01,-1.013942366767364017e-01,-9.964668209862258957e-03,1.249908477309556121e+00
2.655000000000000071e+01,-1.001564338667863541e-01,-8.713322839435393499e-03,1.247513976198413754e+00
2.660000000000000142e+01,-9.933436845909142388e-02,-8.949149840307493720e-03,1.245955245626468644e+00
2.664999999999999858e+01,-9.850091723563818291e-02,-9.076679142248807175e-03,1.244313998379130037e+00
2.669999999999999929e+01,-9.769792382122878538e-02,-9.274817003486982708e-03,1.242814419330617648e+00
2.675000000000000000e+01,-9.705400517992350540e-02,-1.006042294707294033e-02,1.241965154542471028e+00
2.680000000000000071e+01,-9.585187707351658370e-02,-8.840437817407783422e-03,1.239875684103666442e+00
2.685000000000000142e+01,-9.465178332079172974e-02,-7.521807819104272402e-03,1.237818217674677257e+00
2.689999999999999858e+01,-9.363675152023953618e-02,-6.631325152909991506e-03,1.236149569910829582e+00
2.694999999999999929e+01,-9.305381158121965590e-02,-6.836459649593816697e-03,1.235329091575301685e+00
2.700000000000000000e+01,-9.281773713056619413e-02,-8.105506295155736826e-03,1.235144007601403526e+00
2.705000000000000071e+01,-9.257964589651264398e-02,-9.299619218104151347e-03,1.234852914113216515e+00
2.710000000000000142e+01,-9.222404119592698957e-02,-1.004345660832515856e-02,1.234296014930571506e+00
2.714999999999999858e+01,-9.159439476018341186e-02,-9.825736604023737122e-03,1.233285707268862108e+00
2.719999999999999929e+01,-9.056677422223928520e-02,-8.297494261971079255e-03,1.231495444755908553e+00
2.725000000000000000e+01,-8.958495572220741276e-02,-6.895669934916785586e-03,1.229834843705589043e+00
2.730000000000000071e+01,-8.864047304334835009e-02,-5.558552500499608362e-03,1.228272585335542733e+00
2.735000000000000142e+01,-8.766257781363472057e-02,-3.995996639584005472e-03,1.226640919709946154e+00
2.739999999999999858e+01,-8.714318504224825845e-02,-3.664862494953552603e-03,1.225547361451401862e+00
2.744999999999999929e+01,-8.675570251895008134e-02,-3.757745647735010429e-03,1.224645562477536753e+00
2.750000000000000000e+01,-8.636304337673186837e-02,-3.839690854324994632e-03,1.223690137452872140e+00
2.755000000000000071e+01,-8.577435506624529749e-02,-3.275449269336999474e-03,1.222306148540853066e+00
2.760000000000000142e+01,-8.508537303692768894e-02,-2.550468931514940883e-03,1.220949101329795505e+00
2.764999999999999858e+01,-8.454287457059088406e-02,-2.364098553535681942e-03,1.219893782157556394e+00
2.769999999999999929e+01,-8.403160887858383832e-02,-2.380155969076587323e-03,1.218983893748617486e+00
2.775000000000000000e+01,-8.332454641591005573e-02,-1.944389101357796648e-03,1.217924299947474642e+00
2.780000000000000071e+01,-8.312132148607365156e-02,-2.843685200941373226e-03,1.217358558987865713e+00
2.785000000000000142e+01,-8.271580059347038993e-02,-3.107079680454057254e-03,1.216444111158417662e+00
2.789999999999999858e+01,-8.215637893435273620e-02,-2.871204770880237279e-03,1.215250371401151552e+00
2.794999999999999929e+01,-8.161058482359762056e-02,-2.602988352404647220e-03,1.213992545975862480e+00
2.800000000000000000e+01,-8.117183361061211522e-02,-2.336329842573473502e-03,1.212848976981162119e+00
2.805000000000000071e+01,-8.079056315365451546e-02,-2.092941199114658427e-03,1.211908279740122163e+00
2.810000000000000142e+01,-8.042665486772782035e-02,-1.717185118816627522e-03,1.211040985142929127e+00
2.814999999999999858e+01,-8.001912868841193349e-02,-9.349611773743647571e-04,1.210018578419563617e+00
2.819999999999999929e+01,-8.000148113022612084e-02,-9.784202289892674625e-04,1.209472128870044960e+00
2.825000000000000000e+01,-7.986372066713462448e-02,-6.992832376062757798e-04,1.208750296228736199e+00
2.830000000000000071e+01,-7.966828162899744492e-02,-3.755606729895566496e-04,1.207986320528020574e+00
2.835000000000000142e+01,-7.958548903553125387e-02,-6.287790146626948780e-04,1.207490314807365239e+00
2.839999999999999858e+01,-7.948475838844851205e-02,-9.871277516154076861e-04,1.206987586348258423e+00
2.844999999999999929e+01,-7.920699044736786987e-02,-9.686947883204741986e-04,1.206288800219318169e+00
2.850000000000000000e+01,-7.885625778358906768e-02,-6.547158993914762746e-04,1.205391085749558222e+00
2.855000000000000071e+01,-7.862709147388932673e-02,-2.325192409953467671e-04,1.204304877045299316e+00
2.860000000000000142e+01,-7.851258041741235316e-02,2.038519017207255507e-04,1.203238056882667051e+00
2.864999999999999858e+01,-7.841263358855599108e-02,6.826554751670421087e-04,1.202144185911230734e+00
2.869999999999999929e+01,-7.834991298396223880e-02,1.112894843379352156e-03,1.201136430177737635e+00
2.875000000000000000e+01,-7.837787779051771930e-02,1.333646039996302674e-03,1.200417623473752027e+00
2.880000000000000071e+01,-7.842526433100716066e-02,1.416319403126308461e-03,1.199828239223710735e+00
2.885000000000000142e+01,-7.852239147081213622e-02,1.422715763282649936e-03,1.199170875678265746e+00
2.889999999999999858e+01,-7.869636669424215358e-02,1.395252279460995398e-03,1.198478593644169310e+00
2.894999999999999929e+01,-7.899302637119692827e-02,1.396433775766370289e-03,1.197831862653015556e+00
2.900000000000000000e+01,-7.927624265944283044e-02,1.621454165301153228e-03,1.197026707621408725e+00
2.905000000000000071e+01,-7.955184537818157930e-02,1.782510251725338661e-03,1.196265174309812496e+00
2.910000000000000142e+01,-7.979718896890053426e-02,1.861363126205523022e-03,1.195557340924949807e+00
2.914999999999999858e+01,-7.997151772456881358e-02,1.860737292893994976e-03,1.194896463179953239e+00
2.919999999999999929e+01,-7.995428241863306029e-02,1.870918364384304474e-03,1.193950875559049773e+00
2.925000000000000000e+01,-7.987336231138164599e-02,1.815691325989683517e-03,1.192952739895050573e+00
2.930000000000000071e+01,-7.975659799879000755e-02,1.673445399966884883e-03,1.191997898988533588e+00
2.935000000000000142e+01,-7.963293182061934039e-02,1.413227591003508258e-03,1.191221173307971837e+00
2.939999999999999858e+01,-7.948695883032574905e-02,1.565162302058608745e-03,1.190216949765839916e+00
2.944999999999999929e+01,-7.932958656894939509e-02,1.753145617996416418e-03,1.189289907762468790e+00
2.950000000000000000e+01,-7.915632006610340277e-02,1.974175851685413922e-03,1.188430469955748414e+00
2.955000000000000071e+01,-7.895732193270871280e-02,2.273968354050540965e-03,1.187585652815455139e+00
2.960000000000000142e+01,-7.873345761279315624e-02,2.554188678001358820e-03,1.186770019468209370e+00
2.964999999999999858e+01,-7.846325409273680052e-02,2.871120171761902887e-03,1.185941352429806361e+00
2.969999999999999929e+01,-7.816458123072278497e-02,3.185927106811008245e-03,1.185152334587709966e+00
2.975000000000000000e+01,-7.786931659225326818e-02,3.425024670721927688e-03,1.184500068823097108e+00
2.980000000000000071e+01,-7.750758223926890178e-02,4.130319118723902588e-03,1.183417873621270822e+00
2.985000000000000142e+01,-7.716271068952879064e-02,4.751557004903581016e-03,1.182450488311122205e+00
2.989999999999999858e+01,-7.686799333940910750e-02,5.223326811978993081e-03,1.181699655664002480e+00
2.994999999999999929e+01,-7.667158053158748543e-02,5.499212690156230626e-03,1.181277557755359142e+00
3.000000000000000000e+01,-7.657935988954825413e-02,5.563677195946185004e-03,1.180989416737963316e+00
3.005000000000000071e+01,-7.651128829432654599e-02,5.638808241291587767e-03,1.180654334227150271e+00
3.010000000000000142e+01,-7.646863159880437633e-02,5.703172320279966886e-03,1.180292822760743654e+00
3.014999999999999858e+01,-7.646916087966451614e-02,5.634280302299237916e-03,1.180023379921734561e+00
3.019999999999999929e+01,-7.641769728952746421e-02,5.740741110597507441e-03,1.179472470276359264e+00
3.025000000000000000e+01,-7.636931238166075331e-02,5.812921790473187314e-03,1.178935472653452887e+00
3.030000000000000071e+01,-7.633764407641172034e-02,5.809031607636732687e-03,1.178505650721760167e+00
3.035000000000000142e+01,-7.633407063238098478e-02,5.715259176042679877e-03,1.178304280426696327e+00
3.039999999999999858e+01,-7.626305534822266918e-02,5.737577775232600985e-03,1.177884642404048776e+00
3.044999999999999929e+01,-7.619153332123673739e-02,5.736623260250758166e-03,1.177479014724887696e+00
3.050000000000000000e+01,-7.612312171988735998e-02,5.716791437693688298e-03,1.177086944823695802e+00
3.055000000000000071e+01,-7.603261058398899652e-02,5.765416839474485355e-03,1.176582541055785969e+00
3.060000000000000142e+01,-7.589787024211552824e-02,6.186797831489555116e-03,1.175700364488454497e+00
3.064999999999999858e+01,-7.577451668582854682e-02,6.623447175168769435e-03,1.174805262471956935e+00
3.069999999999999929e+01,-7.566746981708641351e-02,7.006070401353964479e-03,1.173977385011343300e+00
3.075000000000000000e+01,-7.556198022267668346e-02,7.319864475326062075e-03,1.173260228723582488e+00
3.080000000000000071e+01,-7.551636496695665612e-02,7.441801717609279783e-03,1.172707458565115823e+00
3.085000000000000142e+01,-7.554649051817949323e-02,7.304118341404734413e-03,1.172453246919311631e+00
3.089999999999999858e+01,-7.564155224029936453e-02,6.971151511971238057e-03,1.172413275166629631e+00
3.094999999999999929e+01,-7.576350585023275408e-02,6.662415509573421310e-03,1.172273823800202175e+00
3.100000000000000000e+01,-7.588587873481869583e-02,6.499856441365159734e-03,1.172049011621525860e+00
3.105000000000000071e+01,-7.598856434974818330e-02,6.419803242658477481e-03,1.171716133259899539e+00
3.110000000000000142e+01,-7.604279433691737977e-02,6.425320580290677479e-03,1.171267548781643741e+00
3.114999999999999858e+01,-7.597233302011757727e-02,6.563060176894171087e-03,1.170688407962908739e+00
3.119999999999999929e+01,-7.591556713309804971e-02,6.619172906482198755e-03,1.170216223510918585e+00
3.125000000000000000e+01,-7.587254181312125256e-02,6.576477969286477314e-03,1.169891071517261016e+00
3.130000000000000071e+01,-7.583658429851772298e-02,6.468040607092522508e-03,1.169660686560789475e+00
3.135000000000000142e+01,-7.578818048294708176e-02,6.398507450255866771e-03,1.169352348038684708e+00
3.139999999999999858e+01,-7.576165779595941951e-02,6.245243801882354069e-03,1.169192597056062377e+00
3.144999999999999929e+01,-7.575630953978759741e-02,6.093533308226017561e-03,1.169059397407471224e+00
3.150000000000000000e+01,-7.574711229038230687e-02,5.992297001115788613e-03,1.168898193586604961e+00
3.155000000000000071e+01,-7.566019070634757981e-02,6.042435749390767837e-03,1.168612052082634190e+00
3.160000000000000142e+01,-7.557594849200660603e-02,6.196313376446212912e-03,1.168260994440774247e+00
3.164999999999999858e+01,-7.552308795160897481e-02,6.277424227120692243e-03,1.168041723261179943e+00
3.169999999999999929e+01,-7.549296222598181338e-02,6.284485915318314443e-03,1.167947976862373505e+00
3.175000000000000000e+01,-7.544538263816216728e-02,6.305894067208299078e-03,1.167860122125311095e+00
3.180000000000000071e+01,-7.540675277112746100e-02,6.363916361835146758e-03,1.167811028402396589e+00
3.185000000000000142e+01,-7.540562351212454217e-02,6.335321296340641790e-03,1.167931978570510676e+00
3.189999999999999858e+01,-7.543230432076619696e-02,6.224918476020834153e-03,1.168202747160037802e+00
3.194999999999999929e+01,-7.544379235229753400e-02,6.110160704452058215e-03,1.168498507131927378e+00
3.200000000000000000e+01,-7.545470195026349192e-02,6.146799830215454209e-03,1.168545949905166470e+00
3.204999999999999716e+01,-7.544775204636838817e-02,6.190382920314166371e-03,1.168515460324114574e+00
3.210000000000000142e+01,-7.542739420392613470e-02,6.223796028637137989e-03,1.168433239034631255e+00
3.214999999999999858e+01,-7.541560139958139453e-02,6.273746740939313560e-03,1.168283144890630565e+00
3.220000000000000284e+01,-7.538468244273072161e-02,6.410371242504437315e-03,1.168066278030775562e+00
3.225000000000000000e+01,-7.536629655545459827e-02,6.556980840749367274e-03,1.167894884473366757e+00
3.229999999999999716e+01,-7.536565890279139923e-02,6.667261209531654895e-03,1.167810571196075342e+00
3.235000000000000142e+01,-7.538184974756553802e-02,6.643947323994770122e-03,1.167879467941386862e+00
3.239999999999999858e+01,-7.536532294366035667e-02,6.606008613711301415e-03,1.167953981119702833e+00
3.245000000000000284e+01,-7.532788692240627304e-02,6.575791856525607486e-03,1.168058054583403171e+00
3.250000000000000000e+01,-7.528657484165959812e-02,6.542514937198036333e-03,1.168187511343685037e+00
3.254999999999999716e+01,-7.528532358822065396e-02,6.462095627827920026e-03,1.168318064524603850e+00
3.260000000000000142e+01,-7.528583367106617130e-02,6.427239451236968319e-03,1.168327211290332235e+00
3.264999999999999858e+01,-7.530629972129682104e-02,6.454627838993808563e-03,1.168231824393785478e+00
3.270000000000000284e+01,-7.533776262010419278e-02,6.517531359016749508e-03,1.168074627239742647e+00
3.275000000000000000e+01,-7.534431543921590868e-02,6.529173427460180194e-03,1.167970684188574415e+00
3.279999999999999716e+01,-7.534051275643829926e-02,6.524828086386449087e-03,1.167888991013218192e+00
3.285000000000000142e+01,-7.533798101359964750e-02,6.547444316341867118e-03,1.167774650792993141e+00
3.289999999999999858e+01,-7.534429028532216299e-02,6.579950094282836087e-03,1.167700981700408480e+00
3.295000000000000284e+01,-7.537593928602426274e-02,6.549039960439317042e-03,1.167916242477787137e+00
3.300000000000000000e+01,-7.537329121511907037e-02,6.620096498326047754e-03,1.168128570773671937e+00
3.304999999999999716e+01,-7.533648724901739757e-02,6.742990423346943360e-03,1.168371119892325671e+00
3.310000000000000142e+01,-7.527017050724185698e-02,6.893990045892379320e-03,1.168661705179615762e+00
3.314999999999999858e+01,-7.518688064201639598e-02,7.030886734497959062e-03,1.169037083233263941e+00
3.320000000000000284e+01,-7.512099922343878911e-02,7.126851973581178369e-03,1.168951119909934944e+00
3.325000000000000000e+01,-7.510503481876287801e-02,7.162885837208682500e-03,1.168720665997210251e+00
3.329999999999999716e+01,-7.515408015850744139e-02,7.117879404723782832e-03,1.168529966604709092e+00
3.335000000000000142e+01,-7.529782870624227020e-02,6.936431590602911042e-03,1.168755587768384618e+00
3.339999999999999858e+01,-7.539904956922732771e-02,6.813508023975535337e-03,1.168708370758686499e+00
3.345000000000000284e+01,-7.546250650059566079e-02,6.707643863345019719e-03,1.168641953703326575e+00
3.350000000000000000e+01,-7.549317653859233257e-02,6.608875890696513239e-03,1.168606410457742717e+00
3.354999999999999716e+01,-7.550197324120344611e-02,6.510297805329572085e-03,1.168614649748494161e+00
3.360000000000000142e+01,-7.548563091781984591e-02,6.462387822083984212e-03,1.168289549607795408e+00
3.364999999999999858e+01,-7.548940722449590246e-02,6.460169951549874466e-03,1.168012539755666435e+00
3.370000000000000284e+01,-7.550746807199418265e-02,6.504708332820173869e-03,1.167854423111344131e+00
3.375000000000000000e+01,-7.549871547896028212e-02,6.603632151037161849e-03,1.167824072825167203e+00
3.379999999999999716e+01,-7.544668569267840019e-02,6.738618854120225106e-03,1.167625971440442223e+00
3.385000000000000142e+01,-7.539620005909133948e-02,6.833126622084122193e-03,1.167499036822914116e+00
3.389999999999999858e+01,-7.535428868009283465e-02,6.869560992962277755e-03,1.167458863080105935e+00
3.395000000000000284e+01,-7.531796668095969149e-02,6.834796524881056774e-03,1.167426321636385378e+00
3.400000000000000000e+01,-7.528982249861720932e-02,6.694313502051092019e-03,1.167742762446000171e+00
3.404999999999999716e+01,-7.529850515232672237e-02,6.550878889313433220e-03,1.168203572330493545e+00
3.410000000000000142e+01,-7.532725618176955296e-02,6.427837738937065663e-03,1.168744128013769590e+00
3.414999999999999858e+01,-7.531179022777398369e-02,6.339775627048935096e-03,1.169286288651125716e+00
3.420000000000000284e+01,-7.532131845554579375e-02,6.202401369245487232e-03,1.169940967130959297e+00
3.425000000000000000e+01,-7.534271247589025000e-02,6.167826738031829611e-03,1.170217577116202223e+00
3.429999999999999716e+01,-7.537428357395042910e-02,6.249692566285077258e-03,1.169996675215105864e+00
3.435000000000000142e+01,-7.541849111443643672e-02,6.410968845387347327e-03,1.169169552030283832e+00
3.439999999999999858e+01,-7.540623435277432618e-02,6.548810130684767222e-03,1.168736133168122304e+00
3.445000000000000284e+01,-7.539573704680066490e-02,6.688877610996684861e-03,1.168549133041012045e+00
3.450000000000000000e+01,-7.538909466327997633e-02,6.815392939282178056e-03,1.168547595577916098e+00
3.454999999999999716e+01,-7.536131001965862275e-02,6.867289134093376539e-03,1.168637437833475845e+00
3.460000000000000142e+01,-7.540729988289165964e-02,6.703263931128853811e-03,1.168888281252479455e+00
3.464999999999999858e+01,-7.545722849569255763e-02,6.563375469992998278e-03,1.169055242410000250e+00
3.470000000000000284e+01,-7.550426080202912726e-02,6.496312110530979948e-03,1.169042106829838001e+00
3.475000000000000000e+01,-7.558752155596235034e-02,6.476543089477715572e-03,1.168665469155401038e+00
3.479999999999999716e+01,-7.561306585899688071e-02,6.462373885140228029e-03,1.168609555551315404e+00
3.485000000000000142e+01,-7.560630569201320927e-02,6.441547292396780124e-03,1.168769295690920140e+00
3.489999999999999858e+01,-7.557736479230514615e-02,6.410876552628004370e-03,1.169043930288200306e+00
3.495000000000000284e+01,-7.553703749835463666e-02,6.376073402111004547e-03,1.169059010037893920e+00
3.500000000000000000e+01,-7.552324827040726718e-02,6.364053708351524730e-03,1.168813792909013438e+00
3.504999999999999716e+01,-7.549446697971703979e-02,6.385132917325899229e-03,1.168556317689550150e+00
3.510000000000000142e+01,-7.545440329034053262e-02,6.428572078233387235e-03,1.168399850073700286e+00
3.514999999999999858e+01,-7.550165859817037362e-02,6.413785497518442215e-03,1.168507583494027502e+00
3.520000000000000284e+01,-7.552894635650889144e-02,6.409386351837420732e-03,1.168613053153575221e+00
3.525000000000000000e+01,-7.554313956777919392e-02,6.407834963542459635e-03,1.168646651347483356e+00
3.529999999999999716e+01,-7.554593420952082639e-02,6.401293790326747363e-03,1.168629107108435816e+00
3.535000000000000142e+01,-7.553482933563457347e-02,6.360455196749837010e-03,1.168808835244192323e+00
3.539999999999999858e+01,-7.550600351042899283e-02,6.398550712415898220e-03,1.168918434156582364e+00
3.545000000000000284e+01,-7.548540983742987875e-02,6.422881150452286123e-03,1.169065797441808163e+00
3.550000000000000000e+01,-7.549624206612362554e-02,6.367356704097320609e-03,1.169374242696024524e+00
3.554999999999999716e+01,-7.561727918697988549e-02,6.041622288756047683e-03,1.170318945421362944e+00
3.560000000000000142e+01,-7.568242678221584474e-02,5.901838779816456597e-03,1.170493428925320156e+00
3.564999999999999858e+01,-7.572077849710170949e-02,5.834192514773222510e-03,1.170405672899846872e+00
3.570000000000000284e+01,-7.572688692694043433e-02,5.826159146331849441e-03,1.170185166809710076e+00
3.575000000000000000e+01,-7.561867428185048423e-02,6.015070334461598139e-03,1.169619443249607205e+00
3.579999999999999716e+01,-7.553238070317333519e-02,6.156498797738986679e-03,1.169283895900808945e+00
3.585000000000000142e+01,-7.551169573312174754e-02,6.238417861982652364e-03,1.169176769547395800e+00
3.589999999999999858e+01,-7.557437855587481601e-02,6.232848343441543468e-03,1.169344579609617352e+00
3.595000000000000284e+01,-7.573228063397824394e-02,6.012490654895454381e-03,1.170030104800168447e+00
3.600000000000000000e+01,-7.581505455112994007e-02,5.953894855133213745e-03,1.170100239299814993e+00
3.604999999999999716e+01,-7.585388568712447821e-02,5.916471336039489173e-03,1.170049245115047931e+00
3.610000000000000142e+01,-7.584992581887009533e-02,5.881901014646690254e-03,1.169952536568450219e+00
3.614999999999999858e+01,-7.575473278411257172e-02,6.009011615370903406e-03,1.169315629328202544e+00
3.620000000000000284e+01,-7.565259258230322414e-02,5.984124242300313881e-03,1.168930232594528329e+00
3.625000000000000000e+01,-7.557624177336100257e-02,5.918765824184710374e-03,1.168699982417298111e+00
3.629999999999999716e+01,-7.553924952033541640e-02,5.851466193684806520e-03,1.168618260063492675e+00
3.635000000000000142e+01,-7.555360765208740670e-02,5.789908780259191319e-03,1.168816542226285504e+00
3.639999999999999858e+01,-7.553663628840931454e-02,5.832685181440096234e-03,1.168828742220046513e+00
3.645000000000000284e+01,-7.554410908018308057e-02,5.907721240255090454e-03,1.168779027674327509e+00
3.650000000000000000e+01,-7.558278932024761754e-02,5.998148939623583822e-03,1.168705696886277234e+00
3.654999999999999716e+01,-7.558454947076076458e-02,6.142741930148771547e-03,1.168593215931009288e+00
3.660000000000000142e+01,-7.561435594743659561e-02,6.151753467340047125e-03,1.168551002839877340e+00
3.664999999999999858e+01,-7.564664091113740274e-02,6.148476711133232103e-03,1.168531432444070761e+00
3.670000000000000284e+01,-7.566534069404307061e-02,6.182730680864535755e-03,1.168505152475656672e+00
3.675000000000000000e+01,-7.562941121818275714e-02,6.300424706816203438e-03,1.168397554867697696e+00
3.679999999999999716e+01,-7.557546674235665618e-02,6.412479563038271831e-03,1.168303642305600798e+00
3.685000000000000142e+01,-7.556120805177340971e-02,6.526690478489657540e-03,1.168153469612789985e+00
3.689999999999999858e+01,-7.558680772373657653e-02,6.634966329098232994e-03,1.167978388334529161e+00
3.695000000000000284e+01,-7.554322163336779639e-02,6.678175074455941149e-03,1.168084748735600087e+00
3.700000000000000000e+01,-7.559212665886308469e-02,6.465857454575581371e-03,1.168610065839424728e+00
3.704999999999999716e+01,-7.567020147024722254e-02,6.113161980935028286e-03,1.169387830932420380e+00
3.710000000000000142e+01,-7.574662444208102308e-02,5.696432543057972260e-03,1.170262072439941514e+00
3.714999999999999858e+01,-7.576738983398190186e-02,5.431740287278023424e-03,1.170666145170291106e+00
3.720000000000000284e+01,-7.573091717325119987e-02,5.344928607532654918e-03,1.170626074364450764e+00
3.725000000000000000e+01,-7.566718249687470754e-02,5.399929772928900931e-03,1.170255298881738737e+00
3.729999999999999716e+01,-7.557894026814895860e-02,5.577318795344636017e-03,1.169654692826309184e+00
3.735000000000000142e+01,-7.542761753906326860e-02,5.827111679971469158e-03,1.169192013366341598e+00
3.739999999999999858e+01,-7.536001239373424365e-02,5.913665071534799159e-03,1.169133252180940108e+00
3.745000000000000284e+01,-7.532828376712105700e-02,5.892097603388558522e-03,1.169317123135147796e+00
3.750000000000000000e+01,-7.531659934026521674e-02,5.802439129702436672e-03,1.169617474854496075e+00
3.754999999999999716e+01,-7.532416644263367766e-02,5.770213590731807819e-03,1.169622675305787229e+00
3.760000000000000142e+01,-7.533130535698809305e-02,5.766140886099607211e-03,1.169509936190037180e+00
3.764999999999999858e+01,-7.533386732944433173e-02,5.806504544590462662e-03,1.169316248577598083e+00
3.770000000000000284e+01,-7.532993963521322778e-02,5.883400583687252612e-03,1.169076046633181987e+00
3.775000000000000000e+01,-7.531703404101758315e-02,5.919942234436839819e-03,1.168915802596099063e+00
3.779999999999999716e+01,-7.535539355217782398e-02,5.875562758420312635e-03,1.168937589483477035e+00
3.785000000000000142e+01,-7.539018262458466180e-02,5.897993479123577430e-03,1.168918058969244278e+00
3.789999999999999858e+01,-7.540279453496764872e-02,6.025182161605763947e-03,1.168789015871484427e+00
3.795000000000000284e+01,-7.539298477573880275e-02,6.186711184595307909e-03,1.168593127681049060e+00
3.800000000000000000e+01,-7.536366865803223458e-02,6.300019577927076439e-03,1.168412399957233117e+00
3.804999999999999716e+01,-7.532400418712184575e-02,6.432919000751252843e-03,1.168201562514807668e+00
3.810000000000000142e+01,-7.528284505471183330e-02,6.568425170461487939e-03,1.167994530743145187e+00
3.814999999999999858e+01,-7.527261800918128021e-02,6.485789235051463153e-03,1.168064063179120593e+00
3.820000000000000284e+01,-7.528187202184202786e-02,6.364130105961633525e-03,1.168175408218412148e+00
3.825000000000000000e+01,-7.532391853946199256e-02,6.245101597844033257e-03,1.168284395646229212e+00
3.829999999999999716e+01,-7.539652456874912367e-02,6.133113380056507899e-03,1.168386560326796664e+00
3.835000000000000142e+01,-7.546034506653101492e-02,5.974873648215400096e-03,1.168539542813066046e+00
3.839999999999999858e+01,-7.546328497783480471e-02,5.833239350165025060e-03,1.168720460394086169e+00
3.845000000000000284e+01,-7.545428509496987513e-02,5.792597061322976235e-03,1.168803891602120837e+00
3.850000000000000000e+01,-7.544871364630165167e-02,5.848668673190456947e-03,1.168788948537625938e+00
3.854999999999999716e+01,-7.544105868742029264e-02,5.813992948304887338e-03,1.168910636648402335e+00
3.860000000000000142e+01,-7.541944730113706030e-02,5.894020532062609931e-03,1.168817862226683379e+00
3.864999999999999858e+01,-7.538500689558233492e-02,5.967472947336940371e-03,1.168735239646996993e+00
3.870000000000000284e+01,-7.534455358144420689e-02,5.993897481152597566e-03,1.168723732200940502e+00
3.875000000000000000e+01,-7.533439856807000456e-02,5.976505324558283906e-03,1.168700771879458200e+00
3.879999999999999716e+01,-7.527837832324515976e-02,5.943979555991928121e-03,1.168815172885165454e+00
3.885000000000000142e+01,-7.523020309055156174e-02,5.964327426395108628e-03,1.168861876862406390e+00
3.889999999999999858e+01,-7.520908045907653827e-02,6.034608308676764170e-03,1.168804936844125120e+00
3.895000000000000284e+01,-7.522034421556719752e-02,6.008572885018013086e-03,1.168832302674050361e+00
3.900000000000000000e+01,-7.525633249473398512e-02,5.963660078533333450e-03,1.168726525636177849e+00
3.904999999999999716e+01,-7.529958793639573988e-02,5.943277415400816457e-03,1.168756272177229549e+00
3.910000000000000142e+01,-7.535032489264265054e-02,5.960238210381690015e-03,1.168991306455776424e+00
3.914999999999999858e+01,-7.544162402870044359e-02,6.002649564378127224e-03,1.169306699115834958e+00
3.920000000000000284e+01,-7.546993143317193287e-02,6.115007405310866895e-03,1.169606442763416077e+00
3.925000000000000000e+01,-7.545193604930341968e-02,6.277873718165738470e-03,1.169840173919056703e+00
3.929999999999999716e+01,-7.540149466438625381e-02,6.472774005861903560e-03,1.169976220997267058e+00
3.935000000000000142e+01,-7.538814005145169639e-02,6.589608840302618557e-03,1.170011451772367428e+00
3.939999999999999858e+01,-7.536923918364688002e-02,6.649285007822265843e-03,1.169885253410425818e+00
3.945000000000000284e+01,-7.534216793178014071e-02,6.725353133800823606e-03,1.169721788818894437e+00
3.950000000000000000e+01,-7.530763580900318166e-02,6.849556270443227408e-03,1.169599529705726670e+00
3.954999999999999716e+01,-7.529787633977313988e-02,6.866934063163650410e-03,1.169604006519082695e+00
3.960000000000000142e+01,-7.525819481559714585e-02,6.954494498111070053e-03,1.169571159426821438e+00
3.964999999999999858e+01,-7.521894511761190172e-02,6.980449717158312452e-03,1.169536001758890942e+00
3.970000000000000284e+01,-7.520298116479814943e-02,6.865985554141612601e-03,1.169517515054720125e+00
3.975000000000000000e+01,-7.527545360206416847e-02,6.615299753139809030e-03,1.169495925016614146e+00
3.979999999999999716e+01,-7.533170845144379624e-02,6.398448228179163220e-03,1.169368694045773927e+00
3.985000000000000142e+01,-7.536750450538520774e-02,6.203966160454591448e-03,1.169215052713234337e+00
3.989999999999999858e+01,-7.538052287768309823e-02,6.034493202082929532e-03,1.169072135105195365e+00
3.995000000000000284e+01,-7.538044501276847109e-02,6.003760007916986857e-03,1.168827254658620252e+00
4.000000000000000000e+01,-7.536778431944651802e-02,6.057239159324584628e-03,1.168924792776918631e+00
4.004999999999999716e+01,-7.537565186174888243e-02,6.108039936618843251e-03,1.169251121757415746e+00
4.010000000000000142e+01,-7.542075079244406344e-02,6.109723715363946962e-03,1.169710075461047660e+00
4.014999999999999858e+01,-7.545990915923586617e-02,6.123091464271986951e-03,1.169835999859614173e+00
4.020000000000000284e+01,-7.551619157501865409e-02,6.151072575331153862e-03,1.170037600739919137e+00
4.025000000000000000e+01,-7.556189609604982427e-02,6.233106536775826455e-03,1.170052658279118196e+00
4.029999999999999716e+01,-7.557849273305908278e-02,6.393669436190030538e-03,1.169727649751142184e+00
4.035000000000000142e+01,-7.554048024856832577e-02,6.630120556417705945e-03,1.169137019579209902e+00
4.039999999999999858e+01,-7.549780230722649699e-02,6.784076765598702485e-03,1.168965609744031964e+00
4.045000000000000284e+01,-7.545297707134165921e-02,6.879529081346245391e-03,1.169046054677486346e+00
4.050000000000000000e+01,-7.540909515564775401e-02,6.921668472047033151e-03,1.169269031155824257e+00
4.054999999999999716e+01,-7.538788578298563636e-02,6.816047535294204353e-03,1.169399818056474194e+00
4.060000000000000142e+01,-7.544930377677278033e-02,6.621141248662027259e-03,1.169824304800233250e+00
4.064999999999999858e+01,-7.555516877051643432e-02,6.360800451136553249e-03,1.170295838040923631e+00
4.070000000000000284e+01,-7.567953523400294813e-02,6.061233880275281559e-03,1.170638923491077010e+00
4.075000000000000000e+01,-7.576050789132474095e-02,5.904815812395123285e-03,1.170438562240069702e+00
4.079999999999999716e+01,-7.580329411427255693e-02,5.759169550107353514e-03,1.170403281101893622e+00
4.085000000000000142e+01,-7.579798157061695685e-02,5.674201284585972220e-03,1.170387049760003517e+00
4.089999999999999858e+01,-7.574090898917493209e-02,5.677657356472535534e-03,1.170315224440882318e+00
4.095000000000000284e+01,-7.567766447853788159e-02,5.727073644498962939e-03,1.170325649489229569e+00
4.100000000000000000e+01,-7.563891089140500901e-02,5.763198212594767937e-03,1.170438625306370328e+00
4.104999999999999716e+01,-7.562251184656612613e-02,5.753782583260588952e-03,1.170659742721477548e+00
4.110000000000000142e+01,-7.562460942580317980e-02,5.695161954089077508e-03,1.170948738800606792e+00
4.114999999999999858e+01,-7.560323595159679222e-02,5.802515066482152525e-03,1.170700177580440204e+00
4.120000000000000284e+01,-7.559334261401873256e-02,5.868240217649626014e-03,1.170569621126274162e+00
4.125000000000000000e+01,-7.558206629600799920e-02,5.915970412519025445e-03,1.170505588453319534e+00
4.129999999999999716e+01,-7.556198228308597109e-02,5.961248214568723620e-03,1.170479286099787464e+00
4.135000000000000142e+01,-7.553529962838143041e-02,6.032200350042763587e-03,1.170485336116738440e+00
4.139999999999999858e+01,-7.551020293403085115e-02,6.089005239576728880e-03,1.170519653762097656e+00
4.145000000000000284e+01,-7.545304932896104710e-02,6.215808889282252621e-03,1.170509807956913395e+00
4.150000000000000000e+01,-7.535019532409878429e-02,6.448982673692974475e-03,1.170402339415699489e+00
4.154999999999999716e+01,-7.529284181722187275e-02,6.593330865923000515e-03,1.170071446921134184e+00
4.160000000000000142e+01,-7.528322770549200627e-02,6.685419767158676599e-03,1.169483132383753343e+00
4.164999999999999858e+01,-7.530173151980973367e-02,6.728822815145273084e-03,1.168997609514902392e+00
4.170000000000000284e+01,-7.533789991812200881e-02,6.718498018646872072e-03,1.168811199506697873e+00
4.175000000000000000e+01,-7.539545142648090836e-02,6.579315368177407475e-03,1.168687976181458588e+00
4.179999999999999716e+01,-7.547009830048301282e-02,6.365293402034311390e-03,1.168609074076661036e+00
4.185000000000000142e+01,-7.548449599806542065e-02,6.247200814787644968e-03,1.168673078783212693e+00
4.189999999999999858e+01,-7.540441403743750048e-02,6.300109373772470357e-03,1.168910840659650674e+00
4.195000000000000284e+01,-7.539739599522701785e-02,6.161016794390579421e-03,1.168918612832276160e+00
4.200000000000000000e+01,-7.537653921591372375e-02,6.090195489327531256e-03,1.168993125506813779e+00
4.204999999999999716e+01,-7.534859041498959131e-02,6.068716024194990670e-03,1.169172223959436874e+00
4.210000000000000142e+01,-7.531396165124068509e-02,6.090371669042561609e-03,1.169430732934437778e+00
4.214999999999999858e+01,-7.522906823298713963e-02,6.201084491687599426e-03,1.169114342624797187e+00
4.220000000000000284e+01,-7.516465916322881413e-02,6.230906411160242603e-03,1.168898598395106125e+00
4.225000000000000000e+01,-7.507351363935232946e-02,6.278013067042922252e-03,1.168841345310325464e+00
4.229999999999999716e+01,-7.493251281516896678e-02,6.384460823355889332e-03,1.168963815047560528e+00
4.235000000000000142e+01,-7.481142925713551994e-02,6.340992169583291142e-03,1.169042660314967730e+00
4.239999999999999858e+01,-7.474161777410978647e-02,6.141376897583617281e-03,1.169543936645059956e+00
4.245000000000000284e+01,-7.473039251778729186e-02,5.846968162464697208e-03,1.170166554718484964e+00
4.250000000000000000e+01,-7.478574390776743241e-02,5.511644003805582157e-03,1.170708086101188039e+00
4.254999999999999716e+01,-7.493438979436506386e-02,5.401774283715783317e-03,1.170792064409753586e+00
4.260000000000000142e+01,-7.522333596876668027e-02,5.144350699479353570e-03,1.171266831036045009e+00
4.264999999999999858e+01,-7.556647973335370305e-02,4.958216354073692773e-03,1.171871060844209111e+00
4.270000000000000284e+01,-7.591623681587786332e-02,4.958344121263448881e-03,1.172441460769394261e+00
4.275000000000000000e+01,-7.629181497158327163e-02,4.942292486768957646e-03,1.172803717212540953e+00
4.279999999999999716e+01,-7.663998925623302649e-02,4.889803816804091235e-03,1.173415325435432477e+00
4.285000000000000142e+01,-7.696395560631458244e-02,4.914627934077504118e-03,1.174110487649850265e+00
4.289999999999999858e+01,-7.726067687088095104e-02,5.094440692625284810e-03,1.174779126380042005e+00
4.295000000000000284e+01,-7.747506763974459920e-02,5.542279444326934403e-03,1.175225943372522508e+00
4.300000000000000000e+01,-7.769745308945300022e-02,5.889766372554019157e-03,1.175872924950949194e+00
4.304999999999999716e+01,-7.788636310443564081e-02,6.228882000830774507e-03,1.176561476193975331e+00
4.310000000000000142e+01,-7.802241835207676668e-02,6.596734954174354043e-03,1.177190074407673981e+00
4.314999999999999858e+01,-7.818254127626519945e-02,6.776384741785549531e-03,1.177634896819619525e+00
4.320000000000000284e+01,-7.830927396738446289e-02,6.924019843023807887e-03,1.178252779692998464e+00
4.325000000000000000e+01,-7.841896710780593693e-02,7.149605206275881641e-03,1.178870365913603946e+00
4.329999999999999716e+01,-7.852088934078285676e-02,7.502092256839496855e-03,1.179406362673507402e+00
4.335000000000000142e+01,-7.861686947256912861e-02,7.749771640625536910e-03,1.180127889306406885e+00
4.339999999999999858e+01,-7.873160447945520835e-02,8.067190252162856692e-03,1.180456397121000700e+00
4.345000000000000284e+01,-7.890524151257816143e-02,8.256922599538080512e-03,1.180872780771760500e+00
4.350000000000000000e+01,-7.914839112391386378e-02,8.226431024717879847e-03,1.181621006492176162e+00
4.354999999999999716e+01,-7.927099332547205002e-02,8.326770189394845992e-03,1.182168394015776558e+00
4.360000000000000142e+01,-7.927885766747760909e-02,8.594702867168069194e-03,1.182484124786835844e+00
4.364999999999999858e+01,-7.919119962956955305e-02,9.018897574480778598e-03,1.182598798374997706e+00
4.370000000000000284e+01,-7.902288577255223156e-02,9.563839965593064901e-03,1.182584543752110751e+00
4.375000000000000000e+01,-7.885518040778857762e-02,9.797552318666781501e-03,1.183218479814161395e+00
4.379999999999999716e+01,-7.866876432701222499e-02,1.008675232220666157e-02,1.183799841848042433e+00
4.385000000000000142e+01,-7.854740855219324858e-02,1.030252274125602156e-02,1.184655531169047427e+00
4.389999999999999858e+01,-7.856978118275287359e-02,1.033107933643971285e-02,1.186098110721151233e+00
4.395000000000000284e+01,-7.867996942290228501e-02,1.038208566815713649e-02,1.187489369970667230e+00
4.400000000000000000e+01,-7.886597645383089383e-02,1.051865861290564481e-02,1.188763639002006656e+00
4.404999999999999716e+01,-7.918956475412666784e-02,1.058993415900970347e-02,1.189891713038299770e+00
4.410000000000000142e+01,-7.971249680237774138e-02,1.044504829479361852e-02,1.190844387302676832e+00
4.414999999999999858e+01,-8.034193811790643625e-02,1.012856955556466591e-02,1.191827532425231650e+00
4.420000000000000284e+01,-8.099438635466585379e-02,9.826750577978181356e-03,1.192879632382511046e+00
4.425000000000000000e+01,-8.166017927364777051e-02,9.574475072779068188e-03,1.193948986332302953e+00
4.429999999999999716e+01,-8.232965463584418497e-02,9.406626750712101387e-03,1.194983893432395750e+00
4.435000000000000142e+01,-8.292669338604877205e-02,9.593566154302471394e-03,1.196171198686293957e+00
4.439999999999999858e+01,-8.355628594292452416e-02,9.775576111645959201e-03,1.197654991917934675e+00
4.445000000000000284e+01,-8.423470488610780571e-02,9.963243974938966463e-03,1.199173592594313664e+00
4.450000000000000000e+01,-8.497822279523462030e-02,1.016715709637784626e-02,1.200465320182426465e+00
4.454999999999999716e+01,-8.570343944569074057e-02,1.036120618999302259e-02,1.201496509903601684e+00
4.460000000000000142e+01,-8.637741691348863049e-02,1.074052732012444056e-02,1.202313449467348416e+00
4.464999999999999858e+01,-8.701549336571670623e-02,1.120096369327345555e-02,1.202986728363009794e+00
4.470000000000000284e+01,-8.763300696946380031e-02,1.163835851594156867e-02,1.203586936079929615e+00
4.475000000000000000e+01,-8.816686987745604720e-02,1.243931266730570993e-02,1.204129492821610858e+00
4.479999999999999716e+01,-8.871407721054597184e-02,1.312788195606381936e-02,1.204857561996323545e+00
4.485000000000000142e+01,-8.925838197075201819e-02,1.380722800082837681e-02,1.205587468084391434e+00
4.489999999999999858e+01,-8.978353716009236651e-02,1.458051242021166267e-02,1.206135535566138728e+00
4.495000000000000284e+01,-9.027843304077888542e-02,1.514012418136460175e-02,1.206776578209129758e+00
4.500000000000000000e+01,-9.074086281166268697e-02,1.561333813304964860e-02,1.207464723789815286e+00
4.504999999999999716e+01,-9.116729076729809811e-02,1.596901883633849994e-02,1.208239894793665226e+00
4.510000000000000142e+01,-9.155418120223940415e-02,1.617603085230266691e-02,1.209142013706149488e+00
4.514999999999999858e+01,-9.183600547438426631e-02,1.664347725014915513e-02,1.209944170639066119e+00
4.520000000000000284e+01,-9.219127554115806589e-02,1.681620630539126804e-02,1.210741284690464381e+00
4.525000000000000000e+01,-9.261316847143900854e-02,1.682629042563062172e-02,1.211638682289140734e+00
4.529999999999999716e+01,-9.309486133410542485e-02,1.680580201846903002e-02,1.212741689863891636e+00
4.535000000000000142e+01,-9.358254167275270596e-02,1.707245774499061008e-02,1.213722138753306812e+00
4.539999999999999858e+01,-9.411831406405504752e-02,1.733853880649394510e-02,1.214889816688380142e+00
4.545000000000000284e+01,-9.470315121558300908e-02,1.753203661804208016e-02,1.216090915135772166e+00
4.550000000000000000e+01,-9.533802583490685878e-02,1.758094259469795972e-02,1.217171625562143200e+00
4.554999999999999716e+01,-9.594711703488234544e-02,1.759025602815972658e-02,1.218439557123570438e+00
4.560000000000000142e+01,-9.656163250569048395e-02,1.752843682420934801e-02,1.219448335061837474e+00
4.564999999999999858e+01,-9.719122833834295538e-02,1.736592654786906637e-02,1.220438939699797443e+00
4.570000000000000284e+01,-9.784556062385182940e-02,1.707316676416108236e-02,1.221652351360303923e+00
4.575000000000000000e+01,-9.839476666238330949e-02,1.727936094742933346e-02,1.222369411064908817e+00
4.579999999999999716e+01,-9.891381276098175357e-02,1.766079395254101583e-02,1.223008376766078653e+00
4.585000000000000142e+01,-9.947401485987043823e-02,1.799742098844197419e-02,1.223578351572510048e+00
4.589999999999999858e+01,-1.001466888992724596e-01,1.806919726407774443e-02,1.224088438592899175e+00
4.595000000000000284e+01,-1.008872104721608154e-01,1.788320639884172225e-02,1.225049242359407708e+00
4.600000000000000000e+01,-1.016497529461728999e-01,1.779718778923010739e-02,1.225818793891841674e+00
4.604999999999999716e+01,-1.024534675225709512e-01,1.768543591584437191e-02,1.226506382760497615e+00
4.610000000000000142e+01,-1.033175054026172213e-01,1.742224525928584566e-02,1.227221298535671412e+00
4.614999999999999858e+01,-1.041315830467334086e-01,1.746764870155920538e-02,1.227576355760274796e+00
4.620000000000000284e+01,-1.048968311663622255e-01,1.761101784758394018e-02,1.227793482867675090e+00
4.625000000000000000e+01,-1.055949927461892757e-01,1.782138431692051675e-02,1.228018581625282879e+00
4.629999999999999716e+01,-1.062078107709005237e-01,1.806777972912942259e-02,1.228397553800509190e+00
4.635000000000000142e+01,-1.067867173346165877e-01,1.807522295282622260e-02,1.229170160645079113e+00
4.639999999999999858e+01,-1.074069816264574123e-01,1.803269214755811797e-02,1.230062597093647181e+00
4.645000000000000284e+01,-1.080929698576433562e-01,1.792716984275972633e-02,1.230961905907931309e+00
4.650000000000000000e+01,-1.088690482393943892e-01,1.774563856786565141e-02,1.231755129849648966e+00
4.654999999999999716e+01,-1.097549975918131332e-01,1.747842778337493561e-02,1.232661557980037070e+00
4.660000000000000142e+01,-1.107151867912292836e-01,1.716557701937195674e-02,1.233588044611814372e+00
4.664999999999999858e+01,-1.117231855666776935e-01,1.684918865733837923e-02,1.234589050264688126e+00
4.670000000000000284e+01,-1.127525636471937431e-01,1.657136507875571485e-02,1.235719035458366255e+00
4.675000000000000000e+01,-1.137985335831044886e-01,1.628675325731185342e-02,1.236888789137337685e+00
4.679999999999999716e+01,-1.148382991010169080e-01,1.607442164755010575e-02,1.237889190008036655e+00
4.685000000000000142e+01,-1.158903209479911350e-01,1.593051069388770960e-02,1.238695984561651642e+00
4.689999999999999858e+01,-1.169730598710868180e-01,1.585116084074192008e-02,1.239284919289371123e+00
4.695000000000000284e+01,-1.179984047380500112e-01,1.584299135161274658e-02,1.239848626473168292e+00
4.700000000000000000e+01,-1.190019768585308668e-01,1.584629441808047684e-02,1.240358911938277631e+00
4.704999999999999716e+01,-1.200074821229388522e-01,1.586431760572760280e-02,1.240876011663207157e+00
4.710000000000000142e+01,-1.210386264216834762e-01,1.590030848013664067e-02,1.241460161626464886e+00
4.714999999999999858e+01,-1.220916147625394910e-01,1.601562436814956553e-02,1.242061535559037200e+00
4.720000000000000284e+01,-1.231904698543926785e-01,1.594430045862040013e-02,1.242746561048787113e+00
4.725000000000000000e+01,-1.243050368696377306e-01,1.581071728609657889e-02,1.243461499123977632e+00
4.729999999999999716e+01,-1.254051609806697831e-01,1.573925538512558828e-02,1.244152610812872206e+00
4.735000000000000142e+01,-1.264838176493097988e-01,1.565682794506111780e-02,1.244878386157310723e+00
4.739999999999999858e+01,-1.276009659630391591e-01,1.557852814655590577e-02,1.245420591244893238e+00
4.745000000000000284e+01,-1.286962744255959745e-01,1.567491205766436205e-02,1.245818608341207501e+00
4.750000000000000000e+01,-1.297094115407177728e-01,1.611653574644093811e-02,1.246111819711840818e+00
4.754999999999999716e+01,-1.307875489046060880e-01,1.652027448743884422e-02,1.246539703417360867e+00
4.760000000000000142e+01,-1.319018450112827701e-01,1.663531760674340915e-02,1.247298923636705137e+00
4.764999999999999858e+01,-1.330227303771944480e-01,1.654883839250173225e-02,1.248244170777225381e+00
4.770000000000000284e+01,-1.341206355187883892e-01,1.634801013286105165e-02,1.249230135246273576e+00
4.775000000000000000e+01,-1.352029797657621213e-01,1.600164111459330754e-02,1.250341929366227900e+00
4.779999999999999716e+01,-1.363452806381507676e-01,1.572469158006976897e-02,1.251295054516801786e+00
4.785000000000000142e+01,-1.374784278672061266e-01,1.564643617411357740e-02,1.252104889045619673e+00
4.789999999999999858e+01,-1.385333111841795528e-01,1.589614954154793675e-02,1.252786811300305780e+00
4.795000000000000284e+01,-1.396039211044080020e-01,1.647129383800286992e-02,1.253209734851711055e+00
4.800000000000000000e+01,-1.407104801899526081e-01,1.701047057619971617e-02,1.253601392062342779e+00
4.804999999999999716e+01,-1.418276314694495444e-01,1.744236641954755723e-02,1.253967098235242661e+00
4.810000000000000142e+01,-1.429300179715350672e-01,1.769566803145534994e-02,1.254312168673452632e+00
4.814999999999999858e+01,-1.440315325727420936e-01,1.791151121177481098e-02,1.254613797731660707e+00
4.820000000000000284e+01,-1.451229316490380006e-01,1.780007964959545719e-02,1.255199547731601806e+00
4.825000000000000000e+01,-1.462033491142827879e-01,1.753030964795144336e-02,1.255884647814224930e+00
4.829999999999999716e+01,-1.472719188823368719e-01,1.727113750987701798e-02,1.256484327120478639e+00
4.835000000000000142e+01,-1.483487618681396669e-01,1.742451810454255165e-02,1.256697321065841200e+00
4.839999999999999858e+01,-1.494467510777562069e-01,1.742402306169913220e-02,1.256984715886468873e+00
4.845000000000000284e+01,-1.505799613225994871e-01,1.723308134529351679e-02,1.257358171605194253e+00
4.850000000000000000e+01,-1.517809533565716851e-01,1.672999027816685774e-02,1.257865993590199238e+00
4.854999999999999716e+01,-1.530697804025821507e-01,1.635688051458242601e-02,1.258286887002787680e+00
4.860000000000000142e+01,-1.543819757986845120e-01,1.551014192266338652e-02,1.259182651017626275e+00
4.864999999999999858e+01,-1.557102785339632978e-01,1.453563804106809861e-02,1.260218320347167298e+00
4.870000000000000284e+01,-1.570515366807672120e-01,1.409512049265446328e-02,1.260756749684485589e+00
4.875000000000000000e+01,-1.584146715603731159e-01,1.379717571166910912e-02,1.261277638020576353e+00
4.879999999999999716e+01,-1.597352433098492841e-01,1.343972661142608244e-02,1.261916262352767326e+00
4.885000000000000142e+01,-1.610371961495817572e-01,1.297944557488194504e-02,1.262674399782116375e+00
4.889999999999999858e+01,-1.623688442030041534e-01,1.236413820883603722e-02,1.263543051866591549e+00
4.895000000000000284e+01,-1.637251851222233656e-01,1.164389089339942784e-02,1.264546750131987141e+00
4.900000000000000000e+01,-1.651146839971214253e-01,1.113012102174909708e-02,1.265471717823972497e+00
4.904999999999999716e+01,-1.665419937955753826e-01,1.096761342987766577e-02,1.266173968889115375e+00
4.910000000000000142e+01,-1.680157276379652953e-01,1.137879299089398014e-02,1.266425773233957663e+00
4.914999999999999858e+01,-1.694354544722142808e-01,1.190029306466889453e-02,1.266619818103058348e+00
4.920000000000000284e+01,-1.708345576764004059e-01,1.233894818394083194e-02,1.266854529949646091e+00
4.925000000000000000e+01,-1.722224237464982932e-01,1.266223413200888437e-02,1.267129851549249731e+00
4.929999999999999716e+01,-1.736101253399988664e-01,1.283458400966892496e-02,1.267434730103382368e+00
4.935000000000000142e+01,-1.749870115963546302e-01,1.277910433745117584e-02,1.267935278201330451e+00
4.939999999999999858e+01,-1.763422893224151633e-01,1.314192009338530434e-02,1.267973796134561848e+00
4.945000000000000284e+01,-1.776720600869790001e-01,1.387184725173210703e-02,1.267624921881429056e+00
4.950000000000000000e+01,-1.789698860521505008e-01,1.481462099309346220e-02,1.267083397810418122e+00
4.954999999999999716e+01,-1.802328141674900686e-01,1.548690478497601920e-02,1.266429455678064198e+00
4.960000000000000142e+01,-1.814849028237327244e-01,1.616989529543834750e-02,1.265728066584280054e+00
4.964999999999999858e+01,-1.827238149987422677e-01,1.697937227691312043e-02,1.264901324692859763e+00
4.970000000000000284e+01,-1.839417942355137114e-01,1.808163676670193273e-02,1.263802127291100419e+00
4.975000000000000000e+01,-1.850666004613049087e-01,1.933182509758001044e-02,1.262617683550622871e+00
4.979999999999999716e+01,-1.861011862951106322e-01,2.092721253956746075e-02,1.261140451248621952e+00
4.985000000000000142e+01,-1.870617655360054810e-01,2.266598638682896724e-02,1.259425317416976942e+00
4.989999999999999858e+01,-1.879720294707399042e-01,2.418557879074925351e-02,1.257581570197248810e+00
4.995000000000000284e+01,-1.888923605845959086e-01,2.451157725178699370e-02,1.255926593970999816e+00
5.000000000000000000e+01,-1.897802433056755833e-01,2.474437785723109309e-02,1.254384349256757236e+00
5.004999999999999716e+01,-1.906224548970103794e-01,2.493730425065462247e-02,1.252968387440202669e+00
5.010000000000000142e+01,-1.913998779227118474e-01,2.503513532756546436e-02,1.251717749164663385e+00
5.014999999999999858e+01,-1.920810083397710144e-01,2.513468446614159843e-02,1.250782470610328323e+00
5.020000000000000284e+01,-1.927960395387435799e-01,2.535509206980304450e-02,1.249572245808505233e+00
5.025000000000000000e+01,-1.935475434147402030e-01,2.566179925589693461e-02,1.248096230517582450e+00
5.029999999999999716e+01,-1.943245859726756564e-01,2.598448142528946361e-02,1.246434656608378377e+00
5.035000000000000142e+01,-1.951344409407650693e-01,2.600848703661819139e-02,1.244690615604195028e+00
5.039999999999999858e+01,-1.959257248139257279e-01,2.605577596474342381e-02,1.242973925392716783e+00
5.045000000000000284e+01,-1.966993197574734842e-01,2.604396317890414481e-02,1.241364976831477618e+00
5.050000000000000000e+01,-1.974626140151890530e-01,2.578782219245569565e-02,1.239991375425999465e+00
5.054999999999999716e+01,-1.982491681331164379e-01,2.520344544067463360e-02,1.239010691399857089e+00
5.060000000000000142e+01,-1.991279384817229436e-01,2.445048395667030403e-02,1.237878096861102728e+00
5.064999999999999858e+01,-2.000671272629919728e-01,2.367845812652202495e-02,1.236648807804054728e+00
5.070000000000000284e+01,-2.010064495785806316e-01,2.312009409856932360e-02,1.235483564894495512e+00
5.075000000000000000e+01,-2.019474051125375036e-01,2.270029377702766082e-02,1.234290201221155181e+00
5.079999999999999716e+01,-2.028452407895947052e-01,2.233561442756717627e-02,1.233056786504647784e+00
5.085000000000000142e+01,-2.037162672636195493e-01,2.195777065141151993e-02,1.231834057828115281e+00
5.089999999999999858e+01,-2.045928353741217343e-01,2.146081483363014922e-02,1.230710460193015443e+00
5.095000000000000284e+01,-2.054456080766675075e-01,2.086233827622163348e-02,1.229646960328941052e+00
5.100000000000000000e+01,-2.062768427835897922e-01,2.046976269897500533e-02,1.228418557152693102e+00
5.104999999999999716e+01,-2.070837331996371322e-01,2.019653845620519861e-02,1.227104889804992549e+00
5.110000000000000142e+01,-2.078600470757602237e-01,1.986075087037958778e-02,1.225866938670989281e+00
5.114999999999999858e+01,-2.085696988602382396e-01,1.973337632493648089e-02,1.224499229988939897e+00
5.120000000000000284e+01,-2.091958347323288059e-01,1.974300978411783897e-02,1.223008006438774498e+00
5.125000000000000000e+01,-2.097513083021390334e-01,1.981643344347152821e-02,1.221453318849234027e+00
5.129999999999999716e+01,-2.102568434871020797e-01,1.984139099534718703e-02,1.219933557016427361e+00
5.135000000000000142e+01,-2.106843333086766690e-01,1.983918134254092705e-02,1.218476822065897247e+00
5.139999999999999858e+01,-2.110804486971503136e-01,1.992632604316226311e-02,1.216954993765323678e+00
5.145000000000000284e+01,-2.114435522286707003e-01,2.001082459012171882e-02,1.215440396616366048e+00
5.150000000000000000e+01,-2.117631727214297210e-01,1.992067228975674328e-02,1.214073276463063733e+00
5.154999999999999716e+01,-2.120544014795512355e-01,1.972559772209933962e-02,1.212770789947740457e+00
5.160000000000000142e+01,-2.123127733349512991e-01,1.944046787829295520e-02,1.211456522798376678e+00
5.164999999999999858e+01,-2.125369406398070760e-01,1.911193660066477090e-02,1.210176714090357875e+00
5.170000000000000284e+01,-2.127235651204053279e-01,1.881541289891601118e-02,1.209021727853893502e+00
5.175000000000000000e+01,-2.128824371480004252e-01,1.855547104004441963e-02,1.208071509511985386e+00
5.179999999999999716e+01,-2.130266029548663065e-01,1.855026864867238140e-02,1.207061848152270800e+00
5.185000000000000142e+01,-2.131543530530496111e-01,1.870682575570801684e-02,1.205950169662676652e+00
5.189999999999999858e+01,-2.132602871072281636e-01,1.884598960570636403e-02,1.204693737775227813e+00
5.195000000000000284e+01,-2.134430488917604951e-01,1.870020779847437337e-02,1.202963186874950408e+00
5.200000000000000000e+01,-2.136535850231736922e-01,1.830250317843765129e-02,1.201363846477580877e+00
5.204999999999999716e+01,-2.138503993731665775e-01,1.786449628526494762e-02,1.199877952853859231e+00
5.210000000000000142e+01,-2.139686199625182028e-01,1.774020231885421739e-02,1.198401398255421357e+00
5.214999999999999858e+01,-2.142228071613449247e-01,1.764080861071241901e-02,1.197104607306112234e+00
5.220000000000000284e+01,-2.144726701687400539e-01,1.768223641035051794e-02,1.196225767508827031e+00
5.225000000000000000e+01,-2.147392024329660420e-01,1.783664812082545389e-02,1.195591175050613852e+00
5.229999999999999716e+01,-2.150773079890092310e-01,1.804685356994520373e-02,1.194885559473999548e+00
5.235000000000000142e+01,-2.154569788491232374e-01,1.802293050556108556e-02,1.193970718642838769e+00
5.239999999999999858e+01,-2.157992866154371803e-01,1.780984528042050402e-02,1.193171354599948497e+00
5.245000000000000284e+01,-2.160505270841384384e-01,1.759913143843326241e-02,1.192425191001634133e+00
5.250000000000000000e+01,-2.161252745652377794e-01,1.771107650854588517e-02,1.191586222635503622e+00
5.254999999999999716e+01,-2.161054689484906144e-01,1.717200599106306555e-02,1.190924549889590844e+00
5.260000000000000142e+01,-2.159359564242543383e-01,1.645064206460894116e-02,1.190486987465336544e+00
5.264999999999999858e+01,-2.156554678961248028e-01,1.563571100060799288e-02,1.190094865988147399e+00
5.270000000000000284e+01,-2.153318760677291333e-01,1.481242285023392884e-02,1.189440055475947222e+00
5.275000000000000000e+01,-2.149171618744887824e-01,1.436264463205684343e-02,1.188627070212904480e+00
5.279999999999999716e+01,-2.144557839439037161e-01,1.431934441389996239e-02,1.187561430586408617e+00
5.285000000000000142e+01,-2.139627804306390990e-01,1.456404614494528210e-02,1.186349353961156705e+00
5.289999999999999858e+01,-2.134564240595035467e-01,1.490445558452324279e-02,1.185177061895426931e+00
5.295000000000000284e+01,-2.130647699697009179e-01,1.544123388988851570e-02,1.183953229145991548e+00
5.300000000000000000e+01,-2.128015716501234778e-01,1.595932350390218135e-02,1.182843093968537040e+00
5.304999999999999716e+01,-2.126646042303680373e-01,1.641447782255939583e-02,1.181843736022915037e+00
5.310000000000000142e+01,-2.127118597428876434e-01,1.670513106354476821e-02,1.180974476206255730e+00
5.314999999999999858e+01,-2.128674694000286527e-01,1.724506264636863420e-02,1.180110771558554150e+00
5.320000000000000284e+01,-2.130335435702020719e-01,1.774613079556379425e-02,1.179351910291007943e+00
5.325000000000000000e+01,-2.131998387844359910e-01,1.808923346611758173e-02,1.178675241459539391e+00
5.329999999999999716e+01,-2.133887369187101868e-01,1.807072303925848222e-02,1.177963381786661046e+00
5.335000000000000142e+01,-2.136575015446916803e-01,1.801739406617096709e-02,1.177328352945613110e+00
5.339999999999999858e+01,-2.139268970268085601e-01,1.771638547220281967e-02,1.176917733431846802e+00
5.345000000000000284e+01,-2.141835486770397312e-01,1.718512280490912605e-02,1.176712845301622901e+00
5.350000000000000000e+01,-2.144300220372501731e-01,1.658097406942676474e-02,1.176586820507991682e+00
5.354999999999999716e+01,-2.146233941152952407e-01,1.613624538769956041e-02,1.176420449691832237e+00
5.360000000000000142e+01,-2.147287747533363489e-01,1.572639559765717093e-02,1.176294858023507528e+00
5.364999999999999858e+01,-2.147423177692930896e-01,1.537724411564591817e-02,1.176176069444263339e+00
5.370000000000000284e+01,-2.146678873388374043e-01,1.523465131226857915e-02,1.175920041422558349e+00
5.375000000000000000e+01,-2.145570115506192366e-01,1.522236278447226462e-02,1.175583397030452115e+00
5.379999999999999716e+01,-2.144187701392679946e-01,1.527418256085304182e-02,1.175201570391275263e+00
5.385000000000000142e+01,-2.142655185295955222e-01,1.537369063667424693e-02,1.174792058629068769e+00
5.389999999999999858e+01,-2.141283813841935724e-01,1.550973668633474911e-02,1.174386535424659872e+00
5.395000000000000284e+01,-2.140573343094298031e-01,1.562377555590671770e-02,1.174074675581511462e+00
5.400000000000000000e+01,-2.139819438744866298e-01,1.562822837714974641e-02,1.173886342731994104e+00
5.404999999999999716e+01,-2.138817685905307076e-01,1.549087956178630231e-02,1.173803379891275700e+00
5.410000000000000142e+01,-2.137332426322646195e-01,1.515802534910029760e-02,1.173759986725646742e+00
5.414999999999999858e+01,-2.136318470057030905e-01,1.491617667580007016e-02,1.173646113719094997e+00
5.420000000000000284e+01,-2.135916076156768872e-01,1.477546641813535372e-02,1.173449098275292979e+00
5.425000000000000000e+01,-2.136044735828629415e-01,1.473849605875164094e-02,1.173205353329414891e+00
5.429999999999999716e+01,-2.136410920219420362e-01,1.481150382051356698e-02,1.173027738222035987e+00
5.435000000000000142e+01,-2.137032863883103484e-01,1.482332491841213337e-02,1.172757995275020226e+00
5.439999999999999858e+01,-2.137535864593072821e-01,1.479264730146479835e-02,1.172381957069632996e+00
5.445000000000000284e+01,-2.137633633117579646e-01,1.468567519741036109e-02,1.172009709312433312e+00
5.450000000000000000e+01,-2.136664489769789232e-01,1.438932398173095595e-02,1.171975049454019535e+00
5.454999999999999716e+01,-2.135660807293623675e-01,1.398395580515628296e-02,1.171964228842006461e+00
5.460000000000000142e+01,-2.134588843415521908e-01,1.362724234239924559e-02,1.172144812016602922e+00
5.464999999999999858e+01,-2.133465164812161086e-01,1.334951187963638077e-02,1.172502901995699398e+00
5.470000000000000284e+01,-2.132355014222339362e-01,1.315872047800590965e-02,1.172913942456953684e+00
5.475000000000000000e+01,-2.131864743392294093e-01,1.307863932778991281e-02,1.173013461953136938e+00
5.479999999999999716e+01,-2.131938019800377615e-01,1.308159882579994736e-02,1.172904179955076120e+00
5.485000000000000142e+01,-2.132123343043497710e-01,1.320600859950302360e-02,1.172677551980670474e+00
5.489999999999999858e+01,-2.131118219702425598e-01,1.358519041948722493e-02,1.172544603272625663e+00
5.495000000000000284e+01,-2.131109603799000995e-01,1.387476636793264807e-02,1.172252173780400586e+00
5.500000000000000000e+01,-2.131399195881291952e-01,1.407343544529869594e-02,1.172124445013596583e+00
5.504999999999999716e+01,-2.131367743129880532e-01,1.399018757610254009e-02,1.172356919129541319e+00
5.510000000000000142e+01,-2.129544964021615749e-01,1.304919665399018047e-02,1.173367877969100359e+00
5.514999999999999858e+01,-2.129005012790706475e-01,1.268998351043245341e-02,1.174003810076192256e+00
5.520000000000000284e+01,-2.129499249127911331e-01,1.259746539702981741e-02,1.174277129544850862e+00
5.525000000000000000e+01,-2.130651671775550815e-01,1.275275052587161728e-02,1.174188095951885336e+00
5.529999999999999716e+01,-2.131507936648951440e-01,1.327908097583131025e-02,1.173716856875612446e+00
5.535000000000000142e+01,-2.133276896034342895e-01,1.382911261540979188e-02,1.173041820917822609e+00
5.539999999999999858e+01,-2.135019139822980638e-01,1.423866133002212910e-02,1.172388745621013806e+00
5.545000000000000284e+01,-2.135994943196640461e-01,1.430670716639942559e-02,1.172023931755177939e+00
5.550000000000000000e+01,-2.134489940390097706e-01,1.351319390624296062e-02,1.172625564517445040e+00
5.554999999999999716e+01,-2.133696549463379166e-01,1.309139351779377118e-02,1.173056714241191401e+00
5.560000000000000142e+01,-2.133264133089580739e-01,1.302060133562605616e-02,1.173233103292127932e+00
5.564999999999999858e+01,-2.133141063252271541e-01,1.325745778593874838e-02,1.173190144008177116e+00
5.570000000000000284e+01,-2.133375144253293609e-01,1.369653312895300311e-02,1.173069655180309256e+00
5.575000000000000000e+01,-2.133656975711279158e-01,1.444197056274861869e-02,1.172784859302971050e+00
5.579999999999999716e+01,-2.133888669048956410e-01,1.500284545327699656e-02,1.172528248188069444e+00
5.585000000000000142e+01,-2.134104890209110872e-01,1.526909741851916608e-02,1.172348869273593941e+00
5.589999999999999858e+01,-2.134460417864771919e-01,1.516779078678009984e-02,1.172291299465658687e+00
5.595000000000000284e+01,-2.134957199719478005e-01,1.467305583784786135e-02,1.172338202693463227e+00
5.600000000000000000e+01,-2.135363036316747509e-01,1.426171574362168279e-02,1.172325202229620222e+00
5.604999999999999716e+01,-2.135677553508615045e-01,1.399063723263389673e-02,1.172249892728709275e+00
5.610000000000000142e+01,-2.136021161433231119e-01,1.377687704617827635e-02,1.172191264711843983e+00
5.614999999999999858e+01,-2.135824995941980331e-01,1.410195338132087632e-02,1.172186150719041198e+00
5.620000000000000284e+01,-2.135528294127835014e-01,1.438014249868745965e-02,1.172187225224009310e+00
5.625000000000000000e+01,-2.138415496652461556e-01,1.459403165965789638e-02,1.172213670673313057e+00
5.629999999999999716e+01,-2.154099546438379698e-01,1.500496899965942862e-02,1.172348755401484866e+00
5.635000000000000142e+01,-2.122435067370049000e-01,1.433057148972552777e-02,1.171854944622524375e+00
5.639999999999999858e+01,-2.091792473860075441e-01,1.355276477042133623e-02,1.171363092150153884e+00
5.645000000000000284e+01,-2.071511017558804457e-01,1.293759768212575031e-02,1.171026021135008310e+00
5.650000000000000000e+01,-2.063602148947342452e-01,1.275051027761863603e-02,1.170962585833394964e+00
5.654999999999999716e+01,-2.068973647249143788e-01,1.303253710734372274e-02,1.171150074507150585e+00
5.660000000000000142e+01,-2.085037510981748998e-01,1.353414832941920651e-02,1.171383328517980660e+00
5.664999999999999858e+01,-2.111842439025231610e-01,1.419383795907883279e-02,1.171674336207971789e+00
5.670000000000000284e+01,-2.151339312103877077e-01,1.496989581812803796e-02,1.172171292844658819e+00
5.675000000000000000e+01,-2.143410825153182209e-01,1.457230743366171033e-02,1.172023912282604163e+00
5.679999999999999716e+01,-2.136320549235913580e-01,1.429350758707783990e-02,1.171902591014995387e+00
5.685000000000000142e+01,-2.136306768359068908e-01,1.432680686468512654e-02,1.171903338021198726e+00
5.689999999999999858e+01,-2.136128496703428858e-01,1.456077939457529544e-02,1.171954199792767826e+00
5.695000000000000284e+01,-2.135884286132442855e-01,1.462732013400070905e-02,1.171998477784170101e+00
5.700000000000000000e+01,-2.135626680148509648e-01,1.450240295622219101e-02,1.172028422401520276e+00
5.704999999999999716e+01,-2.135443518912980010e-01,1.437364791572899939e-02,1.172024219944211021e+00
5.710000000000000142e+01,-2.135569515046579492e-01,1.480948855511042550e-02,1.171930050885047425e+00
5.714999999999999858e+01,-2.135043505603593517e-01,1.520553274338012906e-02,1.171905623060145452e+00
5.720000000000000284e+01,-2.134878058842134552e-01,1.554851864584818298e-02,1.171882015200968352e+00
5.725000000000000000e+01,-2.134946648000714264e-01,1.586353156869623610e-02,1.171827336103745676e+00
5.729999999999999716e+01,-2.134338331528249089e-01,1.623092771507958498e-02,1.171683055146596875e+00
5.735000000000000142e+01,-2.134096373033302907e-01,1.608372806368378941e-02,1.171638832364512606e+00
5.739999999999999858e+01,-2.133980991536213179e-01,1.551403844645123098e-02,1.171708391147472161e+00
5.745000000000000284e+01,-2.134044251313093332e-01,1.480129527036681304e-02,1.171822521281457252e+00
5.750000000000000000e+01,-2.134576326373557043e-01,1.471796269434620837e-02,1.171770578820772180e+00
5.754999999999999716e+01,-2.134588694548420207e-01,1.427835389407004253e-02,1.172061114810803995e+00
5.760000000000000142e+01,-2.134705381003051405e-01,1.402927644591722180e-02,1.172234043673645365e+00
5.764999999999999858e+01,-2.134834667701268063e-01,1.403755869533973924e-02,1.172260697087824433e+00
5.770000000000000284e+01,-2.133997802241705544e-01,1.432329021757603946e-02,1.172305119265971030e+00
5.775000000000000000e+01,-2.133775310507088352e-01,1.425992434756024642e-02,1.172421876180573141e+00
5.779999999999999716e+01,-2.134070818275936587e-01,1.411772174426484915e-02,1.172588596034034980e+00
5.785000000000000142e+01,-2.134703508404191541e-01,1.405749018503674522e-02,1.172752671251249712e+00
5.789999999999999858e+01,-2.134820867332027361e-01,1.446739098814084704e-02,1.172662739011887778e+00
5.795000000000000284e+01,-2.134349401974827698e-01,1.495544766519017743e-02,1.172519174604410130e+00
5.800000000000000000e+01,-2.133198312369101179e-01,1.568453134168239921e-02,1.172299500467139488e+00
5.804999999999999716e+01,-2.131498137802044501e-01,1.662137645736800479e-02,1.172017423761307464e+00
5.810000000000000142e+01,-2.130184017446042632e-01,1.726333126927463019e-02,1.171795514326077203e+00
5.814999999999999858e+01,-2.129188169071333792e-01,1.750439520537560786e-02,1.171718880613648706e+00
5.820000000000000284e+01,-2.129019954915934432e-01,1.737727346351009700e-02,1.171767847425533082e+00
5.825000000000000000e+01,-2.129607866211705447e-01,1.700956077724068496e-02,1.171897953967464767e+00
5.829999999999999716e+01,-2.129553529561894198e-01,1.706858893360137588e-02,1.171892234059298987e+00
5.835000000000000142e+01,-2.130213495063237317e-01,1.676580729587771185e-02,1.171930199969916098e+00
5.839999999999999858e+01,-2.131373509769277086e-01,1.602075357986727788e-02,1.172156374422509195e+00
5.845000000000000284e+01,-2.132869869668194418e-01,1.502050409991173563e-02,1.172498525869321240e+00
5.850000000000000000e+01,-2.134164383223775829e-01,1.497499940400309933e-02,1.172277537987332252e+00
5.854999999999999716e+01,-2.134024424260704267e-01,1.547888482434931455e-02,1.171968402655126917e+00
5.860000000000000142e+01,-2.133751208244988873e-01,1.589949470275127050e-02,1.171707767728674243e+00
5.864999999999999858e+01,-2.133650274371036437e-01,1.606509197698854571e-02,1.171557959073815658e+00
5.870000000000000284e+01,-2.132995063560683136e-01,1.621202156593069821e-02,1.171604530048323323e+00
5.875000000000000000e+01,-2.133395929508076772e-01,1.542046271851633954e-02,1.172041334560536718e+00
5.879999999999999716e+01,-2.133988955583688563e-01,1.454137140092211927e-02,1.172513238860879659e+00
5.885000000000000142e+01,-2.134468390376679792e-01,1.398600310670728396e-02,1.172839523042019216e+00
5.889999999999999858e+01,-2.134743292001690107e-01,1.444216857541856351e-02,1.172683254592258084e+00
5.895000000000000284e+01,-2.134309029432212290e-01,1.494637164689148999e-02,1.172543222447683942e+00
5.900000000000000000e+01,-2.134147277753799254e-01,1.502931527357001355e-02,1.172552092613053487e+00
5.904999999999999716e+01,-2.134415467230903474e-01,1.464243042003958613e-02,1.172723726663541965e+00
5.910000000000000142e+01,-2.134136888381197861e-01,1.442022901161066177e-02,1.172877347660214342e+00
5.914999999999999858e+01,-2.133966437015543394e-01,1.437999604782232328e-02,1.172928102189770616e+00
5.920000000000000284e+01,-2.133454302709123229e-01,1.487696868442197132e-02,1.172684189976801461e+00
5.925000000000000000e+01,-2.132667711407007782e-01,1.583933142094436780e-02,1.172181674535120344e+00
5.929999999999999716e+01,-2.132836173948945702e-01,1.617400102984277097e-02,1.171996153326643642e+00
5.935000000000000142e+01,-2.132993792854611104e-01,1.610137676365477888e-02,1.171927866300633392e+00
5.939999999999999858e+01,-2.133322745710958257e-01,1.562901459586445857e-02,1.172100900014712010e+00
5.945000000000000284e+01,-2.133779108926863455e-01,1.483627514004374169e-02,1.172510142093269314e+00
5.950000000000000000e+01,-2.133770734807468317e-01,1.417416195591246139e-02,1.172879790810572587e+00
5.954999999999999716e+01,-2.133847639320312906e-01,1.421914123177447919e-02,1.173007472866060219e+00
5.960000000000000142e+01,-2.133889498624287617e-01,1.431707582035901018e-02,1.173053352368599755e+00
5.964999999999999858e+01,-2.133926815464136095e-01,1.424641243743367779e-02,1.173084247976173167e+00
5.970000000000000284e+01,-2.134353316727218008e-01,1.399965162802986607e-02,1.173176057716420306e+00
5.975000000000000000e+01,-2.134301344018034452e-01,1.418250909702068428e-02,1.173039969956707562e+00
5.979999999999999716e+01,-2.134082725288413696e-01,1.452631620088955938e-02,1.172881404945772088e+00
5.985000000000000142e+01,-2.133805631260975999e-01,1.488625790179282787e-02,1.172777352763636483e+00
5.989999999999999858e+01,-2.133497795143910192e-01,1.495331114134336101e-02,1.172771369620711157e+00
5.995000000000000284e+01,-2.133472111842448782e-01,1.537894043771355530e-02,1.172655974673456836e+00
6.000000000000000000e+01,-2.133533053452675021e-01,1.547987718658229775e-02,1.172626153181731690e+00
6.004999999999999716e+01,-2.133640369351405275e-01,1.508923315095815100e-02,1.172720158551668002e+00
6.010000000000000142e+01,-2.133929616867570600e-01,1.458124276023629699e-02,1.172780156644718241e+00
6.014999999999999858e+01,-2.134114776218760945e-01,1.427556411179395704e-02,1.172805518711058870e+00
6.020000000000000284e+01,-2.134135245723860208e-01,1.418534559993545052e-02,1.172816760923855783e+00
6.025000000000000000e+01,-2.133944038737420335e-01,1.423076794901181365e-02,1.172855865500069150e+00
6.029999999999999716e+01,-2.133407038249129639e-01,1.393301668663159479e-02,1.173116641729499587e+00
6.035000000000000142e+01,-2.133149126706674614e-01,1.406841121811105468e-02,1.173198615963769065e+00
6.039999999999999858e+01,-2.132962560909616723e-01,1.420123427773586043e-02,1.173282130679630386e+00
6.045000000000000284e+01,-2.132809919993746139e-01,1.419869867833917915e-02,1.173404084606205044e+00
6.050000000000000000e+01,-2.132866101882056054e-01,1.413984777482028138e-02,1.173432388976723306e+00
6.054999999999999716e+01,-2.132970244398161852e-01,1.436640143376570998e-02,1.173324754285366200e+00
6.060000000000000142e+01,-2.132988932982439190e-01,1.474934336084886971e-02,1.173157785311780277e+00
6.064999999999999858e+01,-2.132931231817871698e-01,1.516008209451986943e-02,1.172981099921429626e+00
6.070000000000000284e+01,-2.133100867659586120e-01,1.511979569513731934e-02,1.172929568518037868e+00
6.075000000000000000e+01,-2.132937827278294229e-01,1.510001633964656344e-02,1.172913736537707807e+00
6.079999999999999716e+01,-2.132877929769209091e-01,1.509193204075349667e-02,1.172907748190670230e+00
6.085000000000000142e+01,-2.133046208602715210e-01,1.510561350542408490e-02,1.172888133733081206e+00
6.089999999999999858e+01,-2.133313602198232128e-01,1.521197938004603158e-02,1.172773124352422203e+00
6.095000000000000284e+01,-2.133491531580653244e-01,1.530963904897604359e-02,1.172678856074405696e+00
6.100000000000000000e+01,-2.133643867445544073e-01,1.544525520676323128e-02,1.172606986091332848e+00
6.104999999999999716e+01,-2.133793372061805471e-01,1.554995054572467193e-02,1.172581019876875796e+00
6.110000000000000142e+01,-2.133948449010734383e-01,1.515552940595100810e-02,1.172725560015174251e+00
6.114999999999999858e+01,-2.133751777686281326e-01,1.482995860045318789e-02,1.172870051965454907e+00
6.120000000000000284e+01,-2.133639494331668884e-01,1.460767557151882584e-02,1.172972651949991674e+00
6.125000000000000000e+01,-2.133696375534198386e-01,1.451827195037200431e-02,1.173006974775204769e+00
6.129999999999999716e+01,-2.133572697503053339e-01,1.465316876045642813e-02,1.172908604032588231e+00
6.135000000000000142e+01,-2.133286872723932914e-01,1.506426033314869385e-02,1.172730757904911991e+00
6.139999999999999858e+01,-2.132896753924385380e-01,1.525151709371998232e-02,1.172694931227495463e+00
6.145000000000000284e+01,-2.132445678449415016e-01,1.507019672522960478e-02,1.172841404857827285e+00
6.150000000000000000e+01,-2.132072010489702296e-01,1.466883103843829791e-02,1.172970231714339118e+00
6.154999999999999716e+01,-2.132282245062530335e-01,1.471660415997636667e-02,1.172835411528444283e+00
6.160000000000000142e+01,-2.132653579997483562e-01,1.490422319900142935e-02,1.172654125028304462e+00
6.164999999999999858e+01,-2.133043605086524797e-01,1.518518416912476542e-02,1.172463462765905851e+00
6.170000000000000284e+01,-2.133442761047495417e-01,1.586812723409661285e-02,1.172067406161601655e+00
6.175000000000000000e+01,-2.133539947498532818e-01,1.599171794382042364e-02,1.172013427691322773e+00
6.179999999999999716e+01,-2.133524677547815884e-01,1.570375594526986565e-02,1.172180097662336662e+00
6.185000000000000142e+01,-2.133506940833387877e-01,1.518002255283826610e-02,1.172457277622035443e+00
6.189999999999999858e+01,-2.133747760049426456e-01,1.514222655904551643e-02,1.172448957764625987e+00
6.195000000000000284e+01,-2.133980313141024265e-01,1.529828376370258834e-02,1.172401031996867404e+00
6.200000000000000000e+01,-2.134144070516045266e-01,1.537220452739923408e-02,1.172406973074185066e+00
6.204999999999999716e+01,-2.134245972755831333e-01,1.530144421171775529e-02,1.172470966150554350e+00
6.210000000000000142e+01,-2.134441519137202647e-01,1.526042638147778567e-02,1.172438589680971255e+00
6.214999999999999858e+01,-2.134514171042619646e-01,1.441498733687689680e-02,1.172765961940144486e+00
6.220000000000000284e+01,-2.134751079656767581e-01,1.378360244198288155e-02,1.172967680894714926e+00
6.225000000000000000e+01,-2.135209829284325511e-01,1.373928091073690905e-02,1.172873549662133863e+00
6.229999999999999716e+01,-2.135662120207416637e-01,1.442682959013782788e-02,1.172457921543522241e+00
6.235000000000000142e+01,-2.135706210194316390e-01,1.478101788093881541e-02,1.172333044934188884e+00
6.239999999999999858e+01,-2.135597152532650589e-01,1.499797547081724823e-02,1.172320179636609394e+00
6.245000000000000284e+01,-2.135489254662402137e-01,1.520460273221393988e-02,1.172305924727485626e+00
6.250000000000000000e+01,-2.135496523706413574e-01,1.560278896492762676e-02,1.172140261962582031e+00
6.254999999999999716e+01,-2.134932280249255132e-01,1.522136591118430915e-02,1.172327744472188016e+00
6.260000000000000142e+01,-2.134357764237498900e-01,1.481215601680951552e-02,1.172520659917131614e+00
6.264999999999999858e+01,-2.134104726435510913e-01,1.481895884034835874e-02,1.172513928821896645e+00
6.270000000000000284e+01,-2.134203829935154562e-01,1.528008336226154007e-02,1.172294800254701563e+00
6.275000000000000000e+01,-2.134483160355530040e-01,1.549988231542313681e-02,1.172187921636360652e+00
6.279999999999999716e+01,-2.134731688455594467e-01,1.556585464295475070e-02,1.172172035804931456e+00
6.285000000000000142e+01,-2.134835152403816716e-01,1.551295095083349285e-02,1.172238507442040500e+00
6.289999999999999858e+01,-2.134930845256561571e-01,1.518329232406234741e-02,1.172404316541157954e+00
6.295000000000000284e+01,-2.134234403731303797e-01,1.458165462877971004e-02,1.172722404318205847e+00
6.300000000000000000e+01,-2.133457138150540444e-01,1.415816479251460341e-02,1.172950758475767907e+00
6.304999999999999716e+01,-2.133028062970347971e-01,1.419771227695162605e-02,1.172936610679756964e+00
6.310000000000000142e+01,-2.133121932404483390e-01,1.490174614322022778e-02,1.172574696901661939e+00
6.314999999999999858e+01,-2.133572458923614079e-01,1.558865462965892089e-02,1.172161180563613181e+00
6.320000000000000284e+01,-2.133964622529572475e-01,1.577663583117015073e-02,1.172000246154587755e+00
6.325000000000000000e+01,-2.134105594201217426e-01,1.522477386931149132e-02,1.172241546669376744e+00
6.329999999999999716e+01,-2.134679063163616441e-01,1.466180497596560744e-02,1.172415859695699503e+00
6.335000000000000142e+01,-2.134937559101486859e-01,1.463755575037751881e-02,1.172377678501476117e+00
6.339999999999999858e+01,-2.134978511407870649e-01,1.476025208389580498e-02,1.172300084512444052e+00
6.345000000000000284e+01,-2.134862018737851419e-01,1.479585745217786366e-02,1.172290551703605521e+00
6.350000000000000000e+01,-2.134704464108450883e-01,1.464019184698180445e-02,1.172438860969734487e+00
6.354999999999999716e+01,-2.134812718446534308e-01,1.450108207391903603e-02,1.172528420632066304e+00
6.360000000000000142e+01,-2.134988608979276059e-01,1.440541657305732109e-02,1.172593382685032548e+00
6.364999999999999858e+01,-2.135138198966782808e-01,1.438184252884820366e-02,1.172641060761976162e+00
6.370000000000000284e+01,-2.135529035166685297e-01,1.458164551602506021e-02,1.172514679633192891e+00
6.375000000000000000e+01,-2.135673264485498379e-01,1.404486852721012480e-02,1.171860654490575637e+00
6.379999999999999716e+01,-2.135589208596389010e-01,1.441521212427850605e-02,1.172172663984915264e+00
6.385000000000000142e+01,-2.135300607240503690e-01,1.644194990791243358e-02,1.174186586838417812e+00
6.389999999999999858e+01,-2.135059178896899224e-01,1.698388145596384236e-02,1.175711287783912651e+00
6.395000000000000284e+01,-2.135270053775515375e-01,1.759368421584361908e-02,1.176252340634351023e+00
6.400000000000000000e+01,-2.135665680409181422e-01,1.821103590617573556e-02,1.175971432680038342e+00
6.404999999999999716e+01,-2.136084549962383172e-01,1.869435722990549914e-02,1.174962361586212145e+00
6.409999999999999432e+01,-2.136402985411812172e-01,1.766101513566155010e-02,1.173508688894900676e+00
6.415000000000000568e+01,-2.136450267473496423e-01,1.550845347078047727e-02,1.171764548550127127e+00
6.420000000000000284e+01,-2.136198134486736178e-01,1.413099161524437701e-02,1.171137440468206004e+00
6.425000000000000000e+01,-2.135657924454127665e-01,1.444402667660553245e-02,1.172294211749119297e+00
6.429999999999999716e+01,-2.135301725926931071e-01,1.360015494796291795e-02,1.172749499963378295e+00
6.434999999999999432e+01,-2.135126207611341975e-01,1.307108424193872791e-02,1.173003720982809250e+00
6.440000000000000568e+01,-2.135246105223445601e-01,1.309671679315037654e-02,1.173004373016303337e+00
6.445000000000000284e+01,-2.135710829606765893e-01,1.376539538866893356e-02,1.172733254776907375e+00
6.450000000000000000e+01,-2.136179134103308730e-01,1.419188528433918198e-02,1.172446879206674009e+00
6.454999999999999716e+01,-2.136157951922096343e-01,1.439081669817510872e-02,1.172329124886253515e+00
6.459999999999999432e+01,-2.135917360006820698e-01,1.435289901937194038e-02,1.172332151154594104e+00
6.465000000000000568e+01,-2.135623171470796000e-01,1.411071354234739138e-02,1.172414330794485648e+00
6.470000000000000284e+01,-2.135448336393116209e-01,1.424489051982050052e-02,1.172355918452485879e+00
6.475000000000000000e+01,-2.135100562857181750e-01,1.416321213989902780e-02,1.172370932234341190e+00
6.479999999999999716e+01,-2.134905821434617545e-01,1.414623494048198975e-02,1.172376155510590490e+00
6.484999999999999432e+01,-2.135064458461602421e-01,1.434903835462959798e-02,1.172307136507340752e+00
6.490000000000000568e+01,-2.135636098447560860e-01,1.462169556616578839e-02,1.171965034791003113e+00
6.495000000000000284e+01,-2.136012381926627735e-01,1.451383560620607589e-02,1.171794698324723383e+00
6.500000000000000000e+01,-2.136174014747257710e-01,1.445098214288994057e-02,1.171746326401474247e+00
6.504999999999999716e+01,-2.136109877959122549e-01,1.466707383143229550e-02,1.171796621823732565e+00
6.509999999999999432e+01,-2.135900817150097331e-01,1.493749372505405806e-02,1.171978666588993745e+00
6.515000000000000568e+01,-2.135820810561517846e-01,1.488955189774571197e-02,1.172137841627109323e+00
6.520000000000000284e+01,-2.135683851196153726e-01,1.466338644880471956e-02,1.172396326328927429e+00
6.525000000000000000e+01,-2.135473878916442636e-01,1.438542318945540584e-02,1.172773568006452383e+00
6.529999999999999716e+01,-2.136423239104482952e-01,1.469386076975231180e-02,1.172553262853367251e+00
6.534999999999999432e+01,-2.137024008032107070e-01,1.479210995630870357e-02,1.172480608157667525e+00
6.540000000000000568e+01,-2.137152115923418583e-01,1.495283462630234324e-02,1.172471928739978075e+00
6.545000000000000284e+01,-2.136751403650542225e-01,1.528453590056919054e-02,1.172478610461151094e+00
6.550000000000000000e+01,-2.136211121216609887e-01,1.509284947573163657e-02,1.172484379871858273e+00
6.554999999999999716e+01,-2.135723656013598371e-01,1.469884892750804306e-02,1.172402772681230276e+00
6.559999999999999432e+01,-2.135238897319349516e-01,1.419247630771910094e-02,1.172385322207893710e+00
6.565000000000000568e+01,-2.134787617739676013e-01,1.367517080613857468e-02,1.172494451641604263e+00
6.570000000000000284e+01,-2.135151540661617831e-01,1.381967424740301008e-02,1.172361169209752418e+00
6.575000000000000000e+01,-2.135172590905623502e-01,1.414410963270390682e-02,1.172353990847396332e+00
6.579999999999999716e+01,-2.135015233891792152e-01,1.448190945601082399e-02,1.172416054647106742e+00
6.584999999999999432e+01,-2.134778932060623635e-01,1.473905662092370346e-02,1.172512045322791074e+00
6.590000000000000568e+01,-2.134565654751615638e-01,1.496043912465458425e-02,1.172591903389401446e+00
6.595000000000000284e+01,-2.134468365527114053e-01,1.510663094289177270e-02,1.172615326219934362e+00
6.600000000000000000e+01,-2.134561183978290755e-01,1.519747612167693385e-02,1.172598164824447453e+00
6.604999999999999716e+01,-2.134880022783448850e-01,1.523554691901389188e-02,1.172550536920164976e+00
6.609999999999999432e+01,-2.135256612545878285e-01,1.512287238807164674e-02,1.172497686654569771e+00
6.615000000000000568e+01,-2.135629419390587813e-01,1.498521711305059873e-02,1.172349217329154536e+00
6.620000000000000284e+01,-2.135778465697458772e-01,1.471518262756640362e-02,1.172265479411696232e+00
6.625000000000000000e+01,-2.135590940037485341e-01,1.426489304834055449e-02,1.172333208219964451e+00
6.629999999999999716e+01,-2.135361490400973783e-01,1.388023353076654406e-02,1.172431929709959908e+00
6.634999999999999432e+01,-2.135292557201362018e-01,1.362131563363839191e-02,1.172497895461595663e+00
6.640000000000000568e+01,-2.135238734175570752e-01,1.344724358807454501e-02,1.172590170949223687e+00
6.645000000000000284e+01,-2.135128534100181608e-01,1.335169146959849611e-02,1.172737186303232537e+00
6.650000000000000000e+01,-2.135137503561974348e-01,1.353386418544957719e-02,1.172847920601445715e+00
6.654999999999999716e+01,-2.135480495725692041e-01,1.378428759002054901e-02,1.172786609548051695e+00
6.659999999999999432e+01,-2.135881810284754323e-01,1.400758351595650722e-02,1.172673850502776505e+00
6.665000000000000568e+01,-2.136191701378963304e-01,1.415468897910580372e-02,1.172569858467672477e+00
6.670000000000000284e+01,-2.136547612477700531e-01,1.432599209207426234e-02,1.172355211537648101e+00
6.675000000000000000e+01,-2.136864021801522795e-01,1.439534344958160773e-02,1.172124775717087619e+00
6.679999999999999716e+01,-2.136997470684432743e-01,1.431982297994439587e-02,1.171974788710915538e+00
6.684999999999999432e+01,-2.136878025328655395e-01,1.408260481802365953e-02,1.171954087048437065e+00
6.690000000000000568e+01,-2.136759954018624674e-01,1.418890911596158017e-02,1.171888276230953041e+00
6.695000000000000284e+01,-2.136305802867019543e-01,1.409056764416285329e-02,1.172117664137810822e+00
6.700000000000000000e+01,-2.135603137289726616e-01,1.390216968828167886e-02,1.172528674759466316e+00
6.704999999999999716e+01,-2.134739522702633063e-01,1.373830453397232275e-02,1.173007732086375654e+00
6.709999999999999432e+01,-2.134136879120848151e-01,1.380194284571981123e-02,1.173307792754445078e+00
6.715000000000000568e+01,-2.133719650506533394e-01,1.389730503214814394e-02,1.173513761361238528e+00
6.720000000000000284e+01,-2.133533787104857360e-01,1.405114918520821224e-02,1.173623687429333096e+00
6.725000000000000000e+01,-2.133625239160987785e-01,1.429023339685102367e-02,1.173635620481305430e+00
6.729999999999999716e+01,-2.134309926428691051e-01,1.441674005647355580e-02,1.173227972072626635e+00
6.734999999999999432e+01,-2.134841893566710169e-01,1.436879888739541269e-02,1.172933527762533013e+00
6.740000000000000568e+01,-2.135071918661512191e-01,1.418948254247244523e-02,1.172724546363154374e+00
6.745000000000000284e+01,-2.134850779799564724e-01,1.392186367456084428e-02,1.172573286686621197e+00
6.750000000000000000e+01,-2.134363362528794439e-01,1.359825055103015129e-02,1.172476187875451048e+00
6.754999999999999716e+01,-2.133859606567472533e-01,1.344038517862446505e-02,1.172543301244584057e+00
6.759999999999999432e+01,-2.133486234747950239e-01,1.342645097853533906e-02,1.172683026493102076e+00
6.765000000000000568e+01,-2.133389969902579619e-01,1.353463137195451416e-02,1.172803763320087178e+00
6.770000000000000284e+01,-2.133921896584096978e-01,1.342656464199161112e-02,1.172914862898057464e+00
6.775000000000000000e+01,-2.135259253087065101e-01,1.293707857054361005e-02,1.173386766579079588e+00
6.779999999999999716e+01,-2.137453915456522802e-01,1.225296197530683501e-02,1.174045104643865578e+00
6.784999999999999432e+01,-2.140557759737509447e-01,1.156100367397761182e-02,1.174715507373128354e+00
6.790000000000000568e+01,-2.143828456038346375e-01,1.088600136086013623e-02,1.175398447574857563e+00
6.795000000000000284e+01,-2.145530192507166534e-01,1.026182980786047999e-02,1.176368514902243145e+00
6.800000000000000000e+01,-2.146077199170540184e-01,9.696975945557462229e-03,1.177565658375347990e+00
6.804999999999999716e+01,-2.145883706055036755e-01,9.199926704530099822e-03,1.178929827014234988e+00
6.809999999999999432e+01,-2.144579463271218123e-01,8.804584395416177947e-03,1.180544533401795215e+00
6.815000000000000568e+01,-2.144144715676611357e-01,8.672803625711433817e-03,1.181082768864315735e+00
