time,object_x,object_y,object_z,eef_x,eef_y,eef_z
0.000000000000000000e+00,-4.167651840018629650e-02,2.311159819676787130e-01,9.623735524204770631e-01,-4.126759342994556351e-02,2.792425545435999190e-01,9.978610556852844926e-01
5.000000000000000278e-02,-4.149043113388968529e-02,2.312737463822096273e-01,9.630181895146187054e-01,-4.108150616364895230e-02,2.794003189581307778e-01,9.985056927794261350e-01
1.000000000000000056e-01,-4.130434386759306714e-02,2.314315107967405694e-01,9.636628266087604588e-01,-4.089541889735233415e-02,2.795580833726617476e-01,9.991503298735678884e-01
1.499999999999999944e-01,-4.111825660129645593e-02,2.315892752112714836e-01,9.643074637029021012e-01,-4.070933163105572294e-02,2.797158477871926618e-01,9.997949669677095308e-01
2.000000000000000111e-01,-4.092594688330582209e-02,2.316789855120446606e-01,9.649001814867900206e-01,-4.051702191306508910e-02,2.798055580879658111e-01,1.000387684751597561e+00
2.500000000000000000e-01,-4.072886748148665109e-02,2.317165304249905189e-01,9.654531016624871009e-01,-4.031994251124591810e-02,2.798431030009116971e-01,1.000940604927294419e+00
2.999999999999999889e-01,-4.053178807966748010e-02,2.317540753379363772e-01,9.660060218381841812e-01,-4.012286310942674711e-02,2.798806479138575831e-01,1.001493525102991722e+00
3.499999999999999778e-01,-4.033420650006241948e-02,2.318080825062186212e-01,9.665879374180365025e-01,-3.992528152982168649e-02,2.799346550821397717e-01,1.002075440682844043e+00
4.000000000000000222e-01,-4.013332745040546629e-02,2.319701864391998658e-01,9.673602466782375009e-01,-3.972440248016473330e-02,2.800967590151210440e-01,1.002847749943045041e+00
4.500000000000000111e-01,-3.993244840074851310e-02,2.321322903721811104e-01,9.681325559384384993e-01,-3.952352343050778011e-02,2.802588629481023164e-01,1.003620059203246040e+00
5.000000000000000000e-01,-3.973156935109155991e-02,2.322943943051623550e-01,9.689048651986394978e-01,-3.932264438085082692e-02,2.804209668810835332e-01,1.004392368463447038e+00
5.500000000000000444e-01,-3.952796761342008969e-02,2.324588383047062612e-01,9.696950955690439855e-01,-3.911904264317935670e-02,2.805854108806274394e-01,1.005182598833851415e+00
5.999999999999999778e-01,-3.932318924135168314e-02,2.326242935853055360e-01,9.704930707102721321e-01,-3.891426427111095016e-02,2.807508661612266865e-01,1.005980573975079562e+00
6.500000000000000222e-01,-3.911841086928327660e-02,2.327897488659048109e-01,9.712910458515003898e-01,-3.870948589904254361e-02,2.809163214418259891e-01,1.006778549116307708e+00
6.999999999999999556e-01,-3.891196313478995777e-02,2.329366902042732668e-01,9.720488818053265589e-01,-3.850303816454922479e-02,2.810632627801944450e-01,1.007536385070133989e+00
7.500000000000000000e-01,-3.870086928092750927e-02,2.330321040946091715e-01,9.726950035781780635e-01,-3.829194431068677629e-02,2.811586766705303497e-01,1.008182506842985493e+00
8.000000000000000444e-01,-3.848977542706506771e-02,2.331275179849450763e-01,9.733411253510296790e-01,-3.808085045682433473e-02,2.812540905608662545e-01,1.008828628615836998e+00
8.499999999999999778e-01,-3.827868157320261921e-02,2.332229318752809810e-01,9.739872471238811835e-01,-3.786975660296188623e-02,2.813495044512021592e-01,1.009474750388688502e+00
9.000000000000000222e-01,-3.806966358970309550e-02,2.335020277955905943e-01,9.748253843064934587e-01,-3.766073861946236251e-02,2.816286003715117725e-01,1.010312887571300777e+00
9.499999999999999556e-01,-3.786106954738661934e-02,2.338186358739244575e-01,9.757027355178000683e-01,-3.745214457714588635e-02,2.819452084498456079e-01,1.011190238782607498e+00
1.000000000000000000e+00,-3.765247550507015012e-02,2.341352439522583484e-01,9.765800867291067888e-01,-3.724355053482941713e-02,2.822618165281794989e-01,1.012067589993914218e+00
1.050000000000000044e+00,-3.743963928805824765e-02,2.344244496942446965e-01,9.774538801250021169e-01,-3.703071431781751466e-02,2.825510222701658747e-01,1.012941383389809547e+00
1.100000000000000089e+00,-3.722034600046656566e-02,2.346719459752704684e-01,9.783222581226946879e-01,-3.681142103022583267e-02,2.827985185511916466e-01,1.013809761387502117e+00
1.149999999999999911e+00,-3.700105271287489062e-02,2.349194422562962403e-01,9.791906361203872589e-01,-3.659212774263415763e-02,2.830460148322174185e-01,1.014678139385194688e+00
1.199999999999999956e+00,-3.678175942528320863e-02,2.351669385373219845e-01,9.800590141180798298e-01,-3.637283445504247564e-02,2.832935111132431905e-01,1.015546517382887259e+00
1.250000000000000000e+00,-3.650294050277867047e-02,2.349417364984381917e-01,9.805837877112674184e-01,-3.609401553253793749e-02,2.830683090743593699e-01,1.016071290976074959e+00
1.300000000000000044e+00,-3.622180722096501188e-02,2.346981559280411633e-01,9.810952019500627230e-01,-3.581288225072427889e-02,2.828247285039623415e-01,1.016582705214870153e+00
1.350000000000000089e+00,-3.594067393915135328e-02,2.344545753576441349e-01,9.816066161888580277e-01,-3.553174896891062029e-02,2.825811479335653131e-01,1.017094119453665346e+00
1.399999999999999911e+00,-3.564860013030844710e-02,2.343299431331118676e-01,9.822827069668829125e-01,-3.523967516006771411e-02,2.824565157090330736e-01,1.017770210231690342e+00
1.449999999999999956e+00,-3.534677191184136535e-02,2.343113634677094215e-01,9.831056208746196123e-01,-3.493784694160063237e-02,2.824379360436305997e-01,1.018593124139427042e+00
1.500000000000000000e+00,-3.504494369337429749e-02,2.342927838023069476e-01,9.839285347823564232e-01,-3.463601872313356450e-02,2.824193563782281258e-01,1.019416038047163742e+00
1.550000000000000044e+00,-3.474429669070185772e-02,2.342907507747220563e-01,9.847629592066335924e-01,-3.433537172046112473e-02,2.824173233506432346e-01,1.020250462471441022e+00
1.600000000000000089e+00,-3.445493653281017643e-02,2.344468254642351479e-01,9.857073698113592020e-01,-3.404601156256944344e-02,2.825733980401563539e-01,1.021194873076166632e+00
1.649999999999999911e+00,-3.416557637491849514e-02,2.346029001537482395e-01,9.866517804160849225e-01,-3.375665140467776215e-02,2.827294727296694177e-01,1.022139283680892241e+00
1.699999999999999956e+00,-3.387621621702681385e-02,2.347589748432613588e-01,9.875961910208105321e-01,-3.346729124678608086e-02,2.828855474191825370e-01,1.023083694285618073e+00
1.750000000000000000e+00,-3.357914585457250078e-02,2.349751941194724303e-01,9.885195881253162620e-01,-3.317022088433176780e-02,2.831017666953936085e-01,1.024007091390123581e+00
1.800000000000000044e+00,-3.327811809093701723e-02,2.352222836866733890e-01,9.894321996728480118e-01,-3.286919312069628424e-02,2.833488562625945395e-01,1.024919702937655330e+00
1.850000000000000089e+00,-3.297709032730153367e-02,2.354693732538743478e-01,9.903448112203798726e-01,-3.256816535706080068e-02,2.835959458297955260e-01,1.025832314485187302e+00
1.899999999999999911e+00,-3.265983598782939978e-02,2.356408181032938198e-01,9.912060603785081137e-01,-3.225091101758866680e-02,2.837673906792149703e-01,1.026693563643315432e+00
1.949999999999999956e+00,-3.228729515263885352e-02,2.355545295031028774e-01,9.918923097985261617e-01,-3.187837018239812054e-02,2.836811020790240834e-01,1.027379813063333591e+00
2.000000000000000000e+00,-3.191475431744830726e-02,2.354682409029119072e-01,9.925785592185442097e-01,-3.150582934720757428e-02,2.835948134788330854e-01,1.028066062483351750e+00
2.049999999999999822e+00,-3.154221348225776794e-02,2.353819523027209371e-01,9.932648086385622577e-01,-3.113328851201703495e-02,2.835085248786420875e-01,1.028752311903369687e+00
2.100000000000000089e+00,-3.116600389576169167e-02,2.352584671390256510e-01,9.939597693308941384e-01,-3.075707892552095868e-02,2.833850397149468292e-01,1.029447272595701568e+00
2.149999999999999911e+00,-3.078883655731634236e-02,2.351252715648294578e-01,9.946570041588500555e-01,-3.037991158707560937e-02,2.832518441407506637e-01,1.030144507423657485e+00
2.200000000000000178e+00,-3.041166921887099306e-02,2.349920759906332923e-01,9.953542389868058615e-01,-3.000274424863026007e-02,2.831186485665544428e-01,1.030841742251613180e+00
2.250000000000000000e+00,-3.002920405141825885e-02,2.347252876992727555e-01,9.959362067445973743e-01,-2.962027908117752587e-02,2.828518602751939337e-01,1.031423710009404804e+00
2.299999999999999822e+00,-2.963728232099517926e-02,2.342200379663514076e-01,9.963124241269241121e-01,-2.922835735075444627e-02,2.823466105422726136e-01,1.031799927391731542e+00
2.350000000000000089e+00,-2.924536059057209619e-02,2.337147882334300875e-01,9.966886415092509610e-01,-2.883643562033136321e-02,2.818413608093512934e-01,1.032176144774058280e+00
2.399999999999999911e+00,-2.885343886014901313e-02,2.332095385005087396e-01,9.970648588915778099e-01,-2.844451388990828014e-02,2.813361110764299178e-01,1.032552362156385239e+00
2.450000000000000178e+00,-2.850477385148367238e-02,2.329025762873269401e-01,9.975855897472811762e-01,-2.809584888124293939e-02,2.810291488632481460e-01,1.033073093012088606e+00
2.500000000000000000e+00,-2.815960855841200677e-02,2.326116566658318341e-01,9.981180125675098713e-01,-2.775068358817127379e-02,2.807382292417530123e-01,1.033605515832317412e+00
2.549999999999999822e+00,-2.781444326534034117e-02,2.323207370443367281e-01,9.986504353877386775e-01,-2.740551829509960818e-02,2.804473096202578786e-01,1.034137938652546218e+00
2.600000000000000089e+00,-2.750455861241507885e-02,2.321523753290990477e-01,9.992243186672217226e-01,-2.709563364217434586e-02,2.802789479050202259e-01,1.034711821932029263e+00
2.649999999999999911e+00,-2.723121401450919257e-02,2.321109464761654528e-01,9.998411424221610444e-01,-2.682228904426845958e-02,2.802375190520866033e-01,1.035328645686968585e+00
2.700000000000000178e+00,-2.695786941660329589e-02,2.320695176232318857e-01,1.000457966177100255e+00,-2.654894444636256290e-02,2.801960901991530362e-01,1.035945469441907685e+00
2.750000000000000000e+00,-2.668715321176767449e-02,2.320353166166850556e-01,1.001073054490886793e+00,-2.627822824152694151e-02,2.801618891926062060e-01,1.036560557755694223e+00
2.799999999999999822e+00,-2.645966784150302620e-02,2.321199965473104698e-01,1.001659598912122862e+00,-2.605074287126229321e-02,2.802465691232316480e-01,1.037147102176930291e+00
2.850000000000000089e+00,-2.623218247123837790e-02,2.322046764779359118e-01,1.002246143333358708e+00,-2.582325750099764491e-02,2.803312490538570900e-01,1.037733646598166137e+00
2.899999999999999911e+00,-2.600469710097372961e-02,2.322893564085613538e-01,1.002832687754594554e+00,-2.559577213073299662e-02,2.804159289844825320e-01,1.038320191019401983e+00
2.950000000000000178e+00,-2.575680433328995239e-02,2.321983144446250757e-01,1.003240823656486924e+00,-2.534787936304921940e-02,2.803248870205462540e-01,1.038728326921294354e+00
3.000000000000000000e+00,-2.549658314147991781e-02,2.320011161688410040e-01,1.003541180214985395e+00,-2.508765817123918482e-02,2.801276887447621822e-01,1.039028683479792825e+00
3.049999999999999822e+00,-2.523636194966988322e-02,2.318039178930569322e-01,1.003841536773484089e+00,-2.482743697942915023e-02,2.799304904689781104e-01,1.039329040038291518e+00
3.100000000000000089e+00,-2.497468892033946619e-02,2.315854608670586678e-01,1.004125695633933057e+00,-2.456576395009873320e-02,2.797120334429798461e-01,1.039613198898740487e+00
3.149999999999999911e+00,-2.470680545452670629e-02,2.312760665866872289e-01,1.004340566593024286e+00,-2.429788048428597330e-02,2.794026391626084349e-01,1.039828069857831716e+00
3.200000000000000178e+00,-2.443892198871393945e-02,2.309666723063157900e-01,1.004555437552115738e+00,-2.402999701847320646e-02,2.790932448822369683e-01,1.040042940816923167e+00
3.250000000000000000e+00,-2.417103852290117955e-02,2.306572780259443511e-01,1.004770308511207189e+00,-2.376211355266044656e-02,2.787838506018655016e-01,1.040257811776014618e+00
3.299999999999999822e+00,-2.392427830130733346e-02,2.303445713250272808e-01,1.004958215029180923e+00,-2.351535333106660047e-02,2.784711439009484590e-01,1.040445718293988353e+00
3.350000000000000089e+00,-2.368435187558800767e-02,2.300307929892029535e-01,1.005137398006179739e+00,-2.327542690534727468e-02,2.781573655651241594e-01,1.040624901270987168e+00
3.399999999999999911e+00,-2.344442544986868188e-02,2.297170146533786261e-01,1.005316580983178332e+00,-2.303550047962794889e-02,2.778435872292998043e-01,1.040804084247985761e+00
3.450000000000000178e+00,-2.321355266602528541e-02,2.294254646867690817e-01,1.005540865036144371e+00,-2.280462769578455243e-02,2.775520372626902876e-01,1.041028368300951801e+00
3.500000000000000000e+00,-2.300177435072283186e-02,2.291807951802556642e-01,1.005860268941211944e+00,-2.259284938048209887e-02,2.773073677561768147e-01,1.041347772206019373e+00
3.549999999999999822e+00,-2.278999603542038177e-02,2.289361256737422468e-01,1.006179672846279294e+00,-2.238107106517964878e-02,2.770626982496634527e-01,1.041667176111086723e+00
3.600000000000000089e+00,-2.257821772011793168e-02,2.286914561672288293e-01,1.006499076751346866e+00,-2.216929274987719869e-02,2.768180287431499798e-01,1.041986580016154296e+00
3.649999999999999911e+00,-2.239761608862283690e-02,2.286568666529611438e-01,1.006977362237769125e+00,-2.198869111838210391e-02,2.767834392288823220e-01,1.042464865502576554e+00
3.700000000000000178e+00,-2.222095752278246961e-02,2.286488469691246861e-01,1.007475742244522188e+00,-2.181203255254173662e-02,2.767754195450458643e-01,1.042963245509329617e+00
3.750000000000000000e+00,-2.204429895694210231e-02,2.286408272852882284e-01,1.007974122251275029e+00,-2.163537398670136933e-02,2.767673998612094066e-01,1.043461625516082458e+00
3.799999999999999822e+00,-2.189436467413069173e-02,2.287136785888401191e-01,1.008490084189765268e+00,-2.148543970388995875e-02,2.768402511647612974e-01,1.043977587454572697e+00
3.850000000000000089e+00,-2.177659516731749595e-02,2.288838644847282500e-01,1.009027207365596812e+00,-2.136767019707676296e-02,2.770104370606494282e-01,1.044514710630404242e+00
3.899999999999999911e+00,-2.165882566050430016e-02,2.290540503806163808e-01,1.009564330541428134e+00,-2.124990069026356718e-02,2.771806229565375590e-01,1.045051833806235564e+00
3.950000000000000178e+00,-2.154059435231333447e-02,2.292250566435145021e-01,1.010101389172071595e+00,-2.113166938207260148e-02,2.773516292194356803e-01,1.045588892436879025e+00
4.000000000000000000e+00,-2.139960639856555366e-02,2.294364889470692226e-01,1.010635267145322036e+00,-2.099068142832482067e-02,2.775630615229903730e-01,1.046122770410129466e+00
4.049999999999999822e+00,-2.125861844481776938e-02,2.296479212506239154e-01,1.011169145118572477e+00,-2.084969347457703640e-02,2.777744938265450658e-01,1.046656648383379906e+00
4.099999999999999645e+00,-2.111763049106998510e-02,2.298593535541786359e-01,1.011703023091822917e+00,-2.070870552082925212e-02,2.779859261300998141e-01,1.047190526356630347e+00
4.150000000000000355e+00,-2.094245360802184444e-02,2.300021911364600602e-01,1.012205505171013487e+00,-2.053352863778111145e-02,2.781287637123812662e-01,1.047693008435820916e+00
4.200000000000000178e+00,-2.074311994042473198e-02,2.300965619215382674e-01,1.012685803933438988e+00,-2.033419497018399899e-02,2.782231344974594456e-01,1.048173307198246418e+00
4.250000000000000000e+00,-2.054378627282761952e-02,2.301909327066164468e-01,1.013166102695864490e+00,-2.013486130258688653e-02,2.783175052825376250e-01,1.048653605960671920e+00
4.299999999999999822e+00,-2.033618130082396822e-02,2.302468715969938351e-01,1.013617866691799208e+00,-1.992725633058323523e-02,2.783734441729149856e-01,1.049105369956606637e+00
4.349999999999999645e+00,-2.008245037997890420e-02,2.300884902880752370e-01,1.013910503044177736e+00,-1.967352540973817121e-02,2.782150628639964429e-01,1.049398006308985165e+00
4.400000000000000355e+00,-1.982871945913383671e-02,2.299301089791566111e-01,1.014203139396556042e+00,-1.941979448889310372e-02,2.780566815550777893e-01,1.049690642661363471e+00
4.450000000000000178e+00,-1.957498853828877269e-02,2.297717276702379852e-01,1.014495775748934570e+00,-1.916606356804803971e-02,2.778983002461591356e-01,1.049983279013741999e+00
4.500000000000000000e+00,-1.925580493445331817e-02,2.294618804703127957e-01,1.014759914608503344e+00,-1.884687996421258518e-02,2.775884530462339739e-01,1.050247417873310773e+00
4.549999999999999822e+00,-1.891093153435046206e-02,2.290925837917162367e-01,1.015012868368379451e+00,-1.850200656410972908e-02,2.772191563676373871e-01,1.050500371633186880e+00
4.599999999999999645e+00,-1.856605813424760595e-02,2.287232871131196776e-01,1.015265822128255557e+00,-1.815713316400687297e-02,2.768498596890408558e-01,1.050753325393062987e+00
4.650000000000000355e+00,-1.820928590268433914e-02,2.283499381925205574e-01,1.015499239411069787e+00,-1.780036093244360615e-02,2.764765107684417078e-01,1.050986742675877217e+00
4.700000000000000178e+00,-1.782254734633083315e-02,2.279663840008928355e-01,1.015683455524941659e+00,-1.741362237609010016e-02,2.760929565768139859e-01,1.051170958789749088e+00
4.750000000000000000e+00,-1.743580878997733064e-02,2.275828298092651414e-01,1.015867671638813752e+00,-1.702688381973659765e-02,2.757094023851863196e-01,1.051355174903621181e+00
4.799999999999999822e+00,-1.704907023362382465e-02,2.271992756176374195e-01,1.016051887752685623e+00,-1.664014526338309166e-02,2.753258481935585977e-01,1.051539391017493053e+00
4.849999999999999645e+00,-1.667735025197806739e-02,2.269163046199432765e-01,1.016195393746745612e+00,-1.626842528173733440e-02,2.750428771958644547e-01,1.051682897011553042e+00
4.900000000000000355e+00,-1.630827436983429968e-02,2.266510418254683856e-01,1.016331732508920060e+00,-1.589934939959356669e-02,2.747776144013895916e-01,1.051819235773727490e+00
4.950000000000000178e+00,-1.593919848769053890e-02,2.263857790309934948e-01,1.016468071271094287e+00,-1.553027351744980591e-02,2.745123516069146730e-01,1.051955574535901716e+00
5.000000000000000000e+00,-1.557421057460853936e-02,2.261776880760462960e-01,1.016632953157447172e+00,-1.516528560436780637e-02,2.743042606519674464e-01,1.052120456422254602e+00
5.049999999999999822e+00,-1.521495251847930844e-02,2.260497314022717197e-01,1.016837842200423836e+00,-1.480602754823857545e-02,2.741763039781929256e-01,1.052325345465231266e+00
5.099999999999999645e+00,-1.485569446235008098e-02,2.259217747284971434e-01,1.017042731243400500e+00,-1.444676949210934799e-02,2.740483473044182938e-01,1.052530234508207929e+00
5.150000000000000355e+00,-1.449643640622084659e-02,2.257938180547225671e-01,1.017247620286376941e+00,-1.408751143598011360e-02,2.739203906306437730e-01,1.052735123551184371e+00
5.200000000000000178e+00,-1.414594280495893447e-02,2.257591157100004020e-01,1.017483172672509095e+00,-1.373701783471820148e-02,2.738856882859215802e-01,1.052970675937316525e+00
5.250000000000000000e+00,-1.379560563630096576e-02,2.257260778176307103e-01,1.017719272354130622e+00,-1.338668066606023277e-02,2.738526503935518885e-01,1.053206775618938051e+00
5.299999999999999822e+00,-1.344526846764299705e-02,2.256930399252609909e-01,1.017955372035751926e+00,-1.303634349740226406e-02,2.738196125011821414e-01,1.053442875300559356e+00
5.349999999999999645e+00,-1.311221295806895559e-02,2.256751962589658433e-01,1.018188972527661162e+00,-1.270328798782822260e-02,2.738017688348870493e-01,1.053676475792468592e+00
5.400000000000000355e+00,-1.279338023935482072e-02,2.256698574279233649e-01,1.018420516188543790e+00,-1.238445526911408773e-02,2.737964300038445709e-01,1.053908019453351219e+00
5.450000000000000178e+00,-1.247454752064069972e-02,2.256645185968808587e-01,1.018652059849426417e+00,-1.206562255039996673e-02,2.737910911728020369e-01,1.054139563114233846e+00
5.500000000000000000e+00,-1.215489200662649844e-02,2.256563252535687403e-01,1.018880394088950148e+00,-1.174596703638576545e-02,2.737828978294899462e-01,1.054367897353757577e+00
5.549999999999999822e+00,-1.182888137426706815e-02,2.256260841867346323e-01,1.019083939352948276e+00,-1.141995640402633516e-02,2.737526567626558105e-01,1.054571442617755705e+00
5.599999999999999645e+00,-1.150287074190763092e-02,2.255958431199005243e-01,1.019287484616946404e+00,-1.109394577166689794e-02,2.737224156958216748e-01,1.054774987881753834e+00
5.650000000000000355e+00,-1.117686010954819370e-02,2.255656020530663886e-01,1.019491029880944755e+00,-1.076793513930746071e-02,2.736921746289875390e-01,1.054978533145752184e+00
5.700000000000000178e+00,-1.086115889896385397e-02,2.255268978740480879e-01,1.019623611483158498e+00,-1.045223392872312099e-02,2.736534704499692383e-01,1.055111114747965928e+00
5.750000000000000000e+00,-1.055029334762284943e-02,2.254842240517700991e-01,1.019722907408004975e+00,-1.014136837738211644e-02,2.736107966276912773e-01,1.055210410672812404e+00
5.799999999999999822e+00,-1.023942779628184141e-02,2.254415502294921103e-01,1.019822203332851451e+00,-9.830502826041108422e-03,2.735681228054133163e-01,1.055309706597658881e+00
5.849999999999999645e+00,-9.934469746726667938e-03,2.254226959383207884e-01,1.019924901358573388e+00,-9.525544776485934950e-03,2.735492685142419944e-01,1.055412404623380818e+00
5.900000000000000355e+00,-9.647541262291253750e-03,2.254765383305836202e-01,1.020037982521110331e+00,-9.238616292050520762e-03,2.736031109065047984e-01,1.055525485785917761e+00
5.950000000000000178e+00,-9.360612777855853439e-03,2.255303807228464519e-01,1.020151063683647052e+00,-8.951687807615120451e-03,2.736569532987676023e-01,1.055638566948454482e+00
6.000000000000000000e+00,-9.073684293420439251e-03,2.255842231151092836e-01,1.020264144846183996e+00,-8.664759323179706263e-03,2.737107956910304618e-01,1.055751648110991425e+00
6.049999999999999822e+00,-8.803338252539046060e-03,2.256524331041357967e-01,1.020427411741839929e+00,-8.394413282298313073e-03,2.737790056800569749e-01,1.055914915006647359e+00
6.099999999999999645e+00,-8.536809509112230909e-03,2.257239505303549054e-01,1.020602231450606245e+00,-8.127884538871497921e-03,2.738505231062761114e-01,1.056089734715413675e+00
6.150000000000000355e+00,-8.270280765685415758e-03,2.257954679565740141e-01,1.020777051159372562e+00,-7.861355795444682770e-03,2.739220405324951924e-01,1.056264554424179991e+00
6.200000000000000178e+00,-8.001889444273130314e-03,2.258364603747860244e-01,1.020947127155147349e+00,-7.592964474032397326e-03,2.739630329507072304e-01,1.056434630419954779e+00
6.250000000000000000e+00,-7.730445693941018215e-03,2.258274278179654981e-01,1.021109429062086127e+00,-7.321520723700285227e-03,2.739540003938866763e-01,1.056596932326893556e+00
6.299999999999999822e+00,-7.459001943608906116e-03,2.258183952611449719e-01,1.021271730969025127e+00,-7.050076973368173128e-03,2.739449678370661223e-01,1.056759234233832556e+00
6.349999999999999645e+00,-7.187558193276787077e-03,2.258093627043244456e-01,1.021434032875963904e+00,-6.778633223036054090e-03,2.739359352802456238e-01,1.056921536140771334e+00
6.400000000000000355e+00,-6.913766499422033251e-03,2.258238020717842909e-01,1.021716019206912573e+00,-6.504841529181300264e-03,2.739503746477054413e-01,1.057203522471720003e+00
6.450000000000000178e+00,-6.639838256611553524e-03,2.258396064919887258e-01,1.022004966004737225e+00,-6.230913286370820536e-03,2.739661790679098763e-01,1.057492469269544655e+00
6.500000000000000000e+00,-6.365910013801066858e-03,2.258554109121931330e-01,1.022293912802562099e+00,-5.956985043560333870e-03,2.739819834881143112e-01,1.057781416067369529e+00
6.549999999999999822e+00,-6.080187223434660448e-03,2.258034127500521127e-01,1.022577148129331537e+00,-5.671262253193927461e-03,2.739299853259732909e-01,1.058064651394138966e+00
6.599999999999999645e+00,-5.783183167551643467e-03,2.256865626781177359e-01,1.022854920540193557e+00,-5.374258197310910479e-03,2.738131352540389418e-01,1.058342423805000987e+00
6.650000000000000355e+00,-5.486179111668619546e-03,2.255697126061833313e-01,1.023132692951055578e+00,-5.077254141427886558e-03,2.736962851821045373e-01,1.058620196215863007e+00
6.700000000000000178e+00,-5.189390013103284405e-03,2.254500292858961086e-01,1.023409469831788376e+00,-4.780465042862551417e-03,2.735766018618173145e-01,1.058896973096595806e+00
6.750000000000000000e+00,-4.895170241586234428e-03,2.252964809094854526e-01,1.023674347408436658e+00,-4.486245271345501440e-03,2.734230534854066308e-01,1.059161850673244087e+00
6.799999999999999822e+00,-4.600950470069191389e-03,2.251429325330747688e-01,1.023939224985084717e+00,-4.192025499828458401e-03,2.732695051089959470e-01,1.059426728249892147e+00
6.849999999999999645e+00,-4.306730698552148351e-03,2.249893841566641128e-01,1.024204102561732999e+00,-3.897805728311415363e-03,2.731159567325852633e-01,1.059691605826540428e+00
6.900000000000000355e+00,-4.001942402732078241e-03,2.248388219358310736e-01,1.024504910520590117e+00,-3.593017432491345253e-03,2.729653945117522795e-01,1.059992413785397547e+00
6.950000000000000178e+00,-3.691293663010748738e-03,2.246899155939779957e-01,1.024825642546729698e+00,-3.282368692770015750e-03,2.728164881698991739e-01,1.060313145811537128e+00
7.000000000000000000e+00,-3.380644923289433113e-03,2.245410092521249457e-01,1.025146374572869279e+00,-2.971719953048700125e-03,2.726675818280461239e-01,1.060633877837676708e+00
7.049999999999999822e+00,-3.071811037555251256e-03,2.243976460950207752e-01,1.025473837718591907e+00,-2.662886067314518268e-03,2.725242186709419534e-01,1.060961340983399337e+00
7.099999999999999645e+00,-2.769830543190250627e-03,2.242752155389881874e-01,1.025826719436378376e+00,-2.360905572949517639e-03,2.724017881149093379e-01,1.061314222701185805e+00
7.150000000000000355e+00,-2.467850048825249998e-03,2.241527849829555996e-01,1.026179601154164622e+00,-2.058925078584517010e-03,2.722793575588767778e-01,1.061667104418972052e+00
7.200000000000000178e+00,-2.165869554460256308e-03,2.240303544269230118e-01,1.026532482871950869e+00,-1.756944584219523320e-03,2.721569270028442178e-01,1.062019986136758298e+00
7.250000000000000000e+00,-1.869729175043070846e-03,2.239341789960372642e-01,1.026867449701929447e+00,-1.460804204802337858e-03,2.720607515719584146e-01,1.062354952966736876e+00
7.299999999999999822e+00,-1.575279937547698073e-03,2.238456063509177418e-01,1.027197228856996158e+00,-1.166354967306965085e-03,2.719721789268388923e-01,1.062684732121803588e+00
7.349999999999999645e+00,-1.280830700052332238e-03,2.237570337057982472e-01,1.027527008012062870e+00,-8.719057298115992505e-04,2.718836062817194255e-01,1.063014511276870300e+00
7.400000000000000355e+00,-9.827623609064972676e-04,2.236732547400783755e-01,1.027854135242902034e+00,-5.738373906657642798e-04,2.717998273159995537e-01,1.063341638507709463e+00
7.450000000000000178e+00,-6.670037951247501096e-04,2.236129073557812375e-01,1.028168299825786169e+00,-2.580788248840171217e-04,2.717394799317024434e-01,1.063655803090593599e+00
7.500000000000000000e+00,-3.512452293429890737e-04,2.235525599714840994e-01,1.028482464408670527e+00,5.767974089774391411e-05,2.716791325474052776e-01,1.063969967673477957e+00
7.549999999999999822e+00,-3.548666356124191568e-05,2.234922125871869614e-01,1.028796628991554662e+00,3.734383066794910722e-04,2.716187851631081118e-01,1.064284132256362092e+00
7.599999999999999645e+00,2.764318626182066252e-04,2.234480246513216861e-01,1.029070568294407906e+00,6.853568328589396130e-04,2.715745972272428643e-01,1.064558071559215335e+00
7.650000000000000355e+00,5.869724065030099136e-04,2.234096354665466300e-01,1.029330072922252093e+00,9.958973767437429014e-04,2.715362080424678082e-01,1.064817576187059522e+00
7.700000000000000178e+00,8.975129503878062631e-04,2.233712462817716016e-01,1.029589577550096502e+00,1.306437920628539251e-03,2.714978188576927520e-01,1.065077080814903931e+00
7.750000000000000000e+00,1.209572024013193248e-03,2.233430933822400932e-01,1.029847687485623720e+00,1.618496994253926236e-03,2.714696659581612437e-01,1.065335190750431149e+00
7.799999999999999822e+00,1.525140798864697833e-03,2.233385990926849141e-01,1.030102573939118304e+00,1.934065769105430821e-03,2.714651716686060645e-01,1.065590077203925734e+00
7.849999999999999645e+00,1.840709573716216296e-03,2.233341048031297627e-01,1.030357460392612889e+00,2.249634543956949284e-03,2.714606773790509409e-01,1.065844963657420319e+00
7.900000000000000355e+00,2.156278348567727821e-03,2.233296105135745835e-01,1.030612346846107474e+00,2.565203318808460808e-03,2.714561830894957617e-01,1.066099850110914904e+00
7.950000000000000178e+00,2.496956576329346922e-03,2.233099749866173933e-01,1.030851353226008404e+00,2.905881546570079910e-03,2.714365475625385438e-01,1.066338856490815834e+00
8.000000000000000000e+00,2.841450528373423712e-03,2.232880385418573588e-01,1.031087946411856970e+00,3.250375498614156700e-03,2.714146111177785370e-01,1.066575449676664400e+00
8.050000000000000711e+00,3.185944480417514379e-03,2.232661020970972965e-01,1.031324539597705758e+00,3.594869450658247367e-03,2.713926746730184747e-01,1.066812042862513188e+00
8.099999999999999645e+00,3.533716995306190878e-03,2.232565714985645933e-01,1.031555510672007570e+00,3.942641965546923866e-03,2.713831440744857715e-01,1.067043013936814999e+00
8.150000000000000355e+00,3.885762367114582727e-03,2.232632090835957595e-01,1.031779154609583804e+00,4.294687337355315715e-03,2.713897816595169377e-01,1.067266657874391234e+00
8.199999999999999289e+00,4.237807738922960699e-03,2.232698466686269256e-01,1.032002798547160038e+00,4.646732709163693686e-03,2.713964192445481038e-01,1.067490301811967468e+00
8.250000000000000000e+00,4.589854506314341998e-03,2.232764791005074079e-01,1.032226429307585791e+00,4.998779476555074985e-03,2.714030516764285861e-01,1.067713932572393221e+00
8.300000000000000711e+00,4.947544550497992577e-03,2.232622738926177131e-01,1.032396776022258322e+00,5.356469520738725565e-03,2.713888464685388913e-01,1.067884279287065752e+00
8.349999999999999645e+00,5.305234594681622340e-03,2.232480686847280182e-01,1.032567122736930854e+00,5.714159564922355328e-03,2.713746412606491965e-01,1.068054626001738283e+00
8.400000000000000355e+00,5.662924638865265980e-03,2.232338634768383512e-01,1.032737469451603607e+00,6.071849609105998968e-03,2.713604360527595016e-01,1.068224972716411036e+00
8.449999999999999289e+00,6.033596191003617881e-03,2.232478543177918995e-01,1.032951230760149164e+00,6.442521161244350869e-03,2.713744268937130499e-01,1.068438734024956593e+00
8.500000000000000000e+00,6.414208421886717637e-03,2.232834364765183821e-01,1.033198237091694782e+00,6.823133392127450625e-03,2.714100090524395603e-01,1.068685740356502212e+00
8.550000000000000711e+00,6.794820652769817393e-03,2.233190186352448925e-01,1.033445243423240179e+00,7.203745623010550381e-03,2.714455912111660707e-01,1.068932746688047608e+00
8.599999999999999645e+00,7.178075612011683426e-03,2.233489043923365669e-01,1.033687959041215354e+00,7.587000582252416414e-03,2.714754769682577451e-01,1.069175462306022784e+00
8.650000000000000355e+00,7.578646287877952026e-03,2.233414661179365102e-01,1.033902560993988029e+00,7.987571258118685014e-03,2.714680386938577161e-01,1.069390064258795459e+00
8.699999999999999289e+00,7.979216963744199809e-03,2.233340278435364534e-01,1.034117162946760704e+00,8.388141933984932797e-03,2.714606004194576316e-01,1.069604666211568134e+00
8.750000000000000000e+00,8.379787639610468408e-03,2.233265895691363967e-01,1.034331764899533379e+00,8.788712609851201396e-03,2.714531621450575471e-01,1.069819268164340809e+00
8.800000000000000711e+00,8.775263953588408050e-03,2.233739864578476730e-01,1.034601789118353654e+00,9.184188923829141038e-03,2.715005590337688512e-01,1.070089292383161084e+00
8.849999999999999645e+00,9.168541275198262286e-03,2.234450530637535626e-01,1.034895736478625539e+00,9.577466245438995274e-03,2.715716256396747408e-01,1.070383239743432968e+00
8.900000000000000355e+00,9.561818596808123460e-03,2.235161196696594799e-01,1.035189683838897423e+00,9.970743567048856448e-03,2.716426922455806858e-01,1.070677187103704853e+00
8.949999999999999289e+00,9.960050562490531390e-03,2.235758253126624573e-01,1.035474039424360226e+00,1.036897553273126438e-02,2.717023978885836355e-01,1.070961542689167656e+00
9.000000000000000000e+00,1.037205462875946671e-02,2.236039516289634876e-01,1.035731733379736896e+00,1.078097959900019970e-02,2.717305242048846381e-01,1.071219236644544326e+00
9.050000000000000711e+00,1.078405869502840203e-02,2.236320779452645457e-01,1.035989427335113344e+00,1.119298366526913502e-02,2.717586505211857517e-01,1.071476930599920774e+00
9.099999999999999645e+00,1.119606276129731653e-02,2.236602042615656039e-01,1.036247121290490014e+00,1.160498773153804952e-02,2.717867768374867543e-01,1.071734624555297444e+00
9.150000000000000355e+00,1.159297198244987198e-02,2.237546981974049831e-01,1.036536354393281512e+00,1.200189695269060497e-02,2.718812707733261336e-01,1.072023857658088941e+00
9.199999999999999289e+00,1.198680389429860466e-02,2.238627221623041008e-01,1.036832017221653413e+00,1.239572886453933764e-02,2.719892947382253068e-01,1.072319520486460842e+00
9.250000000000000000e+00,1.238063580614735121e-02,2.239707461272032463e-01,1.037127680050025091e+00,1.278956077638808420e-02,2.720973187031244245e-01,1.072615183314832521e+00
9.300000000000000711e+00,1.276727346703669663e-02,2.240827259923026116e-01,1.037424137559540549e+00,1.317619843727742962e-02,2.722092985682237898e-01,1.072911640824347979e+00
9.349999999999999645e+00,1.314297197011764229e-02,2.242007209681909918e-01,1.037721803414787480e+00,1.355189694035837528e-02,2.723272935441121700e-01,1.073209306679594910e+00
9.400000000000000355e+00,1.351867047319859488e-02,2.243187159440793998e-01,1.038019469270034634e+00,1.392759544343932787e-02,2.724452885200006058e-01,1.073506972534842063e+00
9.449999999999999289e+00,1.389436897627953360e-02,2.244367109199677801e-01,1.038317135125281565e+00,1.430329394652026659e-02,2.725632834958889861e-01,1.073804638390088995e+00
9.500000000000000000e+00,1.428379022184876612e-02,2.245413579995542142e-01,1.038631725611371071e+00,1.469271519208949911e-02,2.726679305754753924e-01,1.074119228876178500e+00
9.550000000000000711e+00,1.467374134744141995e-02,2.246454896731559236e-01,1.038946969612878135e+00,1.508266631768215293e-02,2.727720622490771296e-01,1.074434472877685565e+00
9.599999999999999645e+00,1.506369247303406683e-02,2.247496213467576331e-01,1.039262213614385200e+00,1.547261744327479982e-02,2.728761939226788114e-01,1.074749716879192629e+00
9.650000000000000355e+00,1.549249598988928361e-02,2.247317970985723834e-01,1.039523438910760600e+00,1.590142096013001660e-02,2.728583696744935616e-01,1.075010942175568029e+00
9.699999999999999289e+00,1.595590536093777212e-02,2.246053466188935033e-01,1.039736549705743807e+00,1.636483033117850511e-02,2.727319191948146537e-01,1.075224052970551236e+00
9.750000000000000000e+00,1.641931473198627450e-02,2.244788961392146232e-01,1.039949660500726791e+00,1.682823970222700749e-02,2.726054687151358014e-01,1.075437163765534221e+00
9.800000000000000711e+00,1.688820539346296001e-02,2.243397179434389321e-01,1.040157091190389904e+00,1.729713036370369300e-02,2.724662905193601103e-01,1.075644594455197334e+00
9.849999999999999645e+00,1.740932071256384023e-02,2.240792725708547206e-01,1.040310402953226632e+00,1.781824568280457322e-02,2.722058451467759266e-01,1.075797906218034061e+00
9.900000000000000355e+00,1.793043603166474820e-02,2.238188271982704813e-01,1.040463714716063359e+00,1.833936100190548119e-02,2.719453997741916318e-01,1.075951217980870789e+00
9.949999999999999289e+00,1.845155135076564229e-02,2.235583818256862421e-01,1.040617026478900087e+00,1.886047632100637528e-02,2.716849544016074480e-01,1.076104529743707516e+00
1.000000000000000000e+01,1.898273364765139942e-02,2.232016321241306056e-01,1.040686882955802250e+00,1.939165861789213241e-02,2.713282047000518116e-01,1.076174386220609680e+00
1.005000000000000071e+01,1.951907730445541500e-02,2.227955069978813374e-01,1.040713951738423404e+00,1.992800227469614799e-02,2.709220795738025434e-01,1.076201455003230834e+00
1.009999999999999964e+01,2.005542096125941670e-02,2.223893818716320969e-01,1.040741020521044335e+00,2.046434593150014969e-02,2.705159544475532751e-01,1.076228523785851765e+00
1.015000000000000036e+01,2.057007225883689117e-02,2.220184026325850157e-01,1.040774646179217111e+00,2.097899722907762415e-02,2.701449752085062217e-01,1.076262149444024541e+00
1.019999999999999929e+01,2.101091833329420122e-02,2.217670023669277013e-01,1.040830580690843776e+00,2.141984330353493421e-02,2.698935749428488795e-01,1.076318083955651206e+00
1.025000000000000000e+01,2.145176440775153903e-02,2.215156021012703591e-01,1.040886515202470441e+00,2.186068937799227202e-02,2.696421746771915373e-01,1.076374018467277871e+00
1.030000000000000071e+01,2.189261048220887684e-02,2.212642018356130169e-01,1.040942449714097329e+00,2.230153545244960983e-02,2.693907744115341951e-01,1.076429952978904758e+00
1.034999999999999964e+01,2.229458470956353910e-02,2.211021217327979738e-01,1.040951630304147280e+00,2.270350967980427209e-02,2.692286943087191520e-01,1.076439133568954709e+00
1.040000000000000036e+01,2.268642646116553196e-02,2.209633241455226660e-01,1.040948623848506838e+00,2.309535143140626495e-02,2.690898967214438442e-01,1.076436127113314267e+00
1.044999999999999929e+01,2.307826821276749707e-02,2.208245265582473860e-01,1.040945617392866396e+00,2.348719318300823006e-02,2.689510991341685919e-01,1.076433120657673825e+00
1.050000000000000000e+01,2.346314103303329124e-02,2.207110428846602301e-01,1.040918738641162911e+00,2.387206600327402423e-02,2.688376154605813806e-01,1.076406241905970340e+00
1.055000000000000071e+01,2.383558774676973468e-02,2.206426957424850732e-01,1.040849293866109582e+00,2.424451271701046767e-02,2.687692683184062514e-01,1.076336797130917011e+00
1.059999999999999964e+01,2.420803446050615038e-02,2.205743486003099441e-01,1.040779849091056253e+00,2.461695943074688336e-02,2.687009211762311223e-01,1.076267352355863682e+00
1.065000000000000036e+01,2.458048117424259382e-02,2.205060014581347871e-01,1.040710404316003146e+00,2.498940614448332681e-02,2.686325740340559376e-01,1.076197907580810575e+00
1.069999999999999929e+01,2.497951243675966548e-02,2.203620890717921110e-01,1.040462055469746794e+00,2.538843740700039847e-02,2.684886616477132892e-01,1.075949558734554223e+00
1.075000000000000000e+01,2.538068686370065219e-02,2.202120848482578552e-01,1.040199283928418206e+00,2.578961183394138518e-02,2.683386574241790612e-01,1.075686787193225635e+00
1.080000000000000071e+01,2.578186129064166665e-02,2.200620806247235994e-01,1.039936512387089840e+00,2.619078626088239964e-02,2.681886532006447776e-01,1.075424015651897269e+00
1.084999999999999964e+01,2.614955032270178947e-02,2.199077171415713128e-01,1.039655599207906622e+00,2.655847529294252246e-02,2.680342897174924910e-01,1.075143102472714052e+00
1.090000000000000036e+01,2.648259292097088213e-02,2.197488432502165689e-01,1.039355915365960614e+00,2.689151789121161512e-02,2.678754158261377194e-01,1.074843418630768044e+00
1.094999999999999929e+01,2.681563551923996092e-02,2.195899693588618529e-01,1.039056231524014606e+00,2.722456048948069390e-02,2.677165419347830033e-01,1.074543734788822036e+00
1.100000000000000000e+01,2.714370213077375860e-02,2.194294521928449593e-01,1.038752700445843891e+00,2.755262710101449158e-02,2.675560247687661652e-01,1.074240203710651320e+00
1.105000000000000071e+01,2.739029846384288813e-02,2.192420302034350788e-01,1.038386179769183570e+00,2.779922343408362112e-02,2.673686027793562570e-01,1.073873683033991000e+00
1.109999999999999964e+01,2.763689479691200379e-02,2.190546082140252260e-01,1.038019659092523028e+00,2.804581976715273678e-02,2.671811807899464042e-01,1.073507162357330458e+00
1.115000000000000036e+01,2.788349112998113333e-02,2.188671862246153732e-01,1.037653138415862708e+00,2.829241610022186632e-02,2.669937588005365514e-01,1.073140641680670138e+00
1.119999999999999929e+01,2.805162194252823482e-02,2.187912884388653334e-01,1.037383863298051878e+00,2.846054691276896781e-02,2.669178610147865394e-01,1.072871366562859308e+00
1.125000000000000000e+01,2.817240042098223540e-02,2.187826932252009138e-01,1.037173273882713742e+00,2.858132539122296839e-02,2.669092658011220642e-01,1.072660777147521172e+00
1.130000000000000071e+01,2.829317889943622211e-02,2.187740980115365219e-01,1.036962684467375606e+00,2.870210386967695509e-02,2.669006705874577001e-01,1.072450187732183036e+00
1.134999999999999964e+01,2.842321549973941819e-02,2.187558127455832835e-01,1.036756139288572021e+00,2.883214046998015118e-02,2.668823853215044339e-01,1.072243642553379450e+00
1.140000000000000036e+01,2.859279132847705740e-02,2.186961435793929875e-01,1.036566866078617588e+00,2.900171629871779039e-02,2.668227161553141658e-01,1.072054369343425018e+00
1.144999999999999929e+01,2.876236715721469661e-02,2.186364744132026916e-01,1.036377592868663156e+00,2.917129212745542960e-02,2.667630469891238976e-01,1.071865096133470585e+00
1.150000000000000000e+01,2.893194298595234970e-02,2.185768052470124234e-01,1.036188319658708723e+00,2.934086795619308269e-02,2.667033778229336294e-01,1.071675822923516153e+00
1.155000000000000071e+01,2.917018230661666545e-02,2.184570089524403846e-01,1.036003175323076508e+00,2.957910727685739843e-02,2.665835815283615906e-01,1.071490678587883938e+00
1.159999999999999964e+01,2.943060592514419593e-02,2.183177863501136740e-01,1.035819364974039702e+00,2.983953089538492892e-02,2.664443589260348522e-01,1.071306868238847132e+00
1.165000000000000036e+01,2.969102954367174030e-02,2.181785637477869355e-01,1.035635554625002897e+00,3.009995451391247329e-02,2.663051363237081137e-01,1.071123057889810326e+00
1.169999999999999929e+01,2.997403729286018947e-02,2.180088147813061261e-01,1.035440215695415667e+00,3.038296226310092246e-02,2.661353873572273043e-01,1.070927718960223096e+00
1.175000000000000000e+01,3.030462188530948231e-02,2.177747574708608358e-01,1.035220590089573234e+00,3.071354685555021530e-02,2.659013300467820140e-01,1.070708093354380663e+00
1.180000000000000071e+01,3.063520647775877515e-02,2.175407001604155455e-01,1.035000964483731023e+00,3.104413144799950813e-02,2.656672727363367237e-01,1.070488467748538453e+00
1.184999999999999964e+01,3.096579107020806798e-02,2.173066428499702551e-01,1.034781338877888590e+00,3.137471604044880097e-02,2.654332154258914334e-01,1.070268842142696020e+00
1.190000000000000036e+01,3.122263724301629906e-02,2.171115256068525123e-01,1.034590775202524293e+00,3.163156221325703205e-02,2.652380981827736628e-01,1.070078278467331723e+00
1.194999999999999929e+01,3.147018048976167603e-02,2.169213210885937437e-01,1.034403878014613642e+00,3.187910546000240902e-02,2.650478936645149219e-01,1.069891381279421072e+00
1.200000000000000000e+01,3.171772373650705301e-02,2.167311165703349474e-01,1.034216980826702992e+00,3.212664870674778600e-02,2.648576891462561256e-01,1.069704484091510421e+00
1.205000000000000071e+01,3.194217243077546176e-02,2.165707935763245828e-01,1.033993100445680380e+00,3.235109740101619474e-02,2.646973661522457610e-01,1.069480603710487809e+00
1.209999999999999964e+01,3.213885272584737773e-02,2.164463994921623780e-01,1.033724752259060242e+00,3.254777769608811072e-02,2.645729720680835562e-01,1.069212255523867672e+00
1.215000000000000036e+01,3.233553302091929371e-02,2.163220054080001731e-01,1.033456404072440327e+00,3.274445799116002670e-02,2.644485779839213513e-01,1.068943907337247756e+00
1.219999999999999929e+01,3.253041381356654160e-02,2.162009779350627103e-01,1.033190465111864631e+00,3.293933878380727459e-02,2.643275505109838885e-01,1.068677968376672061e+00
1.225000000000000000e+01,3.263772959799260409e-02,2.162437720472099312e-01,1.033041760724285441e+00,3.304665456823333708e-02,2.643703446231311371e-01,1.068529263989092870e+00
1.230000000000000071e+01,3.274504538241868046e-02,2.162865661593571520e-01,1.032893056336706250e+00,3.315397035265941345e-02,2.644131387352783302e-01,1.068380559601513680e+00
1.234999999999999964e+01,3.285236116684474295e-02,2.163293602715043729e-01,1.032744351949127282e+00,3.326128613708547593e-02,2.644559328474255233e-01,1.068231855213934711e+00
1.240000000000000036e+01,3.299617301636240119e-02,2.163443950230661550e-01,1.032525908767606193e+00,3.340509798660313417e-02,2.644709675989873610e-01,1.068013412032413623e+00
1.244999999999999929e+01,3.316574552949844157e-02,2.163398358937942967e-01,1.032258240618753264e+00,3.357467049973917456e-02,2.644664084697154749e-01,1.067745743883560694e+00
1.250000000000000000e+01,3.333531804263448195e-02,2.163352767645224106e-01,1.031990572469900336e+00,3.374424301287521494e-02,2.644618493404435888e-01,1.067478075734707765e+00
1.255000000000000071e+01,3.352250216006485983e-02,2.163110575211377729e-01,1.031702576077409672e+00,3.393142713030559282e-02,2.644376300970589511e-01,1.067190079342217102e+00
1.259999999999999964e+01,3.380771153502440396e-02,2.161774111229779194e-01,1.031301433756565800e+00,3.421663650526513695e-02,2.643039836988990698e-01,1.066788937021373229e+00
1.265000000000000036e+01,3.409292090998396196e-02,2.160437647248180104e-01,1.030900291435721705e+00,3.450184588022469495e-02,2.641703373007391886e-01,1.066387794700529135e+00
1.269999999999999929e+01,3.437813028494351997e-02,2.159101183266581292e-01,1.030499149114877833e+00,3.478705525518425296e-02,2.640366909025793074e-01,1.065986652379685262e+00
1.275000000000000000e+01,3.470619804217595084e-02,2.157269258110151022e-01,1.030056544700976628e+00,3.511512301241668382e-02,2.638534983869362804e-01,1.065544047965784058e+00
1.280000000000000071e+01,3.505106692493857590e-02,2.155243104778221952e-01,1.029597686527757849e+00,3.545999189517930889e-02,2.636508830537434012e-01,1.065085189792565279e+00
1.284999999999999964e+01,3.539593580770120096e-02,2.153216951446292882e-01,1.029138828354539292e+00,3.580486077794193395e-02,2.634482677205504664e-01,1.064626331619346722e+00
1.290000000000000036e+01,3.574434741582258046e-02,2.151061068806234267e-01,1.028673239804063000e+00,3.615327238606331345e-02,2.632326794565446049e-01,1.064160743068870429e+00
1.294999999999999929e+01,3.610167028146345214e-02,2.148578869233446764e-01,1.028190721878918801e+00,3.651059525170418513e-02,2.629844594992658546e-01,1.063678225143726230e+00
1.300000000000000000e+01,3.645899314710433770e-02,2.146096669660658984e-01,1.027708203953774380e+00,3.686791811734507068e-02,2.627362395419871044e-01,1.063195707218581809e+00
1.305000000000000071e+01,3.681631601274522325e-02,2.143614470087871204e-01,1.027225686028630181e+00,3.722524098298595624e-02,2.624880195847082986e-01,1.062713189293437610e+00
1.309999999999999964e+01,3.707995706519850998e-02,2.142647078280736639e-01,1.026858932044310002e+00,3.748888203543924297e-02,2.623912804039948421e-01,1.062346435309117432e+00
1.315000000000000036e+01,3.732713696491712918e-02,2.141945858542071146e-01,1.026512519339115803e+00,3.773606193515786217e-02,2.623211584301282651e-01,1.062000022603923233e+00
1.319999999999999929e+01,3.757431686463573450e-02,2.141244638803405653e-01,1.026166106633921604e+00,3.798324183487646749e-02,2.622510364562617435e-01,1.061653609898729034e+00
1.325000000000000000e+01,3.777095934392693533e-02,2.140997131696636413e-01,1.025880687380495093e+00,3.817988431416766831e-02,2.622262857455848195e-01,1.061368190645302523e+00
1.330000000000000071e+01,3.789683862846589257e-02,2.141384919289534838e-01,1.025680672001456406e+00,3.830576359870662556e-02,2.622650645048746343e-01,1.061168175266263836e+00
1.334999999999999964e+01,3.802271791300484982e-02,2.141772706882433264e-01,1.025480656622417719e+00,3.843164288324558281e-02,2.623038432641645046e-01,1.060968159887225148e+00
1.340000000000000036e+01,3.814859719754382095e-02,2.142160494475331689e-01,1.025280641243379032e+00,3.855752216778455393e-02,2.623426220234543749e-01,1.060768144508186461e+00
1.344999999999999929e+01,3.821337740972834129e-02,2.143726888479289827e-01,1.025158956972297641e+00,3.862230237996907428e-02,2.624992614238501609e-01,1.060646460237105071e+00
1.350000000000000000e+01,3.827708273969694652e-02,2.145314017054527067e-01,1.025038650737111645e+00,3.868600770993767951e-02,2.626579742813738849e-01,1.060526154001919075e+00
1.355000000000000071e+01,3.834078806966556563e-02,2.146901145629764029e-01,1.024918344501925871e+00,3.874971303990629862e-02,2.628166871388976089e-01,1.060405847766733300e+00
1.359999999999999964e+01,3.849052123935076120e-02,2.147947149263678412e-01,1.024758722628509755e+00,3.889944620959149418e-02,2.629212875022890472e-01,1.060246225893317185e+00
1.365000000000000036e+01,3.871098459519368984e-02,2.148548251945059107e-01,1.024566776307332505e+00,3.911990956543442283e-02,2.629813977704270611e-01,1.060054279572139935e+00
1.369999999999999929e+01,3.893144795103660460e-02,2.149149354626439801e-01,1.024374829986155255e+00,3.934037292127733759e-02,2.630415080385651860e-01,1.059862333250962685e+00
1.375000000000000000e+01,3.915482026235579671e-02,2.149749624355981048e-01,1.024176490013312124e+00,3.956374523259652970e-02,2.631015350115192830e-01,1.059663993278119554e+00
1.380000000000000071e+01,3.940060618901475298e-02,2.150343476159129741e-01,1.023928886705150587e+00,3.980953115925548597e-02,2.631609201918341245e-01,1.059416389969958017e+00
1.384999999999999964e+01,3.964639211567372312e-02,2.150937327962278434e-01,1.023681283396989050e+00,4.005531708591445611e-02,2.632203053721490216e-01,1.059168786661796480e+00
1.390000000000000036e+01,3.989217804233267939e-02,2.151531179765427126e-01,1.023433680088827513e+00,4.030110301257341238e-02,2.632796905524639186e-01,1.058921183353634943e+00
1.394999999999999929e+01,4.016910400423677474e-02,2.152041193092379956e-01,1.023196702125662938e+00,4.057802897447750773e-02,2.633306918851591738e-01,1.058684205390470368e+00
1.400000000000000000e+01,4.046061966570425883e-02,2.152511926496560590e-01,1.022964702338985399e+00,4.086954463594499182e-02,2.633777652255772095e-01,1.058452205603792828e+00
1.405000000000000071e+01,4.075213532717174292e-02,2.152982659900741225e-01,1.022732702552307860e+00,4.116106029741247591e-02,2.634248385659953007e-01,1.058220205817115289e+00
1.409999999999999964e+01,4.103559047895324885e-02,2.153551695654085107e-01,1.022503216253026093e+00,4.144451544919398184e-02,2.634817421413296890e-01,1.057990719517833522e+00
1.415000000000000036e+01,4.129447782027809155e-02,2.154420349369043364e-01,1.022281390869037798e+00,4.170340279051882454e-02,2.635686075128255146e-01,1.057768894133845228e+00
1.419999999999999929e+01,4.155336516160294813e-02,2.155289003084001898e-01,1.022059565485049282e+00,4.196229013184368112e-02,2.636554728843213402e-01,1.057547068749856711e+00
1.425000000000000000e+01,4.181225250292780471e-02,2.156157656798960154e-01,1.021837740101060987e+00,4.222117747316853770e-02,2.637423382558171658e-01,1.057325243365868417e+00
1.430000000000000071e+01,4.201103710433229388e-02,2.156974104965826977e-01,1.021621973425915764e+00,4.241996207457302687e-02,2.638239830725038759e-01,1.057109476690723193e+00
1.434999999999999964e+01,4.219600846814436368e-02,2.157778554883688915e-01,1.021407599206170635e+00,4.260493343838509667e-02,2.639044280642900420e-01,1.056895102470978065e+00
1.440000000000000036e+01,4.238097983195641960e-02,2.158583004801551131e-01,1.021193224986425507e+00,4.278990480219715259e-02,2.639848730560763190e-01,1.056680728251232937e+00
1.444999999999999929e+01,4.261545678320764752e-02,2.158796749152794847e-01,1.020962561767297050e+00,4.302438175344838051e-02,2.640062474912006629e-01,1.056450065032104479e+00
1.450000000000000000e+01,4.293097927708031114e-02,2.158043450072124891e-01,1.020705231845235428e+00,4.333990424732104413e-02,2.639309175831336951e-01,1.056192735110042857e+00
1.455000000000000071e+01,4.324650177095298864e-02,2.157290150991454936e-01,1.020447901923173806e+00,4.365542674119372163e-02,2.638555876750666718e-01,1.055935405187981235e+00
1.459999999999999964e+01,4.356202426482565226e-02,2.156536851910784980e-01,1.020190572001112184e+00,4.397094923506638525e-02,2.637802577669996484e-01,1.055678075265919613e+00
1.465000000000000036e+01,4.394405416151062060e-02,2.155891610054375962e-01,1.020005906976691801e+00,4.435297913175135359e-02,2.637157335813588022e-01,1.055493410241499230e+00
1.469999999999999929e+01,4.432993351141982508e-02,2.155252622557823905e-01,1.019825447801736118e+00,4.473885848166055806e-02,2.636518348317035687e-01,1.055312951066543548e+00
1.475000000000000000e+01,4.471581286132904343e-02,2.154613635061271848e-01,1.019644988626780435e+00,4.512473783156977641e-02,2.635879360820483353e-01,1.055132491891587865e+00
1.480000000000000071e+01,4.507476918774276642e-02,2.154344849280567520e-01,1.019556189799571522e+00,4.548369415798349941e-02,2.635610575039779579e-01,1.055043693064378951e+00
1.484999999999999964e+01,4.540799960984866213e-02,2.154429804375887214e-01,1.019554975687183562e+00,4.581692458008939511e-02,2.635695530135099274e-01,1.055042478951990992e+00
1.490000000000000036e+01,4.574123003195455783e-02,2.154514759471206908e-01,1.019553761574795381e+00,4.615015500219529082e-02,2.635780485230418968e-01,1.055041264839602810e+00
1.494999999999999929e+01,4.607209350377984569e-02,2.154614575395942255e-01,1.019564835263695013e+00,4.648101847402057868e-02,2.635880301155154037e-01,1.055052338528502442e+00
1.500000000000000000e+01,4.637476332290588199e-02,2.154891404360113061e-01,1.019722273667044155e+00,4.678368829314661498e-02,2.636157130119324843e-01,1.055209776931851584e+00
1.505000000000000071e+01,4.667743314203190441e-02,2.155168233324284144e-01,1.019879712070393296e+00,4.708635811227263740e-02,2.636433959083496203e-01,1.055367215335200726e+00
1.509999999999999964e+01,4.698010296115791296e-02,2.155445062288454949e-01,1.020037150473742438e+00,4.738902793139864594e-02,2.636710788047667009e-01,1.055524653738549867e+00
1.515000000000000036e+01,4.725163915244783019e-02,2.155944494857341409e-01,1.020225450743373452e+00,4.766056412268856318e-02,2.637210220616553191e-01,1.055712954008180882e+00
1.519999999999999929e+01,4.750592976019733793e-02,2.156567232332476658e-01,1.020430846061997077e+00,4.791485473043807092e-02,2.637832958091688162e-01,1.055918349326804506e+00
1.525000000000000000e+01,4.776022036794685954e-02,2.157189969807611907e-01,1.020636241380620701e+00,4.816914533818759253e-02,2.638455695566823689e-01,1.056123744645428131e+00
1.530000000000000071e+01,4.798827921807444219e-02,2.158100294796005958e-01,1.020858324419309016e+00,4.839720418831517518e-02,2.639366020555217740e-01,1.056345827684116445e+00
1.534999999999999964e+01,4.811742746357602907e-02,2.160095009752822370e-01,1.021143330900078583e+00,4.852635243381676206e-02,2.641360735512033875e-01,1.056630834164886013e+00
1.540000000000000036e+01,4.824657570907762982e-02,2.162089724709638505e-01,1.021428337380848150e+00,4.865550067931836281e-02,2.643355450468850565e-01,1.056915840645655580e+00
1.544999999999999929e+01,4.837572395457921670e-02,2.164084439666454918e-01,1.021713343861617718e+00,4.878464892481994969e-02,2.645350165425666700e-01,1.057200847126425147e+00
1.550000000000000000e+01,4.872752616171202589e-02,2.163691066019509113e-01,1.021782877458978112e+00,4.913645113195275888e-02,2.644956791778720895e-01,1.057270380723785541e+00
1.555000000000000071e+01,4.914371151592969444e-02,2.162607147013742015e-01,1.021790104406846478e+00,4.955263648617042743e-02,2.643872872772953797e-01,1.057277607671653907e+00
1.559999999999999964e+01,4.955989687014733525e-02,2.161523228007974917e-01,1.021797331354714844e+00,4.996882184038806823e-02,2.642788953767186699e-01,1.057284834619522274e+00
1.565000000000000036e+01,4.996755089980081666e-02,2.160614560144318852e-01,1.021823651224974761e+00,5.037647587004154964e-02,2.641880285903530634e-01,1.057311154489782190e+00
1.569999999999999929e+01,5.035877477628808441e-02,2.160043401782941741e-01,1.021886741427546763e+00,5.076769974652881739e-02,2.641309127542153523e-01,1.057374244692354193e+00
1.575000000000000000e+01,5.074999865277536604e-02,2.159472243421564908e-01,1.021949831630118544e+00,5.115892362301609902e-02,2.640737969180776412e-01,1.057437334894925973e+00
1.580000000000000071e+01,5.114122252926263379e-02,2.158901085060188074e-01,1.022012921832690546e+00,5.155014749950336678e-02,2.640166810819399856e-01,1.057500425097497976e+00
1.584999999999999964e+01,5.153265516472935182e-02,2.157943882943539615e-01,1.022022279967299996e+00,5.194158013497008480e-02,2.639209608702751675e-01,1.057509783232107425e+00
1.590000000000000036e+01,5.192410898699133248e-02,2.156947501530170341e-01,1.022026184873860988e+00,5.233303395723206547e-02,2.638213227289382123e-01,1.057513688138668417e+00
1.594999999999999929e+01,5.231556280925329927e-02,2.155951120116801067e-01,1.022030089780422202e+00,5.272448777949403226e-02,2.637216845876012572e-01,1.057517593045229631e+00
1.600000000000000000e+01,5.268847226100870085e-02,2.154803236613059003e-01,1.022038298618580088e+00,5.309739723124943384e-02,2.636068962372271063e-01,1.057525801883387517e+00
1.605000000000000071e+01,5.304079830984335941e-02,2.153487192719705789e-01,1.022051284623920475e+00,5.344972328008409240e-02,2.634752918478917572e-01,1.057538787888727905e+00
1.610000000000000142e+01,5.339312435867801798e-02,2.152171148826352853e-01,1.022064270629260863e+00,5.380204932891875097e-02,2.633436874585564635e-01,1.057551773894068292e+00
1.614999999999999858e+01,5.374660319258504904e-02,2.150832212859325465e-01,1.022072904635050072e+00,5.415552816282578202e-02,2.632097938618537247e-01,1.057560407899857502e+00
1.619999999999999929e+01,5.412773009484861397e-02,2.148944239927020883e-01,1.021977161524963540e+00,5.453665506508934696e-02,2.630209965686232665e-01,1.057464664789770969e+00
1.625000000000000000e+01,5.450885699711217891e-02,2.147056266994716023e-01,1.021881418414877007e+00,5.491778196735291190e-02,2.628321992753928082e-01,1.057368921679684437e+00
1.630000000000000071e+01,5.488998389937572997e-02,2.145168294062411163e-01,1.021785675304790475e+00,5.529890886961646296e-02,2.626434019821622945e-01,1.057273178569597905e+00
1.635000000000000142e+01,5.522635145147754276e-02,2.144017425548027100e-01,1.021645137016082394e+00,5.563527642171827575e-02,2.625283151307238882e-01,1.057132640280889824e+00
1.639999999999999858e+01,5.553363122786247885e-02,2.143345579358831021e-01,1.021475487667803161e+00,5.594255619810321184e-02,2.624611305118043081e-01,1.056962990932610591e+00
1.644999999999999929e+01,5.584091100424742882e-02,2.142673733169634942e-01,1.021305838319523707e+00,5.624983597448816180e-02,2.623939458928846724e-01,1.056793341584331136e+00
1.650000000000000000e+01,5.616538821680187865e-02,2.141863983701284280e-01,1.021108635499200279e+00,5.657431318704261164e-02,2.623129709460496062e-01,1.056596138764007708e+00
1.655000000000000071e+01,5.657254254550969641e-02,2.140391260675933993e-01,1.020778968654231234e+00,5.698146751575042940e-02,2.621656986435145775e-01,1.056266471919038663e+00
1.660000000000000142e+01,5.697969687421750029e-02,2.138918537650583707e-01,1.020449301809261966e+00,5.738862184445823328e-02,2.620184263409795489e-01,1.055936805074069396e+00
1.664999999999999858e+01,5.738685120292527642e-02,2.137445814625233698e-01,1.020119634964292921e+00,5.779577617316600940e-02,2.618711540384445202e-01,1.055607138229100350e+00
1.669999999999999929e+01,5.781470812977267115e-02,2.135773701453714812e-01,1.019710498302817570e+00,5.822363310001340414e-02,2.617039427212926594e-01,1.055198001567624999e+00
1.675000000000000000e+01,5.824990440451571772e-02,2.134030901808941505e-01,1.019273188528643903e+00,5.865882937475645070e-02,2.615296627568153287e-01,1.054760691793451333e+00
1.680000000000000071e+01,5.868510067925876428e-02,2.132288102164168198e-01,1.018835878754470015e+00,5.909402564949949727e-02,2.613553827923379980e-01,1.054323382019277444e+00
1.685000000000000142e+01,5.906014612195160940e-02,2.131171792385395392e-01,1.018434283118880845e+00,5.946907109219234239e-02,2.612437518144606896e-01,1.053921786383688275e+00
1.689999999999999858e+01,5.929770839123606196e-02,2.131487413171008760e-01,1.018114317162230442e+00,5.970663336147679495e-02,2.612753138930220542e-01,1.053601820427037872e+00
1.694999999999999929e+01,5.953527066052052841e-02,2.131803033956622129e-01,1.017794351205580039e+00,5.994419563076126140e-02,2.613068759715834188e-01,1.053281854470387469e+00
1.700000000000000000e+01,5.977283292980499485e-02,2.132118654742235497e-01,1.017474385248929414e+00,6.018175790004572784e-02,2.613384380501447279e-01,1.052961888513736843e+00
1.705000000000000071e+01,5.984365236248730124e-02,2.134135757736596029e-01,1.017292799551888560e+00,6.025257733272803423e-02,2.615401483495807811e-01,1.052780302816695990e+00
1.710000000000000142e+01,5.988965237993242041e-02,2.136406123745537289e-01,1.017131811544042863e+00,6.029857735017315340e-02,2.617671849504749071e-01,1.052619314808850293e+00
1.714999999999999858e+01,5.993565239737752570e-02,2.138676489754478272e-01,1.016970823536197166e+00,6.034457736761825869e-02,2.619942215513689776e-01,1.052458326801004596e+00
1.719999999999999929e+01,6.000846148614645548e-02,2.141011559942891940e-01,1.016796950458599635e+00,6.041738645638718846e-02,2.622277285702103722e-01,1.052284453723407065e+00
1.725000000000000000e+01,6.011587709715111860e-02,2.143430153599858445e-01,1.016606444673084031e+00,6.052480206739185159e-02,2.624695879359070227e-01,1.052093947937891460e+00
1.730000000000000071e+01,6.022329270815579561e-02,2.145848747256824951e-01,1.016415938887568426e+00,6.063221767839652859e-02,2.627114473016036733e-01,1.051903442152375856e+00
1.735000000000000142e+01,6.033090542253478905e-02,2.148269526728259771e-01,1.016225358850247451e+00,6.073983039277552204e-02,2.629535252487471553e-01,1.051712862115054881e+00
1.739999999999999858e+01,6.051409757428244385e-02,2.151528458404072530e-01,1.016006306902139000e+00,6.092302254452317684e-02,2.632794184163284035e-01,1.051493810166946430e+00
1.744999999999999929e+01,6.069728972603011252e-02,2.154787390079885290e-01,1.015787254954030550e+00,6.110621469627084551e-02,2.636053115839097072e-01,1.051274758218837979e+00
1.750000000000000000e+01,6.088048187777778120e-02,2.158046321755698327e-01,1.015568203005922099e+00,6.128940684801851418e-02,2.639312047514910109e-01,1.051055706270729528e+00
1.755000000000000071e+01,6.108000819206159393e-02,2.161389381503208140e-01,1.015386898778286584e+00,6.148893316230232692e-02,2.642655107262419922e-01,1.050874402043094014e+00
1.760000000000000142e+01,6.129192312084316696e-02,2.164796248026632508e-01,1.015234224237424154e+00,6.170084809108389995e-02,2.646061973785844290e-01,1.050721727502231584e+00
1.764999999999999858e+01,6.150383804962473999e-02,2.168203114550056876e-01,1.015081549696561725e+00,6.191276301986547298e-02,2.649468840309268658e-01,1.050569052961369154e+00
1.769999999999999929e+01,6.173331016447690389e-02,2.171382718439423265e-01,1.014918186610754836e+00,6.214223513471763688e-02,2.652648444198635325e-01,1.050405689875562265e+00
1.775000000000000000e+01,6.207550471027067918e-02,2.173103227661214720e-01,1.014686199842057546e+00,6.248442968051141216e-02,2.654368953420426225e-01,1.050173703106864975e+00
1.780000000000000071e+01,6.241769925606446834e-02,2.174823736883006453e-01,1.014454213073360256e+00,6.282662422630519439e-02,2.656089462642218235e-01,1.049941716338167685e+00
1.785000000000000142e+01,6.275989380185825750e-02,2.176544246104797908e-01,1.014222226304662966e+00,6.316881877209898355e-02,2.657809971864009690e-01,1.049709729569470396e+00
1.789999999999999858e+01,6.311975304036329670e-02,2.178225856806703387e-01,1.014009326904857788e+00,6.352867801060402275e-02,2.659491582565914891e-01,1.049496830169665218e+00
1.794999999999999929e+01,6.348715234357081572e-02,2.179890863916258970e-01,1.013804574830273308e+00,6.389607731381155564e-02,2.661156589675470752e-01,1.049292078095080738e+00
1.800000000000000000e+01,6.385455164677833473e-02,2.181555871025814552e-01,1.013599822755688828e+00,6.426347661701906078e-02,2.662821596785026612e-01,1.049087326020496258e+00
1.805000000000000071e+01,6.419994393952128953e-02,2.183198517266957961e-01,1.013405687202104000e+00,6.460886890976202945e-02,2.664464243026170021e-01,1.048893190466911429e+00
1.810000000000000142e+01,6.448489827751348324e-02,2.184779753751630027e-01,1.013240707849304423e+00,6.489382324775422317e-02,2.666045479510841809e-01,1.048728211114111852e+00
1.814999999999999858e+01,6.476985261550564921e-02,2.186360990236302371e-01,1.013075728496504624e+00,6.517877758574638913e-02,2.667626715995514153e-01,1.048563231761312053e+00
1.819999999999999929e+01,6.505480695349784293e-02,2.187942226720974437e-01,1.012910749143704825e+00,6.546373192373858285e-02,2.669207952480185941e-01,1.048398252408512255e+00
1.825000000000000000e+01,6.531960487583422792e-02,2.189623325630584982e-01,1.012773481677579079e+00,6.572852984607496785e-02,2.670889051389796487e-01,1.048260984942386509e+00
1.830000000000000071e+01,6.558036218048951538e-02,2.191324443272036071e-01,1.012641769422319538e+00,6.598928715073024143e-02,2.672590169031248131e-01,1.048129272687126967e+00
1.835000000000000142e+01,6.584111948514480284e-02,2.193025560913487160e-01,1.012510057167059996e+00,6.625004445538554276e-02,2.674291286672698664e-01,1.047997560431867425e+00
1.839999999999999858e+01,6.613085109368936620e-02,2.194742469304939436e-01,1.012343070897362196e+00,6.653977606393010613e-02,2.676008195064151218e-01,1.047830574162169626e+00
1.844999999999999929e+01,6.646420859664091407e-02,2.196483153439021396e-01,1.012122973414533389e+00,6.687313356688165400e-02,2.677748879198232901e-01,1.047610476679340819e+00
1.850000000000000000e+01,6.679756609959246194e-02,2.198223837573103634e-01,1.011902875931704582e+00,6.720649106983320187e-02,2.679489563332315694e-01,1.047390379196512011e+00
1.855000000000000071e+01,6.713092360254400981e-02,2.199964521707185872e-01,1.011682778448875553e+00,6.753984857278474974e-02,2.681230247466397376e-01,1.047170281713682982e+00
1.860000000000000142e+01,6.736113967575156625e-02,2.202961652595278597e-01,1.011589591902652518e+00,6.777006464599230617e-02,2.684227378354490101e-01,1.047077095167459948e+00
1.864999999999999858e+01,6.758763437507853133e-02,2.206004116461053599e-01,1.011500984341283438e+00,6.799655934531925738e-02,2.687269842220265659e-01,1.046988487606090867e+00
1.869999999999999929e+01,6.781412907440551030e-02,2.209046580326828879e-01,1.011412376779914579e+00,6.822305404464623635e-02,2.690312306086040661e-01,1.046899880044722009e+00
1.875000000000000000e+01,6.806470606482874219e-02,2.211329953711700103e-01,1.011257021721559735e+00,6.847363103506948212e-02,2.692595679470911607e-01,1.046744524986367164e+00
1.880000000000000071e+01,6.833653142723759844e-02,2.212943563707178152e-01,1.011042773776336334e+00,6.874545639747833836e-02,2.694209289466389934e-01,1.046530277041143764e+00
1.885000000000000142e+01,6.860835678964645468e-02,2.214557173702656201e-01,1.010828525831112934e+00,6.901728175988719460e-02,2.695822899461868261e-01,1.046316029095920364e+00
1.889999999999999858e+01,6.888890167297347100e-02,2.216053704640534583e-01,1.010600189443648267e+00,6.929782664321421093e-02,2.697319430399746087e-01,1.046087692708455696e+00
1.894999999999999929e+01,6.925030460430739443e-02,2.216464535555579540e-01,1.010241207812048847e+00,6.965922957454812048e-02,2.697730261314791322e-01,1.045728711076856277e+00
1.900000000000000000e+01,6.961170753564131786e-02,2.216875366470624498e-01,1.009882226180449427e+00,7.002063250588205778e-02,2.698141092229836557e-01,1.045369729445256857e+00
1.905000000000000071e+01,6.997311046697525516e-02,2.217286197385669455e-01,1.009523244548850007e+00,7.038203543721599509e-02,2.698551923144881237e-01,1.045010747813657437e+00
1.910000000000000142e+01,7.029210767800998794e-02,2.217232368914384966e-01,1.009184549045474943e+00,7.070103264825072786e-02,2.698498094673597025e-01,1.044672052310282373e+00
1.914999999999999858e+01,7.058959098954910305e-02,2.216942802545791846e-01,1.008856145401799465e+00,7.099851595978984298e-02,2.698208528305003906e-01,1.044343648666606894e+00
1.919999999999999929e+01,7.088707430108821816e-02,2.216653236177198449e-01,1.008527741758123986e+00,7.129599927132895809e-02,2.697918961936410231e-01,1.044015245022931415e+00
1.925000000000000000e+01,7.118034574604062414e-02,2.216340547004362338e-01,1.008204901258365149e+00,7.158927071628135019e-02,2.697606272763574120e-01,1.043692404523172579e+00
1.930000000000000071e+01,7.140497055558020500e-02,2.215650993398639856e-01,1.007972731036106406e+00,7.181389552582093105e-02,2.696916719157851361e-01,1.043460234300913836e+00
1.935000000000000142e+01,7.162959536511978587e-02,2.214961439792917375e-01,1.007740560813847663e+00,7.203852033536051191e-02,2.696227165552129157e-01,1.043228064078655093e+00
1.939999999999999858e+01,7.185422017465935285e-02,2.214271886187194893e-01,1.007508390591588920e+00,7.226314514490009278e-02,2.695537611946406953e-01,1.042995893856396350e+00
1.944999999999999929e+01,7.205392577097750884e-02,2.213473782356783770e-01,1.007298121519324630e+00,7.246285074121824876e-02,2.694739508115995275e-01,1.042785624784132059e+00
1.950000000000000000e+01,7.223860896720048219e-02,2.212610239666356893e-01,1.007101055425615233e+00,7.264753393744122212e-02,2.693875965425568397e-01,1.042588558690422662e+00
1.955000000000000071e+01,7.242329216342346943e-02,2.211746696975930293e-01,1.006903989331905613e+00,7.283221713366419547e-02,2.693012422735142075e-01,1.042391492596713043e+00
1.960000000000000142e+01,7.258184148703843153e-02,2.211141571831793939e-01,1.006738458009573289e+00,7.299076645727917145e-02,2.692407297591005721e-01,1.042225961274380719e+00
1.964999999999999858e+01,7.262895854670264884e-02,2.211638313703682412e-01,1.006707387852658009e+00,7.303788351694337488e-02,2.692904039462894472e-01,1.042194891117465438e+00
1.969999999999999929e+01,7.267607560636685227e-02,2.212135055575570608e-01,1.006676317695742506e+00,7.308500057660757832e-02,2.693400781334782668e-01,1.042163820960549936e+00
1.975000000000000000e+01,7.272319266603106958e-02,2.212631797447459081e-01,1.006645247538827004e+00,7.313211763627180950e-02,2.693897523206670863e-01,1.042132750803634433e+00
1.980000000000000071e+01,7.275746063039076339e-02,2.212668403507359882e-01,1.006535145257771546e+00,7.316638560063148944e-02,2.693934129266571942e-01,1.042022648522578976e+00
1.985000000000000142e+01,7.278758277541032273e-02,2.212556544643994316e-01,1.006399542900563882e+00,7.319650774565106266e-02,2.693822270403206098e-01,1.041887046165371311e+00
1.989999999999999858e+01,7.281770492042988208e-02,2.212444685780628750e-01,1.006263940543356217e+00,7.322662989067060813e-02,2.693710411539840255e-01,1.041751443808163646e+00
1.994999999999999929e+01,7.283725609233054898e-02,2.212149809960481106e-01,1.006088019135037648e+00,7.324618106257127503e-02,2.693415535719693166e-01,1.041575522399845077e+00
2.000000000000000000e+01,7.283456313579042551e-02,2.211469817969124729e-01,1.005827255759812466e+00,7.324348810603115156e-02,2.692735543728336234e-01,1.041314759024619896e+00
2.005000000000000071e+01,7.283187017925030204e-02,2.210789825977768075e-01,1.005566492384587285e+00,7.324079514949102809e-02,2.692055551736979857e-01,1.041053995649394714e+00
2.010000000000000142e+01,7.282917722271017857e-02,2.210109833986411698e-01,1.005305729009361881e+00,7.323810219295090462e-02,2.691375559745623480e-01,1.040793232274169311e+00
2.014999999999999858e+01,7.265524318851938890e-02,2.210490289680817899e-01,1.005126106596444524e+00,7.306416815876012882e-02,2.691756015440029959e-01,1.040613609861251954e+00
2.019999999999999929e+01,7.245975885692131080e-02,2.211004200287600141e-01,1.004956695587786220e+00,7.286868382716205073e-02,2.692269926046811923e-01,1.040444198852593649e+00
2.025000000000000000e+01,7.226427452532324658e-02,2.211518110894382383e-01,1.004787284579128137e+00,7.267319949556397263e-02,2.692783836653593887e-01,1.040274787843935567e+00
2.030000000000000071e+01,7.196566381591643080e-02,2.212821294455156462e-01,1.004681529187134936e+00,7.237458878615715685e-02,2.694087020214368522e-01,1.040169032451942366e+00
2.035000000000000142e+01,7.154317974551510639e-02,2.215072537044381340e-01,1.004652235660186133e+00,7.195210471575583244e-02,2.696338262803593122e-01,1.040139738924993562e+00
2.039999999999999858e+01,7.112069567511383750e-02,2.217323779633606218e-01,1.004622942133237107e+00,7.152962064535456355e-02,2.698589505392817722e-01,1.040110445398044536e+00
2.044999999999999929e+01,7.070167833011897773e-02,2.219526657669205483e-01,1.004588341670124452e+00,7.111060330035970378e-02,2.700792383428417542e-01,1.040075844934931881e+00
2.050000000000000000e+01,7.044926604346582466e-02,2.219405215681233279e-01,1.004298698679696011e+00,7.085819101370655071e-02,2.700670941440445061e-01,1.039786201944503441e+00
2.055000000000000071e+01,7.019685375681267159e-02,2.219283773693261075e-01,1.004009055689267349e+00,7.060577872705339764e-02,2.700549499452472579e-01,1.039496558954074779e+00
2.060000000000000142e+01,6.994444147015951851e-02,2.219162331705288871e-01,1.003719412698838687e+00,7.035336644040024456e-02,2.700428057464500653e-01,1.039206915963646116e+00
2.064999999999999858e+01,6.979564742418643830e-02,2.218088296806000337e-01,1.003356428394550637e+00,7.020457239442717823e-02,2.699354022565212397e-01,1.038843931659358066e+00
2.069999999999999929e+01,6.971991755894617337e-02,2.216342561439879344e-01,1.002941729035308871e+00,7.012884252918691330e-02,2.697608287199091404e-01,1.038429232300116301e+00
2.075000000000000000e+01,6.964418769370589457e-02,2.214596826073758074e-01,1.002527029676066883e+00,7.005311266394662062e-02,2.695862551832969856e-01,1.038014532940874313e+00
2.080000000000000071e+01,6.960754594576035181e-02,2.212497178355198046e-01,1.002088030020907850e+00,7.001647091600107786e-02,2.693762904114409551e-01,1.037575533285715279e+00
2.085000000000000142e+01,6.978805062980007745e-02,2.208431439407734231e-01,1.001514034798814734e+00,7.019697560004081738e-02,2.689697165166946013e-01,1.037001538063622164e+00
2.089999999999999858e+01,6.996855531383981697e-02,2.204365700460270139e-01,1.000940039576721619e+00,7.037748028408055689e-02,2.685631426219481921e-01,1.036427542841529048e+00
2.094999999999999929e+01,7.014905999787955648e-02,2.200299961512806324e-01,1.000366044354628725e+00,7.055798496812029641e-02,2.681565687272018383e-01,1.035853547619436155e+00
2.100000000000000000e+01,7.029966695115195952e-02,2.196567382046873129e-01,9.998778188632864161e-01,7.070859192139269944e-02,2.677833107806084634e-01,1.035365322128093846e+00
2.105000000000000071e+01,7.043856786609471732e-02,2.192965246516335454e-01,9.994231753104365623e-01,7.084749283633545724e-02,2.674230972275547513e-01,1.034910678575243992e+00
2.110000000000000142e+01,7.057746878103748900e-02,2.189363110985797500e-01,9.989685317575868195e-01,7.098639375127821505e-02,2.670628836745009282e-01,1.034456035022394360e+00
2.114999999999999858e+01,7.070819638050003519e-02,2.185973458413652259e-01,9.985447049426064980e-01,7.111712135074077512e-02,2.667239184172863764e-01,1.034032208207413817e+00
2.119999999999999929e+01,7.081839003537011845e-02,2.183117630004423326e-01,9.981982994861269276e-01,7.122731500561085838e-02,2.664383355763635386e-01,1.033685802750934357e+00
2.125000000000000000e+01,7.092858369024021559e-02,2.180261801595194115e-01,9.978518940296473572e-01,7.133750866048094164e-02,2.661527527354405898e-01,1.033339397294454898e+00
2.130000000000000071e+01,7.103877734511029884e-02,2.177405973185965182e-01,9.975054885731677867e-01,7.144770231535102489e-02,2.658671698945176964e-01,1.032992991837975216e+00
2.135000000000000142e+01,7.087646398821224880e-02,2.177641444501077217e-01,9.975040178498633114e-01,7.128538895845298873e-02,2.658907170260288999e-01,1.032991521114670741e+00
2.139999999999999858e+01,7.066636059419013904e-02,2.178419042521955451e-01,9.975630389414185117e-01,7.107528556443087897e-02,2.659684768281167511e-01,1.033050542206225941e+00
2.144999999999999929e+01,7.045625720016798765e-02,2.179196640542833407e-01,9.976220600329736010e-01,7.086518217040871370e-02,2.660462366302045467e-01,1.033109563297780920e+00
2.150000000000000000e+01,7.024661530454950897e-02,2.180047611033172350e-01,9.977032886858754335e-01,7.065554027479023502e-02,2.661313336792384132e-01,1.033190791950682863e+00
2.155000000000000071e+01,7.003761894843041347e-02,2.181001214223495799e-01,9.978155810606041953e-01,7.044654391867113952e-02,2.662266939982707581e-01,1.033303084325411625e+00
2.160000000000000142e+01,6.982862259231130408e-02,2.181954817413819525e-01,9.979278734353329572e-01,7.023754756255204401e-02,2.663220543173031585e-01,1.033415376700140387e+00
2.164999999999999858e+01,6.961962623619225021e-02,2.182908420604142974e-01,9.980401658100617190e-01,7.002855120643297626e-02,2.664174146363355034e-01,1.033527669074869149e+00
2.169999999999999929e+01,6.956706814055438337e-02,2.182807083484664956e-01,9.980451841166139149e-01,6.997599311079510942e-02,2.664072809243877016e-01,1.033532687381421233e+00
2.175000000000000000e+01,6.951722213638371339e-02,2.182687457395443564e-01,9.980483426665819335e-01,6.992614710662445332e-02,2.663953183154655346e-01,1.033535845931389474e+00
2.180000000000000071e+01,6.946737613221302954e-02,2.182567831306222450e-01,9.980515012165499522e-01,6.987630110245376946e-02,2.663833557065434232e-01,1.033539004481357271e+00
2.185000000000000142e+01,6.953054064509246734e-02,2.181215502825058217e-01,9.979579375445476463e-01,6.993946561533320727e-02,2.662481228584270276e-01,1.033445440809355187e+00
2.189999999999999858e+01,6.968652717403922559e-02,2.178850685203786719e-01,9.977849303669659164e-01,7.009545214427995163e-02,2.660116410962998224e-01,1.033272433631773346e+00
2.194999999999999929e+01,6.984251370298599770e-02,2.176485867582514944e-01,9.976119231893842976e-01,7.025143867322672375e-02,2.657751593341726726e-01,1.033099426454191727e+00
2.200000000000000000e+01,6.999321730583492329e-02,2.174191604535040678e-01,9.974472591010394851e-01,7.040214227607566322e-02,2.655457330294252460e-01,1.032934762365846915e+00
2.205000000000000071e+01,7.010331452128670815e-02,2.172439648213650154e-01,9.973467228667229900e-01,7.051223949152743420e-02,2.653705373972862214e-01,1.032834226131530420e+00
2.210000000000000142e+01,7.021341173673849301e-02,2.170687691892259630e-01,9.972461866324063839e-01,7.062233670697923293e-02,2.651953417651471412e-01,1.032733689897213925e+00
2.214999999999999858e+01,7.032350895219026399e-02,2.168935735570869106e-01,9.971456503980898889e-01,7.073243392243100391e-02,2.650201461330080610e-01,1.032633153662897207e+00
2.219999999999999929e+01,7.052001045104568100e-02,2.166362709048376134e-01,9.969201100181827035e-01,7.092893542128642093e-02,2.647628434807587916e-01,1.032407613282990244e+00
2.225000000000000000e+01,7.075694794966148893e-02,2.163405433121256272e-01,9.966360694412709220e-01,7.116587291990222885e-02,2.644671158880468331e-01,1.032123572706078463e+00
2.230000000000000071e+01,7.099388544827728298e-02,2.160448157194136687e-01,9.963520288643591405e-01,7.140281041851800903e-02,2.641713882953348191e-01,1.031839532129166681e+00
2.235000000000000142e+01,7.119323231150961884e-02,2.157878410183021178e-01,9.960918674559573471e-01,7.160215728175034489e-02,2.639144135942232960e-01,1.031579370720764777e+00
2.239999999999999858e+01,7.127815795790400089e-02,2.156488252973375597e-01,9.959043912652997266e-01,7.168708292814474081e-02,2.637753978732587656e-01,1.031391894530107045e+00
2.244999999999999929e+01,7.136308360429838293e-02,2.155098095763729737e-01,9.957169150746422170e-01,7.177200857453910898e-02,2.636363821522941242e-01,1.031204418339449536e+00
2.250000000000000000e+01,7.144800925069277886e-02,2.153707938554083601e-01,9.955294388839845965e-01,7.185693422093350491e-02,2.634973664313295383e-01,1.031016942148792026e+00
2.255000000000000071e+01,7.138696651608697485e-02,2.153616068093194280e-01,9.954450781654092806e-01,7.179589148632770090e-02,2.634881793852406062e-01,1.030932581430216821e+00
2.260000000000000142e+01,7.129243086100500726e-02,2.153822093755653200e-01,9.953843776277762068e-01,7.170135583124573331e-02,2.635087819514865259e-01,1.030871880892583636e+00
2.264999999999999858e+01,7.119789520592303966e-02,2.154028119418112119e-01,9.953236770901431330e-01,7.160682017616376571e-02,2.635293845177323901e-01,1.030811180354950451e+00
2.269999999999999929e+01,7.112034808455459933e-02,2.153906233732284514e-01,9.952116280847156382e-01,7.152927305479533926e-02,2.635171959491496296e-01,1.030699131349523068e+00
2.275000000000000000e+01,7.107058368242900881e-02,2.153248088173791430e-01,9.950156047888438771e-01,7.147950865266974874e-02,2.634513813933003212e-01,1.030503108053651307e+00
2.280000000000000071e+01,7.102081928030343216e-02,2.152589942615298346e-01,9.948195814929722269e-01,7.142974425054415821e-02,2.633855668374510128e-01,1.030307084757779545e+00
2.285000000000000142e+01,7.097105487817784164e-02,2.151931797056805262e-01,9.946235581971004658e-01,7.137997984841856769e-02,2.633197522816017044e-01,1.030111061461907784e+00
2.289999999999999858e+01,7.095658178074254474e-02,2.150340343969593115e-01,9.943220588981823704e-01,7.136550675098327079e-02,2.631606069728804620e-01,1.029809562162989689e+00
2.294999999999999929e+01,7.094414158442748086e-02,2.148695129143127769e-01,9.940144838169536756e-01,7.135306655466822079e-02,2.629960854902339551e-01,1.029501987081760994e+00
2.300000000000000000e+01,7.093170138811243086e-02,2.147049914316662422e-01,9.937069087357250918e-01,7.134062635835317079e-02,2.628315640075874482e-01,1.029194412000532521e+00
2.305000000000000071e+01,7.092246945469825314e-02,2.145282693068907565e-01,9.934174344868831330e-01,7.133139442493899307e-02,2.626548418828119624e-01,1.028904937751690563e+00
2.310000000000000142e+01,7.091630009847588179e-02,2.143399005654058609e-01,9.931452391201445185e-01,7.132522506871660783e-02,2.624664731413270391e-01,1.028632742384951948e+00
2.314999999999999858e+01,7.091013074225352431e-02,2.141515318239209653e-01,9.928730437534060149e-01,7.131905571249425035e-02,2.622781043998421158e-01,1.028360547018213556e+00
2.319999999999999929e+01,7.090445421625504729e-02,2.139613567751074419e-01,9.926025963448743550e-01,7.131337918649577334e-02,2.620879293510286479e-01,1.028090099609681785e+00
2.325000000000000000e+01,7.090462773239211702e-02,2.137497403181375655e-01,9.923528977229749692e-01,7.131355270263284307e-02,2.618763128940587714e-01,1.027840400987782399e+00
2.330000000000000071e+01,7.090480124852918675e-02,2.135381238611676891e-01,9.921031991010756945e-01,7.131372621876991280e-02,2.616646964370888950e-01,1.027590702365883235e+00
2.335000000000000142e+01,7.090497476466625648e-02,2.133265074041978404e-01,9.918535004791764198e-01,7.131389973490698253e-02,2.614530799801190186e-01,1.027341003743983849e+00
2.339999999999999858e+01,7.090748139766359093e-02,2.131201075306681514e-01,9.916321019764748890e-01,7.131640636790431698e-02,2.612466801065893574e-01,1.027119605241282319e+00
2.344999999999999929e+01,7.091127900174203080e-02,2.129165941213692625e-01,9.914263626274569807e-01,7.132020397198277073e-02,2.610431666972904408e-01,1.026913865892264521e+00
2.350000000000000000e+01,7.091507660582048456e-02,2.127130807120704015e-01,9.912206232784389615e-01,7.132400157606122448e-02,2.608396532879915797e-01,1.026708126543246280e+00
2.355000000000000071e+01,7.091914014707692560e-02,2.125120491537819123e-01,9.910170431872259433e-01,7.132806511731765164e-02,2.606386217297030905e-01,1.026504546452033484e+00
2.360000000000000142e+01,7.092420494796264352e-02,2.123203618219804967e-01,9.908215927516166310e-01,7.133312991820336957e-02,2.604469343979016749e-01,1.026309096016424061e+00
2.364999999999999858e+01,7.092926974884837532e-02,2.121286744901791088e-01,9.906261423160073187e-01,7.133819471908911525e-02,2.602552470661002593e-01,1.026113645580814637e+00
2.369999999999999929e+01,7.093433454973409324e-02,2.119369871583777210e-01,9.904306918803980064e-01,7.134325951997483317e-02,2.600635597342988992e-01,1.025918195145205436e+00
2.375000000000000000e+01,7.095467403606926793e-02,2.117651380305266007e-01,9.901816763499018403e-01,7.136359900631000786e-02,2.598917106064477789e-01,1.025669179614709270e+00
2.380000000000000071e+01,7.097942411232868731e-02,2.115990172158867810e-01,9.899171938123383363e-01,7.138834908256941336e-02,2.597255897918079315e-01,1.025404697077145766e+00
2.385000000000000142e+01,7.100417418858809282e-02,2.114328964012469336e-01,9.896527112747748323e-01,7.141309915882881887e-02,2.595594689771680841e-01,1.025140214539582262e+00
2.389999999999999858e+01,7.102836955995450730e-02,2.113016276768732715e-01,9.893941325291351063e-01,7.143729453019523334e-02,2.594282002527944497e-01,1.024881635793942536e+00
2.394999999999999929e+01,7.105149781948798260e-02,2.112374055540257034e-01,9.891469111850625939e-01,7.146042278972872253e-02,2.593639781299468816e-01,1.024634414449870023e+00
2.400000000000000000e+01,7.107462607902147178e-02,2.111731834311781353e-01,9.888996898409900815e-01,7.148355104926221171e-02,2.592997560070993135e-01,1.024387193105797511e+00
2.405000000000000071e+01,7.109775433855494708e-02,2.111089613083305672e-01,9.886524684969175691e-01,7.150667930879567313e-02,2.592355338842517454e-01,1.024139971761724999e+00
2.410000000000000142e+01,7.111143471774794556e-02,2.111273997776096645e-01,9.885146863377887172e-01,7.152035968798867160e-02,2.592539723535308704e-01,1.024002189602596147e+00
2.414999999999999858e+01,7.112415907182244312e-02,2.111542026206459366e-01,9.883879782615210274e-01,7.153308404206318305e-02,2.592807751965671148e-01,1.023875481526328457e+00
2.419999999999999929e+01,7.113688342589695457e-02,2.111810054636822365e-01,9.882612701852533377e-01,7.154580839613769450e-02,2.593075780396034147e-01,1.023748773450060767e+00
2.425000000000000000e+01,7.118301172695092049e-02,2.112068632610310803e-01,9.881536921665412532e-01,7.159193669719166042e-02,2.593334358369522308e-01,1.023641195431348683e+00
2.430000000000000071e+01,7.126618013298585685e-02,2.112316731405546044e-01,9.880673265913944014e-01,7.167510510322658290e-02,2.593582457164758104e-01,1.023554829856201831e+00
2.435000000000000142e+01,7.134934853902079321e-02,2.112564830200781285e-01,9.879809610162475497e-01,7.175827350926153314e-02,2.593830555959992790e-01,1.023468464281054979e+00
2.439999999999999858e+01,7.143145423844450559e-02,2.112847376652343123e-01,9.879005716763727962e-01,7.184037920868524552e-02,2.594113102411554905e-01,1.023388074941180115e+00
2.444999999999999929e+01,7.148823527901361496e-02,2.113950822433605381e-01,9.879625980492674486e-01,7.189716024925435489e-02,2.595216548192816886e-01,1.023450101314074878e+00
2.450000000000000000e+01,7.154501631958271046e-02,2.115054268214867361e-01,9.880246244221622121e-01,7.195394128982343651e-02,2.596319993974078866e-01,1.023512127686969642e+00
2.455000000000000071e+01,7.160179736015181984e-02,2.116157713996129619e-01,9.880866507950568645e-01,7.201072233039254589e-02,2.597423439755341401e-01,1.023574154059864405e+00
2.460000000000000142e+01,7.167100235200898894e-02,2.116923067468282071e-01,9.881037011503457368e-01,7.207992732224971499e-02,2.598188793227493854e-01,1.023591204415153166e+00
2.464999999999999858e+01,7.174827294382146725e-02,2.117468932208547427e-01,9.880915531807876739e-01,7.215719791406219330e-02,2.598734657967759487e-01,1.023579056445595103e+00
2.469999999999999929e+01,7.182554353563394556e-02,2.118014796948813061e-01,9.880794052112297221e-01,7.223446850587467161e-02,2.599280522708025121e-01,1.023566908476037263e+00
2.475000000000000000e+01,7.190608184539035164e-02,2.118422177570318532e-01,9.880433684174020348e-01,7.231500681563107769e-02,2.599687903329530592e-01,1.023530871682209575e+00
2.480000000000000071e+01,7.200230258359872904e-02,2.118164945357594031e-01,9.878926844037596577e-01,7.241122755383946896e-02,2.599430671116805813e-01,1.023380187668567087e+00
2.485000000000000142e+01,7.209852332180709256e-02,2.117907713144869253e-01,9.877420003901172807e-01,7.250744829204783248e-02,2.599173438904081035e-01,1.023229503654924599e+00
2.489999999999999858e+01,7.219474406001545608e-02,2.117650480932144474e-01,9.875913163764747926e-01,7.260366903025619600e-02,2.598916206691356257e-01,1.023078819641282333e+00
2.494999999999999929e+01,7.225145192113328896e-02,2.117629484016980146e-01,9.874190173898950151e-01,7.266037689137402888e-02,2.598895209776191928e-01,1.022906520654702334e+00
2.500000000000000000e+01,7.229416985639119941e-02,2.117692128550926201e-01,9.872390654078583294e-01,7.270309482663192546e-02,2.598957854310137705e-01,1.022726568672665870e+00
2.505000000000000071e+01,7.233688779164910987e-02,2.117754773084872255e-01,9.870591134258216437e-01,7.274581276188984980e-02,2.599020498844084037e-01,1.022546616690628962e+00
2.510000000000000142e+01,7.237107443846460542e-02,2.117878551562804301e-01,9.869028905301758803e-01,7.277999940870533147e-02,2.599144277322016361e-01,1.022390393794983421e+00
2.514999999999999858e+01,7.238578437949595712e-02,2.118141897217309388e-01,9.868008405109106596e-01,7.279470934973669705e-02,2.599407622976521171e-01,1.022288343775718200e+00
2.519999999999999929e+01,7.240049432052729494e-02,2.118405242871814476e-01,9.866987904916455498e-01,7.280941929076803487e-02,2.599670968631025980e-01,1.022186293756452979e+00
2.525000000000000000e+01,7.241520426155864665e-02,2.118668588526319840e-01,9.865967404723804401e-01,7.282412923179937270e-02,2.599934314285531345e-01,1.022084243737187759e+00
2.530000000000000071e+01,7.248717173707279471e-02,2.118528433450553583e-01,9.865214622460645177e-01,7.289609670731353464e-02,2.599794159209765088e-01,1.022008965510871947e+00
2.535000000000000142e+01,7.256764322977182768e-02,2.118328349543144307e-01,9.864501602263626712e-01,7.297656820001255373e-02,2.599594075302356089e-01,1.021937663491170101e+00
2.539999999999999858e+01,7.264811472247083290e-02,2.118128265635734753e-01,9.863788582066607136e-01,7.305703969271157283e-02,2.599393991394946535e-01,1.021866361471468032e+00
2.544999999999999929e+01,7.271292241212004570e-02,2.118238741661249980e-01,9.863363987595774596e-01,7.312184738236077175e-02,2.599504467420461484e-01,1.021823902024384889e+00
2.550000000000000000e+01,7.275753077503899213e-02,2.118749701626364002e-01,9.863311333800022229e-01,7.316645574527971818e-02,2.600015427385575784e-01,1.021818636644809652e+00
2.555000000000000071e+01,7.280213913795792469e-02,2.119260661591478023e-01,9.863258680004268752e-01,7.321106410819866461e-02,2.600526387350690083e-01,1.021813371265234416e+00
2.560000000000000142e+01,7.284663742106367579e-02,2.119771522530375096e-01,9.863205757848296784e-01,7.325556239130440184e-02,2.601037248289587156e-01,1.021808079049637108e+00
2.564999999999999858e+01,7.285259894559426019e-02,2.120247716355421475e-01,9.863058888103564126e-01,7.326152391583498624e-02,2.601513442114633534e-01,1.021793392075163842e+00
2.569999999999999929e+01,7.285856047012485848e-02,2.120723910180467853e-01,9.862912018358832578e-01,7.326748544036559840e-02,2.601989635939679912e-01,1.021778705100690576e+00
2.575000000000000000e+01,7.286452199465544288e-02,2.121200104005514508e-01,9.862765148614101030e-01,7.327344696489618281e-02,2.602465829764726291e-01,1.021764018126217533e+00
2.580000000000000071e+01,7.288378629621634908e-02,2.120989329134698731e-01,9.862095472120941952e-01,7.329271126645708900e-02,2.602255054893910513e-01,1.021697050476901625e+00
2.585000000000000142e+01,7.291312989818619916e-02,2.120258049121131472e-01,9.861029673354874125e-01,7.332205486842693909e-02,2.601523774880343254e-01,1.021590470600294953e+00
2.589999999999999858e+01,7.294247350015604925e-02,2.119526769107564768e-01,9.859963874588806299e-01,7.335139847039678918e-02,2.600792494866776550e-01,1.021483890723688059e+00
2.594999999999999929e+01,7.296616106113346101e-02,2.118790524659066310e-01,9.858827184045164671e-01,7.337508603137418706e-02,2.600056250418277815e-01,1.021370221669323897e+00
2.600000000000000000e+01,7.295361198850405793e-02,2.118022474498779395e-01,9.857236310200324647e-01,7.336253695874478398e-02,2.599288200257990900e-01,1.021211134284839783e+00
2.605000000000000071e+01,7.294106291587464097e-02,2.117254424338492480e-01,9.855645436355484623e-01,7.334998788611538090e-02,2.598520150097703985e-01,1.021052046900355892e+00
2.610000000000000142e+01,7.292851384324522401e-02,2.116486374178205565e-01,9.854054562510644599e-01,7.333743881348595006e-02,2.597752099937417070e-01,1.020892959515872001e+00
2.614999999999999858e+01,7.285887748417034515e-02,2.116356603156797633e-01,9.853211876678910075e-01,7.326780245441108508e-02,2.597622328916009415e-01,1.020808690932698326e+00
2.619999999999999929e+01,7.276490249509991182e-02,2.116498956469235193e-01,9.852688173800333571e-01,7.317382746534065174e-02,2.597764682228447253e-01,1.020756320644840898e+00
2.625000000000000000e+01,7.267092750602950624e-02,2.116641309781672753e-01,9.852164470921755957e-01,7.307985247627024616e-02,2.597907035540884535e-01,1.020703950356983025e+00
2.630000000000000071e+01,7.259885364546049547e-02,2.116452792467947430e-01,9.851397364252656441e-01,7.300777861570123539e-02,2.597718518227158935e-01,1.020627239690073074e+00
2.635000000000000142e+01,7.258685103003956196e-02,2.115356750663179020e-01,9.849962640443670203e-01,7.299577600028028801e-02,2.596622476422391079e-01,1.020483767309174450e+00
2.639999999999999858e+01,7.257484841461861458e-02,2.114260708858410609e-01,9.848527916634682855e-01,7.298377338485934063e-02,2.595526434617622114e-01,1.020340294928275604e+00
2.644999999999999929e+01,7.256284579919766720e-02,2.113164667053642198e-01,9.847093192825696617e-01,7.297177076943839324e-02,2.594430392812854258e-01,1.020196822547377202e+00
2.650000000000000000e+01,7.253910802273653979e-02,2.112326968059856092e-01,9.845688579037943367e-01,7.294803299297727972e-02,2.593592693819067874e-01,1.020056361168601766e+00
2.655000000000000071e+01,7.251302195943312712e-02,2.111540965248316637e-01,9.844289990473571450e-01,7.292194692967385317e-02,2.592806691007528697e-01,1.019916502312164575e+00
2.660000000000000142e+01,7.248693589612971444e-02,2.110754962436776905e-01,9.842891401909200644e-01,7.289586086637045437e-02,2.592020688195988409e-01,1.019776643455727605e+00
2.664999999999999858e+01,7.245843980199904999e-02,2.110251678799072161e-01,9.841668270021787235e-01,7.286736477223978992e-02,2.591517404558283943e-01,1.019654330266986264e+00
2.669999999999999929e+01,7.242631872261685866e-02,2.110173639861099015e-01,9.840709046736316745e-01,7.283524369285759859e-02,2.591439365620310520e-01,1.019558407938438993e+00
2.675000000000000000e+01,7.239419764323465345e-02,2.110095600923125869e-01,9.839749823450847366e-01,7.280312261347537950e-02,2.591361326682337651e-01,1.019462485609892166e+00
2.680000000000000071e+01,7.236207656385244824e-02,2.110017561985152723e-01,9.838790600165376876e-01,7.277100153409318817e-02,2.591283287744364783e-01,1.019366563281345117e+00
2.685000000000000142e+01,7.239925783843913221e-02,2.109714498218575596e-01,9.837151903663819974e-01,7.280818280867987213e-02,2.590980223977787378e-01,1.019202693631189316e+00
2.689999999999999858e+01,7.243892117459564683e-02,2.109403375195027519e-01,9.835488871850968096e-01,7.284784614483638676e-02,2.590669100954239301e-01,1.019036390449904239e+00
2.694999999999999929e+01,7.247858451075217534e-02,2.109092252171479442e-01,9.833825840038115107e-01,7.288750948099290139e-02,2.590357977930691225e-01,1.018870087268618940e+00
2.700000000000000000e+01,7.253668612434852059e-02,2.108643044422547630e-01,9.831803516035355628e-01,7.294561109458924664e-02,2.589908770181759134e-01,1.018667854868342992e+00
2.705000000000000071e+01,7.261104011943400605e-02,2.108072122178209495e-01,9.829464494675399511e-01,7.301996508967473209e-02,2.589337847937421277e-01,1.018433952732347381e+00
2.710000000000000142e+01,7.268539411451947763e-02,2.107501199933871638e-01,9.827125473315444504e-01,7.309431908476021755e-02,2.588766925693083421e-01,1.018200050596351769e+00
2.714999999999999858e+01,7.275369326716106533e-02,2.107029177562362021e-01,9.824871709455990088e-01,7.316261823740180525e-02,2.588294903321574081e-01,1.017974674210406327e+00
2.719999999999999929e+01,7.276600211624861814e-02,2.107471701515127027e-01,9.823406338255384895e-01,7.317492708648934419e-02,2.588737427274339087e-01,1.017828137090345919e+00
2.725000000000000000e+01,7.277831096533617095e-02,2.107914225467892311e-01,9.821940967054778593e-01,7.318723593557691087e-02,2.589179951227104093e-01,1.017681599970285289e+00
2.730000000000000071e+01,7.279061981442373763e-02,2.108356749420657317e-01,9.820475595854173401e-01,7.319954478466447756e-02,2.589622475179869099e-01,1.017535062850224659e+00
2.735000000000000142e+01,7.281412522914729180e-02,2.108263416585011152e-01,9.818499749776341545e-01,7.322305019938801784e-02,2.589529142344222934e-01,1.017337478242441584e+00
2.739999999999999858e+01,7.284330476452090253e-02,2.107898525829959846e-01,9.816265208654298968e-01,7.325222973476164245e-02,2.589164251589171628e-01,1.017114024130237215e+00
2.744999999999999929e+01,7.287248429989451326e-02,2.107533635074908818e-01,9.814030667532256391e-01,7.328140927013523931e-02,2.588799360834120877e-01,1.016890570018033069e+00
2.750000000000000000e+01,7.289720422760567753e-02,2.107188627011971627e-01,9.811926473146189709e-01,7.330612919784640358e-02,2.588454352771183409e-01,1.016680150579426289e+00
2.755000000000000071e+01,7.290697323370763649e-02,2.106910276061874365e-01,9.810259268733030336e-01,7.331589820394837642e-02,2.588176001821086425e-01,1.016513430138110463e+00
2.760000000000000142e+01,7.291674223980958158e-02,2.106631925111777381e-01,9.808592064319873183e-01,7.332566721005032151e-02,2.587897650870989441e-01,1.016346709696794637e+00
2.764999999999999858e+01,7.292651124591152667e-02,2.106353574161680120e-01,9.806924859906714920e-01,7.333543621615226660e-02,2.587619299920891902e-01,1.016179989255479033e+00
2.769999999999999929e+01,7.293699401558012552e-02,2.106441392793241274e-01,9.805934249104149014e-01,7.334591898582085157e-02,2.587707118552453056e-01,1.016080928175222331e+00
2.775000000000000000e+01,7.294765989646419257e-02,2.106623149754382751e-01,9.805117213816227917e-01,7.335658486670493250e-02,2.587888875513594256e-01,1.015999224646430221e+00
2.780000000000000071e+01,7.295832577734827351e-02,2.106804906715523951e-01,9.804300178528305709e-01,7.336725074758901344e-02,2.588070632474736010e-01,1.015917521117637889e+00
2.785000000000000142e+01,7.296560227406469201e-02,2.107529829793781395e-01,9.803613351013960031e-01,7.337452724430543194e-02,2.588795555552992900e-01,1.015848838366203433e+00
2.789999999999999858e+01,7.296690304948318107e-02,2.109212392718636808e-01,9.803156088909501520e-01,7.337582801972392099e-02,2.590478118477848590e-01,1.015803112155757582e+00
2.794999999999999929e+01,7.296820382490168400e-02,2.110894955643492499e-01,9.802698826805043009e-01,7.337712879514241004e-02,2.592160681402704281e-01,1.015757385945311730e+00
2.800000000000000000e+01,7.296950460032017305e-02,2.112577518568348189e-01,9.802241564700584497e-01,7.337842957056089910e-02,2.593843244327559971e-01,1.015711659734865879e+00
2.805000000000000071e+01,7.294264036403573515e-02,2.114478493510383028e-01,9.802589417636661251e-01,7.335156533427647507e-02,2.595744219269594533e-01,1.015746445028473666e+00
2.810000000000000142e+01,7.291359086005728962e-02,2.116396414609946486e-01,9.802999737860399465e-01,7.332251583029802955e-02,2.597662140369157990e-01,1.015787477050847265e+00
2.814999999999999858e+01,7.288454135607885798e-02,2.118314335709510221e-01,9.803410058084137679e-01,7.329346632631958403e-02,2.599580061468722003e-01,1.015828509073221309e+00
2.819999999999999929e+01,7.282671633797672961e-02,2.120386466085897037e-01,9.804294482205008210e-01,7.323564130821746954e-02,2.601652191845108542e-01,1.015916951485308140e+00
2.825000000000000000e+01,7.273942630556548550e-02,2.122616500801669803e-01,9.805664370392755957e-01,7.314835127580621155e-02,2.603882226560881863e-01,1.016053940304082914e+00
2.830000000000000071e+01,7.265213627315424139e-02,2.124846535517442292e-01,9.807034258580503705e-01,7.306106124339498131e-02,2.606112261276654074e-01,1.016190929122857689e+00
2.835000000000000142e+01,7.256596689547931134e-02,2.127020683169402182e-01,9.808383943305972741e-01,7.297489186572003739e-02,2.608286408928613964e-01,1.016325897595404815e+00
2.839999999999999858e+01,7.249730392246085675e-02,2.128321786231927859e-01,9.809418017902238329e-01,7.290622889270159668e-02,2.609587511991139364e-01,1.016429305055031262e+00
2.844999999999999929e+01,7.242864094944238829e-02,2.129622889294453536e-01,9.810452092498503918e-01,7.283756591968312821e-02,2.610888615053665318e-01,1.016532712514657710e+00
2.850000000000000000e+01,7.235997797642391982e-02,2.130923992356979213e-01,9.811486167094769506e-01,7.276890294666465975e-02,2.612189718116191273e-01,1.016636119974284380e+00
2.855000000000000071e+01,7.231602682945981186e-02,2.131475267746725799e-01,9.812146703577994122e-01,7.272495179970053791e-02,2.612740993505937581e-01,1.016702173622606953e+00
2.860000000000000142e+01,7.228682418085774497e-02,2.131579031399400415e-01,9.812584305251130790e-01,7.269574915109847102e-02,2.612844757158612197e-01,1.016745933789920509e+00
2.864999999999999858e+01,7.225762153225567808e-02,2.131682795052075030e-01,9.813021906924266347e-01,7.266654650249640413e-02,2.612948520811286812e-01,1.016789693957234064e+00
2.869999999999999929e+01,7.223811921737570418e-02,2.131561716403252982e-01,9.813345963990982579e-01,7.264704418761644411e-02,2.612827442162464764e-01,1.016822099663905687e+00
2.875000000000000000e+01,7.225935323328880333e-02,2.130496417624232197e-01,9.813193193066062081e-01,7.266827820352952938e-02,2.611762143383443702e-01,1.016806822571413527e+00
2.880000000000000071e+01,7.228058724920190248e-02,2.129431118845211690e-01,9.813040422141141583e-01,7.268951221944264240e-02,2.610696844604423195e-01,1.016791545478921588e+00
2.885000000000000142e+01,7.230182126511500162e-02,2.128365820066190905e-01,9.812887651216219975e-01,7.271074623535572767e-02,2.609631545825402688e-01,1.016776268386429427e+00
2.889999999999999858e+01,7.234898653650519151e-02,2.127776862966906102e-01,9.812425482640126928e-01,7.275791150674593144e-02,2.609042588726118161e-01,1.016730051528820233e+00
2.894999999999999929e+01,7.240441219503424009e-02,2.127339644247140393e-01,9.811864755612792477e-01,7.281333716527496613e-02,2.608605370006352175e-01,1.016673978826086788e+00
2.900000000000000000e+01,7.245983785356328866e-02,2.126902425527374685e-01,9.811304028585458026e-01,7.286876282380402858e-02,2.608168151286586189e-01,1.016617906123353343e+00
2.905000000000000071e+01,7.253243631537044378e-02,2.126305991565871634e-01,9.810649039636823998e-01,7.294136128561118371e-02,2.607571717325083416e-01,1.016552407228489940e+00
2.910000000000000142e+01,7.264078420021759241e-02,2.125378111832872674e-01,9.809797821263878115e-01,7.304970917045833234e-02,2.606643837592084179e-01,1.016467285391195130e+00
2.914999999999999858e+01,7.274913208506472717e-02,2.124450232099873437e-01,9.808946602890932231e-01,7.315805705530545322e-02,2.605715957859084941e-01,1.016382163553900764e+00
2.919999999999999929e+01,7.285747996991187581e-02,2.123522352366873922e-01,9.808095384517986348e-01,7.326640494015260185e-02,2.604788078126085704e-01,1.016297041716605953e+00
2.925000000000000000e+01,7.285205797951975482e-02,2.123746843094732606e-01,9.808374109131597907e-01,7.326098294976049474e-02,2.605012568853944388e-01,1.016324914177967109e+00
2.930000000000000071e+01,7.283265685907497344e-02,2.124112927865015321e-01,9.808791672079415491e-01,7.324158182931569949e-02,2.605378653624227381e-01,1.016366670472748979e+00
2.935000000000000142e+01,7.281325573863019207e-02,2.124479012635297759e-01,9.809209235027234186e-01,7.322218070887093200e-02,2.605744738394509818e-01,1.016408426767530848e+00
2.939999999999999858e+01,7.281592220889089584e-02,2.124589529454960490e-01,9.809259020873243307e-01,7.322484717913163577e-02,2.605855255214172272e-01,1.016413405352131871e+00
2.944999999999999929e+01,7.284484544862400435e-02,2.124395962840527063e-01,9.808871213023215851e-01,7.325377041886474427e-02,2.605661688599738568e-01,1.016374624567129015e+00
2.950000000000000000e+01,7.287376868835709898e-02,2.124202396226093359e-01,9.808483405173188396e-01,7.328269365859782503e-02,2.605468121985304863e-01,1.016335843782126158e+00
2.955000000000000071e+01,7.290213792113239832e-02,2.124013595916572350e-01,9.808098180885722606e-01,7.331106289137312437e-02,2.605279321675784132e-01,1.016297321353379690e+00
2.960000000000000142e+01,7.290669610797426148e-02,2.124029649902847983e-01,9.807823997309869091e-01,7.331562107821498753e-02,2.605295375662060042e-01,1.016269902995794450e+00
2.964999999999999858e+01,7.291125429481612463e-02,2.124045703889123893e-01,9.807549813734014466e-01,7.332017926505685068e-02,2.605311429648335952e-01,1.016242484638208765e+00
2.969999999999999929e+01,7.291581248165800166e-02,2.124061757875399525e-01,9.807275630158159840e-01,7.332473745189874159e-02,2.605327483634611307e-01,1.016215066280623525e+00
2.975000000000000000e+01,7.291648800415813370e-02,2.123936679447114562e-01,9.806991674104225121e-01,7.332541297439887362e-02,2.605202405206326066e-01,1.016186670675229831e+00
2.980000000000000071e+01,7.291445221511332064e-02,2.123713046544044858e-01,9.806700893810460506e-01,7.332337718535406057e-02,2.604978772303256918e-01,1.016157592645853480e+00
2.985000000000000142e+01,7.291241642606849371e-02,2.123489413640975154e-01,9.806410113516697002e-01,7.332134139630921976e-02,2.604755139400186659e-01,1.016128514616477130e+00
2.989999999999999858e+01,7.291562544773777521e-02,2.123270335754812166e-01,9.806112109829706602e-01,7.332455041797850126e-02,2.604536061514023948e-01,1.016098714247778201e+00
2.994999999999999929e+01,7.294744854015125513e-02,2.123076108636981763e-01,9.805774697535609707e-01,7.335637351039198117e-02,2.604341834396193267e-01,1.016064973018368400e+00
3.000000000000000000e+01,7.297927163256473504e-02,2.122881881519151359e-01,9.805437285241512813e-01,7.338819660280546109e-02,2.604147607278363141e-01,1.016031231788958600e+00
3.005000000000000071e+01,7.301109472497822883e-02,2.122687654401321233e-01,9.805099872947414807e-01,7.342001969521896876e-02,2.603953380160533015e-01,1.015997490559549021e+00
3.010000000000000142e+01,7.304502240630846022e-02,2.122443816079344348e-01,9.804781938604267832e-01,7.345394737654920014e-02,2.603709541838555852e-01,1.015965697125234213e+00
3.014999999999999858e+01,7.307976454864309468e-02,2.122180778572749227e-01,9.804471542090179570e-01,7.348868951888382073e-02,2.603446504331961009e-01,1.015934657473825276e+00
3.019999999999999929e+01,7.311450669097772914e-02,2.121917741066154106e-01,9.804161145576092418e-01,7.352343166121846907e-02,2.603183466825366166e-01,1.015903617822416560e+00
3.025000000000000000e+01,7.313161280081294235e-02,2.121812983847166101e-01,9.804001653816556416e-01,7.354053777105368228e-02,2.603078709606377883e-01,1.015887668646463071e+00
3.030000000000000071e+01,7.310491955844093670e-02,2.122101318105221179e-01,9.804216936286691553e-01,7.351384452868167663e-02,2.603367043864432961e-01,1.015909196893476585e+00
3.035000000000000142e+01,7.307822631606891717e-02,2.122389652363275980e-01,9.804432218756826689e-01,7.348715128630964322e-02,2.603655378122488040e-01,1.015930725140490098e+00
3.039999999999999858e+01,7.305153307369691151e-02,2.122677986621330781e-01,9.804647501226961825e-01,7.346045804393763756e-02,2.603943712380542563e-01,1.015952253387503612e+00
3.044999999999999929e+01,7.308970138308697184e-02,2.122801287203574527e-01,9.804352017840693989e-01,7.349862635332771177e-02,2.604067012962786309e-01,1.015922705048876828e+00
3.050000000000000000e+01,7.313903423795078962e-02,2.122896180726038806e-01,9.803968616905812672e-01,7.354795920819151567e-02,2.604161906485250588e-01,1.015884364955388808e+00
3.055000000000000071e+01,7.318836709281462127e-02,2.122991074248503085e-01,9.803585215970930244e-01,7.359729206305534732e-02,2.604256800007714867e-01,1.015846024861900343e+00
3.060000000000000142e+01,7.317550936310995846e-02,2.123142921531484539e-01,9.803562255267632697e-01,7.358443433335068451e-02,2.604408647290696321e-01,1.015843728791570699e+00
3.064999999999999858e+01,7.307649766602565544e-02,2.123373668095761002e-01,9.804038620244737157e-01,7.348542263626639537e-02,2.604639393854972784e-01,1.015891365289281145e+00
3.069999999999999929e+01,7.297748596894133855e-02,2.123604414660037465e-01,9.804514985221841616e-01,7.338641093918207847e-02,2.604870140419249247e-01,1.015939001786991591e+00
3.075000000000000000e+01,7.287847427185703553e-02,2.123835161224313928e-01,9.804991350198947186e-01,7.328739924209776158e-02,2.605100886983525710e-01,1.015986638284702259e+00
3.080000000000000071e+01,7.287702006820721834e-02,2.123838550243044299e-01,9.804998346662079367e-01,7.328594503844795827e-02,2.605104276002255803e-01,1.015987337931015366e+00
