frame,time_s,status,world_source_id,detection_count,error_px,ambiguity_gap_px,x_m,y_m,z_m,relative_rx_rad,relative_ry_rad,relative_rz_rad,distance_m
0,0.0,tracked,1,1,0.13233365872401381,0.38347429349101825,-0.21150366445353674,0.29210684690665123,-0.07111131162478673,-0.05481410637357274,0.3337373135224555,2.67608893199029,0.36758268284566614
1,0.03333333333333333,tracked,1,1,0.133784349537408,0.3866689098379339,-0.2111209325995167,0.2918287463439552,-0.07145472604891412,-0.05769604246731727,0.3459761032274163,2.676873926849629,0.3672081742678117
2,0.06666666666666667,tracked,1,1,0.17812761330329033,0.24006059732462273,-0.20241467453080608,0.29065672479932736,-0.06638093466734069,-0.11771878068057776,0.34308577394476286,2.6802570656219924,0.3603601817956499
3,0.1,tracked,1,1,0.11512923836621244,0.3755100702848295,-0.20991414249390733,0.2927420946729244,-0.06898022071153809,-0.05757640673190669,0.32370002468017756,2.671223343586545,0.36676988979720837
4,0.13333333333333333,tracked,1,1,0.15091179974115793,0.38015014367670813,-0.2103144375050912,0.29215519133544254,-0.06881753644511701,-0.04316062497868212,0.3325455781808496,2.6712191643098864,0.3665005754016042
5,0.16666666666666669,tracked,1,1,0.09075345294464898,0.38674852252297764,-0.21206931299903803,0.2917561047223139,-0.07239542229730556,-0.050207950196352116,0.33966593800026434,2.675371227320501,0.3678805720994613
6,0.2,tracked,1,1,0.12577455183339178,0.41484378093427055,-0.21301225943908536,0.29180423431338154,-0.07304175978593591,-0.044003690644802106,0.33492229679519764,2.6754151296380573,0.3685906028471011
7,0.23333333333333334,tracked,1,1,0.10449864171888977,0.27741089917898865,-0.21114270079420033,0.29186592148636814,-0.07155339645395875,-0.06124316841757247,0.3422585519666606,2.6717509951146803,0.36726944437000664
8,0.26666666666666666,tracked,1,1,0.05411151740097816,0.41821345431767154,-0.21184592453528156,0.2923732917234259,-0.07219503251131071,-0.05205649357996943,0.3355390577894636,2.6732907846742315,0.36820233591696416
9,0.30000000000000004,tracked,1,1,0.08543860123885343,0.429063378262551,-0.21026240213855285,0.29255237968977144,-0.06989314727554213,-0.051527053691219266,0.32893654721251103,2.6712622317795325,0.36699076916361717
10,0.33333333333333337,tracked,1,1,0.06047373382560654,0.3859412726861262,-0.2063048735352695,0.2933196388377738,-0.06451084321169098,-0.06897744484095987,0.32066006891113974,2.6719309444573045,0.36436212792249545
11,0.3666666666666667,tracked,1,1,0.08496481358797328,0.40854753814312394,-0.20823192184485373,0.29244688720545153,-0.06847942591883205,-0.06446303280900041,0.3425921313377468,2.673027737660746,0.36547933852070513
12,0.4,tracked,1,1,0.09551983923362216,0.4202622479128163,-0.20841232023654443,0.2928077795306401,-0.06765235160039618,-0.05670209763570889,0.33156726362729966,2.672648725843003,0.36571701034694504
13,0.43333333333333335,tracked,1,1,0.07880714960716655,0.41953928629982684,-0.20944071719346735,0.29315156705969064,-0.07046696762885452,-0.07411783649765923,0.3199640995148912,2.669089903642705,0.36710876973299383
14,0.4666666666666667,tracked,1,1,0.13713577924837575,0.44680537876959625,-0.206598931264871,0.2929998601552397,-0.06835247833758828,-0.09232204818884764,0.319500740937801,2.672891491656099,0.3649713656517007
15,0.5,tracked,1,1,0.07632342696741126,0.4241177951690237,-0.20909083682552104,0.29269710147953054,-0.0706717315034045,-0.07801888614080613,0.318718930036779,2.6725704217100845,0.36658568560788696
16,0.5333333333333333,tracked,1,1,0.059868621902763694,0.4454096562710876,-0.2089550132054509,0.29372577333333333,-0.06930183968506282,-0.07303499274713066,0.31898436228469645,2.6720614353841654,0.3670691657544788
17,0.5666666666666667,tracked,1,1,0.09650450095188431,0.43244414672673026,-0.2080529318673663,0.2940034039439962,-0.06823042269838292,-0.07184275808214559,0.3102359627435345,2.669394086699676,0.36657797884060567
18,0.6000000000000001,tracked,1,1,0.07924460227136573,0.45372198173170997,-0.20858406517016664,0.2938175940357779,-0.06846677085525649,-0.06812778255394115,0.3152194696854473,2.6713567141457744,0.3667748485368533
19,0.6333333333333334,tracked,1,1,0.1231114210431465,0.41948695470213354,-0.20810713280123816,0.29349616470094797,-0.06865338088181322,-0.07374558891970075,0.3213696095537005,2.6719988334973155,0.3662811271734069
20,0.6666666666666667,tracked,0,1,0.06931159033870089,0.4620571184307218,-0.20717377052352326,0.29429340013194194,-0.06778154671467174,-0.07086911237384004,0.3219620886405096,2.6743698200678194,0.36622931972902717
21,0.7000000000000001,tracked,1,1,0.06987660869034226,0.438912910576988,-0.2071782025481982,0.29400922421556247,-0.06700093964015685,-0.07239927679249825,0.31517316969175735,2.66966028697379,0.3658597510626211
22,0.7333333333333334,tracked,0,1,0.10866468414940583,0.37429718661923944,-0.2074672347613974,0.29427571671944347,-0.06746299253786686,-0.06827652178420889,0.3250337861796982,2.674149699132301,0.3663224076035306
23,0.7666666666666667,tracked,1,1,0.12983398902851764,0.435819188031104,-0.20902823675449983,0.29353177375949113,-0.06908188305186752,-0.06351137998462074,0.32472046931494514,2.6704404666810078,0.36691417597727155
24,0.8,tracked,1,1,0.08209741857341396,0.4283177804846207,-0.20913854682357247,0.29293532919246373,-0.0688329454339065,-0.062080993816543105,0.32379103366963086,2.673007194762384,0.3664532892930283
25,0.8333333333333334,tracked,1,1,0.10158476000706468,0.43520297631451604,-0.20562313298828838,0.2932172538099846,-0.06462769066380458,-0.06382053821387897,0.33840253840248896,2.6734726617186184,0.3639147828164235
26,0.8666666666666667,tracked,1,1,0.11675146962372313,0.4246718886759075,-0.2070265613730533,0.29285353642575734,-0.0666343288526241,-0.06777843888232211,0.33421143209492354,2.6720491624303544,0.36477845974325657
27,0.9,tracked,1,1,0.09559075129506053,0.44218838252992176,-0.2096959094540542,0.2930215439092447,-0.06955922341247583,-0.06083045007653387,0.3310604411334984,2.6703534456860414,0.36697749958065146
28,0.9333333333333333,tracked,1,1,0.09660962004662403,0.4366312551518217,-0.21008078783354833,0.29312631861848265,-0.07013520211449531,-0.061696777341018645,0.3223978591559922,2.6709065903200755,0.36739069484573184
29,0.9666666666666667,tracked,1,1,0.06359295197876179,0.4528703090574664,-0.2101523372604922,0.2928414810607779,-0.0699900056093053,-0.05343574158807274,0.3319825764037371,2.6697349230062852,0.36717671327455964
30,1.0,tracked,1,1,0.10184191743887773,0.4012869811765508,-0.21031063035546577,0.29281967482847254,-0.07033609486704695,-0.05974096192566008,0.3330497443715296,2.671150276142648,0.36731606206142414
31,1.0333333333333334,tracked,1,1,0.04250947571022212,0.41862222794491,-0.2100515833480296,0.2928706828474209,-0.07029306101964039,-0.06357211934008541,0.3316647589887894,2.670270886351248,0.3672002436900603
32,1.0666666666666667,tracked,1,1,0.05674721843109154,0.42425006672540233,-0.2110934978510965,0.29269960430607106,-0.07148508113679292,-0.05450587298485669,0.3359831795956038,2.6686620288191842,0.36789079904378597
33,1.1,tracked,1,1,0.06402815332228631,0.426148772672171,-0.21047676027794598,0.2928553058354155,-0.07099377005863267,-0.0670740803293287,0.3314987326688864,2.672839000459809,0.36756606502803374
34,1.1333333333333333,tracked,1,1,0.09217617224064764,0.3872904983227434,-0.21108169116930825,0.29277954258171734,-0.07208339909630379,-0.06039913976577097,0.33897775429993043,2.669821217611053,0.3680643385694027
35,1.1666666666666667,tracked,1,1,0.08041471947336405,0.4325466423792694,-0.21017424802633167,0.2926141045300905,-0.07138228715330747,-0.05917493087278725,0.33426958195800965,2.670187726831386,0.36727599924664006
36,1.2000000000000002,tracked,1,1,0.06618954397958529,0.4304247488003392,-0.20819192004973913,0.2930996396455051,-0.06796050456177388,-0.053944828828805885,0.3353751367713572,2.668019562894712,0.36588236431210075
37,1.2333333333333334,tracked,1,1,0.142290702545527,0.4059312537801878,-0.20769931748778225,0.2924504036665778,-0.06924310825571578,-0.08099113910717713,0.3381024949644594,2.6722060121199376,0.36532294361365764
38,1.2666666666666668,tracked,1,1,0.0992291317635003,0.41878740349603555,-0.2102310515958843,0.2928494168522414,-0.07116457238117152,-0.06454541330552623,0.3335845398585917,2.6712690304141904,0.3674537690213617
39,1.3,tracked,1,1,0.10392371039737022,0.42914366792128245,-0.20968115116259473,0.292715742099478,-0.07140683439527995,-0.07500613443515405,0.32959260763351045,2.671975800183982,0.367079864367516
40,1.3333333333333335,tracked,1,1,0.1412221723883049,0.3892671957057676,-0.21052125948095252,0.29239380121318614,-0.07196327537564884,-0.06726231860738877,0.334755804242081,2.6710665989080686,0.3674126408877819
41,1.3666666666666667,tracked,1,1,0.11847643018477842,0.428835918244634,-0.2102578354740694,0.292584146521297,-0.07173584726086196,-0.07235198009973627,0.3298770425384668,2.671368301241882,0.367368850007823
42,1.4000000000000001,tracked,1,1,0.07978364874943256,0.46962893293742736,-0.2107385936717831,0.2922447772427621,-0.07312235830001773,-0.06982584956011981,0.34407422478038785,2.6733098087239813,0.3676474452131943
43,1.4333333333333333,tracked,0,1,0.10510562149595735,0.4383952950431186,-0.20892349648025815,0.2939881927602054,-0.0700471339032927,-0.04659801328751183,0.3232331329344055,2.6677654719069976,0.36740262088343073
44,1.4666666666666668,tracked,1,1,0.12056425924655252,0.4200588529375429,-0.2106832922081105,0.29231606216212636,-0.0722719133266228,-0.0668357061778996,0.3415687468656095,2.6716979815120623,0.3675042302743073
45,1.5,tracked,0,1,0.08464067385614202,0.4394718559504235,-0.20881254639853514,0.29315338877970637,-0.07095801788565687,-0.05237257952764922,0.3311909290291278,2.6660399585421626,0.36684687430687923
46,1.5333333333333334,tracked,1,1,0.10474831369502492,0.4321715877220982,-0.21060550311083323,0.2921045921571282,-0.07288659554038762,-0.07238425265736202,0.3459434406056762,2.6731871858031253,0.36741288288425245
47,1.5666666666666669,tracked,1,1,0.09377819379077995,0.405886856035265,-0.21151823059848832,0.2920361501563065,-0.07473988289226607,-0.07055670381460981,0.34623830622710694,2.6720622028388865,0.3682541581141776
48,1.6,tracked,1,1,0.10057708548133047,0.4420659428791768,-0.21132020656290532,0.29189025589564066,-0.07430830824713452,-0.07315210099969022,0.34444856974928245,2.672440069247019,0.36793732599882106
49,1.6333333333333335,tracked,1,1,0.09905688471692192,0.4055189079336075,-0.21075642438886272,0.2921868210741192,-0.07360911640638179,-0.07323383223633984,0.34488864877772113,2.6726041675116097,0.36770873099330403
50,1.6666666666666667,tracked,1,1,0.09299030249836235,0.40183400992096463,-0.21079583001227784,0.2922563406526079,-0.07309170203792681,-0.06914869102694567,0.3449374686072638,2.671350239295204,0.36768335223262344
51,1.7000000000000002,tracked,1,1,0.12540081020827543,0.4298882239855508,-0.21107116233877798,0.2920263202769583,-0.0739225448548424,-0.07453289621759533,0.3460430282550118,2.6711719981485293,0.36782461845743764
52,1.7333333333333334,tracked,1,1,0.063310305906103,0.46404879125049214,-0.21081037722711485,0.2924880696300118,-0.07267139349939034,-0.07006186860215499,0.33861220401453385,2.669835355862055,0.36779262833242365
53,1.7666666666666668,tracked,1,1,0.10190006391708381,0.4377479626465055,-0.21101261519256018,0.29177817046000093,-0.07379682202326115,-0.07253846950056163,0.3511699185792063,2.6727773674468023,0.3675687629112704
54,1.8,tracked,1,1,0.11210261760050058,0.44142140492860216,-0.21041091764324063,0.2924344393097331,-0.07309057344842884,-0.07019533642627326,0.34628988671067085,2.670194750818863,0.36760425389933765
55,1.8350000000000002,tracked,1,1,0.11482637480066453,0.39963840892745534,-0.2110585501771089,0.29195524681842033,-0.07421119443005053,-0.07389213357608881,0.3506302004597649,2.671805376761898,0.3678190847772892
56,1.8683333333333334,tracked,1,1,0.18275743885255458,0.43386903963465684,-0.21117003810738055,0.2920921802833049,-0.07441521784638011,-0.07704499556763873,0.3489774594317771,2.673691006267932,0.36803294882938326
57,1.9016666666666668,tracked,0,1,0.10610102726129243,0.45312264311506767,-0.20910211227474013,0.2934522856398226,-0.07197746074089867,-0.05204452981191754,0.332593134686821,2.66489986830163,0.3674488973445174
58,1.935,tracked,1,1,0.16869510769572876,0.43153702273581135,-0.2106700164443898,0.2927499728714896,-0.07328516286257558,-0.0730701381696026,0.3351361713254978,2.6702277714802567,0.3680422768388594
59,1.9683333333333335,tracked,1,1,0.13064566116229734,0.3924054869070457,-0.21009417361411847,0.29264184642447605,-0.07242287064346553,-0.07416621526114534,0.3401529700171578,2.671402946971879,0.3674559623377557
60,2.001666666666667,tracked,1,1,0.10364169558430902,0.43343810644406333,-0.20881842049114455,0.29268776204899855,-0.07164450273251699,-0.08246221617814535,0.34718725304451786,2.6718884163154453,0.36661177499018943
61,2.035,tracked,1,1,0.12627632104942588,0.38684640227213496,-0.21087957526454387,0.2919641294398583,-0.07509405903547323,-0.07973264528735005,0.3544297697685257,2.6719153705504533,0.3679026581118325
62,2.0683333333333334,tracked,0,1,0.1340524977030522,0.36876282322548526,-0.2091964930437093,0.29472879554163667,-0.07114498122032215,-0.04336721605384014,0.3299971922205225,2.661873855924389,0.3683610239643312
63,2.101666666666667,tracked,1,1,0.1504166915119459,0.41768950138870675,-0.20992699342503873,0.29295096531683124,-0.07282815489839223,-0.07554090708237168,0.344104383287056,2.6700191099052133,0.367686756348993
64,2.1350000000000007,tracked,0,1,0.13678784426271337,0.4272751573808875,-0.20759081841121274,0.2948875687969012,-0.06945057279938877,-0.048667404599212385,0.3326019259911481,2.6642668632695017,0.3672546911637038
65,2.1683333333333334,tracked,1,1,0.10273494453610264,0.4319034464903544,-0.2101619991940627,0.2931508840433908,-0.0726133645535913,-0.06945883972258092,0.3399440269375608,2.668359527330986,0.367937776577045
66,2.2016666666666667,tracked,0,1,0.14521800038676896,0.4108465079361571,-0.20909074316129034,0.29489416426337467,-0.07145406015236022,-0.04966580992810921,0.32995693554737365,2.664741780080289,0.368493133863566
67,2.2350000000000003,tracked,0,1,0.12166593242593277,0.4092200194892231,-0.20848826616385174,0.29497146158088927,-0.07049697973465108,-0.05243152564253247,0.3299258062083409,2.6637720649142067,0.36802899943738526
68,2.2683333333333335,tracked,1,1,0.11183556270956939,0.4353036008688276,-0.20893317945063095,0.2936530636936391,-0.07065943273216613,-0.07131752408147361,0.3295645214908167,2.6666939758524553,0.36725733583693265
69,2.3016666666666667,tracked,0,1,0.09734518580399222,0.461478367546692,-0.20740025160075326,0.29550479871536506,-0.06944632585392668,-0.052744307576983625,0.3256890379965809,2.6623135225368184,0.36764213931821516
70,2.335,tracked,1,1,0.08585282568253053,0.45625767224429026,-0.20824596889347197,0.2933872851413448,-0.07017249092207567,-0.07663252827531947,0.33583247320137666,2.667237428904389,0.36656058315808926
71,2.3683333333333336,tracked,1,1,0.12754922679671787,0.44232711979058237,-0.20863320862787288,0.29360484692845457,-0.07009164372421295,-0.06259136249687065,0.33280324415778395,2.6666295890571936,0.36693931433168175
72,2.401666666666667,tracked,1,1,0.09240078849339486,0.45522635055002436,-0.20938244976119097,0.29359998944944626,-0.07073405047500564,-0.06288623652730871,0.3379055964250195,2.6655034187953692,0.3674850608790965
73,2.435,tracked,1,1,0.09326082573230099,0.45221613505312264,-0.20838957954376097,0.2943555981502103,-0.06895833383456723,-0.062476539740640796,0.3197307197839537,2.6627692015288575,0.3671875363217455
74,2.468333333333334,tracked,1,1,0.15304311577943777,0.4015761033345806,-0.209247751482239,0.2940607155385561,-0.0696156266978018,-0.05845086774141825,0.32770387363518466,2.6651963844084814,0.3675631393433626
75,2.501666666666667,tracked,1,1,0.1310815539872889,0.3980187666514873,-0.20779736350388434,0.29433899517820544,-0.0676175805055278,-0.05955854787740221,0.32652784062790174,2.6649072072510576,0.3665887689975003
76,2.535,tracked,1,1,0.12242227078593927,0.4266523991782263,-0.20915691365794697,0.2940851106367521,-0.06855239424374027,-0.045883036343490016,0.33169775658702094,2.664908898817972,0.36733104631340074
77,2.5683333333333334,tracked,1,1,0.13882649816128798,0.43755250924933964,-0.2092573424070911,0.29411338952976857,-0.06825141978477567,-0.04865306455704695,0.32393668877509724,2.6647378512057345,0.367354838752133
78,2.601666666666667,tracked,1,1,0.10637237494495318,0.42393143857290444,-0.20816506182265687,0.2931462669364453,-0.06797052255237818,-0.05391725995548237,0.33789821933896724,2.667257565249275,0.36590629772996197
79,2.6350000000000007,tracked,1,1,0.08295088869940827,0.40773014767869903,-0.20782733213205806,0.2933240333379171,-0.06714772985457668,-0.053142227762853655,0.33755737717606427,2.667186393102735,0.36570480737799377
80,2.6683333333333334,tracked,1,1,0.08807609619665481,0.42359727831698146,-0.20579854900462657,0.29453516034145477,-0.06366714712012461,-0.046692186512658204,0.3335097236586919,2.665351275993547,0.36490753496220346
81,2.7016666666666667,tracked,1,1,0.12141080947871691,0.41490937637964603,-0.2085946202402421,0.29483083050266423,-0.06707353154501594,-0.03398708809899397,0.32595438085920797,2.663064022597121,0.36733607615095715
82,2.7350000000000003,tracked,1,1,0.10349565375228868,0.4160912223950319,-0.20886164129539908,0.2950655953901615,-0.06575877935025615,-0.026705917273885462,0.32195433707252424,2.661088464121734,0.36743857697470217
83,2.7683333333333335,tracked,1,1,0.13157585531629187,0.42700492243726773,-0.2087243201734495,0.29486193755678536,-0.06594470252960333,-0.027524086560791944,0.32966951261589167,2.6640665848256098,0.36723031988566535
84,2.8016666666666667,tracked,1,1,0.10661077450284996,0.39678159255548917,-0.2074804393134429,0.29537985117372434,-0.0642722283598226,-0.029068902141854577,0.32100384788800257,2.6603010834209777,0.36664466246687405
85,2.835,tracked,1,1,0.11357361670033732,0.42851998992733603,-0.20857102629412866,0.2949551765101941,-0.06662497861740874,-0.03639714236180304,0.32739850867980663,2.6625239148874,0.3673408729440763
86,2.8683333333333336,tracked,1,1,0.07290544416459742,0.45132610577295074,-0.20858595293242788,0.29430463971308013,-0.066224302711341,-0.030383802937810057,0.3383770427915126,2.6654529339655526,0.36675465775771443
87,2.901666666666667,tracked,1,1,0.0726825599305986,0.4262633115944898,-0.20807643944830811,0.2948673393348472,-0.06500869971259154,-0.027232682195275387,0.3269059421883031,2.662166330930379,0.3666997184321516
88,2.935,tracked,1,1,0.09439255507083018,0.43023763580992697,-0.2084685597183693,0.29484892944231317,-0.0663002245060631,-0.032674180699018736,0.32979923931219585,2.6620269366293927,0.36713859965125406
89,2.968333333333334,tracked,1,1,0.12757395050077924,0.4306925006083815,-0.20852421789139503,0.29498779658821866,-0.06575564079219381,-0.025838489459739156,0.32686510393204504,2.6615444982013132,0.36718381483826634
90,3.001666666666667,tracked,1,1,0.10698259843686357,0.40035584461532897,-0.20824964853616207,0.29491057906525125,-0.06500231390195005,-0.024638386869828017,0.3215743695783513,2.662690104953675,0.366831659719611
91,3.035,tracked,1,1,0.08984017983148658,0.43715834194028586,-0.2083252743380578,0.2949249370660542,-0.06592831232126178,-0.02882142031930945,0.33494499470166555,2.661539424265129,0.36705133264568446
92,3.0683333333333334,tracked,1,1,0.11224468163489307,0.4275315845241979,-0.2082398419343423,0.2948275451801481,-0.06550839065730962,-0.029434667004216004,0.3260251045730783,2.662415389309354,0.36684937292068914
93,3.101666666666667,tracked,1,1,0.09271964226858512,0.42804313971422603,-0.20733131939206312,0.29548738848293693,-0.06430999410352223,-0.02520967975375566,0.3204112458500517,2.6603434178164083,0.36665358050197033
94,3.1350000000000007,tracked,1,1,0.03718380387983853,0.4531205715955114,-0.20802891053612355,0.2948223527934543,-0.06592436340516639,-0.03075703736273685,0.32899023219628803,2.661014000834246,0.3668000395527391
95,3.1683333333333334,tracked,1,1,0.09044449540778689,0.3855270322456746,-0.2071754132037295,0.29539932037725286,-0.06542420149727862,-0.037749318073796834,0.32942756951444163,2.6618478805627674,0.36669160947182233
96,3.2016666666666667,tracked,1,1,0.07999239816630457,0.424559777341072,-0.2068401051612046,0.29493041106308543,-0.06427066160826778,-0.03279793524870962,0.3278142623946906,2.662808835754774,0.36592006561065105
97,3.2350000000000003,tracked,1,1,0.1040125402339171,0.39617368995405017,-0.20767966076871824,0.29474947851455996,-0.06561341119328634,-0.038283070590418994,0.3287415817778976,2.66498073996195,0.3664876755227032
98,3.2683333333333335,tracked,0,1,0.06446335010771045,0.4075742516270614,-0.20534566905713758,0.29779479484604754,-0.06259749720793212,-0.045016969158082135,0.31299547802898336,2.6623447573468844,0.3671062929106774
99,3.3016666666666667,tracked,0,1,0.0928462348678169,0.3933704522960135,-0.2056917522276377,0.2982960220099323,-0.062191686513510314,-0.04278479219355798,0.30626807749446144,2.6600749424247994,0.3676376198824335
100,3.3350000000000004,tracked,1,1,0.08883482512689346,0.4337209389722899,-0.2074485843197606,0.2948449603602534,-0.06544938597087369,-0.03623824889570296,0.3233367353885442,2.6601305178175854,0.36640426841137735
101,3.3683333333333336,tracked,1,1,0.08014477932341912,0.43790289542825456,-0.20863951471961245,0.29418650331934654,-0.06742065292396926,-0.03594236658966793,0.33607432004607074,2.664311282257396,0.36690828592223645
102,3.401666666666667,tracked,1,1,0.06542980674472346,0.4268129048739415,-0.20680246101238803,0.29507320104571527,-0.06410110996489071,-0.028205070992792087,0.31971161093200307,2.6600138046673956,0.36598415833868597
103,3.435,tracked,1,1,0.11862711999208046,0.4421564157873777,-0.20671711922510178,0.2948148697653866,-0.06453488948132108,-0.027447146799012313,0.34128192497931886,2.6614704166213534,0.3658039458178016
104,3.468333333333334,tracked,1,1,0.09984015056401066,0.4370662562878097,-0.20797691389252881,0.2942175602304795,-0.06600425869168647,-0.03291698198758553,0.34350731728617395,2.664688192467773,0.3662989648165488
105,3.501666666666667,tracked,1,1,0.0962845569332124,0.4315903289729118,-0.2080533360383114,0.2943951684722397,-0.06637586563141756,-0.03308806681181486,0.34125107683250455,2.6675894193432956,0.3665521264360485
106,3.535,tracked,1,1,0.05530535963189366,0.42274998401997776,-0.207626741680231,0.2950951906511568,-0.06535136160622729,-0.03387557633989127,0.32414348546091504,2.660630210311026,0.36668901792933456
107,3.5683333333333334,tracked,0,1,0.06146081906659434,0.47019089235683414,-0.2048540928639681,0.2981407600559691,-0.061798150507189786,-0.04127284327358806,0.31328078859748293,2.6580659673013174,0.36697700687642476
108,3.601666666666667,tracked,1,1,0.14175653494568236,0.41188990498874495,-0.2084794551035382,0.2944056879413371,-0.06614620395621884,-0.028770777810565445,0.33574100548594027,2.6646334212117395,0.36676111106590603
109,3.6350000000000007,tracked,1,1,0.12142847712084871,0.4401367939608579,-0.2075242314262939,0.29451232972792335,-0.06577135205520007,-0.0341561093746162,0.3394026385458851,2.6630945624324327,0.3662372042024296
110,3.6683333333333334,tracked,1,1,0.11796273700307415,0.4564609487642951,-0.2060350642077498,0.29491828911429085,-0.06401458788030412,-0.04317630952777143,0.3307997758336045,2.6622854814592496,0.36541088160956187
111,3.701666666666667,tracked,1,1,0.08485325803081747,0.4171198832673728,-0.20687869495058914,0.29491776099598155,-0.06484419625268711,-0.03295345296267016,0.3296027398714896,2.6629913716829776,0.36603285366616856
112,3.7350000000000003,tracked,1,1,0.0860317135262808,0.41874647981149304,-0.206452598211173,0.2947507827456994,-0.0642453128295436,-0.04078007264087936,0.328114108711577,2.6642062545279552,0.3655518560449563
113,3.7683333333333335,tracked,1,1,0.10276008329003686,0.43189654904497987,-0.20696096049262985,0.2949333864764791,-0.06416531654470747,-0.029949673133622883,0.3285677889141117,2.6631396356033608,0.3659723069766326
114,3.8016666666666667,tracked,1,1,0.11972386227113463,0.40244659297298724,-0.20674179870731624,0.29494432296836537,-0.06483611933980138,-0.03517636428815863,0.33465521985764063,2.663158496042417,0.36597547370698064
115,3.8350000000000004,tracked,1,1,0.1323415719790517,0.37554802550765465,-0.2059606887678559,0.2952230941301864,-0.06400591128073724,-0.04175769638948986,0.3268131619063105,2.6624739750806947,0.36561350809893234
116,3.8683333333333336,tracked,0,1,0.12120748281326099,0.3769082002721263,-0.2024198166580427,0.29909634716843075,-0.05896984833150265,-0.05469212911003687,0.3041619953667593,2.6606888925308096,0.36593694822689676
117,3.901666666666667,tracked,1,1,0.11598681889024844,0.45727783571304736,-0.20771460638486883,0.29466788421705237,-0.06554075834487827,-0.02756481518845077,0.33674764065652546,2.6645658190422057,0.36642886171670064
118,3.935,tracked,0,1,0.05493407017614896,0.44905670870695313,-0.20313490342384827,0.2993624353088594,-0.05952826747368728,-0.047504728344108925,0.30804843528279174,2.6616715522531886,0.36664052052587703
119,3.968333333333334,tracked,0,1,0.1310932634291168,0.4250404304262427,-0.20304201950414125,0.2993440927544951,-0.05949267466693631,-0.04979875809435844,0.3066222582326391,2.6613757200183743,0.3665683099919546
120,4.001666666666667,tracked,0,1,0.11684511853349551,0.43481402583036627,-0.20221792805573696,0.2993579923317775,-0.058661023283516744,-0.051165964857766734,0.3078299793539843,2.659491411025542,0.3659896359908803
121,4.035,tracked,1,1,0.09770462454690583,0.43614167840118484,-0.20500620863616392,0.2954146886832237,-0.06307237126865683,-0.04815869567154577,0.32532633861188975,2.6646802197783543,0.36506918232936564
122,4.068333333333333,tracked,1,1,0.09471936560030438,0.46237412959488633,-0.20669739245229984,0.2947865133552589,-0.0648660352141871,-0.03830606191233344,0.33080711294225795,2.6637017665922618,0.36582851587477216
123,4.101666666666667,tracked,1,1,0.10526514335988144,0.438343968351686,-0.2060271268503019,0.2952568096734832,-0.06378570997534,-0.03803959011510089,0.3273736538131759,2.6616253763288324,0.3656396825480135
124,4.135000000000001,tracked,0,1,0.06725442808717404,0.46656654395901626,-0.2018215374649434,0.2996851006729285,-0.058334700366997116,-0.05434146156693814,0.30600093719398413,2.658609991968626,0.3659863792779236
125,4.168333333333334,tracked,1,1,0.030998184580923613,0.4862468364847018,-0.20528738526896234,0.2953630620919634,-0.06325097015153702,-0.04137248089481683,0.3336398377077709,2.6623227688909994,0.3652162841714742
126,4.201666666666667,tracked,0,1,0.09440335133407708,0.46739506862238445,-0.2023401434019224,0.2992606398945307,-0.05884492693668142,-0.04867952524786553,0.30233900164893257,2.658250821815825,0.3660070896146383
127,4.235,tracked,0,1,0.15002894194821012,0.3716383527173416,-0.2017421728036895,0.300109260503972,-0.058004363513783186,-0.049484037251757595,0.2993390327402416,2.659199856239527,0.3662375987176
128,4.2683333333333335,tracked,1,1,0.06323961979744057,0.42140110513182594,-0.2052474796929591,0.29599859644548304,-0.06294584062053599,-0.0350770519076659,0.31988517202142486,2.658104726096747,0.36565540590757506
129,4.301666666666667,tracked,0,1,0.07474992964768296,0.4590602032583601,-0.2013099042685751,0.29997409247599566,-0.057713234702684635,-0.05316462143003177,0.3056058867548405,2.6623577643822864,0.3658427957104899
130,4.335,tracked,1,1,0.06613234455257036,0.47557761870596327,-0.205456773708923,0.29564381632163783,-0.0626684543482342,-0.03472115563361156,0.31764005473466855,2.662240992047607,0.36543821250999275
131,4.368333333333333,tracked,0,1,0.06560010718112784,0.4499319692970818,-0.20056497314391786,0.3001638331149143,-0.057288119960956396,-0.05420587718315176,0.3019198520390109,2.661145645730133,0.3655223164885005
132,4.401666666666667,tracked,0,1,0.04937779447008594,0.42825583322618516,-0.2008173665746265,0.30013764473339327,-0.058056033181449695,-0.05207667141986485,0.30227737056838616,2.6619462024515026,0.3657604728409593
133,4.4350000000000005,tracked,1,1,0.04374826863665938,0.4400719354438163,-0.2058801393873445,0.29479406733472313,-0.06334909123422983,-0.031858460863420604,0.305680206306544,2.658051916235413,0.3651072188961818
134,4.468333333333334,tracked,1,1,0.1333710006969785,0.43919783775828924,-0.20526254181132775,0.2937604010242782,-0.06195189357019004,-0.03974677205496906,0.3179752721793899,2.6546821716101308,0.36368382064332194
135,4.501666666666667,tracked,1,1,0.1380377139372762,0.40129298948854725,-0.2054066225970999,0.29298100180910547,-0.06139518093234275,-0.03790763215744537,0.3084169997280526,2.6441508798078126,0.36304148009494674
136,4.535,tracked,0,1,0.1473910579002191,0.3833258378851234,-0.20264623946135135,0.29835715000714585,-0.05788439380664101,-0.054986548502228144,0.2911039074357452,2.638122896388245,0.3652849440841714
137,4.568333333333333,tracked,1,1,0.08448963466435506,0.4211970154131019,-0.20636870542617258,0.2936485516447631,-0.06131600192570891,-0.041120959626242064,0.3042204957439087,2.6387235416232295,0.36411147545016354
138,4.601666666666667,tracked,1,1,0.057338173841966725,0.40356445974086136,-0.20666192508124542,0.2924336223892213,-0.061909247343466534,-0.045619676224235725,0.2996766804881165,2.639107438053791,0.3633996831157156
139,4.635000000000001,tracked,0,1,0.08431766827673953,0.3665605614177182,-0.20338971654947502,0.29719505895704396,-0.057821395887419635,-0.05394965470026654,0.2921822910463857,2.6354991050147323,0.3647404470153075
140,4.668333333333334,tracked,0,1,0.0552093238121569,0.40335730851076257,-0.20413705053288483,0.2972388385295624,-0.058520231476623885,-0.055535721209505395,0.29338152276925544,2.6351132300250435,0.3653046400235651
141,4.701666666666667,tracked,1,1,0.08353296806874268,0.4456095108544147,-0.20896392719701123,0.29207471784888567,-0.06488150931344516,-0.051118936375844595,0.3206193747584107,2.635104121570554,0.36494269951171054
142,4.735,tracked,1,1,0.10414984466542226,0.40503052777295895,-0.2080326659941752,0.29326236409976636,-0.06254810137004463,-0.048093647659163206,0.29845917344509865,2.630711859107197,0.3649557086867191
143,4.7683333333333335,tracked,0,1,0.14143370972125907,0.44837180700014995,-0.20492847329180564,0.29746404279302374,-0.05941444806004975,-0.059387565993841304,0.3039262498507934,2.6358759538689043,0.3660745997180909
144,4.801666666666667,tracked,1,1,0.04085029633725354,0.44306043801612693,-0.2077676174262627,0.29331302113361973,-0.06231293607002425,-0.047511486287527535,0.3034629253202337,2.6332161606084634,0.36480517159051357
145,4.835,tracked,1,1,0.07823055378011178,0.37557669662206705,-0.20812429108075264,0.2932474585657136,-0.06327572266851983,-0.05202253047328197,0.3088773960963711,2.630221931183062,0.365121362799192
146,4.868333333333334,tracked,1,1,0.09667585406803758,0.39539546336499554,-0.20960925030020755,0.29283208752243184,-0.06492427240668025,-0.04187978397201599,0.31810965299724425,2.6304743736064102,0.36592599038835305
147,4.901666666666667,tracked,0,1,0.14136739041069402,0.39635965709629717,-0.2031019481938312,0.29831561299922915,-0.05718049013169707,-0.06346576023715976,0.2936844678347194,2.6276462382984453,0.36539323306670124
148,4.9350000000000005,tracked,1,1,0.19231692450385424,0.32404273817654067,-0.20830813473814458,0.2933417002609329,-0.06324231601787239,-0.043674632821064395,0.311648830180637,2.628374891773645,0.3652960753216005
149,4.968333333333334,tracked,0,1,0.13726834871169483,0.4030906995905884,-0.2040143349959651,0.29802247818442645,-0.05785986616849048,-0.05843370768457114,0.29982946821754797,2.628496855083615,0.3657690671722644
150,5.001666666666667,tracked,0,1,0.14177668718363828,0.3499588730766145,-0.20422808260476966,0.2979110094833241,-0.05867177167381393,-0.054144046484519336,0.30200018026568887,2.624691161382773,0.365926845267108
151,5.035,tracked,1,1,0.16858956485615348,0.3455630309141552,-0.2086891456662997,0.29303965327421294,-0.06360328144009669,-0.04965236382414512,0.3117013503580088,2.6285301114558135,0.3653337861736157
152,5.068333333333333,tracked,1,1,0.18451507412498486,0.349707465603495,-0.2078277268211745,0.2935324836724326,-0.06303679188994693,-0.05183120777482928,0.305321905459823,2.6240051921136436,0.36514013767092235
153,5.101666666666667,tracked,0,1,0.1755308370082596,0.3806253526131103,-0.2045832149281281,0.29776570016624226,-0.05822309828952171,-0.0626983413833743,0.29016476106368727,2.6254037173005784,0.3659352855359161
154,5.135000000000001,tracked,1,1,0.13590187304597004,0.3696253812415601,-0.20828611093517468,0.29305947949898714,-0.06282956786189181,-0.05233748581834396,0.2939569556064517,2.6246847082594873,0.3649856396222038
155,5.168333333333334,tracked,1,1,0.1726556657157964,0.3193621370242642,-0.20808297065351977,0.29347320547155653,-0.061985119584981874,-0.04582912406298397,0.29070395439575586,2.6237775640051275,0.36505780371840907
156,5.201666666666667,tracked,1,1,0.12831205899672446,0.4190682688449865,-0.20867376716535796,0.2926163112185904,-0.06404887368368195,-0.055916729131525886,0.30603059614204975,2.624231125176036,0.3650634258787166
157,5.235,tracked,1,1,0.13588033595993046,0.40637715258691365,-0.20916449940100657,0.2927847504950785,-0.0632840127460918,-0.04520566569928594,0.2988978357724508,2.622880700145344,0.3653458145393027
158,5.2683333333333335,tracked,0,1,0.12755478846055587,0.42226652282962607,-0.20529306338349534,0.29709899171584464,-0.059793298178871856,-0.061815241481252094,0.2875978072317655,2.620847789731958,0.3660441110837037
159,5.301666666666667,tracked,1,1,0.1285767300939466,0.40453209190150957,-0.20916823172495824,0.29264458200299076,-0.0637611133535233,-0.04778245162399128,0.3010037126221692,2.6214729408106114,0.3653186008332068
160,5.335,tracked,0,1,0.12892687398775535,0.4309779726804551,-0.20462876020638887,0.2977755078524862,-0.058641431525168985,-0.061716915240822796,0.285473128839191,2.6199672380752657,0.3660355175003253
161,5.368333333333334,tracked,1,1,0.08201365020954074,0.40780824195654963,-0.20862540063960094,0.2926912435243926,-0.06356171277915551,-0.05286166012366836,0.3040167866771733,2.6212443648270405,0.36501070280104003
162,5.401666666666667,tracked,0,1,0.12308386361761499,0.34923111402566176,-0.20401846337751756,0.2974507633975586,-0.05850369495135638,-0.06650582410812803,0.2832084541203619,2.6141247268588668,0.3654082270114826
163,5.4350000000000005,tracked,0,1,0.14052594872757532,0.3869752899621828,-0.2039475108976168,0.2979366728981203,-0.05835243721941846,-0.06156107772291306,0.27887738358346337,2.609413196142042,0.36574014708311864
164,5.470000000000001,tracked,0,1,0.10417947595186576,0.43082195260847495,-0.2046490931889688,0.29719041639898375,-0.05976258629300546,-0.06305447012801273,0.29165366635361756,2.6117946291952285,0.36575259624901846
165,5.503333333333334,tracked,0,1,0.1060543754079598,0.4146892496240485,-0.20311155174215323,0.2979429558916217,-0.057526224446315666,-0.0666084230497659,0.2829231028360631,2.6045860750920444,0.3651487011007845
166,5.536666666666667,tracked,1,1,0.12693478971339534,0.4098796836804165,-0.20782037789796315,0.29301031518293624,-0.062957594773215,-0.04644332486211627,0.29543579384739993,2.602229217526473,0.36470263642162526
167,5.57,tracked,1,1,0.08619171050005107,0.4260728662903969,-0.2075554539399504,0.2932903908594092,-0.06270454942622933,-0.046803523300262516,0.29377501742837653,2.599912173660604,0.364733300302331
168,5.6033333333333335,tracked,1,1,0.15114741772653614,0.4258559757308551,-0.20839563334616928,0.2934745501058415,-0.06416793933984882,-0.05231753795243761,0.2960019011855117,2.5979345983738673,0.3656139712821429
169,5.636666666666667,tracked,1,1,0.12197697649535606,0.42463307137456224,-0.20616238081930222,0.29421946842919483,-0.06106721646443325,-0.07122735535466139,0.28338617645635833,2.5966966513779255,0.36441353953243133
170,5.67,tracked,1,1,0.12086610825268493,0.3623376198589807,-0.20575576727006556,0.2947775235260512,-0.05967663507561238,-0.07275077178331948,0.275521506370293,2.597106804552606,0.3644043426126984
171,5.703333333333334,tracked,0,1,0.14336258055691256,0.4091277804333988,-0.20305911186948505,0.29890732980182766,-0.056309523963641805,-0.07046348772172409,0.2656815059723267,2.602788097800264,0.3657175921547863
172,5.736666666666667,tracked,1,1,0.10584674736191473,0.4106942789323607,-0.2061555074550474,0.29512420761488994,-0.05896313894895083,-0.05239217413343422,0.28509813713356824,2.6007979772825665,0.36479452151735786
173,5.770000000000001,tracked,0,1,0.09328108182063212,0.3584900925185037,-0.20305984132454347,0.29925773795842797,-0.05449534088169339,-0.06545555876057985,0.2706896839715899,2.6008482602973158,0.36572972953337535
174,5.803333333333334,tracked,1,1,0.06483640457415639,0.4257514579715941,-0.20327653196515305,0.29631964864286536,-0.05291860328447506,-0.05424934497460064,0.25979438720879133,2.595150607692693,0.36321764989216965
175,5.836666666666667,tracked,1,1,0.12257015274175628,0.35037150220799207,-0.20377008069477154,0.29600754741218843,-0.05267763096793737,-0.05834610906170844,0.27824019882168877,2.5946300311613686,0.36320468983168
176,5.87,tracked,1,1,0.13080055744728708,0.3369847009954845,-0.2034219843861273,0.29679200955912427,-0.04979341171924506,-0.05108538977115175,0.2690895351817103,2.593379057951706,0.3632428726353421
177,5.903333333333333,tracked,1,1,0.10644202740374584,0.4218939033127591,-0.20332369157965707,0.2970122455097965,-0.048963280825248756,-0.05415053365896238,0.2725867738721792,2.5933624444276453,0.3632550074114923
178,5.936666666666668,tracked,1,1,0.12203592553830381,0.40516647639021763,-0.20236592969300948,0.2978482511496652,-0.04621972290723769,-0.05125497909012514,0.2651852469804887,2.588193092092526,0.36304519415501413
179,5.970000000000001,tracked,1,1,0.08909973716136514,0.43022240814469376,-0.20118246401298223,0.2985996602710417,-0.043824349624634606,-0.04489370614885629,0.26263632926559394,2.5858961650558805,0.36270747794929536
180,6.003333333333334,tracked,1,1,0.13479677586809155,0.40588394090074575,-0.20113731453283623,0.29875499015555673,-0.04241420032048199,-0.040606069410375596,0.27170816241988555,2.586361062859487,0.36264269995293424
181,6.036666666666667,tracked,0,1,0.1050013164415294,0.3527089615358651,-0.19827175912359152,0.3035300534612984,-0.03802268499650008,-0.05418817205553815,0.2644545096834966,2.5841712121979614,0.36453793821017483
182,6.07,tracked,1,1,0.11892204252603791,0.3262361046858898,-0.19994227637949807,0.30030200588463957,-0.038806264149098824,-0.04044665055846317,0.27547687749407923,2.5834350311318195,0.3628555287705608
183,6.1033333333333335,tracked,1,1,0.1386944662488371,0.269771908922961,-0.1987485001664357,0.3014635598311542,-0.03575734593707186,-0.03767060235824121,0.26831903981002625,2.580266949596313,0.3628495997144588
184,6.136666666666667,tracked,0,1,0.07730624210597319,0.41449365770967717,-0.19546130659794392,0.306454681461069,-0.02976335695000948,-0.05597829805529297,0.25757964185430726,2.5785994225426823,0.3646991247361506
185,6.170000000000001,tracked,1,1,0.10301552499627448,0.3503022576044833,-0.19726164786686606,0.30316443260796716,-0.0316700049116318,-0.03711071038961451,0.26782898071427774,2.5748181048819485,0.3630755019672422
186,6.203333333333334,tracked,0,1,0.07430389831986274,0.42210201959848376,-0.19336395009796503,0.30846065716004833,-0.025151512475638516,-0.05478815532562449,0.24948540607335917,2.5743354952779764,0.36492491391094334
187,6.236666666666667,tracked,0,1,0.08729477359920262,0.38860717932094857,-0.1928572295869284,0.30980065446567046,-0.022197577122024525,-0.04920179635505275,0.24378602120916143,2.571139394295641,0.36559962929602535
188,6.270000000000001,tracked,1,1,0.15065094926313313,0.394215501070843,-0.19562176240772405,0.306246979961056,-0.025569198089734846,-0.025497297704067185,0.2698795981340453,2.5713090316144576,0.3642922872553351
189,6.303333333333334,tracked,1,1,0.11459253264894863,0.4092107988603836,-0.19407793178009325,0.3075009360398472,-0.022211133790771942,-0.028018023525174966,0.25765108335621956,2.571610731988261,0.3643026265808309
190,6.336666666666667,tracked,1,1,0.06885123719324014,0.4474214850083126,-0.19465471837493975,0.3080645774867921,-0.022323285569567364,-0.03811034442523022,0.2647934578627728,2.572734226543259,0.36509255315106515
191,6.37,tracked,1,1,0.11640005622706945,0.4202141982279171,-0.1942217861511693,0.30927394863322616,-0.02001232450803153,-0.031214041104351557,0.2564582138601165,2.5716887983794554,0.3657498744376445
192,6.403333333333333,tracked,1,1,0.149574416379005,0.4399687991194575,-0.19387138215738053,0.30966193805368075,-0.018934399655615886,-0.02676791542207644,0.2637046781435549,2.5697649506347315,0.3658348537101041
193,6.436666666666668,tracked,1,1,0.1139487350454119,0.39316170887817625,-0.1937503881937025,0.3103299050048937,-0.01677040967515303,-0.0232238569134862,0.2577463589065946,2.568181028942598,0.3662309510489648
194,6.470000000000001,tracked,0,1,0.07161251808050842,0.4508350493677191,-0.19132170195982867,0.3144727139578116,-0.011551863187674871,-0.030839048809119723,0.2406687340158236,2.5708092012614947,0.36828050044484284
195,6.503333333333334,tracked,0,1,0.13464844166067474,0.39131122811671465,-0.19121504502856929,0.3144307401868406,-0.00955694722510958,-0.03271814978632082,0.2445918039893945,2.5694334805418384,0.36813206741601
196,6.536666666666667,tracked,1,1,0.09804745616038595,0.40672522226559543,-0.191901819439387,0.3110612736763007,-0.01147966314176424,-0.01492343503181351,0.261692114093299,2.563538307286793,0.3656736344763154
197,6.57,tracked,1,1,0.09824309836094179,0.4173136400037051,-0.1921403142141911,0.31153632431731915,-0.010160800466106124,-0.016418590492939575,0.26493793135025345,2.5664313470660054,0.3661639299297324
198,6.6033333333333335,tracked,1,1,0.15165115507596066,0.437320575027304,-0.1915056118926195,0.3119065293772024,-0.008152732919608718,-0.01856384572387955,0.2619562746365939,2.5625267221013663,0.3660963664235917
199,6.636666666666667,tracked,1,1,0.11768620479457395,0.42409103614980537,-0.19176183718651685,0.31203243995510166,-0.007676254151109174,-0.005332056592216984,0.2676540126828922,2.5652682568086163,0.3663274091073104
200,6.670000000000001,tracked,1,1,0.08596352325633277,0.45792761361155615,-0.19007101094461398,0.31241459411584993,-0.0052895453511319634,-0.0179953349609142,0.2718135695321991,2.569928813698915,0.36572919914617225
201,6.703333333333334,tracked,1,1,0.13902643213388172,0.3940218718304323,-0.1902781763432781,0.3120025896903925,-0.004065587100244683,-0.004817943127036356,0.26741002146272214,2.5711475717178978,0.3654694643393682
202,6.736666666666667,tracked,1,1,0.13092336646987351,0.3632073652989672,-0.19065172852403428,0.3127492882970055,-0.0025517493879077535,-0.004929563032998202,0.26666179716657795,2.568301421037629,0.36628774255279717
203,6.770000000000001,tracked,1,1,0.11675869369477462,0.4542384015856583,-0.1904239727043644,0.31276381969157124,-0.001626204327512426,-0.005487477206991235,0.27033609489558,2.571495275637373,0.3661763793980833
204,6.803333333333334,tracked,0,1,0.1012190297842721,0.4673622009284978,-0.18789924483879095,0.3154831450496824,0.0054494854152339345,-0.01560846522725245,0.24678346534643075,2.5714890593262596,0.3672402999572864
205,6.836666666666667,tracked,1,1,0.170358037351872,0.43332979097697816,-0.19043137975752056,0.3123733709284406,0.0006810491889919223,0.006539906346241844,0.2786710695269966,2.5737715838687523,0.36584381515825565
206,6.87,tracked,1,1,0.13630552893558087,0.41540888857393354,-0.18941829890106987,0.3125780704681309,0.003884364224166992,0.011192887200593112,0.26183817942961696,2.5695061156160923,0.3655125584457815
207,6.903333333333334,tracked,1,1,0.08135086407350078,0.44749602341850936,-0.1902653505964324,0.3122199412335175,0.0038936636575733208,0.01579735221110007,0.26976002704706714,2.5691590039813543,0.3656464904222694
208,6.936666666666668,tracked,1,1,0.11713435286300047,0.43755949755208556,-0.18929878066237465,0.31247308630323667,0.007100276225170288,0.012012934297125515,0.2654323781072923,2.5669095225915806,0.36540918426690583
209,6.970000000000001,tracked,1,1,0.0752204405277964,0.4702583590678202,-0.18964991730650693,0.3124792454956789,0.0077906983868532564,0.007981458325693419,0.2700527592501639,2.5695127285949715,0.3656105372951778
210,7.003333333333334,tracked,1,1,0.10958082071784155,0.4619919848842114,-0.18944992182494186,0.31223471461434943,0.009652870981885608,0.020532231408998236,0.26029970824740595,2.5678946012072057,0.3653422611852805
211,7.036666666666667,tracked,1,1,0.04733205489199141,0.5001745233110628,-0.1898554144476688,0.31219556519697006,0.010037040061931346,0.018388320294379007,0.27411271241947155,2.569617891032992,0.36552960413208185
212,7.07,tracked,0,1,0.11873813238053638,0.4312410170516529,-0.18866587624339043,0.3144846454209825,0.015260872303008544,0.007077567571901463,0.24970137507349907,2.5696171613426158,0.3670535373589201
213,7.1033333333333335,tracked,1,1,0.13642799694971514,0.3933273751531377,-0.18696543109022018,0.31225314773318985,0.016370717961759484,0.010076191614351509,0.26572087308031195,2.5684998531524523,0.3643159358285342
214,7.136666666666667,tracked,1,1,0.11703577988712924,0.43379471130407465,-0.18861802451921023,0.31211208268085594,0.015960289267726135,0.018819972925572047,0.2694113209770011,2.5688674539771186,0.3650280018881022
215,7.170000000000001,tracked,1,1,0.08677328590850161,0.4587221437136376,-0.18882344729303302,0.31228373244269614,0.017090492867145868,0.0375988715183225,0.27813955794626627,2.573993888485169,0.36533205271698815
216,7.203333333333334,tracked,1,1,0.13364803501283684,0.3849902386235792,-0.18699070632176273,0.31261206398893066,0.021039671624303924,0.034124838244541024,0.2707655453096243,2.575956197253711,0.3648759989149595
217,7.236666666666667,tracked,1,1,0.10679819196560772,0.43939255839248637,-0.1868215682733279,0.31249756314543276,0.02323828666894523,0.03435376352240014,0.2646900302411377,2.5743006789775826,0.3648246747565843
218,7.270000000000001,tracked,1,1,0.1043715416500098,0.5214995127326567,-0.18650942984321084,0.31256266845258135,0.02433162907336972,0.04861793022395637,0.26858880021355114,2.5778546171583634,0.3647920192438452
219,7.303333333333334,tracked,1,1,0.1464627995525334,0.3754139460822026,-0.18677768883584117,0.3129196149311206,0.025382549082609784,0.04718195566653194,0.2706084399769497,2.5794464819373943,0.3653065346437566
220,7.336666666666667,tracked,1,1,0.16460046840015066,0.3668753284663845,-0.18641727654201917,0.31322712151690335,0.026494163393056214,0.048958439320668394,0.2777287430638698,2.581616490578374,0.3654648701872815
221,7.37,tracked,1,1,0.16329432621872272,0.3356939727343069,-0.1864896587847506,0.31349517966813456,0.029354886880335662,0.04666050372817027,0.2710973832631692,2.5801287113277054,0.36594990079595047
222,7.403333333333334,tracked,1,1,0.13020187101352593,0.4834338684375186,-0.18403498481413322,0.3138207671028254,0.03345176943459177,0.04930529485387212,0.2655627160803432,2.57855126206058,0.36533733778365596
223,7.436666666666668,tracked,1,1,0.10100879861908948,0.41313412363840907,-0.18400878243545998,0.31416702157643633,0.03540333759691511,0.052576186891816055,0.26726197364705473,2.5776919166807932,0.3658053386332553
224,7.470000000000001,tracked,1,1,0.14072344079118623,0.428005258057649,-0.18267970320308674,0.3142579392689644,0.038934381294001175,0.06923106221120093,0.25597796269358214,2.575871740143855,0.3655760008571277
225,7.503333333333334,tracked,1,1,0.07131037493206303,0.5393275692302197,-0.1821897340130767,0.3144674214020633,0.041314620733179874,0.07129629259561497,0.259782882308046,2.5804151684054215,0.3657728204628455
226,7.536666666666667,tracked,1,1,0.1072894232971784,0.4829749684334075,-0.1827001984817846,0.31474631269096476,0.042123162495571576,0.07092651740194111,0.26500958429466864,2.5817239469319255,0.3663590652576655
227,7.57,tracked,1,1,0.09081423980743042,0.4798926458237177,-0.1827103574831505,0.3147303479904129,0.04338483220609046,0.07485303700312552,0.27969861166933774,2.585244582312776,0.3664976266544405
228,7.6033333333333335,tracked,0,1,0.04363130086116805,0.5942049082919322,-0.18174684888709458,0.31614639045750503,0.04960329831359972,0.06035342897076373,0.24371216798117867,2.5856729385912582,0.3680230216756631
229,7.636666666666667,tracked,1,1,0.1586851902938239,0.49947887566323157,-0.1825332452791087,0.3146826387451682,0.04706995479908971,0.07716010734781273,0.26219497500140965,2.5820205938890837,0.3668230219118392
230,7.670000000000001,tracked,0,1,0.0874959337874927,0.588467542727649,-0.18151924626738686,0.3161726383361254,0.05138867036239181,0.06304868640455549,0.24161834189642548,2.5848540648165543,0.3681781762129868
231,7.703333333333334,tracked,1,1,0.14967406297143135,0.3989161110581054,-0.18004998750889922,0.3142543990434584,0.050978245099477404,0.07887586466671387,0.2689153919163654,2.586180426381577,0.36574937702413435
232,7.736666666666667,tracked,1,1,0.06433104523562315,0.5077051782700455,-0.1809085500036673,0.3144142864386603,0.05190403022338269,0.08507307795593266,0.2641694598848534,2.5843072059481345,0.3664400023668147
233,7.770000000000001,tracked,1,1,0.07275614253675626,0.5069929224861441,-0.1807548459879576,0.3141856697368972,0.05321870042518373,0.0957855418431924,0.27028761920019,2.586389015644061,0.36635662883466213
234,7.803333333333334,tracked,1,1,0.17960703172303538,0.39139986476890376,-0.17832404252816136,0.3143915611083281,0.056004083714718156,0.09336038980986375,0.2643695201205085,2.5851959367577035,0.3657567159088706
235,7.836666666666667,tracked,1,1,0.12539840110957134,0.5019016447604642,-0.17901079548352938,0.31425298808926955,0.05722314026126646,0.09281359253344794,0.2636555283009952,2.5865591301680646,0.36616156707666786
236,7.87,tracked,1,1,0.13874447053076028,0.49370245931426676,-0.17755202640107792,0.3139445377466802,0.05971555488185343,0.10329074890406391,0.2626212620707617,2.5902112535922455,0.36558424795791383
237,7.903333333333334,tracked,1,1,0.1025042512618011,0.5502833251575618,-0.17691267504325997,0.31373618000644343,0.06187025377924099,0.10843920240967651,0.25512293924510415,2.5900565147032704,0.3654537091598678
238,7.936666666666668,tracked,1,1,0.11733010427675641,0.48911489436592914,-0.1766024109217076,0.3138063465433675,0.0631570785303267,0.10490995024333212,0.2590765915797745,2.587885422924879,0.36558398657865415
239,7.970000000000001,tracked,1,1,0.1794170522240759,0.44534884404710984,-0.17772190854641262,0.3139286681749466,0.06385468522632343,0.10230527682213263,0.26010695872753176,2.5914181930613926,0.36635188863281165
240,8.003333333333334,tracked,1,1,0.10827762997139939,0.5003979205018303,-0.17726132981270099,0.3135492184467183,0.06561468312011698,0.11074846499753471,0.25445984021958196,2.590588428434038,0.3661147061734456
241,8.036666666666667,tracked,1,1,0.12093796269483947,0.45460754057823094,-0.1759754275783844,0.31384681835317374,0.06796660377957275,0.11985511274629398,0.25048602128566927,2.5899848425585867,0.3661784206246112
242,8.07,tracked,1,1,0.12206554185359589,0.45641266273306325,-0.17708807043657843,0.31428856276602324,0.06886481147149526,0.12185969703280504,0.24963650112481814,2.5872296898854845,0.36725991836230604
243,8.103333333333333,tracked,1,1,0.08465465060424181,0.517727298164818,-0.17819248441356478,0.31448918771066375,0.0693701132787346,0.12291748718891435,0.2573784319300444,2.591463160548129,0.368060081107278
244,8.136666666666667,tracked,1,1,0.04666303778296153,0.5764029189943792,-0.1764281167966983,0.31451180207086243,0.07311604237854896,0.1236605417556051,0.2589472661941873,2.5932171804410773,0.3679544940497297
245,8.17,tracked,1,1,0.13800084447427907,0.5264359143349333,-0.1754902788133486,0.3144732251901159,0.07568839683388229,0.12496253910765483,0.2640300732800828,2.5945069710280753,0.3679931802829278
246,8.203333333333333,tracked,1,1,0.20113938306315432,0.43472469402408015,-0.17612957500656728,0.31377550637029394,0.07678763083179169,0.13724263259516492,0.26632916951383895,2.5912764086397315,0.3679307486996539
247,8.236666666666666,tracked,1,1,0.19993745081591432,0.3682159832078602,-0.17577193433440175,0.3127757964056197,0.08046508994094753,0.13780548934618325,0.2584934528424348,2.589982394757019,0.36769430566168915
248,8.270000000000001,tracked,1,1,0.17408420107891864,0.4475870995455098,-0.17626848790291955,0.31262355420213855,0.08198132517842438,0.14179103163594559,0.2631458713191169,2.5924181669520014,0.368137208317184
249,8.303333333333335,tracked,1,1,0.17070371465926734,0.4406594295091627,-0.17739012891763367,0.31218084509385785,0.08269177545842649,0.14356452639737846,0.27593261826498966,2.5929891166733725,0.36845904468393337
250,8.336666666666668,tracked,1,1,0.1986460302008776,0.39527129410701467,-0.17647044746634366,0.3104882052696321,0.08645072835417034,0.15643545173464546,0.2677469808145947,2.5933558853978935,0.3674485989543236
251,8.370000000000001,tracked,1,1,0.15050867942429527,0.46465641602224983,-0.1769987564650658,0.3097671920773273,0.08817327322566859,0.1539869077273168,0.2663520941310069,2.5946897909431472,0.3675034682679605
252,8.403333333333334,tracked,1,1,0.20561269858581147,0.3481277045397624,-0.1778007503958141,0.30905031638185715,0.08998112586458701,0.14042104978484451,0.28003979157857795,2.5969042095080312,0.367725179867927
253,8.436666666666667,tracked,1,1,0.22354646384981103,0.37214356604261534,-0.17816399299176228,0.30587017856213516,0.09274028803011775,0.1561360602266528,0.27768746319950416,2.6004494359402917,0.3659231279330542
254,8.47,tracked,1,1,0.12529612280252747,0.47342224155558854,-0.1794580182521014,0.30457909774940534,0.09409722049680541,0.1417481986682207,0.2805163634910746,2.6056724074963626,0.36582494995016096
255,8.503333333333334,tracked,1,1,0.14620622207023384,0.46737977420310817,-0.1812614846165561,0.3021122320221921,0.09414192546471539,0.1624307002579458,0.2766646956553643,2.6061809092852695,0.3646782536332992
256,8.536666666666667,tracked,1,1,0.17581031778856668,0.4604503974461419,-0.18191910198369754,0.2995907197766655,0.09718457002830438,0.16086895317196828,0.2642783996371532,2.6062051586373336,0.3637224212149175
257,8.57,tracked,1,1,0.17196467980002314,0.4615431400925518,-0.17993614888797804,0.2971019392152187,0.10163172859204433,0.149559965088123,0.2743685971806653,2.613934201535921,0.3619054962537694
258,8.603333333333333,tracked,1,1,0.18582815730529292,0.6396687025675492,-0.1755358638099785,0.29429476495862067,0.10777024804011048,0.13656853595894614,0.2846755037875262,2.621190049745783,0.35921675145821363
259,8.636666666666667,tracked,1,1,0.159940338666774,0.40664514058847323,-0.17790994526783765,0.2914832792071585,0.10875356688956639,0.1456512489296417,0.2831273277336339,2.6239836315813214,0.358387763454288
260,8.67,tracked,1,1,0.08742255805139368,0.5714431259131127,-0.18435177561234511,0.28898634353137836,0.10543070509916247,0.16793728067712305,0.27445140608868324,2.616029669771923,0.35862838356266064
261,8.703333333333333,tracked,1,1,0.23590197677566066,0.41336416363051337,-0.18916038299481097,0.28560986434537605,0.10469965879442861,0.19002519478280983,0.2759748281076608,2.6213617141826293,0.3582131539430084
262,8.736666666666666,tracked,1,1,0.22266231404112324,0.39804288302535584,-0.18650429682968506,0.2840529427912572,0.10945380535243926,0.18229184617434896,0.2795802137093446,2.6303568768049743,0.35700148816277805
263,8.770000000000001,tracked,1,1,0.1924968192467379,0.4121602210451062,-0.18428886974853592,0.2817708546541437,0.11327013480637771,0.17504648146641044,0.2889119551140431,2.639689990007912,0.3552285538702856
264,8.803333333333335,tracked,1,1,0.17179685342968076,0.3611514948006218,-0.18381015319959448,0.27975768691277136,0.11641694168440075,0.1795740823951526,0.27462307028495725,2.6399598122271826,0.35440575632626475
265,8.836666666666668,tracked,1,1,0.1651818584334707,0.4700391930838016,-0.18645200287797853,0.27756872125495696,0.11669748676241526,0.19880935738938718,0.28374294517466153,2.6397146612471682,0.35415681246163516
266,8.870000000000001,tracked,1,1,0.15557264539271612,0.4209238849924565,-0.1845278420495945,0.27544439381207136,0.12134266857178866,0.19415008744565626,0.2829138018213421,2.6418505540128505,0.35304982904698096
267,8.903333333333334,tracked,1,1,0.1557838820742933,0.45188998672306957,-0.1843674917946283,0.2731757408011217,0.12496804734659561,0.1977502467068761,0.2797290519703364,2.646259185906681,0.3524675449605324
268,8.936666666666667,tracked,1,1,0.20885532238226745,0.4646378184735803,-0.18535827198483945,0.2707564778775861,0.12662371960737345,0.21039825148579208,0.28367213265853963,2.645889293753025,0.35171057088618796
269,8.97,tracked,1,1,0.20747450993594047,0.46829056375577666,-0.1869430760964903,0.26883759396526924,0.12846589417774223,0.2056289148677235,0.28428062714242386,2.646267521224954,0.351745435786081
270,9.003333333333334,tracked,1,1,0.10775842980622824,0.562975020634696,-0.18973119710490377,0.2666726864657546,0.12841403021815279,0.22207926676154055,0.29181865874321256,2.6444431931166097,0.3515713469817914
271,9.038333333333334,tracked,1,1,0.2122079131104027,0.3910591922758712,-0.18948254282344135,0.2644930811010225,0.13103053216042104,0.21218566108368886,0.2833726751590116,2.6491108788301254,0.35075521998024844
272,9.071666666666667,tracked,1,1,0.18116420119886636,0.4404033106140198,-0.18763192857174993,0.2624455354183539,0.1335845076819674,0.20867066727868347,0.28779655205012467,2.6545850926513417,0.3491822165764092
273,9.105,tracked,1,1,0.21893503813112242,0.43279912677479887,-0.19088525316709304,0.26012185884812533,0.13193105035448005,0.2216772732098713,0.2862854991903652,2.6528738978207977,0.3485776289076876
274,9.138333333333334,tracked,1,1,0.24655105568392138,0.44709285631296286,-0.19056506105254645,0.25818403378090826,0.13318813507469163,0.21824476682474275,0.27791611469270217,2.656342955343343,0.34743793275636475
275,9.171666666666667,tracked,1,1,0.24478096631227103,0.39849146177478584,-0.18917850770012262,0.2550231459030621,0.13485874654515362,0.22773752671185885,0.2819096457907624,2.661598284784285,0.34498144043074236
276,9.205,tracked,1,1,0.21826534464894384,0.440463738016443,-0.1882142633855559,0.2516772104171951,0.13765864075888407,0.2235640112158336,0.2756900692352665,2.6679310782713928,0.3430975496279914
277,9.238333333333333,tracked,1,1,0.22681201894581257,0.38140462731359437,-0.1930982884899839,0.24908730549947486,0.13551426654868554,0.22638602159420634,0.27680499118182306,2.6705630457023193,0.3430678522056212
278,9.271666666666667,tracked,1,1,0.2166401913011193,0.3879101718080906,-0.19416703748253145,0.24607469498972084,0.13571461592112444,0.23215521883797827,0.27120513722501766,2.6697344039992488,0.341572907200857
279,9.305,tracked,1,1,0.2665545713197598,0.3956081714088303,-0.19519659339307638,0.24252038864674963,0.13492629015758317,0.24117099861687244,0.26990058374330284,2.6676922315467193,0.3392977346775554
280,9.338333333333335,tracked,1,1,0.2354063188692665,0.4201719035322811,-0.19580486194900304,0.23982809444433667,0.13553024136173725,0.23565125995135605,0.26813683173756087,2.6722814633053145,0.3379726396784813
281,9.371666666666668,tracked,1,1,0.2685531195359687,0.24139241488544105,-0.19712438567067125,0.2379152815544469,0.13478732137242982,0.23375486191904551,0.28165270264305625,2.6799947713984604,0.33708949349679523
282,9.405000000000001,tracked,1,1,0.1876348896924219,0.47577083651880137,-0.19826792282109335,0.23394081390054533,0.1345894212548,0.24254446637249863,0.2654220143572319,2.678920701376969,0.33489220047941193
283,9.438333333333334,tracked,1,1,0.20283051485967696,0.47217543584894994,-0.19935331837869097,0.23197221211039123,0.13396693216734595,0.23882587854520912,0.2708849636472786,2.683166234115905,0.3339161446446014
284,9.471666666666668,tracked,1,1,0.18152990087281262,0.4192832154225755,-0.19856514871088204,0.2303920336557842,0.13423366559565192,0.23815510893004294,0.28923184741049396,2.692216134290519,0.33245643990433993
285,9.505,tracked,1,1,0.18143976404958148,0.3904355587891385,-0.19785071535128868,0.227496467734174,0.13663711970385922,0.23358036595117226,0.2704215914817204,2.69353170399602,0.3310124633265483
286,9.538333333333334,tracked,1,1,0.20619263805317997,0.34981084398862883,-0.19969490372873444,0.22547202601796934,0.13522125266917256,0.2416096923775781,0.27778640900940355,2.696064016795122,0.33015220166658976
287,9.571666666666667,tracked,1,1,0.1870552621842733,0.4109073278256561,-0.20004903620931958,0.22401070322638061,0.1352782022090126,0.24530084334184646,0.2859449450037691,2.6960885934600816,0.32939429873808945
288,9.605,tracked,1,1,0.15568692396553344,0.4496887714339809,-0.20207218654495607,0.22168781191552311,0.13565007714011745,0.24242989440398705,0.28014296053824495,2.696588128748507,0.3292105678058827
289,9.638333333333334,tracked,1,1,0.20440910188929845,0.44380112596218263,-0.20071201990124143,0.219928353281077,0.1370790715560271,0.23760938055059858,0.285476542203031,2.7002217802923156,0.3277872288061647
290,9.671666666666667,tracked,1,1,0.2074910317028876,0.4117129391966181,-0.20360469203578224,0.21864976578200965,0.13688451602392715,0.23296696375216133,0.2870930390644199,2.7002988082184225,0.3286334758094771
291,9.705,tracked,1,1,0.16161163078933735,0.4164885711959395,-0.2045620363463443,0.2163106042515902,0.13679806984791892,0.2469242724889271,0.27922985634757186,2.698186279033881,0.32764251271769856
292,9.738333333333333,tracked,1,1,0.12822474824428318,0.4760709084909879,-0.2044516483164479,0.2146801481380175,0.13714552483918196,0.252339514050198,0.28165096301138554,2.693910557169868,0.3266449716240682
293,9.771666666666667,tracked,1,1,0.17729073866372305,0.36560782488672716,-0.20489907519075423,0.21307344392015742,0.1382813001059034,0.24360421428047796,0.2818098712151286,2.6946686281312062,0.3263520207950331
294,9.805000000000001,tracked,1,1,0.21013130219910567,0.32435827690477337,-0.20661591570984744,0.21128328163944038,0.137245556205576,0.26231053131260434,0.28749525244400903,2.697159314235267,0.3258329394384917
295,9.838333333333335,tracked,1,1,0.2836631220477482,0.3154840363252028,-0.2055496558553765,0.20954438573441028,0.13880226030075843,0.2684833019584776,0.28950893167397335,2.701307667408333,0.3246930520963985
296,9.871666666666668,tracked,1,1,0.2606439090685381,0.3065865499390205,-0.20624736691816475,0.20749506276360025,0.13936742437414756,0.2755220361162249,0.2890116295723993,2.703548172879786,0.32406088379906367
297,9.905000000000001,tracked,1,1,0.2394272000686574,0.3019845336576096,-0.20797212837131546,0.20517473195328734,0.1394003077833848,0.27716178742931574,0.2791689021930108,2.707479050357583,0.32369974146035496
298,9.938333333333334,tracked,1,1,0.23474439048114498,0.31007463855584,-0.20743773280686512,0.202922947188851,0.14008120769871857,0.28148961174118503,0.27955079387267284,2.710251894862316,0.3222279941876452
299,9.971666666666668,tracked,1,1,0.16985587934921093,0.3884965470109874,-0.2075610800580896,0.20056765505974558,0.1399100357884221,0.2861664437368265,0.27160620075339703,2.712594140802772,0.32075505346816174
300,10.005,tracked,1,1,0.21315488171519648,0.3350848271181427,-0.2076005233908828,0.19831934710367263,0.13994045346408057,0.2821171792386984,0.2751520470190642,2.7125896332117017,0.31939297309666653
301,10.038333333333334,tracked,1,1,0.16385535254160175,0.3985336442218457,-0.20833152275442257,0.19579152452714074,0.14021303358087628,0.2802835944311452,0.2789858947242785,2.7217637197314426,0.3184274473656289
302,10.071666666666667,tracked,1,1,0.16558051699089915,0.5269602407435866,-0.20706865958642773,0.19425083897386297,0.1409594910407071,0.27797831084147123,0.29792226700692376,2.7275390738894174,0.31698642926697146
303,10.105,tracked,1,1,0.1274744270918564,0.47520187015366766,-0.20270181192877912,0.19224062516386153,0.14433945353029048,0.26049943780419493,0.30747994148299335,2.734547268817234,0.31444929697492624
304,10.138333333333334,tracked,1,1,0.17646794591965473,0.4646271980811991,-0.20317876627192027,0.18831573771929377,0.14496694331107168,0.27031824284532413,0.31345149954375995,2.7402425123790586,0.3126657045304088
305,10.171666666666667,tracked,1,1,0.1991646193641234,0.3974173536934176,-0.2061106299513405,0.1852420853231846,0.14326236159860734,0.2844347867658655,0.31111443346962514,2.739206594921066,0.3119620589184373
306,10.205,tracked,1,1,0.23576920692594416,0.36817177258387646,-0.20562443099409733,0.18305536054624472,0.14487340559512746,0.28422370475045483,0.3097411545658971,2.7427408832002467,0.3110931939067331
307,10.238333333333333,tracked,1,1,0.2217361229718973,0.36502573309794917,-0.20478538521339507,0.18099055553310883,0.14574073257627257,0.28976789911154427,0.3275567591582922,2.744073673412536,0.30973375069735387
308,10.271666666666667,tracked,1,1,0.2033444676823293,0.4152362629520353,-0.21094414723403676,0.17712349655584797,0.14236022188407765,0.31590650363416495,0.33374418907038217,2.7489235337425257,0.310059025121586
309,10.305000000000001,tracked,1,1,0.2248006039376182,0.46152234396944974,-0.20970950982222947,0.17453751734035347,0.14271997166515837,0.33202222256999825,0.33273123179252595,2.749318638495964,0.30791299709709813
310,10.338333333333335,tracked,1,1,0.2064050799978137,0.42928708426423673,-0.20696360977081252,0.17243357998312794,0.14524944591662586,0.3061382644954598,0.34191665654204545,2.759493791230798,0.30604685395254394
311,10.371666666666668,tracked,1,1,0.1989665362522611,0.43121075292489974,-0.21162796117076993,0.16792553145602043,0.14218051564647943,0.33645744008629236,0.33433964765597274,2.7532155896785557,0.305287859394347
312,10.405000000000001,tracked,1,1,0.14043919228122687,0.46200084823580106,-0.2132630245335142,0.16526389835736657,0.14168900636085457,0.3281783193189935,0.3376660984590745,2.7532787567184673,0.30474423416527924
313,10.438333333333334,tracked,1,1,0.24704036021086492,0.3130631766131031,-0.20809326888637208,0.16402124329523488,0.14599391294924163,0.303675233413738,0.353612792762759,2.763703209708496,0.30252272547060216
314,10.471666666666668,tracked,1,1,0.25646480759424994,0.35318712668531604,-0.2035257178780287,0.16268562388545832,0.14814612630438984,0.31120505202854765,0.3666799665305373,2.7688781828201208,0.2997275509454611
315,10.505,tracked,1,1,0.20173462983345591,0.3597070742319516,-0.21118021209903054,0.15882158466363194,0.14414882810850932,0.3250861981828671,0.3474517542392222,2.758720070672555,0.30099877471896014
316,10.538333333333334,tracked,1,1,0.16110476887528774,0.29889520362624084,-0.21622791274255448,0.1556241909079927,0.1410626324941841,0.3414477007225215,0.3454047762839073,2.752571967455651,0.301449938349568
317,10.571666666666667,tracked,1,1,0.2797953867226652,0.2652659066817324,-0.21627263261917734,0.15292521357071304,0.14090841171667068,0.3280927942480918,0.34523197614976336,2.7593377932818375,0.300025254034044
318,10.605,tracked,1,1,0.2444016067263284,0.2779967626007275,-0.21588541138848932,0.1512474538502838,0.14115905391883588,0.32471432404302997,0.343672769478827,2.76322574190253,0.29901200920670695
319,10.638333333333334,tracked,1,1,0.2534882604403413,0.29798494775248247,-0.21778675025892041,0.14846823832945075,0.13977317076001672,0.3259589319476217,0.3432736193998079,2.760852153107505,0.2983461507130614
320,10.671666666666667,tracked,1,1,0.2599737154358544,0.26892043476941957,-0.21753382613367056,0.14708602149853753,0.13992899266548486,0.3161969336441625,0.3550205139912208,2.7650096427522417,0.2975489644092205
321,10.705,tracked,1,1,0.2866593515734551,0.18873660194618463,-0.21911599283640337,0.14461435498215833,0.1388437941700119,0.3218796543951621,0.3442281125935676,2.7628171361917255,0.2969894428479119
322,10.738333333333333,tracked,1,1,0.22230349081317144,0.21522286474424732,-0.2208750588004964,0.14322784836155658,0.13730305800595816,0.3161182618232979,0.34424736122465405,2.7590533925730107,0.29690425710014884
323,10.771666666666667,tracked,1,1,0.2846075764906949,0.18631406669733663,-0.22065236277955863,0.1417960919973093,0.13714699374762784,0.32051902794498593,0.3431552481740555,2.7568702457579963,0.2959778620098524
324,10.805000000000001,tracked,1,1,0.17825429136521592,0.27755808705320756,-0.22308503366931182,0.14002192724276458,0.13555035284281064,0.3135038419684387,0.3452671485029761,2.7594781324489652,0.2962211513579449
325,10.838333333333335,tracked,1,1,0.17425019297009328,0.31783388348373454,-0.22360405165208536,0.13949863868816353,0.1347436758348005,0.30621597447790344,0.3485042053766576,2.760784715448209,0.2959974666927963
326,10.871666666666668,tracked,1,1,0.27740435225188464,0.20979047789115574,-0.22542896049858158,0.13763239340234626,0.13296745263352533,0.31355608567593063,0.3524603061816028,2.76298481039316,0.2957046421769162
327,10.905000000000001,tracked,1,1,0.1751595691496883,0.3339971404442831,-0.2252159166357779,0.13709448191515622,0.1330964355139712,0.3069692320915423,0.3354800571620163,2.7592894974273667,0.29535024500447504
328,10.938333333333334,tracked,1,1,0.2385369752001488,0.18185143306753584,-0.22668136639265907,0.13542806345030328,0.1311689192834405,0.306870331356709,0.33984288095406495,2.7595772388852784,0.29483976601796447
329,10.971666666666668,tracked,1,1,0.16259584636738908,0.273327033779207,-0.22956114606867045,0.1345859820043824,0.12882557579845305,0.29867567668677864,0.34349502241886576,2.757430840689181,0.29564799224119276
330,11.005,tracked,1,1,0.1554198956523355,0.3005958343429811,-0.23136979980208688,0.13298456162547442,0.12761416856792834,0.2960852085612322,0.34217740017539605,2.761559286292749,0.2958077989344787
331,11.038333333333334,tracked,1,1,0.26833478025630153,0.1590111332568832,-0.23237890532378302,0.13264647084402084,0.12598281146221668,0.29960541176660366,0.35659060048571234,2.7551102922709663,0.29574771453179116
332,11.071666666666667,tracked,1,1,0.32853935530991907,0.11394073639313534,-0.2327437554708826,0.13202527236905343,0.1254607130282196,0.29507397671827484,0.35086021739979356,2.7568099915954285,0.29553463209641273
333,11.105,tracked,1,1,0.2599209448141517,0.1703609229710476,-0.2340579290710505,0.13072658836578716,0.12433088960786493,0.29174147269209055,0.34988327581252365,2.7571000443135083,0.2955177239650271
334,11.138333333333334,tracked,1,1,0.2334307384676975,0.24232959902048165,-0.23476071701150647,0.12927909547428384,0.12418477913081882,0.2885344248165342,0.3359200054892853,2.755930654139532,0.2953769424755018
335,11.171666666666667,tracked,1,1,0.22892352891901963,0.17481549450129896,-0.23614432179198336,0.12836153803645553,0.12264924413880446,0.2972613953371497,0.33775842321737104,2.7541073539976377,0.29543808530638066
336,11.205,tracked,1,1,0.17307377879284622,0.26220554195276236,-0.23828082581604149,0.1280355194916907,0.12070011221359056,0.28540677109735335,0.34083824160790216,2.7578582138239067,0.2962083106387381
337,11.238333333333333,tracked,1,1,0.19493954138014954,0.19495528470737786,-0.2394436834322043,0.12723441325257703,0.1195459454616189,0.2872259182122044,0.35502832276778734,2.754770896186417,0.29633276316941665
338,11.271666666666668,tracked,1,1,0.18287874526279768,0.20587580299941988,-0.2404880901351692,0.12672493216280054,0.11850018165652598,0.27573167266981163,0.35040810412801243,2.753606789954021,0.2965400866344335
339,11.305000000000001,tracked,1,1,0.17125714959206914,0.2861777446805661,-0.2418691613763942,0.12512598245636394,0.11705020475878242,0.279671309084472,0.3496322584387313,2.7526959007165273,0.296408422863898
340,11.338333333333335,tracked,1,1,0.25273364099213286,0.22729042519731635,-0.24157754497063472,0.12440443858363562,0.11643894827623763,0.27716068239440467,0.34690037670543744,2.7571990746974704,0.2956251059179936
341,11.371666666666668,tracked,1,1,0.19779305709957692,0.2575636326075289,-0.24218979781762578,0.1235495362960791,0.11452533093111367,0.2836124997304893,0.3420263742818246,2.752955132863862,0.2950193849746144
342,11.405000000000001,tracked,1,1,0.2612175603101298,0.18053045198703715,-0.24190091969892263,0.12275953550869043,0.1136582612315869,0.27752755234446697,0.34334372088133,2.760998202425792,0.29411589357884366
343,11.438333333333334,tracked,1,1,0.2034301182051868,0.24834835333239758,-0.24205727051911963,0.12095362889476804,0.11254696551782367,0.2824894931729151,0.32999143026561234,2.761460875993883,0.29306709470912923
344,11.471666666666668,tracked,1,1,0.21199713342849924,0.23306560567918422,-0.24408246636174913,0.11994563331601471,0.11004169185495799,0.2814748514105411,0.3443843581606705,2.7641930572445026,0.29338094567152073
345,11.505,tracked,1,1,0.212277128927837,0.23738115199041987,-0.24291112219888905,0.11985765417956334,0.11035612679803558,0.2770142155637929,0.33600057842940756,2.760337510398465,0.2924895643868607
346,11.538333333333334,tracked,1,1,0.15097466622598615,0.2535947146305319,-0.244554558087975,0.11864288392384109,0.10925611124865159,0.2699098639891326,0.3503169214896426,2.7601236806028058,0.29295044569440154
347,11.571666666666667,tracked,1,1,0.214805487059615,0.29236983500119784,-0.24225754883357792,0.11850187016327521,0.1108703967010537,0.26414397066959644,0.34580906299922226,2.7598294846009574,0.2915881651639794
348,11.605,tracked,1,1,0.2870183927862689,0.22377666945317626,-0.24554084287449957,0.11628041969166675,0.10840133234484695,0.2615191305426612,0.3575613632280571,2.7608047378948015,0.29251032524908893
349,11.638333333333334,tracked,1,1,0.24782083911944428,0.13143454564874438,-0.24564524150705902,0.11514193062880482,0.10788082222271039,0.26102992125679914,0.33818828572628634,2.7555301057055677,0.2919546551563066
350,11.671666666666667,tracked,1,1,0.2374613198514564,0.16040380519228353,-0.2463758172011351,0.1142320283938747,0.10684505575555997,0.26141901021886366,0.3393346827257344,2.752300148494419,0.29183191318276835
351,11.705,tracked,1,1,0.22865922259901397,0.19352486536051447,-0.24934453769100373,0.11209277942279286,0.10345933537574675,0.26473418162349727,0.34789710602653556,2.755563768236696,0.29230347885623686
352,11.738333333333333,tracked,1,1,0.24758503646088403,0.15299207428250644,-0.24946576807536314,0.11128735314713789,0.10184887968405087,0.2570490239160858,0.33551002097417115,2.752501710874182,0.29153256885779144
353,11.771666666666668,tracked,1,1,0.18414063367081862,0.2258813969905804,-0.251457170029735,0.1107445693675441,0.09890673668562866,0.2554712919064534,0.33669417641252547,2.7519183882667275,0.29202330483296385
354,11.805000000000001,tracked,1,1,0.18365423985868606,0.1376553980181497,-0.2524969198905358,0.1092757418354239,0.09661231473803533,0.2520763005433569,0.3258525796602372,2.7570754874230934,0.2915987339940472
355,11.838333333333335,tracked,1,1,0.22054258414291505,0.13580909034332705,-0.2545918572226863,0.10786408078137533,0.09394440501579432,0.2573782956847957,0.328553927905047,2.7599360816552436,0.29202264453408294
356,11.871666666666668,tracked,1,1,0.23145373503263095,0.13598683463474215,-0.25594658818168,0.1070110834578927,0.091741082378689,0.2505430211335293,0.3234500373980351,2.755925435096938,0.2921924950793363
357,11.905000000000001,tracked,1,1,0.22392793034082534,0.17569567412239925,-0.25851471016445504,0.10543559057755239,0.08910611184857603,0.2544384966483167,0.3280620547450028,2.754571320083767,0.29306384679898745
358,11.938333333333334,missing_tag,1,0,,,,,,,,,
359,11.971666666666668,tracked,1,1,0.1830207695685234,0.18554483446047867,-0.2605421616453395,0.10261589501515814,0.08476218505994854,0.24599302515320987,0.3212102271801499,2.7532223122861694,0.2925694241043058
360,12.005,missing_tag,1,0,,,,,,,,,
361,12.038333333333334,missing_tag,1,0,,,,,,,,,
362,12.071666666666667,missing_tag,0,0,,,,,,,,,
363,12.105,missing_tag,1,0,,,,,,,,,
364,12.138333333333334,missing_tag,1,0,,,,,,,,,
365,12.171666666666667,missing_tag,1,0,,,,,,,,,
366,12.205,tracked,1,1,0.18454689202328595,0.03347115279855423,-0.27147138769418255,0.09472861116427081,0.06891648925552984,0.23341194454434064,0.31880916132356757,2.7481577465733205,0.295668237389518
367,12.238333333333333,tracked,1,1,0.16150405053132155,0.20031671147964303,-0.27139542229503055,0.09505987877721714,0.0681789462238035,0.2269482991424937,0.32137863765660246,2.7453193111651952,0.2955337958745589
368,12.271666666666668,tracked,1,1,0.18497383675473494,0.15650497166338784,-0.2748844879513034,0.0941549370263953,0.06448977793236027,0.21856650166953262,0.3239612829629837,2.7468994670333338,0.29763327324151756
369,12.305000000000001,tracked,1,1,0.18008592150089509,0.09670978217988513,-0.2781876645834224,0.09292957449120048,0.06135415407344996,0.2354856512224536,0.3196375411071698,2.7433518987530126,0.2996474841602428
370,12.338333333333335,tracked,1,1,0.21151768745292998,0.11258998056529179,-0.27987565957852534,0.09250779493079045,0.05899423672027698,0.23997030689771237,0.30931118228757776,2.742429703807089,0.30061336782265663
371,12.371666666666668,tracked,1,1,0.1785779850411018,0.14778819845338523,-0.2815249176909402,0.09204771430910952,0.05613425550577683,0.22927637011381086,0.3130870410924458,2.7478848177201765,0.30146329068662725
372,12.405000000000001,tracked,1,1,0.16750481420291166,0.1805048600711743,-0.28351099963953363,0.09194409264924008,0.053726982814950974,0.23763164408526793,0.3133532912372953,2.7446816697251357,0.30285110495439455
373,12.438333333333334,tracked,1,1,0.15771943783746828,0.12512630498223382,-0.2855656875792814,0.09112154253346155,0.050132174036307986,0.24037023010827674,0.30326021049825114,2.743700222407915,0.30391467932614225
374,12.471666666666668,missing_tag,1,0,,,,,,,,,
375,12.505,tracked,1,1,0.1502212800742399,0.13288179111558557,-0.28793568461141833,0.09058233634744148,0.045740887977165745,0.24284153444125714,0.30530066445189646,2.746618521258607,0.3052938698430527
376,12.538333333333334,tracked,1,1,0.10458703700937658,0.18485906043759257,-0.28853039987888784,0.09061177474789225,0.044325488233632915,0.2467510436579548,0.3006088200631314,2.7492059155276274,0.30565509039501304
377,12.571666666666667,tracked,0,1,0.18582621144874403,0.023333089119966482,-0.29602577914988115,0.09032459987861274,0.0344012606616203,0.24145486900907837,0.28034043235388334,2.7546413052119014,0.31140526970434274
378,12.605,tracked,1,1,0.1478585214833031,0.10043277441895376,-0.2916728864379471,0.08955119482039786,0.03952693896970849,0.25582859784630374,0.2927649490045417,2.751542220304157,0.3076603128145057
379,12.638333333333334,tracked,1,1,0.1369119034181367,0.15516671742709393,-0.2923364548383219,0.08906413226627041,0.03836959868376372,0.26715454035522174,0.29066616323970706,2.7530638581278115,0.30800202692017303
380,12.673333333333334,tracked,1,1,0.1688433227799131,0.07057618603789045,-0.29408152224513917,0.08859727289993133,0.036141213853341125,0.27044937779097217,0.2939251369073146,2.754113526918037,0.3092565372471795
381,12.706666666666667,tracked,1,1,0.18865905067914893,0.019572422727462208,-0.297194196531561,0.08709064838180186,0.03263897584835124,1.8504139412145617,1.010916615130392,1.8912275865386488,0.31140724820085997
382,12.74,tracked,1,1,0.1689951868404329,0.07013481786530215,-0.296459249210391,0.08672321022436508,0.03268807700960685,0.2924054157297016,0.28758788703986643,2.755259938980869,0.3106082935347898
383,12.773333333333333,tracked,1,1,0.14696535316155268,0.10046755678169036,-0.2966064299910655,0.08689288118165925,0.03215637315624842,0.30538335049452753,0.2812092532029421,2.7574511102611887,0.31074069486737443
384,12.806666666666667,tracked,1,1,0.13783934366201314,0.10815167297434289,-0.29688178581731545,0.08656853161615755,0.030671438893412062,0.31797846253949835,0.2659752405495427,2.763605725099502,0.31076300066135343
385,12.840000000000002,tracked,1,1,0.14234622862334764,0.061745330769926554,-0.2972394571410187,0.08592450764383122,0.029588814764933247,0.32949043633060365,0.2623358484093169,2.7697228926621427,0.3108211927371038
386,12.873333333333337,tracked,1,1,0.16715969564300273,0.12265738151957675,-0.2982793699638715,0.08503897942746724,0.029125217395215286,0.3508003795632944,0.250074539155365,2.761149388193963,0.31152927447742035
387,12.906666666666668,tracked,1,1,0.20924546938248803,0.04488218835010058,-0.2982493307220309,0.08382863790597841,0.028944315369157703,0.3445178608615433,0.2600596968658327,2.7645270251310197,0.3111553907640044
388,12.940000000000001,tracked,1,1,0.19619942606699994,0.009851424927741187,-0.29668846672821875,0.08413025260719123,0.029484173994592466,1.831125485589529,1.0371177574037809,1.9553769404920545,0.3097922888153199
389,12.973333333333334,tracked,1,1,0.13380352632450712,0.12424479909729966,-0.2959946404166973,0.08360139132820585,0.03029828932958789,0.33200262265295927,0.2746996847219454,2.764811846284747,0.30906311026022043
390,13.006666666666668,tracked,1,1,0.1904653097835621,0.03607729833707521,-0.2975294284084744,0.08323097498595505,0.02974321729713103,0.3367076388586423,0.26849648116630415,2.759823980977867,0.3103801136370862
391,13.040000000000003,tracked,1,1,0.17603989841224613,0.011562366650107014,-0.29837711234468867,0.08299145745411265,0.02874966500840287,1.8366150882739554,1.0261882424103896,1.93961207010764,0.31103541023428205
392,13.073333333333334,tracked,1,1,0.18099612671804696,0.04246009744206822,-0.30011772179375124,0.08235515701549259,0.026735244340428954,1.8338006688073702,1.0272202201178278,1.94801724735995,0.3123584353137599
393,13.106666666666667,tracked,1,1,0.1544605961446702,0.0646952071772709,-0.30078099797053326,0.08192426337022929,0.025944981462680317,1.8345952622609638,1.033603448321133,1.9422003579435034,0.31281613726277524
394,13.14,tracked,1,1,0.15700355353647708,0.034969056384509284,-0.29917935406409846,0.0825286163354842,0.026284600612961895,0.3111802087694542,0.25624882973422175,2.7589334312450227,0.3114645062311975
395,13.173333333333334,tracked,0,1,0.1785305622639367,0.012460153089616288,-0.30381152468454364,0.0826306631680046,0.02132605540550614,0.29411107401425,0.23672562330611752,2.7573119918810987,0.3155694371543132
396,13.206666666666667,tracked,1,1,0.17212064662891102,0.027175833172683017,-0.30136121909740166,0.08137071265396098,0.024892848191790107,0.29964923217415085,0.2600718067534458,2.761987899917974,0.3131444253771494
397,13.24,tracked,1,1,0.16604560721521855,0.024130308406349527,-0.3034478620188413,0.08098555210785288,0.023591168199356805,0.31382492199449885,0.25888257316313845,2.762168132523882,0.31495365981526524
398,13.273333333333333,tracked,1,1,0.11902916062626219,0.09657483095368531,-0.30261434910269974,0.0816838541536678,0.02485873243560116,0.31681926616557926,0.2640035345238136,2.7593397502345423,0.3144290904012431
399,13.306666666666667,tracked,1,1,0.12599085321918743,0.11714775855802415,-0.30075136788640633,0.08322416343688585,0.026267966374723173,0.3117281969971772,0.24463592493808092,2.7604723775495765,0.3131575525558622
400,13.340000000000002,tracked,1,1,0.14857215469972318,0.15268763066529434,-0.3031415300282529,0.08226191259246238,0.024635005361231532,0.3250955406230438,0.24971906553312873,2.7542312520102876,0.3150693463039335
401,13.373333333333337,tracked,1,1,0.16733758808430846,0.08648202531829188,-0.30454692632323677,0.08209432214959517,0.023674971225274954,0.3320456484869437,0.2557671974473066,2.75689542572851,0.31630493566280327
402,13.406666666666668,tracked,1,1,0.1489657544341584,0.08200219470169401,-0.3052406181056856,0.08212154583270279,0.02338018761016547,0.33107506113152946,0.24907577106382406,2.7556245462967013,0.3169580672647097
403,13.440000000000001,tracked,1,1,0.14970335247420502,0.09835265610417612,-0.3050840252427683,0.0825663251532456,0.02360573836457941,0.32758565735000084,0.2426981261963076,2.7569002206896798,0.31693957056729055
404,13.473333333333334,tracked,1,1,0.13921013963672974,0.10493055851877525,-0.3064370302769636,0.08199108959866877,0.022993212140945296,0.3277504893340546,0.25383142653325386,2.758553167147982,0.3180485499151036
405,13.506666666666668,tracked,1,1,0.18567969131369366,0.14518432119212815,-0.30345835133646415,0.08353802740965191,0.02521335681547332,0.2958437191486045,0.24070682786928113,2.749914814987101,0.3157551050755079
406,13.540000000000003,tracked,1,1,0.14363151838681418,0.08068880492641822,-0.3058752180001068,0.0822948453696904,0.023514308631053138,1.8360904157171967,1.042107907586873,1.914275189415379,0.31762401242889454
407,13.573333333333334,tracked,1,1,0.1525778322771289,0.07691616481446101,-0.30625344662377724,0.08180541063634492,0.023278514383382132,1.8400509772155955,1.037780990090996,1.912797574521733,0.31784459726448255
408,13.606666666666667,tracked,1,1,0.2185646043663892,0.016975667819878276,-0.3074453642219537,0.08074240420429066,0.02261578618879101,0.2824441664459144,0.2774540226306311,2.7522082038277005,0.3186745386804473
409,13.64,tracked,1,1,0.1961509782697848,0.007008157833201856,-0.3083206017649847,0.08041219504104252,0.021508502377296623,0.2730052380637965,0.2800166876138245,2.7523799304767578,0.3193592495271667
410,13.673333333333334,tracked,1,1,0.16663984160756043,0.05958409572391879,-0.30917617503997064,0.08031651650409347,0.02061915475545112,0.2629522991696046,0.28521201011388625,2.752367733948438,0.32010279533070013
411,13.706666666666667,tracked,1,1,0.1919541672624066,0.014116975218068484,-0.3106702404812163,0.07983340145965934,0.019643816976856465,0.2550524391910507,0.28066600958112115,2.7456993332520514,0.3213646680248097
412,13.74,tracked,1,1,0.18938261236799758,0.026828000553489467,-0.3107222521310309,0.07918611009785992,0.018863972204250345,0.2313947838027247,0.29104768151251725,2.742602561863409,0.3212080438736444
413,13.773333333333333,tracked,1,1,0.16864292009064272,0.14879517661672145,-0.31451600487704773,0.0777674864513149,0.015528952136786622,0.23564121919449135,0.29274135060627615,2.7398191793083795,0.32435975031936554
414,13.806666666666668,tracked,1,1,0.19635705686736135,0.021078823097810756,-0.31635384120558596,0.0762731868953325,0.013328135399406471,0.22567613258852923,0.2949965266341828,2.7342914555138487,0.3256915581926009
415,13.840000000000002,tracked,1,1,0.14939993159744333,0.09860547628502878,-0.3161684892179038,0.07552308797292082,0.01240880355758972,0.2101516409758422,0.2908908454270026,2.726382713880932,0.3253002133368931
416,13.873333333333337,tracked,1,1,0.17700445900183093,0.04996236238581492,-0.3189062492506868,0.0732426188483242,0.007597609308505671,0.1977290424933074,0.2862444950193402,2.720705331366415,0.3272971137882318
417,13.906666666666668,tracked,1,1,0.19057341397756067,0.05358228700915599,-0.3171164596933179,0.07280712862823924,0.008153679798794777,0.203690010391164,0.2736375523612972,2.7157439699797843,0.3254692143379677
418,13.940000000000001,tracked,1,1,0.1291480015717972,0.0842661968810395,-0.32001488433909253,0.07046874393677663,0.0033654322676099913,0.20196842758482303,0.280279490550044,2.724816842686589,0.32769909399468533
419,13.973333333333334,tracked,1,1,0.19646821041455917,0.025795047231005702,-0.32130161403165325,0.06907790554661442,0.00017944499957728288,0.20081197434353132,0.27327705955502146,2.7291711702422523,0.3286434487625767
420,14.006666666666668,tracked,1,1,0.18602747982446685,0.1004209646626488,-0.32250728653053473,0.06763575032588093,-0.0018012071029022692,0.20646271042518985,0.27146348332002623,2.733867141249962,0.3295281307179417
421,14.040000000000003,tracked,1,1,0.19656887403937648,0.007964371837932416,-0.3248471382545084,0.06580946963647741,-0.004795778301773357,1.830580711447314,1.0697169646767961,1.8525942935369022,0.33148084260707716
422,14.073333333333334,tracked,1,1,0.1548219779489896,0.011354078064240297,-0.3262946134687766,0.06486459261246996,-0.006346627533747762,1.824586719208366,1.0861870456111806,1.854415578573062,0.3327399432508399
423,14.106666666666667,tracked,1,1,0.15073484531065434,0.034512961780291035,-0.3293834569147473,0.06286306769576502,-0.009813644532163157,1.8139294964344763,1.081313851535391,1.865014048519596,0.3354721070196972
424,14.14,tracked,1,1,0.09224120236728067,0.1391588329939175,-0.3309796330008282,0.06128361273167676,-0.011219079549981859,0.20821137478152402,0.26725706933438553,2.7344038609196133,0.3367923193850446
425,14.173333333333334,tracked,1,1,0.12990407003847856,0.07458160925495319,-0.3308125687790739,0.060978969371077996,-0.011358446471649353,0.20809354257981602,0.25819986804898387,2.7358427699955286,0.336577486879348
426,14.206666666666667,tracked,1,1,0.13683106336482387,0.08137810934759288,-0.33122272626547467,0.06027960298782653,-0.013156498017216134,0.20851336644718113,0.24522270952984737,2.7401454920207273,0.33692019584937405
427,14.24,tracked,1,1,0.18705478728256503,0.02868545846494805,-0.33188344400199865,0.06043615563378027,-0.013126348557597922,0.2132655133748441,0.245618789294846,2.7355144188038576,0.3375965792730635
428,14.273333333333333,tracked,1,1,0.11980177598526834,0.1268101005976049,-0.3321985802108635,0.05982042280203753,-0.013523756789402985,0.21100948966836527,0.24893096971406053,2.737640963886079,0.3378124800477729
429,14.306666666666668,tracked,1,1,0.17398849545063952,0.02834342224958894,-0.3338988176378511,0.05914215824168012,-0.015026679855376424,0.2191025126980263,0.24699595009344386,2.7346076084332305,0.33942895635009523
430,14.340000000000002,tracked,1,1,0.1870754512520805,0.11389390064483737,-0.3347522877442971,0.05886674223888355,-0.016845963256183982,0.2050790783449816,0.23413229545483022,2.7385989386150027,0.340306000490571
431,14.373333333333337,tracked,1,1,0.19727588882171382,0.004261613011383697,-0.33411922384240567,0.05977170813913471,-0.016150610133694288,0.20131580573846095,0.22860714279314157,2.7358319868747913,0.3398075264655156
432,14.406666666666668,tracked,1,1,0.12614401002438508,0.08917938753038654,-0.33716144958605304,0.05925534199168253,-0.01826459194075669,0.21046201053677716,0.21715960026845335,2.7321908190956643,0.3428157434545301
433,14.440000000000001,tracked,1,1,0.09036475178623592,0.12410917680778101,-0.33719058462612705,0.05925316295869906,-0.017054610937145998,0.20494532670830592,0.2206003822236793,2.7310156094625944,0.34278169063609115
434,14.473333333333334,tracked,1,1,0.10980010410945379,0.16369029974022076,-0.33792006579110445,0.059513717619313705,-0.01849409530650631,0.19836110889753428,0.20630683087815727,2.7293444540914056,0.3436188077075263
435,14.506666666666668,tracked,1,1,0.1491124735294473,0.04848168518895196,-0.33864115070408046,0.05848469617444557,-0.019479239090764322,1.8183743319734735,1.110203883551376,1.872749276819397,0.3442059403792388
436,14.540000000000003,tracked,1,1,0.1128870179596105,0.1535218293960693,-0.3401985837729135,0.05803761382827938,-0.02158901591242307,0.1959773174011455,0.20164389005023864,2.732509147795516,0.34578826849394906
437,14.573333333333334,tracked,1,1,0.05361522426228141,0.18964723179461807,-0.33795600177521534,0.0583320797795657,-0.020269812177641622,0.18650333388223492,0.200564919707418,2.7325815521764727,0.3435516787224534
438,14.606666666666667,tracked,1,1,0.15269640402835694,0.11828305933545574,-0.34083442391839847,0.05648136353619118,-0.0225987354968592,0.1950555502162746,0.21546652569910793,2.7312556173647686,0.3462209580611072
439,14.64,tracked,1,1,0.15540115017082157,0.04229069448292577,-0.3403751522889548,0.05670498224619494,-0.021982404629148522,0.19010737706801523,0.19983096036346923,2.7279403558946713,0.34576570885579455
440,14.673333333333334,tracked,1,1,0.11790727212662744,0.09966323290580356,-0.342078019310622,0.055394323623252806,-0.02370233525861215,0.19174868322349667,0.2189363502792729,2.7276429799787802,0.3473437822703432
441,14.706666666666667,tracked,1,1,0.09144605659355279,0.11018468129495512,-0.3442900354349586,0.0548038997511438,-0.025636888651669854,0.19530417829946722,0.21261488327151212,2.7229071109224274,0.34956593939838676
442,14.74,tracked,1,1,0.11835868655535162,0.10321371369801352,-0.3416815396800158,0.05475043175261152,-0.02465769091399128,0.1737814225768354,0.21053056697945297,2.727042366488006,0.34691769348998835
443,14.773333333333333,tracked,1,1,0.152518961379255,0.05068403283702111,-0.34147924687936165,0.054644074787203345,-0.0246671213835174,1.818984486697429,1.123066568430391,1.852914180278902,0.3467023476066966
444,14.806666666666668,tracked,1,1,0.1400542608626713,0.046269044608377524,-0.3421275620077853,0.05377298343742476,-0.02512397465152294,1.8074790444449833,1.12727025769195,1.8532966155149468,0.3472376945774219
445,14.840000000000002,tracked,1,1,0.08501965928430552,0.12295994834996118,-0.34304238379846697,0.05332300406103746,-0.026286713785761362,0.16068633144372654,0.21407038952720653,2.7200784200668817,0.34815572832553343
446,14.873333333333337,tracked,1,1,0.11033414806522608,0.09934397357680776,-0.3422907563915104,0.053791911452824276,-0.02594445160914116,0.1588399168780466,0.19144682589882742,2.71697153476922,0.34746171906861895
447,14.906666666666668,tracked,1,1,0.08265772533044426,0.12547200802043518,-0.3450917013731544,0.05235718274100429,-0.027961564589106536,0.15738401911738104,0.20256617046496528,2.715354956438926,0.35015911531111693
448,14.940000000000001,tracked,1,1,0.0906373373718277,0.16251321267763225,-0.3445994378825013,0.05250673056326166,-0.02919032602913013,0.1474506669370923,0.20077852119446182,2.7141953870189877,0.3497968045552528
449,14.973333333333334,tracked,1,1,0.12354636014114917,0.06621125393365057,-0.342994871721722,0.053202522035359745,-0.028361799028341295,0.14839902827245519,0.18528695577442997,2.716102105884608,0.3482533302388471
450,15.006666666666668,tracked,1,1,0.13089343927550479,0.0327532284499335,-0.3424737668446254,0.05339155885437316,-0.029049089247894788,0.13983623258616276,0.18132611965016193,2.7194134872393843,0.3478258028378271
451,15.040000000000003,tracked,1,1,0.10832112226919945,0.07152035037367581,-0.34463630187769045,0.05186294087697757,-0.03234727451880959,1.810304747625286,1.1444388318091623,1.835326872118225,0.3500147016585656
452,15.073333333333334,tracked,1,1,0.12213598085189294,0.0862682360191213,-0.34504067427467583,0.05202887750435872,-0.03183886272641684,1.8108915946665831,1.155155556422108,1.8286331410857142,0.3503909019623628
453,15.106666666666667,tracked,1,1,0.14946087745553197,0.004969153524695735,-0.3440000436307388,0.052685978370921066,-0.03163511604198016,0.14526497040288916,0.181736110726955,2.7165221581513137,0.34944616595670486
454,15.14,tracked,1,1,0.10363898996954851,0.08458941163086114,-0.3477536611201594,0.051217044780796556,-0.037328306406622824,0.14611927298288507,0.1787345256460762,2.715215123758698,0.35348153694038886
455,15.173333333333334,tracked,1,1,0.14875209349762739,0.00525981089835087,-0.34467723062759764,0.0528097657953463,-0.03722082591321246,1.8181004655786572,1.1393264482229404,1.8553705578979276,0.3506802739792062
456,15.206666666666667,tracked,1,1,0.10326529069587478,0.08259758664688374,-0.3475445116927291,0.05141066530850705,-0.03796289232410516,0.13959055732298148,0.17818978439517116,2.7196015478939524,0.3533715117391503
457,15.24,tracked,1,1,0.11553097351686319,0.05413609115972405,-0.34694002847583033,0.05194180881522997,-0.036582119249252365,0.1470484692708245,0.1758233301216372,2.716635442617646,0.3527089257597182
458,15.273333333333333,tracked,1,1,0.12349058312200212,0.05585502781401469,-0.3453936367457574,0.05180291225885522,-0.03694471288389706,0.13149950121041037,0.16904926845576707,2.720143751022631,0.3512053784227008
459,15.306666666666668,tracked,1,1,0.10667424011978868,0.11051436631055941,-0.35157384403565134,0.0501301111976174,-0.041577886087436455,0.14145880658396726,0.18705204497833053,2.71609816851963,0.3575554732767907
460,15.340000000000002,tracked,1,1,0.13330592238144717,0.014054476119408826,-0.3515170056869842,0.05020509956078212,-0.04108985505351709,0.15007486035796533,0.18344809000205764,2.714137877418929,0.35745368021237434
461,15.373333333333337,tracked,1,1,0.1133737131802607,0.06038179695789948,-0.34733315379255164,0.05120945753780334,-0.03831928789210842,0.13502802606323755,0.1663504015215644,2.7205662394900103,0.3531728982939584
462,15.406666666666668,tracked,1,1,0.1526890494621758,0.0025946168086730947,-0.34911928215014554,0.05074569991772526,-0.040161578924677255,0.13988673566844775,0.1691986945675531,2.717195857925776,0.3550666862026003
463,15.440000000000001,tracked,1,1,0.1136703194330544,0.08869568538184706,-0.35159894011695975,0.049254944610808565,-0.04228067824882614,0.14483247779738834,0.17349669660018743,2.719094758673368,0.357540934737778
464,15.473333333333334,tracked,1,1,0.09512827779575296,0.09474151709948252,-0.34940527692720447,0.04939820661274147,-0.039455961206328605,0.14047730587821575,0.18039546295014774,2.7228305268389215,0.3550788690359465
465,15.506666666666668,tracked,1,1,0.03566701345548593,0.21463083865637203,-0.3504335208136055,0.04882156407099991,-0.042024376640768246,0.13770373409632458,0.1789015995982903,2.722420219027855,0.3563049899456975
466,15.540000000000003,tracked,1,1,0.09299841893977305,0.09811435353169544,-0.34983522507600084,0.0495761437989386,-0.04072377216659584,0.14279931744513294,0.168823060008852,2.7182157581258837,0.3556696562224925
467,15.573333333333334,tracked,1,1,0.13993632154883565,0.0075649118021985096,-0.3458116020904695,0.051182436691038474,-0.03757247287727283,1.8210994194693,1.147035150965928,1.8463223112856255,0.35159208848340545
468,15.606666666666667,tracked,1,1,0.1129350980573876,0.05543685379685509,-0.35216642666431675,0.04870557012271509,-0.041559838043171426,0.14943979491723625,0.17457310122075648,2.715973934510519,0.3579394428791928
469,15.64,tracked,1,1,0.10338414996049974,0.101461577889888,-0.3497044105287441,0.04892622925978973,-0.042238181979598444,0.12285900780731035,0.16444013667926033,2.7164358520308856,0.3556276348510891
470,15.673333333333334,tracked,1,1,0.08596745811502735,0.11378552849751117,-0.3502466595569405,0.048049255594399654,-0.04123542344414305,0.1393065930869864,0.17914444268770363,2.7033937824700214,0.3559238874262152
471,15.706666666666667,tracked,1,1,0.07605147575506968,0.13824998144873396,-0.350099618614679,0.049136850335085774,-0.044602933948511614,0.13044059417745202,0.14878739390528373,2.7041923748350865,0.35633354421358027
472,15.74,tracked,1,1,0.10938085210523339,0.0682884556208916,-0.349686140673872,0.04855204509612837,-0.042793523650724974,0.13320110719208386,0.16123833929390843,2.7034860568267685,0.3556247794078031
473,15.773333333333335,tracked,1,1,0.1232268295740478,0.0841577185731419,-0.35171331607579764,0.04763110762892389,-0.04355661447177883,0.12922255131955554,0.1798552082378993,2.703429606501206,0.35758657382966047
474,15.806666666666668,tracked,1,1,0.042349279115598194,0.19626257884558285,-0.3497074059920359,0.047894882404351274,-0.04400614587346219,0.12705300108864226,0.1680261034613817,2.7090406415809305,0.355704554990292
475,15.840000000000002,tracked,1,1,0.12372104217521225,0.034577054722666686,-0.35062317590379916,0.0475977651158557,-0.044919394858766615,0.11934190463429396,0.17939515550317914,2.70857719005252,0.3566790024088444
476,15.873333333333337,tracked,1,1,0.1399090806734425,0.08039072773079789,-0.35200763731539303,0.04747298608360598,-0.045731985974717004,0.12987272891275684,0.16792964828646614,2.700149496885986,0.35812634038457886
477,15.906666666666668,tracked,1,1,0.10840419251299602,0.06079743888670322,-0.3518500187269723,0.04729771022633705,-0.04969527098521703,0.12066796196935245,0.15291046823051802,2.702678000562869,0.35847612058423006
478,15.940000000000001,tracked,1,1,0.11949172777204466,0.04276663383943065,-0.3499362740799392,0.04847596155215886,-0.04826854076955084,1.7934003079704663,1.1525448404097338,1.8427521542549303,0.3565601867754987
479,15.973333333333334,tracked,1,1,0.128169531106493,0.020277628631765965,-0.3516170545511059,0.04826683042662894,-0.049983135149494484,0.1160541080396186,0.14325675125768964,2.6922716771693205,0.35841673198945523
480,16.006666666666668,tracked,1,1,0.0945801876724115,0.10423181609193341,-0.348910254348717,0.048231936087498456,-0.049209954999304806,1.7960525950013277,1.1600294525370225,1.8357459520285864,0.35564913175694457
481,16.040000000000003,tracked,1,1,0.12855320860320607,0.0210969857115742,-0.3500197995149599,0.04838083162582471,-0.051691661969810454,0.0993915660159611,0.1423841461004965,2.6928722453731537,0.3571086569078104
482,16.073333333333334,tracked,1,1,0.1290753733415726,0.045922124987966356,-0.3509005850755364,0.047781272958570375,-0.052773250173761166,0.10572378404939044,0.14567716202750383,2.6916683600713496,0.3580492795493346
483,16.10666666666667,tracked,1,1,0.10495302585881552,0.10525003339864286,-0.35168296442095104,0.04793522893572261,-0.05451901081671917,1.794156214524891,1.1554582900443948,1.8340153532200734,0.35909750232696075
484,16.14,tracked,1,1,0.1455638398745986,0.011024700878026011,-0.3564139458226518,0.046201234247501444,-0.05911844157454271,1.765340015683373,1.165837838344564,1.8432434431505995,0.36422581588496344
485,16.173333333333336,tracked,1,1,0.13369352130259954,0.042513587686027005,-0.35457861930523976,0.04788981080172788,-0.05811956327060902,0.09756511089597954,0.1495561356937989,2.6923315997064607,0.3624876754895286
486,16.206666666666667,tracked,1,1,0.12303940001700822,0.08000580481034303,-0.35543431130097963,0.04889943887211462,-0.058009529465232135,1.7953043734064755,1.1340440644245262,1.8191457476349433,0.3634416188066345
487,16.240000000000002,tracked,1,1,0.12052299014216548,0.032087963142199374,-0.3551922090124051,0.04916928637318632,-0.059325828038008566,1.7992872635807993,1.1269356337532108,1.8064864281477615,0.36345381816395306
488,16.273333333333333,tracked,1,1,0.12936095990292004,0.01643554672337902,-0.3537949030925786,0.050147570653552714,-0.05730310978975456,0.036491394937505965,0.1657701048223779,2.6832046579556548,0.3618967514199552
489,16.308333333333334,tracked,1,1,0.11737084360388121,0.040400006595558216,-0.3572513275125801,0.04949348023676414,-0.06198157622801426,0.01921725574643002,0.17194343256354228,2.6761654206083856,0.3659505859910008
490,16.34166666666667,tracked,1,1,0.14433726372694822,0.04721745057952545,-0.35530698038562597,0.05082142197341716,-0.05783691993861101,1.8264075176725976,1.1255288600211433,1.7550963400437811,0.3635532650797363
491,16.375,tracked,1,1,0.1497495053655787,0.020535971431110384,-0.3540873743332109,0.05071212728407984,-0.05807210454526446,-0.005934186017799679,0.18295540566197216,2.686011008413296,0.3623837163038376
492,16.408333333333335,tracked,1,1,0.12508661014283012,0.10454995993693533,-0.3561511466036636,0.05072171218139562,-0.058194610249767464,1.8489453630644215,1.1095080513403524,1.7361287211240721,0.3644213824350034
493,16.441666666666666,tracked,1,1,0.11260804365088554,0.09152681083860921,-0.3568063831463866,0.050025766694145934,-0.060449060149461664,1.8445873151697254,1.1058511507081346,1.7335758033692736,0.36533198773211245
494,16.475,tracked,1,1,0.14357867423150514,0.007807466645284977,-0.3581137850349122,0.04960905840291974,-0.06215238633689124,-0.049067251309898474,0.18985452241433845,2.6966642815449067,0.3668371039508215
495,16.508333333333333,tracked,1,1,0.10434214763501003,0.09052383920037134,-0.35746175853640716,0.050061839249442686,-0.06115944164359538,1.8663614371182982,1.098310238774759,1.7169394211256512,0.36609503392853343
496,16.541666666666668,tracked,1,1,0.1785560459360326,0.046945367473277155,-0.35845598185627103,0.049789540465995014,-0.06292970878837228,1.8540434078974433,1.1069640761819646,1.7174729948173277,0.3673279699621955
497,16.575,tracked,1,1,0.11057721897131788,0.05232217536500201,-0.3587623833392994,0.049432297754923915,-0.061316643058594245,1.8650601582163497,1.1177219566754657,1.7069478498346826,0.36730604470468614
498,16.608333333333334,tracked,1,1,0.18483500159649385,0.013843479461442154,-0.3605764974288919,0.0486304419472072,-0.06323972057074428,1.861458293756856,1.116813788833413,1.7080642432388944,0.36929607720626306
499,16.64166666666667,tracked,1,1,0.09705026232696984,0.09236161432773718,-0.3584680049470529,0.04969952891948334,-0.05967835507004693,-0.04761915152437441,0.16373124381752935,2.6909409337064556,0.3667844868712491
500,16.675,tracked,1,1,0.14464671523072573,0.0036239460585913985,-0.35801780432026253,0.05043423801629526,-0.06004935224319902,-0.048868903981443695,0.15574288057011088,2.6875501964182704,0.36650550511474433
501,16.708333333333336,tracked,1,1,0.0941810324493369,0.08490524769071098,-0.35858171809408385,0.049087375757972784,-0.06149972143157917,-0.050838222508038766,0.1583800048418129,2.6908905202212994,0.3671139261132316
502,16.741666666666667,tracked,1,1,0.16630676532366936,0.033631209566458126,-0.3592144044377719,0.04882575622097193,-0.06038490134442154,1.8639870428873462,1.1361030402630816,1.705856857560922,0.36751228433415456
503,16.775000000000002,tracked,1,1,0.17396254953913692,0.07809208461312434,-0.3592014462718821,0.048506371649999463,-0.06318258262232967,1.858907572424733,1.1290695639599626,1.715887420622804,0.3679274192572323
504,16.808333333333334,tracked,1,1,0.06625427407086111,0.15262376328638294,-0.36055910574684547,0.04762641480214361,-0.06219362289290675,-0.049086582869003026,0.1699178656048367,2.6914240755621206,0.3689704471260752
505,16.84166666666667,tracked,1,1,0.18263720442422532,0.011855051445753495,-0.35895484894400237,0.04942638342691416,-0.061109975133537164,-0.04398847498627985,0.14723487896552165,2.688238785768605,0.36745881404573416
506,16.875,tracked,1,1,0.1722162268726086,0.024407022188084743,-0.35879584137285614,0.04885578584203709,-0.06379334687729848,-0.052187199473168654,0.13966393790412943,2.691162715888415,0.36768319883087675
507,16.908333333333335,tracked,1,1,0.16456850079639837,0.0051578184652981696,-0.3599075401488784,0.04785620693996456,-0.06259203426649251,-0.046481380839038716,0.15380588878161575,2.6913198155172604,0.3684310203448062
508,16.941666666666666,tracked,1,1,0.11334556191736554,0.08590653618654799,-0.357415545501803,0.04980577678304046,-0.05951997027911615,-0.03428365888098942,0.12295797565483833,2.686456929953809,0.3657446027343949
509,16.975,tracked,1,1,0.1241424318103061,0.03267965367581366,-0.3568179068305067,0.04906379191218527,-0.061033860800367434,-0.043984125312390654,0.12543147584188913,2.691880400843091,0.3653100142015066
510,17.008333333333333,tracked,1,1,0.13832461519892303,0.09968508522444791,-0.3575361350216949,0.04963958912724273,-0.05893570317504093,-0.03324066206629488,0.11723725058680434,2.690365287232598,0.36574525801944396
511,17.041666666666668,tracked,1,1,0.12329354959171501,0.029714297174373794,-0.35752053006677065,0.04870147250533946,-0.06019174154193219,-0.040109339446189725,0.12445006935703119,2.688298749023494,0.36580843155026344
512,17.075000000000003,tracked,1,1,0.20064860309437033,0.008929420220867845,-0.35735465621598084,0.04787474230371755,-0.061919698323359695,1.8525598724560226,1.1608288189860492,1.7180171355781013,0.36582562828531445
513,17.108333333333334,tracked,1,1,0.12833135794730766,0.0410695181641825,-0.3549881354670544,0.04873927850359974,-0.059830814357910544,1.8658902172900735,1.1604038659766092,1.7147879082074036,0.3632792588879222
514,17.14166666666667,tracked,1,1,0.14777991183785968,0.0004144643158642547,-0.35827718473620573,0.047364280408983134,-0.06281770410231952,-0.04592262430844622,0.1281633275233794,2.691432586365785,0.3668132768996355
515,17.175,tracked,1,1,0.1445125331681394,0.0395349613155172,-0.35512908293541917,0.04924520089186754,-0.06035970451591899,-0.05480958299462707,0.11247554690961162,2.6861733893952042,0.3635726190002229
516,17.208333333333336,tracked,1,1,0.12429140418322886,0.06062012788283706,-0.35762106832937784,0.04739740598337441,-0.0607650739465363,-0.045698031890094894,0.13193985072811054,2.689524501232035,0.3658302021686104
517,17.241666666666667,tracked,1,1,0.16562942242030676,0.023326195474274197,-0.35545207225117764,0.04850398891053387,-0.05980754036000735,-0.051653557446371574,0.12343220839293349,2.6902092192675613,0.3636973391321464
518,17.275000000000002,tracked,1,1,0.11721857292189324,0.037212927974915114,-0.35707486885863,0.04872763915721487,-0.06097203739076912,-0.04235223549387946,0.12172636850927425,2.68609356187028,0.36550572380172774
519,17.308333333333334,tracked,1,1,0.12534020957869002,0.058453414456584946,-0.35736410735036,0.04861637645373962,-0.06119609733465958,-0.04031777740217988,0.12241373436940582,2.6881767111560455,0.36581090690519946
520,17.34166666666667,tracked,1,1,0.11704675499499698,0.04299304722009126,-0.3552011721156781,0.049045611728568056,-0.05845812690742885,-0.04659982002108164,0.1358746638268798,2.689546899116035,0.36330523985170665
521,17.375,tracked,1,1,0.08682998236293964,0.10321436739850777,-0.35707905633372283,0.047780659542516424,-0.06117579383622557,-0.047566396601197554,0.13655837937783635,2.691303058967558,0.36541883045348417
522,17.408333333333335,tracked,1,1,0.09392804843519663,0.08623833344313904,-0.35608330244116543,0.049351284194269984,-0.062425995872323725,-0.04901238404118603,0.10971011774712776,2.683511405609747,0.3648669243569242
523,17.441666666666666,tracked,1,1,0.09043607528196677,0.09070829141503965,-0.3554220019982551,0.049778391751572504,-0.06153786948533585,-0.05636075366577486,0.10976160224587712,2.6834307586252297,0.3641285448445575
524,17.475,tracked,1,1,0.08714275493276256,0.10380360534948425,-0.3575984478198619,0.04902943740124177,-0.06370384161063436,-0.053449087747064146,0.11351876712268398,2.688902298113285,0.36652246186422127
525,17.508333333333333,tracked,1,1,0.12304683728182643,0.1013240753795751,-0.3597835861721954,0.04848099398412051,-0.0639401879823811,-0.04516895406325473,0.11449844710563503,2.685224218495336,0.36862309110504204
526,17.541666666666668,tracked,1,1,0.11865353268030457,0.045250624377961596,-0.3583142079392566,0.049268202150053286,-0.06202347033592226,-0.04516116053481827,0.11409716523118034,2.6868622735895853,0.3669650367906272
527,17.575000000000003,tracked,1,1,0.12815789572007294,0.027270395248152446,-0.3557863905661321,0.049941753689200535,-0.0614234689318367,-0.05861689152263529,0.10542867096403231,2.685364437104283,0.36448727962611993
528,17.608333333333334,tracked,1,1,0.13196607036582733,0.00803369102417592,-0.3564580556563934,0.049553195076538215,-0.06031293001831317,-0.04589276302387252,0.10959003125974515,2.6792137408854266,0.36490480143733905
529,17.64166666666667,tracked,1,1,0.14200771622532954,0.017577208487472573,-0.3544775700640644,0.050137820462966665,-0.05942507701127159,-0.05548767152763461,0.09829115872700021,2.684689974976965,0.36290424149780326
530,17.675,tracked,1,1,0.07959687388141579,0.1119653415743265,-0.3549292970674865,0.050254395629793364,-0.05676811621288752,-0.0456176345584919,0.10040350493840562,2.683033798387136,0.36293653607110954
531,17.708333333333336,tracked,1,1,0.19348290484322922,0.010021527921229484,-0.35748226340884987,0.04920952410489582,-0.06106341493587952,-0.03255860157206444,0.12581424382026873,2.675951106486585,0.36598345120807857
532,17.741666666666667,tracked,1,1,0.1440126406207882,0.061121129854555284,-0.3559382437602866,0.050930778327897774,-0.05838705053310034,-0.05105955006227892,0.15790451596560293,2.681653464629801,0.364273283706337
533,17.775000000000002,tracked,1,1,0.11458400900203695,0.05840263839582306,-0.35615186001595356,0.050450805067567855,-0.06008767390487324,-0.05676475177646625,0.16271898166238774,2.680903406829206,0.3646915952967486
534,17.808333333333334,tracked,1,1,0.14655308221516147,0.00849556175905053,-0.354334695117275,0.05182880746143026,-0.056009619355106566,1.8773324822994577,1.1145304742418929,1.6953901424491205,0.36245879615072135
535,17.84166666666667,tracked,1,1,0.11033567273113616,0.06295627544238407,-0.357409979123393,0.05006107059640855,-0.06143052724381409,-0.05784251585656184,0.16983020316847566,2.6823957302688357,0.366089761730229
536,17.875,tracked,1,1,0.11019796260353071,0.11710998982687679,-0.357543399306083,0.05044859583890854,-0.06170346587317943,-0.054826514288411794,0.16074193027170153,2.6821967881570288,0.3663190698151398
537,17.908333333333335,tracked,1,1,0.09965836428445546,0.07632953559401076,-0.356335902193299,0.05066579568555024,-0.060350990356958845,-0.06489587007506564,0.16838474591251382,2.6866570090722823,0.36494457124531665
538,17.941666666666666,tracked,1,1,0.13851675942456548,0.06896639861540979,-0.3564504294388785,0.0506724366682442,-0.06205508532306375,-0.06648574788992759,0.15720110546153904,2.6877600040138994,0.3653429048161615
539,17.975,tracked,1,1,0.14096474346303703,0.013001355685576838,-0.3564810951591996,0.05057913070359457,-0.06001950830684566,1.8660096005114237,1.1109540485610239,1.7051522499030514,0.36501967213566605
540,18.008333333333333,tracked,1,1,0.09831580530891447,0.08929161120828756,-0.3553408712320592,0.050323562164448415,-0.05991345418178051,-0.06638017539176477,0.16610793392496384,2.68729044051468,0.36385329140859823
541,18.041666666666668,tracked,1,1,0.11072258015760499,0.08230578990400896,-0.3572394875837239,0.05042562559333272,-0.05973854924291894,-0.04738792110973442,0.16576106791207865,2.6815859250531324,0.3656931630085655
542,18.075000000000003,tracked,1,1,0.14802795720601955,0.050037743998598144,-0.35570728095184495,0.05062219705710669,-0.05913491483792416,-0.05990251430813658,0.1627667502151715,2.6865778163877887,0.36412527337433176
543,18.108333333333334,tracked,1,1,0.15596349286006445,0.004755555114731191,-0.3556294666235015,0.0509011278503998,-0.058356191654578504,1.867214496600722,1.1158674675831115,1.7023921533164381,0.3639624808298031
544,18.14166666666667,tracked,1,1,0.14057417635777691,0.03832592546764296,-0.3573051799266885,0.050414691394873784,-0.059521916076913095,-0.05090572629305578,0.16940020047047358,2.685026766673188,0.36572050968512915
545,18.175,tracked,1,1,0.1397761715185807,0.0060830589292933945,-0.3562991438708887,0.0510529201172093,-0.05945510340298238,-0.061284903458837275,0.1732331694816197,2.6872028557836556,0.364815555995467
546,18.208333333333336,tracked,1,1,0.1275308771644609,0.06641338119036694,-0.35533410625180095,0.05144369920820194,-0.05954316321667036,-0.06354958360454532,0.16345488515530207,2.685304883714035,0.3639425360408387
547,18.241666666666667,tracked,1,1,0.142801209781518,0.039513391374816464,-0.35860640151724926,0.05024824319608562,-0.060538328569416155,-0.049122981950295304,0.17135256628133494,2.6832472357301507,0.36713529710370013
548,18.275000000000002,tracked,1,1,0.11123085397582139,0.06391670808792119,-0.3558873405875926,0.05099898127326413,-0.05839015694699423,-0.05785740165765552,0.17555275022425554,2.6866530716924584,0.36423358674031486
549,18.308333333333334,tracked,1,1,0.07992927069381979,0.1287271197511342,-0.35675416118445946,0.05070741769394471,-0.060044312658560584,-0.06382420352374583,0.1721398052382042,2.6863972868273223,0.36530821673520353
550,18.34166666666667,tracked,1,1,0.09756618434979254,0.08841267217407893,-0.3576582638471961,0.04965150667645177,-0.061180489918450376,-0.059387153348388996,0.17744243746127467,2.6820781133337497,0.36623456712890157
551,18.375,tracked,1,1,0.1601133401800539,0.012094401493013301,-0.3587126329624538,0.05004658701647427,-0.06077425528625191,1.8611576819302909,1.1102202106420513,1.7017226233374518,0.3672504922045063
552,18.408333333333335,tracked,1,1,0.12827336236694414,0.023385736483618996,-0.35768575837413796,0.051297231463600323,-0.05882926608783612,1.8707382138624866,1.1109283996276529,1.7008170551518822,0.36610297765512073
553,18.441666666666666,tracked,1,1,0.15529751942006612,0.0012649071940541157,-0.3559760648538565,0.05075497397442463,-0.0584270686871769,-0.05684463055608996,0.1691909379752871,2.6840582955056687,0.36429211971624875
554,18.475,tracked,1,1,0.13672499403518348,0.0019028678182827219,-0.35710903948749284,0.05073851932701909,-0.06002389588298368,-0.05388917145325628,0.1671439761547311,2.6804343013984817,0.3656557554642745
555,18.508333333333333,missing_tag,1,0,,,,,,,,,
556,18.541666666666668,tracked,1,1,0.10062030716550284,0.07648123494390484,-0.35663102044665684,0.050689588468201346,-0.05829281013941856,-0.05219283544038493,0.17764221905598843,2.681997527565218,0.36490159062115596
557,18.575000000000003,tracked,1,1,0.11276768983055835,0.075066188245387,-0.35627450283681444,0.051204817115400286,-0.06005312245964045,-0.05596287281921098,0.1626902017230682,2.6810251817515223,0.3649107181004601
558,18.608333333333334,tracked,1,1,0.12779916303357228,0.07567469282056222,-0.35402553226773364,0.052275729574434104,-0.05580565395428766,-0.05713301431803334,0.1670229442026553,2.685328796106252,0.3621893157083146
559,18.64166666666667,tracked,1,1,0.11866262715773915,0.06074607993356593,-0.3561988807299319,0.05119254982047308,-0.05782712761616493,-0.05079933987557819,0.167569846409742,2.6845315270482173,0.3644753715667412
560,18.675,tracked,1,1,0.06869591173644442,0.1416461494454871,-0.3598303674425026,0.04996511864358813,-0.06034546800346974,-0.04395885165871213,0.17951453697861564,2.6813069057395524,0.3682607526243219
561,18.708333333333336,tracked,1,1,0.09151316392434845,0.11347427009403592,-0.3570895509888047,0.051177633067684664,-0.0568060328239226,-0.04157883221023701,0.1776288754721244,2.6848609054802055,0.36518354688702676
562,18.741666666666667,tracked,1,1,0.08330783891570605,0.10931383427435547,-0.35655362450930356,0.05119177729309435,-0.056359531844483945,-0.04404455399630427,0.18061131788585985,2.682173748984037,0.36459221336018216
563,18.775000000000002,tracked,1,1,0.1089928778768734,0.09122823295784577,-0.3570242763887683,0.05138560083868077,-0.057508018970133856,-0.047500896302083616,0.17397306154684292,2.680107160075927,0.3652587933922264
564,18.808333333333334,tracked,1,1,0.0833937063045462,0.145846333828927,-0.3566312071057125,0.0510637219171359,-0.0584398105907577,-0.05043347640454543,0.1738126097356467,2.6805335451181067,0.36497744182290476
565,18.84166666666667,tracked,1,1,0.10868564546449652,0.06977758305946735,-0.3585985141416907,0.050739198768413596,-0.05993252830250334,-0.04178522688776914,0.17083595872987584,2.6779406131712373,0.36709572128399875
566,18.875,tracked,1,1,0.091065244904447,0.10082026617412079,-0.35519574653734437,0.0517354539479713,-0.05715339020656279,-0.05306062145205191,0.16891141886000513,2.681815007806274,0.3634653842741117
567,18.908333333333335,tracked,1,1,0.10184703592928593,0.1035208281676028,-0.35451423374722446,0.05187814024072812,-0.057174395960982394,-0.056203975033065866,0.16186979019371206,2.686005862919741,0.3628230903866533
568,18.941666666666666,tracked,1,1,0.07835217547308576,0.14078149443076332,-0.35466872810023686,0.05185388265304908,-0.05529548411416996,-0.055634621786311095,0.18086424701228052,2.6847010760963648,0.3626793658341433
569,18.975,tracked,1,1,0.08588925462526566,0.11369227998434685,-0.3550631625684459,0.0517356883938124,-0.05622701958376741,-0.050366375399640055,0.17117918863830506,2.6822835425443987,0.3631912837582445
570,19.008333333333333,tracked,1,1,0.13254312136719845,0.02284450111921718,-0.3574235803813473,0.05016431873718283,-0.05776001645667339,-0.04924742163188683,0.1877152070948734,2.6807318428395672,0.3655192117906558
571,19.041666666666668,tracked,1,1,0.1770479195944911,0.02245463694801239,-0.3555867353556453,0.051939228116162306,-0.05852580007919339,-0.05767042183616586,0.16747525260373178,2.6835356858115373,0.3640946017906585
572,19.075000000000003,tracked,1,1,0.16580600234070575,0.016410787606336824,-0.35373830402382267,0.052902629945653534,-0.05437638689773405,-0.052245431051275486,0.17679401963129132,2.6846360586983575,0.36178207175158533
573,19.108333333333334,tracked,1,1,0.1029149432230584,0.07198076468920421,-0.3554059799042351,0.05147974451419582,-0.05914356439589191,-0.05421680278250749,0.15821609496385614,2.6800483856971145,0.36395265606447696
574,19.14166666666667,tracked,1,1,0.10954910494325923,0.09732358994206516,-0.35732963221727343,0.051523912685137174,-0.058282912435370315,-0.04477708649734878,0.1675035119989013,2.6767788401193924,0.3656994360412203
575,19.175,tracked,1,1,0.12531014665322993,0.02992748853101318,-0.35613028391693313,0.05282282737259533,-0.05636628570590452,-0.038524109656932475,0.15438086811797802,2.679121466992986,0.36441211338081236
576,19.208333333333336,tracked,1,1,0.18594445111363836,0.046187801391442795,-0.35440007041836374,0.05260422538977216,-0.05598106905227407,1.8780231908216078,1.1077971727076386,1.6981835362498066,0.36262996916089907
577,19.241666666666667,tracked,1,1,0.18172061252235497,0.00058619675924379,-0.3548841045685082,0.05189573080962115,-0.05814515841645029,1.871741718326936,1.10648628104717,1.7077023141666339,0.3633410986923041
578,19.275000000000002,tracked,1,1,0.1319951908709074,0.07782169358144278,-0.35626846721895544,0.05131532267218061,-0.05877557694671115,-0.04852143660142486,0.1651911277692713,2.6800912740462075,0.3647122859473104
579,19.308333333333334,tracked,1,1,0.09128310367620794,0.10029846746933406,-0.3547706574648238,0.052705237200613375,-0.05527144655126176,-0.04892520344121292,0.16685930653688064,2.6799384129470165,0.36289804936133957
580,19.34166666666667,tracked,1,1,0.10816533957917528,0.07179652185768383,-0.35587408886635014,0.05305364287034592,-0.056609332987869465,-0.041640082019157754,0.15530521688075202,2.679242353126327,0.36423299236834733
581,19.375,tracked,1,1,0.1277570540710028,0.026873143679342792,-0.35762172621342403,0.05181580519083184,-0.06008143588172199,-0.05167916865741483,0.15772868890071007,2.678673517644688,0.36631674226692523
582,19.408333333333335,tracked,1,1,0.14568581333481928,0.04341989533530344,-0.3573838210087641,0.051598830784340105,-0.05892499889907937,-0.045216443469144225,0.16877791453417837,2.6799471088801106,0.3658658092147882
583,19.441666666666666,tracked,1,1,0.14118344195751378,0.07611534544968607,-0.3559364871268112,0.05209240747181684,-0.05963249709881818,-0.061749195005342115,0.15511276830532025,2.683917979825029,0.3646374041354301
584,19.475,tracked,0,1,0.171189746517805,0.0397822024740038,-0.35655919978216627,0.05557785143822083,-0.05952549641291632,-0.04826138507949237,0.1601831541891489,2.6755220786567717,0.36574122715793445
585,19.508333333333333,tracked,1,1,0.16351785126617785,0.04049014927403663,-0.35427794435901033,0.05231406133131358,-0.057325851717189236,-0.058237197341403764,0.15834777338655837,2.682546190455283,0.3626787506145399
586,19.541666666666668,tracked,0,1,0.17748729729145526,0.03114744094023339,-0.35237419608436416,0.057158818452842014,-0.05583145618784707,1.8899999080409342,1.1010859444218213,1.694823130577577,0.3613196038040039
587,19.575000000000003,tracked,0,1,0.21933138171641745,0.003176071051175622,-0.3532070871366737,0.05718586694158362,-0.05632168499728968,-0.05407133756132339,0.1519241814918395,2.681311093099641,0.362212095301038
588,19.608333333333334,tracked,1,1,0.1461402445711903,0.03442210270611423,-0.3563910863028679,0.05282968148880776,-0.057288701120372154,1.8918313606630228,1.1001094765120334,1.6956723277933845,0.36481170063254065
589,19.64166666666667,tracked,1,1,0.13299646779953778,0.035823265153613754,-0.3567073324072637,0.052408155751895474,-0.057371567112746935,1.8892938149622747,1.0963003684639638,1.6958886723663242,0.36507291394376756
590,19.675,tracked,1,1,0.1430429205836005,0.03807521105257655,-0.353359485544419,0.0536462562082618,-0.05275752297475805,-0.04540964669494089,0.1629866605493035,2.6823898972022846,0.361281335055952
591,19.708333333333336,tracked,1,1,0.11202882745549948,0.07941674395664593,-0.3545148548988162,0.05387156719806113,-0.0562400505368183,-0.05189550634154005,0.14718763972039145,2.680021696664846,0.3629681409995756
592,19.741666666666667,tracked,1,1,0.1118655024141372,0.07697876878817367,-0.3519709159581989,0.054041088548398813,-0.05310708119903074,-0.055099262081458475,0.1696003979254268,2.6849719987440066,0.3600337859221407
593,19.775000000000002,tracked,1,1,0.15728362532841986,0.047981787283627814,-0.35243788541115745,0.0521136267906353,-0.05547846357516001,-0.0631528075746119,0.17480455899986733,2.6893713071330017,0.36056366024742714
594,19.808333333333334,tracked,1,1,0.17551171475869964,0.034011649996999155,-0.35532920533195755,0.051882647153140365,-0.057131896721808295,1.883774377660136,1.0891029298974377,1.6995200820541556,0.36361340302646855
595,19.84166666666667,tracked,1,1,0.1845911878470657,0.05568115825957609,-0.35420047910863567,0.05236795820151072,-0.05523758606236523,-0.05420941846524907,0.1820684281411216,2.6891488002558215,0.36228659009267705
596,19.875,tracked,1,1,0.10465752012583528,0.07281786351520712,-0.3581260349153691,0.05188408869312919,-0.06030518564075987,-0.049169483362379196,0.1580896852839273,2.6772789150755267,0.3668554633079453
597,19.91,tracked,1,1,0.13735465837180738,0.03208177012240318,-0.3573521852481689,0.051541835545554304,-0.06065355691668295,-0.05682825489012019,0.16342172844931332,2.6834526889611947,0.3661092720482396
598,19.943333333333335,tracked,1,1,0.12264756751916299,0.06799007862454938,-0.35684508521853725,0.05163539471075271,-0.05775735269540172,-0.04747966052616204,0.16472070412908413,2.6820225035553626,0.36515824052312085
599,19.976666666666667,tracked,1,1,0.15322255191793827,0.044374662790629404,-0.35663505563110787,0.05120179805826952,-0.057890620759441014,-0.048698739264292384,0.17206289989484858,2.6816447366469958,0.3649130184048202
600,20.01,tracked,1,1,0.08550260655291193,0.13112785900170232,-0.3557275591255796,0.05181645697216186,-0.0588315416176442,-0.060129756513485066,0.1606382413367568,2.681026491982912,0.3642639040911125
601,20.043333333333333,tracked,1,1,0.17446658553905653,0.026301586811334682,-0.357164233161473,0.052301313207137046,-0.05902879496092722,-0.04947419379246957,0.15651993364226455,2.6770531807944407,0.36576784364888243
602,20.076666666666668,tracked,1,1,0.09161886929468795,0.11597988519536649,-0.35574961541487976,0.05293434705443634,-0.05867534122424184,-0.052951820850888266,0.14973757772414054,2.6754087499912034,0.36442095114536927
603,20.110000000000003,tracked,1,1,0.18732454884395988,0.00044308429399145255,-0.35824071592453094,0.05090880410841345,-0.06007933644856478,-0.048863261283401314,0.17103002300678394,2.6769621409842377,0.36679373433848234
604,20.143333333333334,tracked,1,1,0.1410243522666158,0.04296202142737543,-0.3567219029051527,0.05128244253659742,-0.058508621643379055,-0.05249546325182133,0.16502785362576808,2.677100047557944,0.36510774263414447
605,20.17666666666667,tracked,1,1,0.12225384877908661,0.0493253726706326,-0.3552376176999471,0.053128285599339964,-0.05647291018550349,-0.05130697418511734,0.1658230581437697,2.6804691436224903,0.363600837931761
606,20.21,tracked,1,1,0.09564088139455255,0.10645351967487819,-0.35741130435077606,0.05235268537968374,-0.06025423485279824,-0.05899421316513542,0.16832565800102406,2.679994162748278,0.366216079605857
607,20.243333333333336,tracked,1,1,0.06323441143326836,0.15824702198282883,-0.35479272687498675,0.05201968266293469,-0.058568878372383226,-0.06306927327439149,0.1627855937478705,2.683954054740684,0.3633376390377694
608,20.276666666666667,tracked,1,1,0.11330563125512234,0.055846188223187335,-0.35618560191025583,0.05174389233776719,-0.059762328839324974,-0.062421541774748464,0.16491302611226105,2.6837029514201367,0.36485222947206075
609,20.310000000000002,tracked,1,1,0.08225953555311555,0.12027920295565825,-0.354543834107714,0.05215204988748895,-0.057141290354962126,-0.06163376637117449,0.1608343018802659,2.684474928845156,0.3628860615602306
610,20.343333333333334,tracked,1,1,0.15497065850241706,0.0718043620402947,-0.3580201154566439,0.051151889622273544,-0.060220430296645644,-0.04734540015440165,0.1591972025778182,2.6775987847053626,0.366635267137016
611,20.37666666666667,tracked,1,1,0.09322184974086566,0.11295993841802025,-0.3570138047645056,0.051051262220210586,-0.058776725260509255,-0.04844909845817613,0.1675679104661158,2.6791292846868773,0.3654036009661845
612,20.41,tracked,1,1,0.05331444709991096,0.19431238687786379,-0.3556515102632793,0.052755454209287594,-0.05775858596134087,-0.05468575164524513,0.15914365710102285,2.6813326456120468,0.3641527000499012
613,20.443333333333335,tracked,1,1,0.0758184616155499,0.12917258783645136,-0.3572334646968496,0.05195481387657824,-0.059828478849261735,-0.05441955982201254,0.1576572755318533,2.6803379078507974,0.36591597104483115
614,20.476666666666667,tracked,1,1,0.06665477404610966,0.15270439219203735,-0.3576079229842423,0.05114623389058984,-0.06010749035485502,-0.05940194629011089,0.16413871852784082,2.683903294892118,0.3662134271419519
615,20.51,tracked,1,1,0.15452849404168198,0.025391109861298528,-0.35775677729597566,0.0511386889565868,-0.05943028174508164,1.876942562947039,1.0868257700757653,1.706519020501316,0.3662472328874317
616,20.543333333333333,tracked,1,1,0.21978388138011604,0.037056035553481054,-0.36053685214218395,0.05095318351645631,-0.061695454500874214,-0.04096636058851965,0.1643771743146389,2.6758882917236515,0.36930932532110006
617,20.576666666666668,tracked,1,1,0.14124846286333365,0.07218053381967701,-0.35677028342402667,0.052496023946300235,-0.05845830617166142,-0.04644738116069723,0.15173187860167842,2.6801907859977026,0.36531936880637816
618,20.610000000000003,tracked,1,1,0.13284029176234727,0.030680845348763724,-0.3573218728507931,0.05301858880654309,-0.05716871623180908,1.8904647886629617,1.0792352414954585,1.7005704543600664,0.3657296182868278
619,20.643333333333334,tracked,0,1,0.11314130704239726,0.11908825772060401,-0.3585672596805853,0.05589862361391046,-0.06101398188478746,-0.042919886670591566,0.16321337338846398,2.6762017180160207,0.3679916328154909
620,20.67666666666667,tracked,1,1,0.18218628314087737,0.015766576471359012,-0.3557179929400895,0.05266131909572616,-0.05994017820318209,1.8777293067348277,1.077641562123546,1.7187178548214297,0.36455634680150156
621,20.71,tracked,1,1,0.13536738521804573,0.09453285327134564,-0.35598046628874863,0.05228429615475916,-0.05956432601648787,-0.06397439774535336,0.14955011880626895,2.6821924999198923,0.3646966533125193
622,20.743333333333336,tracked,1,1,0.11619352424539413,0.08727865664035496,-0.35516667295724025,0.052982499445459685,-0.058165949852448384,-0.056079836498230874,0.1464810755554956,2.6791884068422456,0.3637771138337882
623,20.776666666666667,tracked,1,1,0.18623603808322917,0.02820571772807387,-0.3589320879061812,0.05164657016145638,-0.059632040136386066,-0.050260692167046435,0.16168059817373356,2.6791533528862406,0.36749910496348204
624,20.810000000000002,tracked,1,1,0.09424931414879797,0.10284429631791231,-0.3590369785584566,0.05093076465626331,-0.059246204646688005,-0.048875628969270155,0.17173565940203692,2.683682636310744,0.367439256919963
625,20.843333333333334,tracked,1,1,0.15747678551817246,0.005171233067503445,-0.359988988140321,0.050717490279489186,-0.060478699680111436,-0.05124545958321639,0.16303070358495655,2.680932843945776,0.3685403756951731
626,20.87666666666667,tracked,1,1,0.04960207890262385,0.18392719942919636,-0.357144524099735,0.051804076645036445,-0.05805188021975255,-0.0548868873000918,0.155151790780159,2.684428199216727,0.36552140053424986
627,20.91,tracked,1,1,0.032119332574613156,0.22751157890971155,-0.3575863712860087,0.05180105455614292,-0.05880836289789754,-0.05387680005765295,0.15489263635228898,2.6821715587704906,0.3660734703981628
628,20.943333333333335,tracked,1,1,0.1387494280219547,0.07677987804875747,-0.3587648663931403,0.05137614477417929,-0.05850610053750005,-0.05097712700719305,0.16257772238394622,2.68384449087719,0.36711674084689916
629,20.976666666666667,tracked,1,1,0.1984150857991604,0.05142846163742215,-0.3587862888878875,0.051929276236651806,-0.058503686796282595,-0.04478101338762217,0.15656061945891098,2.6785639156606504,0.3672151034382473
630,21.01,tracked,1,1,0.10088402038619532,0.12041776277757557,-0.35926672129675263,0.051814668179969214,-0.058373122185520265,-0.0469988461852255,0.16488321414073298,2.6845313489318943,0.36764760064986757
631,21.043333333333333,tracked,1,1,0.12393769523974286,0.1024427527002791,-0.3587071352897439,0.05179082092293996,-0.05876552681886388,-0.04634015452614125,0.15305732467623634,2.683701721798011,0.3671600266667728
632,21.076666666666668,tracked,1,1,0.18075552658205335,0.06333913136159969,-0.36055963261586715,0.0514131560697621,-0.06009459595345612,-0.043734633343448084,0.16071969579538833,2.678542247440524,0.3691313069247201
633,21.110000000000003,tracked,1,1,0.16007618623361433,0.05446195504941159,-0.35974714471617764,0.051187455922016956,-0.059751047493385945,-0.05044678095047325,0.1646659089167403,2.6803903819315926,0.36825039233077234
634,21.143333333333334,tracked,1,1,0.1384213163882975,0.056435252183341694,-0.35899240990499504,0.05164361780144197,-0.059866059373564595,-0.05183427378303551,0.15880156443548737,2.681549547323314,0.3675956456406095
635,21.17666666666667,tracked,1,1,0.18609391236029746,0.031099826397370578,-0.35972686573372464,0.05224027343713661,-0.05835613487645547,-0.03835014938844609,0.15746474035791408,2.6772628638673575,0.3681547264087683
636,21.21,tracked,1,1,0.16162615416229842,0.026764345819376312,-0.35793116685162085,0.05323831154620101,-0.055643618743025425,-0.04144771453422646,0.16713081468971727,2.686276247225771,0.36612190637391856
637,21.243333333333336,tracked,1,1,0.18505578951199975,0.06765730307988871,-0.3600993884189255,0.05156895175633833,-0.058143706674828155,-0.03180259257956583,0.16543969190816327,2.679034044185968,0.3683905766314065
638,21.276666666666667,tracked,1,1,0.1581599416377957,0.024370493758429562,-0.36340632041658283,0.050393924102542814,-0.06107065169744952,-0.035376393970140155,0.16911067323048778,2.6824682418576655,0.37193188328499627
639,21.310000000000002,tracked,1,1,0.05518894442778672,0.17214427742987953,-0.3617583921885238,0.05045954132981115,-0.061935020096181015,-0.04581512315399228,0.16080068392036231,2.683842695937593,0.3704743531532987
640,21.343333333333334,tracked,1,1,0.10695882836594381,0.10180506990084548,-0.35982936293158907,0.05153174075892891,-0.05827209103850395,-0.0412893396978653,0.1606456768636287,2.682546344335979,0.36814172179664506
641,21.37666666666667,tracked,1,1,0.12576304440301742,0.03932119417263136,-0.35612919347945443,0.05155981055061881,-0.05705456165117806,-0.033094340512258034,0.14732997230245828,2.673469503041697,0.36433726067690425
642,21.41,tracked,1,1,0.16668349111237957,0.04396811343788304,-0.35662050545324964,0.053384940232810374,-0.052630850194761325,-0.013289179665959223,0.1492774124717314,2.670623053639162,0.36441479545377325
643,21.443333333333335,tracked,1,1,0.08791211765840201,0.14444654473525526,-0.3565719101342562,0.054159930179337235,-0.05396991943086754,-0.03382471614740109,0.1678993930714526,2.6840665680693045,0.36467736060413336
644,21.476666666666667,tracked,1,1,0.03651943410914194,0.2263027969308482,-0.35173134456781663,0.05456197831756779,-0.05472563496998356,-0.060513918744497686,0.17520626181807789,2.6887314752157483,0.3601205955680385
645,21.51,tracked,1,1,0.12727747922576446,0.04270005131321364,-0.3567061452075758,0.0526467509650633,-0.05611058027300564,-0.04777372624010785,0.15321002729996958,2.6801089664549047,0.36491005965114054
646,21.543333333333333,tracked,1,1,0.1227272560478825,0.0922327338232649,-0.35454936282910626,0.05252329642453729,-0.055732073980864216,-0.051560063017483664,0.15413563897791982,2.6797424185003016,0.36272580749104905
647,21.576666666666668,tracked,1,1,0.13548202494812925,0.0554308419473053,-0.3596112715675832,0.05098238074711203,-0.05783787453261502,-0.0355400561150493,0.16104882450515862,2.6798881259224205,0.3677834818416239
648,21.610000000000003,tracked,0,1,0.1622723658293679,0.014901382053893686,-0.3581566284704632,0.056366441580733895,-0.05859193243382682,-0.042528749691250464,0.15567116747762064,2.677547910492834,0.36726878549658126
649,21.643333333333334,tracked,1,1,0.1761304168131621,0.01801417678317277,-0.36020815977121445,0.05096883884978029,-0.05756060059267931,-0.03551475134186755,0.1631682132474555,2.68195552775077,0.36832182074925945
650,21.67666666666667,tracked,1,1,0.12537017226695532,0.06768292958857766,-0.35915709163580667,0.050647795829002557,-0.05827565137192536,-0.04331727089901594,0.16333994327280238,2.68176145764154,0.36736231058377466
651,21.71,tracked,1,1,0.11693651736761317,0.07029321935070422,-0.35847485166792176,0.05153200723380219,-0.056986534111783727,-0.037699418403974366,0.1577482341432092,2.681803435163491,0.36661591907329477
652,21.743333333333336,tracked,1,1,0.08700776765607016,0.16718833992923515,-0.35656011172793745,0.051656349005503144,-0.0566886521194922,-0.04863490816752381,0.16005813350257322,2.6839025382493196,0.36471508735880726
653,21.776666666666667,tracked,1,1,0.118539712040781,0.09412645027387927,-0.3586158767775631,0.05164361909190071,-0.05573986483307908,-0.033267537203564415,0.16037164806008594,2.681772588986364,0.3665778812223395
654,21.810000000000002,tracked,1,1,0.17592944583498962,0.00593833627276194,-0.3584293488791022,0.05177251365454194,-0.054612339496426965,-0.031567283239304945,0.16403900367587004,2.6823304691695875,0.36624376982179496
655,21.843333333333334,tracked,0,1,0.1923557525737574,0.028865206216747846,-0.35327192906900157,0.058126736799456735,-0.05471388857437315,-0.05178616842414135,0.14481788746837268,2.68115316104448,0.3621786617154797
656,21.87666666666667,tracked,0,1,0.13547991378258636,0.01171476058771262,-0.3507196382218881,0.05945622019594435,-0.052580939804639404,1.899832938101408,1.0860020509172132,1.6972889931110295,0.35958874007012487
657,21.91,tracked,1,1,0.21915765865647333,0.01344903410434567,-0.3561447552018589,0.05182928964539538,-0.05464635803169643,-0.04444358164691795,0.16458590360448364,2.685455419096569,0.364021409218011
658,21.943333333333335,tracked,1,1,0.0865727465208368,0.16412381010652444,-0.3575167002690843,0.05108219093739902,-0.055199538247824365,-0.04030504607744417,0.1644693200153462,2.685064713834214,0.3653417170609348
659,21.976666666666667,tracked,1,1,0.1565486496379967,0.03776087394199751,-0.3575336633605903,0.05191073842666735,-0.0540375746554298,1.9059818100569184,1.1124673246314736,1.6791966801035434,0.36530138882118546
660,22.01,tracked,1,1,0.1022459441605715,0.11139063999708071,-0.35669669433841134,0.051529436964831976,-0.05452636819762291,-0.034603902005095305,0.1659928568801565,2.6824390270795186,0.3645009457527996
661,22.043333333333333,tracked,1,1,0.1566504071792909,0.04273005135813479,-0.35662759155651064,0.051895133337667015,-0.053989118767439837,-0.03753977029304348,0.1717739246196146,2.686256307067281,0.36440522618208476
662,22.076666666666668,tracked,1,1,0.17780108629321054,0.005851133361675781,-0.3561546130094864,0.05128062791918678,-0.05222259133850676,-0.030186433417729835,0.1730672737180542,2.685253561068671,0.3635973187660104
663,22.110000000000003,tracked,1,1,0.07553190855782325,0.1329529881485314,-0.3544610522419915,0.052419651501146775,-0.05431577954639988,-0.046142101511971345,0.15806522155438454,2.6823273525234517,0.3624095215743298
664,22.143333333333334,tracked,1,1,0.1290658240458491,0.11530678393613722,-0.3561413553603697,0.052511131057630944,-0.053646336255528115,-0.03555414174913647,0.16143356759760075,2.687269650539155,0.36396704971262717
665,22.17666666666667,tracked,1,1,0.1134967815946683,0.1110127564228423,-0.3558132933559478,0.0521280486467153,-0.053546211784516184,-0.04146356027820867,0.17618260517316262,2.6878008903802613,0.36357616805972354
666,22.21,tracked,0,1,0.17785737192682138,0.0001946914911599429,-0.35203443107226734,0.05849849598253348,-0.054132664160216615,1.8853716567313836,1.0980099430643129,1.7044427340284434,0.36094412312943425
667,22.243333333333336,tracked,1,1,0.09888939122941612,0.08917255062794607,-0.3534593705428119,0.053861577571945596,-0.05247246195192057,-0.03459556886348962,0.1570775615550172,2.684042201183741,0.3613695552012583
668,22.276666666666667,tracked,1,1,0.14460146052505202,0.007889699082233276,-0.3541867905430622,0.05368666540444647,-0.05091319658476284,-0.03028487121206976,0.17933207646767202,2.6901044516578945,0.3618324117929773
669,22.310000000000002,tracked,1,1,0.1392346832978237,0.04450882589071781,-0.35499540164168486,0.05255053813972266,-0.05299195940165885,-0.03696159150686321,0.1757543098569411,2.6860469964134395,0.36275534731653875
670,22.343333333333334,tracked,0,1,0.1393044840989624,0.0839629602532442,-0.34919824528011245,0.059987648021372963,-0.05085085869374967,-0.05033059256089731,0.137302084062664,2.6779668479949406,0.3579437696786151
671,22.37666666666667,tracked,1,1,0.12541070542084348,0.029093721931402666,-0.3583836455403145,0.051655352759767875,-0.05626445038337924,1.897554873868519,1.0993972419919058,1.6924875540316917,0.3664325329940637
672,22.41,tracked,1,1,0.17792212592490667,0.001600276895078051,-0.3424897534955428,0.05599854353298048,-0.0482878685781995,-0.06246361790673399,0.16048787542140908,2.686511932055226,0.3503809161171285
673,22.443333333333335,missing_tag,1,0,,,,,,,,,
674,22.476666666666667,tracked,0,1,0.13750300286019626,0.02440888220045115,-0.33672573977945214,0.06443273699485888,-0.04086175761658739,-0.07130977239604529,0.1582052726840815,2.6868002548343237,0.3452614728900181
675,22.51,tracked,1,1,0.18724817864698096,0.011518991284509589,-0.35531434220124636,0.053222171285704195,-0.051190972690782044,-0.024338938858330585,0.16794226443525467,2.6834554867505376,0.36290687093977375
676,22.543333333333337,tracked,1,1,0.06202709844028838,0.1839650456454674,-0.35311541187501266,0.05416596413272337,-0.05051106594064514,-0.026489960828730817,0.15899078587029614,2.683563205817518,0.3607988547051494
677,22.576666666666668,tracked,1,1,0.07079946234138072,0.15235603916964957,-0.3530880258429773,0.054432703375746155,-0.049627465159081174,-0.016916511630911815,0.15710435158970215,2.6775441340694868,0.36068955971666106
678,22.610000000000003,tracked,1,1,0.11637902273703725,0.12800252825013125,-0.34918767761526,0.055639938045482035,-0.04686166619164789,-0.02969898062714786,0.15197630591652653,2.680862935874559,0.3566845282070716
679,22.643333333333334,tracked,1,1,0.09102455859549692,0.12448688629492681,-0.34922581170150907,0.05592434681418451,-0.04615633534121971,-0.025736079071891814,0.15848286726639907,2.684143806963277,0.3566743716855785
680,22.67666666666667,missing_tag,1,0,,,,,,,,,
681,22.71,missing_tag,0,0,,,,,,,,,
682,22.743333333333336,missing_tag,1,0,,,,,,,,,
683,22.776666666666667,missing_tag,1,0,,,,,,,,,
684,22.810000000000002,missing_tag,1,0,,,,,,,,,
685,22.843333333333334,missing_tag,1,0,,,,,,,,,
686,22.87666666666667,missing_tag,1,0,,,,,,,,,
687,22.91,missing_tag,0,0,,,,,,,,,
688,22.943333333333335,missing_tag,1,0,,,,,,,,,
689,22.976666666666667,missing_tag,1,0,,,,,,,,,
690,23.01,missing_tag,1,0,,,,,,,,,
691,23.043333333333337,missing_tag,1,0,,,,,,,,,
692,23.076666666666668,missing_tag,0,0,,,,,,,,,
693,23.110000000000003,missing_tag,1,0,,,,,,,,,
694,23.143333333333334,missing_tag,0,0,,,,,,,,,
695,23.17666666666667,missing_tag,1,0,,,,,,,,,
696,23.21,tracked,1,1,0.1229124176012353,0.062371572426012004,-0.3568700936135379,0.05189684247893403,-0.056240338803472734,-0.028367582325630556,0.16285151664087086,2.6807292927353537,0.36498290601581324
697,23.243333333333336,tracked,1,1,0.12818413797191588,0.04738630135853633,-0.35623810623566887,0.05131929604916566,-0.05749089129159296,1.8654462369588913,1.1001413831322884,1.7196140762765248,0.36447834100651216
698,23.276666666666667,tracked,0,1,0.15807507655900813,0.020227529703974734,-0.34883845155585547,0.05974388722937138,-0.052748707710816745,-0.05032729130996984,0.15082370263962913,2.680480353943813,0.3578268065843082
699,23.310000000000002,tracked,1,1,0.08605981182799921,0.15579793512311269,-0.3548422346753654,0.05093370731186775,-0.056461696090383484,-0.03536214913841983,0.15700430761349035,2.683211102823649,0.36289830142250723
700,23.343333333333334,tracked,1,1,0.16269640591773377,0.0776308783835607,-0.35436503559535903,0.05293180417416443,-0.05573199899900805,-0.03236773297363853,0.1453117826430381,2.679827777688444,0.3626050331394445
701,23.37666666666667,tracked,1,1,0.19635054710640443,0.10611634435818634,-0.3560868104958502,0.051187728603516836,-0.057431399706584285,-0.03835287347306014,0.1605682817716305,2.6812547311879893,0.3643025745735985
702,23.41,tracked,1,1,0.15796676267898235,0.008964142184633761,-0.3545817533181907,0.052363677089828004,-0.05627136902220348,-0.042133139000425514,0.15228906492161304,2.6865070031337845,0.36281764212370243
703,23.443333333333335,tracked,1,1,0.08476668799018146,0.12916553100505057,-0.35539147422298323,0.05144705392808935,-0.05602274752021713,-0.038342555041863555,0.15859342335454552,2.682662526731004,0.3634397440401628
704,23.476666666666667,tracked,1,1,0.07990868043084914,0.165662585317085,-0.35699656054550444,0.05191975106653135,-0.05756460079891157,-0.028700724352004645,0.15266550770297033,2.6794017919002164,0.3653161480926742
705,23.51,tracked,1,1,0.13616938532593104,0.07300057996593967,-0.35536748128860324,0.05227562031906996,-0.05596836776794928,-0.028450286454644355,0.15048508443492212,2.678516039197401,0.36352612757236274
706,23.545,tracked,1,1,0.12079406425024174,0.1151541557671913,-0.3538040454553424,0.052221870145642085,-0.05421139543265241,-0.03659704447959907,0.1584465129022118,2.684349153744363,0.36172268617938474
707,23.578333333333333,tracked,0,1,0.0759310116781266,0.16093770839951893,-0.34960746515602226,0.058447812721532405,-0.05351017537863523,-0.04525947543148807,0.15476645451424048,2.678261285285345,0.3584757528394395
708,23.611666666666668,tracked,1,1,0.0660837202700752,0.1688301426953277,-0.3523073209414719,0.052757059978396026,-0.05486954885320833,-0.04741916918643942,0.15373336167776455,2.683846657054633,0.36043643428193545
709,23.645000000000003,tracked,1,1,0.16888067804030757,0.07450959555412112,-0.3537871947443103,0.05280077107919581,-0.05723587790541684,-0.04888969896183821,0.14121193513339558,2.684148025775476,0.3622557747106456
710,23.678333333333335,tracked,0,1,0.16157611661620833,0.08844005175962963,-0.34767904852985043,0.059933008524464065,-0.051939212386045874,-0.056999412503157695,0.15094224553532312,2.6829051786180274,0.3566095456948655
711,23.71166666666667,tracked,1,1,0.20998915554379718,0.030263858696850776,-0.3526079914465444,0.05204704915807415,-0.05384478711180968,-0.03958099543575306,0.16318300523528637,2.6870961222205563,0.36047267865560273
712,23.745,tracked,0,1,0.07821030791446398,0.1495619685473477,-0.34829058011349906,0.05897289609285586,-0.05211300338666858,-0.050204164372298826,0.15259611833475045,2.680729610010348,0.35707127550582307
713,23.778333333333336,tracked,1,1,0.167916031631437,0.0008175265371405394,-0.35465173160186747,0.05076238260518029,-0.05634766921887685,-0.04580925005228771,0.16882688598512355,2.684589968599063,0.362670277307581
714,23.811666666666667,tracked,1,1,0.0672768326844642,0.1586672313647467,-0.35546450782399364,0.051880430756412105,-0.0563095745786002,-0.03342948795358257,0.15571667665446995,2.681389740499415,0.36361705626558255
715,23.845000000000002,tracked,1,1,0.13228584446792227,0.09640418273297596,-0.350606046107805,0.05434124500130966,-0.05253794071554557,-0.04323464000333836,0.13738669036538706,2.6815339331256243,0.3586611293272116
716,23.878333333333334,tracked,1,1,0.08499140321340024,0.1606084640788077,-0.353514613966334,0.05217121444688652,-0.057230303309683206,-0.045293364500992965,0.14409168993843854,2.6829907585909463,0.36189739640062
717,23.91166666666667,tracked,1,1,0.11648308928844724,0.09800949745490374,-0.3540825452953089,0.051866882071677944,-0.053958579162182,-0.030831625283125497,0.15539197358724138,2.682237042203058,0.3619062732308509
718,23.945,tracked,1,1,0.141758251724596,0.10544228036079001,-0.3538708601593735,0.052008820921717325,-0.05552866682926988,-0.039626638445786885,0.15388169130267718,2.684468859918981,0.3619570913291218
719,23.978333333333335,tracked,0,1,0.17642318716612754,0.060269056775208246,-0.3462899513355384,0.06014680442973669,-0.051296520006572366,-0.05529445892409248,0.14233748197664145,2.680539809097103,0.35519811576620625
720,24.011666666666667,tracked,1,1,0.16753212951405208,0.09757140117107063,-0.3534247726419009,0.05099458226548234,-0.0549861165212589,-0.04360242506670724,0.16091508749677688,2.6872877395076578,0.3612934961322994
721,24.045,tracked,0,1,0.10772220625696587,0.1271983188010931,-0.3469508370947614,0.059693118439767434,-0.05127984809727981,-0.052030396154904936,0.1461541924123633,2.680171684734714,0.3557636498726364
722,24.078333333333333,tracked,0,1,0.1335497829130921,0.1223879300873475,-0.34624017411737307,0.06031593009983857,-0.051508701979630034,-0.06122341098448644,0.14171411278090187,2.68305099238923,0.3552089750784231
723,24.111666666666668,tracked,1,1,0.18171445346358017,0.051722536630356836,-0.35444319260768364,0.05091777269776321,-0.05598040100440599,-0.04177790241070989,0.16411606232531425,2.684885549096085,0.3624312371458105
724,24.145000000000003,tracked,1,1,0.15392071496486814,0.02445038525990645,-0.35308253631493214,0.05446175465004133,-0.057933191474138,1.875058854435938,1.0843316854508,1.7355481552759406,0.36192487458659955
725,24.178333333333335,tracked,1,1,0.10949776763107089,0.1106380289608336,-0.35234848189937257,0.053456843455185005,-0.055100069226881765,-0.047504953244488765,0.14742119581645133,2.6825993048265055,0.36061489769252714
726,24.21166666666667,tracked,1,1,0.15515182797506508,0.055024417836142314,-0.35255447856840133,0.05224967585708612,-0.05620456461602724,-0.049587088183032445,0.14378747205009007,2.679925897740641,0.3608097034026179
727,24.245,tracked,1,1,0.13683538984737226,0.11165541739272866,-0.355837881821756,0.05215775764137234,-0.05815205934959883,-0.03752022018164591,0.14919993971310197,2.6739170268269064,0.36431125679584675
728,24.278333333333336,tracked,1,1,0.19293065955482724,0.06549868135436232,-0.355472335416134,0.0526607356850686,-0.056290766911527734,-0.031308616519872504,0.15372249859401732,2.670920476636401,0.36373394778131596
729,24.311666666666667,tracked,1,1,0.13404617235570346,0.10905090092294634,-0.3550771677613023,0.052669029850578114,-0.055102706427673676,-0.03003428932762436,0.15072742909439557,2.673662359033326,0.36316680744038754
730,24.345000000000002,tracked,1,1,0.104523288873953,0.16316462409824112,-0.3561490485501747,0.05299945299756317,-0.058905620440607764,-0.042836351324532396,0.13869997316728755,2.671770312987978,0.3648574501373496
731,24.378333333333334,tracked,0,1,0.12294951915949959,0.14805051807760472,-0.3494308005471805,0.05969790664177649,-0.053561493271971794,-0.045787309250440375,0.14622677526304434,2.667474190200562,0.3585171655443811
732,24.41166666666667,tracked,1,1,0.1622430055292732,0.15228715027257858,-0.3558033785914772,0.05102026266445539,-0.05847674701800032,-0.041516432560586986,0.15378567914298896,2.6741848414916913,0.3641684244429592
733,24.445,tracked,1,1,0.16267553659617176,0.09652805435310682,-0.35429692425718723,0.052276707386644805,-0.05474531346005107,-0.03619464352823113,0.14692538440693245,2.6744842125869477,0.36229299471440407
734,24.478333333333335,tracked,1,1,0.20548984805751327,0.06247178957307961,-0.3512259322945189,0.053636875874664536,-0.054055066433857824,-0.03676264866679156,0.12502983344818802,2.670077844129536,0.3593863105029419
735,24.511666666666667,tracked,1,1,0.18470332647498203,0.02284606360915839,-0.3509348883530085,0.05330534369657264,-0.05345286384415382,-0.03679172785346656,0.12665200697364523,2.673833557120597,0.3589623436839719
736,24.545,tracked,0,1,0.1779318527693475,0.01666152712310348,-0.34577091446478936,0.06104495581257391,-0.05039632762359869,-0.041425841658430586,0.12016084417531146,2.664629223898215,0.35471650900109075
737,24.578333333333333,tracked,1,1,0.123743928895516,0.06598214368820646,-0.35250027366308206,0.05278761563299661,-0.05618731704634117,-0.03722177019021213,0.11040742591078165,2.668439728435057,0.36083235704912997
738,24.611666666666668,tracked,1,1,0.1171658642926368,0.07465944789544347,-0.3539704926302607,0.052007821176359964,-0.056417299395934095,-0.027326640961797617,0.10870547701020823,2.670516792090099,0.36219170999286016
739,24.645000000000003,tracked,1,1,0.2100150224590262,0.04834684505984099,-0.3573667288895471,0.0520194557181467,-0.05811562488512989,-0.019388817430526308,0.11183084342508431,2.663634144991022,0.3657792073727215
740,24.678333333333335,tracked,1,1,0.23992693076522995,0.005034233836169855,-0.356098155335948,0.051007094442970025,-0.05628276271134375,-0.02011471436662686,0.11726258511845244,2.665733518937485,0.36410900743541136
741,24.71166666666667,tracked,1,1,0.1332984156541297,0.04735939684907328,-0.3519829714723295,0.05279064769690453,-0.056171769381549996,-0.03494101924470055,0.09108209392169499,2.659203173162811,0.360325037107059
742,24.745,tracked,1,1,0.15513296064854776,0.01391328245953935,-0.35660972990134476,0.05045341664159578,-0.06081317310511242,-0.02976729940539363,0.0952196052932928,2.6621161554249237,0.3652592075967872
743,24.778333333333336,tracked,1,1,0.15048490047716495,0.08666268802386884,-0.3558231484983902,0.05013089072260696,-0.05906386361141419,-0.029196277494004774,0.09797140023185685,2.6652292429024316,0.364158975169715
744,24.811666666666667,tracked,1,1,0.1383761739955987,0.05422195022866541,-0.35553760862316286,0.04983961066184989,-0.058960368971573085,-0.02767266709438501,0.09860047613416884,2.6610763723826625,0.3638231755202878
745,24.845000000000002,tracked,1,1,0.08019605252395462,0.16179798067484824,-0.35387264901266424,0.05005007078394283,-0.05835216514902586,-0.027542714372286538,0.08972496083988156,2.6610833590148757,0.36212682375418853
746,24.878333333333334,tracked,1,1,0.23454855870176164,0.04134758835842969,-0.3562180333275274,0.048728343721485046,-0.05969539200777474,-0.022466952841168848,0.10347841134445941,2.6568936711473294,0.36445751271791954
747,24.91166666666667,tracked,1,1,0.19018671898934664,0.036209002849011185,-0.35426856204717927,0.04953711660661922,-0.057847130709178074,-0.025564504525660166,0.09872397253215286,2.658767977815195,0.362362291785388
748,24.945,tracked,1,1,0.15862284998008083,0.04188480857622623,-0.3526783255717145,0.049271191230183586,-0.05693809006207151,-0.03489554956145917,0.10224304294786322,2.660012451479819,0.36062667360197603
749,24.978333333333335,tracked,1,1,0.1438702440375934,0.03877786283759879,-0.35511733914706517,0.04832726886531957,-0.05824373555282836,-0.023276313592192774,0.10532157966200673,2.649282035784991,0.363092525687352
750,25.011666666666667,tracked,1,1,0.10235307607806639,0.12536794233738624,-0.35303274118261996,0.04884917074482692,-0.05820203370312793,-0.04560390399463705,0.10457606693161405,2.65361043900215,0.3611174802699975
751,25.045,tracked,1,1,0.18314240881647667,0.0019223155240329637,-0.3518875399158512,0.0486852053445139,-0.05436885323680113,1.8416213236817838,1.172805096887909,1.7115757062356165,0.3593759343219188
752,25.078333333333337,tracked,1,1,0.16944443657697444,0.03095218199848676,-0.3565234468051999,0.04803099952071177,-0.05637250770028002,-0.020374167535760705,0.11219872456623552,2.6468095651034433,0.36413432227851983
753,25.111666666666668,tracked,1,1,0.13951699146881072,0.06436108427097217,-0.35408085524535443,0.04977290742595017,-0.05645837605422627,-0.029696571371387648,0.0897299807177058,2.642378851825661,0.3619919095664905
754,25.145000000000003,tracked,1,1,0.11108975682765551,0.15975845108179562,-0.3544219439487355,0.0495743609730068,-0.05733718062826354,-0.04109880179417402,0.09412825550555651,2.642639508891486,0.3624363170278066
755,25.178333333333335,tracked,1,1,0.1525911511287954,0.06888131773830833,-0.35589223208077636,0.0483594239890926,-0.05901707241220827,-0.04003242217540359,0.09600055217386172,2.6392183914532517,0.3639792982850836
756,25.21166666666667,tracked,1,1,0.15190326991910166,0.07870999249129451,-0.3550436802278897,0.0497138017877049,-0.05667580487316787,-0.03965947516584239,0.09620396898282758,2.634506646117962,0.3629595346811716
757,25.245,tracked,1,1,0.10454224622043261,0.14867045296857723,-0.35441269088609906,0.05027016750286262,-0.055323298457074455,-0.04171247140407783,0.08929297372400609,2.6343703699878707,0.3622100392784027
758,25.278333333333336,tracked,0,1,0.14079936409149799,0.10588522735604483,-0.3477512466979201,0.05757879804844454,-0.049293621747508676,-0.04364195674561094,0.1011589836137673,2.63153483166476,0.35591587307908557
759,25.311666666666667,tracked,1,1,0.18567906663315886,0.06997972993335067,-0.3542659505338912,0.0513236920280728,-0.051774233848002615,-0.03289352097273974,0.09781291561788988,2.6272985102578126,0.36168917092113995
760,25.345000000000002,tracked,1,1,0.16549902884415613,0.10604317819420844,-0.35674246504323115,0.04963156364918969,-0.05422539953832062,-0.028013564550176093,0.10179080349568678,2.6243553448888957,0.364237384723857
761,25.378333333333334,tracked,1,1,0.09652780107013902,0.1285503735399962,-0.35359587521812086,0.051510500619383365,-0.05336148806846397,-0.037671581232602246,0.08238779628086809,2.624159896714495,0.36129049676708797
762,25.41166666666667,tracked,1,1,0.17116548747775862,0.06649482100336326,-0.3536535647034975,0.051720934035796196,-0.05375481857030251,-0.04120056891042962,0.07871430061387855,2.6230214962972713,0.36143530453533756
763,25.445,tracked,1,1,0.17973977592433651,0.002775692249005507,-0.35259722789561926,0.051236170733334,-0.050857141943448037,1.8285961071551027,1.1843832960836247,1.6931777461014084,0.3599116547123011
764,25.478333333333335,tracked,1,1,0.09607390797885057,0.1636103542861418,-0.3519976638029825,0.05223721098306894,-0.0499162385957746,-0.04513038711875417,0.0967759832435588,2.6247435480397465,0.3593364891151432
765,25.511666666666667,tracked,1,1,0.08990462078464581,0.13098431051542736,-0.35044276803415664,0.052964720073441524,-0.046402964004595926,-0.04483388385542962,0.09235713003422852,2.626105432260018,0.3574473811742248
766,25.545,tracked,1,1,0.06709891871081675,0.16318780497813934,-0.3503585556917157,0.05395038442574923,-0.04573076517533792,-0.04423661128975702,0.08669706674112596,2.621493342622983,0.35742560681852814
767,25.578333333333337,tracked,1,1,0.1629729285784992,0.10295235812648379,-0.352867338908585,0.051829047641331005,-0.0454492855388442,-0.037643540587922596,0.11412083222648213,2.620943866239425,0.35953754547171424
768,25.611666666666668,tracked,1,1,0.24023400010058035,0.008820480874154712,-0.35153835517297255,0.053612635132277486,-0.04607908926899762,-0.05253202169536487,0.09082844632860414,2.6183106259545204,0.3585760899326752
769,25.645000000000003,tracked,1,1,0.16567282444634002,0.028488338505435334,-0.35090463981440845,0.0546902246001601,-0.04499377524080633,-0.049256804839735394,0.08876217958224762,2.615781617129206,0.35797978535179314
770,25.678333333333335,tracked,1,1,0.14090147946120674,0.018102431842345945,-0.3481173682143477,0.05604374969239462,-0.037694212646848135,-0.045824221000942966,0.10082211831148366,2.6129860375099367,0.35460887975223254
771,25.71166666666667,tracked,1,1,0.11723743725894199,0.06524599590551501,-0.35153352778055286,0.053786844989523463,-0.043906499184242,-0.0531702364104971,0.10566882950878027,2.6138024609871926,0.3583247500778917
772,25.745,tracked,1,1,0.1370575071032365,0.12862912822047173,-0.35257089404713826,0.05367330442907314,-0.044690838552869816,-0.0560255316939353,0.11257785305480154,2.6128251229595003,0.3594222168816127
773,25.778333333333336,tracked,0,1,0.12902698925920875,0.04820038724118536,-0.3450365366349956,0.0622779987227329,-0.03886391650917825,1.8216932370244034,1.188044686540791,1.6702106398328351,0.35275935812450643
774,25.811666666666667,tracked,1,1,0.19275063033084544,0.0015886719860186416,-0.34955460080825307,0.055556604587432834,-0.042804239213902084,1.8362207036023575,1.1889718567932215,1.6640497050014995,0.35652090843901774
775,25.845000000000002,tracked,1,1,0.05054163540303688,0.19830900211852867,-0.3491036000405668,0.055878193694783,-0.041655330870761675,-0.058188327652141665,0.09243985919791528,2.6096210127350443,0.3559927845923683
776,25.878333333333334,tracked,1,1,0.1649407579737479,0.05426707514821144,-0.34897630538287344,0.056249297285472066,-0.04077356249094394,-0.060892643786319825,0.09027172141615249,2.6056593984385272,0.3558242945078271
777,25.91166666666667,tracked,1,1,0.19598639516043634,0.010048225717377873,-0.3502649604407234,0.05641372514061943,-0.039020484122378796,1.8460438829812436,1.1832780665954319,1.6598256676219856,0.35691826666329046
778,25.945,tracked,1,1,0.07372156548880326,0.16707500681995285,-0.35030974270846466,0.056112988903535055,-0.03705246587930833,-0.041510823749983806,0.11229841830086336,2.604881731295706,0.35670501620792533
779,25.978333333333335,tracked,1,1,0.06014647806810457,0.1833775811365781,-0.34972802782238077,0.05681327150898305,-0.0379378653109218,-0.04921709992653793,0.09738091118625992,2.6012419918653085,0.35633793355245663
780,26.011666666666667,tracked,1,1,0.16322787924908616,0.01625954930658388,-0.35008520142261124,0.05698728325584679,-0.03641693584392275,-0.046934207538190297,0.10041405844837994,2.6052283807827066,0.35655769788948993
781,26.045,tracked,1,1,0.17144124716683462,0.03197157503236084,-0.3485092190619281,0.05729448554673175,-0.03265638789474251,1.8525848875687212,1.1918110461457527,1.643199078169841,0.35469391525025
782,26.078333333333337,tracked,1,1,0.08897607049960685,0.14357645808895464,-0.3486105921813033,0.057325568893562245,-0.03448256026353458,-0.05347501090598947,0.0977529656655776,2.6005623512032248,0.3549712844615714
783,26.111666666666668,tracked,1,1,0.10080369009534511,0.1732089519908715,-0.34894577784287084,0.05619077751879714,-0.034829556097759284,-0.0657642465782158,0.11652038143244431,2.604460444338762,0.3551530055208601
784,26.145000000000003,tracked,0,1,0.11870267667453638,0.07254567795063988,-0.3426483111149707,0.0646739446737026,-0.02649364403300508,-0.0547385087076034,0.11652018231564286,2.598529992863205,0.34970344208163934
785,26.178333333333335,tracked,1,1,0.09552749646222974,0.12576441523736753,-0.349569382015512,0.05737165132314759,-0.030860443402272064,-0.044187560121765404,0.1261317561244667,2.595022307032564,0.3555877193959834
786,26.21166666666667,tracked,1,1,0.048175729799256016,0.21924255596868167,-0.3462890424850138,0.05917313309236513,-0.025239991331959255,-0.0569044077504677,0.13098081209675644,2.5965672043893613,0.35221388074235777
787,26.245,tracked,1,1,0.14910699324946794,0.04273345504976861,-0.34828626964298015,0.05878208756683942,-0.03011250723508374,-0.06974500026868526,0.1193346925807617,2.5943884881817407,0.354493191094725
788,26.278333333333336,tracked,1,1,0.15021332994308662,0.045283199588477985,-0.3475952021824035,0.06040112390073721,-0.022405573642092003,-0.04247336021572494,0.13254542799141592,2.596885990816124,0.3535148229974655
789,26.311666666666667,tracked,1,1,0.18663098168176898,0.024851279931616704,-0.3460730887793293,0.06223458981212643,-0.02360432602141599,-0.0534126757816649,0.108581898839057,2.592836303763813,0.3524157929963901
790,26.345000000000002,tracked,1,1,0.2033968769858937,0.013803237119628414,-0.3467629502479243,0.06329991426985512,-0.024517329099998486,-0.05231772985788398,0.09940902419534944,2.5897607004087617,0.35334476398754383
791,26.378333333333334,tracked,1,1,0.22569449190417268,0.019444808023745652,-0.3449352547893543,0.0636919528636467,-0.019106893884971,-0.05657887787652391,0.1323863551364858,2.591119041916479,0.35128630524134197
792,26.41166666666667,tracked,1,1,0.0971397785100824,0.12993542740276762,-0.34460622922776485,0.06510796698950905,-0.01928017938272908,-0.05738928486810714,0.11358450216896859,2.5873378224454107,0.3512324385718324
793,26.445,tracked,1,1,0.1181978787340216,0.19409701903985688,-0.34310091282475463,0.0670140726111311,-0.01582786411129139,-0.06177429937422872,0.11281633852623352,2.586970068907103,0.3499423432387617
794,26.478333333333335,tracked,1,1,0.06699983118799273,0.20201207493508427,-0.34457672717802196,0.0673829811090784,-0.015085790881751715,-0.05523955994350344,0.12483250023776458,2.5860861464215663,0.3514273298171207
795,26.511666666666667,tracked,0,1,0.16000950354217391,0.06891764516205454,-0.3370988171450102,0.07606465891510486,-0.005072823951493777,-0.05142547773016948,0.12783647606321594,2.57697124867157,0.345611311156448
796,26.545,tracked,0,1,0.1305507671938513,0.10007678353944477,-0.3404529302654339,0.0754702085265036,-0.006140045156389107,-0.04212173285414259,0.13853930475010004,2.577159074047554,0.34877163052042637
797,26.578333333333337,tracked,1,1,0.16549984807786194,0.01918039733462301,-0.3398667379354926,0.07139996103425114,-0.003330289395029551,-0.048816085200619475,0.16278531802786497,2.5918954015191757,0.3473016625616123
798,26.611666666666668,tracked,1,1,0.08966933202008416,0.15466553208216643,-0.3408047614694205,0.07253122388090624,-0.0038303946195698546,-0.058547844370374746,0.13151071777850765,2.574619522316088,0.3484585137442223
799,26.645000000000003,tracked,1,1,0.10245570542056383,0.12739814744229216,-0.3381290696412479,0.07422549702575154,0.0012254715542955874,-0.04189587910341887,0.13230892690041643,2.572460437528521,0.3461823131324102
800,26.678333333333335,tracked,1,1,0.14079766409975167,0.06554759575641741,-0.3387020168521626,0.07478627663668372,0.0021064246527460195,1.8504503194455775,1.204954179611481,1.594120806654173,0.34686666086223816
801,26.71166666666667,tracked,0,1,0.1061000484476835,0.14733244057142136,-0.3367997772374115,0.0823809899816422,0.0038073804394859745,-0.032652586265267285,0.1346943476622721,2.5677547733279904,0.34674949690422974
802,26.745,tracked,1,1,0.1531672397203088,0.07228087263478924,-0.3397535295406334,0.07737183197260461,0.0047526332859896825,-0.026046254151363225,0.13751520448109852,2.5677801522696524,0.348484502871026
803,26.778333333333336,tracked,1,1,0.14505490432884444,0.041308199735213935,-0.33902512132359697,0.07770164431713394,0.005584435130926213,-0.028749310740015147,0.13711632240396524,2.5735469227658783,0.3478602655288436
804,26.811666666666667,tracked,0,1,0.13061316037944123,0.07550368682133946,-0.33270270472187524,0.08650890551524276,0.010937855478720615,-0.03422299896637732,0.1372348891137657,2.568451834411392,0.34393969986782547
805,26.845000000000002,tracked,1,1,0.11082760217572549,0.12860161646593665,-0.33709979111362703,0.08121090316239324,0.00935004226513686,-0.028496542513927747,0.13690416171098044,2.571748258980194,0.3468701533018695
806,26.878333333333334,tracked,1,1,0.13245158981974234,0.1297897231642066,-0.3352418742917638,0.08308668031780708,0.013164853342016725,-0.022417883100411585,0.14265613535199217,2.5673543842027073,0.3456353918342348
807,26.91166666666667,tracked,1,1,0.11727920004306171,0.10595760633639399,-0.33414174538857,0.08446785468905879,0.015954818341760935,-0.025488415722552706,0.14409781935757082,2.567353912513212,0.3450218554170308
808,26.945,tracked,1,1,0.14831734521863238,0.061141952653834486,-0.33317852683083476,0.08612159325944663,0.017467540474456367,-0.03217096754476637,0.1400239219856258,2.5641027022441434,0.3445721615814859
809,26.978333333333335,tracked,1,1,0.2087275689774243,0.016036943333201825,-0.3349827263105625,0.08560103358885457,0.01793475795701871,-0.030555472504443532,0.15651233335381837,2.5674878887943677,0.3462118129424735
810,27.011666666666667,tracked,1,1,0.1156451692167898,0.16056936905199198,-0.33501219301334223,0.08696191378813597,0.017204584346870833,-0.04476019018960803,0.15019128106882154,2.5629507151758033,0.34654226530086146
811,27.045,tracked,0,1,0.12781769227225886,0.10595666999008885,-0.3309179456250152,0.09336418093708523,0.022363834297791374,-0.02860455222905754,0.14960127046748187,2.5596587955481853,0.34456305388597946
812,27.078333333333337,tracked,1,1,0.1622904412661815,0.026719500475883423,-0.33349324422398724,0.08800514402176957,0.02212159677533787,-0.024474684228656146,0.1521464794290783,2.558393134702908,0.34561830732937604
813,27.111666666666668,tracked,1,1,0.11346569292281117,0.12013494559612933,-0.3340699637641076,0.08837887102248271,0.021340927516516173,-0.03663112775224995,0.1604595301135019,2.561948824766915,0.34622102870828914
814,27.14666666666667,tracked,1,1,0.12551046541846037,0.09802630781322344,-0.3315000547386252,0.0900078847041248,0.0249992749003079,-0.03302714883563961,0.1596154775970882,2.5597860921843014,0.34441061154697844
815,27.180000000000003,tracked,1,1,0.08228082073938808,0.19143464573132857,-0.33399597915617385,0.08876174027315073,0.02233766120447489,-0.03213300150917683,0.1653031449781772,2.5599709710784864,0.3463104557140825
816,27.213333333333335,tracked,1,1,0.1046230685210797,0.1411599730226094,-0.3353624894927827,0.08936309127002687,0.023417579816246314,-0.020614874978054604,0.17382704569884472,2.5539930136345923,0.3478536250847218
817,27.246666666666673,tracked,1,1,0.19455506254270566,0.027933737884325516,-0.33057745263725813,0.09108397006230065,0.027318430347891,-0.033897664146709604,0.1680877123273877,2.5562840484378304,0.3439826135593502
818,27.28,tracked,1,1,0.18423293461439286,0.07662073264988153,-0.330407939726609,0.09212635764149874,0.027387962952764855,-0.042308476949602186,0.17366474936089019,2.557166829156419,0.3441028522424274
819,27.313333333333336,tracked,1,1,0.07745992547279333,0.20527331673384414,-0.3306587530136879,0.09272957884862038,0.02898931499761903,-0.0286135276999423,0.16262604150351284,2.5447410832444666,0.34463657107457524
820,27.346666666666668,tracked,1,1,0.15953205961599187,0.052857499177753814,-0.3318385624197888,0.09375902756388432,0.028945530173866862,-0.023302744293932854,0.1642716503533694,2.5424926240245624,0.34604252697552007
821,27.380000000000003,tracked,1,1,0.10675686956459828,0.14199033407694517,-0.33176052785855026,0.09423585136928378,0.029596276023719892,-0.02629804457135112,0.17100664666390344,2.5438443171124483,0.34615225419278994
822,27.413333333333334,tracked,1,1,0.13248460182572447,0.1399884650742298,-0.3317809486609741,0.09489930695195523,0.03206404404371849,-0.026626173564762597,0.17767304981949641,2.5462884197665803,0.3465726176067216
823,27.44666666666667,tracked,0,1,0.12133401797642966,0.11968887702243057,-0.32915524107520644,0.10078495798401252,0.03523087916787182,-0.0070415245950945825,0.17226138213035266,2.5321589357443877,0.346037563466826
824,27.48,tracked,1,1,0.15480205704864472,0.08947477693042621,-0.3320385885520243,0.0959151252451104,0.03292630432120236,-0.02390174922224357,0.1688154430862103,2.539909399673945,0.34717931541878777
825,27.513333333333335,tracked,1,1,0.06783158072977849,0.2296736588416626,-0.3297800728633187,0.09745155005124367,0.03565186907055434,-0.016635620895779687,0.1636813383693907,2.539024762127752,0.3457206340867576
826,27.546666666666667,tracked,1,1,0.12671224297212877,0.1391355966862933,-0.328804709410641,0.09805827781936316,0.03749067433594877,-0.020287916610543417,0.17286438426651915,2.5415562878994877,0.3451572300295615
827,27.580000000000005,tracked,1,1,0.1714476698995516,0.023173350399071785,-0.32892393155958627,0.09848723312820915,0.035942123073404775,-0.02712995305574971,0.16505451971672933,2.5420032580760097,0.34522822024407185
828,27.613333333333337,tracked,1,1,0.09361473974509613,0.1821835023986619,-0.3261091720688424,0.10023381021265504,0.0397126100424256,-0.02316440098699777,0.17304746542372407,2.546239428598783,0.3434692129049621
829,27.64666666666667,tracked,1,1,0.1227514503625989,0.11996819878721728,-0.32610131792574015,0.10025366420526405,0.03984259078015745,-0.02813853672087213,0.1636070905719924,2.5431700691613766,0.34348260331428954
830,27.680000000000003,tracked,1,1,0.07869208749428264,0.20947817626738852,-0.32663910609463076,0.10071852673645149,0.0409793391974258,-0.02254684766918422,0.182105889009514,2.547615714913664,0.34426244857567373
831,27.713333333333335,tracked,1,1,0.11655713232169417,0.13865492160344506,-0.3257832493123276,0.10224155233680471,0.04285777817334363,-0.02152325916828106,0.18703900082242214,2.5429286295882005,0.3441291177838535
832,27.746666666666673,tracked,1,1,0.14943275505666156,0.08146054083668997,-0.32592429656037486,0.10281751481948884,0.04345729462433012,-0.017523858862773772,0.17530898436139342,2.5401839470137495,0.3445092522677683
833,27.78,tracked,1,1,0.12435247627509961,0.12542511514711835,-0.32490955492908624,0.10352633678437442,0.04675467556656665,-0.009824429887302253,0.19417249649068186,2.544011085100128,0.3441945975455506
834,27.813333333333336,tracked,1,1,0.13984096804573987,0.09354085301105686,-0.3236289692940025,0.10524828115959209,0.048740494164149106,-0.012057495543601056,0.19290696724582923,2.5409617035935588,0.3437856108459346
835,27.846666666666668,tracked,1,1,0.12229065584978392,0.15713880998541507,-0.3222412804752579,0.10693549268600938,0.050262006767118506,-0.015466961712748101,0.19933016630059777,2.540893236830638,0.34322137427991173
836,27.880000000000003,tracked,1,1,0.15429613645504786,0.16186909888233592,-0.321721846775589,0.10740384027938604,0.05103946874198162,-0.012179286653714908,0.19111201693633412,2.540364727321135,0.3429949838830288
837,27.913333333333334,tracked,1,1,0.15143102973590983,0.16698523145491295,-0.32058886717466306,0.10830718280700952,0.05213736943127617,-0.01590488399554861,0.18802159702756105,2.542476874531897,0.34238278708944775
838,27.94666666666667,tracked,1,1,0.17917423981135014,0.030641104027355065,-0.3184173792029694,0.10998576339268151,0.054882457960448994,-0.007916735312030427,0.19352206737129762,2.538191234109177,0.3413188827465293
839,27.98,tracked,1,1,0.06847564970570574,0.2429881024487046,-0.3191807482910008,0.11096870643594686,0.05312501502917272,-0.021500939779076945,0.1998913713213457,2.5428696663359083,0.3420711491919779
840,28.013333333333335,tracked,1,1,0.1380901172471958,0.11037648104637607,-0.3173628947398104,0.11262128921468428,0.055332868835607785,-0.005125738462884777,0.2037233458408148,2.5445624137537513,0.3412689381054011
841,28.046666666666667,tracked,1,1,0.14234214417472252,0.09956410310944441,-0.3175750186274968,0.11252409924190962,0.053831651395271796,-0.007631511219426802,0.18219406586025502,2.5454803236202435,0.3411940973381576
842,28.080000000000005,tracked,1,1,0.12198213824040229,0.1399466527167295,-0.3163594652149797,0.1144735941443531,0.0551239782378693,-0.004442585947797509,0.1891503149689042,2.5394957225035113,0.3409195916403208
843,28.113333333333337,tracked,1,1,0.11127087190772307,0.1621840713462162,-0.31469004353054186,0.11589974358869465,0.05643905880175881,-0.01061867658204487,0.18788467341975826,2.541873975395446,0.3400704947795499
844,28.14666666666667,tracked,1,1,0.13985181494198992,0.16231596925593408,-0.31594794429629797,0.11776076068956456,0.05532518862413566,-0.01327485615544266,0.193806032379004,2.5403545697618606,0.341689298573335
845,28.180000000000003,tracked,0,1,0.1951330949895837,0.09379500230357668,-0.3119482015807487,0.12332425252153895,0.057862666404929874,0.012236101013895098,0.18882853050019663,2.5296053172596276,0.3403948294157065
846,28.213333333333335,tracked,1,1,0.028099223022207503,0.3316068323242198,-0.31381455637041245,0.12020089596494155,0.05791737208571973,-0.005860734722336188,0.19290042289365975,2.5334614944205853,0.34100183748779006
847,28.246666666666673,tracked,1,1,0.10121872182112558,0.18413638179737885,-0.3139265942194559,0.12144260426504763,0.058561169761365994,0.00045579608699442106,0.2041523334952788,2.5320088737300206,0.34165424524323335
848,28.28,tracked,1,1,0.18415858326895296,0.05662016651002205,-0.3128838270093002,0.12338405567103661,0.06004577660145999,-0.0011245430172439255,0.2166107390270807,2.5324968808827335,0.34165100568488244
849,28.313333333333336,tracked,1,1,0.1732067785478533,0.06788973492332359,-0.3113469102465579,0.12469084637238773,0.061350115364505464,-0.009094244738502516,0.21909868563288343,2.5327172311571085,0.34095240480802996
850,28.346666666666668,tracked,1,1,0.15025811875504613,0.10173440107379611,-0.3113494273148287,0.12503088367889556,0.0614232669574859,-0.009869908252250868,0.2145973915372879,2.530088919429529,0.34109237090050526
851,28.380000000000003,tracked,1,1,0.1358373750410525,0.1405946072113922,-0.31152759050096346,0.12567668624337158,0.06140951470897016,-0.00013130655813404352,0.2087068260711898,2.52483332176495,0.34148967422931265
852,28.413333333333334,tracked,0,1,0.22371936404833603,0.11115523556483053,-0.3089676440565365,0.1299308418255721,0.06182747835030772,0.01295840689183767,0.2113621298653783,2.5208654812130766,0.3408308463307073
853,28.44666666666667,tracked,0,1,0.11805498032659324,0.215151710531455,-0.3074090951239652,0.13110033849514452,0.06280284850734319,0.010716217702219371,0.20724634914315196,2.5217098432631864,0.34004683250857204
854,28.48,tracked,1,1,0.12040496468986468,0.22158470236462796,-0.30756365707191535,0.1284998615345764,0.06338971903626339,-0.012565690926877386,0.21243795415793784,2.5336627296552567,0.33930203955377647
855,28.513333333333335,tracked,0,1,0.13747636578854938,0.17738635617982412,-0.3062794517209079,0.13297477082748402,0.06325277468823276,0.014457247318670655,0.21129465045783727,2.527661600868454,0.3398386466087137
856,28.546666666666667,tracked,1,1,0.12982881330106624,0.1735942714377153,-0.3076751520958688,0.13057080872218615,0.06410482345339896,0.0037076798898469797,0.2272516168730605,2.5343730717102733,0.34032655449960586
857,28.580000000000005,tracked,1,1,0.12265570205455116,0.1895280753077061,-0.30806011110244275,0.1309042126842147,0.06384809718562728,-0.0005440518823343516,0.22337865759677974,2.5344246964701305,0.340754346216081
858,28.613333333333337,tracked,1,1,0.07546993514344866,0.26888372145897,-0.30714943046331994,0.1318602555470211,0.06562602224740016,-4.2529276342886954e-05,0.2309050734513611,2.5360292777196087,0.34063862732063105
859,28.64666666666667,tracked,1,1,0.13460162445453377,0.19443957983977095,-0.3054630700332408,0.13281493649156223,0.06730666935544904,8.160673782046314e-05,0.22667565810641474,2.535033800078646,0.3398200733463431
860,28.680000000000003,tracked,1,1,0.17931469117321194,0.17773831893001,-0.3048521442695994,0.13355979633342696,0.0680740994998123,-0.0028271283042275927,0.2375190452724684,2.5372016342945316,0.3397162523122929
861,28.713333333333335,tracked,1,1,0.125121082329377,0.15948402342438403,-0.30344094269826327,0.13464390857438255,0.06933629842895073,-0.005012918354399563,0.22564016994334693,2.5383135915416637,0.3391355335284492
862,28.746666666666673,tracked,1,1,0.16272131788554467,0.16135008428338954,-0.3035286217400529,0.13513754447374032,0.07033663593361023,0.0028435315417544697,0.23825601532136623,2.5385191998829986,0.3396159926980258
863,28.78,tracked,1,1,0.19978545458630442,0.17202402542845147,-0.30250642501147634,0.13572205291518447,0.0709012101669706,0.0014113865569187793,0.2419369176839699,2.540056372119519,0.3390539697804422
864,28.813333333333336,tracked,1,1,0.20011492736512898,0.2107810702703245,-0.30502717261370327,0.136161117616674,0.06853023416930637,0.005884763602948322,0.24640484662848655,2.5379363012359106,0.3409953357138945
865,28.846666666666668,tracked,1,1,0.08263046936004019,0.2724533797479293,-0.30373942088940253,0.13684354527223586,0.06930846265048657,0.0034239222605503172,0.23539067544447093,2.539300531652614,0.34027555698268713
866,28.880000000000003,tracked,1,1,0.10373014561213874,0.2623899055180137,-0.30120638755994145,0.13850715812720135,0.07095006244485724,0.0022174788757873573,0.23084811583249726,2.5394304102448393,0.33903308410878186
867,28.913333333333334,tracked,1,1,0.1831199968369609,0.12632862796988575,-0.3025060917241515,0.1394632089024781,0.06949805039490631,-0.0009858195896502923,0.2260101197021273,2.5400336511324357,0.34027915183903046
868,28.94666666666667,tracked,1,1,0.15768305255068057,0.18511088118827632,-0.3020996276817641,0.14054870325260208,0.06972544002222109,0.004684409028259678,0.2228395637415007,2.5375660772920416,0.34041116318026476
869,28.98,tracked,1,1,0.1390419700987807,0.19810997545313788,-0.3027460476283393,0.1418867347001583,0.06887853413094752,0.0019535520291570816,0.22877094615872812,2.535266216121335,0.34136676361720086
870,29.013333333333335,tracked,1,1,0.17130511266142773,0.15752690519163043,-0.3009017540534463,0.14338977604146325,0.07039206924184643,0.005114947374674035,0.23081989585810633,2.5324484009488106,0.3406721838920968
871,29.046666666666667,tracked,1,1,0.15306568416034666,0.15844511274903517,-0.302043638217593,0.14424184447395869,0.06842040533666521,-0.0065471967316351656,0.23715380566076988,2.5352902205340104,0.3416393141185649
872,29.080000000000005,tracked,1,1,0.09840687314457987,0.2349091130910903,-0.2992552141730962,0.14614070615976146,0.07016496348285073,-0.009273801962452755,0.23496387493607354,2.5405401226530486,0.34034381338171726
873,29.113333333333337,tracked,1,1,0.12836936405912577,0.20851194024064698,-0.30066727966228624,0.1474972814732598,0.06860896847919012,0.0027680622473621446,0.22302967365176787,2.537516179253387,0.34185296789306946
874,29.14666666666667,tracked,0,1,0.1270494914328426,0.19368183653567345,-0.2987660329347547,0.1517732503830281,0.06702164537878574,0.013819288459959366,0.21486293720867702,2.531731677827042,0.3417428315512704
875,29.180000000000003,tracked,1,1,0.12732191957093902,0.18555684244397214,-0.2995760578394542,0.150369217955637,0.06804312571846582,0.0014525090052688733,0.2369303232657369,2.537010144972151,0.34203301462981145
876,29.213333333333335,tracked,1,1,0.1415664669798056,0.15424421476945274,-0.2970629905435796,0.1518668571178621,0.06950332562438954,-0.002031923500785098,0.23151402556751108,2.5384394178187857,0.3407941826299298
877,29.246666666666673,tracked,1,1,0.13166954943920292,0.19184647340370023,-0.2974131600724138,0.1527127020870725,0.06863495785297985,0.0019742990475034913,0.21570386861871715,2.5314755887824507,0.341301208029615
878,29.28,tracked,1,1,0.14792477254989334,0.20207541808305574,-0.2983225707477626,0.15352323549285435,0.066947946742615,-0.001452533642461929,0.21384219393413148,2.529640950843327,0.3421224453712446
879,29.313333333333336,tracked,0,1,0.16370965117885647,0.1845665821924419,-0.29632403110141364,0.15831397986344808,0.06544369875783945,0.013089041427632418,0.21233068506609784,2.5230862185058904,0.342277848151911
880,29.346666666666668,tracked,0,1,0.14198805393124017,0.22435508070238178,-0.29834064264911647,0.15964893654960838,0.06333470989506046,0.017434263270369236,0.21518522249347688,2.522842285957868,0.3442473056905459
881,29.380000000000003,tracked,1,1,0.16544680291850852,0.21193526857405634,-0.297245088679717,0.15945018973769903,0.06520685199083964,-0.013820933456976155,0.2239178594958444,2.526188665556867,0.343556311684353
882,29.413333333333334,tracked,1,1,0.22685282089969583,0.17694683642175224,-0.2992542794069889,0.1611472334379793,0.06281928961274341,-0.011745997022523089,0.22295889858106185,2.5222349387164207,0.3456411690403221
883,29.44666666666667,tracked,0,1,0.21066995430006633,0.15994551017616013,-0.2968437820146182,0.16697971414948876,0.06268338319971994,0.007612071832602926,0.20361993086899,2.5057372905761244,0.3463057354239893
884,29.48,tracked,1,1,0.17998388132875803,0.14371849608301412,-0.2983394540284443,0.1663938144052397,0.06286404222767011,-0.011529955429772528,0.21146011183924596,2.5052236680137376,0.34734020658069215
885,29.513333333333335,tracked,1,1,0.15372387443405097,0.21359631688201794,-0.3000076382586168,0.16925620773230765,0.061892876219140025,-0.007612683703258736,0.21309858065297177,2.497899286532039,0.349975677720771
886,29.546666666666667,tracked,1,1,0.23257359619717774,0.06259021962121084,-0.3018167139846673,0.17182036318716254,0.060668533188174,-0.009414981249335435,0.20866538915901064,2.4927538187726532,0.35255671453749887
887,29.580000000000005,tracked,1,1,0.2048074968012546,0.15323904919058656,-0.3041792868259617,0.1747063123517032,0.058551211511918055,-0.012956228995898716,0.21826295491074116,2.487343866300117,0.35563405134912895
888,29.613333333333337,tracked,1,1,0.2234938399806263,0.1181980846448735,-0.30543787431428965,0.17750991859400383,0.058368475101370054,-0.002181178778580998,0.21833538480423137,2.480110338521371,0.3580627670542427
889,29.64666666666667,tracked,0,1,0.23810291435274697,0.10938898754476142,-0.30418561613552036,0.1832030123312806,0.05708713488221284,-0.004037861990201307,0.21141862763957586,2.467205373846527,0.35965424196033263
890,29.680000000000003,tracked,0,1,0.18016095796535994,0.169516203157442,-0.3040463135104289,0.18630265186843648,0.05736506220289078,-0.0054317736777415105,0.21006036047127025,2.4634444018229793,0.36116975124452955
891,29.713333333333335,tracked,1,1,0.23142520659941218,0.1451687204770596,-0.3059585251007813,0.18639558197879352,0.057210455147746586,-0.02678530589049825,0.2314724457338353,2.464106423937238,0.3628043112220014
892,29.746666666666673,tracked,1,1,0.20909223759983459,0.12435950917740135,-0.306782118068953,0.18874830264182746,0.05664578504878054,-0.026396509232062368,0.23443769816456192,2.458350238445496,0.3646230034992808
893,29.78,tracked,1,1,0.158294615312165,0.19760389046548743,-0.30800997985121514,0.19106380468636686,0.055679874231875925,-0.024203350632371563,0.23623320908176282,2.4540474254814613,0.3667093856770694
894,29.813333333333336,tracked,0,1,0.12192459216966052,0.15071571364298397,-0.3094718496475352,0.1952696371587348,0.052092165239133015,-0.01715369812184908,0.2350007049127093,2.4414855380942035,0.36961689707002265
895,29.846666666666668,tracked,1,1,0.1432970288994217,0.2076257643677279,-0.30702543894174156,0.1961824681361723,0.05537217988474924,-0.040078734800487396,0.24530134680389507,2.440029385964308,0.3685352890383204
896,29.880000000000003,tracked,1,1,0.16074549142958905,0.14349632364272558,-0.3071679206466131,0.19833009802011778,0.05426291458505483,-0.048113964828521316,0.25562665989881167,2.4421251080617505,0.36963688013278445
897,29.913333333333334,tracked,1,1,0.09176792942935609,0.23114093486219778,-0.31030025179325765,0.19971101559437793,0.05206232519966075,-0.03778847719356701,0.2447058462875217,2.434053395657919,0.3726677095186705
898,29.94666666666667,tracked,1,1,0.1355858398790007,0.18871358414079142,-0.31092186502531843,0.20154072775856327,0.05124692779721879,-0.0402830655408857,0.2558324364997052,2.434732315930484,0.37405523483160474
899,29.98,tracked,1,1,0.1147167232739249,0.2741409756754467,-0.3108063618464194,0.20353708142493623,0.05085691758839689,-0.04073791433684791,0.2572206147374423,2.4320447923315722,0.37498581859289226
900,30.013333333333335,tracked,0,1,0.10964979886490368,0.25297935144920214,-0.3109395974649049,0.2081033345335201,0.04848340783730526,-0.02898743059947424,0.23939472500148462,2.416688808659545,0.3772811576942662
901,30.046666666666667,tracked,1,1,0.1406754028992269,0.1556150199203544,-0.31265183150311265,0.20715289868061498,0.04808593256441762,-0.043610941444124515,0.27152832625894513,2.4291904636656914,0.37812134042476575
902,30.080000000000005,tracked,0,1,0.1639637440545217,0.17299636622600567,-0.31394634466499916,0.21158627075379804,0.045788109879516425,-0.027192881053448248,0.23433831712869915,2.407343557115586,0.38134971916385707
903,30.113333333333337,tracked,1,1,0.19647256356144194,0.07092843187744391,-0.31212013375338105,0.21079595007197022,0.048032609403935,-0.04625052539082044,0.26738496716039534,2.4235002238342656,0.3796854514293694
904,30.14666666666667,tracked,1,1,0.21866734394333112,0.1582653814624926,-0.3106259983473754,0.21315386895363184,0.049058003400700434,-0.04557416105464962,0.2552023266770917,2.412858041291247,0.37990758138903846
905,30.180000000000003,tracked,1,1,0.20081520064350708,0.14287798848042618,-0.31262173008265304,0.21432837403174165,0.046685252629222906,-0.05258033241061048,0.2625857530013326,2.419014941918799,0.38190117942736923
906,30.213333333333335,tracked,1,1,0.17824431852761147,0.22774876000446798,-0.31452027844347236,0.2156239357713778,0.044677812453052745,-0.04523119415729342,0.2669120159040688,2.413127273370912,0.3839437382681072
907,30.246666666666673,tracked,1,1,0.2649365002460306,0.06914906452014119,-0.3141027375390996,0.2173528404972812,0.04485033063597604,-0.03811871693987669,0.2617039654235612,2.4135475872462107,0.3845963327437606
908,30.28,tracked,1,1,0.2115242975411013,0.12176629124207916,-0.3139242344953161,0.2185988119472063,0.04416892656302551,-0.055316292864935994,0.2565876982250389,2.4155145344523374,0.38507760212966197
909,30.313333333333336,tracked,1,1,0.12786004121288044,0.2499413608545434,-0.31341244954871866,0.2204550838790516,0.04342211059890799,-0.0516119124749365,0.2646606959620339,2.41931414831036,0.38563361786689654
910,30.346666666666668,tracked,0,1,0.15806966171929374,0.18887700894735196,-0.3145172728803838,0.22372371554412368,0.04203664975586158,-0.02400170681972179,0.23390548632956665,2.4120990698750786,0.38825313361218183
911,30.380000000000003,tracked,1,1,0.13649558728082037,0.18840411920079278,-0.31422779517174765,0.22305108134170554,0.04246979371395365,-0.04410900906060518,0.24509174062818062,2.424744439008079,0.3876784434609535
912,30.413333333333334,tracked,1,1,0.20316683455970666,0.13452695112152427,-0.31488223182007735,0.22455135838232299,0.04238489012235114,-0.03414774524637379,0.2552463699760709,2.4277031673687044,0.3890637626122782
913,30.44666666666667,tracked,1,1,0.21829622385391861,0.10950148262597342,-0.31403437531342115,0.22690323591466638,0.04293434701662102,-0.023432650583236875,0.24767153179636825,2.424379775047463,0.3898025468115634
914,30.48,tracked,1,1,0.2299190112752461,0.050953587860249616,-0.3132749915420125,0.22825685176848687,0.04267834352210775,-0.02967450872976355,0.2587290431969142,2.431741814263195,0.38995365328548987
915,30.513333333333335,tracked,1,1,0.16367424095504116,0.18999663521015023,-0.31559311879648927,0.2300016967430853,0.04058110504587098,-0.01734993180496103,0.2539069231015281,2.4329329981514833,0.3926151082461514
916,30.546666666666667,tracked,1,1,0.2027794627654281,0.11892392166502389,-0.3152309378855835,0.23125369386069894,0.03934934207195673,-0.02685018283220323,0.2557175451152296,2.4402762159548645,0.39293407315469386
917,30.580000000000005,tracked,1,1,0.13888007246954523,0.16517054383528532,-0.3176057173692645,0.23353230803942798,0.03720956384312696,-0.019576527161576946,0.2523975786501501,2.4378814346351083,0.39597384035471733
918,30.613333333333337,tracked,1,1,0.17739487579129165,0.10713647700901119,-0.31707253017423265,0.23606974036854786,0.037213939392976514,-0.018311466608738246,0.24073390271260448,2.4402244203534567,0.3970501089206593
919,30.64666666666667,tracked,1,1,0.15567256382534678,0.15397348555357487,-0.3168328586382706,0.23851478953899874,0.035910744592990596,-0.027014482803537403,0.24377140297018116,2.451752294157353,0.39819837608779146
920,30.680000000000003,tracked,1,1,0.24369584533764793,0.13383553736399845,-0.31429522230351625,0.2412052047651006,0.03816901975072795,-0.019012599334524274,0.24603854693071936,2.4452651446705977,0.3980179790377845
921,30.713333333333335,tracked,1,1,0.17990583358994303,0.21105612714142577,-0.3142581672371771,0.24381621984609786,0.037197730449680444,-0.021974049529712988,0.24473817657438962,2.4409593645203476,0.3994849382466345
922,30.746666666666673,tracked,1,1,0.24914098451336328,0.1998437275049835,-0.31496347820453036,0.24600332357369664,0.03514748654775113,-0.03511351799338249,0.2569661337301223,2.4381969413547853,0.4011919411237281
923,30.78166666666667,tracked,1,1,0.17691617713582705,0.2541624060780714,-0.3167162115512055,0.2480382012819113,0.033380653933551496,-0.035275704020307136,0.25690432175404276,2.4308831963922435,0.4036661690203248
924,30.815,tracked,1,1,0.12243212076689182,0.26993085904701913,-0.31768130362034475,0.250359051104799,0.03172162271115653,-0.039722645404358756,0.2509310068175002,2.4256007875113017,0.40571828463534393
925,30.848333333333336,tracked,1,1,0.17242088678161113,0.2943976789608641,-0.3173892870139834,0.25288830225623743,0.030478859672047,-0.04472632069945185,0.2640796229500286,2.4197276314436267,0.40696119448443135
926,30.881666666666668,tracked,1,1,0.14212792785815204,0.26150613345752316,-0.316619637470227,0.25564236444691935,0.03053834874509176,-0.05047931103476162,0.25531948429193874,2.4145848686390288,0.40808529019785356
927,30.915000000000003,tracked,1,1,0.13221700107884157,0.1302629453783268,-0.3158546141779492,0.2581175595639892,0.028611435801370932,-0.05774795225141395,0.25858717909563483,2.412226146257418,0.40891004647891277
928,30.948333333333334,tracked,1,1,0.0900454240978138,0.21239880850384574,-0.3159755673888381,0.2599884842965758,0.027661214176086746,-0.0649547498712704,0.2527940941817769,2.403831343653592,0.41012158431765616
929,30.98166666666667,tracked,1,1,0.1486615110665596,0.1465828902338032,-0.3170563526271659,0.2620275600332154,0.02553532633548017,-0.060505982407789455,0.2583517492607189,2.4067781835549367,0.4121106961112045
930,31.015,tracked,0,1,0.1335292847801059,0.2100186539808065,-0.3175026304463084,0.2664095265974922,0.023963853026843895,-0.044743894886425134,0.22998426275369271,2.3926878056095693,0.4151580692388348
931,31.048333333333336,tracked,1,1,0.1387099277689079,0.2073590104570388,-0.3179369243051407,0.2651912884687768,0.02315279969527878,-0.05669307886696065,0.253233084427657,2.3955540876536365,0.4146641525983075
932,31.081666666666667,tracked,0,1,0.039249540227089104,0.3104147981279792,-0.3194105326651319,0.2697999662866247,0.02047558949880901,-0.04182231277882005,0.22715613374561586,2.3849709795341005,0.4186100332660588
933,31.115000000000002,tracked,1,1,0.08156254353856879,0.2671264674361844,-0.31785650680786337,0.26819489533264984,0.021391115124546167,-0.06022168686886074,0.2544691985278791,2.394013618903943,0.41643587814795674
934,31.148333333333337,tracked,1,1,0.10116662909070354,0.2615365422251015,-0.31728853890625475,0.2698460492638823,0.021934100499281406,-0.05649372307908256,0.2529090067345768,2.3888749464734986,0.41709712536686716
935,31.18166666666667,tracked,1,1,0.09424084646282184,0.2007705797429284,-0.31940795915637976,0.2708759207930045,0.018869258524716048,-0.06574176518814318,0.2549145792173045,2.393451483759883,0.4192269764163253
936,31.215000000000003,tracked,1,1,0.2217120866892904,0.08997143033782554,-0.3225905551358904,0.2721786998900592,0.015884182390521417,-0.06043316611802636,0.25566367195902384,2.38655529845363,0.4223721323512481
937,31.248333333333335,tracked,1,1,0.12093260020219863,0.16068873856389398,-0.3224604051386838,0.2733570805581368,0.015734656223105326,-0.05967859336376485,0.26162889140971196,2.385536825860715,0.4230276418627169
938,31.28166666666667,tracked,1,1,0.2271419515719599,0.08854588001592958,-0.32000652173466476,0.27452261829063446,0.016348145194224395,-0.07070976419883762,0.2525721095724881,2.382507618995666,0.42194087708724703
939,31.315,tracked,1,1,0.20213035115635392,0.12763029500045886,-0.32203617394776074,0.2758840085126104,0.014536402969829165,-0.060516457053859676,0.25431787850806203,2.3816089762971853,0.4243001184246827
940,31.348333333333336,tracked,1,1,0.12814852121118286,0.12862004078177536,-0.3225955977149369,0.27668755597584305,0.01286128435018874,-0.06868054849429923,0.24570878900589951,2.380024470436934,0.42519329243542764
941,31.381666666666668,tracked,1,1,0.25825606314623817,0.06457552530488297,-0.32110873814480784,0.27830736331536954,0.013729749699871563,-0.0677354217498097,0.25011789070612395,2.3762612349754257,0.4251521095035576
942,31.415000000000003,tracked,1,1,0.11693248779462834,0.16059077959865242,-0.3209158396124085,0.27966435287867697,0.013217717030942322,-0.07478789837107365,0.24126153647242546,2.3688793847792136,0.4258800704760629
943,31.448333333333334,tracked,1,1,0.19837289755716261,0.09606140893657952,-0.32048859989571776,0.28077863905409456,0.012412683072939634,-0.08399190060661187,0.2487802584171839,2.3668644859356274,0.42626712459824556
944,31.48166666666667,tracked,1,1,0.16162993537988019,0.10925922541498356,-0.3212836605579115,0.2813106288252727,0.012991715195499909,-0.06634650258699078,0.2552321960883871,2.3603685503789897,0.42723254217730494
945,31.515,tracked,1,1,0.13915404225237327,0.12788092080067387,-0.3216277375619635,0.2828862514815686,0.012647861952162498,-0.05927148561227712,0.2523557777639558,2.35992165286319,0.42851954594683483
946,31.548333333333336,tracked,1,1,0.14475963361107347,0.22945767913104503,-0.3203702641310233,0.28443776192648484,0.013729604117652616,-0.06444115574537981,0.23682241485319752,2.3545472375433882,0.4286378991390714
947,31.581666666666667,tracked,1,1,0.18433989713123808,0.09818932765721197,-0.32198628471812923,0.285760253515086,0.011138441891734796,-0.07101574930195584,0.23978559086535922,2.355559053198399,0.43064852829583194
948,31.615000000000002,tracked,1,1,0.25668706098016686,0.11176468560274899,-0.3226630151136835,0.28686458092692907,0.010983175908458376,-0.07536760082351752,0.2385420097316957,2.3556459971135264,0.43188347880611494
949,31.648333333333337,tracked,1,1,0.2580298469924561,0.09238351648544912,-0.32160662819068786,0.2880811978407389,0.011033696784042757,-0.07712933529705336,0.241874078490127,2.353099698808424,0.43190663610352237
950,31.68166666666667,tracked,1,1,0.20813018861426807,0.14508541780647488,-0.3195344845522195,0.28928892740120776,0.012939201957354374,-0.07937985681558629,0.23862666041779176,2.3513271606569623,0.4312282380390772
951,31.715000000000003,tracked,1,1,0.14021274670050543,0.19931207434990666,-0.32351456916752724,0.28949873046429303,0.009094167051794055,-0.07610034331777256,0.24641526983512216,2.3532721799594642,0.43422793009945143
952,31.748333333333335,tracked,1,1,0.09519618252571477,0.2607844944299614,-0.3235515323440173,0.2916097075827144,0.009878181606251146,-0.060859046498862965,0.24238068988916803,2.3481452357657964,0.43568267593569054
953,31.78166666666667,tracked,1,1,0.14148134627823092,0.24648583933994153,-0.3225768352901699,0.2931011247628751,0.010483029304764413,-0.06280572669404569,0.23750334152291872,2.347247356887383,0.43597474457414204
954,31.815,tracked,1,1,0.19593824325184173,0.17635608185802443,-0.32353731190507,0.29528001108692037,0.009111018368988366,-0.061790973055239534,0.2358966777938374,2.3419447941659666,0.43812063155935765
955,31.848333333333336,tracked,1,1,0.2149376017033468,0.1434295601701664,-0.3247259681089502,0.2968528814140092,0.007968148847121437,-0.05758737644657947,0.2434094860950757,2.343479766891522,0.44003645185841667
956,31.881666666666668,tracked,1,1,0.08925258300711005,0.25905203748524297,-0.3239377135011383,0.2991425188655293,0.008278230728269664,-0.061228400958497305,0.23178612110501534,2.3374387478619827,0.4410106777908553
957,31.915000000000003,tracked,1,1,0.1784317162511973,0.22743254756659181,-0.3228073289845043,0.3008446380557916,0.007421060076148511,-0.0732525932048204,0.23116365186908452,2.335166490196808,0.4413243025550304
958,31.948333333333334,tracked,1,1,0.2613669937666404,0.13716531215350314,-0.32427519171027064,0.3022093474745738,0.004824673966266291,-0.07013389788580648,0.24299791138317012,2.3307536752548383,0.4432924171905281
959,31.98166666666667,tracked,1,1,0.24426128668448038,0.15869306881716078,-0.32466433001583744,0.30459158901527994,0.0034119643087922036,-0.07684076863149858,0.23793836029485407,2.3240376667854896,0.4451905263860972
960,32.015,tracked,1,1,0.24519547841987466,0.1492886260438585,-0.3240849004741638,0.30657900212127026,0.0030031272987412483,-0.08407837132769005,0.23334401402546426,2.3219754652318714,0.4461285980864653
961,32.04833333333333,tracked,1,1,0.2986257249045776,0.083024120028663,-0.322755688048688,0.3087701467470622,0.003882442051548196,-0.08122970869332848,0.23696309632328916,2.3135008527748786,0.44668256183364485
962,32.08166666666667,tracked,0,1,0.11670678608879156,0.19877872318395498,-0.3226509027025218,0.3142393082117513,0.0032474144880038636,-0.07890437999908852,0.20703268549656592,2.294086482337135,0.4504003702718384
963,32.115,tracked,0,1,0.16676686011309858,0.14266835873744185,-0.32272966081861687,0.3162020002457068,0.0025412395238494367,-0.08158374522953069,0.21275145216779456,2.2936160793842535,0.45182363465162273
964,32.14833333333333,tracked,1,1,0.13937918794707688,0.13394517507945397,-0.32720457179060963,0.3143133186735711,-0.002112431469391607,-0.08515672556974589,0.25212078742632327,2.300760016528122,0.4537181464995454
965,32.18166666666667,tracked,1,1,0.1483831310669917,0.11294326036495378,-0.32611881574955787,0.31758376183474724,-0.0022623896238352925,-0.08907137581209665,0.23852205855125658,2.2941193760134966,0.4552120892219511
966,32.215,tracked,1,1,0.2747372974533787,0.12079443219620695,-0.3250155103744707,0.31920131917897043,-0.00261501253120372,-0.09773465491206614,0.23707366877549138,2.2925957427831016,0.4555561463092238
967,32.248333333333335,tracked,1,1,0.14940797414303028,0.19707200924962906,-0.3225482622325666,0.321909999218241,-0.00047369980739464523,-0.10054423404856916,0.23192212509813348,2.287924193840038,0.4557012765589361
968,32.281666666666666,tracked,1,1,0.1836201268885223,0.09980554406923675,-0.32083556219623044,0.3236643169884589,0.0004709363140972811,-0.10518158849728956,0.23753597076251654,2.289424889537613,0.45573486792474943
969,32.315000000000005,tracked,1,1,0.1374256724642017,0.11939753046963117,-0.32467752457976523,0.32790774968766556,-0.001826683114700356,-0.09588318114914111,0.21815637187028067,2.2762730528264963,0.46145674124848834
970,32.348333333333336,tracked,1,1,0.13856087261090783,0.13603918716046592,-0.3276328094304436,0.3300452357924263,-0.004541197346069115,-0.09277088983094527,0.2346668915520305,2.280705231715845,0.4650739059094797
971,32.38166666666667,tracked,1,1,0.28798147102684374,0.07306613910607823,-0.31973694667443175,0.3325474883697533,0.0031277950853682013,-0.10222102733315543,0.22301240503421116,2.2707460423556522,0.4613342933186473
972,32.415,tracked,1,1,0.1807090628323403,0.14681051239796242,-0.32318077993555555,0.3351794120258931,0.00042310831032721374,-0.09697590934078586,0.22440235717972717,2.268016470171749,0.4656084554498765
973,32.44833333333334,tracked,1,1,0.20230704020697304,0.033833277173325405,-0.3235911324625446,0.33848897302297887,0.0005203013400260081,-0.08995027974331449,0.21630903359531375,2.2564194480938022,0.46828012618520065
974,32.48166666666667,tracked,1,1,0.15116515393520005,0.12352281769368575,-0.3202313378033182,0.3412645181867722,0.003004074265174128,-0.09343644166192795,0.21718835588498747,2.249816241537145,0.4679942366597514
975,32.515,tracked,1,1,0.18560696610439792,0.04048254155434072,-0.31881139163973427,0.3439792088352431,0.004147076009467343,-0.09652005870727698,0.2175426861773065,2.248541519151411,0.46901982664873787
976,32.54833333333333,tracked,1,1,0.1516772140382223,0.1707381398735562,-0.3169355130101476,0.3458308962574611,0.004320398217863286,-0.10763080625622869,0.2275050047934947,2.246399131593505,0.4691117074365179
977,32.58166666666667,tracked,1,1,0.3293976658790262,0.08703788940114765,-0.3207448692068743,0.3481425419494703,0.00011391986784714536,-0.10736808301878722,0.22945334869860343,2.2506938808488144,0.473371433036796
978,32.615,tracked,1,1,0.1573693465070809,0.1250584043588373,-0.32324912028519026,0.351285187993625,-0.0017205740139538128,-0.10033598749638911,0.2235240419524418,2.239130831564457,0.4773826949563666
979,32.64833333333333,tracked,1,1,0.17029671651239814,0.09686478323006625,-0.320870368300499,0.35289609620271145,-0.0005804548484467653,-0.10965693816230543,0.23045681949093205,2.2375130791766242,0.476963085464947
980,32.68166666666667,tracked,1,1,0.12755685087283553,0.11049074815934606,-0.3176359399042133,0.35527689956395286,0.0013074849680497214,-0.11926781244583771,0.22971005951551565,2.232423170744258,0.476566863304143
981,32.715,tracked,1,1,0.18191622941649607,0.11491000063056575,-0.3188881704307043,0.357479969898269,0.00138186914198557,-0.10537436452081535,0.21840945451591873,2.223707704050534,0.47904436504507053
982,32.748333333333335,tracked,1,1,0.2080611978114514,0.013721494598932238,-0.32256696818887404,0.3598895225545076,-0.002574297467933917,2.0104604885364474,0.5374102840986797,1.3196476474300631,0.48329757336296125
983,32.781666666666666,tracked,1,1,0.19762429430269268,0.04679549686955575,-0.32211692943592746,0.3611048785006531,-0.0038913259063717565,-0.11643382921022961,0.2206375785537584,2.2204782432332,0.48391238041975254
984,32.815000000000005,tracked,1,1,0.21891907807694883,0.13680836804473434,-0.32098167488768464,0.36183254375581597,-0.003558385204737502,-0.11697406986878132,0.2302047068651855,2.219095997848331,0.4836989636538134
985,32.848333333333336,tracked,1,1,0.19194580381788884,0.05583555639529442,-0.32181959337016613,0.36382272014800665,-0.004663962800160626,-0.11580066983293855,0.22559395864940118,2.2143303426712566,0.4857536154490619
986,32.88166666666667,tracked,1,1,0.2167154285981845,0.08802596840933363,-0.32370710700502586,0.3654084504986197,-0.006920233171031742,-0.11376816694479559,0.22797350381062337,2.210511609080264,0.48821871783915344
987,32.915,tracked,1,1,0.1267410685452701,0.136261917767914,-0.32239736272347846,0.3655947419809853,-0.006183773726139152,-0.1254800315871059,0.22486129309559674,2.206498514520014,0.4874810908257811
988,32.94833333333334,tracked,1,1,0.17086820959648258,0.0261406886335335,-0.3199571954830243,0.3680839364238648,-0.003811681927509414,-0.11899310177297222,0.20739826150744817,2.204922503084083,0.4877221751302338
989,32.98166666666667,tracked,1,1,0.24165050205561198,0.0820910324776645,-0.320281742579927,0.3683759990150265,-0.004426366516100733,-0.11706956940726325,0.2192062523782925,2.206805020144678,0.4881606948545615
990,33.015,tracked,1,1,0.25710013613439675,0.04229704517787902,-0.32337069521840434,0.3695660565497729,-0.007675931634614275,-0.11269563193509392,0.22625510472935914,2.2056941051173116,0.49112788213075764
991,33.04833333333333,tracked,1,1,0.17621005671819961,0.1258188576999787,-0.3229954576501518,0.3710352725618073,-0.008434768573051699,-0.11653577371404988,0.2240433386262033,2.202580411889064,0.4920003907198922
992,33.08166666666667,tracked,1,1,0.15565589431846943,0.0773737970034111,-0.3200553381139949,0.37234927101484033,-0.004733661184025351,-0.1197959820055148,0.2090539646688306,2.195980864653427,0.49102118755584445
993,33.115,tracked,1,1,0.19388030910362902,0.026367239453067237,-0.32133141772995955,0.37328518894127527,-0.007016167720316768,-0.12100761111279192,0.21567886775551703,2.1972376802848377,0.49259003127626216
994,33.14833333333333,tracked,1,1,0.2362856529502113,0.10836971955753016,-0.31913017617155676,0.37502275511820665,-0.003342911979446528,-0.116010769153181,0.19925736469070848,2.184411057365936,0.4924401600806351
995,33.18166666666667,tracked,1,1,0.17382470010909878,0.0704966033112236,-0.318624974433821,0.3753731728582269,-0.0030355244613317622,-0.11845640524573535,0.2000162084882123,2.18760680495531,0.49237801295687517
996,33.215,tracked,1,1,0.19891409032639112,0.02842248159563074,-0.31875007633465935,0.3761182634120023,-0.00465333205631796,2.016141956074426,0.5267589330753776,1.3009690985051963,0.49303976790380494
997,33.248333333333335,tracked,1,1,0.1970000250910932,0.0831688768446261,-0.3191709284374525,0.37690468337974353,-0.004751044991210818,-0.1194405421013941,0.19305851541375105,2.185796867936704,0.49391273960257254
998,33.281666666666666,tracked,1,1,0.14485919585043297,0.10134479082458556,-0.31942709728396745,0.3780274591919653,-0.0049116255378715,-0.11086299567180284,0.19284907253335765,2.1878024100616624,0.49493691966534326
999,33.315000000000005,tracked,0,1,0.1741626810534892,0.050773709913560616,-0.31902752466775275,0.38207735487345257,-0.005399581842548629,-0.10672795963038353,0.17550848629422455,2.1784111769758523,0.4977859199362736
1000,33.348333333333336,tracked,1,1,0.160611690757467,0.042933719476328236,-0.32164894982705405,0.37904931762544647,-0.00895122917429697,2.0090863144619444,0.5216782909791909,1.3058430889847383,0.4972087656315948
1001,33.38166666666667,tracked,1,1,0.2072261703564028,0.08084208881780877,-0.3216237761543908,0.3789751989464276,-0.01019858401187329,-0.11985658055330892,0.20325898990131958,2.1816575049238,0.49716000032197005
1002,33.415,tracked,1,1,0.17249281882343162,0.2139081959718301,-0.3193219776470243,0.3782991737669902,-0.009622225963367925,-0.12642465581348056,0.2044513260099139,2.1826084889286683,0.49514581439580424
1003,33.44833333333334,tracked,1,1,0.17110275014338883,0.04897540697459035,-0.319327660916792,0.3794833631023557,-0.010104617995019771,-0.12366583234916491,0.1920844466518141,2.174659342177646,0.4960643921940873
1004,33.48166666666667,tracked,1,1,0.13060213821604993,0.12357012589244698,-0.3216538304787188,0.37982442302980324,-0.013826998718150407,-0.12213503500075357,0.19219236572879073,2.172095188667289,0.49791461605892534
1005,33.515,tracked,1,1,0.19304729690375794,0.007908070469962225,-0.32439235518854076,0.378670041526842,-0.018913503958580824,2.0022215024530943,0.5285265532369181,1.2992321011082777,0.4989780767595906
1006,33.54833333333333,tracked,1,1,0.1561458864512515,0.031259226643726934,-0.32463858139295837,0.3788746479177056,-0.020458786896103698,-0.12798406762652592,0.18600920167204849,2.168806758765772,0.49935435246411747
1007,33.58166666666667,tracked,1,1,0.12965158742430358,0.12146841363945746,-0.32276531799266744,0.377943628214051,-0.020665653683074436,-0.13489240801006533,0.17938216515495028,2.1674502238971063,0.49743934891467656
1008,33.615,tracked,1,1,0.16158362976437257,0.10137673094963956,-0.3248541476742961,0.37714394921237115,-0.024005475437385626,-0.13658609100727567,0.19304308622645838,2.168750978754339,0.49834128721155735
1009,33.64833333333333,tracked,1,1,0.1925061831350444,0.13835985567543,-0.32805254971440956,0.37637005085272657,-0.028249462650767276,-0.13589116189694106,0.19811983663071417,2.16894156243462,0.5000709176637511
1010,33.68166666666667,tracked,1,1,0.13535563218159719,0.14789476279237818,-0.32691531462428924,0.3755351087406933,-0.029679395930477026,-0.14377722564176074,0.19699744491729285,2.16772427177901,0.49877961804346055
1011,33.715,tracked,0,1,0.17745001267618765,0.11685794584326009,-0.3280199553342645,0.3796698540894622,-0.03177928977827327,-0.13723032090830972,0.16862658108599396,2.161128197727177,0.5027486573434262
1012,33.748333333333335,tracked,1,1,0.16332326343326625,0.04704968794964379,-0.3300166407495335,0.3742749697535021,-0.03529873235697162,-0.1464905146519638,0.19600845390590177,2.173267339014518,0.5002386796936046
1013,33.781666666666666,tracked,1,1,0.16910902079152337,0.13439667089267246,-0.32911775407013993,0.37471321583145334,-0.034984483644246445,-0.14411881992726025,0.17963483009218512,2.167455136375157,0.49995240199320673
1014,33.815000000000005,tracked,1,1,0.2001641336235377,0.12795459017375388,-0.3317908238899058,0.3732849868004905,-0.039629650885296575,-0.1497313858811983,0.17280391891054153,2.167368327726985,0.5009963487067299
1015,33.848333333333336,tracked,1,1,0.1223294682457514,0.07371172091780233,-0.3338470589142973,0.37242577103180524,-0.04360499746111807,-0.14867116472559114,0.17933953220638477,2.16440007459388,0.5020519987789561
1016,33.88166666666667,tracked,1,1,0.10088220216892627,0.11700063523722323,-0.33174090230451236,0.3721671473687598,-0.04424465893288948,-0.1565317894431748,0.17024243156831068,2.1625519296201863,0.5005177336383796
1017,33.915,tracked,1,1,0.10528162563402589,0.11117325271109489,-0.3306422846895477,0.37064787026118823,-0.04626343377909281,-0.17256602622484254,0.16192228838111444,2.1623952541562934,0.49884313111329
1018,33.94833333333334,tracked,1,1,0.120083862798666,0.09063023653293843,-0.3341291496584956,0.37166696650107056,-0.05085635022015278,-0.16313683093693324,0.16176316553774647,2.1575764772903803,0.5023594241151768
1019,33.98166666666667,tracked,1,1,0.12049762627977843,0.07490894211711323,-0.3339422397147618,0.37058355844032254,-0.052244774737641886,-0.16925999468844377,0.15744614323946368,2.15737878503678,0.501576623996165
1020,34.015,tracked,1,1,0.1544352916190066,0.09958197758088327,-0.3326003785386714,0.36877635288005195,-0.05277629074465018,-0.17394977345425747,0.16902070623641188,2.1579792507997873,0.4994039918866728
1021,34.04833333333333,tracked,1,1,0.16747620584668382,0.14516294343973957,-0.34055407358737805,0.36896694197066077,-0.06192313738562616,-0.1694074537487979,0.1683220569415107,2.1571872850938205,0.5059131904267938
1022,34.08166666666667,tracked,1,1,0.158613864132775,0.006612328545454377,-0.3403089418071881,0.36825426903495206,-0.06323606853225333,-0.17267663386617718,0.1655953712065494,2.1560465189581084,0.5053911187385576
1023,34.115,tracked,1,1,0.13154312098686458,0.04415301283733941,-0.33814625576782054,0.3671821197137338,-0.06366068363591565,1.9688399724721828,0.5833982262797826,1.3145543071432115,0.5032079907635204
1024,34.14833333333333,tracked,1,1,0.1727741967875939,0.12057957395353877,-0.33761637680744394,0.36650728784427683,-0.06410483463776268,-0.18620671045071732,0.16290027600144522,2.155674471175238,0.5024160026865073
1025,34.18166666666667,tracked,1,1,0.10047600533899931,0.10301135429000052,-0.3373200766971904,0.36724187394151586,-0.06454487637348061,-0.18209006277142092,0.14335305285775488,2.1474898771854503,0.5028095754708163
1026,34.215,tracked,1,1,0.09332793172203381,0.10156327986818216,-0.33713534134418427,0.3649739422062567,-0.06741349233142674,-0.19735562615274993,0.14879209551037176,2.1516101787959903,0.5014088110725169
1027,34.248333333333335,tracked,1,1,0.13398951302149104,0.032309548399402976,-0.33553877272743005,0.3649516340834952,-0.06602371859801454,-0.1926661868503015,0.14051162511237064,2.147974362346523,0.5001350763955205
1028,34.281666666666666,tracked,1,1,0.10128295795124855,0.10078004902077885,-0.3393215158141438,0.364378279863962,-0.07062982073053531,-0.1887077544736227,0.15103805480328802,2.156070761743753,0.5028908365713732
1029,34.315000000000005,tracked,1,1,0.13763724596033622,0.06944782106469916,-0.3392070709621951,0.36247888116662474,-0.07174740670717478,-0.19066992601452631,0.1515413622955393,2.154968801038807,0.5015975145988709
1030,34.348333333333336,tracked,0,1,0.09657653905583595,0.10713399874107805,-0.33971833181371114,0.3675515108762203,-0.07461017885345489,-0.18589319976983806,0.12541231906029182,2.14708430134084,0.5060329405347319
1031,34.38333333333333,tracked,1,1,0.16839201285387032,0.07050766550580218,-0.34186074797511196,0.3612652559145858,-0.07847098422930826,-0.19590197891330607,0.13967194445180708,2.158463345324582,0.5035266144932664
1032,34.41666666666667,tracked,1,1,0.11805589539149218,0.053552869429723524,-0.34137733161135075,0.3596934983909148,-0.07786338665923204,-0.19804832418247237,0.14440235848425598,2.1580321780272156,0.5019766949817753
1033,34.45,tracked,1,1,0.16786654315044272,0.13543906360569805,-0.3433874857476112,0.359847693955629,-0.08016511988035413,-0.1945194153291643,0.13709077153393034,2.1573409871808593,0.5038172036152413
1034,34.483333333333334,tracked,1,1,0.1251467532119302,0.030001223996689197,-0.3405438874154154,0.3582946729556188,-0.07940672858853526,-0.2064670691880539,0.1344590219396311,2.156376191558219,0.5006502176864706
1035,34.516666666666666,tracked,1,1,0.12948828377475277,0.03363584713305112,-0.34348354524661473,0.35873746692725605,-0.08141830954332158,-0.193422978434866,0.1326438265813247,2.1534121122433185,0.5032916223835436
1036,34.550000000000004,tracked,1,1,0.08768414002134571,0.11304658017305995,-0.3434296785808349,0.3572110930245922,-0.08324241454573544,-0.1987205349833731,0.13522235269222435,2.158774242116808,0.5024669229803724
1037,34.583333333333336,tracked,1,1,0.01958845189744714,0.2570529719674962,-0.3437849689884828,0.35875026464005433,-0.08207943349956143,-0.18387426898635353,0.11724798912546852,2.156178617981945,0.5036138309114733
1038,34.61666666666667,tracked,1,1,0.0990763468705154,0.07983710092072359,-0.3469217313147721,0.3581133878054368,-0.08673333854747722,-0.17931098779694868,0.12411544043078832,2.1606260856274053,0.5060855245899821
1039,34.650000000000006,tracked,1,1,0.11919276751553239,0.09964849567727734,-0.34574219531607225,0.35758782969148994,-0.08632008854095935,-0.18202428103258844,0.11828099508143274,2.1561229158442052,0.5048345067952132
1040,34.68333333333334,tracked,1,1,0.15136400154480734,0.13440613533111195,-0.3466123090609122,0.35691104124457756,-0.08857593180953521,-0.18800127689121768,0.12110827808158214,2.159249798692165,0.5053427350331192
1041,34.71666666666667,tracked,1,1,0.10759684443046097,0.1345181214181596,-0.34831954508641044,0.3562384489274748,-0.09088657146554768,-0.18535526041376604,0.11483588011607981,2.1581242634390665,0.5064510902902857
1042,34.75,tracked,1,1,0.15240057308692323,0.10770063596894386,-0.3478553341312956,0.35596677440929053,-0.0926706445388753,-0.1923957299560842,0.1151409563855321,2.160804007798034,0.5062642850589014
1043,34.78333333333334,tracked,1,1,0.08721761540157325,0.1405430175619548,-0.3470379876942535,0.3554100667811191,-0.09162395709935711,-0.1905805668925988,0.11644893488937084,2.1584501676351566,0.5051204113741408
1044,34.81666666666667,tracked,1,1,0.07582554093600487,0.12681263953241012,-0.3462778792868679,0.35502071019000125,-0.09217825472683361,-0.1954206955396894,0.1136749736691032,2.1606753407761476,0.504425321521143
1045,34.85,tracked,1,1,0.11788076081255215,0.04471030212585016,-0.34896964372697303,0.3540343537521425,-0.09482321578876063,-0.18898623503054046,0.12067032109472245,2.1632622219341613,0.5060746764383193
1046,34.88333333333333,tracked,1,1,0.1271458120294992,0.04600405321816253,-0.34455282466878295,0.35481220202626707,-0.09202069142719216,-0.19737314357313682,0.10835541550709259,2.1543309728463114,0.5030667503867694
1047,34.91666666666667,tracked,1,1,0.10644347040319506,0.07300198999280157,-0.34768178689837903,0.353490251320003,-0.09636878334521115,-0.19924048600558703,0.11900398746020371,2.1596976624906374,0.5050989260754422
1048,34.95,tracked,1,1,0.10960312786414995,0.04971837251145127,-0.34772841085299816,0.3545556138381749,-0.09740156084845752,1.9354917251632375,0.6291845467431394,1.3563044362267545,0.5060748907762884
1049,34.983333333333334,tracked,1,1,0.06165675592345219,0.1452327967022018,-0.3468699180366012,0.35512929362738566,-0.09731367713707906,-0.20621718882169024,0.10684865167745441,2.1545820545574164,0.5058710379028869
1050,35.016666666666666,tracked,1,1,0.10636371599009457,0.06555047193503032,-0.3475698587887317,0.35371491854303444,-0.09973758649873027,-0.21094214812502465,0.11261942256115476,2.154648293568154,0.5058326170769498
1051,35.050000000000004,tracked,1,1,0.09556616997456782,0.10414482852860565,-0.34772003861448725,0.3538701990542041,-0.10065259644132513,-0.20902473463896767,0.11208080446604116,2.153541593543603,0.5062255309672782
1052,35.083333333333336,tracked,1,1,0.11643302119440468,0.058418928773655954,-0.34630722634127903,0.352909839139626,-0.09820709327934124,-0.20450056485329518,0.118084708937768,2.152720929139079,0.5041018575130662
1053,35.11666666666667,tracked,1,1,0.1516740033938493,0.003499434770306259,-0.3483339574220529,0.3535645995174476,-0.09981195885456845,-0.19680403005617764,0.1128300850123318,2.151734949085677,0.5062676160447435
1054,35.150000000000006,tracked,1,1,0.13754462399353515,0.02681417605575684,-0.3481301608804568,0.353179955893966,-0.10263320987829444,-0.20384388843192658,0.11125839373004867,2.154929481691805,0.5064230108613139
1055,35.18333333333334,tracked,1,1,0.114458126101009,0.09046117118373628,-0.34798088120239595,0.35225631584007916,-0.10344979811224442,-0.1832698476802262,0.10424135952059428,2.160815111707169,0.5058429266690261
1056,35.21666666666667,tracked,1,1,0.12217663747929228,0.10024558765041255,-0.34921831050396845,0.35295531604732316,-0.10362816689563992,-0.17153718661829295,0.10521786681925964,2.150863060199543,0.5072175869303651
1057,35.25,tracked,1,1,0.13596947030621928,0.10460622764394836,-0.34860361941548923,0.35248194245238956,-0.10377485801622527,-0.17132707380024448,0.10518777385025692,2.1504336273506945,0.5064950388511981
1058,35.28333333333334,tracked,1,1,0.11448461368290914,0.049019180686219924,-0.34912183238583744,0.35230170785358866,-0.10460331328393652,-0.16679418825851866,0.11849689789018557,2.150270196578409,0.5068968340352674
1059,35.31666666666667,tracked,1,1,0.08268011486098505,0.11614158359433506,-0.3465309494625461,0.35220840216492105,-0.10123060082226293,-0.15878022914520337,0.13328115134344767,2.1407549213180226,0.504363055778094
1060,35.35,tracked,1,1,0.13072370805382666,0.029419720326218896,-0.34808156844119253,0.35210889776046883,-0.1051083974161765,-0.15200696064471841,0.1462004545998081,2.137981827051815,0.5061513897817231
1061,35.38333333333333,tracked,1,1,0.12072320827581019,0.0646463548450565,-0.3507688834461823,0.35339379357053924,-0.10561066054310497,-0.1317807510889173,0.15491474655101656,2.135725997063721,0.5089986193975474
1062,35.41666666666667,tracked,1,1,0.13557972456249082,0.010219800891446584,-0.34863409370930115,0.35198380651046723,-0.10326979841114908,1.8620188855830109,0.6117223441097139,1.3881973219578103,0.5060661840174496
1063,35.45,tracked,1,1,0.12099681479762237,0.06413958372961526,-0.34954280072552946,0.3525646353238127,-0.10390050038386328,-0.13716408259058338,0.16055815954453084,2.134020878933832,0.5072251034797838
1064,35.483333333333334,tracked,1,1,0.02037099012474531,0.23855902177722793,-0.34911922501928633,0.35328106383584285,-0.10341568189259176,-0.1340747482207693,0.15426716033910934,2.131237817787008,0.5073327769860347
1065,35.516666666666666,tracked,1,1,0.035792133119325914,0.20761533493639356,-0.3473882448045203,0.35198531034407166,-0.10207305843854814,-0.14430515440714028,0.15346661573491135,2.1320686671947917,0.5049664945175838
1066,35.550000000000004,tracked,0,1,0.15850994993770262,0.1560874851655218,-0.34634143830714653,0.35832996364827724,-0.10243280128106652,-0.13966965510029888,0.13565024456302321,2.1251687199377582,0.5087683495610995
1067,35.583333333333336,tracked,1,1,0.09929584507253376,0.11957602293932233,-0.34972330773870713,0.35256755994505895,-0.10522598288823481,-0.14028771983134983,0.1548011995203931,2.134584080916013,0.507624648511191
1068,35.61666666666667,tracked,1,1,0.12822985383777222,0.03793203325506517,-0.34673957712812925,0.35117680669817714,-0.10287614563756547,1.8587049278454864,0.6256689679643281,1.3788570684568957,0.504120010762283
1069,35.650000000000006,tracked,1,1,0.08444281458911852,0.15885117047141561,-0.3502799649076847,0.35301879359986843,-0.10441614699732071,-0.13172614526859502,0.15204395487832606,2.131542361818406,0.5081545573978467
1070,35.68333333333334,tracked,1,1,0.07512647202533695,0.17231002923837768,-0.3490859935375496,0.3498764303136854,-0.10490781901320345,-0.14710334583682472,0.16538002381172837,2.136298706128932,0.5052526079727371
1071,35.71666666666667,tracked,1,1,0.06662442960413235,0.1684661039943428,-0.34982120175111353,0.35222241878424154,-0.10460952095985693,-0.13701381796022563,0.15405580448268963,2.132794492147437,0.5073250017141533
1072,35.75,tracked,1,1,0.13537465177328134,0.005960656854515828,-0.3476960843672752,0.3532962116633822,-0.10283551980687222,-0.13785405690379013,0.15081956430567625,2.129986337539927,0.5062469006265444
1073,35.78333333333334,tracked,1,1,0.07569773156121505,0.2284474206627637,-0.3499672342833343,0.35309726930212115,-0.1050911971499302,-0.13658399944021704,0.15084933756696392,2.12923362385111,0.5081327645202053
1074,35.81666666666667,tracked,1,1,0.09845278411705322,0.0903945927583788,-0.3499988685908869,0.35199490715065085,-0.10614258348592659,-0.1448503858051591,0.15200220844609316,2.132937252163788,0.5076079892042314
1075,35.85,tracked,1,1,0.14135427679723628,0.006890958378342638,-0.34910378302555023,0.3521709691600251,-0.10419502642975248,1.8575678021891908,0.6185551686746771,1.388199363777965,0.506709429924645
1076,35.88333333333333,tracked,1,1,0.10601427778405963,0.06587770743304376,-0.3471882698365574,0.3519626991384056,-0.1010324341131919,-0.13900201586570635,0.1570726811205216,2.126606594606953,0.5046037941194363
1077,35.91666666666667,tracked,1,1,0.12928616182310357,0.017134787088521564,-0.34967408301599956,0.3527024059443282,-0.10563750766132063,-0.14935763115177603,0.17094674649445757,2.1172001276136285,0.5077698637344417
1078,35.95,tracked,1,1,0.10449457139433639,0.0716579093230582,-0.34553659695500993,0.3532265695005825,-0.10076959377217481,-0.1537634365752263,0.17705406603035567,2.113485008208431,0.5043005654026257
1079,35.983333333333334,tracked,1,1,0.11129028463135371,0.12278006131504354,-0.35076754557444534,0.3519995866608847,-0.10501681047243555,-0.14769589900425592,0.18440105972749532,2.1165619165672904,0.5079075806872326
1080,36.016666666666666,tracked,1,1,0.08434339326719793,0.20736342425829812,-0.3524157582729513,0.3523531060385758,-0.10832759264103642,-0.14768592362742827,0.18551142582723665,2.1162202431125,0.5099847501068374
1081,36.050000000000004,tracked,1,1,0.1380482834888739,0.1619256006560437,-0.349676837243844,0.35206408805652434,-0.10626517449441658,-0.15517176550552814,0.18441832615501208,2.11327550541704,0.507459653484155
1082,36.083333333333336,tracked,1,1,0.12485310040485981,0.12757821746364123,-0.3503775147246548,0.3518298970029563,-0.10518959524401333,-0.15163725440929848,0.18356309769604326,2.115059369151619,0.5075564305546093
1083,36.11666666666667,tracked,1,1,0.08875466978395083,0.12142584434389203,-0.3503292736589195,0.3516469122057051,-0.10515363511864301,-0.14938077058766003,0.19485191431933596,2.115574002601243,0.5073888428265423
1084,36.150000000000006,tracked,1,1,0.08454177185584753,0.1090366741356976,-0.35030444128644245,0.35255038278939554,-0.10533763067135898,-0.14848919970994606,0.18381154899688032,2.115349437503987,0.50803640659446
1085,36.18333333333334,tracked,1,1,0.1184473623417721,0.10473863562497603,-0.3495358032384119,0.3529583704517068,-0.1050788353446036,-0.14909279389295607,0.18133822898335988,2.1119695950747897,0.5077365957411623
1086,36.21666666666667,tracked,1,1,0.09302069975838137,0.09246772167805589,-0.3477361847514552,0.3530629998872686,-0.10311924421612056,-0.1485766688305923,0.1777456566286996,2.1120217925126035,0.5061694524589562
1087,36.25,tracked,1,1,0.11967472664519564,0.06771065223223942,-0.3488370888308675,0.3530549873625098,-0.1029492960118098,-0.1448307948391666,0.18110681706650733,2.1115398442405753,0.5068862754058978
1088,36.28333333333334,tracked,1,1,0.06655737507623868,0.16274326618924106,-0.34809265545781953,0.35195700313361655,-0.10388237608204115,-0.15419024318045327,0.18333223073098642,2.114091010833591,0.5058001353290877
1089,36.31666666666667,tracked,1,1,0.05237410209121748,0.1771693701461679,-0.34955947564449164,0.3524195835680668,-0.10566269087144109,-0.15352282584562224,0.18097465550761715,2.112349832465746,0.5074997479184943
1090,36.35,tracked,1,1,0.10858168806052906,0.06500903450833076,-0.34839163702206566,0.3525560380969883,-0.1036712691171996,-0.15306419735710317,0.17958848215551715,2.1124835755209412,0.5063795264284789
1091,36.38333333333333,tracked,1,1,0.08195804279856436,0.11767058816166043,-0.35123735961556396,0.3512757701664806,-0.10755405184507699,-0.14898981778631643,0.19288798079565636,2.1166702767582386,0.5082619635228084
1092,36.41666666666667,tracked,1,1,0.09281013290785367,0.09451962562566066,-0.35050631848469016,0.35202041489504193,-0.10505744672279915,-0.1452901532593078,0.18827865262843416,2.113555363719355,0.507750055551432
1093,36.45,tracked,1,1,0.07529634859393708,0.12795959220413802,-0.3491217249877284,0.35164609274891556,-0.1042169836625309,-0.14953942621796953,0.18854053728192177,2.1146853732307256,0.5063616623399744
1094,36.483333333333334,tracked,1,1,0.12890735138218212,0.019778537089615772,-0.348015845536495,0.35243979003708437,-0.10332757286470484,1.843449382616168,0.604556854942714,1.358022848513108,0.5059697833467691
1095,36.516666666666666,tracked,1,1,0.08157841619008127,0.12069129395803257,-0.3456787147660668,0.3521039219445644,-0.09965003207900242,-0.1469660840153225,0.1892964212910872,2.110069205654209,0.5033895852959315
1096,36.550000000000004,tracked,1,1,0.09829115477951422,0.11059671821184586,-0.35038304567725015,0.3531092376314485,-0.10455047987351962,-0.1401290936959811,0.18208557699773797,2.1148435141292468,0.5083160584129838
1097,36.583333333333336,tracked,1,1,0.13544587824110088,0.029863821231263743,-0.3472431473530949,0.35314377948732756,-0.10231104578552536,-0.1462836480618223,0.18396873687436113,2.114134423005718,0.5057231282668465
1098,36.61666666666667,tracked,1,1,0.12173828907729593,0.05827556316905365,-0.34699758374414125,0.3520799643867072,-0.10211880649637795,-0.15242975658247332,0.18543633577998514,2.110690494316508,0.5047730926733932
1099,36.650000000000006,tracked,1,1,0.0672581346865538,0.15252046139293146,-0.34638341922827653,0.351121556091397,-0.10127803488700171,-0.15011671370331853,0.1920579183643652,2.1146894477971405,0.5035127214072042
1100,36.68333333333334,tracked,1,1,0.10974219795173815,0.06885511981020576,-0.3479588180159759,0.3520581630524138,-0.10262981794441561,-0.14700818030755056,0.18818296509009236,2.1137070320163898,0.5055226688668065
1101,36.71666666666667,tracked,1,1,0.11084878214571582,0.058301144409894826,-0.34619158734239963,0.35209939158207293,-0.1025004867050669,-0.15598803952387316,0.17692104012706356,2.1076272058636283,0.5043103672084204
1102,36.75,tracked,1,1,0.15127778642233863,0.019938819832097582,-0.3450825678923071,0.35219704895298626,-0.10012652348649925,1.8471261847637364,0.6160234649033944,1.3536536485205142,0.503140199805018
1103,36.78333333333334,tracked,1,1,0.16188414683352692,0.02861283821208571,-0.34758494336183055,0.35202265386183235,-0.10146563029142969,1.8484685955266267,0.6125923499382622,1.351854781770459,0.5050054611726604
1104,36.81666666666667,tracked,1,1,0.12521726372065842,0.026932398783010653,-0.34746847431092664,0.35171916620898164,-0.10207737333017891,-0.1501214872999853,0.19242903002205122,2.1132518633503685,0.5048371050791464
1105,36.85,tracked,1,1,0.15446123895519592,0.02450504336981485,-0.34754825972768383,0.3516430922931004,-0.10185238093394683,1.8505062382880455,0.615834780425229,1.346659419659757,0.5047935862301633
1106,36.88333333333333,tracked,1,1,0.16881691565297413,0.002900021435170791,-0.34796336613978446,0.3534367055876042,-0.10135033846313746,1.8512216663113625,0.6143668244483849,1.353350809043241,0.5062290984707823
1107,36.91666666666667,tracked,1,1,0.1156021296228244,0.049144368546506806,-0.34591817992301555,0.3530211857476452,-0.09925970122061673,1.85682610897724,0.6099659150681225,1.344198668044563,0.5041188680007238
1108,36.95,tracked,1,1,0.13839276064302058,0.0005421890046780897,-0.3479940595773915,0.3536827640673878,-0.10150305253039893,1.8541817805199585,0.6110465500752984,1.3495705580207704,0.5064525967674463
1109,36.983333333333334,tracked,1,1,0.07416763204470585,0.1292864075135069,-0.3440424219951101,0.352299753228263,-0.09973969374755154,-0.1607125309344365,0.18450916124271197,2.111485522205904,0.5024224425379621
1110,37.016666666666666,tracked,1,1,0.10489482429934485,0.07081418866472453,-0.3454651412653973,0.35363200733340777,-0.09876209373783007,-0.1479096518887949,0.17628603918168523,2.10813089545886,0.5041385837244122
1111,37.050000000000004,tracked,1,1,0.1187709693428472,0.03812340002676376,-0.3462936641368058,0.3526780191218586,-0.09942599025286109,-0.147556568653068,0.18929482131499784,2.111299188773411,0.5041692320350131
1112,37.083333333333336,tracked,1,1,0.10417401042281617,0.07172522480066539,-0.3502191872308384,0.35268138740329896,-0.10224968563565229,-0.13636307864891598,0.19120556403949834,2.1126461136552246,0.5074373245415976
1113,37.11666666666667,tracked,0,1,0.10708902663310736,0.059452498290697806,-0.34571037053428505,0.3599121973268483,-0.09988548941762243,-0.145661441643527,0.15941393050433192,2.108347643667784,0.5089494680965791
1114,37.150000000000006,tracked,1,1,0.11382832131040083,0.05600003397983638,-0.3478602043540551,0.35191286095016483,-0.10170315722233964,-0.15055032923138134,0.19141895031969827,2.1104026660874733,0.5051662257756024
1115,37.18333333333334,tracked,1,1,0.14205622396206372,0.04682528449523385,-0.348304261853561,0.3538647621791973,-0.10164131662130632,-0.14233024986931575,0.1850519988788132,2.108828311879156,0.5068205658633108
1116,37.21666666666667,tracked,1,1,0.1185423665479705,0.055103954589518014,-0.34695138542251064,0.3533294944775728,-0.09892342777326268,-0.14238031968353904,0.18703232191852176,2.1110364729709983,0.5049780590053281
1117,37.25,tracked,1,1,0.10380313738817704,0.09152322958853118,-0.3490088289405233,0.3538845914274119,-0.10033070537959338,-0.13490499591903748,0.18683081408497307,2.113951623646927,0.5070579031729497
1118,37.28333333333334,tracked,1,1,0.09481795016557454,0.10003771416077203,-0.3499281619247909,0.3541633150181814,-0.10070830435153,-0.13106659259018993,0.183794653771775,2.111057314672879,0.5079601704642704
1119,37.31666666666667,tracked,1,1,0.06927039528118634,0.1440827204431078,-0.3492382174201087,0.35315162556928864,-0.10224842217732538,-0.14243351442309618,0.18581590703417403,2.113722574919499,0.507087904595208
1120,37.35,tracked,1,1,0.1460027619268727,0.009557586318751199,-0.3489936038328342,0.35306267492411353,-0.10156272177710812,1.8542895715471497,0.6180844553214583,1.3425464882094886,0.5067196210880074
1121,37.38333333333333,tracked,1,1,0.13842608156881472,0.027180680501478094,-0.35026824431031034,0.35284695164677,-0.10205038696129864,-0.1393229101601454,0.18915776233302706,2.1128601688226896,0.5075461513375863
1122,37.41666666666667,tracked,1,1,0.16341018530113746,0.028592932270479016,-0.35015205449064846,0.35318475496564394,-0.10096982213910521,1.8574438226922196,0.6211513017236586,1.3405637259565129,0.5074848149323944
1123,37.45,tracked,1,1,0.13329690001297148,0.063706414921093,-0.3474596368503668,0.3525880121536218,-0.09980936339713686,-0.14741991356420017,0.1873762122478742,2.111296250930923,0.5049835785214931
1124,37.483333333333334,tracked,1,1,0.13774965836746153,0.023623106404168287,-0.3488213956130885,0.3535265103139969,-0.1010371312750743,-0.1414299486968003,0.18374268289986032,2.1106040548769514,0.5068193577879124
1125,37.516666666666666,tracked,1,1,0.13986891507633592,0.03925583990051551,-0.3501537191813616,0.35198978208619036,-0.10191332493634314,-0.1408743610810039,0.1971129123057295,2.1145709768079284,0.5068439203040758
1126,37.550000000000004,tracked,1,1,0.1217489350746141,0.03201297281784313,-0.35018607116086337,0.3527897237708898,-0.10220068485870315,-0.13943316259952188,0.18926331027095736,2.1126766057895456,0.5074799046455041
1127,37.583333333333336,tracked,1,1,0.10542002809832858,0.06795112950160755,-0.34879305571207275,0.35285380884071693,-0.10091981259644611,-0.1405751274990736,0.18314773325683426,2.1079470319419054,0.5063074310148609
1128,37.61666666666667,tracked,1,1,0.1500986233520361,0.0015050252549401733,-0.3459254763227701,0.353200626364965,-0.09816952298608339,-0.1471823651605193,0.18641800361378444,2.10827011094253,0.5040360829117834
1129,37.650000000000006,tracked,1,1,0.1161437952569075,0.05615026815872938,-0.3500942178538839,0.3515709803661295,-0.10278352278774844,-0.14423886241805642,0.1975747719443885,2.1129884386138107,0.5066878409504058
1130,37.68333333333334,tracked,1,1,0.07894990033767545,0.12643657426568178,-0.34830295628932506,0.3529388824927334,-0.10162896771300373,-0.14960008579876058,0.1844000848637542,2.1125541691612075,0.5061711679002605
1131,37.71666666666667,tracked,1,1,0.13689074586346064,0.03635484979281181,-0.349696295834395,0.3530095496207889,-0.10238280735595529,-0.14420305692106686,0.18204212461461697,2.1122327758252646,0.5073317264727838
1132,37.75,tracked,1,1,0.09438962991503418,0.1368687081785282,-0.35000890852313915,0.3532283354598444,-0.1029088056887722,-0.14228890803542557,0.18483261494138542,2.109047904903853,0.5078057850257134
1133,37.78333333333334,tracked,1,1,0.07317412250592606,0.13062847662623242,-0.3490035266345359,0.3516821163573759,-0.10113447670293385,-0.14617859465559885,0.19569382317324685,2.1128505513447706,0.5056796960002669
1134,37.81666666666667,tracked,1,1,0.06944383616807612,0.1374016227373121,-0.34771824813771096,0.35267763946118164,-0.10012519294453998,-0.145658579317214,0.1904612299567911,2.1124465694180596,0.5052866035489674
1135,37.85,tracked,1,1,0.10244216982050473,0.08944245972027105,-0.34749559323347884,0.3521222271393477,-0.1004980792780602,-0.14945320950354427,0.19183608473939068,2.112578672076969,0.5048198828303428
1136,37.88333333333333,tracked,1,1,0.0916431679895302,0.10713802284180396,-0.35106088365921434,0.35260043810801545,-0.1024529946008853,-0.1354362444188891,0.19433480781306728,2.115460098949071,0.5080033750795775
1137,37.91666666666667,tracked,1,1,0.0808894918363441,0.12849380556413775,-0.3499188853897594,0.3522292414370727,-0.10209655025085362,-0.14134610753495735,0.19763268106801787,2.1152977140418194,0.5068849676690682
1138,37.95,tracked,1,1,0.09064382552812794,0.11714898857208791,-0.34963608108212824,0.3533258539516608,-0.10121359453647905,-0.13818470524306775,0.18480075324224285,2.1115050408862244,0.5072758026795026
1139,37.985,tracked,1,1,0.08722674703331418,0.1478702740332192,-0.3485254980220142,0.35294202213458903,-0.10091050731731355,-0.14602938333737056,0.1800678339611734,2.110469734203724,0.5061827972649637
1140,38.01833333333334,tracked,1,1,0.13986700147034628,0.009924366048923272,-0.349460213176753,0.35465012645932625,-0.09988045463125422,1.8675279039382715,0.6096948097684561,1.343612589217341,0.5078141963440012
1141,38.05166666666667,tracked,1,1,0.10184583135758375,0.07455862016403171,-0.34564368363952247,0.3544250101815861,-0.09675924612365411,-0.1413923692122473,0.17122300467768073,2.105355504699908,0.5044293762188455
1142,38.085,tracked,1,1,0.14006014661394853,0.002727270694919237,-0.3446334941510254,0.3535078061600876,-0.0971699114730189,-0.14805468413033937,0.1764420914994608,2.105205376241037,0.5031719447689201
1143,38.11833333333333,tracked,1,1,0.08396345121625355,0.11381876353162297,-0.3490313527399823,0.3540936765809815,-0.10121236513243004,1.8622868074400563,0.5977341165825734,1.349101913211709,0.5073944814893429
1144,38.15166666666667,tracked,1,1,0.10704313883551299,0.061816210674994085,-0.35053998761804495,0.35303913699701306,-0.10267416242423716,1.8586848771839009,0.6106390242056554,1.343035845663035,0.5079930105822063
1145,38.185,tracked,1,1,0.1086399886780973,0.11850115829760619,-0.3471038827609731,0.35466906736096837,-0.09856809728851379,-0.13432460756631842,0.18026369971287134,2.1111273197356093,0.5059515021951416
1146,38.218333333333334,tracked,1,1,0.1329757187213534,0.012363904154770206,-0.34673985899179977,0.3540181127108952,-0.09895018160075059,1.8718958078355687,0.600853925676579,1.3411004367805073,0.5053201879797192
1147,38.25166666666667,tracked,1,1,0.090622752903095,0.10649697716730401,-0.3479536325522385,0.35420091946902893,-0.09879115277747197,-0.13568756896037074,0.1796454005012792,2.108737440687553,0.5062506430871032
1148,38.28500000000001,tracked,1,1,0.12292741510708988,0.02986071653776723,-0.3469874633425934,0.3539550764628364,-0.09856828042302429,-0.1393715986348582,0.17891725331230499,2.1101770001958684,0.5053713503714787
1149,38.318333333333335,tracked,1,1,0.090946499818222,0.10533913311947035,-0.34645275566093775,0.35369070074488584,-0.09763446621188954,-0.14120169356941753,0.18174642419084627,2.11065864808312,0.5046376053079541
1150,38.35166666666667,tracked,1,1,0.09997928272987473,0.09554942965395098,-0.34569700475328924,0.35502634574124303,-0.09663801307787623,-0.13845553586587023,0.16706912365165347,2.103614058684445,0.5048653591180683
1151,38.385000000000005,tracked,1,1,0.08039274691779603,0.11702433252529003,-0.3473803054129512,0.3547805853420491,-0.09801446781481932,-0.13450408574156425,0.17374882850996426,2.105963342003811,0.5061118218590279
1152,38.41833333333334,tracked,1,1,0.10906221405760742,0.05853349261587219,-0.3487402901065811,0.3547812869720424,-0.10045359403765813,-0.13603200220906628,0.17932752632495746,2.107967895084178,0.5075238675020552
1153,38.45166666666667,tracked,1,1,0.0898634398999742,0.10253732586328285,-0.34672131314301297,0.3546878783469895,-0.09901703828114905,-0.13886624696785838,0.18142659666204136,2.10973037498325,0.5057900096916452
1154,38.485,tracked,1,1,0.13458126736773965,0.06514302378045864,-0.3466817118195062,0.35457393163223794,-0.09825662174564526,-0.1407401459953442,0.17487684865257463,2.1052370234746807,0.5055346140672395
1155,38.51833333333334,tracked,1,1,0.08274181160823761,0.13925130402188052,-0.3468772579959955,0.35417050875296385,-0.09921759152579912,-0.14313820390047835,0.17082100473774608,2.1074560743566133,0.5055736463200332
1156,38.55166666666667,tracked,1,1,0.09907271677102097,0.07881221672571856,-0.34573092743518313,0.35334366174914406,-0.09926334279895488,-0.1483381935332697,0.17902276890225938,2.107790910485127,0.5042170452365808
1157,38.585,tracked,1,1,0.11568738210027434,0.04521559254615583,-0.3462067083448384,0.35435191849445247,-0.09822668892917669,-0.1403457423449715,0.176089287356338,2.1099643191728292,0.5050473734825837
1158,38.61833333333333,tracked,1,1,0.06091856181185603,0.15882732503299568,-0.3457949356936741,0.35497125781994887,-0.09702534611785119,-0.13792974324574997,0.1709648700649653,2.1051879273881324,0.5049679685078625
1159,38.65166666666667,tracked,1,1,0.1403696583926539,0.009840852522150223,-0.34461657773950566,0.35420765033100576,-0.09687831847179218,1.8700627252072406,0.6097339537177203,1.3383051423990766,0.5035961217045092
1160,38.685,tracked,1,1,0.09319272605901638,0.09193043261123307,-0.3470748702567183,0.3542893212367447,-0.09915729859510486,-0.1374019483892652,0.17896321813585525,2.107669178837625,0.505780642740299
1161,38.718333333333334,tracked,1,1,0.07674035396217373,0.13340642445163559,-0.34522122731285876,0.35302370820031437,-0.09729501379728145,-0.14754769181196423,0.1833066802683597,2.110267273694617,0.503259132106622
1162,38.75166666666667,tracked,1,1,0.1523567027359995,0.023040621431406727,-0.34772481144826023,0.3537342066086887,-0.09947410771298237,1.8638635752687847,0.6144062136970132,1.3423948862038055,0.505900713111872
1163,38.78500000000001,tracked,1,1,0.08784834437172881,0.10184934081276359,-0.3450678343511054,0.3538830446226473,-0.09599770223564935,-0.1423050210981829,0.17425931285651147,2.10823439516283,0.5035082704481436
1164,38.818333333333335,tracked,1,1,0.1319716377279759,0.027109381888133166,-0.3467012487415694,0.3546152272630422,-0.09728520974059224,-0.13185538976211694,0.17767291445950584,2.108540614628712,0.5053890850820323
1165,38.85166666666667,tracked,1,1,0.10082607251093291,0.08121461190899097,-0.3485146860424879,0.3536795461217581,-0.10114094678999436,-0.13831872223161046,0.18078645225793843,2.111824664781078,0.5067358274779505
1166,38.885000000000005,tracked,1,1,0.09884427484947565,0.08443983588420388,-0.3475019772428714,0.35435158329879224,-0.09933928137733444,-0.13891097269907857,0.1799725071851733,2.1109552939258522,0.5061531009473628
1167,38.91833333333334,tracked,1,1,0.1003737377500176,0.07702559613830012,-0.3449324845911049,0.35431263991226547,-0.09627675561822596,-0.14160716602808798,0.17041893787774917,2.107113930403213,0.5037708600149111
1168,38.95166666666667,tracked,1,1,0.1292551159276254,0.03076328452302976,-0.34774007663194456,0.3534904990721197,-0.09805255741890356,1.8661931503852394,0.6264022982402253,1.338671561341588,0.5054631518188386
1169,38.985,tracked,1,1,0.060878618541144645,0.15710680663549514,-0.3452876430050543,0.35340772735877257,-0.09698650821255372,-0.13965295928420343,0.18091360443491297,2.1102995053136016,0.5035146084714346
1170,39.01833333333334,tracked,1,1,0.10069664249210386,0.07395491018349296,-0.34782836632718417,0.3534871217734191,-0.0980162947792374,-0.13366339006907205,0.18090108453982415,2.1087075892669183,0.5055145019915296
1171,39.05166666666667,tracked,0,1,0.10402347328797908,0.07240529189431973,-0.34437160847114223,0.36051472383180716,-0.09659810930904378,-0.14597898878770857,0.15244516567005803,2.106994711692808,0.5078325172166586
1172,39.085,tracked,1,1,0.1219095091441093,0.06482577419926387,-0.3475783421875583,0.3526889768965764,-0.09831202057381105,-0.13500254055002975,0.18944848814892912,2.1135102387110525,0.5048420265503959
1173,39.11833333333335,tracked,1,1,0.10551780415716293,0.06556709399155257,-0.34553311997043734,0.35284178771132046,-0.09535792707314272,-0.13745321616675296,0.18350695494313904,2.1101731318296295,0.5029747492742672
1174,39.15166666666667,tracked,1,1,0.07981221116932631,0.11755791286218013,-0.3448453260475583,0.3542110836647475,-0.09468675391515352,-0.13312455829362854,0.17379206149055068,2.1067453185161162,0.5033382282866963
1175,39.185,tracked,1,1,0.11410386800284528,0.05131177068157916,-0.34598702636234846,0.3540440171922031,-0.09532977396418524,-0.12520654760855465,0.16797889414228875,2.1044246896722187,0.5041249392013016
1176,39.218333333333334,tracked,1,1,0.12099364297231917,0.03710171412825984,-0.34562133245576004,0.3523231090291819,-0.09675021990398097,-0.1396686782880232,0.17893160057602142,2.114318250393822,0.5029376538458346
1177,39.25166666666667,tracked,1,1,0.09778035502285826,0.09980078863277031,-0.34590998668528755,0.3529664561843887,-0.09583144776653335,-0.12966143546582046,0.18036487945923063,2.1105986160798933,0.5034110690688194
1178,39.28500000000001,tracked,1,1,0.12048393334415378,0.041493060824236844,-0.3424751274973129,0.3525413951123573,-0.09392885084365254,-0.14540965215054713,0.1783839711637204,2.112702865177963,0.5003971195389488
1179,39.318333333333335,tracked,1,1,0.10626748037030631,0.07158782650583301,-0.3431532072628952,0.3531353533931721,-0.09579488281766191,-0.1465812874934384,0.17247813752110383,2.1115449404181166,0.5016326953508728
1180,39.35166666666667,tracked,1,1,0.10746700639617089,0.07065696041056453,-0.3446174413024962,0.35338623213489195,-0.0956420571213159,-0.13993000614996892,0.17472361156512253,2.110368805690263,0.5027826697518245
1181,39.385000000000005,tracked,1,1,0.1377059741542897,0.10018657583451371,-0.34162932177471306,0.35358455385489057,-0.09356953309265309,-0.14294342162646728,0.17396604256372405,2.112194497838257,0.5004876499417239
1182,39.41833333333334,tracked,1,1,0.12066964607236229,0.041837928725016835,-0.34316123515238506,0.35260448850914755,-0.09458774212195253,1.8667734149221733,0.6272676394455493,1.3405700461738856,0.5010353276844229
1183,39.45166666666667,tracked,1,1,0.06331476035934488,0.15657863840315295,-0.3467568354152588,0.3523845403073533,-0.09776950019469116,-0.13699142419155555,0.17828291690570033,2.1163490983687807,0.5039583736015796
1184,39.485,tracked,0,1,0.15337952527778723,9.795541517371165e-05,-0.33950580681276077,0.36029561053588655,-0.09392680723397145,1.8592485233008091,0.6006622667423901,1.3658889805461205,0.503884277337742
1185,39.51833333333334,tracked,1,1,0.13919957077677095,0.04109897555365433,-0.3426460073104244,0.35373161570691475,-0.09522414752290503,-0.14296454787698443,0.17096361382838027,2.112746764140984,0.5015974287691912
1186,39.55166666666667,tracked,1,1,0.1373981036974022,0.012210706495887291,-0.34253798486008113,0.3543893250913593,-0.09412527679011479,1.8687672538200353,0.6219333595496725,1.345883227135904,0.5017804624948345
1187,39.585,tracked,1,1,0.1176118708708589,0.0839701082248651,-0.343009130291082,0.3538691337564682,-0.09534749731449388,-0.1428311947962977,0.16522296090095495,2.1098701101550565,0.5019659077394949
1188,39.61833333333335,tracked,1,1,0.07227536677177179,0.14864840953538494,-0.34128066817212227,0.35339869864885476,-0.09295761561249882,-0.1410360763228803,0.1739474294264539,2.1084877969543068,0.5000042529569877
1189,39.65166666666667,tracked,1,1,0.09234430099408665,0.09988948771732344,-0.3422831502915601,0.35486223971144243,-0.09340572354560195,-0.13612153457451961,0.15786923700877564,2.106933812769918,0.5018063305077103
1190,39.685,tracked,1,1,0.1330188863365365,0.03858597323586571,-0.3428531583572044,0.3541646000484506,-0.09442301986653634,-0.1368819916853364,0.16846520087305514,2.112577860553674,0.5018929754476602
1191,39.718333333333334,tracked,1,1,0.1158265370903914,0.05454711251163766,-0.3439592705911912,0.3526491392077648,-0.09492106926911925,-0.13637873971561704,0.1742112684059054,2.1125166618117057,0.5016765936345792
1192,39.75166666666667,tracked,1,1,0.07562409187824554,0.14809157400123504,-0.3424768935221824,0.352703363273967,-0.09540032701422246,-0.14439579600356744,0.17829889250550557,2.1120654541011117,0.5007906822773291
1193,39.78500000000001,tracked,1,1,0.10137520274793499,0.09173172667095875,-0.34116778496228073,0.35303545798942204,-0.09527690400802319,-0.1535994738058523,0.16345827961974232,2.111397166251687,0.5001071690460196
1194,39.818333333333335,tracked,0,1,0.11972541815865334,0.050041287283864366,-0.3372929206497582,0.36021146206517424,-0.09147627888196125,-0.15107065420141286,0.15316189439161765,2.107456543498017,0.5018831749736834
1195,39.85166666666667,tracked,1,1,0.0944207153033766,0.11185618901183668,-0.3417758716534714,0.35387589180138274,-0.09436129445035313,-0.14468468913831706,0.16619032785367877,2.107951090809298,0.5009420596566636
1196,39.885000000000005,tracked,1,1,0.09316653882935179,0.10606379392139569,-0.3432577363247293,0.3530007471989917,-0.09489920569517102,-0.13607900503908074,0.17857481015646995,2.1137331083001647,0.5014391890462873
1197,39.91833333333334,tracked,1,1,0.1084502950062748,0.07150077203217907,-0.34053614022990175,0.3533030193071556,-0.09343755717711166,-0.14490534102647243,0.16939392630022804,2.1101466741339787,0.4995182312443237
1198,39.95166666666667,tracked,1,1,0.13494849354935043,0.018506527626407837,-0.3415844147550353,0.3533725271886503,-0.09496390626320156,-0.14486105257299414,0.17044972492771726,2.113720993977269,0.5005698741114966
1199,39.985,tracked,0,1,0.13915590650542653,0.014433316453222239,-0.33813787813507357,0.359713818836817,-0.0926086488310171,-0.15122988819867855,0.15258494199681652,2.1084166779854985,0.5023023172653724
1200,40.01833333333334,tracked,1,1,0.0847092519164594,0.17477398312701536,-0.3420073749475683,0.35327778404859206,-0.09392520464364773,-0.13845409833949854,0.17398227488502616,2.1156127326503626,0.5005958262792063
1201,40.05166666666667,tracked,1,1,0.07360077380261427,0.14273314417790184,-0.3427305690475944,0.35275097931046345,-0.0953999893360189,-0.14490792217179238,0.17332837374844137,2.1134016631623243,0.5009976590059991
1202,40.085,tracked,1,1,0.10668567951639431,0.08950466556886762,-0.3406069273964475,0.35284034876650905,-0.09322760815638936,-0.1443255736690665,0.1684036656165232,2.108983376529783,0.49920013785122486
1203,40.11833333333335,tracked,0,1,0.12880122272799288,0.048588380675544524,-0.33545229156554807,0.36001619103344873,-0.090236163739709,-0.15415475429979233,0.1507357225079905,2.1085441078868175,0.5002823832289817
1204,40.15166666666667,tracked,0,1,0.0896543848745583,0.11991675327198285,-0.33674903373365034,0.360005333217766,-0.09109863871708856,-0.14994327174083505,0.15256552379985097,2.1111687455631474,0.5013010209862818
1205,40.185,tracked,0,1,0.09337742518350514,0.10540722336286684,-0.33676657268687565,0.3600488443255894,-0.0911216105365471,-0.15237319865593052,0.1492007844407805,2.1086883496076103,0.5013482249756465
1206,40.218333333333334,tracked,1,1,0.09652359340434716,0.09844854999153493,-0.3408820743350038,0.353967437815948,-0.09383809162827472,-0.14515161420783793,0.16379213842704804,2.1055518292785593,0.500299033656231
1207,40.25166666666667,tracked,0,1,0.15005612623732412,0.0012847897158500543,-0.3358433856039842,0.3600332745360391,-0.09037459235304651,1.850195811163497,0.6120402788837209,1.3727449975818153,0.5005819666848463
1208,40.28500000000001,tracked,0,1,0.10319939121406789,0.08355814725389786,-0.33798116607291356,0.35994431632722007,-0.0924561090099994,-0.1464794193831062,0.14886862461236877,2.1099525128529106,0.5023338646453622
1209,40.318333333333335,tracked,1,1,0.10110986498101777,0.08806905792410992,-0.3409094412154874,0.35221183487413443,-0.0930531278509304,-0.14036437680650338,0.1735306244447454,2.113686064605571,0.4989301637885827
1210,40.35166666666667,tracked,1,1,0.016071150076697172,0.25737846425759703,-0.3428597302588943,0.3528640831831765,-0.09456610374180507,-0.1353299438467507,0.176481980955453,2.1112916454442017,0.5010075885760727
1211,40.385000000000005,tracked,1,1,0.07338963403036826,0.17603036503584052,-0.3403356138302708,0.35240824049619685,-0.09465317670788753,-0.15214738226953473,0.17097386387412802,2.1125108467659666,0.4989780775462456
1212,40.41833333333334,tracked,1,1,0.13426991203306105,0.03632807290322035,-0.3413228838890476,0.35245607735281903,-0.09542470893550298,-0.1530528943034748,0.16820626508653247,2.1124054988353427,0.4998324445298625
1213,40.45166666666667,tracked,0,1,0.10715804976121536,0.0758087840099377,-0.33456075062621465,0.3603919388068433,-0.08856938294807176,-0.15373169933282083,0.14786796770403743,2.106134045909115,0.4996576638182725
1214,40.485,tracked,1,1,0.1085384503188859,0.07262940112115104,-0.3417634051494921,0.35243116168356453,-0.09515382323721605,-0.14645703126088216,0.1774421524404985,2.1145648926834206,0.5000641947806922
1215,40.51833333333334,tracked,0,1,0.056074644998270425,0.17997903612211633,-0.33387991350749124,0.36033936996968685,-0.08783745705969687,-0.15551869537690918,0.14392952612416848,2.104260752952198,0.4990347453400763
1216,40.55166666666667,tracked,1,1,0.1630529256067987,0.02089017338069038,-0.3399189480158551,0.3526196689089321,-0.0927430649644852,-0.1434955353011032,0.17309543450531703,2.1124880488843853,0.49848450148490797
1217,40.585,tracked,1,1,0.14984953324373618,0.027892193832496304,-0.3413913850047822,0.35241147627150415,-0.09372740728009815,-0.1402136372360829,0.17588772005673012,2.114561446682819,0.4995265290640666
1218,40.61833333333335,tracked,1,1,0.05919674204024682,0.17257273440569668,-0.34163004974332234,0.3524843929391598,-0.09451771842569429,-0.14233587216421079,0.17687119792196962,2.1147552268971577,0.49988992513323544
1219,40.65166666666667,tracked,1,1,0.059907310598064346,0.17198263134933547,-0.3417222844763183,0.3505111258419254,-0.09517440085669548,-0.152627375136557,0.17972237562093502,2.114742723639733,0.4986886158968528
1220,40.685,tracked,0,1,0.15796474345214312,0.0008285224923958723,-0.33484533948253836,0.3602675894188077,-0.08917471630245033,1.8457318873325117,0.6119727928009397,1.3725300697582303,0.49986624949724046
1221,40.718333333333334,tracked,1,1,0.1823623094349996,0.017898156361187134,-0.3391592083008016,0.3531816906113614,-0.0918752622435337,-0.14626929604919267,0.16552363008041107,2.108762899455299,0.49820411376326873
1222,40.75166666666667,tracked,1,1,0.1135762302434711,0.07965113280116279,-0.34110451330067104,0.35317151956777343,-0.09302786593503859,-0.14121183067688037,0.16308571285855053,2.107340983825036,0.49973652564959203
1223,40.78500000000001,tracked,1,1,0.16209766687091678,0.006720224207887093,-0.34075086732483073,0.3525180562903219,-0.09410779059341728,1.8457909406700368,0.6306221017748707,1.3573733304248987,0.49923582588162224
1224,40.818333333333335,tracked,1,1,0.0954632292076039,0.10643911126048704,-0.34252332122449386,0.35140090571634347,-0.09427012805015311,-0.14203365806552093,0.17630123241976847,2.1124216111723886,0.4996915840431141
1225,40.85166666666667,tracked,1,1,0.15682510568455757,0.011333998101138748,-0.34110554893525197,0.3530561263571495,-0.09349405504811648,1.8506723097464362,0.6254374370904161,1.3566260888639203,0.4997426959967252
1226,40.885000000000005,tracked,1,1,0.11681447166440431,0.0611274800668902,-0.34396458839562805,0.35141615285552924,-0.09653212960296492,-0.14258062317383272,0.18147868288748492,2.1137215028082257,0.5011221433978328
1227,40.91833333333334,tracked,1,1,0.09435398341168931,0.11267651536071797,-0.3403984415316488,0.3518006067696674,-0.09212475551681087,-0.14663979786852813,0.1739985843923931,2.1092776654133805,0.4981181953108254
1228,40.95166666666667,tracked,1,1,0.136970920431718,0.019215004893360282,-0.3420506022044165,0.35215413869958273,-0.0928229077265052,1.8557009909469353,0.6341961848355859,1.3462063224725278,0.49962710501978597
1229,40.985,tracked,1,1,0.1485404124703753,0.005235297268492811,-0.3407447641707383,0.3522833861391726,-0.09262263400337445,-0.14372675864197587,0.17124027002804576,2.108456578341466,0.4987880619954496
1230,41.01833333333334,tracked,1,1,0.15454841738547592,0.014330766521953586,-0.3422716001468119,0.35176684324572244,-0.09441466648966851,-0.14402010906228974,0.1740648618549456,2.113355919755875,0.49980385104806374
1231,41.05166666666667,tracked,1,1,0.10331177121277893,0.092963271757495,-0.341461353762256,0.352351373260721,-0.09470067521443731,-0.14689202350033412,0.16808218756144425,2.112455660373484,0.49971548328817955
1232,41.085,tracked,1,1,0.12687418324520242,0.06607003138191536,-0.3410625891556786,0.35236182606659644,-0.09236282611547475,-0.14233227861764938,0.17187292048143832,2.1082783658232596,0.4990124626084994
1233,41.11833333333335,tracked,1,1,0.12675629794935694,0.044858677467455366,-0.3378732170219788,0.352751782293195,-0.09080388782731114,-0.1537766274905333,0.15584068302128593,2.1040489680669268,0.4968274114180514
1234,41.15166666666667,tracked,1,1,0.12808366354040693,0.040700637756957925,-0.3395521042249577,0.35091596508228357,-0.09291358388416199,-0.15519852345626983,0.16127708597650542,2.1102758475360726,0.4970619479535988
1235,41.185,tracked,1,1,0.09355144146182261,0.10720723139673939,-0.3412052029708048,0.35123377932853334,-0.0926707675134617,-0.145691672491924,0.17437856457060147,2.110592050161561,0.498371377014458
1236,41.218333333333334,tracked,0,1,0.14155281030956365,0.01277703159800439,-0.3339917127761661,0.36023283083655,-0.0874080567421559,-0.15699330144879411,0.14620703995768258,2.097181593155306,0.4989572376457841
1237,41.25166666666667,tracked,1,1,0.12820021470951293,0.03969362449393679,-0.34103194027881734,0.35295587780026716,-0.09317865280629783,1.8442374751577728,0.6334538042163586,1.3456416902019965,0.4995627060769134
1238,41.28500000000001,tracked,0,1,0.14141047905747958,0.015400595648302151,-0.33187175029337806,0.35934512778939687,-0.08568277821702741,-0.16087097696695704,0.14990500946479682,2.084347257484323,0.4965977426365897
1239,41.318333333333335,tracked,1,1,0.09995083709620499,0.10531085170667638,-0.34249076719866806,0.35265699668618733,-0.09315017309407975,-0.13983387203037204,0.15773622957788314,2.092007393858394,0.5003437195323939
1240,41.35166666666667,tracked,0,1,0.1033606539791605,0.10080843399948403,-0.3365039071390077,0.3596330050799041,-0.08891926664496758,-0.14872578314909018,0.14014291918075494,2.0896378539832487,0.50047718613669
1241,41.385000000000005,tracked,1,1,0.09096077026430295,0.11939651513030998,-0.34233843301322964,0.35189684219161177,-0.09255468908401066,-0.13492773034981573,0.15987788955957516,2.0948232558480804,0.49959319524370976
1242,41.41833333333334,tracked,0,1,0.13452277094502135,0.02737481307133033,-0.3343213144139348,0.35968194125235653,-0.08752904216505725,-0.15653187747307104,0.1397229520878253,2.0899663437615157,0.49880173752389545
1243,41.45166666666667,tracked,1,1,0.1340816824230567,0.028330466026827927,-0.34110981578800204,0.35274865721701165,-0.09420575520217289,-0.14551166043178454,0.16324726584512828,2.095750218965713,0.49966213175358926
1244,41.485,tracked,0,1,0.1462171568252973,0.017034731463726083,-0.3352661418686887,0.3602867590375309,-0.08938583411766976,-0.15091136494493174,0.14640450188224907,2.0903483076075173,0.5001997220732886
1245,41.51833333333334,tracked,1,1,0.13567814432802017,0.02722342123651353,-0.338775668346938,0.3520580027882436,-0.09191106051968506,-0.15246749635733303,0.15614357070419105,2.085195572499817,0.49715333030868325
1246,41.55166666666667,tracked,1,1,0.15090153746006263,0.009004875447068739,-0.3410003548324513,0.35278026203433316,-0.09307732214949477,1.8403626855245108,0.6515871397335686,1.344515112310843,0.49939818098926964
1247,41.585,tracked,1,1,0.15310107129984593,0.01072621558161485,-0.3380782061780906,0.35333893412940465,-0.09027098644315429,-0.14567746909527662,0.1489123299963048,2.0830695682919234,0.4972867652147194
1248,41.620000000000005,tracked,1,1,0.1451651344700945,0.008148088432296252,-0.33818818623343305,0.35255216721987637,-0.0918370361024512,-0.15357310577823302,0.1525372843566655,2.084431804255626,0.4970898521589168
1249,41.653333333333336,tracked,1,1,0.11989503360308654,0.05620805694874462,-0.34040237082523245,0.3531340243834836,-0.09356156575663088,-0.1457021845962751,0.15148396747480078,2.083110512987358,0.49933073190776694
1250,41.68666666666667,tracked,1,1,0.11862254584570504,0.05829478908718928,-0.3406825196593878,0.35365902675394323,-0.09353305242184085,-0.14147771576130433,0.14651014949192961,2.0834387627606317,0.49988770569135055
1251,41.720000000000006,tracked,0,1,0.08587526617362834,0.12554260208955711,-0.33327684645590716,0.3599296682834559,-0.08761114457959168,-0.15879517335406196,0.1372685250489191,2.0803612621562073,0.4982956302726114
1252,41.75333333333334,tracked,1,1,0.1197557852447917,0.05864072582209133,-0.3397098646833479,0.3520275351240893,-0.09189102650397613,-0.1439143894525795,0.15777878930097652,2.0843438450190175,0.49776514381852305
1253,41.78666666666667,tracked,1,1,0.11127444586761823,0.07742628719499017,-0.3386620209453723,0.3516171746599131,-0.09182154623716754,-0.1505975397118267,0.15917053534337325,2.084480602912311,0.49674721770736463
1254,41.82,tracked,1,1,0.10961041537896822,0.09013533319907922,-0.3405994133446611,0.3514644759558049,-0.09341900123993407,-0.147961452434589,0.15975023754174153,2.0837959721633355,0.49825931804862683
1255,41.85333333333334,tracked,1,1,0.12140929999291108,0.05654825762047325,-0.34066533277666766,0.350740440221585,-0.09376232103084109,-0.15285160535668624,0.16442975078285876,2.0882055422969237,0.4978585122379244
1256,41.88666666666667,tracked,1,1,0.14284343707384953,0.01037041895582011,-0.3403692872189216,0.3521796513720886,-0.09238811324881213,-0.1454080909932303,0.15516411634017568,2.080853894860536,0.49841480916216563
1257,41.92,tracked,1,1,0.10797014607333918,0.10658868694942872,-0.33901952290866294,0.35280301900339656,-0.09229965445818389,-0.15132039276369041,0.14957219349901066,2.07849226061657,0.49791910321278954
1258,41.95333333333333,tracked,1,1,0.11839931829675387,0.08101103565146156,-0.3387300193064549,0.3513920714899693,-0.09166247317374349,-0.14782529285319018,0.15476606978420912,2.081605154818312,0.4966048961434938
1259,41.98666666666667,tracked,1,1,0.12469130829320216,0.07197465828908908,-0.33866261702062955,0.35197536172644417,-0.09232695549838682,-0.1478611295333663,0.15340479102661486,2.084710324314924,0.4970948502462321
1260,42.02,tracked,1,1,0.12404874889684636,0.060094624871755015,-0.33844763419933904,0.3523661084428111,-0.09110962819215473,-0.14206852993677424,0.1559128452055896,2.0809346649191993,0.49700064368527047
1261,42.053333333333335,tracked,1,1,0.10010674749952839,0.10649726652059527,-0.33866783220122093,0.3534066236822654,-0.0914773730211163,-0.14225278241440925,0.15059712358096997,2.076675074336843,0.49795607437324946
1262,42.086666666666666,tracked,1,1,0.14163639462444402,0.024406123090626508,-0.33926859545799065,0.3513646109441703,-0.09259064369756248,-0.14695510802927605,0.1647226638972525,2.079078465346334,0.49712503154469584
1263,42.120000000000005,tracked,1,1,0.0774305595665542,0.14313000178341612,-0.3397599641337645,0.3517862707752401,-0.0920024461883997,-0.14105534433473038,0.16420383436027947,2.0756930210897373,0.4976493380270659
1264,42.153333333333336,tracked,0,1,0.11521105704500469,0.06859012021969045,-0.3311610361173636,0.3592192656114765,-0.08694354503964297,-0.15926962377327947,0.13963744787634275,2.0675476077213317,0.4962512394471521
1265,42.18666666666667,tracked,1,1,0.127217626037624,0.04381496006033689,-0.33932037706614626,0.3526111194218793,-0.09271484524937557,-0.14434801961898058,0.15801837130145954,2.0726785964819423,0.49806521898429945
1266,42.220000000000006,tracked,1,1,0.12998266300010844,0.04939962261683578,-0.3386752125670077,0.35145736074836775,-0.09216494284763999,-0.14999856612393928,0.16742053961323503,2.0764252008102613,0.49670670694246205
1267,42.25333333333334,tracked,1,1,0.10132622405855121,0.09605126096311378,-0.33951873865047055,0.35260780709328504,-0.0926913579199738,-0.14337630311260036,0.15917341567561497,2.0748934976596,0.498193664503063
1268,42.28666666666667,tracked,1,1,0.13691531345813673,0.03781783057845034,-0.33770819771015553,0.3521483631741352,-0.09156812165811395,-0.15214888983337052,0.15261066592734704,2.075659468799404,0.4964272528687958
1269,42.32,tracked,1,1,0.16288523195506957,0.017648487710560018,-0.3396491775715597,0.3512248621463709,-0.09311135934476,-0.14770322112735715,0.16282367525018004,2.0768463625224074,0.4973833459755193
1270,42.35333333333334,tracked,1,1,0.14779119272680963,0.009947049744158998,-0.33888804612974305,0.3528397864854997,-0.09157738636884344,-0.14558324859446423,0.15315492315821,2.071464802696359,0.49772225229631467
1271,42.38666666666667,tracked,0,1,0.1375585221974515,0.028315150907215092,-0.33186596478829106,0.3599456486167669,-0.08669463571848562,1.8394724068691017,0.6437692193909619,1.344075475489424,0.4972040309625106
1272,42.42,tracked,0,1,0.13350802372528223,0.03982650141514035,-0.33053536227691727,0.35997006408497934,-0.08460754108209778,-0.1664422788390951,0.12917126101769516,2.061259761412085,0.4959743025206407
1273,42.45333333333333,tracked,1,1,0.14823158535479053,0.01077963078189853,-0.33778987426118323,0.351505667117087,-0.09070375687158072,1.8433408902347346,0.6741165199962084,1.3173452308302978,0.49586833401562674
1274,42.48666666666667,tracked,1,1,0.13693970395794133,0.05255625341768866,-0.3366906231407134,0.35316521158228786,-0.08898724386093754,1.847654711233163,0.6659216540791474,1.32232895465973,0.4959888828923588
1275,42.52,tracked,0,1,0.0935120028504515,0.11187548996514171,-0.3311664458756086,0.36034919208088856,-0.08420715470984497,-0.16514329033090963,0.13005354935866828,2.0628512889813297,0.4966020539743662
1276,42.553333333333335,tracked,1,1,0.11261180867814001,0.09010064290810103,-0.33733107590576505,0.3525367910313261,-0.08891962555566385,-0.16639405160009374,0.14389057914273168,2.0630013253108874,0.495964861266769
1277,42.586666666666666,tracked,0,1,0.07179474102082276,0.16865375098210347,-0.3310239319483727,0.36059496095968846,-0.08281625885015598,-0.16900153354849787,0.12210603357226374,2.0544899259073226,0.49645151034317153
1278,42.620000000000005,tracked,1,1,0.10525507099812723,0.09310203884755736,-0.3393996875472653,0.3520808047718878,-0.08938408956966643,-0.1584279822180038,0.15272996531038058,2.0637402844475736,0.49713434448265553
1279,42.653333333333336,tracked,0,1,0.14914656446765326,0.008534792778443712,-0.33151338406641845,0.3603739130756435,-0.08296507306709416,-0.17215252055622293,0.1216983236180882,2.056272442481521,0.4966424109856592
1280,42.68666666666667,tracked,1,1,0.11075792733695573,0.08069290977375886,-0.33780294802786437,0.3531931349612163,-0.08735775970421061,-0.16536759655474356,0.14353038832641013,2.062184550637485,0.49647517607689773
1281,42.720000000000006,tracked,1,1,0.15155892819220407,0.03664997934070874,-0.3370774698733502,0.3532838073862958,-0.08538660068218279,-0.16538247182785665,0.139633501094456,2.062122128234518,0.4957030772888496
1282,42.75333333333334,tracked,1,1,0.12888822227945593,0.04916540632394287,-0.33633782139793755,0.35467429553961016,-0.08357600355940847,1.8619254379678298,0.6853616206314455,1.3064000095834092,0.495885001174861
1283,42.78666666666667,tracked,1,1,0.07961468796921506,0.17843804715532413,-0.335803788319661,0.35559408675404425,-0.0803911646752492,-0.15756999436459512,0.12313203402403387,2.054898468244239,0.4956552008625769
1284,42.82,tracked,1,1,0.17198823843829075,0.025706950030264825,-0.3306170690721608,0.3541323031172642,-0.07555215656066372,-0.16372229884961895,0.1393682843463781,2.058803056483206,0.49033199246425974
1285,42.85333333333334,tracked,1,1,0.130742528891601,0.08958748329803878,-0.33250687164003895,0.3555527815811752,-0.07498749124583137,-0.16388174617985551,0.12424441663489967,2.0505409965873556,0.4925461643554844
1286,42.88666666666667,tracked,1,1,0.11461069870227958,0.11277246878063554,-0.3320638312940084,0.35507154591958834,-0.07248911701459748,-0.16634082477407983,0.12931075061876013,2.0511220872617533,0.4915250378779681
1287,42.92,tracked,1,1,0.13190472625434016,0.07502119068874064,-0.32960488851678404,0.3563847753773913,-0.06824836502100018,-0.16120788022391946,0.1311956078462178,2.049012155288515,0.49021151555527026
1288,42.95333333333333,tracked,1,1,0.09274444391262612,0.14284943252543644,-0.32822048088137096,0.35729033117569126,-0.06412294705071137,-0.15847715282778382,0.12599732533985106,2.0457011722744385,0.48938412025739236
1289,42.98666666666667,tracked,1,1,0.12601546102987066,0.0813551742454951,-0.327515667671022,0.3580973763135509,-0.06291028695725859,-0.16432158825492882,0.11923024972811684,2.039938660513519,0.48934440601450513
1290,43.02,tracked,1,1,0.18308152045148662,0.03533922762140071,-0.329166266491563,0.35910047814861157,-0.061526560788675966,-0.15922937599205103,0.1213118295848547,2.0400620360157435,0.4910082505264436
1291,43.053333333333335,tracked,0,1,0.13715685768699226,0.06871266063504025,-0.32155869454509295,0.36693533824075153,-0.051774134047276876,-0.16045095820578056,0.09682743794187848,2.0339869358207676,0.4906343826555009
1292,43.086666666666666,tracked,1,1,0.18358344022600503,0.015596152470723795,-0.3304349210144645,0.36145569623675655,-0.056109996732513046,1.8960864894399512,0.7115070111480846,1.2728346561496042,0.4929358874145363
1293,43.120000000000005,tracked,1,1,0.11618560325531359,0.13168680523900445,-0.3231387453551287,0.36194865095393136,-0.04771775381888532,-0.15631297652750134,0.12586728411994116,2.0396177210702517,0.4875473912416898
1294,43.153333333333336,tracked,1,1,0.16801411051053422,0.0342402598340629,-0.32387351776062967,0.3633850682760261,-0.047696595053905944,-0.154596971056609,0.12016626758775596,2.0375687664028415,0.4890988944296985
1295,43.18666666666667,tracked,1,1,0.13014689478474517,0.10348828759043799,-0.3251142324174562,0.36368558889262714,-0.04588750336362346,-0.14475605223441532,0.12201826116681645,2.038393875065167,0.4899715651479331
1296,43.220000000000006,tracked,1,1,0.15355799605882728,0.03849673177412824,-0.3239143546344522,0.3650984121624623,-0.04316765747779261,-0.14236557191132324,0.11112179137093121,2.030456716501157,0.4899804142554321
1297,43.25333333333334,tracked,1,1,0.16451935566338172,0.05657299136117011,-0.32275883979014885,0.36591966864698366,-0.04059252705485139,-0.14122146274580957,0.11815557300296271,2.0339290558120346,0.4896102795265844
1298,43.28666666666667,tracked,1,1,0.15817597443346562,0.02347946327464273,-0.3217323557190741,0.3677818441511045,-0.03727009553901667,-0.1362333006914909,0.1030107202206437,2.0266158365136504,0.49006556053779127
1299,43.32,tracked,1,1,0.16108645927656287,0.09850986459232994,-0.32034391666818957,0.3671508037893281,-0.03619673306511678,-0.15066257003660324,0.1111588035011844,2.0304635555228665,0.48860018538069855
1300,43.35333333333334,tracked,1,1,0.16441377237260976,0.016370894382603668,-0.31977349751613166,0.3677093118056626,-0.033252332150530195,1.9275262526555834,0.7355574551351446,1.2384719391502537,0.48843724806339517
1301,43.38666666666667,tracked,1,1,0.17933999437329315,0.03706421296693696,-0.3191736609712905,0.3691174690616983,-0.03145827320599759,-0.14438253239736198,0.1068534710953911,2.022842511068352,0.4889878881704876
1302,43.42,tracked,1,1,0.16196082355180136,0.04073452062244573,-0.3199749282698015,0.3694243312635591,-0.03073553812226687,-0.1437256582716583,0.11086089566629956,2.0224637005666164,0.4896968088056709
1303,43.45333333333333,tracked,1,1,0.12202694035600696,0.1395173167117345,-0.31760390049877235,0.37133858676512616,-0.02519082014438917,-0.13625192707864014,0.0935192670366533,2.0175442196665068,0.48928433558852275
1304,43.48666666666667,tracked,1,1,0.12215144169424284,0.14173377938463477,-0.31655330718215774,0.3710898894169498,-0.023561045825572002,-0.13822967476202658,0.11150074038008274,2.0203238939454615,0.4883326992899823
1305,43.52,tracked,1,1,0.15760581102052593,0.14745902358215032,-0.3164803229207896,0.37284893732903307,-0.020712597200625404,-0.13534492584495297,0.1018232643308581,2.016484055202538,0.4894947768324314
1306,43.553333333333335,tracked,1,1,0.17279216363016828,0.1178319524452747,-0.3104345291531324,0.3726082164231991,-0.0136001730646787,-0.13063603812473468,0.10307719310411753,2.016160768995579,0.48517156196957156
1307,43.586666666666666,tracked,1,1,0.16260907468391156,0.043534860173657125,-0.311315183912875,0.37376062923576236,-0.01197771501579692,1.9482737051255643,0.7527312587773048,1.2146428163337406,0.486577452579155
1308,43.620000000000005,tracked,1,1,0.1941503650064951,0.06352329773378321,-0.3126659439187087,0.37514649456454263,-0.01023832781162981,-0.12378978365878199,0.09998097624492588,2.0119744114383105,0.48846669101077905
1309,43.653333333333336,tracked,1,1,0.17455940515611373,0.1381542235347355,-0.3071274812518574,0.3756677611540365,-0.00314562150710912,-0.11659293556952668,0.10208227823347199,2.0073493973355663,0.485245763964264
1310,43.68666666666667,tracked,0,1,0.13889712262146092,0.11354678804346802,-0.30790468213226285,0.3822392661210767,-0.0003873602698898915,-0.12626258932459847,0.07890274612818149,2.0042915431982573,0.4908281775649477
1311,43.720000000000006,tracked,1,1,0.12615032625654038,0.15221058993232317,-0.3074224209202414,0.3776536038787473,-0.00029948943586888266,-0.1287220718466656,0.09849105902449125,2.0046423667763706,0.48696085992715066
1312,43.75333333333334,tracked,1,1,0.17066190765071013,0.06560760976120314,-0.30735704271900943,0.37893029609798456,0.002512085152873378,-0.1298826573848152,0.09327287672393517,2.0046308391810923,0.4879168285493918
1313,43.78666666666667,tracked,1,1,0.22374315562326919,0.06758520045154537,-0.3034983803891347,0.3795657901717838,0.008291354656312644,-0.12182993353573483,0.10802979836829722,2.003528498391654,0.48605576072051165
1314,43.82,tracked,1,1,0.14562317493787097,0.10312426404471023,-0.3058536026184037,0.38166118869525656,0.009540220994740722,-0.11342081596250296,0.10374359582164554,1.9978030874741652,0.4891857571593445
1315,43.85333333333334,tracked,1,1,0.17102701759723365,0.2259195106951165,-0.30078565522921147,0.3820769216628524,0.015314568822732466,-0.12524522365974305,0.09734653163885779,1.9941447576686808,0.4865072666232784
1316,43.88666666666667,tracked,0,1,0.22479432523042633,0.10614334153745161,-0.29596175642707057,0.38763454572788203,0.024334285997302973,-0.12279420921477469,0.0755661197953254,1.9885819377241414,0.48830938940804386
1317,43.92,tracked,1,1,0.18445555942946337,0.07098854922708861,-0.30021834206120057,0.3850770657635914,0.020878953595688976,-0.11650815330913875,0.09902098328274751,1.9934796015172762,0.48872418621378283
1318,43.95333333333333,tracked,1,1,0.20471974109425511,0.09001186048787563,-0.29932663430173817,0.3862159152097752,0.024042210686394283,-0.11516757996668857,0.09345034970976795,1.9919276399264583,0.489221008398474
1319,43.98666666666667,tracked,1,1,0.17311303425466104,0.1748793665460823,-0.29901939675233064,0.38674757647479485,0.026059506928379272,-0.11162139438126166,0.09974843162305352,1.9926164780137203,0.48955631488584156
1320,44.02,tracked,1,1,0.1303624632692486,0.2028513258806931,-0.2997062904045014,0.3880956241019188,0.028032187730726577,-0.10655312174411305,0.09184675040740647,1.988498982217044,0.4911495469854939
1321,44.053333333333335,tracked,1,1,0.16648743246549155,0.19956503292252328,-0.29530296846970483,0.3876700368272353,0.03264739661401639,-0.1042717473909181,0.09817094857414657,1.987831409093239,0.4884237434301514
1322,44.086666666666666,tracked,1,1,0.22084992823763364,0.08427029361904906,-0.2934045893096962,0.3887040010629209,0.03581829426684863,-0.10730218737329612,0.09134507794739723,1.9824562681762914,0.48832366692031354
1323,44.120000000000005,tracked,1,1,0.2338643664014764,0.026880740629561584,-0.29821856817772,0.389808863194039,0.03416729553686049,-0.11105907589259457,0.08199795088522198,1.983511599956025,0.491988483925083
1324,44.153333333333336,tracked,1,1,0.20696043225032615,0.04558406908842702,-0.2955479747896315,0.38979336895445515,0.03672461570128677,-0.10872492286666512,0.10037219515939112,1.9849009750887217,0.4905468104896044
1325,44.18666666666667,tracked,1,1,0.22406835071433975,0.07515819340026145,-0.2941101005559561,0.3902672811442152,0.03989164831888631,-0.10687296975540825,0.10249809904193838,1.9891184673307738,0.49030668523520077
1326,44.220000000000006,tracked,1,1,0.17051367289065958,0.13618199554786078,-0.2954415956662647,0.3904781498930636,0.04163381960235324,-0.10021503602544721,0.09318813388695066,1.9881704333143244,0.49141865748913094
1327,44.25333333333334,tracked,1,1,0.14322236591669052,0.1498054156808069,-0.2963662319816315,0.39049861153478505,0.04163840835409288,-0.09952579753413195,0.09267108192751582,1.985547600180166,0.49199173379219224
1328,44.28666666666667,tracked,1,1,0.15527166619177818,0.18271350172632023,-0.29552137535961664,0.39027913433281014,0.043674823235842875,-0.09625363598062579,0.09167401858909083,1.986735237798309,0.49148568257344916
1329,44.32,tracked,1,1,0.17984668741681178,0.18356020252836172,-0.29454350430952764,0.3903012172571803,0.046183071141601195,-0.08973206523888665,0.08304610365034647,1.9835614383326399,0.4911453880303098
1330,44.35333333333334,tracked,1,1,0.2213587105183699,0.07982949971532297,-0.2939171305535298,0.38985237467246847,0.047397027905055344,-0.0950085351013595,0.0859461891002616,1.9825916938287969,0.490528930772504
1331,44.38666666666667,tracked,1,1,0.1983677050998445,0.1319833728793313,-0.29373590649117615,0.38967136868301533,0.04840871468800584,-0.0953121097309689,0.08652549791506657,1.9885638646267094,0.49037532767384634
1332,44.42,tracked,1,1,0.16411290054633287,0.13738950828035662,-0.29232911083503016,0.389118080655416,0.05120234609916713,-0.09404471220625149,0.08115562986333084,1.9860462981971458,0.4893780440320275
1333,44.45333333333333,tracked,1,1,0.16652986250057739,0.11618527199793888,-0.2926249348111599,0.38877011616513846,0.05211160481268473,-0.09456494495460847,0.08124383785616258,1.9829557279960905,0.48937426889084007
1334,44.48666666666667,tracked,1,1,0.16181177466507643,0.1097557977080604,-0.29172909976591266,0.3881900413406209,0.054220444173489424,-0.09466396030849461,0.08875030043831637,1.9889843642211578,0.4886074420356625
1335,44.52,tracked,1,1,0.14563674570031832,0.1582964184729892,-0.2901152376262981,0.3875431195711601,0.05757601352440861,-0.08936392137125612,0.08404427898913006,1.9883277304168006,0.48751565919801265
1336,44.553333333333335,tracked,1,1,0.15452587990406133,0.15786830600068366,-0.2925017733614503,0.38743716620303814,0.05605002773462303,-0.08460631543130143,0.08970613825441623,1.9908442118974847,0.48867826919568036
1337,44.586666666666666,tracked,1,1,0.2075892467155192,0.06730778918739744,-0.2928110938768764,0.38674111161308566,0.05670105086449956,-0.0891854088396517,0.08822058901793126,1.9909262779782624,0.48838717558739875
1338,44.620000000000005,tracked,1,1,0.19995994599688455,0.08559133565340077,-0.2927561766683246,0.3857001944790224,0.05865343097853787,-0.08749133709390379,0.08187392154718307,1.9889738130963925,0.48776125713730595
1339,44.653333333333336,tracked,1,1,0.18649562936207345,0.11121583249764158,-0.29438620953429495,0.3846208778282638,0.058015364202944786,-0.08214234269834117,0.0821838353842375,1.993439186973044,0.4878137375156161
1340,44.68666666666667,tracked,1,1,0.22774016156057766,0.012320823114782997,-0.2937513879789862,0.3833741260001423,0.05926050507222075,-0.08117399724005414,0.0889775591239222,1.9954316621122443,0.48659778656234
1341,44.720000000000006,tracked,1,1,0.22155439741536204,0.0029869972613366103,-0.2948809639983736,0.38281684554728473,0.059112912267296924,2.0482366008398296,0.802104311979903,1.1390772484232492,0.4868242563390868
1342,44.75333333333334,tracked,1,1,0.23829244918916953,0.08220167705742754,-0.29614803162206543,0.3818230647725581,0.05849090250455208,-0.08507403241737428,0.08603308282006561,1.9973571873431355,0.48673780940227973
1343,44.78666666666667,tracked,1,1,0.21510316643620864,0.04062748045566128,-0.2938774788173897,0.3805876931389592,0.06093685157005596,-0.08432407082865867,0.08799321750137631,1.9980702241613948,0.4846898643505669
1344,44.82,tracked,1,1,0.20607844437876086,0.0843245646941149,-0.29706418285159353,0.3797182767638925,0.059639696583391355,-0.08158021885643985,0.07817635922324037,1.9954866400114726,0.4857880112254563
1345,44.85333333333334,tracked,1,1,0.20040927297765163,0.0853020788716832,-0.29641578952303016,0.3787046891563489,0.05952629694472639,-0.08144426194982067,0.08190038059160876,1.9965029271340111,0.48458532983935854
1346,44.88666666666667,tracked,1,1,0.16162903828998906,0.159642988549881,-0.3005220453578596,0.37775725727404674,0.055714343516893305,-0.07933830745326269,0.09079015338121252,2.003698200106536,0.48591988356394733
1347,44.92,tracked,1,1,0.13098575749446537,0.17296319257639706,-0.299017458596503,0.3766247692066167,0.05683022056055487,-0.08768347399411519,0.08850383875863789,2.001543870638934,0.48423891964030524
1348,44.95333333333333,tracked,1,1,0.17784633408744266,0.1391512208370717,-0.2975749446752197,0.37499167287064517,0.059544371052876466,-0.08416290851698267,0.0834088852213187,2.001436944644942,0.48240557059891803
1349,44.98666666666667,tracked,1,1,0.22999622307368103,0.03420866265710845,-0.2982270983545711,0.37379896490786724,0.05810245545480969,-0.09162787696068056,0.08605371572577618,2.0059540200657593,0.4817063043899863
1350,45.02,tracked,1,1,0.1968588099506164,0.06764749914882368,-0.30000828943737845,0.3727658750033406,0.0574582742559438,-0.08563193582147936,0.0853003425533696,2.0033082600229024,0.4819344608747327
1351,45.053333333333335,tracked,1,1,0.17713721745619118,0.09067951731128018,-0.29927736253157516,0.37182055086114496,0.05845442041898258,-0.09010959282577746,0.08744538361515006,2.004467926833963,0.48086836143903283
1352,45.08666666666667,tracked,1,1,0.19025972867263227,0.10273078022281176,-0.30090081024301746,0.37080734563455686,0.0573314496118042,-0.09432894612632026,0.0929799662932175,2.0057670974380954,0.4809639074775164
1353,45.120000000000005,tracked,1,1,0.19885783687080566,0.09195649982013915,-0.30144129523601576,0.36968436317699205,0.057877227925670294,-0.09210255095221752,0.088523387775279,2.007347652709102,0.4805030243021421
1354,45.153333333333336,tracked,1,1,0.2292505492457639,0.06357943127170004,-0.3017214915027667,0.3683520825387392,0.058235361419893106,-0.10123161441005964,0.08392047871906855,2.0091437149059255,0.47969831401098945
1355,45.18666666666667,tracked,1,1,0.14841331465667457,0.13542013767943906,-0.30104778482702377,0.36685062878966773,0.059682974792284404,-0.09670933516240006,0.0883313871953901,2.0121257735327007,0.4783003345939547
1356,45.22166666666667,tracked,1,1,0.1412046861396543,0.20221326271250822,-0.29938813506986367,0.36572928785844416,0.06142293239530039,-0.10209750047999229,0.08514064446247893,2.008786245024022,0.47661718815218285
1357,45.255,tracked,1,1,0.1370251846940417,0.16358846620931336,-0.30439121271664915,0.3646781337577488,0.05866412091743539,-0.09521391276157196,0.0865056303542489,2.0089102933013416,0.47862890709103895
1358,45.288333333333334,tracked,1,1,0.18055301870375134,0.09154135573480643,-0.3042603753102585,0.362620396347871,0.05892834829373028,-0.09787624047595823,0.08960959846286595,2.01251983630756,0.47701203136194964
1359,45.32166666666667,tracked,1,1,0.13995280192744958,0.22052118652655345,-0.2990798683961276,0.35987204950831375,0.06385893876741505,-0.10204843577810595,0.08647519932518186,2.0144813217782116,0.47226541664371285
1360,45.355000000000004,tracked,1,1,0.14365911766630576,0.18984737244060332,-0.3026006752781973,0.35790947212556296,0.06126181023797511,-0.10035731417070805,0.09233205422720686,2.0201330491583422,0.47267258045041477
1361,45.388333333333335,tracked,1,1,0.2040603143159897,0.09471553715006664,-0.3048836005988119,0.3558325731509082,0.05994716739947925,-0.10186784206307345,0.0956753973784699,2.022880915931029,0.47240289257001117
1362,45.42166666666667,tracked,1,1,0.16024767192837394,0.11441962121627905,-0.30488130032136196,0.35403093493978466,0.06077812051970455,-0.09695092714555568,0.09251495326212625,2.0234490320063725,0.47115230033810757
1363,45.455000000000005,tracked,1,1,0.17482967320252005,0.15648625439408112,-0.304393585938637,0.3520481645281406,0.061604872078319495,-0.0984852814614965,0.09316862219103389,2.023237317714554,0.4694555629364735
1364,45.48833333333334,tracked,1,1,0.1793612431853387,0.13237108114325952,-0.306741491644083,0.3497311805879738,0.06097365272319549,-0.10165982010574938,0.08418841044877101,2.027299496782715,0.4691695084912316
1365,45.52166666666667,tracked,1,1,0.18827901822415088,0.1307872489693992,-0.30772779765423364,0.3476101621916832,0.05943088996778145,-0.1056738247576944,0.08753070915075016,2.0362783269316003,0.46803979851121186
1366,45.555,tracked,1,1,0.15085962318630794,0.17334259411508826,-0.30626323627846175,0.3448433978488414,0.060653077546232725,-0.10306957891011444,0.082982158069074,2.0345673854088133,0.4651805399535975
1367,45.58833333333334,tracked,1,1,0.17404541816842878,0.15540441126593357,-0.3064571818031074,0.3424050746627779,0.06128861124864815,-0.09957650188026988,0.08486304197545867,2.04126858227713,0.46358767596034434
1368,45.62166666666667,tracked,0,1,0.16386563871192328,0.12316426274284037,-0.30598350142584885,0.3423034446743727,0.06444049711710725,-0.09732738507925642,0.05002684212003455,2.0349172105613986,0.4636271444269238
1369,45.655,tracked,1,1,0.17248105202823716,0.1737359551518673,-0.3073592256796632,0.33721817613820876,0.061135139298064856,-0.10208600579545372,0.07728427935787255,2.046728442447923,0.4603512758593984
1370,45.68833333333334,tracked,1,1,0.16813365623903237,0.1386150350376708,-0.3084586569960107,0.3345980321438492,0.060333235944760866,-0.09146945349523837,0.07977177769132647,2.0520201666362534,0.4590671906702603
1371,45.72166666666667,tracked,1,1,0.18543663852366082,0.20103208645624548,-0.3095955520680378,0.3321221231758029,0.05964169842477268,-0.10018584790225558,0.0857544097655817,2.0603261419901826,0.45794283786746554
1372,45.755,tracked,1,1,0.11531109391503948,0.23870422052930002,-0.3100060430040838,0.32950660182619146,0.059779425903643435,-0.0994272818731856,0.0758162045258292,2.059638536170249,0.45634627982209225
1373,45.788333333333334,tracked,1,1,0.13710194505384532,0.17040879824488875,-0.3116545526181024,0.326754921279856,0.059083622401244984,-0.09205895828002517,0.08191493689453135,2.06161175272199,0.4553989604558264
1374,45.82166666666667,tracked,1,1,0.18444665038986585,0.13892683617893187,-0.3118166852746152,0.3238464897166632,0.058769031830304075,-0.0921910793002367,0.08674170699124656,2.068275294874846,0.4533872442181458
1375,45.855000000000004,tracked,1,1,0.18323662873984217,0.0794668421610277,-0.31142278396670214,0.3207616249770152,0.05941920000326628,-0.09489520726792018,0.08214522368667411,2.0694960997654235,0.45100200859917994
1376,45.888333333333335,tracked,1,1,0.1896957048408797,0.09800205596616038,-0.3088689140043973,0.3178519590402148,0.06131642611897126,-0.09102359864830645,0.08052789421139657,2.07234980809769,0.44742549996168235
1377,45.92166666666667,tracked,1,1,0.157060713160756,0.18802864910493075,-0.31056761844256825,0.31457056614306667,0.0605553854370548,-0.09301868995550626,0.08937830424761353,2.0854752756689603,0.4461769171686142
1378,45.955000000000005,tracked,1,1,0.14975644267307375,0.19649711902313954,-0.3134897648251226,0.3122067629755863,0.05931915472364724,-0.08595960826922479,0.08655126710423146,2.087063033562521,0.4463940609091172
1379,45.98833333333334,tracked,1,1,0.19395788725197036,0.12121735124531571,-0.31447219206138055,0.30925974022859415,0.05895241861466205,-0.0857320593345773,0.08576151263135999,2.0874476225509744,0.44498284704768754
1380,46.02166666666667,tracked,1,1,0.16467023097015077,0.1638259156335184,-0.3144524349700309,0.30620168377196766,0.060224162996026565,-0.08395075569620507,0.09678435187015756,2.095694007388752,0.443020038837908
1381,46.055,tracked,1,1,0.17518511088598224,0.15735104398455965,-0.3150706585662676,0.3032966988970533,0.06049604515024132,-0.08684211163316596,0.09122861448207681,2.098808648899293,0.44149538947768346
1382,46.08833333333334,tracked,0,1,0.16627832268548418,0.17763008902626,-0.31223957773889455,0.3035299322186507,0.06457282094135286,-0.08906359905730211,0.05806261955155954,2.093318363121053,0.4402199709958033
1383,46.12166666666667,tracked,1,1,0.2047191719321706,0.04965450120220699,-0.3114540058150324,0.29725558312533923,0.06439449450980539,-0.0919203009606367,0.08705680257476184,2.1042364960774096,0.4353287612375146
1384,46.155,tracked,1,1,0.13749952586465794,0.20730493001334774,-0.31203113053142906,0.29414107475169343,0.06527223874361482,-0.08842510360294864,0.08144005754765918,2.1042855838485246,0.4337543814503855
1385,46.18833333333334,tracked,1,1,0.17270689972700995,0.09690461239288209,-0.3136179532252919,0.2907025888661204,0.06456593307028896,-0.09005270352495136,0.08371814831354292,2.1091104993068557,0.43247309219409596
1386,46.22166666666667,tracked,1,1,0.14287660433047883,0.16301829543322494,-0.312929025799901,0.28798216395347626,0.06534293582565498,-0.09051576391078728,0.08787553350847839,2.114483309339359,0.4302650360019016
1387,46.255,tracked,1,1,0.15573111093014722,0.16008443306639655,-0.3138764403684557,0.28484019653395953,0.06461106251234949,-0.0920557710751753,0.09797140680974067,2.123792992703554,0.4287504481383689
1388,46.288333333333334,tracked,1,1,0.14331081407746082,0.23706280161903925,-0.31458641812413385,0.28138032367363774,0.06506580506046972,-0.08941903863870221,0.09024403717337683,2.128453296882652,0.4270515893976049
1389,46.32166666666667,tracked,1,1,0.16286811877217786,0.12446207450631888,-0.3149756951788971,0.2783793686346191,0.06505592754707262,-0.09031303429979592,0.09169481923418439,2.131762850475561,0.42536694176187295
1390,46.355000000000004,tracked,1,1,0.10576990686755683,0.27382487659230415,-0.31529816288620344,0.27533299215923823,0.06543568794928534,-0.08906398461635678,0.09039304729181881,2.1306030043761206,0.4236779641994262
1391,46.388333333333335,tracked,1,1,0.1359013609290404,0.17807161265855762,-0.3158173307096343,0.27233041754911114,0.06595803985057425,-0.08194708017071138,0.09045304748887661,2.134788708273525,0.4222024463689921
1392,46.42166666666667,tracked,1,1,0.17977608747934898,0.20138049526691842,-0.31449162071491193,0.2692547022315078,0.06748534640174214,-0.07790779275957006,0.08286629207930228,2.1371744322359034,0.41947270012795
1393,46.455000000000005,tracked,1,1,0.12540118374505133,0.20830567944818118,-0.31643413295435385,0.26681671671715307,0.06631024606961866,-0.07873260276606892,0.09313854245474225,2.1423486907317155,0.4191882268767917
1394,46.48833333333334,tracked,1,1,0.14426046832489894,0.17466287257080085,-0.315301961256286,0.2639465401051304,0.06723452934889051,-0.08645673293364887,0.09748234604672201,2.1449734502301556,0.41665763492620234
1395,46.52166666666667,tracked,1,1,0.178357214244583,0.2043849846550374,-0.3143737224590392,0.2615036634206533,0.06809860170855536,-0.08689072539070125,0.0972852381475347,2.1487052271996383,0.41455086890493403
1396,46.555,tracked,1,1,0.14577531630211452,0.20663180556567665,-0.31620778606544325,0.2585345604890793,0.06734288333407801,-0.08245408826644919,0.09765551675581145,2.1557178998908695,0.4139595956991911
1397,46.58833333333334,tracked,1,1,0.1665691036923895,0.11547042450255265,-0.31581630115104226,0.2560266326692862,0.0677826103012042,-0.08227443859559203,0.09563584682757277,2.1530647264313982,0.4121699345754665
1398,46.62166666666667,tracked,1,1,0.13546990493050592,0.22048577526795393,-0.31673552677592165,0.2538888852444974,0.06702026505592779,-0.08519111327652304,0.10779122885432063,2.161049697801772,0.41142760712047627
1399,46.655,tracked,1,1,0.1648785083525617,0.12286490451068091,-0.3178287938236936,0.25190102804435394,0.06733182116965364,-0.08709565257429638,0.10187788923482087,2.159601319821632,0.411099555163039
1400,46.68833333333334,tracked,1,1,0.21706610652501765,0.13958774531226778,-0.31612859343127697,0.24965623870412268,0.06986161970657956,-0.08118065621337094,0.08836646491393854,2.1532145309304425,0.408835139165843
1401,46.72166666666667,tracked,1,1,0.15270536757880132,0.2230552814203996,-0.31908381986866163,0.24771278422406248,0.06770662453912013,-0.07897230508107277,0.10134937172521362,2.159515431764154,0.40958551558434636
1402,46.755,tracked,1,1,0.17857734893625404,0.12851835098015785,-0.3173138024181363,0.2461022335449915,0.06906863119633105,-0.0824654990161875,0.0992156612462069,2.1623879245200763,0.4074614513990549
1403,46.788333333333334,tracked,1,1,0.1603256134070545,0.16423921211238643,-0.31753569388945496,0.24453182354094738,0.06860168440847675,-0.08393126245736765,0.10694853782295144,2.16909178317475,0.4066090514508979
1404,46.82166666666667,tracked,1,1,0.15098355137023262,0.18536989124506198,-0.3183464971105152,0.24305969111403183,0.0682654405067527,-0.08741900622624395,0.10348875668574722,2.1672066042221783,0.4063036746505806
1405,46.855000000000004,tracked,1,1,0.177365007904316,0.16037612251924535,-0.31683396101540445,0.2413911396200819,0.07024216811192996,-0.08118144704291197,0.11014724733034631,2.169939785754686,0.4044593963809684
1406,46.888333333333335,tracked,1,1,0.17059559556668724,0.20164143944043084,-0.3170300570716709,0.23970056530438127,0.07086260262097055,-0.07729902170657789,0.10292015969988068,2.16807028719455,0.40371515520763457
1407,46.92166666666667,tracked,1,1,0.17593286448696943,0.14072306780194077,-0.3166931015306041,0.23791226123143963,0.07123970615415692,-0.07463862878783159,0.1100756923119536,2.1706072429021033,0.40245727765100847
1408,46.955000000000005,tracked,1,1,0.15371320882679168,0.1889475568802328,-0.3171763454987256,0.2363926828043724,0.07081942071736541,-0.08065709686980396,0.10954921518443383,2.1739822247384377,0.40186779539808704
1409,46.98833333333334,tracked,1,1,0.15314908362327126,0.15297385353360685,-0.31750399014435177,0.23457277010256206,0.07045397489042593,-0.08188001792250829,0.10623239708729344,2.1759089088077324,0.40099492616370447
1410,47.02166666666667,tracked,1,1,0.230185088556573,0.10272735896277108,-0.31704202068323944,0.23275482107858714,0.07071126254713467,-0.084706943563021,0.10995168444896242,2.180724457177025,0.3996129780991185
1411,47.055,tracked,1,1,0.13554907684177805,0.19074778062552664,-0.31205124974892207,0.2309346958223239,0.07423594866700906,-0.08632915073575767,0.10551282631538916,2.183975732627349,0.39524396551864543
1412,47.08833333333334,tracked,1,1,0.15384396814777504,0.15918441821023174,-0.31445856313104875,0.22917407518397184,0.07239269129122872,-0.08070652737467045,0.10559184926203165,2.18286128784322,0.3957848486428702
1413,47.12166666666667,tracked,1,1,0.11893941291575458,0.23688301197654701,-0.3134738416931475,0.2269174567248716,0.07342609049668153,-0.08018414923757088,0.10859740971785779,2.188376518504007,0.3938892894684639
1414,47.155,tracked,1,1,0.13888614659961798,0.18629989812074418,-0.31497637872632434,0.224826280872988,0.07231097384514329,-0.0791351671433536,0.10677648811506481,2.1871654016372997,0.3936824261573808
1415,47.18833333333334,tracked,1,1,0.13864524358951308,0.21041909381752832,-0.3118797615220472,0.22320351120580817,0.0734272150150761,-0.08414635892748562,0.11383535678094982,2.196221473279642,0.39048732241459594
1416,47.22166666666667,tracked,1,1,0.13519922277212637,0.21571582934967792,-0.3140682004856824,0.22035849094297755,0.07216951868820115,-0.08058291964931127,0.10744303900111732,2.1931954910946065,0.3903910072154169
1417,47.255,tracked,1,1,0.12567420822342992,0.23600229777391188,-0.31276273112598774,0.21827637019975987,0.0730943575602932,-0.07860950284089607,0.11191246924093674,2.1955422323915608,0.3883399089407648
1418,47.288333333333334,tracked,1,1,0.14322679323794657,0.20407547189695296,-0.3111267132644946,0.21610781390174633,0.07462107710315058,-0.07425452237082954,0.11357507568714587,2.195334093501045,0.38609678072238984
1419,47.32166666666667,tracked,1,1,0.22458539820406934,0.115398140934,-0.3135943589745762,0.2134722572968287,0.07293794276046162,-0.0730945353473336,0.11222886141313385,2.1992321853315424,0.38630528097633765
1420,47.355000000000004,tracked,1,1,0.19891358109403162,0.09662455130585612,-0.3120498808383694,0.2110961351313764,0.07415598852700256,-0.07102821355724075,0.10420805409557071,2.1987164857660946,0.38397371919580875
1421,47.388333333333335,tracked,1,1,0.14680341949769984,0.20674082163788418,-0.314987255824273,0.20821658979319269,0.07199963858326869,-0.08042920476510403,0.11545496322352913,2.2083476146650773,0.38438921362719586
1422,47.42166666666667,tracked,1,1,0.18907540469689896,0.11295981897121124,-0.31284863613572483,0.20624349210550028,0.0731227745081387,-0.0840216333615926,0.12213596570526848,2.211643812796445,0.381782120219927
1423,47.455000000000005,tracked,1,1,0.1679345453708671,0.15567979360344064,-0.31068354524772984,0.20331408828045372,0.07537094211139123,-0.08456286959515807,0.12066423279160579,2.2136611570590405,0.3788689254818466
1424,47.48833333333334,tracked,1,1,0.12783833135822634,0.22641748240566564,-0.30786244047883893,0.20069481260763172,0.07769920380990253,-0.09224502560042043,0.12059955158652884,2.2143827955231705,0.3756259526948209
1425,47.52166666666667,tracked,1,1,0.15871339843717805,0.1824316654041994,-0.30833631572251974,0.197944408315316,0.07718644877922382,-0.0938283061926127,0.13645607220753447,2.2220638142517903,0.37444762017108035
1426,47.555,tracked,1,1,0.14053542503297795,0.20660229396697855,-0.3105172446616965,0.1944128580964501,0.07669737758846384,-0.08889237940757383,0.1354813989896069,2.220498498496963,0.37429908676681234
1427,47.58833333333334,tracked,1,1,0.16326265709545737,0.17167855964702242,-0.3112770369184562,0.1916187986195797,0.07616756565849275,-0.0959523571079148,0.132444594445707,2.226846224192138,0.3733800419887032
1428,47.62166666666667,tracked,1,1,0.1534576771551405,0.15824307886613512,-0.3095683163922644,0.18902280529784182,0.07774396475480988,-0.09044003098349647,0.12533669219760687,2.225535533296805,0.37095321469479686
1429,47.655,tracked,1,1,0.1778397329013278,0.1213957697907205,-0.3088065907060965,0.186121465035927,0.07855049998451574,-0.08868529513237164,0.1250555079917198,2.2313806505797995,0.3690161124645641
1430,47.68833333333334,tracked,1,1,0.13750480419215072,0.20710885695922182,-0.3081472524484526,0.18418230447141634,0.07901190926494339,-0.08939230171803096,0.11991440262935973,2.233137919465732,0.36758772052072625
1431,47.72166666666667,tracked,1,1,0.1464911968624052,0.2192368553856857,-0.30912001835169256,0.18134997585042423,0.07886156038877479,-0.08203322869236256,0.12738676032459234,2.2391842837495672,0.36696341124647913
1432,47.755,tracked,1,1,0.1666024710263112,0.21510086387316407,-0.30852426772713176,0.17888488399711044,0.0797426357824968,-0.07664546244272424,0.13069034976406513,2.2423016516172427,0.3654393430663459
1433,47.788333333333334,tracked,1,1,0.1766577479961049,0.22877140424687137,-0.30835333194253883,0.17651736209422464,0.07970629346434521,-0.0828834490949271,0.12388271484420436,2.242641497676588,0.36413356019267634
1434,47.82166666666667,tracked,0,1,0.15673334821047033,0.1815724799493528,-0.3109112270853608,0.17695894647013388,0.07728689371121122,-0.0737574013975214,0.0898957955219014,2.2301877386538402,0.3659966172016793
1435,47.855000000000004,tracked,1,1,0.16715316091544713,0.16386204597633947,-0.30807257294483165,0.17238015238806909,0.07969846913298384,-0.08134039408403371,0.11873322387534345,2.2442085258010684,0.3619053372365814
1436,47.888333333333335,tracked,1,1,0.12924553669563227,0.24499774500311872,-0.3087181989016691,0.169601205883508,0.07880501656325478,-0.07848378836050211,0.12674809968049028,2.2517106520894625,0.3609455997872331
1437,47.92166666666667,tracked,1,1,0.13013265958826298,0.24414454883984998,-0.3084099603785129,0.1675950971854117,0.07879701869369032,-0.07874984235691962,0.12079123673106332,2.2504746039301393,0.359741282613321
1438,47.955000000000005,tracked,1,1,0.14655767546336645,0.16336638659561437,-0.30652129182094423,0.1657330818574052,0.07916185196751763,-0.08520628677062438,0.12751792219663816,2.258759383742091,0.35733647388485407
1439,47.98833333333334,tracked,1,1,0.16035519709351423,0.18807170050189656,-0.3066613956978013,0.16373462415406906,0.07907572391605566,-0.07781525342689226,0.1193452531757254,2.2549665866023423,0.35651536975430104
1440,48.02166666666667,tracked,1,1,0.18373458672160622,0.18705326716793383,-0.30846639141018356,0.1617628987824224,0.07733984147506257,-0.08872285230947269,0.12711665911990952,2.2606923474981158,0.35679153735970337
1441,48.055,tracked,1,1,0.17538616674053592,0.17627988498991637,-0.3065168084698654,0.16010171990588853,0.07867370396452755,-0.08848221952554967,0.13594208994637283,2.2682834171699757,0.3546472420404166
1442,48.08833333333334,tracked,1,1,0.18391874398115737,0.20966355146286048,-0.3090200221944365,0.15788948805269645,0.07663727614091498,-0.07762843753913529,0.10644327114839729,2.256767307537803,0.35538111464861416
1443,48.12166666666667,tracked,1,1,0.16798592431774617,0.17944954009712683,-0.30839431531764766,0.15649122677211053,0.07693687598048565,-0.08779571600545118,0.12086122472921103,2.2653312694542476,0.3542821483824967
1444,48.155,tracked,1,1,0.1761617988858034,0.2428819389859651,-0.307264570443648,0.15490636227153853,0.07767997140860727,-0.08117310860735834,0.11872226158182925,2.2668632354495863,0.3527629165319999
1445,48.18833333333334,tracked,1,1,0.1909958203520698,0.19678993766014263,-0.30667653794681377,0.15317052755382793,0.07805040517179018,-0.08221085038050918,0.12866711749594656,2.274658329620335,0.351573001218299
1446,48.22166666666667,tracked,1,1,0.1683283871788249,0.21925707039119255,-0.30709900485565783,0.15139797827823895,0.07761056870018979,-0.07709155537719173,0.1236729039518928,2.2736447415171295,0.3510762694686731
1447,48.255,tracked,1,1,0.11888232923778917,0.28281148428182157,-0.3066537161035917,0.14939681688423756,0.0781402774640706,-0.07944253847372432,0.12490289910062416,2.276619822956471,0.3499454435443424
1448,48.288333333333334,tracked,1,1,0.14514092443973864,0.1954269270580427,-0.3061575532950805,0.1472656904820033,0.07830279108289262,-0.07765827715209185,0.1345942788929079,2.2853082589656535,0.34864158977973697
1449,48.32166666666667,tracked,1,1,0.1866041186546363,0.09942676276907511,-0.30428737104645603,0.14618203840550067,0.07916379753117431,-0.0748712380076189,0.13547064393074182,2.2912663236796407,0.34673750787924235
1450,48.355000000000004,tracked,1,1,0.1584602557739889,0.17611789654935153,-0.3067273627294654,0.14373618040964703,0.07766771895115182,-0.07083885022999663,0.13326052558666787,2.2911970699349147,0.3475255949894953
1451,48.388333333333335,tracked,1,1,0.13045873499262378,0.20674226382241556,-0.3060577746955843,0.14201373411343773,0.0784141491515209,-0.07155636248363106,0.13810075179163667,2.2931397493089123,0.34639289963221276
1452,48.42166666666667,tracked,1,1,0.1273012833586532,0.2508479905591184,-0.30486747864514196,0.14074335549802694,0.07913013641118749,-0.07357880183086545,0.13229744159771442,2.294171777125206,0.3449847100100861
1453,48.455000000000005,tracked,1,1,0.17250919052824426,0.13806756213685872,-0.3048587928374724,0.13893459606915112,0.07885645328646118,-0.07507558375075583,0.12608809669148782,2.2920821941398697,0.3441802518741291
1454,48.48833333333334,tracked,1,1,0.1296841967031628,0.20725398855934726,-0.30442316936737623,0.13704990095760367,0.07951602923792822,-0.075287603415636,0.12850697541548606,2.2945903631375653,0.34318936508279835
1455,48.52166666666667,tracked,1,1,0.16443144597365417,0.14952325396666405,-0.2998670776169723,0.13601820063999623,0.08210083706053384,-0.07873392365253201,0.11804914310861986,2.2963368409952074,0.33935492126964345
1456,48.555,tracked,1,1,0.13035757297093073,0.25844640707613353,-0.3008399068605648,0.13399707208575282,0.08082923836715222,-0.08271858956289557,0.14109806543477652,2.30932534707061,0.3391065181656667
1457,48.58833333333334,tracked,1,1,0.19154939451653175,0.1649924422861988,-0.30106270168619514,0.13218309088058372,0.08124659312934396,-0.08089385513037296,0.1289534182458874,2.3022488468434963,0.33869179021119
1458,48.62166666666667,tracked,1,1,0.13156297261514308,0.2385861725678786,-0.3020879682447105,0.13005788416354996,0.08006078437933567,-0.08120282096104574,0.12663486044376862,2.3046165578919617,0.33849951696679137
1459,48.655,tracked,1,1,0.12995275669224451,0.2350208802866435,-0.2995356811807199,0.12933142735019879,0.08206185019574186,-0.0768919600553615,0.13490786499348895,2.3101482701442344,0.33642590515355086
1460,48.68833333333334,tracked,1,1,0.13914422652498026,0.24560028902950348,-0.2998380907470749,0.12746196609149005,0.08161462273666686,-0.0764487453252391,0.12922321986464952,2.309714516688329,0.3358725652791662
1461,48.72166666666667,tracked,0,1,0.14273134407315705,0.18814830222411097,-0.3012894599010464,0.1280252836970885,0.07970423193805654,-0.07623646612410437,0.09674776608536524,2.30278945112691,0.33692517938263344
1462,48.755,tracked,1,1,0.1609278247360166,0.21785381001283596,-0.2982134445363181,0.1247344535369273,0.08287218680117331,-0.08139539075859761,0.1282590021073273,2.3142443600860445,0.33370307422404744
1463,48.788333333333334,tracked,1,1,0.12626175298127632,0.28181108278280287,-0.2982243712111874,0.12308772674250643,0.08270150092892792,-0.08180616022156476,0.12792339935111433,2.3146562745465507,0.3330584067620025
1464,48.82166666666667,tracked,1,1,0.16707565946007172,0.27472054970814686,-0.29823152916321904,0.12121355590507371,0.08245310013080787,-0.08027650681942967,0.12205356518330425,2.313113073856883,0.3323150385453018
1465,48.85666666666667,tracked,1,1,0.09691651004526816,0.28492739139404333,-0.2996802890090826,0.11930014416599016,0.0812446193655153,-0.0795919413384861,0.12690901338468266,2.3183251080094873,0.33262815303945753
1466,48.89,tracked,1,1,0.1653980246031075,0.22375664470923193,-0.29662230177455123,0.11836384022515853,0.08331575501469168,-0.07525622256882794,0.13816213563276578,2.3216216972778123,0.3300550008961354
1467,48.92333333333334,tracked,1,1,0.16653043027904654,0.21862128430560415,-0.2974093724542993,0.11673562461304343,0.08195547922159419,-0.07150569289727675,0.12458023330069291,2.3186339610190414,0.32984275261387613
1468,48.95666666666667,tracked,1,1,0.1526187713002128,0.24908514748067237,-0.2918936063101712,0.11652682862588179,0.0848600027843221,-0.06514746729511632,0.11436669472487596,2.3183855620850955,0.3255481519943217
1469,48.99,tracked,1,1,0.13433973288165293,0.24641929916659402,-0.29702479897606243,0.11390953916928107,0.08054532667540332,-0.07070134803654457,0.1256290036382727,2.3244017376918014,0.32815646263600495
1470,49.02333333333333,tracked,1,1,0.13718291816618491,0.2708267757826206,-0.2944783444851356,0.11299783549718292,0.08145669614885598,-0.07748845428145235,0.1235101676998342,2.3250802946941613,0.325762489469309
1471,49.05666666666667,tracked,1,1,0.149561504307934,0.18897581541354982,-0.2929820470782001,0.11145347358842458,0.08178719944732776,-0.07202978111880007,0.10502176920960979,2.322802264440959,0.3239591064910744
1472,49.09,tracked,1,1,0.14948538653915924,0.17629211406824633,-0.2911719023140086,0.11049132222619248,0.08234402960766563,-0.0831053660780816,0.11742747226029915,2.333981435136576,0.3221334322861863
1473,49.123333333333335,tracked,1,1,0.14368539233312397,0.23945709638154108,-0.29034135493462215,0.10873916440292714,0.08297988937917844,-0.07433206383099882,0.11398991921812943,2.329634837453616,0.32094854774823295
1474,49.156666666666666,tracked,1,1,0.1543159707210664,0.2357452761248956,-0.2929123966295773,0.10616998391774554,0.08150037064112842,-0.07517192424497357,0.12282991320367528,2.335941935154549,0.3220435498484925
1475,49.190000000000005,tracked,1,1,0.13450848378480149,0.23335749789259583,-0.29257346103343657,0.10488526828212383,0.08136888717886454,-0.07528048596915622,0.11719725048708228,2.335251073985858,0.32128032215562735
1476,49.223333333333336,tracked,1,1,0.1637741980064304,0.19918862705747792,-0.29381523342770094,0.103083188675541,0.0805438327081292,-0.08451082547073226,0.12752681625572831,2.3440231866280388,0.321622207207473
1477,49.25666666666667,tracked,1,1,0.19644599776315108,0.23086111584868674,-0.29476141144308343,0.10108426548613592,0.07986455920865287,-0.07203304117461716,0.12027260397271529,2.340084565138245,0.3216841093718848
1478,49.290000000000006,tracked,1,1,0.15104403593231078,0.21518818478940202,-0.291873940008126,0.10072419429244636,0.08232004753887939,-0.07339781638055239,0.12841306998728144,2.342073509255478,0.319550231416804
1479,49.32333333333334,tracked,1,1,0.17024380525489205,0.23306046412265705,-0.29359379097907534,0.09893197635615597,0.08122615842192271,-0.07437969860422224,0.1349769643882772,2.3434227010415154,0.32028508997326627
1480,49.35666666666667,tracked,1,1,0.1585280562752111,0.2960544258139903,-0.29131154341393434,0.09833973627237266,0.08234676110325101,-0.07373064111586017,0.12292441502536998,2.340811385939954,0.31829877178607563
1481,49.39,tracked,1,1,0.1697162963231642,0.2642272127635281,-0.28990620797180283,0.09739456072334451,0.08261136393645718,-0.07341741912858567,0.12272803722986282,2.3425070495076437,0.31679006823214206
1482,49.42333333333334,tracked,1,1,0.17861679441983197,0.20944754440945534,-0.2909743560915203,0.09576853361847174,0.0809831384951995,-0.07623632235030328,0.12778759986268054,2.3468053018523665,0.31685320994877086
1483,49.45666666666667,tracked,1,1,0.10076732878872012,0.2729854527364249,-0.2916558316162666,0.09415774449065514,0.07991562741057101,-0.07722779408736885,0.12995565284138264,2.3497301193163422,0.31672592642183367
1484,49.49,tracked,1,1,0.18586959823607108,0.12625126759286825,-0.2931530393758345,0.09306927655658245,0.07841474220330152,-0.08319897155330658,0.12649116503623326,2.349759485961243,0.31741056461445233
1485,49.52333333333333,tracked,1,1,0.17832915954642883,0.2434887307569458,-0.2926493967432877,0.09273245670129088,0.07849871290875166,-0.08855856343303502,0.12690821887266907,2.347583734160946,0.31686752100585763
1486,49.55666666666667,tracked,1,1,0.14488594729112256,0.19738649586802268,-0.2941269232987327,0.09086570086521883,0.07702607624549201,-0.08065870974981713,0.12170556277516927,2.3474907278697947,0.31733300966757677
1487,49.59,tracked,1,1,0.161627278603127,0.23639811552648163,-0.29297937317804135,0.09041982282163302,0.07753515443378423,-0.08695150826048682,0.1258043276113967,2.356331087501359,0.31626627648227734
1488,49.623333333333335,tracked,1,1,0.19326853762141127,0.24263371216984075,-0.2950423875710818,0.0892569619753083,0.07603601012693856,-0.08091254027847956,0.12414388384371422,2.351732925424974,0.3174874652025336
1489,49.65666666666667,tracked,1,1,0.0904687485877903,0.3057820166935169,-0.29629707009356737,0.08776912479095453,0.07464252527287024,-0.08168066602628751,0.11281272081088126,2.3502247472728075,0.3179101753510158
1490,49.690000000000005,tracked,1,1,0.14609757616856955,0.22774614447090158,-0.29425948960507825,0.08846488179015113,0.07746967966952578,-0.07969714953380255,0.13020219932189034,2.351547875383703,0.3168852060303313
1491,49.723333333333336,tracked,1,1,0.11132211305153947,0.3082206684651908,-0.2954965863454421,0.08753595636371805,0.07658262549829409,-0.07757393900773778,0.1316106285525663,2.3551118638288724,0.31756208011431725
1492,49.75666666666667,tracked,1,1,0.16673329436936418,0.20759253686380308,-0.29525301551526484,0.0873959910615826,0.07657267352943065,-0.0761692543349833,0.12316798496917206,2.350486524923303,0.3172944637965469
1493,49.790000000000006,tracked,1,1,0.10843791946783238,0.27500746355485933,-0.2956323116686891,0.08738280695008022,0.07607808775963698,-0.08026721010290246,0.11961358662768017,2.3475575262079524,0.31752495034282097
1494,49.82333333333334,tracked,1,1,0.11842839140387673,0.2928966941449735,-0.2945859927123929,0.08772033649103486,0.07682753121929581,-0.07812923701880001,0.1334077145888641,2.352098542292026,0.31682524219149305
1495,49.85666666666667,tracked,1,1,0.12817483752149247,0.26680302214240814,-0.29731798730233044,0.08666254901564335,0.07453152582472988,-0.07275506930674422,0.13830152209762292,2.352237998534832,0.31853309297019655
1496,49.89,tracked,1,1,0.14249324284665324,0.22405110127483233,-0.2953456117005951,0.0870927088943419,0.07521216561625099,-0.07605120263822443,0.1222167996610277,2.344679319772033,0.3169716708951127
1497,49.92333333333334,tracked,1,1,0.11702299933441325,0.2624797998512294,-0.29646838384076085,0.08649716393361553,0.07295832851700673,-0.07589803595478588,0.128047720980224,2.351366251352474,0.3173297648908891
1498,49.95666666666667,tracked,0,1,0.1135849256411263,0.2800624050202788,-0.2961631547637706,0.08979937538789473,0.06989628219424326,-0.07148386054957279,0.0913940967896761,2.337805527332226,0.3172728042619828
1499,49.99,tracked,1,1,0.1386330900954278,0.28680083843822357,-0.29579401112026227,0.08625638841581076,0.07107950821250653,-0.06971897765843625,0.1092082564617652,2.3423845334691373,0.31620651170538033
1500,50.02333333333333,tracked,1,1,0.14010310251447428,0.24843228582644394,-0.29797458294784696,0.08447605137849395,0.06870689219050136,-0.05930046777971498,0.11437582164032538,2.346120640253153,0.31724705258508307
1501,50.05666666666667,tracked,1,1,0.18064537219940688,0.14958546243593654,-0.2981373634410816,0.08400365853968833,0.06697142273024798,-0.0772021691492785,0.11413950874612278,2.34853796760738,0.3169032558844508
1502,50.09,tracked,1,1,0.10177178834473447,0.2840349332994837,-0.3011648087419668,0.08225664529019427,0.06405994239018364,-0.0653655183425042,0.11576595247903027,2.346879923994608,0.3187006023496284
1503,50.123333333333335,tracked,0,1,0.13023009252966902,0.21996238651396974,-0.30344793433437073,0.0852556754241088,0.05987569137553733,-0.05441058001098031,0.08606180333847631,2.334049015954133,0.3208337224506117
1504,50.15666666666667,tracked,0,1,0.08578915868639568,0.30289009990713184,-0.3033920480564252,0.08464351661729042,0.0589861631845125,-0.05756200057877987,0.08737209179411522,2.3362653856621503,0.32045378321443435
1505,50.190000000000005,tracked,1,1,0.09784728324692216,0.31181431595559383,-0.30450291466826857,0.07971073933474282,0.059774465031370405,-0.06134529956544284,0.1265417159911631,2.349159600172479,0.32038853549487173
1506,50.223333333333336,tracked,1,1,0.0968351786937299,0.2876701052331925,-0.3061188464473702,0.07824190296309735,0.057720809742536405,-0.05951714463109745,0.12643736047341922,2.3523376752250944,0.32118878468416273
1507,50.25666666666667,tracked,1,1,0.13565441473664727,0.21668828945541055,-0.30619640859610076,0.07805595686275532,0.05675084022472898,-0.05839695345586622,0.12378176783945971,2.348720286073823,0.32104459332797264
1508,50.290000000000006,tracked,1,1,0.13364524539200334,0.2783109703388302,-0.3068265223498511,0.07704675273035724,0.0546441161672056,-0.06302549409082217,0.1169268279842241,2.3469304734310867,0.32103690808891666
1509,50.32333333333334,tracked,1,1,0.16930859493655442,0.18569082929645975,-0.3069242841940141,0.07665075321270176,0.0535447486521855,-0.062154204138764414,0.11578811165446563,2.3439654553453755,0.32085026773295383
1510,50.35666666666667,tracked,1,1,0.16927913120861451,0.2577522027667394,-0.30794763320586127,0.07580253805123391,0.05126337962338051,-0.06405809088343013,0.11200000901704109,2.342829021143539,0.32125644532446546
1511,50.39,tracked,1,1,0.16238673611028953,0.24344770814239786,-0.3102602452093481,0.0743243745813898,0.048628411485846845,-0.062237827001919675,0.11470824481336718,2.3423997737683813,0.32272318605566036
1512,50.42333333333334,tracked,1,1,0.1142017210763932,0.27068958967400597,-0.3095974729888307,0.07399545584377876,0.04856168355902085,-0.06044965216223896,0.1222227965199619,2.342099371940072,0.3220002482556261
1513,50.45666666666667,tracked,1,1,0.1950255830271873,0.18504659524430273,-0.3108152504175307,0.07280979408247654,0.046523666103071626,-0.06320602535361008,0.12097925930786887,2.3450517976286585,0.3226016700423528
1514,50.49,tracked,1,1,0.16946673913832358,0.14825238383570435,-0.31326545309715453,0.07235650942334237,0.042971508827766236,-0.05706101665116152,0.112732154726375,2.3401396083472212,0.3243720998036523
1515,50.52333333333333,tracked,1,1,0.07681504978410732,0.3270132403719203,-0.31243211206940263,0.07233881365227787,0.042871876095662564,-0.06239114318416103,0.11358589583078679,2.343727994816792,0.3235501914274331
1516,50.55666666666667,tracked,1,1,0.12149188745692767,0.22040134636476832,-0.3130963275109494,0.07192600523922307,0.040767852602967,-0.05179078889957561,0.11091656317771056,2.341066676784681,0.32382816174071966
1517,50.59,tracked,1,1,0.11947594737491499,0.20265430025871148,-0.3137860540636755,0.07168713007863597,0.03913154104824129,-0.048012151693337744,0.10457985147922694,2.342003894353248,0.32424066655583683
1518,50.623333333333335,tracked,1,1,0.10994948266772447,0.25540566893034394,-0.31781402832766886,0.07009790937367683,0.03291745547782893,-0.040086508359150716,0.08653594900548267,2.3384214280577753,0.32711317976436743
1519,50.65666666666667,tracked,1,1,0.1554942006844896,0.24000078319426082,-0.31863080497870144,0.06937594460309174,0.031727402953588835,-0.04055118971128043,0.100168169913764,2.345130776075933,0.3276358339210257
1520,50.690000000000005,tracked,1,1,0.12636550841794472,0.26844811237348676,-0.3215258958443587,0.06910475046426903,0.028184683016578393,-0.022560196503910945,0.09307427483353989,2.337754276139952,0.3300738471796748
1521,50.723333333333336,tracked,1,1,0.152603282128755,0.2664645649213722,-0.32056817525283854,0.0693699190693178,0.027355881972530527,-0.020192147704855595,0.10094639470097783,2.339939452311221,0.32912685234589006
1522,50.75666666666667,tracked,1,1,0.13912894458472239,0.2526448849334775,-0.32220504164916947,0.06785016377030303,0.02410422156734049,-0.02542082147247187,0.09816012132236586,2.34360311586511,0.33015261181030725
1523,50.790000000000006,tracked,1,1,0.08938410854440702,0.24970615624563025,-0.3241832521533991,0.06722304607735724,0.020974881200119144,-0.024272235606682457,0.08341928586570543,2.337558892295512,0.3317433715118238
1524,50.82333333333334,tracked,1,1,0.10919224471044801,0.22882911358570757,-0.3252106047398243,0.06692263539694737,0.018635879410180745,-0.017602305359560325,0.06638419629262977,2.331603862159356,0.33254754932957453
1525,50.85666666666667,tracked,1,1,0.13926957074679638,0.19439712432589504,-0.3260503207178841,0.06628496645736295,0.016531165663618785,-0.016168383851711397,0.06483597466939554,2.334776090536158,0.3331302866097389
1526,50.89,tracked,1,1,0.08681684262133815,0.24899874784105686,-0.32615741120605496,0.0666223481639675,0.01640142966184166,-0.02026864321498528,0.07127195778896456,2.333920848785222,0.3332959661539108
1527,50.92333333333334,tracked,1,1,0.13851479773138808,0.24692786636012864,-0.3282671974009324,0.06579790283171391,0.014884298995115564,-0.01965172801263996,0.07987199131079167,2.331089135076477,0.33512722847165133
1528,50.95666666666667,tracked,1,1,0.12039532366169822,0.22866595481467653,-0.3284114427787677,0.06567906904451751,0.013994280862063502,-0.020563082151040975,0.07509582882128946,2.3281613573155173,0.3352068850060103
1529,50.99,tracked,1,1,0.10870702813015994,0.2909541621038388,-0.32765145142792207,0.06496911109693218,0.0132833846648992,-0.023475035294416132,0.07835039698259366,2.3321827441200775,0.33429464148817156
1530,51.02333333333333,tracked,1,1,0.14219649991296188,0.23513680931370953,-0.32605355601474156,0.06554333445269137,0.012249476516294322,-0.03461174186811171,0.06828283407072601,2.3254906621251608,0.33280159217761984
1531,51.05666666666667,tracked,1,1,0.10186786137430398,0.21601673611749544,-0.32923672816120125,0.0632883072585422,0.008372604357577973,-0.02872568645304222,0.06900333877720373,2.324035172356282,0.33536895132029276
1532,51.09,tracked,1,1,0.10701906102467085,0.2901352561994734,-0.33045700372302983,0.06325611490273042,0.006270592266278685,-0.019336826835886303,0.06288763845147366,2.3171096440114853,0.3365152117060385
1533,51.123333333333335,tracked,1,1,0.10681986646915693,0.36690667642522373,-0.332589020854242,0.06207292080145724,0.0053977214094080295,-0.011148026157732657,0.07507235886004486,2.3118061622339763,0.3383749986125172
1534,51.15666666666667,tracked,1,1,0.12349398892617326,0.2779144823126475,-0.3332265252744388,0.06198344588089899,0.0035326350203834234,-0.022613953557834195,0.07350401287566743,2.3083184334202773,0.3389606824101193
1535,51.190000000000005,tracked,1,1,0.11043820599485976,0.3163544814971708,-0.33535338960420596,0.061883957664665645,0.00039056271554199773,-0.013169231482343361,0.06370888309604664,2.302325125240061,0.34101564872378987
1536,51.223333333333336,tracked,1,1,0.07490894797924813,0.30400939948658096,-0.33360061547922326,0.06148756388662552,0.0003275277708432167,-0.014198433816529236,0.06485223220432218,2.3075157912688287,0.3392199853122883
1537,51.25666666666667,tracked,1,1,0.11733103458351286,0.26771827077019444,-0.33688564141464666,0.05918640984977214,-0.003399938071762698,-0.009287810545188454,0.06857300449790209,2.3118654036689126,0.34206216698307185
1538,51.290000000000006,tracked,1,1,0.14902215350252287,0.20160385625152008,-0.33583033507841875,0.05977934351819575,-0.0049092354229293145,-0.010851123912934397,0.0540842404483864,2.3099038441740274,0.3411446679383795
1539,51.32333333333334,tracked,1,1,0.09442685128821088,0.21598112061191205,-0.33538630748012144,0.05928515056084652,-0.005224924552501231,-0.013066527256991972,0.0589683940816439,2.3143916499950805,0.3406259005988126
1540,51.35666666666667,tracked,1,1,0.045284270047265054,0.33254967329193463,-0.3366682227161156,0.05874100827446729,-0.007354941773886403,-0.0067723313412908544,0.05251947638360837,2.308262339066666,0.34183342933134303
1541,51.39,tracked,1,1,0.05678814268106209,0.2993276311975283,-0.3382457041903709,0.05726802736729472,-0.009368104710256064,-0.008338978313742008,0.0636633671077071,2.3123871952064317,0.34318733185775296
1542,51.42333333333334,tracked,1,1,0.1296095207206738,0.23156835870609707,-0.34026643665634393,0.057496466291131754,-0.012240882475106074,-0.0036390425750155867,0.04229434224074862,2.3018909225411424,0.3453070094199397
1543,51.45666666666667,tracked,1,1,0.04076530150366247,0.31856593405876554,-0.3418848146779256,0.05688852328789526,-0.015254573520096237,-0.005850815801105543,0.04111184534419053,2.301539393792536,0.3469210754660445
1544,51.49,tracked,1,1,0.16681993719018237,0.20097814181796889,-0.3394013786026186,0.05711707407875671,-0.013844297032215402,-0.021109894873870078,0.045673596389032615,2.3028836334641922,0.3444522035188517
1545,51.52333333333333,tracked,1,1,0.14091584228000692,0.17415440042075936,-0.34210285203351554,0.056245578772037064,-0.01546730680382713,-0.00981981375946808,0.04998841188710427,2.296683549890466,0.34704057987594267
1546,51.55666666666667,tracked,1,1,0.13959902280742872,0.2276597235273705,-0.34294152956406465,0.05557620464498558,-0.01718163268783246,-0.014137340230203235,0.0591957258535895,2.298013020203336,0.34784021579498414
1547,51.59,tracked,1,1,0.14871342233624454,0.2264120472184937,-0.34335736737177186,0.05525286462183568,-0.01966223363745545,-0.016273912958131298,0.05470103594221065,2.295943866917787,0.3483299645580419
1548,51.623333333333335,tracked,0,1,0.1300514134345147,0.2554980859749427,-0.34228011829992017,0.06196066686259025,-0.0228919553044995,-0.017593775676624047,0.02803636984733513,2.2831073320282718,0.34859553244286917
1549,51.65666666666667,tracked,0,1,0.07657770915792299,0.2900998381218111,-0.3443752409274062,0.061360242723523445,-0.02516121093081536,-0.015250722553178024,0.03684362815166045,2.282956015823764,0.35070282645910306
1550,51.690000000000005,tracked,1,1,0.0824530681390694,0.2935115351228435,-0.34482213298976994,0.05450709852528143,-0.02404250302591915,-0.021894813512620088,0.055474784217651424,2.2893097965739564,0.3499305204480036
1551,51.723333333333336,tracked,1,1,0.12650989338711172,0.15778187298464513,-0.3448456734271412,0.05546305227129489,-0.026273697321268108,-0.017072194407023098,0.041766249754718265,2.2880371468185303,0.35026418004071797
1552,51.75666666666667,tracked,1,1,0.16117795940924515,0.24722751487195413,-0.3457138322113429,0.0559323383408932,-0.027037548765988073,-0.013130331965212004,0.04370200463079518,2.2871897674602772,0.3512513477522981
1553,51.790000000000006,tracked,1,1,0.13835539429436503,0.21430432875039948,-0.3456032984810733,0.054948669733250216,-0.027282048449862206,-0.028002284402193055,0.05646114176315777,2.2902620684716135,0.351006134410885
1554,51.82333333333334,tracked,1,1,0.1374191816701218,0.24271194090090215,-0.3447253532255238,0.05536955579038391,-0.027533311501658275,-0.03291680758144228,0.057016063574626435,2.2920503744234333,0.35022769751567895
1555,51.85666666666667,tracked,1,1,0.08806785744086477,0.21695366270030003,-0.3478927554010417,0.05488888417896967,-0.0295632131652781,-0.012311975801442226,0.05615359034060927,2.2854723187523085,0.35343477819761465
1556,51.89,tracked,1,1,0.10317119787311885,0.21559512831646277,-0.3468554512869532,0.05568740793581545,-0.029446319864233905,-0.02044882543837187,0.04901832242117541,2.2849212624959656,0.352529257287438
1557,51.92333333333334,tracked,1,1,0.08347711683908811,0.30429936375612066,-0.34761333627904667,0.05417893171536145,-0.03051757341675848,-0.022171246685398476,0.05707662180766281,2.289705676283122,0.3531312935554064
1558,51.95666666666667,tracked,1,1,0.13217060934731834,0.2775937007907381,-0.3464284839593064,0.05556065312523581,-0.029167499112485007,-0.018972952553804403,0.05457117352677851,2.284505363422525,0.35206593654956597
1559,51.99,tracked,1,1,0.20043939625229512,0.23771767469329602,-0.34603578964839266,0.055321418347562545,-0.030492449545722944,-0.027876268856653886,0.05473169290753629,2.287688539427533,0.3517541990152657
1560,52.02333333333333,tracked,1,1,0.14134894898822273,0.2697380658182347,-0.346649280416859,0.05620847141000235,-0.032241955473503725,-0.02886145822855734,0.04209989307863801,2.279831574294175,0.3526537389062118
1561,52.05666666666667,tracked,1,1,0.103777718429473,0.20215519641210203,-0.3469337463798964,0.05542825933592668,-0.03210169359170095,-0.023846027579728965,0.054098286199574304,2.2828415089405936,0.352797158494306
1562,52.09,tracked,1,1,0.14762253422585817,0.19542411294078868,-0.3469065604016665,0.05527232967176146,-0.033972556231882,-0.031911621303740235,0.046681075115096435,2.279778628143041,0.3529211337593533
1563,52.123333333333335,tracked,1,1,0.10521578201889602,0.2586258628174208,-0.3461825905781616,0.05565035066962587,-0.03308149781339742,-0.04146759019640906,0.05378937878180947,2.2811797567754506,0.3521842316836988
1564,52.15666666666667,tracked,1,1,0.16507298729323575,0.2672476750615932,-0.3462219209382754,0.055278484651379356,-0.03383626362758657,-0.04834217492637997,0.048942379612705034,2.27698242250189,0.35223603185906144
1565,52.190000000000005,tracked,1,1,0.15049814113627463,0.258587869542684,-0.3478819128201774,0.0539452582491772,-0.03526291843485335,-0.04673415329575549,0.06203467825660067,2.2754232865414696,0.35380134195836377
1566,52.223333333333336,tracked,1,1,0.1805716290681833,0.2941119827251446,-0.346317180967874,0.053598790556925374,-0.03633076267131191,-0.07056911638211485,0.05487207252392042,2.2742606043992564,0.3523185270447462
1567,52.25666666666667,tracked,1,1,0.17863985690035142,0.24786272159704917,-0.34424416494230137,0.0540757268286976,-0.03603450257778079,-0.07405772738609126,0.05256591174654326,2.270846108240763,0.35032372843543214
1568,52.290000000000006,tracked,1,1,0.12144575074352323,0.27707906987192743,-0.3478598291391772,0.053026436564993645,-0.039968420992540776,-0.07220565475678635,0.05619048418342943,2.2675517535096907,0.35414084539933516
1569,52.32333333333334,tracked,1,1,0.11361300836142352,0.28201261638060093,-0.34883918895112775,0.052491752026539246,-0.040107270596969724,-0.06571156941998935,0.05883022260735476,2.2686644378765433,0.3550390921203394
1570,52.35666666666667,tracked,1,1,0.04364112790145966,0.3293679904101351,-0.3467235736006776,0.053186837900555284,-0.04011566323356863,-0.0840872257684808,0.056704790309079614,2.2693517393824636,0.3530656350495663
1571,52.39,tracked,1,1,0.1032248184983018,0.22820880106457248,-0.34919628884338405,0.05206053857236098,-0.04336988494484756,-0.07809850474459228,0.05736382650009748,2.26942246489129,0.3557095651491055
1572,52.42333333333334,tracked,1,1,0.03217172140054859,0.32296218450136954,-0.3492667506980437,0.05261955170675356,-0.042793765416235474,-0.07713813229939318,0.050649285582888635,2.264585631202999,0.35579121226287885
1573,52.458333333333336,tracked,1,1,0.21722221455140092,0.25202433702066085,-0.3476721031678038,0.0531498577251554,-0.04216777979844211,-0.08733179153503363,0.05483539699219131,2.267504811937613,0.35423003874665704
1574,52.49166666666667,tracked,1,1,0.13587304810114778,0.22149032144596295,-0.3486987072583356,0.052107748769220336,-0.04354045977571125,-0.09580486282971412,0.057953815608274326,2.2697058103655747,0.3552488952310914
1575,52.525000000000006,tracked,1,1,0.1519012743100148,0.23174045191507844,-0.3488891849649342,0.05209115493266761,-0.043801647724156345,-0.09190392789759655,0.052685616194473324,2.269216850232589,0.3554655203406743
1576,52.55833333333334,tracked,1,1,0.11757234076846365,0.218803575574438,-0.35001598341159085,0.051475453262076004,-0.04415810964231781,-0.08615630414858426,0.06286814165736643,2.2675039752911426,0.35652608541213665
1577,52.59166666666667,tracked,1,1,0.1313781952202485,0.30353229705753226,-0.3512177861129697,0.05071438681948104,-0.0470905660059282,-0.0885244498537253,0.06135298717772419,2.271236319481068,0.3579712330890995
1578,52.625,tracked,1,1,0.13230652226990666,0.232719512939748,-0.34895801661701215,0.05205925274406864,-0.04390746739094559,-0.09271006606112048,0.07234876198732175,2.2736077294928414,0.355541458693971
1579,52.65833333333334,tracked,1,1,0.1509791024894077,0.21768580600030096,-0.3509674731338299,0.05127313298828989,-0.04628395036525551,-0.08978191369510044,0.07328934333657376,2.2711621060950193,0.3577000215624734
1580,52.69166666666667,tracked,1,1,0.057880344939323834,0.30652676717500177,-0.3504718407123086,0.0524666467159651,-0.045191617156260855,-0.08886061253210169,0.07247263101132835,2.2670493182832017,0.3572471727125209
1581,52.725,tracked,1,1,0.11221481399190096,0.2171185143886326,-0.35062520782341233,0.052064404122198815,-0.045286225456299345,-0.08797577944328479,0.07333001769994531,2.2692937743704147,0.3573507811015522
1582,52.75833333333334,tracked,1,1,0.06564964385368909,0.24795411185847516,-0.3514571282541789,0.05155350223072916,-0.04665588906748558,-0.08281781429174509,0.07490877970695815,2.271620386535763,0.3582689612255096
1583,52.79166666666667,tracked,1,1,0.14454933265168177,0.22426292748995072,-0.34950984869026847,0.05229649063431693,-0.0452208380406397,-0.08744220185911099,0.07162175087490089,2.2706835068939077,0.35628216550545627
1584,52.825,tracked,1,1,0.1370746008862807,0.2659879577033567,-0.3483941408527789,0.05270684494954206,-0.04656769109166775,-0.09100096850897618,0.06576681600516567,2.2733484717994794,0.3554223385476636
1585,52.858333333333334,tracked,1,1,0.13513952423113623,0.2773877625575709,-0.34954359957755143,0.05280821256795312,-0.04706268201195374,-0.07770773258825871,0.06396445815278526,2.2708647498215084,0.3566291229813011
1586,52.89166666666667,tracked,0,1,0.1378851829123781,0.23092382189769223,-0.3504767567372728,0.05933496234195185,-0.048914954384181586,-0.06672255346606978,0.05439825957240174,2.264066217046029,0.3588136947380979
1587,52.925000000000004,tracked,1,1,0.1182886108567841,0.20786050484437274,-0.35269069914589857,0.050813787063296756,-0.050077423566698254,-0.07252351686524397,0.07150559547350542,2.2752029474010818,0.35983401530541176
1588,52.958333333333336,tracked,1,1,0.13175049918353776,0.20836077476711995,-0.3524201592386307,0.052113104629366525,-0.049723180146444446,-0.07497612707496235,0.07261625019464456,2.2708403372366672,0.35970562819584695
1589,52.99166666666667,tracked,0,1,0.06427921167658059,0.2779171289566132,-0.34961345248950737,0.0600545659818304,-0.04982829604172273,-0.06809560373473207,0.05615077122581702,2.2618633126337033,0.35821638173500747
1590,53.025000000000006,tracked,1,1,0.03640857264143251,0.29681574919351617,-0.3514440964782171,0.052379201623442145,-0.049067758452856436,-0.06845977439874397,0.0829844584275587,2.2742661071919295,0.3586978932635198
1591,53.05833333333334,tracked,1,1,0.05928040386321102,0.2596923270089516,-0.3499336332258382,0.052716105911285366,-0.04840566883321762,-0.06892080246856885,0.08058309076340776,2.2756195763812483,0.35717732887219544
1592,53.09166666666667,tracked,1,1,0.10333919882179661,0.19898381626667783,-0.34970587289854765,0.05254243440374326,-0.04772800244603015,-0.06122451713213928,0.0872391893967725,2.2736533462388895,0.35683731190879564
1593,53.125,tracked,0,1,0.10019269956595186,0.2447775654829842,-0.3484842990996896,0.059863083785604065,-0.05064157561622867,-0.06154547811351117,0.07081489675757024,2.264122572130609,0.35719667509681324
1594,53.15833333333334,tracked,1,1,0.06888726743660997,0.27491426384139417,-0.34901834359457895,0.05274039048321197,-0.049881869540001345,-0.06478715516034285,0.08321244406572387,2.274865051621373,0.35648780324525964
1595,53.19166666666667,tracked,1,1,0.12126724731787657,0.23257151335393028,-0.3510467727101404,0.05124085402069656,-0.048940517885290746,-0.058082881983010086,0.11047669633057616,2.279383270375902,0.3581265642784067
1596,53.225,tracked,1,1,0.0782651594602452,0.2098241999550814,-0.3492467958501858,0.053362612149203154,-0.04910182911918587,-0.06258194956557193,0.10399768332419947,2.271622362162966,0.3566957841212276
1597,53.25833333333334,tracked,1,1,0.07705648083840246,0.21894086132169638,-0.349505700214734,0.05222272107987261,-0.04824904902696092,-0.06286755358138142,0.11564813546996018,2.2778310684932577,0.35666429287438317
1598,53.29166666666667,tracked,1,1,0.10323372974664226,0.1974679082358139,-0.34856838556780306,0.05284749640406303,-0.04873256894615152,-0.06883397659623562,0.10665259942311699,2.2754067961095923,0.3559039766139365
1599,53.325,tracked,1,1,0.08720705164286774,0.1980516312111137,-0.3496894248465501,0.05159046032440001,-0.049416073367259505,-0.05928829330977701,0.10647947268014031,2.2740450793688507,0.3569120588506822
1600,53.358333333333334,tracked,1,1,0.10443073342769851,0.29053842382371353,-0.3486180322088388,0.05302527934389906,-0.04833807358519371,-0.0653315878936958,0.10546751493113549,2.274235379887289,0.3559252477537792
1601,53.39166666666667,tracked,1,1,0.09847116111577564,0.17055903598279992,-0.3501353570871434,0.05204252762520192,-0.04873877546400279,-0.05802861098160224,0.11680862725858628,2.2747020013374404,0.3573215095651139
1602,53.425000000000004,tracked,1,1,0.09101804440088863,0.2596026713474178,-0.34784462219769435,0.05331716807536724,-0.048057619127887585,-0.0649376412764214,0.10662417261908531,2.2715828818521326,0.3551733891491236
1603,53.458333333333336,tracked,1,1,0.14887916658325737,0.22607203048263294,-0.3481285237174859,0.0526434792081211,-0.04865433844238942,-0.06802371682735789,0.11022982664519906,2.274892300708049,0.3554322010990543
1604,53.49166666666667,tracked,1,1,0.08282643044894664,0.24074943705838295,-0.34882852227000155,0.053175308783975084,-0.0484713137535604,-0.061999516658204155,0.11314490938551856,2.270881887317064,0.3561718962387967
1605,53.525000000000006,tracked,1,1,0.05744856044491372,0.2746708852563174,-0.3468119896127901,0.05451618769096597,-0.04723886499384178,-0.07068598495998096,0.12141415855855905,2.2670138603087238,0.3542345003319765
1606,53.55833333333334,tracked,1,1,0.07189233538604814,0.2229593327495479,-0.34868429840526605,0.05259177503098855,-0.04842508940795531,-0.06834798047896869,0.13983157164304144,2.2671190856099295,0.35593766875599325
1607,53.59166666666667,tracked,1,1,0.06698122725589964,0.22068533333141974,-0.3502809009447345,0.05257971778694609,-0.050298617079771624,-0.0635732311356588,0.13436954609533844,2.2677222827625854,0.357758699641738
1608,53.625,tracked,1,1,0.05299803749293375,0.28741700360917466,-0.35057833202643385,0.05312212985280723,-0.051534622933643304,-0.058035081902121116,0.12673096030522182,2.2652298221686507,0.35830565851999574
1609,53.65833333333334,tracked,1,1,0.10393620406983052,0.26112671261046455,-0.34949476791805717,0.05227640224054608,-0.04942037808020788,-0.06065201160566819,0.13796311774063788,2.267484290033652,0.3568217885764583
1610,53.69166666666667,tracked,1,1,0.05862952623060246,0.24735038237765117,-0.34703422653248106,0.05321746411902237,-0.04766251615732081,-0.07172631037074338,0.13511463593427198,2.265499288509853,0.3543114002099053
1611,53.725,tracked,1,1,0.08547205341455309,0.19794002501377567,-0.3467719160540949,0.05436051384731652,-0.04873710575232065,-0.06630183548627529,0.12100014264280237,2.2609103734036804,0.35437428335967813
1612,53.75833333333334,tracked,0,1,0.07205062120418823,0.2643595496983201,-0.3474702007760816,0.06118239040667922,-0.05078962443456203,-0.05470476793967032,0.1055088638091313,2.249179893807902,0.35645253719597736
1613,53.79166666666667,tracked,1,1,0.08389784846141651,0.22894714170765573,-0.34716925649248404,0.053864670545430204,-0.04731828766820961,-0.06571480448245942,0.13672929889573174,2.2636130784471864,0.3544952971963991
1614,53.825,tracked,1,1,0.13537328257978742,0.20970137485819335,-0.34854467573092096,0.05302135469944752,-0.04928206532559398,-0.06372058886105385,0.13778410493723858,2.2643956833140817,0.35598227062213866
1615,53.858333333333334,tracked,1,1,0.07545117402913608,0.24563905538605463,-0.34770072678858593,0.05384063237183956,-0.04841513750746074,-0.06519598430887381,0.1384626158195425,2.2625733769821395,0.35516001273141207
1616,53.89166666666667,tracked,1,1,0.07048478344574674,0.22029886709269317,-0.34676383250149045,0.053830612813737966,-0.04746602544252043,-0.0711375925311309,0.13685733744532103,2.26225466440728,0.3541128548617436
1617,53.925000000000004,tracked,1,1,0.08899576908858767,0.246538584680239,-0.3479251841950525,0.05400753211709572,-0.04878884327671884,-0.06471891844445601,0.12950561452715503,2.254938283747597,0.3554561837284879
1618,53.958333333333336,tracked,1,1,0.046034287676676,0.3115131819692764,-0.3465459246128044,0.05465007930863902,-0.049707432615879066,-0.07864006854987152,0.13050139851726922,2.252218384919205,0.3543325244617635
1619,53.99166666666667,tracked,1,1,0.11914018156984205,0.1719694718414185,-0.34637236632126045,0.05552158789545619,-0.048861345588673444,-0.07645875219689977,0.12787430324130208,2.247274000712424,0.3541805951293183
1620,54.025000000000006,tracked,1,1,0.1057963880368225,0.1533703950977045,-0.34844296751811676,0.0536862388069243,-0.05085798783911405,-0.07527203619394095,0.13250686557013475,2.253326401730901,0.3562039426748516
1621,54.05833333333334,tracked,1,1,0.07604949382714629,0.21521236296787719,-0.34741547686364893,0.05543288239822455,-0.04962463016869778,-0.07438666277905197,0.12607271128483621,2.2479923961515706,0.35529272710646925
1622,54.09166666666667,tracked,1,1,0.07909543538595451,0.21551381558140112,-0.3472452608401958,0.054978063389835075,-0.050175919307741346,-0.08003245180199947,0.12564346384393799,2.252135420376618,0.3551330476151851
1623,54.125,tracked,1,1,0.1495499022360654,0.18358059589329717,-0.3485158179829545,0.054872165684887675,-0.04939961411978627,-0.06607148150536411,0.12847501156440772,2.2493443975036165,0.35625068677331895
1624,54.15833333333334,tracked,1,1,0.04955252489539246,0.27943457616288325,-0.34755303755293154,0.05489874312454335,-0.04822011307221402,-0.06765342829920715,0.12784217496002567,2.2484873832166405,0.35515090484696943
1625,54.19166666666667,tracked,1,1,0.09205185072950439,0.22377731338263057,-0.34808262701854076,0.0547888015530969,-0.04950331213276965,-0.07283710110104286,0.13201802393651418,2.246859021134134,0.35582847823054803
1626,54.225,tracked,1,1,0.06909301208408002,0.2728742442179267,-0.3482490586865562,0.054071888214968084,-0.04943183559231934,-0.07189312900951196,0.13987668021672556,2.2488791095165346,0.3558717217498892
1627,54.25833333333334,tracked,1,1,0.09160524877223558,0.2702302324616604,-0.34765115868648344,0.05570732280058624,-0.050566825440547414,-0.07634384482848629,0.1232954741774845,2.2283080729911164,0.3556988020570185
1628,54.29166666666667,tracked,1,1,0.09102488006507876,0.2855510386331181,-0.3481385492175746,0.054600170771813894,-0.051002738834454386,-0.07303758123586379,0.12091920998267719,2.2164087449975547,0.35606587518076543
1629,54.325,tracked,1,1,0.09339181757246885,0.2407162775811419,-0.346337473759452,0.0549652380887623,-0.050750919472926814,-0.08268552026224794,0.1197384833183542,2.2070675856416275,0.354325385705824
1630,54.358333333333334,tracked,1,1,0.02226006071131683,0.3699570547710089,-0.3455495724418642,0.05501494875409971,-0.04959711487292762,-0.08210660318587949,0.10999377783504438,2.200684538867434,0.3533992436393855
1631,54.39166666666667,tracked,1,1,0.07491537427217097,0.3153436408525535,-0.34368915656491744,0.0552377389599677,-0.04859500098590769,-0.07386195924409664,0.101956601406491,2.1960637341573945,0.351475345175923
1632,54.425000000000004,tracked,1,1,0.10167379322364543,0.21771319431239372,-0.34359603687000956,0.05445641299090276,-0.04832162653769362,-0.07818445350594554,0.12239046656469516,2.199827110327407,0.351224596319593
1633,54.458333333333336,tracked,1,1,0.05241889880764199,0.3539822992495385,-0.34243618765795053,0.05572499814856102,-0.04757808724020107,-0.0774952964186644,0.1273285043865605,2.198915825111671,0.3501877959349875
1634,54.49166666666667,tracked,1,1,0.09866283539311707,0.28349932580465265,-0.3430727360042771,0.05722681485536485,-0.04900964053042278,-0.07209139349586263,0.12899061608927814,2.1971215586945236,0.3512488510911771
1635,54.525000000000006,tracked,1,1,0.08570263030331284,0.26359242873101923,-0.342257134828157,0.05763863376790687,-0.05021495020961708,-0.08026586178902835,0.12253157105437269,2.1871049601694432,0.35069031875426
1636,54.55833333333334,tracked,1,1,0.07088990659768574,0.3138812898571888,-0.34185581784513974,0.05753846747505023,-0.04840615399028897,-0.07432194643704178,0.13210609423676378,2.187568809356892,0.35002747203337964
1637,54.59166666666667,tracked,1,1,0.13112193098088354,0.257871792689986,-0.34199386902977935,0.058138313542861975,-0.04868274000658174,-0.07375498136995652,0.11898095642518824,2.182366746662104,0.35029969901516395
1638,54.625,tracked,1,1,0.10748719765112995,0.2661024649017455,-0.34254996671021987,0.056033034030444406,-0.04897682840001577,-0.07270343793140513,0.12469126441261634,2.1907403244783135,0.35054088251722404
1639,54.65833333333334,tracked,1,1,0.07981244545474848,0.2593876503266071,-0.3412776129689716,0.05718195749713048,-0.049196180873401996,-0.07747571834115442,0.11274534740786525,2.1876781266799767,0.3495145913828653
1640,54.69166666666667,tracked,1,1,0.05597553181390213,0.3503732037947686,-0.34176743113054775,0.05660155504933387,-0.048527037449181465,-0.07559332543562179,0.11873685227530768,2.1868993546428452,0.3498050691158874
1641,54.725,tracked,1,1,0.08068111112961608,0.3034613084269311,-0.3417534769074509,0.05640500144236277,-0.048401715791836164,-0.07857591079303332,0.12179955070606209,2.187519866962839,0.349742318368307
1642,54.75833333333334,tracked,1,1,0.06141039589838608,0.3086483544056773,-0.3424500558708814,0.057425141779837735,-0.04987941223573966,-0.07502340888214686,0.11372762360733919,2.186668818578844,0.3507957289354976
1643,54.79166666666667,tracked,1,1,0.10229694626327604,0.2619686662134063,-0.34140120122469486,0.057923192185117184,-0.048740412372476616,-0.07847823510656639,0.11546287096036476,2.1850746817207067,0.3496934431596018
1644,54.825,tracked,1,1,0.03775768573068276,0.36068797913141215,-0.3415833692880879,0.057645393840044745,-0.0485745139532095,-0.07707088483507776,0.11636291762973638,2.1874558646036677,0.34980233419885387
1645,54.858333333333334,tracked,1,1,0.08855150463602857,0.26729543726272165,-0.3414626120761758,0.05742334340968097,-0.04866681058907224,-0.07770266303924246,0.11555452094938726,2.185880818657939,0.3496607130736075
1646,54.89166666666667,tracked,1,1,0.0813612705768931,0.3120018937905106,-0.3411644955231403,0.057029740154670716,-0.04805741379001244,-0.08301271826635705,0.12292846037056775,2.188187612911542,0.3492207314691563
1647,54.925000000000004,tracked,1,1,0.09517867627619876,0.23381922565524194,-0.3421390864572338,0.05679832988876696,-0.04971827062668055,-0.07710604619856366,0.11604533937374821,2.1874746173846256,0.35036710917843233
1648,54.958333333333336,tracked,1,1,0.09154562158126825,0.2157309199239624,-0.3420033140471546,0.057868343023618624,-0.048089099727154805,-0.06979948877284065,0.11210351258798247,2.1829198321325785,0.3501822003701846
1649,54.99166666666667,tracked,1,1,0.07832781497094997,0.3108363088288351,-0.3414513176174523,0.05698095403778353,-0.0497009673146781,-0.08429258307751404,0.11608647370609233,2.1870731975837905,0.34972277246093797
1650,55.025000000000006,tracked,1,1,0.11808052764866693,0.25678757431330007,-0.34058327382299436,0.0568690348864212,-0.048287612361160304,-0.08676620181174985,0.119606301423523,2.189000656671092,0.3486584963032501
1651,55.05833333333334,tracked,1,1,0.06590638183984554,0.33764654204935474,-0.34283168194572466,0.05668755368298781,-0.050295866568405345,-0.07555173633509445,0.11450003862235512,2.186681236584637,0.35110783967630654
1652,55.09166666666667,tracked,1,1,0.054699942226316856,0.3189217851281262,-0.3421232681968801,0.05699069613676158,-0.04841095873599616,-0.07283879951857665,0.11828421114983195,2.187056673870542,0.3501997872837809
1653,55.125,tracked,1,1,0.10975531470794836,0.21635929426814277,-0.3419769519985567,0.0570831459917964,-0.04871364936373751,-0.07535037294516651,0.11693635897764827,2.188091500491465,0.3501138970233502
1654,55.15833333333334,tracked,1,1,0.03926032408044741,0.34765772438439335,-0.34211236288363817,0.05649238394184408,-0.048297042102323495,-0.07972868347520197,0.1253030305939194,2.190312509434014,0.3500926485333453
1655,55.19166666666667,tracked,1,1,0.0837353256367818,0.2929149004745978,-0.34165615949342826,0.05599790967368734,-0.048680591432404885,-0.08509185274832351,0.12546613942673498,2.191713508798136,0.34962050453288646
1656,55.225,tracked,1,1,0.09947348115295808,0.2181857572625327,-0.34122797604203847,0.05758047127249746,-0.0494569898746251,-0.08156651458654589,0.10830280564905659,2.187868900211837,0.3495683569105872
1657,55.25833333333334,tracked,1,1,0.08501656630418437,0.32925010803010485,-0.34192668483878885,0.05629474455847533,-0.04962832630767061,-0.08197962063616311,0.11742069998892395,2.1880665328439997,0.35006560362573336
1658,55.29166666666667,tracked,1,1,0.05373765987520052,0.34372191264774,-0.3423597539947726,0.0574161068105567,-0.0492959900039564,-0.07478051083031172,0.11254210849472278,2.1864254492444735,0.3506235946240821
1659,55.325,tracked,1,1,0.10030778902977007,0.2955189871364142,-0.3411105996957203,0.05799392339414791,-0.04948142570491171,-0.07850283611237746,0.10522387390301814,2.1854730089819556,0.3495256040195209
1660,55.358333333333334,tracked,1,1,0.08544495936016239,0.3411011476436426,-0.34217954010760104,0.05758664276965367,-0.0503696560997372,-0.07308448811487998,0.10211640463962622,2.185183918230355,0.3506282380946162
1661,55.39166666666667,tracked,1,1,0.09102047955369111,0.3339699661792478,-0.34244437742715084,0.057181156259630106,-0.0489862887662067,-0.07431234327700204,0.12011481140847763,2.185910279525552,0.35062443261949583
1662,55.425000000000004,tracked,1,1,0.06978996201756504,0.3049331946810526,-0.34181642126626566,0.05768708646471346,-0.04836344811501453,-0.07570023049186254,0.11407281015844778,2.1856556829903386,0.3500075554979324
1663,55.458333333333336,tracked,1,1,0.07517334642326905,0.29445718540039795,-0.34158369299364333,0.056392638978326914,-0.04864115441195821,-0.08545516800699375,0.12269763991560768,2.1895772830663183,0.34960765288054474
1664,55.49166666666667,tracked,1,1,0.06762255481416096,0.31126340668061436,-0.34149340483562285,0.05783663948604767,-0.047915545462545506,-0.07405806231590159,0.1137962715796363,2.1843688037175113,0.34965514712390394
1665,55.525000000000006,tracked,1,1,0.10968638154591068,0.2588705321912974,-0.3422984345254274,0.05720280294272545,-0.049815526357089135,-0.07770809607770851,0.11361886144585023,2.1865643400208654,0.35060228979471375
1666,55.55833333333334,tracked,1,1,0.06245574603076533,0.3395083784191316,-0.3418508186945265,0.05666976670893098,-0.047199582717682154,-0.07380597066923571,0.12481426069831474,2.187910582502955,0.34971594946425594
1667,55.59166666666667,tracked,1,1,0.049759754483120526,0.34941340425121364,-0.3427381547642868,0.056612125532858326,-0.049203438868771765,-0.07948473605745644,0.12210613340706503,2.1874549792904934,0.35084947468264693
1668,55.62500000000001,tracked,1,1,0.04871825070864015,0.3459260951834854,-0.34205951241766247,0.057026308144792204,-0.04876620708658441,-0.07964983237528821,0.11811967122113494,2.1875127205068168,0.3501925938817744
1669,55.65833333333334,tracked,1,1,0.08125848891954378,0.30815354288351066,-0.3433338629881056,0.05645063334317765,-0.05003024756277874,-0.07463931463635155,0.1169469029385808,2.1868451605378314,0.3515221773236705
1670,55.69166666666667,tracked,1,1,0.07344862261488652,0.31623313465405734,-0.34309512141014753,0.057349748561619146,-0.050068795350338424,-0.06994810978144035,0.10996371090089858,2.183721222587487,0.3514400948431452
1671,55.725,tracked,1,1,0.08535955018824766,0.2913223821104723,-0.3419860053362097,0.05646027926395286,-0.048632781111814294,-0.07852265817120611,0.12070677875400422,2.1883874453626406,0.35001048324164696
1672,55.75833333333334,tracked,1,1,0.07435456346808987,0.3428298870928345,-0.3423715142802965,0.056532616203153,-0.049984773467467325,-0.07504711137850865,0.11237273482803432,2.188071345181389,0.3505890301534694
1673,55.79166666666667,tracked,1,1,0.0841443745988133,0.3386973180148347,-0.342569443883311,0.05594905509751247,-0.04863601642502918,-0.07387382442695259,0.12169015071592058,2.1885398253614143,0.3504990481335451
1674,55.825,tracked,1,1,0.06022757508597467,0.35157870964252036,-0.34095354852662674,0.057642865339646326,-0.048508267659917226,-0.0833710009923659,0.11483491469787736,2.186696328506174,0.34917771150064775
1675,55.858333333333334,tracked,0,1,0.0881973836618434,0.25848706786958353,-0.3422197334928686,0.06496916649816079,-0.04995514016329178,-0.056570632646552085,0.09810986209086862,2.1724706414101713,0.35189608496846037
1676,55.89166666666667,tracked,1,1,0.07732747153266512,0.31415268667653595,-0.3424830386316723,0.05576600618461561,-0.04810605444759708,-0.07226561099786356,0.12675404757620018,2.1903665782238066,0.3503122488162258
1677,55.925000000000004,tracked,1,1,0.09218652156080404,0.2842699044903227,-0.34161710586253824,0.05566204742761008,-0.04858800259840784,-0.0809840013930645,0.12448764495394646,2.192058427243549,0.3495158144322415
1678,55.958333333333336,tracked,1,1,0.10347502068209441,0.34109767805342556,-0.341546758530506,0.056619776351756024,-0.04712118686855499,-0.08084018124689804,0.1280087795152616,2.1906884614866304,0.3494000480662816
1679,55.99166666666667,tracked,1,1,0.10672018478517947,0.2803289900338007,-0.3414908234085864,0.056707275413374725,-0.04764489650430681,-0.07619930947364156,0.12155326497983045,2.187731515805011,0.34943058498074947
1680,56.025000000000006,tracked,1,1,0.08219559910875336,0.32458405319936484,-0.3423105134478526,0.05640564616199903,-0.04822366917868953,-0.07766038996988059,0.12676192846395212,2.1897358895603585,0.35026219722507995
1681,56.06,tracked,1,1,0.07619904661684332,0.34460514715474266,-0.34095792729868046,0.058013913778463294,-0.04796153377486373,-0.07683332665552665,0.11359689081670944,2.1864687882135065,0.3491679124744206
1682,56.093333333333334,tracked,1,1,0.08364430067412587,0.274190708620899,-0.3426012544198437,0.0579499921948681,-0.05030172897450036,-0.07976337405710458,0.11127348223322463,2.18524279928693,0.3510898532616114
1683,56.12666666666667,tracked,1,1,0.10300616711785449,0.30093573632637044,-0.3411494803067302,0.057159281961116304,-0.049302561529623035,-0.08918527422978437,0.11871607525285825,2.188925862802508,0.3494007641680893
1684,56.16000000000001,tracked,1,1,0.08944553816272509,0.3721422631152818,-0.3419639465218718,0.05846969839952837,-0.04888894308649028,-0.07297453052469305,0.11042770616288712,2.1834449673617717,0.35035435648477314
1685,56.193333333333335,tracked,1,1,0.10247287703672954,0.29296476991093906,-0.3415121928237762,0.05858947392538605,-0.050098417401138406,-0.07668582341976708,0.10912497977018885,2.1858684256524405,0.3501044925850799
1686,56.226666666666674,tracked,1,1,0.07113158700082964,0.3418508804838931,-0.3402646528184986,0.058780009887316215,-0.046924634368874174,-0.07378567332372943,0.10843732198565845,2.1818617727046155,0.3484781841531818
1687,56.260000000000005,tracked,1,1,0.047993085881992276,0.3504745989575522,-0.34023391339175935,0.058378378872158576,-0.047011035988792416,-0.07659992889465496,0.113022524845091,2.1849945407265223,0.34839229102601
1688,56.29333333333334,tracked,1,1,0.10520510628505342,0.3347691232490838,-0.3403887919426693,0.057836740955575505,-0.047260281895007306,-0.08272411583575351,0.11808889583016494,2.1881205463607314,0.3484869474303847
1689,56.32666666666667,tracked,1,1,0.08035416865697918,0.3099374960416058,-0.34221672422478056,0.05806587763742985,-0.049455414368703654,-0.07327161149664979,0.10724212046995148,2.18541974347207,0.3506134203012267
1690,56.36000000000001,tracked,0,1,0.07341584047262302,0.2920756146249283,-0.3430392267097008,0.06514681434172825,-0.05156199467589373,-0.0612086484666079,0.0936390359764937,2.174105373715704,0.3529570197282128
1691,56.39333333333334,tracked,1,1,0.07151254859219144,0.3058545429765047,-0.34229286975991474,0.05672145040516979,-0.04890675119507448,-0.07713025327718383,0.11835919810073597,2.18807128492769,0.3503906419084291
1692,56.42666666666667,tracked,1,1,0.09093087804463265,0.3211481792147973,-0.342760171948759,0.05701853162998702,-0.051396602263067914,-0.08451802218927895,0.11000347780063749,2.1862207501120348,0.3512509916680246
1693,56.46,tracked,1,1,0.09453956941070944,0.28267769665817905,-0.34240459351621433,0.05752746411196541,-0.05094097322627328,-0.08077331568298672,0.10606557618851384,2.1852761267230707,0.3509206427974811
1694,56.49333333333335,tracked,1,1,0.06551032943222418,0.3130914228818696,-0.3415217105905213,0.05688131229923843,-0.0487451925366712,-0.08604112667906617,0.11854613703943719,2.188384809805633,0.349640753186748
1695,56.52666666666667,tracked,1,1,0.09906960331058016,0.2392720071843497,-0.34197733688403165,0.057887004132068265,-0.047830927418424596,-0.07836319872663781,0.11908139115031767,2.1852399729089775,0.3501245518488916
1696,56.56,tracked,1,1,0.11622020595241009,0.29778478964743393,-0.3414538811816818,0.05860276324526742,-0.048455224054843316,-0.08025606084608546,0.11113633380547461,2.183865019412891,0.3498184465865401
1697,56.593333333333334,tracked,1,1,0.08262024151189998,0.32115493080698976,-0.3426653187192321,0.05679817633605855,-0.04922142434619459,-0.0779128685624037,0.11771358729113782,2.1889393640269588,0.35081092072899195
1698,56.62666666666667,tracked,1,1,0.06490186649390545,0.32908003947962,-0.34318417877985896,0.057698090408700387,-0.04909322335701416,-0.073565163117023,0.11802273818700039,2.1843117982189075,0.35144643230682887
1699,56.66000000000001,tracked,1,1,0.09287226750207955,0.2726985540125554,-0.34241421366971964,0.05831671033207128,-0.04939696622713452,-0.07425086809291376,0.10803045973045101,2.1823241126767288,0.3508395540691668
1700,56.693333333333335,tracked,1,1,0.06749580605700169,0.30187244631245597,-0.3416627575859421,0.05790117632356684,-0.049026526111781266,-0.08226283509479289,0.11066381541236912,2.1857394127565226,0.3499851231173579
1701,56.726666666666674,tracked,1,1,0.10596989786021027,0.2718756099727328,-0.342514711714602,0.056238794047359014,-0.04973137165977681,-0.08852885347041198,0.12332426087834197,2.190553438115927,0.3506456031722073
1702,56.760000000000005,tracked,1,1,0.08868104308136561,0.2991251658638091,-0.34237046893068857,0.05659033410103237,-0.05079886940991124,-0.09259721462376334,0.12977193719652824,2.1912656610157475,0.350714312571944
1703,56.79333333333334,tracked,1,1,0.13829754038439812,0.28261849048062215,-0.3436064108086799,0.05631927761820932,-0.05067962181447877,-0.08430431014563802,0.12399067508992367,2.1895623456471616,0.3518602714821877
1704,56.82666666666667,tracked,1,1,0.09558237852000868,0.31732893767362164,-0.34299997362222134,0.056673840698586525,-0.05167037477249853,-0.09081900470349763,0.11449999925704447,2.1870752706817744,0.35146939234235425
1705,56.86000000000001,tracked,1,1,0.053628778885755256,0.3067984237316088,-0.343940881745623,0.05715741066930524,-0.050556064800736655,-0.07868578750507178,0.11806940161958869,2.1849989088708774,0.3523041518610198
1706,56.89333333333334,tracked,1,1,0.11442528694991429,0.25554881103051447,-0.3429889381882552,0.05724422068614754,-0.04950722871086394,-0.08337586908838504,0.12015042689974913,2.187187613036062,0.3512396307595441
1707,56.92666666666667,tracked,1,1,0.04113820347331069,0.32460146486860014,-0.34371548531255924,0.05653900773421083,-0.05149986365608722,-0.08937252191546324,0.12071575207240462,2.1865331236467287,0.35212104480677214
1708,56.96,tracked,1,1,0.1452343652804492,0.2839190777213963,-0.3426451569069052,0.05676574186478761,-0.05172790652220516,-0.09189060261969893,0.12403450051169712,2.191760564985462,0.3511464499527048
1709,56.99333333333335,tracked,1,1,0.08554918757203216,0.2324940343046541,-0.34216583708799175,0.057248976509493954,-0.04827225183072864,-0.08212197322913958,0.11718066461747038,2.1854152915927996,0.35026435113827953
1710,57.02666666666667,tracked,1,1,0.09132168504442965,0.28175782150910894,-0.3435177769931943,0.057071444209154304,-0.05139728058455356,-0.0852780521599006,0.11636314221724296,2.1862621767015664,0.3519989961717958
1711,57.06,tracked,1,1,0.12635370118652242,0.2466630788064483,-0.34378136681243493,0.05623028769607713,-0.049755656942155724,-0.08294981049109272,0.12311756593907797,2.187689443289201,0.3518850647861529
1712,57.093333333333334,tracked,0,1,0.08898827206461325,0.27601887841673506,-0.3470653675766314,0.06346409107570256,-0.05368670803974923,-0.054762751851619725,0.10563798825079437,2.176364856680353,0.356881384842797
1713,57.12666666666667,tracked,1,1,0.06942226206892077,0.31698505113834374,-0.34502077180728014,0.05489859230945729,-0.04952654945347523,-0.08134930695502947,0.1363755525504014,2.1926624324596884,0.3528541731605548
1714,57.16000000000001,tracked,1,1,0.09768651498371124,0.2580156818241114,-0.3458068470610018,0.0543745248075683,-0.051388437508005036,-0.08310343913497653,0.1341089869249667,2.1922506338120473,0.35380748427899894
1715,57.193333333333335,tracked,0,1,0.1185632810181845,0.28064347909949583,-0.347014142098777,0.06281297588965179,-0.053116881612855826,-0.0634386909556178,0.09469634279683185,2.172119939364928,0.3566310248266944
1716,57.226666666666674,tracked,1,1,0.036192264032550124,0.3389573208786524,-0.3429197584162607,0.05606473856794281,-0.047591201554812945,-0.07816463170379923,0.12662953453540088,2.1887995123870287,0.35071660651926534
1717,57.260000000000005,tracked,1,1,0.046210174320087116,0.3104668995761264,-0.3439993849229198,0.055034141571964484,-0.0494949793885498,-0.08234616764379914,0.12957715947414525,2.1917220954650802,0.35187225885338436
1718,57.29333333333334,tracked,1,1,0.09827302857449323,0.2964418692342799,-0.34581195984074986,0.05431758756505131,-0.04739034914525364,-0.07129985894992821,0.13164884385433087,2.1891366544385638,0.3532451798395789
1719,57.32666666666667,tracked,1,1,0.07910882668699229,0.269882178201144,-0.3467225108616265,0.056596864496523874,-0.04869686905284959,-0.06331751124506776,0.12270609817687177,2.182624100966886,0.3546703958107851
1720,57.36000000000001,tracked,1,1,0.08111557920164045,0.25880532110130783,-0.3460466738391865,0.05626895410335317,-0.04758065634943093,-0.06690062733425421,0.12380621766595283,2.1846370981686944,0.35380561687131573
1721,57.39333333333334,tracked,1,1,0.06753853611166617,0.3208968015034008,-0.3461245565614623,0.05634556854874656,-0.0473113049631505,-0.06536167464820394,0.12169015616633633,2.183562261560333,0.3538578688220267
1722,57.42666666666667,tracked,1,1,0.08997634837884787,0.282652733162787,-0.3464389577508892,0.05660740775901271,-0.04713933732599368,-0.06327402285892454,0.12264198025830227,2.1842238424347937,0.3541842277463119
1723,57.46,tracked,1,1,0.07802101802104787,0.280432803698358,-0.3459686880600026,0.057299918549952755,-0.046504535741963726,-0.061876931369520084,0.12089940479140995,2.1823426266941657,0.35375172879912004
1724,57.49333333333335,tracked,1,1,0.05222602771695841,0.2921985767140111,-0.3462213994409743,0.056750865353646096,-0.045725450365082965,-0.05650125020179858,0.12250622606516896,2.1818117269846486,0.3538088961011919
1725,57.52666666666667,tracked,1,1,0.06028776566078206,0.2921553408817631,-0.3448729554180628,0.055743186885671786,-0.04451261519602662,-0.06992946460500271,0.13508738197614983,2.1873546502080776,0.35217329707765976
1726,57.56,tracked,1,1,0.0709694491352543,0.3175194811955864,-0.34663458753418497,0.05692152796169808,-0.04656280199160395,-0.059216544555562536,0.12246953060087783,2.1799263765563994,0.35434967496781794
1727,57.593333333333334,tracked,1,1,0.06189499346154312,0.2619808624401795,-0.34112693954072154,0.058110451637211236,-0.04162252420939977,-0.06679164035338292,0.12165166856743442,2.1855282177926374,0.34853528944923473
1728,57.62666666666667,tracked,1,1,0.1355248398792059,0.14186177568409605,-0.33049396970716904,0.06329177975541256,-0.026402645849531947,-0.02537154742522705,0.12996410069792363,2.179031396312124,0.3375340177008336
