time,object_x,object_y,object_z,eef_x,eef_y,eef_z
0.000000000000000000e+00,-6.178815588338065767e-02,2.111769820458212488e-01,9.641421921936105255e-01,-6.132709132463158574e-02,2.593036929360281739e-01,9.996514545193373458e-01
5.000000000000000278e-02,-6.160773355957441244e-02,2.113628667229599523e-01,9.647793467424458091e-01,-6.114666900082534051e-02,2.594895776131668774e-01,1.000288609068172629e+00
1.000000000000000056e-01,-6.142731123576816027e-02,2.115487514000986835e-01,9.654165012912810928e-01,-6.096624667701908834e-02,2.596754622903055809e-01,1.000925763617007913e+00
1.499999999999999944e-01,-6.124688891196191504e-02,2.117346360772373870e-01,9.660536558401164875e-01,-6.078582435321284311e-02,2.598613469674443399e-01,1.001562918165843197e+00
2.000000000000000111e-01,-6.104714958924620238e-02,2.118582255439499240e-01,9.666415422031796600e-01,-6.058608503049713045e-02,2.599849364341568769e-01,1.002150804528906480e+00
2.500000000000000000e-01,-6.083087175431683979e-02,2.119284801161835374e-01,9.671872469366865621e-01,-6.036980719556776787e-02,2.600551910063904626e-01,1.002696509262413382e+00
2.999999999999999889e-01,-6.061459391938747721e-02,2.119987346884171509e-01,9.677329516701934642e-01,-6.015352936063840528e-02,2.601254455786240483e-01,1.003242213995920284e+00
3.499999999999999778e-01,-6.039985961401585224e-02,2.120784734282288031e-01,9.682955420125088919e-01,-5.993879505526678031e-02,2.602051843184357560e-01,1.003804804338235712e+00
4.000000000000000222e-01,-6.020350055044856874e-02,2.122711182485786385e-01,9.690591503031441567e-01,-5.974243599169949681e-02,2.603978291387855637e-01,1.004568412628870977e+00
4.500000000000000111e-01,-6.000714148688128524e-02,2.124637630689284740e-01,9.698227585937795325e-01,-5.954607692813221331e-02,2.605904739591353714e-01,1.005332020919506242e+00
5.000000000000000000e-01,-5.981078242331400174e-02,2.126564078892783094e-01,9.705863668844147973e-01,-5.934971786456492981e-02,2.607831187794852346e-01,1.006095629210141507e+00
5.500000000000000444e-01,-5.961209905929526487e-02,2.128514804104714719e-01,9.713656357110217465e-01,-5.915103450054619294e-02,2.609781913006783971e-01,1.006874898036748567e+00
5.999999999999999778e-01,-5.941196823066341448e-02,2.130480647891613011e-01,9.721546571802472947e-01,-5.895090367191434255e-02,2.611747756793681985e-01,1.007663919505974004e+00
6.500000000000000222e-01,-5.921183740203156409e-02,2.132446491678511025e-01,9.729436786494728429e-01,-5.875077284328249216e-02,2.613713600580580554e-01,1.008452940975199663e+00
6.999999999999999556e-01,-5.900848460197029299e-02,2.134307904213814944e-01,9.737093103079309531e-01,-5.854742004322122106e-02,2.615575013115883918e-01,1.009218572633657773e+00
7.500000000000000000e-01,-5.878756450114216991e-02,2.135599921505739185e-01,9.743474126416785674e-01,-5.832649994239309799e-02,2.616867030407808437e-01,1.009856674967405388e+00
8.000000000000000444e-01,-5.856664440031403990e-02,2.136891938797663426e-01,9.749855149754261818e-01,-5.810557984156496797e-02,2.618159047699732955e-01,1.010494777301153002e+00
8.499999999999999778e-01,-5.834572429948591682e-02,2.138183956089587667e-01,9.756236173091736852e-01,-5.788465974073684489e-02,2.619451064991656919e-01,1.011132879634900394e+00
9.000000000000000222e-01,-5.815662059033912396e-02,2.140972818003777645e-01,9.764212632936479785e-01,-5.769555603159005203e-02,2.622239926905847174e-01,1.011930525619374688e+00
9.499999999999999556e-01,-5.798156340887181126e-02,2.144422517565087727e-01,9.772893457477401791e-01,-5.752049885012273933e-02,2.625689626467156979e-01,1.012798608073466999e+00
1.000000000000000000e+00,-5.780650622740450550e-02,2.147872217126397809e-01,9.781574282018323796e-01,-5.734544166865543358e-02,2.629139326028466783e-01,1.013666690527559311e+00
1.050000000000000044e+00,-5.762550197469450131e-02,2.151169117340568093e-01,9.790233647939353689e-01,-5.716443741594542938e-02,2.632436226242637067e-01,1.014532627119662189e+00
1.100000000000000089e+00,-5.742486308845556192e-02,2.153961540802716290e-01,9.798822166863528915e-01,-5.696379852970648999e-02,2.635228649704785542e-01,1.015391479012079712e+00
1.149999999999999911e+00,-5.722422420221662254e-02,2.156753964264864765e-01,9.807410685787704141e-01,-5.676315964346755061e-02,2.638021073166934016e-01,1.016250330904497234e+00
1.199999999999999956e+00,-5.702358531597767621e-02,2.159546387727013239e-01,9.815999204711879367e-01,-5.656252075722860428e-02,2.640813496629082491e-01,1.017109182796914757e+00
1.250000000000000000e+00,-5.669517036616080613e-02,2.158718356649626802e-01,9.821840139028563677e-01,-5.623410580741173420e-02,2.639985465551696331e-01,1.017693276228583077e+00
1.300000000000000044e+00,-5.632885087736128060e-02,2.156816324257862516e-01,9.826866007323127317e-01,-5.586778631861220867e-02,2.638083433159931768e-01,1.018195863058039663e+00
1.350000000000000089e+00,-5.596253138856175507e-02,2.154914291866098230e-01,9.831891875617690957e-01,-5.550146682981268315e-02,2.636181400768167205e-01,1.018698449887495805e+00
1.399999999999999911e+00,-5.560250096426599953e-02,2.153704840071456739e-01,9.837876401972017737e-01,-5.514143640551692760e-02,2.634971948973525713e-01,1.019296902522928594e+00
1.449999999999999956e+00,-5.525647108334988400e-02,2.154037192258647093e-01,9.845995066677748486e-01,-5.479540652460081207e-02,2.635304301160716345e-01,1.020108768993501780e+00
1.500000000000000000e+00,-5.491044120243376847e-02,2.154369544445837725e-01,9.854113731383480346e-01,-5.444937664368469654e-02,2.635636653347906977e-01,1.020920635464074966e+00
1.550000000000000044e+00,-5.456441132151765988e-02,2.154701896633028357e-01,9.862232396089211095e-01,-5.410334676276858795e-02,2.635969005535097609e-01,1.021732501934647930e+00
1.600000000000000089e+00,-5.425922023027649616e-02,2.156465031063496962e-01,9.871379266764362947e-01,-5.379815567152742423e-02,2.637732139965566214e-01,1.022647189002163115e+00
1.649999999999999911e+00,-5.396130898794072178e-02,2.158483214153107677e-01,9.880709423579003836e-01,-5.350024442919164985e-02,2.639750323055176651e-01,1.023580204683627315e+00
1.699999999999999956e+00,-5.366339774560494741e-02,2.160501397242718391e-01,9.890039580393645835e-01,-5.320233318685587548e-02,2.641768506144787643e-01,1.024513220365091293e+00
1.750000000000000000e+00,-5.336721755813256252e-02,2.162871948898003882e-01,9.899247688784271748e-01,-5.290615299938349059e-02,2.644139057800073411e-01,1.025434031204154106e+00
1.800000000000000044e+00,-5.307377406127872232e-02,2.165799573450483129e-01,9.908262846169082483e-01,-5.261270950252965040e-02,2.647066682352552380e-01,1.026335546942635180e+00
1.850000000000000089e+00,-5.278033056442488213e-02,2.168727198002962375e-01,9.917278003553892107e-01,-5.231926600567581020e-02,2.649994306905031349e-01,1.027237062681116031e+00
1.899999999999999911e+00,-5.248688706757104888e-02,2.171654822555441899e-01,9.926293160938702842e-01,-5.202582250882197695e-02,2.652921931457511429e-01,1.028138578419597104e+00
1.949999999999999956e+00,-5.205823785546341564e-02,2.171677279523080983e-01,9.933210893036190647e-01,-5.159717329671434372e-02,2.652944388425150235e-01,1.028830351629345774e+00
2.000000000000000000e+00,-5.161881565079916995e-02,2.171468257009927239e-01,9.939961505371276429e-01,-5.115775109205009802e-02,2.652735365911996768e-01,1.029505412862854463e+00
2.049999999999999822e+00,-5.117939344613492425e-02,2.171259234496773494e-01,9.946712117706363321e-01,-5.071832888738585232e-02,2.652526343398842745e-01,1.030180474096363152e+00
2.100000000000000089e+00,-5.073328853689532125e-02,2.170840712324395572e-01,9.953512550042737939e-01,-5.027222397814624932e-02,2.652107821226464823e-01,1.030860517330000725e+00
2.149999999999999911e+00,-5.027949329308742388e-02,2.170181101764342979e-01,9.960370314328139685e-01,-4.981842873433835195e-02,2.651448210666412231e-01,1.031546293758540678e+00
2.200000000000000178e+00,-4.982569804927952650e-02,2.169521491204290109e-01,9.967228078613542541e-01,-4.936463349053045457e-02,2.650788600106359638e-01,1.032232070187081074e+00
2.250000000000000000e+00,-4.937157373507736896e-02,2.168848544718604276e-01,9.974074040281698528e-01,-4.891050917632829703e-02,2.650115653620673806e-01,1.032916666353896673e+00
2.299999999999999822e+00,-4.882866763210879507e-02,2.164577622379732780e-01,9.977735706159278628e-01,-4.836760307335972314e-02,2.645844731281802309e-01,1.033282832941654572e+00
2.350000000000000089e+00,-4.828576152914021424e-02,2.160306700040861283e-01,9.981397372036858728e-01,-4.782469697039114231e-02,2.641573808942930812e-01,1.033648999529412693e+00
2.399999999999999911e+00,-4.774285542617164729e-02,2.156035777701990064e-01,9.985059037914438829e-01,-4.728179086742257536e-02,2.637302886604059315e-01,1.034015166117170814e+00
2.450000000000000178e+00,-4.725133756648860345e-02,2.152857995522207135e-01,9.989567950024622611e-01,-4.679027300773953152e-02,2.634125104424276387e-01,1.034466057328188970e+00
2.500000000000000000e+00,-4.680316708918588059e-02,2.150602306829995092e-01,9.994791537400329329e-01,-4.634210253043680866e-02,2.631869415732064343e-01,1.034988416065759864e+00
2.549999999999999822e+00,-4.635499661188316467e-02,2.148346618137783048e-01,1.000001512477603605e+00,-4.589393205313409274e-02,2.629613727039852300e-01,1.035510774803330314e+00
2.600000000000000089e+00,-4.591738085512028084e-02,2.146278968917755825e-01,1.000530805503679233e+00,-4.545631629637120891e-02,2.627546077819825077e-01,1.036040067829405942e+00
2.649999999999999911e+00,-4.559922020101972451e-02,2.146339492998920184e-01,1.001138578688665071e+00,-4.513815564227065258e-02,2.627606601900989158e-01,1.036647841014391780e+00
2.700000000000000178e+00,-4.528105954691916124e-02,2.146400017080084544e-01,1.001746351873650909e+00,-4.481999498817008931e-02,2.627667125982153795e-01,1.037255614199377618e+00
2.750000000000000000e+00,-4.496289889281861185e-02,2.146460541161248903e-01,1.002354125058636747e+00,-4.450183433406953992e-02,2.627727650063318432e-01,1.037863387384363456e+00
2.799999999999999822e+00,-4.469219809810741351e-02,2.147236768639023408e-01,1.002943890284803130e+00,-4.423113353935834158e-02,2.628503877541092937e-01,1.038453152610530061e+00
2.850000000000000089e+00,-4.445059429412619167e-02,2.148451784081291116e-01,1.003522615077694358e+00,-4.398952973537711975e-02,2.629718892983360368e-01,1.039031877403421067e+00
2.899999999999999911e+00,-4.420899049014496984e-02,2.149666799523558547e-01,1.004101339870585363e+00,-4.374792593139589791e-02,2.630933908425627799e-01,1.039610602196312072e+00
2.950000000000000178e+00,-4.395279345878962129e-02,2.150453499938017043e-01,1.004634825783878194e+00,-4.349172890004054937e-02,2.631720608840086295e-01,1.040144088109605125e+00
3.000000000000000000e+00,-4.361922049436954552e-02,2.148969196545520988e-01,1.004928446968828659e+00,-4.315815593562047359e-02,2.630236305447590239e-01,1.040437709294555368e+00
3.049999999999999822e+00,-4.328564752994946974e-02,2.147484893153025209e-01,1.005222068153779347e+00,-4.282458297120039781e-02,2.628752002055094739e-01,1.040731330479506056e+00
3.100000000000000089e+00,-4.295207456552939396e-02,2.146000589760529154e-01,1.005515689338729812e+00,-4.249101000678032203e-02,2.627267698662598683e-01,1.041024951664456744e+00
3.149999999999999911e+00,-4.259721831516029289e-02,2.143760596096562498e-01,1.005749891343015623e+00,-4.213615375641122096e-02,2.625027704998631473e-01,1.041259153668742332e+00
3.200000000000000178e+00,-4.223312821519008969e-02,2.141192742799995774e-01,1.005958314067777248e+00,-4.177206365644101776e-02,2.622459851702064748e-01,1.041467576393503958e+00
3.250000000000000000e+00,-4.186903811521988650e-02,2.138624889503428772e-01,1.006166736792538874e+00,-4.140797355647081457e-02,2.619891998405498024e-01,1.041675999118265583e+00
3.299999999999999822e+00,-4.151223698390570788e-02,2.136035673927511314e-01,1.006366893753850800e+00,-4.105117242515663595e-02,2.617302782829580288e-01,1.041876156079577509e+00
3.350000000000000089e+00,-4.117901057893183503e-02,2.133377366287480814e-01,1.006540316739408691e+00,-4.071794602018276310e-02,2.614644475189550343e-01,1.042049579065135401e+00
3.399999999999999911e+00,-4.084578417395796912e-02,2.130719058647450592e-01,1.006713739724966805e+00,-4.038471961520889719e-02,2.611986167549519844e-01,1.042223002050693736e+00
3.450000000000000178e+00,-4.051255776898410321e-02,2.128060751007420370e-01,1.006887162710524919e+00,-4.005149321023503128e-02,2.609327859909489344e-01,1.042396425036251628e+00
3.500000000000000000e+00,-4.021449406757837686e-02,2.125888728109912029e-01,1.007168842459055691e+00,-3.975342950882930493e-02,2.607155837011981281e-01,1.042678104784782622e+00
3.549999999999999822e+00,-3.992664404359667213e-02,2.123857955884062287e-01,1.007481967447678262e+00,-3.946557948484760020e-02,2.605125064786131261e-01,1.042991229773404971e+00
3.600000000000000089e+00,-3.963879401961496046e-02,2.121827183658212546e-01,1.007795092436300610e+00,-3.917772946086588853e-02,2.603094292560281797e-01,1.043304354762027319e+00
3.649999999999999911e+00,-3.937787959025297602e-02,2.120503144800976458e-01,1.008164256696000960e+00,-3.891681503150390409e-02,2.601770253703045710e-01,1.043673519021727891e+00
3.700000000000000178e+00,-3.917590534864183460e-02,2.120725572543938342e-01,1.008656045505311960e+00,-3.871484078989276267e-02,2.601992681446007594e-01,1.044165307831038891e+00
3.750000000000000000e+00,-3.897393110703069319e-02,2.120948000286900226e-01,1.009147834314623182e+00,-3.851286654828162126e-02,2.602215109188969477e-01,1.044657096640349891e+00
3.799999999999999822e+00,-3.877195686541955177e-02,2.121170428029862109e-01,1.009639623123934404e+00,-3.831089230667047985e-02,2.602437536931931361e-01,1.045148885449661336e+00
3.850000000000000089e+00,-3.865647833455453097e-02,2.122792071724378116e-01,1.010165295351829418e+00,-3.819541377580545904e-02,2.604059180626447367e-01,1.045674557677556127e+00
3.899999999999999911e+00,-3.855597685518930007e-02,2.124655994824253824e-01,1.010696834618687978e+00,-3.809491229644022814e-02,2.605923103726323076e-01,1.046206096944414909e+00
3.950000000000000178e+00,-3.845547537582406222e-02,2.126519917924129810e-01,1.011228373885546539e+00,-3.799441081707499029e-02,2.607787026826199339e-01,1.046737636211273248e+00
4.000000000000000000e+00,-3.834780907280960216e-02,2.128556993220626914e-01,1.011758557690076499e+00,-3.788674451406053023e-02,2.609824102122696443e-01,1.047267820015803430e+00
4.049999999999999822e+00,-3.822899020888465005e-02,2.130863592306424525e-01,1.012286631620460176e+00,-3.776792565013557812e-02,2.612130701208493777e-01,1.047795893946187107e+00
4.099999999999999645e+00,-3.811017134495970488e-02,2.133170191392222137e-01,1.012814705550843630e+00,-3.764910678621063295e-02,2.614437300294291111e-01,1.048323967876570340e+00
4.150000000000000355e+00,-3.799135248103475276e-02,2.135476790478019748e-01,1.013342779481227307e+00,-3.753028792228568083e-02,2.616743899380089000e-01,1.048852041806954016e+00
4.200000000000000178e+00,-3.778980784804762683e-02,2.136811833885398637e-01,1.013820348931298243e+00,-3.732874328929855490e-02,2.618078942787467889e-01,1.049329611257025174e+00
4.250000000000000000e+00,-3.758202644631233880e-02,2.138073630852630191e-01,1.014294110804020210e+00,-3.712096188756326687e-02,2.619340739754699721e-01,1.049803373129746920e+00
4.299999999999999822e+00,-3.737424504457705077e-02,2.139335427819861746e-01,1.014767872676742178e+00,-3.691318048582797884e-02,2.620602536721930997e-01,1.050277135002469109e+00
4.349999999999999645e+00,-3.711450186236016358e-02,2.139482912578117846e-01,1.015153713741457242e+00,-3.665343730361109165e-02,2.620750021480187097e-01,1.050662976067183951e+00
4.400000000000000355e+00,-3.679584265219611183e-02,2.138366952384384845e-01,1.015439867213990821e+00,-3.633477809344703990e-02,2.619634061286454374e-01,1.050949129539717752e+00
4.450000000000000178e+00,-3.647718344203206009e-02,2.137250992190651566e-01,1.015726020686524400e+00,-3.601611888328298816e-02,2.618518101092720540e-01,1.051235283012251109e+00
4.500000000000000000e+00,-3.615745755244046539e-02,2.136120952910678383e-01,1.016011869549884317e+00,-3.569639299369139346e-02,2.617388061812747635e-01,1.051521131875611026e+00
4.549999999999999822e+00,-3.569437222267892590e-02,2.133098714466306334e-01,1.016256779589940873e+00,-3.523330766392985397e-02,2.614365823368375308e-01,1.051766041915667582e+00
4.599999999999999645e+00,-3.523128689291739335e-02,2.130076476021934007e-01,1.016501689629997429e+00,-3.477022233416832142e-02,2.611343584924002981e-01,1.052010951955724138e+00
4.650000000000000355e+00,-3.476820156315584692e-02,2.127054237577561679e-01,1.016746599670054207e+00,-3.430713700440677499e-02,2.608321346479630654e-01,1.052255861995781139e+00
4.700000000000000178e+00,-3.427766317334021012e-02,2.123994826871385966e-01,1.016953906327179524e+00,-3.381659861459113819e-02,2.605261935773455217e-01,1.052463168652906234e+00
4.750000000000000000e+00,-3.376430959681066268e-02,2.120904523722183521e-01,1.017129962253021880e+00,-3.330324503806159075e-02,2.602171632624252773e-01,1.052639224578748589e+00
4.799999999999999822e+00,-3.325095602028110831e-02,2.117814220572981077e-01,1.017306018178864235e+00,-3.278989146153203638e-02,2.599081329475050328e-01,1.052815280504590945e+00
4.849999999999999645e+00,-3.274125622171109723e-02,2.114819497014671923e-01,1.017478089379139305e+00,-3.228019166296202530e-02,2.596086605916740897e-01,1.052987351704866015e+00
4.900000000000000355e+00,-3.227095064030562066e-02,2.112855291238736888e-01,1.017607198159125037e+00,-3.180988608155654873e-02,2.594122400140805862e-01,1.053116460484851746e+00
4.950000000000000178e+00,-3.180064505890016491e-02,2.110891085462801853e-01,1.017736306939110769e+00,-3.133958050015109298e-02,2.592158194364870827e-01,1.053245569264837478e+00
5.000000000000000000e+00,-3.133033947749469528e-02,2.108926879686866818e-01,1.017865415719096722e+00,-3.086927491874562335e-02,2.590193988588935792e-01,1.053374678044823654e+00
5.049999999999999822e+00,-3.088363613397988525e-02,2.107789163388905651e-01,1.018037236593123840e+00,-3.042257157523081332e-02,2.589056272290974903e-01,1.053546498918850549e+00
5.099999999999999645e+00,-3.045117755129093939e-02,2.107150261864076946e-01,1.018234835682200634e+00,-2.999011299254186746e-02,2.588417370766146197e-01,1.053744098007927565e+00
5.150000000000000355e+00,-3.001871896860199007e-02,2.106511360339247962e-01,1.018432434771277206e+00,-2.955765440985291814e-02,2.587778469241317492e-01,1.053941697097004138e+00
5.200000000000000178e+00,-2.959090154857904609e-02,2.106020626184075817e-01,1.018635120653927251e+00,-2.912983698982997416e-02,2.587287735086145068e-01,1.054144382979654182e+00
5.250000000000000000e+00,-2.918702717782547390e-02,2.106294264856813092e-01,1.018864048527629906e+00,-2.872596261907640197e-02,2.587561373758882066e-01,1.054373310853356838e+00
5.299999999999999822e+00,-2.878315280707191559e-02,2.106567903529550367e-01,1.019092976401332562e+00,-2.832208824832284366e-02,2.587835012431619619e-01,1.054602238727059493e+00
5.349999999999999645e+00,-2.837927843631834340e-02,2.106841542202287643e-01,1.019321904275035218e+00,-2.791821387756927147e-02,2.588108651104357172e-01,1.054831166600762149e+00
5.400000000000000355e+00,-2.800424015376470205e-02,2.107267381194913580e-01,1.019548039988679600e+00,-2.754317559501563012e-02,2.588534490096983109e-01,1.055057302314406531e+00
5.450000000000000178e+00,-2.764149476154455221e-02,2.107758103531914562e-01,1.019772985398107235e+00,-2.718043020279548028e-02,2.589025212433984091e-01,1.055282247723833944e+00
5.500000000000000000e+00,-2.727874936932440236e-02,2.108248825868915544e-01,1.019997930807534869e+00,-2.681768481057533043e-02,2.589515934770985073e-01,1.055507193133261801e+00
5.549999999999999822e+00,-2.691288888760022535e-02,2.108684099815442414e-01,1.020216173325538822e+00,-2.645182432885115342e-02,2.589951208717511388e-01,1.055725435651265531e+00
5.599999999999999645e+00,-2.653715633935928297e-02,2.108943651620343029e-01,1.020413173632073844e+00,-2.607609178061021105e-02,2.590210760522412281e-01,1.055922435957800776e+00
5.650000000000000355e+00,-2.616142379111834060e-02,2.109203203425243645e-01,1.020610173938608867e+00,-2.570035923236926867e-02,2.590470312327313174e-01,1.056119436264335576e+00
5.700000000000000178e+00,-2.578569124287739822e-02,2.109462755230144260e-01,1.020807174245143889e+00,-2.532462668412832629e-02,2.590729864132213511e-01,1.056316436570870820e+00
5.750000000000000000e+00,-2.542145342509589262e-02,2.109607613991767161e-01,1.020923798878240252e+00,-2.496038886634682069e-02,2.590874722893836690e-01,1.056433061203966961e+00
5.799999999999999822e+00,-2.506048411707223478e-02,2.109719859954644339e-01,1.021017568806404041e+00,-2.459941955832316285e-02,2.590986968856713313e-01,1.056526831132130972e+00
5.849999999999999645e+00,-2.469951480904858387e-02,2.109832105917521239e-01,1.021111338734567830e+00,-2.423845025029951195e-02,2.591099214819590490e-01,1.056620601060294540e+00
5.900000000000000355e+00,-2.435312152971015609e-02,2.110230787347503467e-01,1.021209636912235430e+00,-2.389205697096108416e-02,2.591497896249572719e-01,1.056718899237962361e+00
5.950000000000000178e+00,-2.403808260728067941e-02,2.111245617391139806e-01,1.021317675764416011e+00,-2.357701804853160749e-02,2.592512726293209058e-01,1.056826938090142942e+00
6.000000000000000000e+00,-2.372304368485120274e-02,2.112260447434775867e-01,1.021425714616596592e+00,-2.326197912610213081e-02,2.593527556336845397e-01,1.056934976942323523e+00
6.049999999999999822e+00,-2.340800476242171912e-02,2.113275277478411929e-01,1.021533753468777173e+00,-2.294694020367264720e-02,2.594542386380481180e-01,1.057043015794504104e+00
6.099999999999999645e+00,-2.311572182227552424e-02,2.114408264488504829e-01,1.021694526465181996e+00,-2.265465726352645232e-02,2.595675373390574081e-01,1.057203788790908927e+00
6.150000000000000355e+00,-2.282726400853807291e-02,2.115561112883931338e-01,1.021864163713861240e+00,-2.236619944978900099e-02,2.596828221786000590e-01,1.057373426039588171e+00
6.200000000000000178e+00,-2.253880619480062852e-02,2.116713961279357570e-01,1.022033800962540484e+00,-2.207774163605155660e-02,2.597981070181426544e-01,1.057543063288267415e+00
6.250000000000000000e+00,-2.224196012167296149e-02,2.117559258992798288e-01,1.022198428157665262e+00,-2.178089556292388956e-02,2.598826367894867539e-01,1.057707690483391971e+00
6.299999999999999822e+00,-2.193225769188467816e-02,2.117933185820470299e-01,1.022355376639914493e+00,-2.147119313313560623e-02,2.599200294722539550e-01,1.057864638965641202e+00
6.349999999999999645e+00,-2.162255526209639483e-02,2.118307112648142310e-01,1.022512325122163501e+00,-2.116149070334732291e-02,2.599574221550211561e-01,1.058021587447890433e+00
6.400000000000000355e+00,-2.131285283230810457e-02,2.118681039475814321e-01,1.022669273604412510e+00,-2.085178827355903264e-02,2.599948148377883572e-01,1.058178535930139219e+00
6.450000000000000178e+00,-2.100502946164690271e-02,2.119285549008314562e-01,1.022943544308552832e+00,-2.054396490289783078e-02,2.600552657910383814e-01,1.058452806634279764e+00
6.500000000000000000e+00,-2.069733976190727548e-02,2.119906461538577092e-01,1.023226160981852484e+00,-2.023627520315820355e-02,2.601173570440646343e-01,1.058735423307579193e+00
6.549999999999999822e+00,-2.038965006216765519e-02,2.120527374068839899e-01,1.023508777655152135e+00,-1.992858550341858326e-02,2.601794482970909428e-01,1.059018039980879067e+00
6.599999999999999645e+00,-2.005740709421525297e-02,2.120554439499107435e-01,1.023785842525630763e+00,-1.959634253546618105e-02,2.601821548401176409e-01,1.059295104851357472e+00
6.650000000000000355e+00,-1.969773441738757735e-02,2.119918088029917880e-01,1.024056705193869155e+00,-1.923666985863850543e-02,2.601185196931987131e-01,1.059565967519596086e+00
6.700000000000000178e+00,-1.933806174055991561e-02,2.119281736560728047e-01,1.024327567862107546e+00,-1.887699718181084368e-02,2.600548845462797298e-01,1.059836830187834256e+00
6.750000000000000000e+00,-1.897834497252328528e-02,2.118641358867519864e-01,1.024598288272033475e+00,-1.851728041377421335e-02,2.599908467769589393e-01,1.060107550597760184e+00
6.799999999999999822e+00,-1.861469239192184433e-02,2.117641579301386134e-01,1.024856309958857903e+00,-1.815362783317277240e-02,2.598908688203455108e-01,1.060365572284584612e+00
6.849999999999999645e+00,-1.825103981132039643e-02,2.116641799735252405e-01,1.025114331645682553e+00,-1.778997525257132450e-02,2.597908908637321934e-01,1.060623593971409484e+00
6.900000000000000355e+00,-1.788738723071894854e-02,2.115642020169118398e-01,1.025372353332506981e+00,-1.742632267196987661e-02,2.596909129071187650e-01,1.060881615658233912e+00
6.950000000000000178e+00,-1.751398339128380083e-02,2.114682567988453721e-01,1.025660714061475742e+00,-1.705291883253472890e-02,2.595949676890523250e-01,1.061169976387202674e+00
7.000000000000000000e+00,-1.713259557591068766e-02,2.113756134403717291e-01,1.025973915294280170e+00,-1.667153101716161573e-02,2.595023243305786265e-01,1.061483177620007101e+00
7.049999999999999822e+00,-1.675120776053757449e-02,2.112829700818981138e-01,1.026287116527084375e+00,-1.629014320178850256e-02,2.594096809721050390e-01,1.061796378852811085e+00
7.099999999999999645e+00,-1.637114707166698740e-02,2.111924879348432704e-01,1.026603159932387044e+00,-1.591008251291791548e-02,2.593191988250501678e-01,1.062112422258113753e+00
7.150000000000000355e+00,-1.600474324110087027e-02,2.111242458365374941e-01,1.026948450848766514e+00,-1.554367868235179834e-02,2.592509567267444193e-01,1.062457713174493446e+00
7.200000000000000178e+00,-1.563833941053475313e-02,2.110560037382316900e-01,1.027293741765146207e+00,-1.517727485178568120e-02,2.591827146284386152e-01,1.062803004090873138e+00
7.250000000000000000e+00,-1.527193557996864987e-02,2.109877616399259137e-01,1.027639032681525899e+00,-1.481087102121957794e-02,2.591144725301328666e-01,1.063148295007252830e+00
7.299999999999999822e+00,-1.491502308114042025e-02,2.109394745094395895e-01,1.027970067765111351e+00,-1.445395852239134832e-02,2.590661853996465425e-01,1.063479330090838282e+00
7.349999999999999645e+00,-1.456374933309591280e-02,2.109030425214705184e-01,1.028292633532634337e+00,-1.410268477434684087e-02,2.590297534116774436e-01,1.063801895858361046e+00
7.400000000000000355e+00,-1.421247558505140535e-02,2.108666105335014473e-01,1.028615199300157323e+00,-1.375141102630233342e-02,2.589933214237083448e-01,1.064124461625884255e+00
7.450000000000000178e+00,-1.386120183700689790e-02,2.108301785455323485e-01,1.028937765067680532e+00,-1.340013727825782597e-02,2.589568894357392459e-01,1.064447027393407463e+00
7.500000000000000000e+00,-1.349137448345900242e-02,2.108247437143610237e-01,1.029244700747956820e+00,-1.303030992470993049e-02,2.589514546045679211e-01,1.064753963073683529e+00
7.549999999999999822e+00,-1.312141630427828692e-02,2.108195274510929751e-01,1.029551526216983426e+00,-1.266035174552921500e-02,2.589462383412999280e-01,1.065060788542710135e+00
7.599999999999999645e+00,-1.275145812509757143e-02,2.108143111878249265e-01,1.029858351686009810e+00,-1.229039356634849950e-02,2.589410220780318239e-01,1.065367614011736741e+00
7.650000000000000355e+00,-1.238691896550263988e-02,2.108200346466914676e-01,1.030136411496030524e+00,-1.192585440675356795e-02,2.589467455368983928e-01,1.065645673821757455e+00
7.700000000000000178e+00,-1.202715182212886480e-02,2.108353916805349448e-01,1.030389140120360647e+00,-1.156608726337979287e-02,2.589621025707418700e-01,1.065898402446087356e+00
7.750000000000000000e+00,-1.166738467875509666e-02,2.108507487143784220e-01,1.030641868744690992e+00,-1.120632012000602473e-02,2.589774596045853472e-01,1.066151131070417701e+00
7.799999999999999822e+00,-1.130768019238798799e-02,2.108685013196400226e-01,1.030894274948823242e+00,-1.084661563363891607e-02,2.589952122098469478e-01,1.066403537274549951e+00
7.849999999999999645e+00,-1.094880193515365002e-02,2.109178432235410128e-01,1.031142429546076933e+00,-1.048773737640457809e-02,2.590445541137479379e-01,1.066651691871803642e+00
7.900000000000000355e+00,-1.058992367791929817e-02,2.109671851274420307e-01,1.031390584143330624e+00,-1.012885911917022624e-02,2.590938960176489836e-01,1.066899846469057334e+00
7.950000000000000178e+00,-1.023104542068496020e-02,2.110165270313430486e-01,1.031638738740584316e+00,-9.769980861935888272e-03,2.591432379215499737e-01,1.067148001066311025e+00
8.000000000000000000e+00,-9.850108179417456367e-03,2.110584834712043167e-01,1.031875547639209634e+00,-9.389043620668384438e-03,2.591851943614112419e-01,1.067384809964936565e+00
8.050000000000000711e+00,-9.455022242440838665e-03,2.110957028532204904e-01,1.032105079374151524e+00,-8.993957683691766736e-03,2.592224137434274156e-01,1.067614341699878455e+00
8.099999999999999645e+00,-9.059936305464227901e-03,2.111329222352366919e-01,1.032334611109093192e+00,-8.598871746715155973e-03,2.592596331254436448e-01,1.067843873434819901e+00
8.150000000000000355e+00,-8.664405150857597271e-03,2.111744647111741813e-01,1.032562235385653615e+00,-8.203340592108525342e-03,2.593011756013811064e-01,1.068071497711380324e+00
8.199999999999999289e+00,-8.266310591335673807e-03,2.112408980257946267e-01,1.032778877194626244e+00,-7.805246032586601879e-03,2.593676089160015241e-01,1.068288139520352953e+00
8.250000000000000000e+00,-7.868216031813722589e-03,2.113073313404150999e-01,1.032995519003598872e+00,-7.407151473064650660e-03,2.594340422306220528e-01,1.068504781329325581e+00
8.300000000000000711e+00,-7.470121472291778308e-03,2.113737646550355453e-01,1.033212160812571723e+00,-7.009056913542706380e-03,2.595004755452424705e-01,1.068721423138298654e+00
8.349999999999999645e+00,-7.064845069696339130e-03,2.114268683019269457e-01,1.033392398344317620e+00,-6.603780510947267202e-03,2.595535791921338431e-01,1.068901660670044329e+00
8.400000000000000355e+00,-6.656292421431328488e-03,2.114738911606798555e-01,1.033556028808156668e+00,-6.195227862682256559e-03,2.596006020508867529e-01,1.069065291133883377e+00
8.449999999999999289e+00,-6.247739773166331723e-03,2.115209140194327653e-01,1.033719659271995495e+00,-5.786675214417259794e-03,2.596476249096396627e-01,1.069228921597722426e+00
8.500000000000000000e+00,-5.835507451037731663e-03,2.115797888088812584e-01,1.033900388084501687e+00,-5.374442892288659734e-03,2.597064996990882113e-01,1.069409650410228618e+00
8.550000000000000711e+00,-5.410634914570347509e-03,2.116793767022282224e-01,1.034139852208886934e+00,-4.949570355821275580e-03,2.598060875924351754e-01,1.069649114534613865e+00
8.599999999999999645e+00,-4.985762378102970294e-03,2.117789645955751587e-01,1.034379316333272181e+00,-4.524697819353898365e-03,2.599056754857820839e-01,1.069888578658999112e+00
8.650000000000000355e+00,-4.560889841635593078e-03,2.118785524889221228e-01,1.034618780457657428e+00,-4.099825282886521149e-03,2.600052633791290480e-01,1.070128042783384359e+00
8.699999999999999289e+00,-4.112318399624052823e-03,2.119486038233228675e-01,1.034833368425253086e+00,-3.651253840874980894e-03,2.600753147135297927e-01,1.070342630750980017e+00
8.750000000000000000e+00,-3.656435175837038920e-03,2.120095422949793695e-01,1.035040281395810391e+00,-3.195370617087966991e-03,2.601362531851862947e-01,1.070549543721537322e+00
8.800000000000000711e+00,-3.200551952050018079e-03,2.120704807666358716e-01,1.035247194366367696e+00,-2.739487393300946150e-03,2.601971916568427967e-01,1.070756456692094627e+00
8.849999999999999645e+00,-2.751801981877112502e-03,2.121542893982814038e-01,1.035478047187840200e+00,-2.290737423128040573e-03,2.602810002884883289e-01,1.070987309513566910e+00
8.900000000000000355e+00,-2.319463727468468184e-03,2.122907161738384341e-01,1.035763979227004583e+00,-1.858399168719396255e-03,2.604174270640453592e-01,1.071273241552731292e+00
8.949999999999999289e+00,-1.887125473059844682e-03,2.124271429493954644e-01,1.036049911266168744e+00,-1.426060914310772754e-03,2.605538538396023895e-01,1.071559173591895675e+00
9.000000000000000000e+00,-1.454787218651207303e-03,2.125635697249524947e-01,1.036335843305332904e+00,-9.937226599021353746e-04,2.606902806151594199e-01,1.071845105631059614e+00
9.050000000000000711e+00,-9.975362696411221863e-04,2.126673543505758490e-01,1.036591178219714804e+00,-5.364717108920502575e-04,2.607940652407827464e-01,1.072100440545441735e+00
9.099999999999999645e+00,-5.356002473810295150e-04,2.127650003040914839e-01,1.036840759048754279e+00,-7.453568863195758620e-05,2.608917111942984368e-01,1.072350021374480988e+00
9.150000000000000355e+00,-7.366422512092990482e-05,2.128626462576071465e-01,1.037090339877793532e+00,3.874003336281420240e-04,2.609893571478140717e-01,1.072599602203520242e+00
9.199999999999999289e+00,3.745154917413201501e-04,2.129888251932376408e-01,1.037354429331831085e+00,8.355800504903920789e-04,2.611155360834445660e-01,1.072863691657557794e+00
9.250000000000000000e+00,8.002939246415513574e-04,2.131614683077411865e-01,1.037642145175301289e+00,1.261358483390623286e-03,2.612881791979481116e-01,1.073151407501028221e+00
9.300000000000000711e+00,1.226072357541796443e-03,2.133341114222447599e-01,1.037929861018771494e+00,1.687136916290868371e-03,2.614608223124517128e-01,1.073439123344498203e+00
9.349999999999999645e+00,1.651850790442013772e-03,2.135067545367483055e-01,1.038217576862241698e+00,2.112915349191085701e-03,2.616334654269552029e-01,1.073726839187968629e+00
9.400000000000000355e+00,2.056936729491157245e-03,2.136855175697426612e-01,1.038507390371143035e+00,2.518001288240229174e-03,2.618122284599495586e-01,1.074016652696869745e+00
9.449999999999999289e+00,2.460203740339686473e-03,2.138648185607235075e-01,1.038797388270714439e+00,2.921268299088758402e-03,2.619915294509304049e-01,1.074306650596441148e+00
9.500000000000000000e+00,2.863470751188215702e-03,2.140441195517043815e-01,1.039087386170285843e+00,3.324535309937287630e-03,2.621708304419113067e-01,1.074596648496012552e+00
9.550000000000000711e+00,3.275377318438618679e-03,2.142183268192802692e-01,1.039385257464003898e+00,3.736441877187690608e-03,2.623450377094871944e-01,1.074894519789730829e+00
9.599999999999999645e+00,3.697510240026471995e-03,2.143865048166004872e-01,1.039692448231388511e+00,4.158574798775543924e-03,2.625132157068074124e-01,1.075201710557115220e+00
9.650000000000000355e+00,4.119643161614339189e-03,2.145546828139207052e-01,1.039999638998773124e+00,4.580707720363411117e-03,2.626813937041276303e-01,1.075508901324500055e+00
9.699999999999999289e+00,4.541776083202164749e-03,2.147228608112409232e-01,1.040306829766157959e+00,5.002840641951236678e-03,2.628495717014478483e-01,1.075816092091884890e+00
9.750000000000000000e+00,5.091674274357027574e-03,2.146788819044827823e-01,1.040511376340310656e+00,5.552738833106099503e-03,2.628055927946897352e-01,1.076020638666037588e+00
9.800000000000000711e+00,5.641996648544964077e-03,2.146341986329206308e-01,1.040715582133863393e+00,6.103061207294036006e-03,2.627609095231275838e-01,1.076224844459590102e+00
9.849999999999999645e+00,6.192319022732872824e-03,2.145895153613584794e-01,1.040919787927416351e+00,6.653383581481944753e-03,2.627162262515654323e-01,1.076429050253143060e+00
9.900000000000000355e+00,6.791650249369063364e-03,2.144799694482079078e-01,1.041091592033638547e+00,7.252714808118135292e-03,2.626066803384148329e-01,1.076600854359365478e+00
9.949999999999999289e+00,7.433503264639526598e-03,2.143141464463661772e-01,1.041235283306541248e+00,7.894567823388598526e-03,2.624408573365730746e-01,1.076744545632267958e+00
1.000000000000000000e+01,8.075356279910017587e-03,2.141483234445244188e-01,1.041378974579443728e+00,8.536420838659089516e-03,2.622750343347313162e-01,1.076888236905170437e+00
1.005000000000000071e+01,8.720593035015197780e-03,2.139721302595795627e-01,1.041513331620788074e+00,9.181657593764269709e-03,2.620988411497864878e-01,1.077022593946515006e+00
1.009999999999999964e+01,9.408059973343096960e-03,2.136665137874161624e-01,1.041531194390052262e+00,9.869124532092168889e-03,2.617932246776231153e-01,1.077040456715779193e+00
1.015000000000000036e+01,1.009552691167102390e-02,2.133608973152527344e-01,1.041549057159316227e+00,1.055659147042009582e-02,2.614876082054596873e-01,1.077058319485042936e+00
1.019999999999999929e+01,1.078299384999893695e-02,2.130552808430893064e-01,1.041566919928580415e+00,1.124405840874800888e-02,2.611819917332962593e-01,1.077076182254307124e+00
1.025000000000000000e+01,1.138560913943249819e-02,2.128323887641802858e-01,1.041603440153557658e+00,1.184667369818157012e-02,2.609590996543872388e-01,1.077112702479284589e+00
1.030000000000000071e+01,1.193463945813061367e-02,2.126617382651274368e-01,1.041651742815663750e+00,1.239570401687968559e-02,2.607884491553343898e-01,1.077161005141390682e+00
1.034999999999999964e+01,1.248366977682871526e-02,2.124910877660745878e-01,1.041700045477770065e+00,1.294473433557778719e-02,2.606177986562815407e-01,1.077209307803496774e+00
1.040000000000000036e+01,1.302094576547135896e-02,2.123358643915644051e-01,1.041739631518404874e+00,1.348201032422043089e-02,2.604625752817713025e-01,1.077248893844131583e+00
1.044999999999999929e+01,1.349247843415524173e-02,2.122669266990168946e-01,1.041730464492582664e+00,1.395354299290431366e-02,2.603936375892238475e-01,1.077239726818309595e+00
1.050000000000000000e+01,1.396401110283915226e-02,2.121979890064694119e-01,1.041721297466760232e+00,1.442507566158822419e-02,2.603246998966763370e-01,1.077230559792487163e+00
1.055000000000000071e+01,1.443554377152303503e-02,2.121290513139219014e-01,1.041712130440938022e+00,1.489660833027210696e-02,2.602557622041288266e-01,1.077221392766664732e+00
1.059999999999999964e+01,1.488242348716699304e-02,2.121053742370761219e-01,1.041657773845623636e+00,1.534348804591606497e-02,2.602320851272830193e-01,1.077167036171350567e+00
1.065000000000000036e+01,1.531824892022719264e-02,2.121019918338571397e-01,1.041583154433510128e+00,1.577931347897626457e-02,2.602287027240640649e-01,1.077092416759236837e+00
1.069999999999999929e+01,1.575407435328739225e-02,2.120986094306381575e-01,1.041508535021396842e+00,1.621513891203646418e-02,2.602253203208451104e-01,1.077017797347123551e+00
1.075000000000000000e+01,1.620100849911230989e-02,2.120780581468156289e-01,1.041389818002112388e+00,1.666207305786138182e-02,2.602047690370225541e-01,1.076899080327839098e+00
1.080000000000000071e+01,1.668530875713590544e-02,2.119997563087618608e-01,1.041122770913256668e+00,1.714637331588497737e-02,2.601264671989688138e-01,1.076632033238983599e+00
1.084999999999999964e+01,1.716960901515951488e-02,2.119214544707080650e-01,1.040855723824400947e+00,1.763067357390858680e-02,2.600481653609150179e-01,1.076364986150127656e+00
1.090000000000000036e+01,1.765390927318313818e-02,2.118431526326542969e-01,1.040588676735545226e+00,1.811497383193221011e-02,2.599698635228612220e-01,1.076097939061272157e+00
1.094999999999999929e+01,1.808017984001460132e-02,2.117492848326091026e-01,1.040294272093241545e+00,1.854124439876367325e-02,2.598759957228160555e-01,1.075803534418968255e+00
1.100000000000000000e+01,1.848891176621859922e-02,2.116507124441406595e-01,1.039991599023370794e+00,1.894997632496767115e-02,2.597774233343476125e-01,1.075500861349097725e+00
1.105000000000000071e+01,1.889764369242256936e-02,2.115521400556722442e-01,1.039688925953499821e+00,1.935870825117164129e-02,2.596788509458791694e-01,1.075198188279226752e+00
1.109999999999999964e+01,1.927800453702741001e-02,2.114404971736824623e-01,1.039366292979045037e+00,1.973906909577648194e-02,2.595672080638893875e-01,1.074875555304771968e+00
1.115000000000000036e+01,1.959421878241676684e-02,2.112993020976202674e-01,1.038998530953191279e+00,2.005528334116583877e-02,2.594260129878271925e-01,1.074507793278918211e+00
1.119999999999999929e+01,1.991043302780610980e-02,2.111581070215580724e-01,1.038630768927337522e+00,2.037149758655518172e-02,2.592848179117649976e-01,1.074140031253064453e+00
1.125000000000000000e+01,2.022664727319546663e-02,2.110169119454958775e-01,1.038263006901483987e+00,2.068771183194453855e-02,2.591436228357028027e-01,1.073772269227210696e+00
1.130000000000000071e+01,2.039278378530010039e-02,2.110053677523371918e-01,1.038027983891064432e+00,2.085384834404917231e-02,2.591320786425441169e-01,1.073537246216791363e+00
1.134999999999999964e+01,2.053147557034216975e-02,2.110175328264816685e-01,1.037817234874990779e+00,2.099254012909124167e-02,2.591442437166885937e-01,1.073326497200717711e+00
1.140000000000000036e+01,2.067016735538423911e-02,2.110296979006261731e-01,1.037606485858916905e+00,2.113123191413331103e-02,2.591564087908331260e-01,1.073115748184643614e+00
1.144999999999999929e+01,2.083394171252624105e-02,2.110258785278578686e-01,1.037403533209704465e+00,2.129500627127531298e-02,2.591525894180647938e-01,1.072912795535431396e+00
1.150000000000000000e+01,2.103792770312928884e-02,2.109964333652872004e-01,1.037213079463925602e+00,2.149899226187836077e-02,2.591231442554940978e-01,1.072722341789652312e+00
1.155000000000000071e+01,2.124191369373233662e-02,2.109669882027165322e-01,1.037022625718146962e+00,2.170297825248140855e-02,2.590936990929234573e-01,1.072531888043873671e+00
1.159999999999999964e+01,2.144589968433538441e-02,2.109375430401458640e-01,1.036832171972368100e+00,2.190696424308445633e-02,2.590642539303528169e-01,1.072341434298095031e+00
1.165000000000000036e+01,2.175928455481382362e-02,2.108506149339248459e-01,1.036645290120928653e+00,2.222034911356289555e-02,2.589773258241317988e-01,1.072154552446655362e+00
1.169999999999999929e+01,2.208180967083320234e-02,2.107588841439836380e-01,1.036458706700253529e+00,2.254287422958227427e-02,2.588855950341905632e-01,1.071967969025980238e+00
1.175000000000000000e+01,2.240433478685259494e-02,2.106671533540424301e-01,1.036272123279578183e+00,2.286539934560166687e-02,2.587938642442493276e-01,1.071781385605305115e+00
1.180000000000000071e+01,2.277212031289889416e-02,2.105381480626423440e-01,1.036068546751889086e+00,2.323318487164796609e-02,2.586648589528492970e-01,1.071577809077616017e+00
1.184999999999999964e+01,2.319268846640339110e-02,2.103656732992903733e-01,1.035845152886347265e+00,2.365375302515246303e-02,2.584923841894972707e-01,1.071354415212073974e+00
1.190000000000000036e+01,2.361325661990791580e-02,2.101931985359383748e-01,1.035621759020805666e+00,2.407432117865698773e-02,2.583199094261452999e-01,1.071131021346532375e+00
1.194999999999999929e+01,2.403378534363713459e-02,2.100207347954791970e-01,1.035398378133354003e+00,2.449484990238620652e-02,2.581474456856861499e-01,1.070907640459080934e+00
1.200000000000000000e+01,2.435161509709989069e-02,2.098769813312708066e-01,1.035208800038142085e+00,2.481267965584896262e-02,2.580036922214777317e-01,1.070718062363869016e+00
1.205000000000000071e+01,2.466944485056267455e-02,2.097332278670624162e-01,1.035019221942930168e+00,2.513050940931174648e-02,2.578599387572693136e-01,1.070528484268657099e+00
1.209999999999999964e+01,2.498727460402544454e-02,2.095894744028540535e-01,1.034829643847718250e+00,2.544833916277451646e-02,2.577161852930609509e-01,1.070338906173445181e+00
1.215000000000000036e+01,2.526709350853424685e-02,2.094757298827306102e-01,1.034596995589283752e+00,2.572815806728331878e-02,2.576024407729375354e-01,1.070106257915010683e+00
1.219999999999999929e+01,2.551441913129544325e-02,2.093876382775494704e-01,1.034327529133229229e+00,2.597548369004451518e-02,2.575143491677563956e-01,1.069836791458956160e+00
1.225000000000000000e+01,2.576174475405666742e-02,2.092995466723683029e-01,1.034058062677174483e+00,2.622280931280573935e-02,2.574262575625752003e-01,1.069567325002901192e+00
1.230000000000000071e+01,2.599864266609390462e-02,2.092229955096592819e-01,1.033797975478620623e+00,2.645970722484297655e-02,2.573497063998662071e-01,1.069307237804347555e+00
1.234999999999999964e+01,2.611206508630928291e-02,2.092830957988182639e-01,1.033648948939830614e+00,2.657312964505835484e-02,2.574098066890251890e-01,1.069158211265557323e+00
1.240000000000000036e+01,2.622548750652466121e-02,2.093431960879772458e-01,1.033499922401040605e+00,2.668655206527373314e-02,2.574699069781841709e-01,1.069009184726767536e+00
1.244999999999999929e+01,2.633890992674003950e-02,2.094032963771362277e-01,1.033350895862250596e+00,2.679997448548911143e-02,2.575300072673431528e-01,1.068860158187977305e+00
1.250000000000000000e+01,2.650156317476770607e-02,2.094413945384781539e-01,1.033128449233918555e+00,2.696262773351677799e-02,2.575681054286850791e-01,1.068637711559645265e+00
1.255000000000000071e+01,2.669482533499088761e-02,2.094658130355041559e-01,1.032860354194335972e+00,2.715588989373995954e-02,2.575925239257110810e-01,1.068369616520062682e+00
1.259999999999999964e+01,2.688808749521406916e-02,2.094902315325301856e-01,1.032592259154753389e+00,2.734915205396314108e-02,2.576169424227371385e-01,1.068101521480480098e+00
1.265000000000000036e+01,2.710563292851128625e-02,2.094981068461284068e-01,1.032303273567803492e+00,2.756669748726035818e-02,2.576248177363353320e-01,1.067812535893530423e+00
1.269999999999999929e+01,2.745519210800473342e-02,2.094160466880274907e-01,1.031900718471108425e+00,2.791625666675380535e-02,2.575427575782344158e-01,1.067409980796835356e+00
1.275000000000000000e+01,2.780475128749819447e-02,2.093339865299265745e-01,1.031498163374413357e+00,2.826581584624726640e-02,2.574606974201334997e-01,1.067007425700140288e+00
1.280000000000000071e+01,2.815431046699165551e-02,2.092519263718256584e-01,1.031095608277718290e+00,2.861537502574072744e-02,2.573786372620325835e-01,1.066604870603445221e+00
1.284999999999999964e+01,2.856016070753004954e-02,2.091301275538619275e-01,1.030652573757366630e+00,2.902122526627912147e-02,2.572568384440688805e-01,1.066161836083093561e+00
1.290000000000000036e+01,2.899081786198268174e-02,2.089908163014905507e-01,1.030191700355329143e+00,2.945188242073175366e-02,2.571175271916974481e-01,1.065700962681055852e+00
1.294999999999999929e+01,2.942147501643531393e-02,2.088515050491191738e-01,1.029730826953291656e+00,2.988253957518438586e-02,2.569782159393261267e-01,1.065240089279018587e+00
1.300000000000000000e+01,2.985748783585465138e-02,2.087023082914907512e-01,1.029264418545034143e+00,3.031855239460372331e-02,2.568290191816976487e-01,1.064773680870760852e+00
1.305000000000000071e+01,3.031114475335702774e-02,2.085205439954818940e-01,1.028779775203627622e+00,3.077220931210609967e-02,2.566472548856888469e-01,1.064289037529354331e+00
1.309999999999999964e+01,3.076480167085936246e-02,2.083387796994730645e-01,1.028295131862221101e+00,3.122586622960843439e-02,2.564654905896799897e-01,1.063804394187947810e+00
1.315000000000000036e+01,3.121845858836171106e-02,2.081570154034642073e-01,1.027810488520814580e+00,3.167952314711078299e-02,2.562837262936711324e-01,1.063319750846541289e+00
1.319999999999999929e+01,3.154896923485692173e-02,2.080950941167052926e-01,1.027431638067303421e+00,3.201003379360599366e-02,2.562218050069122177e-01,1.062940900393030130e+00
1.325000000000000000e+01,3.184302818402907909e-02,2.080686467510301230e-01,1.027084102653192055e+00,3.230409274277815102e-02,2.561953576412370204e-01,1.062593364978918764e+00
1.330000000000000071e+01,3.213708713320123644e-02,2.080421993853549534e-01,1.026736567239080467e+00,3.259815169195030837e-02,2.561689102755618785e-01,1.062245829564807398e+00
1.334999999999999964e+01,3.238186406474255485e-02,2.080423749760549335e-01,1.026434751262102152e+00,3.284292862349162678e-02,2.561690858662618586e-01,1.061944013587829083e+00
1.340000000000000036e+01,3.251712733211749307e-02,2.081017116491080121e-01,1.026234532243299524e+00,3.297819189086656499e-02,2.562284225393149373e-01,1.061743794569026456e+00
1.344999999999999929e+01,3.265239059949241740e-02,2.081610483221610630e-01,1.026034313224497119e+00,3.311345515824148933e-02,2.562877592123680159e-01,1.061543575550223828e+00
1.350000000000000000e+01,3.278765386686735561e-02,2.082203849952141417e-01,1.025834094205694491e+00,3.324871842561642754e-02,2.563470958854210391e-01,1.061343356531421200e+00
1.355000000000000071e+01,3.284321746029952860e-02,2.083702656665853414e-01,1.025702057230029940e+00,3.330428201904860053e-02,2.564969765567922666e-01,1.061211319555756649e+00
1.359999999999999964e+01,3.288461637936387905e-02,2.085362383266522179e-01,1.025582137950599160e+00,3.334568093811295098e-02,2.566629492168591709e-01,1.061091400276326091e+00
1.365000000000000036e+01,3.292601529842824337e-02,2.087022109867190944e-01,1.025462218671168602e+00,3.338707985717731530e-02,2.568289218769260196e-01,1.060971480996895533e+00
1.369999999999999929e+01,3.304382561040776489e-02,2.088411585592576392e-01,1.025313733660204729e+00,3.350489016915683682e-02,2.569678694494645921e-01,1.060822995985931438e+00
1.375000000000000000e+01,3.328224245330423103e-02,2.089374501621800717e-01,1.025120160951557446e+00,3.374330701205330296e-02,2.570641610523869969e-01,1.060629423277284378e+00
1.380000000000000071e+01,3.352065929620066942e-02,2.090337417651025043e-01,1.024926588242910386e+00,3.398172385494974135e-02,2.571604526553094017e-01,1.060435850568637317e+00
1.384999999999999964e+01,3.375907613909712168e-02,2.091300333680249091e-01,1.024733015534263325e+00,3.422014069784619361e-02,2.572567442582318620e-01,1.060242277859990256e+00
1.390000000000000036e+01,3.402424239000294282e-02,2.092296636381920094e-01,1.024487927493596295e+00,3.448530694875201474e-02,2.573563745283989346e-01,1.059997189819323005e+00
1.394999999999999929e+01,3.429152803210104572e-02,2.093295584354077088e-01,1.024238757824621704e+00,3.475259259085011765e-02,2.574562693256146062e-01,1.059748020150348413e+00
1.400000000000000000e+01,3.455881367419916250e-02,2.094294532326234082e-01,1.023989588155646890e+00,3.501987823294823443e-02,2.575561641228303333e-01,1.059498850481373822e+00
1.405000000000000071e+01,3.485135470501826704e-02,2.095273718964587306e-01,1.023747290508958407e+00,3.531241926376733897e-02,2.576540827866656835e-01,1.059256552834685117e+00
1.409999999999999964e+01,3.517291437645743424e-02,2.096230199674706529e-01,1.023512888870019566e+00,3.563397893520650617e-02,2.577497308576776058e-01,1.059022151195746275e+00
1.415000000000000036e+01,3.549447404789662919e-02,2.097186680384825752e-01,1.023278487231080724e+00,3.595553860664570112e-02,2.578453789286895281e-01,1.058787749556807434e+00
1.419999999999999929e+01,3.581585126535671848e-02,2.098144520097294241e-01,1.023044129121709389e+00,3.627691582410579041e-02,2.579411628999363493e-01,1.058553391447436098e+00
1.425000000000000000e+01,3.609265462005432912e-02,2.099434366732892965e-01,1.022820405370552521e+00,3.655371917880340105e-02,2.580701475634962216e-01,1.058329667696279230e+00
1.430000000000000071e+01,3.636945797475192588e-02,2.100724213368491688e-01,1.022596681619395653e+00,3.683052253350099781e-02,2.581991322270560940e-01,1.058105943945122362e+00
1.434999999999999964e+01,3.664626132944952264e-02,2.102014060004090412e-01,1.022372957868238785e+00,3.710732588819859457e-02,2.583281168906159664e-01,1.057882220193965495e+00
1.440000000000000036e+01,3.687822391822587198e-02,2.103201521972206112e-01,1.022153836909134528e+00,3.733928847697494391e-02,2.584468630874275363e-01,1.057663099234861459e+00
1.444999999999999929e+01,3.707242054627556127e-02,2.104302753135567916e-01,1.021938592531090650e+00,3.753348510502463320e-02,2.585569862037637168e-01,1.057447854856817582e+00
1.450000000000000000e+01,3.726661717432525056e-02,2.105403984298929720e-01,1.021723348153046773e+00,3.772768173307432249e-02,2.586671093200998972e-01,1.057232610478773704e+00
1.455000000000000071e+01,3.747536616491567441e-02,2.106399158214072032e-01,1.021504437783500308e+00,3.793643072366474633e-02,2.587666267116141006e-01,1.057013700109227017e+00
1.459999999999999964e+01,3.784797094513300819e-02,2.106200155300263499e-01,1.021244249310088392e+00,3.830903550388208012e-02,2.587467264202332751e-01,1.056753511635815101e+00
1.465000000000000036e+01,3.822057572535036973e-02,2.106001152386455244e-01,1.020984060836676477e+00,3.868164028409944166e-02,2.587268261288524496e-01,1.056493323162403186e+00
1.469999999999999929e+01,3.859318050556770352e-02,2.105802149472646712e-01,1.020723872363264562e+00,3.905424506431677545e-02,2.587069258374715686e-01,1.056233134688991271e+00
1.475000000000000000e+01,3.901391807055118455e-02,2.105746767789271334e-01,1.020510357446797522e+00,3.947498262930025648e-02,2.587013876691340863e-01,1.056019619772524454e+00
1.480000000000000071e+01,3.946411715027257905e-02,2.105779294981678096e-01,1.020325410868781590e+00,3.992518170902165098e-02,2.587046403883747070e-01,1.055834673194508522e+00
1.484999999999999964e+01,3.991431622999393192e-02,2.105811822174085135e-01,1.020140464290765436e+00,4.037538078874300385e-02,2.587078931076154387e-01,1.055649726616492146e+00
1.490000000000000036e+01,4.035277501043425807e-02,2.105942636285598191e-01,1.019983956106487177e+00,4.081383956918333000e-02,2.587209745187667442e-01,1.055493218432213887e+00
1.494999999999999929e+01,4.072916312570172559e-02,2.106593090850956140e-01,1.019977800990174988e+00,4.119022768445079752e-02,2.587860199753025392e-01,1.055487063315901697e+00
1.500000000000000000e+01,4.110555124096920698e-02,2.107243545416314090e-01,1.019971645873862798e+00,4.156661579971827891e-02,2.588510654318383342e-01,1.055480908199589507e+00
1.505000000000000071e+01,4.148193935623670225e-02,2.107893999981672040e-01,1.019965490757550608e+00,4.194300391498577418e-02,2.589161108883741291e-01,1.055474753083277317e+00
1.509999999999999964e+01,4.183153002313347302e-02,2.108639005837863178e-01,1.020069520543914754e+00,4.229259458188254495e-02,2.589906114739932708e-01,1.055578782869641685e+00
1.515000000000000036e+01,4.216951562895125682e-02,2.109424958633853708e-01,1.020221267654251696e+00,4.263058018770032875e-02,2.590692067535922960e-01,1.055730529979978627e+00
1.519999999999999929e+01,4.250750123476901288e-02,2.110210911429844516e-01,1.020373014764588415e+00,4.296856579351808481e-02,2.591478020331913767e-01,1.055882277090315124e+00
1.525000000000000000e+01,4.283091214750080200e-02,2.111057352366003947e-01,1.020536207189520539e+00,4.329197670624987393e-02,2.592324461268072922e-01,1.056045469515247248e+00
1.530000000000000071e+01,4.310728422694441730e-02,2.112099014671459385e-01,1.020736338590937820e+00,4.356834878569348923e-02,2.593366123573528359e-01,1.056245600916664529e+00
1.534999999999999964e+01,4.338365630638801873e-02,2.113140676976914822e-01,1.020936469992355322e+00,4.384472086513709066e-02,2.594407785878983796e-01,1.056445732318082253e+00
1.540000000000000036e+01,4.366002838583162016e-02,2.114182339282370537e-01,1.021136601393772603e+00,4.412109294458069209e-02,2.595449448184439789e-01,1.056645863719499534e+00
1.544999999999999929e+01,4.380564030835439049e-02,2.116098436086245593e-01,1.021399674445545580e+00,4.426670486710346242e-02,2.597365544988314845e-01,1.056908936771272511e+00
1.550000000000000000e+01,4.391335398200343909e-02,2.118267970458760086e-01,1.021680989891530000e+00,4.437441854075251102e-02,2.599535079360829615e-01,1.057190252217256710e+00
1.555000000000000071e+01,4.402106765565250157e-02,2.120437504831274300e-01,1.021962305337514199e+00,4.448213221440157350e-02,2.601704613733343274e-01,1.057471567663240908e+00
1.559999999999999964e+01,4.424985107637725845e-02,2.121815568154144516e-01,1.022155494829651179e+00,4.471091563512633038e-02,2.603082677056213767e-01,1.057664757155377888e+00
1.565000000000000036e+01,4.474308633727334950e-02,2.121464826547820870e-01,1.022156191389203439e+00,4.520415089602242142e-02,2.602731935449890122e-01,1.057665453714930148e+00
1.569999999999999929e+01,4.523632159816942666e-02,2.121114084941496947e-01,1.022156887948755921e+00,4.569738615691849859e-02,2.602381193843565921e-01,1.057666150274482852e+00
1.575000000000000000e+01,4.572955685906554546e-02,2.120763343335173301e-01,1.022157584508308181e+00,4.619062141781461739e-02,2.602030452237242830e-01,1.057666846834035113e+00
1.580000000000000071e+01,4.619013687158259052e-02,2.120803745439580612e-01,1.022205968519406039e+00,4.665120143033166245e-02,2.602070854341649864e-01,1.057715230845132748e+00
1.584999999999999964e+01,4.664507974819524783e-02,2.120911669010367429e-01,1.022262584611367764e+00,4.710614430694431976e-02,2.602178777912436680e-01,1.057771846937094473e+00
1.590000000000000036e+01,4.710002262480789126e-02,2.121019592581153967e-01,1.022319200703329711e+00,4.756108718355696319e-02,2.602286701483222942e-01,1.057828463029056643e+00
1.594999999999999929e+01,4.755830619704146112e-02,2.120964944387662976e-01,1.022352784879749787e+00,4.801937075579053305e-02,2.602232053289732505e-01,1.057862047205476497e+00
1.600000000000000000e+01,4.802178142936404381e-02,2.120657649010479207e-01,1.022350575948907325e+00,4.848284598811311574e-02,2.601924757912548181e-01,1.057859838274634257e+00
1.605000000000000071e+01,4.848525666168664039e-02,2.120350353633295437e-01,1.022348367018064863e+00,4.894632122043571232e-02,2.601617462535364966e-01,1.057857629343791572e+00
1.610000000000000142e+01,4.894873189400920921e-02,2.120043058256111945e-01,1.022346158087222179e+00,4.940979645275828114e-02,2.601310167158181197e-01,1.057855420412948888e+00
1.614999999999999858e+01,4.937669723268184319e-02,2.119383129357963191e-01,1.022352800869918310e+00,4.983776179143091511e-02,2.600650238260032721e-01,1.057862063195645241e+00
1.619999999999999929e+01,4.980200120325715962e-02,2.118696771554901270e-01,1.022360107064007373e+00,5.026306576200623155e-02,2.599963880456970244e-01,1.057869369389734082e+00
1.625000000000000000e+01,5.022730517383247606e-02,2.118010413751839349e-01,1.022367413258096658e+00,5.068836973258154799e-02,2.599277522653908878e-01,1.057876675583823367e+00
1.630000000000000071e+01,5.067315191904914196e-02,2.117084873316500970e-01,1.022323858706509769e+00,5.113421647779821388e-02,2.598351982218570222e-01,1.057833121032236701e+00
1.635000000000000142e+01,5.114225488969308120e-02,2.115888557130972680e-01,1.022222725323071124e+00,5.160331944844215313e-02,2.597155666033041932e-01,1.057731987648797833e+00
1.639999999999999858e+01,5.161135786033699269e-02,2.114692240945444113e-01,1.022121591939632701e+00,5.207242241908606462e-02,2.595959349847513087e-01,1.057630854265359410e+00
1.644999999999999929e+01,5.207962613206276736e-02,2.113504182802390385e-01,1.022019899746506644e+00,5.254069069081183929e-02,2.594771291704459637e-01,1.057529162072233575e+00
1.650000000000000000e+01,5.244129534671808368e-02,2.113370755882530982e-01,1.021846842196973304e+00,5.290235990546715561e-02,2.594637864784600234e-01,1.057356104522700235e+00
1.655000000000000071e+01,5.280296456137338612e-02,2.113237328962671857e-01,1.021673784647439964e+00,5.326402912012245805e-02,2.594504437864740831e-01,1.057183046973166896e+00
1.660000000000000142e+01,5.316463377602870244e-02,2.113103902042812454e-01,1.021500727097906847e+00,5.362569833477777437e-02,2.594371010944881428e-01,1.057009989423633556e+00
1.664999999999999858e+01,5.359673984782314937e-02,2.112635621354669868e-01,1.021239987191013165e+00,5.405780440657222130e-02,2.593902730256739120e-01,1.056749249516740097e+00
1.669999999999999929e+01,5.408729272207642158e-02,2.111889487098916052e-01,1.020906490582189408e+00,5.454835728082549351e-02,2.593156596000985026e-01,1.056415752907916339e+00
1.675000000000000000e+01,5.457784559632969379e-02,2.111143352843162235e-01,1.020572993973365650e+00,5.503891015507876572e-02,2.592410461745231487e-01,1.056082256299092581e+00
1.680000000000000071e+01,5.507155877288859303e-02,2.110378783374194656e-01,1.020230350858845281e+00,5.553262333163766495e-02,2.591645892276264185e-01,1.055739613184571990e+00
1.685000000000000142e+01,5.559917801920546965e-02,2.109416427249150572e-01,1.019789577239646805e+00,5.606024257795454158e-02,2.590683536151219823e-01,1.055298839565373736e+00
1.689999999999999858e+01,5.612679726552229076e-02,2.108454071124106488e-01,1.019348803620448329e+00,5.658786182427136269e-02,2.589721180026175462e-01,1.054858065946175039e+00
1.694999999999999929e+01,5.665441651183916738e-02,2.107491714999062404e-01,1.018908030001249854e+00,5.711548107058823931e-02,2.588758823901131656e-01,1.054417292326976785e+00
1.700000000000000000e+01,5.701714152870003549e-02,2.107574793720801143e-01,1.018542054525790164e+00,5.747820608744910742e-02,2.588841902622870395e-01,1.054051316851516873e+00
1.705000000000000071e+01,5.728050984192724349e-02,2.108287797216637505e-01,1.018221148529258269e+00,5.774157440067631542e-02,2.589554906118706756e-01,1.053730410854984978e+00
1.710000000000000142e+01,5.754387815515445148e-02,2.109000800712473866e-01,1.017900242532726596e+00,5.800494271390352341e-02,2.590267909614543118e-01,1.053409504858453527e+00
1.714999999999999858e+01,5.776568843916128626e-02,2.109971662841905182e-01,1.017605548868133036e+00,5.822675299791035819e-02,2.591238771743974434e-01,1.053114811193859968e+00
1.719999999999999929e+01,5.777371075764901887e-02,2.112269033318869560e-01,1.017445699930821457e+00,5.823477531639809079e-02,2.593536142220939089e-01,1.052954962256548388e+00
1.725000000000000000e+01,5.778173307613673759e-02,2.114566403795833660e-01,1.017285850993509877e+00,5.824279763488580952e-02,2.595833512697902634e-01,1.052795113319236808e+00
1.730000000000000071e+01,5.778975539462447020e-02,2.116863774272798038e-01,1.017126002056198297e+00,5.825081995337354213e-02,2.598130883174867289e-01,1.052635264381925229e+00
1.735000000000000142e+01,5.784463139049518532e-02,2.119336136381522739e-01,1.016944992643955104e+00,5.830569594924425725e-02,2.600603245283591991e-01,1.052454254969681813e+00
1.739999999999999858e+01,5.791944465494566763e-02,2.121882961272177903e-01,1.016754978984968583e+00,5.838050921369473956e-02,2.603150070174247155e-01,1.052264241310695514e+00
1.744999999999999929e+01,5.799425791939614994e-02,2.124429786162833622e-01,1.016564965325982062e+00,5.845532247814522187e-02,2.605696895064902874e-01,1.052074227651708771e+00
1.750000000000000000e+01,5.808579691143408996e-02,2.127204931456946890e-01,1.016367925475183398e+00,5.854686147018316189e-02,2.608472040359016142e-01,1.051877187800910107e+00
1.755000000000000071e+01,5.823023020613836420e-02,2.130702128958489594e-01,1.016148665633395343e+00,5.869129476488743613e-02,2.611969237860558568e-01,1.051657927959122052e+00
1.760000000000000142e+01,5.837466350084263844e-02,2.134199326460032298e-01,1.015929405791607065e+00,5.883572805959171037e-02,2.615466435362101549e-01,1.051438668117333997e+00
1.764999999999999858e+01,5.851909679554689880e-02,2.137696523961574724e-01,1.015710145949819010e+00,5.898016135429597073e-02,2.618963632863643975e-01,1.051219408275545941e+00
1.769999999999999929e+01,5.868667193260992954e-02,2.141344455278624825e-01,1.015541879291406380e+00,5.914773649135900147e-02,2.622611564180694077e-01,1.051051141617133311e+00
1.775000000000000000e+01,5.886081277525205546e-02,2.145035152155913838e-01,1.015388080203181165e+00,5.932187733400112739e-02,2.626302261057983367e-01,1.050897342528907874e+00
1.780000000000000071e+01,5.903495361789418139e-02,2.148725849033203128e-01,1.015234281114955950e+00,5.949601817664325332e-02,2.629992957935272102e-01,1.050743543440682881e+00
1.785000000000000142e+01,5.926647784658310714e-02,2.151963330614595493e-01,1.015054732587904018e+00,5.972754240533217907e-02,2.633230439516665022e-01,1.050563994913630950e+00
1.789999999999999858e+01,5.962122052114338100e-02,2.154227630091327950e-01,1.014819892694259318e+00,6.008228507989245293e-02,2.635494738993396924e-01,1.050329155019986249e+00
1.794999999999999929e+01,5.997596319570368262e-02,2.156491929568060961e-01,1.014585052800614617e+00,6.043702775445275455e-02,2.637759038470129935e-01,1.050094315126341549e+00
1.800000000000000000e+01,6.033070587026397036e-02,2.158756229044793418e-01,1.014350212906969917e+00,6.079177042901304229e-02,2.640023337946862947e-01,1.049859475232696848e+00
1.805000000000000071e+01,6.071086349799058313e-02,2.161010825342510044e-01,1.014138181105292302e+00,6.117192805673965506e-02,2.642277934244579018e-01,1.049647443431019234e+00
1.810000000000000142e+01,6.109527990436980360e-02,2.163263795680446799e-01,1.013929971251054107e+00,6.155634446311887553e-02,2.644530904582516051e-01,1.049439233576781039e+00
1.814999999999999858e+01,6.147969631074899632e-02,2.165516766018383277e-01,1.013721761396815912e+00,6.194076086949806825e-02,2.646783874920452528e-01,1.049231023722542844e+00
1.819999999999999929e+01,6.182779070421366707e-02,2.167681892358902518e-01,1.013529624620725711e+00,6.228885526296273900e-02,2.648949001260971770e-01,1.049038886946452642e+00
1.825000000000000000e+01,6.212030510017356455e-02,2.169712599685565402e-01,1.013362082892422578e+00,6.258136965892263648e-02,2.650979708587634653e-01,1.048871345218149287e+00
1.830000000000000071e+01,6.241281949613348978e-02,2.171743307012228286e-01,1.013194541164119666e+00,6.287388405488256171e-02,2.653010415914297537e-01,1.048703803489846376e+00
1.835000000000000142e+01,6.270533389209341502e-02,2.173774014338891447e-01,1.013026999435816533e+00,6.316639845084248694e-02,2.655041123240960976e-01,1.048536261761543464e+00
1.839999999999999858e+01,6.297003201003106843e-02,2.175875674301089024e-01,1.012890647286205814e+00,6.343109656878014035e-02,2.657142783203157999e-01,1.048399909611932745e+00
1.844999999999999929e+01,6.323276360047397349e-02,2.177982350401984346e-01,1.012756500146337890e+00,6.369382815922304542e-02,2.659249459304053875e-01,1.048265762472064822e+00
1.850000000000000000e+01,6.349549519091687855e-02,2.180089026502879668e-01,1.012622353006470188e+00,6.395655974966595048e-02,2.661356135404948642e-01,1.048131615332196898e+00
1.855000000000000071e+01,6.379679727338641304e-02,2.182272421975619270e-01,1.012446247248460995e+00,6.425786183213548497e-02,2.663539530877688799e-01,1.047955509574187705e+00
1.860000000000000142e+01,6.414112212318104356e-02,2.184541392703191476e-01,1.012223339498288022e+00,6.460218668193011549e-02,2.665808501605260727e-01,1.047732601824014953e+00
1.864999999999999858e+01,6.448544697297567407e-02,2.186810363430763404e-01,1.012000431748115048e+00,6.494651153172474600e-02,2.668077472332832656e-01,1.047509694073841757e+00
1.869999999999999929e+01,6.482809196988051359e-02,2.189091832450047737e-01,1.011779041178405780e+00,6.528915652862958552e-02,2.670358941352116711e-01,1.047288303504132490e+00
1.875000000000000000e+01,6.502586156100886861e-02,2.192451190547812234e-01,1.011688496670665627e+00,6.548692611975794053e-02,2.673718299449881486e-01,1.047197758996392558e+00
1.880000000000000071e+01,6.522363115213719587e-02,2.195810548645576732e-01,1.011597952162925473e+00,6.568469571088626779e-02,2.677077657547646261e-01,1.047107214488652183e+00
1.885000000000000142e+01,6.542140074326552313e-02,2.199169906743341230e-01,1.011507407655185320e+00,6.588246530201459505e-02,2.680437015645410481e-01,1.047016669980912251e+00
1.889999999999999858e+01,6.566275813751781820e-02,2.201803339902288492e-01,1.011347716913137740e+00,6.612382269626689013e-02,2.683070448804357744e-01,1.046856979238864671e+00
1.894999999999999929e+01,6.593974834148716435e-02,2.203843333076657141e-01,1.011131499472492035e+00,6.640081290023623628e-02,2.685110441978726392e-01,1.046640761798218744e+00
1.900000000000000000e+01,6.621673854545651050e-02,2.205883326251025789e-01,1.010915282031846552e+00,6.667780310420558243e-02,2.687150435153095041e-01,1.046424544357573261e+00
1.905000000000000071e+01,6.650484969820366632e-02,2.207832314905086302e-01,1.010686146736389679e+00,6.696591425695273825e-02,2.689099423807155276e-01,1.046195409062116610e+00
1.910000000000000142e+01,6.690685976921634248e-02,2.208849250311936407e-01,1.010324708908233893e+00,6.736792432796541441e-02,2.690116359214005382e-01,1.045833971233960824e+00
1.914999999999999858e+01,6.730886984022901864e-02,2.209866185718786791e-01,1.009963271080078107e+00,6.776993439897809057e-02,2.691133294620856042e-01,1.045472533405805038e+00
1.919999999999999929e+01,6.771087991124169481e-02,2.210883121125637174e-01,1.009601833251922542e+00,6.817194446999076674e-02,2.692150230027706703e-01,1.045111095577649252e+00
1.925000000000000000e+01,6.807592426658162776e-02,2.211402036606961996e-01,1.009259928923546878e+00,6.853698882533069969e-02,2.692669145509031248e-01,1.044769191249273810e+00
1.930000000000000071e+01,6.841904351173444532e-02,2.211625566443946311e-01,1.008929610307154112e+00,6.888010807048351725e-02,2.692892675346015841e-01,1.044438872632881044e+00
1.935000000000000142e+01,6.876216275688726287e-02,2.211849096280930349e-01,1.008599291690761124e+00,6.922322731563633480e-02,2.693116205182999323e-01,1.044108554016487833e+00
1.939999999999999858e+01,6.910528200204008042e-02,2.212072626117914387e-01,1.008268973074368358e+00,6.956634656078915235e-02,2.693339735019983916e-01,1.043778235400095067e+00
1.944999999999999929e+01,6.937402142588958154e-02,2.211784556741492602e-01,1.008034478809339829e+00,6.983508598463865347e-02,2.693051665643562131e-01,1.043543741135066760e+00
1.950000000000000000e+01,6.964226531983494506e-02,2.211493079011773721e-01,1.007800622941000146e+00,7.010332987858401699e-02,2.692760187913842973e-01,1.043309885266726855e+00
1.955000000000000071e+01,6.991050921378033634e-02,2.211201601282055118e-01,1.007566767072660685e+00,7.037157377252940826e-02,2.692468710184124370e-01,1.043076029398387394e+00
1.960000000000000142e+01,7.015644195980214048e-02,2.210783441064050614e-01,1.007351738039863553e+00,7.061750651855121241e-02,2.692050549966119588e-01,1.042861000365590485e+00
1.964999999999999858e+01,7.038275765727264321e-02,2.210253895428684057e-01,1.007153262478369893e+00,7.084382221602171514e-02,2.691521004330753586e-01,1.042662524804096602e+00
1.969999999999999929e+01,7.060907335474314594e-02,2.209724349793317222e-01,1.006954786916876232e+00,7.107013791349221787e-02,2.690991458695386473e-01,1.042464049242603163e+00
1.975000000000000000e+01,7.082245290557337425e-02,2.209272430688320743e-01,1.006768152063716837e+00,7.128351746432244618e-02,2.690539539590389717e-01,1.042277414389443546e+00
1.980000000000000071e+01,7.086624322190401837e-02,2.209838173506027958e-01,1.006736745557772261e+00,7.132730778065309030e-02,2.691105282408097210e-01,1.042246007883499193e+00
1.985000000000000142e+01,7.091003353823469024e-02,2.210403916323734896e-01,1.006705339051827686e+00,7.137109809698376217e-02,2.691671025225804148e-01,1.042214601377554395e+00
1.989999999999999858e+01,7.095382385456536212e-02,2.210969659141442112e-01,1.006673932545883332e+00,7.141488841331443405e-02,2.692236768043511086e-01,1.042183194871610041e+00
1.994999999999999929e+01,7.099307757932646346e-02,2.211155133094356851e-01,1.006579368594543000e+00,7.145414213807553538e-02,2.692422241996426102e-01,1.042088630920269932e+00
2.000000000000000000e+01,7.102942620912341964e-02,2.211097094456998258e-01,1.006444360540233784e+00,7.149049076787249157e-02,2.692364203359067787e-01,1.041953622865960494e+00
2.005000000000000071e+01,7.106577483892037583e-02,2.211039055819639387e-01,1.006309352485924791e+00,7.152683939766944776e-02,2.692306164721708361e-01,1.041818614811651500e+00
2.010000000000000142e+01,7.109823981984386698e-02,2.210890341786509450e-01,1.006155973728003916e+00,7.155930437859293891e-02,2.692157450688578701e-01,1.041665236053730847e+00
2.014999999999999858e+01,7.110841201918932653e-02,2.210221136107952122e-01,1.005897144117960273e+00,7.156947657793839845e-02,2.691488245010021374e-01,1.041406406443686983e+00
2.019999999999999929e+01,7.111858421853478607e-02,2.209551930429394517e-01,1.005638314507916631e+00,7.157964877728385800e-02,2.690819039331463491e-01,1.041147576833643562e+00
2.025000000000000000e+01,7.112875641788024561e-02,2.208882724750836912e-01,1.005379484897872988e+00,7.158982097662931754e-02,2.690149833652906164e-01,1.040888747223599697e+00
2.030000000000000071e+01,7.097268896194372512e-02,2.208789750747432445e-01,1.005185105034097193e+00,7.143375352069279705e-02,2.690056859649501697e-01,1.040694367359824124e+00
2.035000000000000142e+01,7.074092076019689035e-02,2.208959176034345218e-01,1.005020073726485830e+00,7.120198531894596228e-02,2.690226284936414469e-01,1.040529336052212539e+00
2.039999999999999858e+01,7.050915255845008334e-02,2.209128601321258267e-01,1.004855042418874467e+00,7.097021711719915527e-02,2.690395710223327796e-01,1.040364304744601398e+00
2.044999999999999929e+01,7.021158818870010254e-02,2.209594242055414881e-01,1.004722268068369839e+00,7.067265274744917447e-02,2.690861350957484133e-01,1.040231530394096549e+00
2.050000000000000000e+01,6.968850029393558465e-02,2.211075193465764088e-01,1.004700057948179959e+00,7.014956485268465658e-02,2.692342302367833340e-01,1.040209320273906890e+00
2.055000000000000071e+01,6.916541239917112227e-02,2.212556144876113018e-01,1.004677847827990078e+00,6.962647695792019420e-02,2.693823253778182547e-01,1.040187110153716787e+00
2.060000000000000142e+01,6.864232450440663214e-02,2.214037096286462225e-01,1.004655637707800198e+00,6.910338906315570406e-02,2.695304205188531199e-01,1.040164900033527129e+00
2.064999999999999858e+01,6.830204927245894786e-02,2.213966326299714737e-01,1.004433553733208528e+00,6.876311383120801979e-02,2.695233435201783712e-01,1.039942816058935460e+00
2.069999999999999929e+01,6.801805683767991884e-02,2.213417825616912638e-01,1.004149934307881242e+00,6.847912139642899076e-02,2.694684934518981612e-01,1.039659196633607952e+00
2.075000000000000000e+01,6.773406440290091757e-02,2.212869324934110538e-01,1.003866314882553956e+00,6.819512896164998950e-02,2.694136433836179512e-01,1.039375577208280887e+00
2.080000000000000071e+01,6.752045971388101475e-02,2.211930501176684327e-01,1.003544139846719974e+00,6.798152427263008668e-02,2.693197610078753579e-01,1.039053402172446905e+00
2.085000000000000142e+01,6.746850453092256839e-02,2.210095278031311561e-01,1.003133419634064216e+00,6.792956908967164031e-02,2.691362386933380813e-01,1.038642681959791148e+00
2.089999999999999858e+01,6.741654934796412202e-02,2.208260054885938795e-01,1.002722699421408459e+00,6.787761390671319395e-02,2.689527163788008046e-01,1.038231961747135390e+00
2.094999999999999929e+01,6.736459416500567565e-02,2.206424831740566028e-01,1.002311979208752701e+00,6.782565872375474758e-02,2.687691940642635280e-01,1.037821241534479633e+00
2.100000000000000000e+01,6.759543041034243860e-02,2.203047530950764943e-01,1.001764480979359107e+00,6.805649496909151053e-02,2.684314639852833917e-01,1.037273743305085816e+00
2.105000000000000071e+01,6.787929519823948654e-02,2.199381062520728847e-01,1.001191334381040354e+00,6.834035975698855847e-02,2.680648171422798098e-01,1.036700596706767286e+00
2.110000000000000142e+01,6.816315998613650673e-02,2.195714594090693028e-01,1.000618187782721380e+00,6.862422454488557866e-02,2.676981702992762280e-01,1.036127450108448311e+00
2.114999999999999858e+01,6.842561543919947753e-02,2.192193712750586387e-01,1.000090415288249268e+00,6.888667999794854946e-02,2.673460821652655639e-01,1.035599677613975977e+00
2.119999999999999929e+01,6.865326383697725743e-02,2.188909525260487043e-01,9.996364115004349182e-01,6.911432839572632936e-02,2.670176634162556573e-01,1.035145673826161739e+00
2.125000000000000000e+01,6.888091223475506508e-02,2.185625337770387422e-01,9.991824077126204573e-01,6.934197679350413701e-02,2.666892446672456396e-01,1.034691670038347278e+00
2.130000000000000071e+01,6.910856063253287274e-02,2.182341150280288078e-01,9.987284039248061074e-01,6.956962519128194467e-02,2.663608259182357330e-01,1.034237666250533039e+00
2.135000000000000142e+01,6.929291058229503086e-02,2.179682788925052517e-01,9.983737092571309812e-01,6.975397514104410279e-02,2.660949897827121768e-01,1.033882971582857913e+00
2.139999999999999858e+01,6.947347413619126000e-02,2.177079155293289991e-01,9.980276990495041689e-01,6.993453869494033193e-02,2.658346264195359243e-01,1.033536961375230989e+00
2.144999999999999929e+01,6.965403769008751689e-02,2.174475521661527466e-01,9.976816888418772455e-01,7.011510224883658882e-02,2.655742630563596718e-01,1.033190951167604066e+00
2.150000000000000000e+01,6.963566532852624724e-02,2.173249576109664294e-01,9.975226261899321489e-01,7.009672988727531917e-02,2.654516685011733546e-01,1.033031888515659080e+00
2.155000000000000071e+01,6.938218292745915172e-02,2.173651834787021508e-01,9.975845052774450217e-01,6.984324748620822365e-02,2.654918943689090760e-01,1.033093767603171731e+00
2.160000000000000142e+01,6.912870052639208396e-02,2.174054093464378723e-01,9.976463843649577834e-01,6.958976508514115589e-02,2.655321202366447975e-01,1.033155646690684604e+00
2.164999999999999858e+01,6.887521812532498844e-02,2.174456352141735938e-01,9.977082634524706561e-01,6.933628268407406037e-02,2.655723461043805189e-01,1.033217525778197476e+00
2.169999999999999929e+01,6.861957429614157222e-02,2.175032013545540877e-01,9.978228648367865050e-01,6.908063885489064415e-02,2.656299122447610128e-01,1.033332127162513325e+00
2.175000000000000000e+01,6.836392412570344024e-02,2.175608183682827268e-01,9.979376208991639352e-01,6.882498868445251217e-02,2.656875292584896520e-01,1.033446883224890644e+00
2.180000000000000071e+01,6.810827395526533601e-02,2.176184353820113659e-01,9.980523769615413654e-01,6.856933851401440794e-02,2.657451462722182911e-01,1.033561639287268186e+00
2.185000000000000142e+01,6.796055313738583181e-02,2.176343672315528555e-01,9.981077062539545075e-01,6.842161769613490374e-02,2.657610781217597529e-01,1.033616968579681217e+00
2.189999999999999858e+01,6.790633120883068918e-02,2.176141873426246376e-01,9.981115543055739669e-01,6.836739576757976111e-02,2.657408982328315350e-01,1.033620816631300787e+00
2.194999999999999929e+01,6.785210928027551880e-02,2.175940074536964475e-01,9.981154023571933154e-01,6.831317383902459073e-02,2.657207183439033726e-01,1.033624664682920136e+00
2.200000000000000000e+01,6.781855591919783155e-02,2.175600779877635282e-01,9.981059483757538375e-01,6.827962047794690348e-02,2.656867888779704812e-01,1.033615210701480658e+00
2.205000000000000071e+01,6.804151901931779212e-02,2.173555032731914471e-01,9.979314035891241330e-01,6.850258357806686405e-02,2.654822141633983446e-01,1.033440665914850953e+00
2.210000000000000142e+01,6.826448211943772493e-02,2.171509285586193660e-01,9.977568588024943175e-01,6.872554667818679686e-02,2.652776394488263190e-01,1.033266121128221027e+00
2.214999999999999858e+01,6.848744521955768549e-02,2.169463538440472572e-01,9.975823140158646130e-01,6.894850977830675742e-02,2.650730647342541824e-01,1.033091576341591544e+00
2.219999999999999929e+01,6.867116766277403528e-02,2.167737245261308898e-01,9.974523770279437596e-01,6.913223222152310721e-02,2.649004354163377872e-01,1.032961639353670691e+00
2.225000000000000000e+01,6.883014915969570824e-02,2.166212365464434686e-01,9.973505649298505249e-01,6.929121371844478017e-02,2.647479474366504215e-01,1.032859827255577345e+00
2.230000000000000071e+01,6.898913065661740895e-02,2.164687485667560196e-01,9.972487528317574013e-01,6.945019521536648088e-02,2.645954594569629448e-01,1.032758015157484222e+00
2.235000000000000142e+01,6.917355782502868089e-02,2.163016313127252011e-01,9.971189255147414610e-01,6.963462238377775282e-02,2.644283422029320985e-01,1.032628187840468392e+00
2.239999999999999858e+01,6.949988212341171034e-02,2.160529342880939396e-01,9.968328720528469855e-01,6.996094668216078227e-02,2.641796451783008370e-01,1.032342134378573917e+00
2.244999999999999929e+01,6.982620642179473980e-02,2.158042372634627060e-01,9.965468185909525101e-01,7.028727098054381173e-02,2.639309481536696311e-01,1.032056080916679441e+00
2.250000000000000000e+01,7.015253072017776925e-02,2.155555402388314445e-01,9.962607651290579236e-01,7.061359527892684118e-02,2.636822511290383697e-01,1.031770027454784744e+00
2.255000000000000071e+01,7.033866557319326529e-02,2.153947719732929034e-01,9.960427224658782164e-01,7.079973013194233722e-02,2.635214828634998563e-01,1.031551984791605037e+00
2.260000000000000142e+01,7.046205286446033389e-02,2.152733598463436038e-01,9.958551208375476804e-01,7.092311742320940582e-02,2.634000707365505289e-01,1.031364383163274390e+00
2.264999999999999858e+01,7.058544015572737473e-02,2.151519477193943319e-01,9.956675192092172555e-01,7.104650471447644666e-02,2.632786586096012571e-01,1.031176781534944187e+00
2.269999999999999929e+01,7.065496552870714764e-02,2.150593327925765519e-01,9.955094928429557566e-01,7.111603008745621957e-02,2.631860436827834770e-01,1.031018755168682688e+00
2.275000000000000000e+01,7.054370981464955226e-02,2.150633722239575496e-01,9.954507323067327551e-01,7.100477437339862419e-02,2.631900831141644748e-01,1.030959994632459686e+00
2.280000000000000071e+01,7.043245410059192912e-02,2.150674116553385751e-01,9.953919717705098646e-01,7.089351865934100105e-02,2.631941225455455280e-01,1.030901234096236685e+00
2.285000000000000142e+01,7.032119838653433375e-02,2.150714510867195728e-01,9.953332112342869742e-01,7.078226294528340568e-02,2.631981619769264702e-01,1.030842473560013683e+00
2.289999999999999858e+01,7.026188065422267481e-02,2.150164548099325335e-01,9.951706290324860982e-01,7.072294521297174674e-02,2.631431657001394586e-01,1.030679891358212918e+00
2.294999999999999929e+01,7.021822664470775410e-02,2.149436542416276463e-01,9.949767357605348028e-01,7.067929120345682603e-02,2.630703651318345715e-01,1.030485998086261734e+00
2.300000000000000000e+01,7.017457263519286115e-02,2.148708536733227314e-01,9.947828424885836185e-01,7.063563719394193308e-02,2.629975645635296289e-01,1.030292104814310328e+00
2.305000000000000071e+01,7.014981502690245674e-02,2.147703826823607054e-01,9.945547240117992294e-01,7.061087958565152867e-02,2.628970935725676306e-01,1.030063986337526050e+00
2.310000000000000142e+01,7.016770488069068445e-02,2.146074620594845550e-01,9.942493623547966619e-01,7.062876943943975638e-02,2.627341729496914802e-01,1.029758624680523482e+00
2.314999999999999858e+01,7.018559473447893993e-02,2.144445414366084324e-01,9.939440006977940945e-01,7.064665929322801186e-02,2.625712523268153298e-01,1.029453263023520915e+00
2.319999999999999929e+01,7.020348458826716764e-02,2.142816208137322820e-01,9.936386390407915270e-01,7.066454914701623957e-02,2.624083317039391794e-01,1.029147901366518347e+00
2.325000000000000000e+01,7.023131486286610103e-02,2.140998896071502622e-01,9.933628363593185462e-01,7.069237942161517296e-02,2.622266004973571873e-01,1.028872098685045255e+00
2.330000000000000071e+01,7.026095760753492403e-02,2.139147286041226392e-01,9.930924232644098293e-01,7.072202216628399596e-02,2.620414394943295644e-01,1.028601685590136761e+00
2.335000000000000142e+01,7.029060035220377478e-02,2.137295676010950163e-01,9.928220101695011124e-01,7.075166491095284671e-02,2.618562784913019414e-01,1.028331272495227822e+00
2.339999999999999858e+01,7.032474902292126795e-02,2.135360845352468895e-01,9.925601212483282643e-01,7.078581358167033988e-02,2.616627954254537869e-01,1.028069383574055085e+00
2.344999999999999929e+01,7.036610975320423123e-02,2.133292814077463739e-01,9.923118758819025054e-01,7.082717431195330315e-02,2.614559922979532991e-01,1.027821138207629215e+00
2.350000000000000000e+01,7.040747048348722226e-02,2.131224782802458584e-01,9.920636305154766355e-01,7.086853504223629419e-02,2.612491891704528113e-01,1.027572892841203345e+00
2.355000000000000071e+01,7.044883121377018553e-02,2.129156751527453428e-01,9.918153851490507655e-01,7.090989577251925746e-02,2.610423860429522680e-01,1.027324647474777475e+00
2.360000000000000142e+01,7.049253264625471305e-02,2.127167540128757917e-01,9.916073741261162144e-01,7.095359720500378498e-02,2.608434649030827446e-01,1.027116636451843146e+00
2.364999999999999858e+01,7.053642858947045680e-02,2.125184878607175587e-01,9.914027065492505564e-01,7.099749314821952872e-02,2.606451987509245116e-01,1.026911968874977266e+00
2.369999999999999929e+01,7.058032453268622830e-02,2.123202217085593257e-01,9.911980389723848983e-01,7.104138909143530023e-02,2.604469325987662787e-01,1.026707301298111830e+00
2.375000000000000000e+01,7.062382183280244141e-02,2.121273956409117367e-01,9.909980921503940277e-01,7.108488639155151334e-02,2.602541065311186896e-01,1.026507354476120959e+00
2.380000000000000071e+01,7.066685495320582100e-02,2.119409040034071490e-01,9.908036421716817088e-01,7.112791951195489293e-02,2.600676148936140741e-01,1.026312904497408418e+00
2.385000000000000142e+01,7.070988807360917283e-02,2.117544123659025890e-01,9.906091921929693900e-01,7.117095263235824476e-02,2.598811232561095141e-01,1.026118454518696321e+00
2.389999999999999858e+01,7.075293451849831716e-02,2.115679424819242871e-01,9.904146894678016455e-01,7.121399907724738909e-02,2.596946533721312123e-01,1.025923951793528577e+00
2.394999999999999929e+01,7.081332680898214105e-02,2.114097913874019297e-01,9.901515212881325523e-01,7.127439136773121298e-02,2.595365022776088271e-01,1.025660783613859373e+00
2.400000000000000000e+01,7.087371909946596493e-02,2.112516402928796000e-01,9.898883531084634591e-01,7.133478365821503686e-02,2.593783511830864974e-01,1.025397615434190168e+00
2.405000000000000071e+01,7.093411138994978882e-02,2.110934891983572148e-01,9.896251849287943658e-01,7.139517594869886075e-02,2.592202000885641677e-01,1.025134447254521186e+00
2.410000000000000142e+01,7.098281709182779897e-02,2.109889220229199946e-01,9.893714030086574462e-01,7.144388165057687090e-02,2.591156329131268921e-01,1.024880665334384267e+00
2.414999999999999858e+01,7.102154802335416961e-02,2.109300899465302026e-01,9.891256324754572615e-01,7.148261258210324154e-02,2.590568008367371000e-01,1.024634894801184082e+00
2.419999999999999929e+01,7.106027895488054025e-02,2.108712578701404106e-01,9.888798619422571878e-01,7.152134351362961218e-02,2.589979687603473080e-01,1.024389124267984119e+00
2.425000000000000000e+01,7.109670053046726612e-02,2.108192496228994406e-01,9.886434776683190595e-01,7.155776508921633805e-02,2.589459605131063658e-01,1.024152739994045991e+00
2.430000000000000071e+01,7.110592223683800950e-02,2.108476132478389886e-01,9.885176458735251970e-01,7.156698679558708143e-02,2.589743241380458860e-01,1.024026908199251906e+00
2.435000000000000142e+01,7.111514394320872512e-02,2.108759768727785366e-01,9.883918140787314455e-01,7.157620850195779705e-02,2.590026877629854618e-01,1.023901076404458266e+00
2.439999999999999858e+01,7.112436564957944074e-02,2.109043404977180847e-01,9.882659822839375829e-01,7.158543020832851267e-02,2.590310513879250376e-01,1.023775244609664403e+00
2.444999999999999929e+01,7.118313558226854743e-02,2.109389032895895855e-01,9.881641939747936032e-01,7.164420014101761935e-02,2.590656141797965106e-01,1.023673456300520535e+00
2.450000000000000000e+01,7.127266178541857844e-02,2.109773141153657716e-01,9.880773302755176957e-01,7.173372634416765037e-02,2.591040250055727245e-01,1.023586592601244405e+00
2.455000000000000071e+01,7.136218798856858170e-02,2.110157249411419578e-01,9.879904665762418992e-01,7.182325254731765363e-02,2.591424358313488829e-01,1.023499728901968719e+00
2.460000000000000142e+01,7.144446028518081082e-02,2.110664568218956483e-01,9.879266261964956275e-01,7.190552484392988275e-02,2.591931677121025457e-01,1.023435888522222559e+00
2.464999999999999858e+01,7.148741244432008091e-02,2.111839755537071317e-01,9.879875847901394836e-01,7.194847700306915284e-02,2.593106864439140846e-01,1.023496847115866304e+00
2.469999999999999929e+01,7.153036460345935099e-02,2.113014942855186706e-01,9.880485433837832288e-01,7.199142916220842292e-02,2.594282051757256236e-01,1.023557805709510049e+00
2.475000000000000000e+01,7.157331676259859332e-02,2.114190130173301818e-01,9.881095019774270849e-01,7.203438132134766525e-02,2.595457239075371070e-01,1.023618764303154016e+00
2.480000000000000071e+01,7.163994494243847155e-02,2.115011064253254913e-01,9.881190469095932905e-01,7.210100950118754348e-02,2.596278173155324165e-01,1.023628309235320000e+00
2.485000000000000142e+01,7.171698806089435441e-02,2.115676164471739784e-01,9.881059752823686537e-01,7.217805261964342634e-02,2.596943273373809036e-01,1.023615237608095363e+00
2.489999999999999858e+01,7.179403117935023726e-02,2.116341264690224655e-01,9.880929036551440170e-01,7.225509573809930919e-02,2.597608373592293907e-01,1.023602165980870726e+00
2.494999999999999929e+01,7.187973229259617125e-02,2.116830810291430165e-01,9.880476632798653736e-01,7.234079685134524318e-02,2.598097919193499417e-01,1.023556925605592305e+00
2.500000000000000000e+01,7.199389576253759082e-02,2.116743236333465950e-01,9.878966711221288666e-01,7.245496032128666275e-02,2.598010345235535201e-01,1.023405933447855798e+00
2.505000000000000071e+01,7.210805923247898264e-02,2.116655662375502012e-01,9.877456789643923596e-01,7.256912379122805457e-02,2.597922771277570986e-01,1.023254941290119291e+00
2.510000000000000142e+01,7.222222270242037445e-02,2.116568088417537796e-01,9.875946868066558526e-01,7.268328726116944638e-02,2.597835197319606770e-01,1.023103949132382784e+00
2.514999999999999858e+01,7.228472502810170952e-02,2.116651541832193228e-01,9.874219550422855818e-01,7.274578958685078145e-02,2.597918650734262203e-01,1.022931217368012291e+00
2.519999999999999929e+01,7.233196877205883002e-02,2.116785509713370317e-01,9.872428022903583233e-01,7.279303333080790195e-02,2.598052618615439568e-01,1.022752064616085033e+00
2.525000000000000000e+01,7.237921251601592276e-02,2.116919477594547405e-01,9.870636495384310649e-01,7.284027707476499469e-02,2.598186586496616934e-01,1.022572911864157774e+00
2.530000000000000071e+01,7.241536983970023322e-02,2.117099580683978466e-01,9.869086573183671884e-01,7.287643439844930515e-02,2.598366689586047995e-01,1.022417919644094120e+00
2.535000000000000142e+01,7.242693522930762628e-02,2.117382021044781626e-01,9.868072580699056573e-01,7.288799978805669821e-02,2.598649129946850600e-01,1.022316520395632367e+00
2.539999999999999858e+01,7.243850061891499159e-02,2.117664461405584508e-01,9.867058588214442372e-01,7.289956517766406352e-02,2.598931570307653760e-01,1.022215121147171057e+00
2.544999999999999929e+01,7.245006600852238465e-02,2.117946901766387668e-01,9.866044595729827060e-01,7.291113056727145658e-02,2.599214010668456920e-01,1.022113721898709526e+00
2.550000000000000000e+01,7.253266418921500147e-02,2.117939690952130860e-01,9.865280443499869767e-01,7.299372874796407340e-02,2.599206799854200112e-01,1.022037306675713797e+00
2.555000000000000071e+01,7.262784892140372595e-02,2.117881155821666472e-01,9.864560561348322265e-01,7.308891348015279787e-02,2.599148264723735724e-01,1.021965318460559047e+00
2.560000000000000142e+01,7.272303365359247818e-02,2.117822620691201807e-01,9.863840679196775874e-01,7.318409821234155010e-02,2.599089729593271336e-01,1.021893330245404297e+00
2.564999999999999858e+01,7.279705358673277393e-02,2.118010181604288444e-01,9.863377892599882735e-01,7.325811814548184586e-02,2.599277290506357696e-01,1.021847051585714983e+00
2.569999999999999929e+01,7.283772128417012603e-02,2.118585549329588535e-01,9.863320246232168964e-01,7.329878584291919796e-02,2.599852658231657787e-01,1.021841286948943717e+00
2.575000000000000000e+01,7.287838898160745038e-02,2.119160917054888627e-01,9.863262599864455193e-01,7.333945354035652231e-02,2.600428025956957878e-01,1.021835522312172451e+00
2.580000000000000071e+01,7.291905667904480248e-02,2.119736284780188718e-01,9.863204953496742533e-01,7.338012123779387441e-02,2.601003393682257969e-01,1.021829757675400963e+00
2.585000000000000142e+01,7.291970944193329474e-02,2.120219152568190157e-01,9.863065927479458539e-01,7.338077400068236666e-02,2.601486261470259409e-01,1.021815855073672674e+00
2.589999999999999858e+01,7.291720964811751471e-02,2.120694732794665971e-01,9.862920490006984453e-01,7.337827420686658664e-02,2.601961841696734945e-01,1.021801311326425266e+00
2.594999999999999929e+01,7.291470985430173468e-02,2.121170313021141784e-01,9.862775052534510367e-01,7.337577441305080661e-02,2.602437421923211036e-01,1.021786767579177857e+00
2.600000000000000000e+01,7.293550243241958553e-02,2.121114809268757895e-01,9.862202039807929088e-01,7.339656699116865746e-02,2.602381918170827424e-01,1.021729466306519729e+00
2.605000000000000071e+01,7.298301687947489347e-02,2.120450026370466479e-01,9.861138496965579092e-01,7.344408143822396540e-02,2.601717135272535453e-01,1.021623112022284730e+00
2.610000000000000142e+01,7.303053132653022916e-02,2.119785243472174785e-01,9.860074954123227986e-01,7.349159588527930109e-02,2.601052352374244037e-01,1.021516757738049730e+00
2.614999999999999858e+01,7.307783697876443774e-02,2.119119982093022880e-01,9.859009115211374574e-01,7.353890153751350967e-02,2.600387090995092132e-01,1.021410173846864389e+00
2.619999999999999929e+01,7.307854060558074960e-02,2.118347926028561479e-01,9.857430804348251696e-01,7.353960516432982153e-02,2.599615034930630730e-01,1.021252342760551990e+00
2.625000000000000000e+01,7.307924423239706146e-02,2.117575869964100355e-01,9.855852493485129928e-01,7.354030879114613339e-02,2.598842978866169329e-01,1.021094511674239813e+00
2.630000000000000071e+01,7.307994785921340108e-02,2.116803813899638953e-01,9.854274182622008160e-01,7.354101241796247301e-02,2.598070922801708482e-01,1.020936680587927636e+00
2.635000000000000142e+01,7.302085280646333776e-02,2.116439799022205859e-01,9.853278792151819454e-01,7.348191736521240969e-02,2.597706907924275388e-01,1.020837141540908766e+00
2.639999999999999858e+01,7.291147171445516717e-02,2.116418915051652416e-01,9.852773592401158353e-01,7.337253627320423910e-02,2.597686023953721390e-01,1.020786621565842545e+00
2.644999999999999929e+01,7.280209062244696883e-02,2.116398031081099251e-01,9.852268392650497253e-01,7.326315518119604075e-02,2.597665139983168503e-01,1.020736101590776546e+00
2.650000000000000000e+01,7.270230481638023656e-02,2.116289391806088771e-01,9.851687873151615538e-01,7.316336937512930849e-02,2.597556500708158023e-01,1.020678049640888485e+00
2.655000000000000071e+01,7.271000851562375855e-02,2.115197689147453319e-01,9.850263597403500215e-01,7.317107307437283048e-02,2.596464798049522571e-01,1.020535622066076842e+00
2.660000000000000142e+01,7.271771221486728054e-02,2.114105986488817868e-01,9.848839321655383783e-01,7.317877677361635247e-02,2.595373095390887119e-01,1.020393194491265199e+00
2.664999999999999858e+01,7.272541591411080253e-02,2.113014283830182416e-01,9.847415045907268460e-01,7.318648047285987446e-02,2.594281392732251668e-01,1.020250766916453777e+00
2.669999999999999929e+01,7.271945918780206575e-02,2.112095786220612448e-01,9.846014795640155581e-01,7.318052374655113768e-02,2.593362895122681699e-01,1.020110741889742378e+00
2.675000000000000000e+01,7.270515469122190710e-02,2.111283132748468516e-01,9.844629227140846428e-01,7.316621924997097903e-02,2.592550241650537490e-01,1.019972185039811574e+00
2.680000000000000071e+01,7.269085019464172071e-02,2.110470479276324585e-01,9.843243658641537275e-01,7.315191475339079263e-02,2.591737588178393836e-01,1.019833628189880548e+00
2.685000000000000142e+01,7.267325831360146871e-02,2.109766515310509127e-01,9.841928009424494306e-01,7.313432287235054063e-02,2.591033624212578657e-01,1.019702063268176140e+00
2.689999999999999858e+01,7.263833586248147345e-02,2.109635545203255302e-01,9.840980963586811736e-01,7.309940042123054538e-02,2.590902654105324832e-01,1.019607358684408105e+00
2.694999999999999929e+01,7.260341341136150595e-02,2.109504575096001200e-01,9.840033917749130277e-01,7.306447797011057788e-02,2.590771683998070452e-01,1.019512654100639848e+00
2.700000000000000000e+01,7.256849096024151069e-02,2.109373604988747375e-01,9.839086871911447707e-01,7.302955551899058262e-02,2.590640713890816627e-01,1.019417949516871591e+00
2.705000000000000071e+01,7.259359274888804725e-02,2.109168919075130044e-01,9.837644442024360281e-01,7.305465730763711918e-02,2.590436027977199296e-01,1.019273706528162737e+00
2.710000000000000142e+01,7.264464170518500352e-02,2.108932367428708043e-01,9.835987868434141745e-01,7.310570626393407545e-02,2.590199476330777295e-01,1.019108049169140884e+00
2.714999999999999858e+01,7.269569066148193204e-02,2.108695815782286320e-01,9.834331294843923210e-01,7.315675522023100397e-02,2.589962924684355849e-01,1.018942391810119030e+00
2.719999999999999929e+01,7.275726167579407710e-02,2.108413096249202867e-01,9.832514444923151631e-01,7.321832623454314903e-02,2.589680205151272396e-01,1.018760706818041983e+00
2.725000000000000000e+01,7.285271986736863159e-02,2.107981689134577341e-01,9.830181411531753177e-01,7.331378442611770352e-02,2.589248798036646315e-01,1.018527403478902027e+00
2.730000000000000071e+01,7.294817805894315832e-02,2.107550282019951815e-01,9.827848378140354724e-01,7.340924261769223025e-02,2.588817390922021344e-01,1.018294100139762293e+00
2.735000000000000142e+01,7.304363625051771280e-02,2.107118874905326289e-01,9.825515344748955160e-01,7.350470080926678473e-02,2.588385983807395263e-01,1.018060796800622336e+00
2.739999999999999858e+01,7.306920402512578905e-02,2.107373856389702649e-01,9.823863729411062007e-01,7.353026858387486098e-02,2.588640965291771900e-01,1.017895635266833132e+00
2.744999999999999929e+01,7.307456004527557170e-02,2.107827336014856390e-01,9.822409174771595808e-01,7.353562460402464362e-02,2.589094444916925641e-01,1.017750179802886290e+00
2.750000000000000000e+01,7.307991606542535434e-02,2.108280815640010131e-01,9.820954620132130719e-01,7.354098062417442627e-02,2.589547924542079382e-01,1.017604724338939892e+00
2.755000000000000071e+01,7.309622831094922391e-02,2.108495195268676736e-01,9.819258718459983326e-01,7.355729286969829583e-02,2.589762304170746265e-01,1.017435134171725153e+00
2.760000000000000142e+01,7.313642958223628976e-02,2.108188239694659682e-01,9.817036582132672162e-01,7.359749414098536169e-02,2.589455348596728657e-01,1.017212920538994148e+00
2.764999999999999858e+01,7.317663085352335561e-02,2.107881284120642906e-01,9.814814445805362109e-01,7.363769541227242754e-02,2.589148393022712158e-01,1.016990706906263142e+00
2.769999999999999929e+01,7.321683212481042147e-02,2.107574328546625853e-01,9.812592309478050945e-01,7.367789668355949340e-02,2.588841437448695104e-01,1.016768493273531915e+00
2.775000000000000000e+01,7.323680975881910471e-02,2.107311338164913617e-01,9.810853036128438509e-01,7.369787431756817664e-02,2.588578447066982591e-01,1.016594565938570671e+00
2.780000000000000071e+01,7.325330694057782810e-02,2.107055914115131545e-01,9.809196862644297132e-01,7.371437149932690003e-02,2.588323023017200519e-01,1.016428948590156534e+00
2.785000000000000142e+01,7.326980412233655149e-02,2.106800490065349474e-01,9.807540689160155756e-01,7.373086868108562342e-02,2.588067598967418448e-01,1.016263331241742396e+00
2.789999999999999858e+01,7.328319239054728595e-02,2.106721912001178476e-01,9.806215466841763373e-01,7.374425694929635788e-02,2.587989020903247450e-01,1.016130809009903047e+00
2.794999999999999929e+01,7.329175697889794838e-02,2.106917721888286188e-01,9.805403736599705988e-01,7.375282153764702031e-02,2.588184830790355440e-01,1.016049635985697419e+00
2.800000000000000000e+01,7.330032156724858305e-02,2.107113531775393900e-01,9.804592006357649714e-01,7.376138612599765498e-02,2.588380640677463429e-01,1.015968462961491792e+00
2.805000000000000071e+01,7.330888615559924548e-02,2.107309341662501889e-01,9.803780276115592329e-01,7.376995071434831741e-02,2.588576450564571418e-01,1.015887289937285942e+00
2.810000000000000142e+01,7.328039335930966458e-02,2.108855478946040640e-01,9.803305436341336332e-01,7.374145791805873651e-02,2.590122587848109892e-01,1.015839805959860342e+00
2.814999999999999858e+01,7.324913964188239923e-02,2.110502220940025098e-01,9.802855696234060723e-01,7.371020420063147116e-02,2.591769329842094072e-01,1.015794831949132782e+00
2.819999999999999929e+01,7.321788592445513388e-02,2.112148962934009555e-01,9.802405956126784004e-01,7.367895048320420581e-02,2.593416071836078807e-01,1.015749857938405221e+00
2.825000000000000000e+01,7.316832072626988648e-02,2.113879427376537945e-01,9.802362644276044756e-01,7.362938528501895841e-02,2.595146536278607474e-01,1.015745526753331296e+00
2.830000000000000071e+01,7.309805724385437520e-02,2.115704527040505600e-01,9.802778736428957584e-01,7.355912180260344713e-02,2.596971635942574852e-01,1.015787135968622579e+00
2.835000000000000142e+01,7.302779376143883616e-02,2.117529626704472978e-01,9.803194828581870413e-01,7.348885832018790809e-02,2.598796735606542230e-01,1.015828745183913862e+00
2.839999999999999858e+01,7.295694207713582236e-02,2.119356405008754607e-01,9.803618759559364904e-01,7.341800663588489428e-02,2.600623513910823581e-01,1.015871138281663200e+00
2.844999999999999929e+01,7.281453505990004293e-02,2.121387391543426149e-01,9.804996291187699775e-01,7.327559961864911486e-02,2.602654500445495400e-01,1.016008891444496687e+00
2.850000000000000000e+01,7.267212804266423576e-02,2.123418378078097968e-01,9.806373822816034647e-01,7.313319260141330769e-02,2.604685486980167219e-01,1.016146644607330174e+00
2.855000000000000071e+01,7.252972102542845634e-02,2.125449364612769509e-01,9.807751354444369518e-01,7.299078558417752827e-02,2.606716473514838484e-01,1.016284397770163661e+00
2.860000000000000142e+01,7.240875330027118917e-02,2.127001150518494366e-01,9.808943921380992581e-01,7.286981785902026110e-02,2.608268259420563617e-01,1.016403654463826189e+00
2.864999999999999858e+01,7.230554785260281947e-02,2.128155922636961184e-01,9.809983246588933614e-01,7.276661241135189140e-02,2.609423031539030435e-01,1.016507586984620293e+00
2.869999999999999929e+01,7.220234240493444977e-02,2.129310694755428279e-01,9.811022571796874647e-01,7.266340696368352170e-02,2.610577803657497808e-01,1.016611519505414396e+00
2.875000000000000000e+01,7.210496569639091025e-02,2.130370994228165393e-01,9.812010461543309026e-01,7.256603025513998217e-02,2.611638103130234922e-01,1.016710308480057723e+00
2.880000000000000071e+01,7.206981767876374789e-02,2.130422686359708939e-01,9.812449216842707989e-01,7.253088223751281982e-02,2.611689795261777913e-01,1.016754184009997619e+00
2.885000000000000142e+01,7.203466966113661329e-02,2.130474378491252763e-01,9.812887972142106952e-01,7.249573421988568522e-02,2.611741487393322014e-01,1.016798059539937515e+00
2.889999999999999858e+01,7.199952164350945094e-02,2.130526070622796586e-01,9.813326727441505914e-01,7.246058620225852287e-02,2.611793179524866115e-01,1.016841935069877412e+00
2.894999999999999929e+01,7.201429968739747611e-02,2.129917937423878582e-01,9.813393292407885937e-01,7.247536424614654804e-02,2.611185046325947834e-01,1.016848591566515303e+00
2.900000000000000000e+01,7.205911140613402432e-02,2.128912877673365678e-01,9.813235961414832342e-01,7.252017596488309625e-02,2.610179986575434929e-01,1.016832858467210166e+00
2.905000000000000071e+01,7.210392312487057254e-02,2.127907817922852773e-01,9.813078630421778747e-01,7.256498768361964447e-02,2.609174926824922025e-01,1.016817125367904584e+00
2.910000000000000142e+01,7.215306968067355942e-02,2.127012402076808861e-01,9.812854690697038196e-01,7.261413423942263135e-02,2.608279510978878113e-01,1.016794731395430640e+00
2.914999999999999858e+01,7.222445338278410398e-02,2.126679445097857390e-01,9.812289056904170970e-01,7.268551794153317591e-02,2.607946553999926920e-01,1.016738168016143806e+00
2.919999999999999929e+01,7.229583708489467631e-02,2.126346488118905642e-01,9.811723423111304854e-01,7.275690164364374823e-02,2.607613597020974616e-01,1.016681604636857195e+00
2.925000000000000000e+01,7.236722078700522087e-02,2.126013531139953894e-01,9.811157789318437628e-01,7.282828534575429280e-02,2.607280640042023423e-01,1.016625041257570583e+00
2.930000000000000071e+01,7.248744362615597292e-02,2.125407223732399264e-01,9.810383493750370887e-01,7.294850818490504485e-02,2.606674332634468794e-01,1.016547611700763909e+00
2.935000000000000142e+01,7.262841052171778444e-02,2.124684812784639609e-01,9.809520570661469652e-01,7.308947508046685637e-02,2.605951921686708861e-01,1.016461319391873896e+00
2.939999999999999858e+01,7.276937741727959597e-02,2.123962401836879677e-01,9.808657647572568417e-01,7.323044197602866789e-02,2.605229510738948928e-01,1.016375027082983662e+00
2.944999999999999929e+01,7.286941415832362545e-02,2.123491971473036588e-01,9.808102961581356416e-01,7.333047871707269738e-02,2.604759080375105840e-01,1.016319558483862462e+00
2.950000000000000000e+01,7.284028300144479440e-02,2.123816744614416274e-01,9.808521014111157843e-01,7.330134756019386633e-02,2.605083853516485526e-01,1.016361363736842716e+00
2.955000000000000071e+01,7.281115184456599110e-02,2.124141517755796238e-01,9.808939066640958160e-01,7.327221640331506303e-02,2.605408626657865767e-01,1.016403168989822525e+00
2.960000000000000142e+01,7.278202068768716004e-02,2.124466290897175924e-01,9.809357119170758477e-01,7.324308524643623197e-02,2.605733399799244898e-01,1.016444974242802779e+00
2.964999999999999858e+01,7.280410135312456732e-02,2.124428878814624000e-01,9.809145762480068198e-01,7.326516591187363925e-02,2.605695987716692974e-01,1.016423838573733640e+00
2.969999999999999929e+01,7.284067924686840612e-02,2.124288938025943319e-01,9.808756230345604399e-01,7.330174380561747804e-02,2.605556046928012570e-01,1.016384885360287260e+00
2.975000000000000000e+01,7.287725714061224491e-02,2.124148997237262637e-01,9.808366698211140600e-01,7.333832169936131684e-02,2.605416106139332166e-01,1.016345932146840880e+00
2.980000000000000071e+01,7.290374463546972494e-02,2.124061034858790997e-01,9.808014345540458923e-01,7.336480919421879687e-02,2.605328143760859971e-01,1.016310696879772824e+00
2.985000000000000142e+01,7.290860348799932389e-02,2.124084487544861954e-01,9.807741686579920515e-01,7.336966804674839582e-02,2.605351596446930929e-01,1.016283430983718983e+00
2.989999999999999858e+01,7.291346234052895059e-02,2.124107940230932912e-01,9.807469027619383217e-01,7.337452689927802252e-02,2.605375049133001886e-01,1.016256165087665142e+00
2.994999999999999929e+01,7.291832119305854953e-02,2.124131392917003591e-01,9.807196368658844809e-01,7.337938575180762146e-02,2.605398501819072843e-01,1.016228899191611301e+00
3.000000000000000000e+01,7.292076517653492407e-02,2.123944488430537791e-01,9.806909942782796596e-01,7.338182973528399600e-02,2.605211597332607321e-01,1.016200256604006480e+00
3.005000000000000071e+01,7.292280576374676748e-02,2.123722444441375479e-01,9.806621217186900497e-01,7.338387032249583941e-02,2.604989553343444730e-01,1.016171384044416870e+00
3.010000000000000142e+01,7.292484635095863865e-02,2.123500400452213166e-01,9.806332491591003286e-01,7.338591090970771058e-02,2.604767509354282140e-01,1.016142511484827260e+00
3.014999999999999858e+01,7.294185677458253636e-02,2.123312535302975257e-01,9.806023493701049309e-01,7.340292133333160829e-02,2.604579644205044509e-01,1.016111611695831751e+00
3.019999999999999929e+01,7.298173731895427063e-02,2.123176886769509719e-01,9.805683524877264468e-01,7.344280187770334256e-02,2.604443995671579248e-01,1.016077614813453156e+00
3.025000000000000000e+01,7.302161786332603266e-02,2.123041238236043904e-01,9.805343556053480736e-01,7.348268242207510459e-02,2.604308347138113433e-01,1.016043617931075005e+00
3.030000000000000071e+01,7.306149840769776693e-02,2.122905589702578366e-01,9.805003587229695894e-01,7.352256296644683886e-02,2.604172698604647618e-01,1.016009621048696410e+00
3.035000000000000142e+01,7.310572378512769642e-02,2.122711745484728296e-01,9.804688097631631960e-01,7.356678834387676835e-02,2.603978854386797548e-01,1.015978072088890016e+00
3.039999999999999858e+01,7.315025441841591092e-02,2.122513812600329841e-01,9.804374327875725603e-01,7.361131897716498285e-02,2.603780921502398815e-01,1.015946695113299381e+00
3.044999999999999929e+01,7.319478505170409766e-02,2.122315879715931386e-01,9.804060558119818136e-01,7.365584961045316958e-02,2.603582988618000638e-01,1.015915318137708745e+00
3.050000000000000000e+01,7.320126796003675884e-02,2.122323412560003231e-01,9.803998495583633455e-01,7.366233251878583077e-02,2.603590521462072482e-01,1.015909111884090166e+00
3.055000000000000071e+01,7.316537650514792768e-02,2.122559775890469069e-01,9.804216763426372161e-01,7.362644106389699961e-02,2.603826884792538321e-01,1.015930938668363925e+00
3.060000000000000142e+01,7.312948505025909651e-02,2.122796139220935185e-01,9.804435031269111978e-01,7.359054960900816844e-02,2.604063248123004159e-01,1.015952765452638129e+00
3.064999999999999858e+01,7.309465988479155185e-02,2.123031796389113490e-01,9.804646123149924897e-01,7.355572444354062378e-02,2.604298905291182464e-01,1.015973874640719199e+00
3.069999999999999929e+01,7.314878076047531819e-02,2.123208548030671439e-01,9.804258622010831870e-01,7.360984531922439011e-02,2.604475656932740968e-01,1.015935124526810007e+00
3.075000000000000000e+01,7.320290163615908452e-02,2.123385299672229665e-01,9.803871120871737732e-01,7.366396619490815645e-02,2.604652408574298916e-01,1.015896374412900593e+00
3.080000000000000071e+01,7.325702251184285085e-02,2.123562051313787891e-01,9.803483619732644705e-01,7.371808707059192278e-02,2.604829160215856865e-01,1.015857624298991180e+00
3.085000000000000142e+01,7.321702778048294613e-02,2.123672832714598724e-01,9.803578127369103612e-01,7.367809233923201806e-02,2.604939941616667975e-01,1.015867075062637070e+00
3.089999999999999858e+01,7.310021324703946943e-02,2.123729767351872633e-01,9.804066064107320733e-01,7.356127780578854136e-02,2.604996876253942162e-01,1.015915868736458894e+00
3.094999999999999929e+01,7.298339871359599274e-02,2.123786701989146819e-01,9.804554000845537853e-01,7.344446327234506466e-02,2.605053810891215793e-01,1.015964662410280717e+00
3.100000000000000000e+01,7.287702006820723222e-02,2.123838550243044299e-01,9.804998346662079367e-01,7.333808462695630415e-02,2.605105659145113828e-01,1.016009096991934868e+00
