frame,time_s,status,world_source_id,detection_count,error_px,ambiguity_gap_px,x_m,y_m,z_m,relative_rx_rad,relative_ry_rad,relative_rz_rad,distance_m
0,0.0,tracked,1,1,0.26705378398116253,0.7801217220866233,-0.4866079666430916,-0.08663238053677533,-0.1585592882841506,-0.03032071133635859,-0.2716485454025904,-1.5047335665734656,0.5190698704983455
1,0.03333333333333333,tracked,0,1,0.22614097387579174,0.7744472859835128,-0.48710167096986023,-0.08528668448852794,-0.15895687312750212,-0.031209624542348338,-0.2738787760384026,-1.5057234207468082,0.5194315584628533
2,0.06666666666666667,tracked,0,1,0.18871902774162408,0.7954127709302184,-0.4860576554089934,-0.0857727533564284,-0.16088268333155736,-0.025380870563670055,-0.2741611684078017,-1.507371338119267,0.5191264271793459
3,0.1,tracked,1,1,0.21563684987748,0.7761973443882185,-0.48684089553367155,-0.0863807308159095,-0.15922990119298125,-0.029222787108683923,-0.2727297281100013,-1.5063266839727134,0.5194514892213175
4,0.13333333333333333,tracked,1,1,0.2190942253297547,0.7823052220043643,-0.4860919192681947,-0.08664023729365564,-0.15695834787012253,-0.034503161023042676,-0.27966836887235735,-1.506510794583655,0.5181001907568231
5,0.16666666666666669,tracked,0,1,0.20442876016826045,0.7936025988033584,-0.4859528994789435,-0.08479619154511217,-0.15750603802417723,-0.027767886260133576,-0.27154908884293444,-1.510489133145679,0.5178308281925875
6,0.2,tracked,0,1,0.2079671080010339,0.801615575823279,-0.4869668358366551,-0.08592982172877045,-0.15552288072430603,-0.03339958433738905,-0.2701725987041337,-1.5080991447577379,0.5183705237529318
7,0.23333333333333334,tracked,0,1,0.22924624328597917,0.7944343711891546,-0.4854121741715131,-0.08507121769061082,-0.15805855557945636,-0.02570333538963608,-0.26991789589582726,-1.507552757791375,0.5175370497898124
8,0.26666666666666666,tracked,1,1,0.1981916495034306,0.8173381926595655,-0.4861131289066208,-0.08641849541605556,-0.15993694403526793,-0.02547345753599034,-0.27356371909235544,-1.5075646458764098,0.5189932143224034
9,0.30000000000000004,tracked,1,1,0.25495084652222105,0.7940054456575394,-0.48643521727839173,-0.08535499234503977,-0.15975787297190946,-0.027977317353143998,-0.2765414585749359,-1.5083166484131456,0.5190638431863722
10,0.33333333333333337,tracked,1,1,0.24764570073021078,0.7909727798781004,-0.4866154961089325,-0.0855922424219363,-0.15835342343751208,-0.031192976337685162,-0.27480033674856646,-1.505789768453381,0.5188414784214327
11,0.3666666666666667,tracked,1,1,0.24743698790099042,0.7821439202037691,-0.48796238955170246,-0.08616177009139289,-0.15750071803791482,-0.03794175754594286,-0.2766682094383033,-1.5051587049645156,0.5199400161795091
12,0.4,tracked,1,1,0.26002969178591084,0.7711485268328611,-0.4887600542780052,-0.08496487293547053,-0.15835057772015182,-0.03457169557503278,-0.2697164298304212,-1.5083467906674581,0.5207497726884622
13,0.43333333333333335,tracked,1,1,0.17343102670575153,0.7682905555281975,-0.48751756426953996,-0.08571143045559479,-0.15902797944541902,-0.03459225023711289,-0.2768477081475944,-1.5075273233616049,0.5199131879732826
14,0.4666666666666667,tracked,0,1,0.19800064715890392,0.7930701271358138,-0.4833312651088225,-0.08372307976124863,-0.15681252275909158,-0.024240521015806267,-0.2748851610798383,-1.5031586783471755,0.5149843038486454
15,0.5,tracked,1,1,0.19503726706416868,0.769257958249043,-0.4873205989695321,-0.08648224144042707,-0.15999243526702672,-0.030883129375076975,-0.27669347138255584,-1.503269444855132,0.5201520197089093
16,0.5333333333333333,tracked,1,1,0.24558366306191035,0.7678673033509316,-0.48800839455042777,-0.08704204447544903,-0.1575049976889193,-0.0366207122586391,-0.2761901947359241,-1.5040365508322806,0.5201310747832113
17,0.5666666666666667,tracked,0,1,0.15417003772731666,0.8370324700317275,-0.4851223526477253,-0.08482490088003514,-0.15694024246641985,-0.031905337087528546,-0.2763060272341966,-1.5059466033068236,0.5168841268148892
18,0.6000000000000001,tracked,0,1,0.17130245220096038,0.7981226602927546,-0.4879674841557678,-0.08485991016506014,-0.15763995581700668,-0.031106634244763568,-0.2655563960472466,-1.5072194325482586,0.5197728596382456
19,0.6333333333333334,tracked,0,1,0.2435788507996753,0.7790634914865983,-0.48962486448207937,-0.0876662288036423,-0.15884685940895638,-0.03874031696815967,-0.2723216461708768,-1.504818538939603,0.5221591714562102
20,0.6666666666666667,tracked,1,1,0.19182896852630155,0.7607722335403939,-0.48767249983015903,-0.0859234339000319,-0.15642765987582652,-0.03616739568633248,-0.2713680915933515,-1.5074240766085354,0.5193042618330769
21,0.7000000000000001,tracked,1,1,0.12448766515688436,0.7934177064422775,-0.4871267525133895,-0.08594431729487995,-0.15448053602164208,-0.04030824846323583,-0.2773416651374681,-1.5018336748415921,0.5182114768114056
22,0.7333333333333334,tracked,1,1,0.26077966740533726,0.7807736014824662,-0.48870963283661706,-0.08700504814775209,-0.15608165594001489,-0.042458361887222934,-0.2765052489569097,-1.504818897898888,0.5203541745306468
23,0.7666666666666667,tracked,1,1,0.30882805835575466,0.798296985833557,-0.489111512769526,-0.08635550985161308,-0.1560987692397568,-0.04240373745122018,-0.27513069142955154,-1.5068964668468412,0.5206286313329235
24,0.8,tracked,1,1,0.33946289454902784,0.7850507682411751,-0.4893547572164093,-0.08464871315511874,-0.15679287618392185,-0.0394777681048247,-0.2712504592530839,-1.5086002591849763,0.520785453974259
25,0.8333333333333334,tracked,1,1,0.24451607507130346,0.7680082886427172,-0.4906219959912447,-0.08525787013448566,-0.15344680713215852,-0.04688202860366909,-0.26970624008623817,-1.5084003196342894,0.52108038726223
26,0.8666666666666667,tracked,1,1,0.2047767225618984,0.7824452632417636,-0.48927953645981753,-0.08516664900953955,-0.15339083943554482,-0.042238460624142514,-0.27023456092700393,-1.5086361155614194,0.5197851214921307
27,0.9,tracked,1,1,0.21189307824548634,0.7737285591362206,-0.4902846706167957,-0.08449811056162224,-0.15437247292097073,-0.04187155863687193,-0.2656513266357948,-1.5102438576190933,0.5209125160005659
28,0.9333333333333333,tracked,0,1,0.20134161907571674,0.8080628122355651,-0.48587360845120964,-0.08409100100633474,-0.15919416148840787,-0.02208354705208939,-0.2705407058808666,-1.508370507565848,0.5181575444704478
29,0.9666666666666667,tracked,0,1,0.12410690979217852,0.8184819528435842,-0.4859502381029863,-0.08350444483739697,-0.1587016009811632,-0.02532621963880703,-0.273040807401569,-1.5083404310753552,0.5179834209450486
30,1.0,tracked,1,1,0.1683440842253825,0.7984874750896834,-0.48894785984289874,-0.08466552002439964,-0.15511693846581404,-0.03939794431679095,-0.2720163804309919,-1.5110663622532536,0.5199033799899363
31,1.0333333333333334,tracked,0,1,0.14793490574966922,0.8206462708031257,-0.48538030264838117,-0.08319222722008532,-0.15901065849880153,-0.018301669133136522,-0.26991369217508393,-1.508909672408869,0.5174933568511724
32,1.0666666666666667,tracked,1,1,0.25253446454554834,0.758687648049609,-0.48973539759808055,-0.08441151094821714,-0.1586827115371393,-0.032029551479509366,-0.2709501475508929,-1.5101264977421653,0.5216763994871629
33,1.1,tracked,1,1,0.23349951662077947,0.7719951622615638,-0.48865769325659475,-0.08329347060113027,-0.156792152526407,-0.029712277178447297,-0.269941782025551,-1.5114518256891265,0.5199114564207079
34,1.1333333333333333,tracked,1,1,0.2363053534723809,0.7357136165917851,-0.48898010901696143,-0.08398125782666713,-0.15835852316597593,-0.028186816639061345,-0.26883452520201184,-1.5111766407596443,0.5207992132671646
35,1.1666666666666667,tracked,1,1,0.28729609981935755,0.7176142090175247,-0.4885381745116785,-0.08598571759453771,-0.14807458087108072,-0.04836461153194338,-0.27627738481955333,-1.504639891305689,0.5176767071112984
36,1.2000000000000002,tracked,1,1,0.2648399757542998,0.7043040760075783,-0.4876811114384202,-0.08811432452680928,-0.14689832630492766,-0.05015802752822129,-0.2765118230807072,-1.5041513868871512,0.516890819140578
37,1.2333333333333334,tracked,1,1,0.27718960449557634,0.7664104167058885,-0.4867215492819845,-0.08644374652073555,-0.1500117056494164,-0.04503553737023904,-0.28063586995046647,-1.5034414051386997,0.5165983930287081
38,1.2666666666666668,tracked,1,1,0.18280052253555257,0.7810686980169422,-0.48821196186546767,-0.0881115578787259,-0.143808085173386,-0.06171397662397842,-0.28010044506061016,-1.5032349540439518,0.5165223438551141
39,1.3,tracked,0,1,0.2273419541844577,0.7548970493654366,-0.4869794606759481,-0.0822239742030205,-0.15414956621265136,-0.02086185785966943,-0.26355292232241306,-1.5093171816466304,0.5173701439177998
40,1.3333333333333335,tracked,1,1,0.16892167766330918,0.7370664687463293,-0.4875546052620148,-0.08944377377538498,-0.14867631767641842,-0.05077532392845347,-0.2840984257810533,-1.5027850785957968,0.5175078059480848
41,1.3666666666666667,tracked,1,1,0.20651074915848144,0.7964107035682648,-0.48758753219026096,-0.09035921680146766,-0.14581320264163727,-0.06092457726738676,-0.2870907635196402,-1.49777143468276,0.5168828490799193
42,1.4000000000000001,tracked,1,1,0.2423272950733295,0.770887498437836,-0.48659610748627335,-0.0894274794682473,-0.14556163326857013,-0.05670032884638388,-0.28348344231261835,-1.5005830689579531,0.5157142958893522
43,1.4333333333333333,tracked,0,1,0.244623122735761,0.7560295935207796,-0.4886372241798277,-0.08330218733073999,-0.15550374311327686,-0.02362463007177518,-0.263376918380146,-1.5092813327074786,0.5195065017788448
44,1.4666666666666668,tracked,1,1,0.24139618810670185,0.7357663504018971,-0.48954132334461126,-0.08951320435914073,-0.14521646672706745,-0.05953545465228326,-0.28062296273517284,-1.5035301573297788,0.5184121364564376
45,1.5,tracked,0,1,0.25018187183918833,0.7119898115096175,-0.4883591838441932,-0.08334835247699915,-0.1550808317251392,-0.021809840132515516,-0.26196904397148724,-1.5089063351640886,0.5191259044530118
46,1.5333333333333334,tracked,0,1,0.294002648166899,0.7474684258720433,-0.48681300497461355,-0.08284449777906419,-0.1547785942612233,-0.016557436826933246,-0.26012671956363326,-1.5085711244613718,0.517500266537283
47,1.5666666666666669,tracked,0,1,0.1952711219351662,0.7700895723190538,-0.4872794750232533,-0.0826423175229635,-0.15441464616943817,-0.020644755055795383,-0.26301959335587993,-1.506823856876794,0.5177981482934604
48,1.6,tracked,0,1,0.14457866310273906,0.8014485275876067,-0.4871206237233501,-0.08328206373915031,-0.153931570158583,-0.025534975358919708,-0.2649740998752759,-1.5071161621320017,0.5176073149490492
49,1.6333333333333335,tracked,0,1,0.20497521261032708,0.7598755873313796,-0.48754953412725255,-0.0826698946405153,-0.15461281261972482,-0.023358322656087564,-0.26406362545134754,-1.5066920459846165,0.5181157993477491
50,1.6666666666666667,tracked,0,1,0.18663332828753382,0.7541009361562381,-0.48908778546416865,-0.08324367889904855,-0.15414059090931082,-0.02771307899618761,-0.26334885927326585,-1.5062381375436555,0.5195148638227438
51,1.7000000000000002,tracked,1,1,0.2311641644059942,0.7710710014500551,-0.48593736364125106,-0.08926388877298375,-0.14402909935083053,-0.05260102430262182,-0.2821363962142367,-1.497713485614765,0.5146334080501348
52,1.7333333333333334,tracked,1,1,0.1282274175086244,0.7990659955703368,-0.4863852212593752,-0.08994902061112559,-0.14558269317725386,-0.05236877345120466,-0.28300638664723893,-1.4974073383868949,0.5156119959050357
53,1.7666666666666668,tracked,0,1,0.18340014386697934,0.7875549233519187,-0.4862254622464014,-0.08336092557158226,-0.15118201714261087,-0.024768978597420915,-0.2597156519658638,-1.506074425781919,0.515965353833168
54,1.8016666666666667,tracked,0,1,0.18865318331219416,0.7951635374955617,-0.4863420356112953,-0.0839220498976897,-0.15153432400164485,-0.023994690477336048,-0.2627226205724215,-1.5041410693219737,0.5162694426481237
55,1.8350000000000002,tracked,0,1,0.23075227852785352,0.7676762074392446,-0.48603627744087974,-0.08416574596947604,-0.15223915107608404,-0.021930967816143614,-0.263629383298164,-1.504535980918805,0.51622852972647
56,1.8683333333333334,tracked,0,1,0.14703697620376183,0.7839950268544169,-0.484780609528422,-0.08239773615701884,-0.15147360493522577,-0.020736923858613327,-0.2623903796824871,-1.505593166394346,0.5145346239959201
57,1.9016666666666668,tracked,0,1,0.15952725927451986,0.810367730465642,-0.4860077293616756,-0.08380040068662378,-0.1518409433448798,-0.02640526156056041,-0.26451817769827446,-1.5034360878426014,0.5160248949715444
58,1.935,tracked,0,1,0.1916541721574115,0.7682386378729205,-0.48705299442548816,-0.08438582512011683,-0.15331760344976553,-0.02869455337429647,-0.26595669217241574,-1.5035291037482434,0.5175402152370548
59,1.9683333333333335,tracked,1,1,0.276826703149154,0.7360923696349233,-0.4871753451484393,-0.0871553072692999,-0.14898712021680505,-0.04870257108893873,-0.2784615614774119,-1.5002967473536999,0.5168491332063968
60,2.001666666666667,tracked,0,1,0.22811403414478026,0.7810838002822542,-0.4868896401231602,-0.08407950754694288,-0.15350226454389237,-0.029794975444311582,-0.2679267668925791,-1.5043074021727394,0.5173913706940811
61,2.035,tracked,1,1,0.16043797338739857,0.8250080690603594,-0.4866230537615438,-0.08879293679015263,-0.14717369090976995,-0.05250690757396593,-0.285953892461852,-1.498784917725192,0.5160874706598048
62,2.0683333333333334,tracked,0,1,0.31674883677254667,0.7623533324244312,-0.4874143878408118,-0.0843935642733003,-0.15304027778606455,-0.03356626805405934,-0.2695728621420152,-1.5037514629443876,0.5177995614036581
63,2.101666666666667,tracked,1,1,0.2852159219182576,0.8148222918349844,-0.4880744243555796,-0.08848101507635797,-0.14701521671056816,-0.05651251358287782,-0.2843958118933365,-1.4946882215674233,0.5173577173324356
64,2.1350000000000007,tracked,1,1,0.27908320753564697,0.8039727185501101,-0.4876984460969063,-0.08793874248751529,-0.15299614095691555,-0.04470805508145285,-0.2847175333990265,-1.497655625713429,0.5186432453077269
65,2.1683333333333334,tracked,0,1,0.30615910980561195,0.7566655389391144,-0.48752933753636896,-0.08536317534794749,-0.15390624385036566,-0.029876687659096724,-0.27037438504564437,-1.4998608630340127,0.5183231217689053
66,2.2016666666666667,tracked,0,1,0.29679123934159235,0.7497376891049095,-0.4882389954048702,-0.08545690635126765,-0.15475670968084654,-0.028407591066667365,-0.2691563497646045,-1.500871366465862,0.5192589321988867
67,2.2350000000000003,tracked,0,1,0.2758191028588416,0.7637385344777904,-0.4887323024633208,-0.08591126043775729,-0.15570390751348068,-0.02969351384778159,-0.2713857135343961,-1.50113709850302,0.5200804889207723
68,2.2683333333333335,tracked,0,1,0.3059306837691957,0.7374042659651183,-0.48794367839435526,-0.0849475798035246,-0.15572810521313946,-0.025447380431708005,-0.2689904492841367,-1.5016658812271073,0.5191881810603597
69,2.3016666666666667,tracked,0,1,0.22385007913043037,0.762810773716994,-0.48811381888092076,-0.08381943323256913,-0.15555919375866195,-0.02730848959130294,-0.2664026695585556,-1.503265996292094,0.5191141110900284
70,2.335,tracked,0,1,0.31659938873262633,0.726451942116638,-0.48826891418996876,-0.08438166361163116,-0.15503308722074793,-0.028792668879517234,-0.26709590365422875,-1.5038155274813538,0.5191936592942114
71,2.3683333333333336,tracked,0,1,0.2515608940185377,0.7944170949663496,-0.4885408494270963,-0.0849229761915411,-0.15451531996654566,-0.03174149765606355,-0.2644329464824228,-1.5048335171067013,0.5193833435416867
72,2.401666666666667,tracked,0,1,0.26434236622058477,0.7771626087917411,-0.4881910394517337,-0.08487343815692341,-0.1554258764403728,-0.03028540655303465,-0.26775494239425895,-1.5005670987843758,0.5193180090973154
73,2.435,tracked,1,1,0.2936302180739575,0.7745148905311613,-0.4882146426563986,-0.0872969531086708,-0.1501447604561253,-0.04934298174361256,-0.2741307269069434,-1.50262358701493,0.5181869782410589
74,2.468333333333334,tracked,0,1,0.2729435249211355,0.7778720379908307,-0.487597598129084,-0.0856519354371387,-0.15521049414416288,-0.03019343061910888,-0.26657713637671054,-1.501690686670352,0.518823639821717
75,2.501666666666667,tracked,1,1,0.1862316950085991,0.7920811900722982,-0.48924894896705345,-0.08660936286030019,-0.15142255740249594,-0.04682049879802175,-0.2771812555998733,-1.501102713642568,0.5194174686037675
76,2.535,tracked,0,1,0.21306763575058196,0.7883139095111719,-0.4866895061419978,-0.08481642923118352,-0.15550679850570803,-0.026089342144097232,-0.2654600138425108,-1.5007823504568782,0.5179216798298416
77,2.5683333333333334,tracked,0,1,0.32540762498566417,0.7506560929711332,-0.4871886665963234,-0.08463709306622505,-0.15623465340184123,-0.024857338353762092,-0.2671518576688246,-1.5042537313173787,0.5185802746983325
78,2.601666666666667,tracked,0,1,0.23980286429377523,0.7882318809996296,-0.4875245695737441,-0.08549284389764267,-0.1545731299914978,-0.028921034728936517,-0.2698108561442466,-1.5058386541967086,0.518538412088381
79,2.6350000000000007,tracked,0,1,0.24502870547816838,0.7436946447042075,-0.48755924554499674,-0.08660040147947132,-0.1569617785133421,-0.027890770684655716,-0.2744013214792713,-1.5016623594863607,0.5194715077527193
80,2.6683333333333334,tracked,0,1,0.27203545789682615,0.8025532838912185,-0.4875175138430047,-0.08490276483970019,-0.15444198082394778,-0.02845716736587265,-0.265652476226612,-1.5083726265371173,0.5183957283985993
81,2.7016666666666667,tracked,0,1,0.2452413369272614,0.8100974603212199,-0.4897833683770326,-0.08563597458266059,-0.15624913481070196,-0.03453836656875766,-0.27081186079320946,-1.5062440241678476,0.5211862049311811
82,2.7350000000000003,tracked,0,1,0.3166267126293768,0.7933426599871468,-0.48876657654267386,-0.0850459533580604,-0.15512129491444016,-0.028815257552179785,-0.2674499671108437,-1.50339313385658,0.5197963030493383
83,2.7683333333333335,tracked,0,1,0.26525634850650964,0.7725618119637077,-0.49012712476088227,-0.08618099835997822,-0.15579922747246838,-0.03234861122906855,-0.2690394355632884,-1.503983237665647,0.5214644400011471
84,2.8016666666666667,tracked,1,1,0.18811812694853344,0.7890003093238644,-0.49096838244144697,-0.08805389189215787,-0.15250747530739145,-0.04980677888470931,-0.27359653937238526,-1.5029551308684173,0.52159560049828
85,2.835,tracked,0,1,0.25896062955158566,0.7717470139562435,-0.4894410131104294,-0.0874309259815399,-0.15794491923345705,-0.028575282221849865,-0.27008462311563375,-1.5021726808852314,0.5216735278353851
86,2.8683333333333336,tracked,0,1,0.2880298919785655,0.7510362612305439,-0.49035021473975315,-0.08705088582466494,-0.15776621429880872,-0.028907669673521888,-0.2657848740342765,-1.5024793227073687,0.5224091961215447
87,2.901666666666667,tracked,1,1,0.21840024781711412,0.8182724225792766,-0.4921414073919075,-0.08869177378866663,-0.1565411676082722,-0.043584382956108725,-0.27805742527111266,-1.5071034098138332,0.5239985999634241
88,2.935,tracked,1,1,0.27715792405517675,0.7294722154737385,-0.4892838267371396,-0.08938206755116629,-0.1543252141739614,-0.04464452019195958,-0.28060296127789564,-1.4990941187258824,0.520772588406974
89,2.968333333333334,tracked,0,1,0.2978801234080718,0.7367117366358767,-0.48878966112952127,-0.08622219248155918,-0.15721877048282196,-0.02802272722127598,-0.2663719934670599,-1.5023380495525032,0.5206412787088338
90,3.001666666666667,tracked,1,1,0.24690021195480852,0.7125551948437189,-0.4872644877689713,-0.08797851950494853,-0.1518483539887196,-0.04187833296235999,-0.2815991710960327,-1.5014300374229381,0.5179042609827844
91,3.035,tracked,1,1,0.24892695959578776,0.7852252912783562,-0.4907433026721607,-0.08852343010218366,-0.15415075503722903,-0.04538820649877397,-0.2786697822589485,-1.5028335318155088,0.5219462061105378
92,3.0683333333333334,tracked,0,1,0.2922450649234796,0.7166202431792017,-0.48888507339514564,-0.08669735761356684,-0.1564636353686516,-0.022414251578266913,-0.2640988178780615,-1.5068996226982907,0.5205822855212479
93,3.101666666666667,tracked,0,1,0.2781226441449548,0.7356490805809023,-0.4893528240307765,-0.0864396243046413,-0.15755246259876093,-0.028915658260177113,-0.2732008577432478,-1.504136880185919,0.5213067940356788
94,3.1350000000000007,tracked,1,1,0.33096448696900094,0.7173003482527021,-0.4892431551198284,-0.08903769746769255,-0.15666630651752644,-0.038410393901150565,-0.2795183382120779,-1.5028426228060623,0.5213740576589867
95,3.1683333333333334,tracked,0,1,0.23336489262805654,0.8196838015462644,-0.4914006449844177,-0.08723987655675491,-0.15818753217853637,-0.03388208667528883,-0.27325650050240113,-1.5047560107311855,0.5235538991254626
96,3.2016666666666667,tracked,1,1,0.25428157659793266,0.7726246381446036,-0.49011222516236713,-0.08819817814888087,-0.1546642868427472,-0.04059273425772683,-0.27517291349190504,-1.5025956507717082,0.5214498571358172
97,3.2350000000000003,tracked,0,1,0.25078934754698595,0.7774510380767357,-0.4898683332012172,-0.08642836507047488,-0.15713513498123088,-0.026851451996311393,-0.26510195711244,-1.5062210981642001,0.5216630107719578
98,3.2683333333333335,tracked,0,1,0.29408348695761244,0.7576389412652956,-0.4892145120321116,-0.08588890672148083,-0.1563286324490567,-0.026243858710532437,-0.2649186491806345,-1.5085016365588233,0.5207171827432052
99,3.3016666666666667,tracked,0,1,0.3099248862471752,0.762435259517965,-0.49001588779156213,-0.08663480506815949,-0.15677686137203012,-0.029476752850977495,-0.2669945139744871,-1.5048886925938223,0.5217280364318325
100,3.3350000000000004,tracked,0,1,0.34934859994697853,0.7346192251250325,-0.4913876975505314,-0.08716763519723075,-0.15806396822460655,-0.03584573566662186,-0.27167919884350517,-1.4998203623669053,0.5234923915214045
101,3.3683333333333336,tracked,0,1,0.32851900910837084,0.7921557772489917,-0.49098794853493855,-0.08764783669492052,-0.15917226808833929,-0.03380831179151096,-0.27396114969893326,-1.5039131592967936,0.5235333034413695
102,3.401666666666667,tracked,0,1,0.2692755382589978,0.7930052246624864,-0.4909579286519058,-0.08748184768402875,-0.15799041353997956,-0.034878872871976545,-0.27074535119127585,-1.5046298928875834,0.5231192332068428
103,3.435,tracked,1,1,0.268880662226572,0.8226933104547909,-0.4915591642000434,-0.08773004223925102,-0.15556589864250198,-0.04217622188418795,-0.27523273885245586,-1.505065830045395,0.5229987772842258
104,3.468333333333334,tracked,0,1,0.26770966149405845,0.8069219123903533,-0.4912975540451858,-0.08785382925529742,-0.15913164309468775,-0.0316822280875387,-0.2732969277306064,-1.4986959420595014,0.5238458377801778
105,3.501666666666667,tracked,0,1,0.31003214064328216,0.7746098695219172,-0.49074839699959544,-0.08649109283323103,-0.1569268644652015,-0.03226463948186332,-0.2677095807841744,-1.5012165283664018,0.5224373063708591
106,3.535,tracked,0,1,0.3330395902330481,0.7462794173333755,-0.4912959264186081,-0.08676649340349171,-0.1570232831528222,-0.03493144724255573,-0.2671225799874103,-1.5007853057821519,0.523026216498894
107,3.5683333333333334,tracked,1,1,0.2752122509098951,0.8064727905760971,-0.4895066701109076,-0.08731270987491874,-0.15360208246759177,-0.04686321332171941,-0.27748396156218746,-1.5023584682690292,0.5204170338556873
108,3.601666666666667,tracked,0,1,0.3108136360579904,0.762733180698213,-0.4899310671635764,-0.08549301025172709,-0.15851132891209735,-0.027896521554343322,-0.2667992020411788,-1.5013100961873846,0.5219840483840688
109,3.6350000000000007,tracked,1,1,0.23238942085911418,0.8021561867271636,-0.48999451116969295,-0.0867150021766766,-0.1543178331922766,-0.04147614080678325,-0.2792721058571667,-1.504491931439849,0.5209876257840359
110,3.6683333333333334,tracked,0,1,0.16153847041678482,0.8142259505821425,-0.49000571745672206,-0.08683760176556005,-0.15822679216810281,-0.031149288913702732,-0.270398817102915,-1.5028203255761967,0.5221897068886737
111,3.701666666666667,tracked,0,1,0.13884291961080936,0.8197783866144057,-0.4890222666556223,-0.08611186173159502,-0.15629792197055764,-0.03125508678772766,-0.26939753312789444,-1.500410936832926,0.5205641847344076
112,3.7350000000000003,tracked,0,1,0.18180956880488858,0.8028099366946768,-0.4875670376136585,-0.0860075756112541,-0.15572631231955247,-0.029307873110170992,-0.2687248593286755,-1.5043245558852723,0.5190082885451166
113,3.7683333333333335,tracked,0,1,0.11762283502203628,0.8223545776149952,-0.4876533224706926,-0.08639642813144771,-0.1559695350595785,-0.029262881062384883,-0.27146865988133656,-1.5009369736010407,0.5192269268607694
114,3.8016666666666667,tracked,1,1,0.17203403325155137,0.8322326025414863,-0.4876795390371147,-0.08571677153679078,-0.1534258874036697,-0.03987446791737242,-0.2812347275396613,-1.5047241935474363,0.51838036290329
115,3.8350000000000004,tracked,0,1,0.19243460005494775,0.8351758089010755,-0.4885145674839446,-0.08587949248638219,-0.15598849395544162,-0.028401048621795356,-0.27041244022971084,-1.5042027621929825,0.5199559405567273
116,3.8683333333333336,tracked,0,1,0.13802009873830798,0.8328791025942119,-0.48935431784355654,-0.08648300128905109,-0.15828528435166273,-0.02610272370475916,-0.2733397878765463,-1.5044452871565943,0.5215373324570172
117,3.901666666666667,tracked,1,1,0.18948615963107543,0.8016072545719133,-0.49246846172384867,-0.08646930403587719,-0.15290521480982877,-0.04702920156003187,-0.2762920347966652,-1.5071017690931217,0.5228595710600913
118,3.935,tracked,0,1,0.218288018098598,0.7970081606806831,-0.49059574406719175,-0.08639331435980968,-0.15830303531549522,-0.02598291967324442,-0.2727192497561309,-1.505091611458166,0.5226928733520415
119,3.968333333333334,tracked,1,1,0.21930792707725585,0.7543023156065313,-0.4900800595004612,-0.08706424929084702,-0.15442128507627423,-0.04415602332137889,-0.284793577641952,-1.5041035359289572,0.5211569643678978
120,4.001666666666667,tracked,1,1,0.1440172359173912,0.7698183861509861,-0.4918909752381564,-0.0879388090184918,-0.15568922480589276,-0.04602121135263532,-0.2851654539763148,-1.5027474774325416,0.5233823653630252
121,4.035,tracked,0,1,0.23041371824555812,0.7624629293218025,-0.49002417474878357,-0.08655479903509886,-0.15772018618789813,-0.03016910288921608,-0.2753228010172003,-1.5016473133706907,0.5220067836775476
122,4.068333333333333,tracked,0,1,0.26146139274538555,0.7252355875722964,-0.48934364850427925,-0.08712750339315381,-0.1574791730383719,-0.029984061712095125,-0.2762168410621487,-1.500240198449779,0.521390542798633
123,4.101666666666667,tracked,0,1,0.13128563550299144,0.843985223400172,-0.49003217149402173,-0.08764303574186408,-0.15839637393444728,-0.032332653618300546,-0.27660006266833526,-1.502502506536811,0.5224004614170792
124,4.135000000000001,tracked,0,1,0.19505721257601744,0.8237597039690829,-0.48963176628331095,-0.08668806739935134,-0.15739139136387548,-0.03146901891652181,-0.2724223181798025,-1.5035848305102755,0.5215612501505513
125,4.168333333333334,tracked,0,1,0.18130973259767277,0.7935129845167284,-0.48989820019054553,-0.08604536030079032,-0.1578156579382507,-0.02662062452136132,-0.27110873180532297,-1.5074075055736742,0.5218331461968582
126,4.201666666666667,tracked,1,1,0.20900824327020331,0.8108709700266007,-0.48899511632180537,-0.0853993949854375,-0.15468575015212355,-0.03753303252061484,-0.2787799559947706,-1.5075258514696814,0.5199393827655104
127,4.235,tracked,1,1,0.1429546807272394,0.7828606002776938,-0.4900603890133444,-0.08524529609798784,-0.15544802365239613,-0.043609400746899216,-0.277869705951279,-1.5044494719581327,0.5211430067113824
128,4.2683333333333335,tracked,1,1,0.14128330585973037,0.8394564944675864,-0.4895583892427041,-0.08572023807031232,-0.15432208268169634,-0.038147139872544485,-0.277869345121608,-1.5065362351161324,0.5204139514808941
129,4.301666666666667,tracked,1,1,0.1658844214600367,0.8043925377685914,-0.4887364556562014,-0.08554356287230733,-0.15732724618435562,-0.03414549928029504,-0.28136019086286024,-1.5062865499405633,0.5205121387904679
130,4.335,tracked,0,1,0.2031827777948221,0.8124163153162292,-0.48990392425797535,-0.08601146434803822,-0.1567764909585922,-0.03685946172357561,-0.274215304219778,-1.5043510978536725,0.5215196018559105
131,4.368333333333333,tracked,1,1,0.21493783865080898,0.7822496682917849,-0.4885425698045933,-0.08711182870127909,-0.15222291411641886,-0.04773660300803907,-0.286799748996125,-1.5019224701738674,0.5190704468499932
132,4.401666666666667,tracked,1,1,0.29330886987616556,0.7673432016401253,-0.48879443434813447,-0.08546108492219001,-0.1533481354272661,-0.04074618679686458,-0.28016296293778364,-1.5052606667647195,0.5193642717061019
133,4.4350000000000005,tracked,1,1,0.24096646794927548,0.7911569920870168,-0.4873080119220844,-0.08459015433044215,-0.15234432295632017,-0.03516637361794662,-0.27535382619040416,-1.505246910239253,0.5175262171427859
134,4.468333333333334,tracked,1,1,0.21063192812760909,0.8126983168508574,-0.48873348436662467,-0.08471655620678115,-0.1542571136965959,-0.04044601073088941,-0.2812035477441954,-1.5059542473038101,0.5194541084279563
135,4.501666666666667,tracked,0,1,0.25654667550815624,0.8008045195087925,-0.49066655827640404,-0.08599510169828875,-0.1572583294076425,-0.03170607896375934,-0.2696568605599357,-1.5033664838075402,0.5223782260919702
136,4.535,tracked,1,1,0.23958267853411866,0.8335541590739957,-0.49010000787484387,-0.08622943676501013,-0.15523117279669385,-0.04516540974741193,-0.28480073201503064,-1.5070668913076921,0.521277517730786
137,4.568333333333333,tracked,1,1,0.18687954484076677,0.8030702189936625,-0.4889352532444912,-0.08671546502090383,-0.15518220031291718,-0.04038970273406139,-0.2797189013318198,-1.5046657748685062,0.5202487568779042
138,4.601666666666667,tracked,1,1,0.20990101371677145,0.8190351438592391,-0.49216092034265035,-0.08532269293230826,-0.15609077172746827,-0.045626224373604564,-0.2800659385565297,-1.5073314294373379,0.5233227134954322
139,4.635000000000001,tracked,1,1,0.1766230121686928,0.8235774355935838,-0.4878152559720188,-0.08656100262125857,-0.15379394056987816,-0.04197902021151892,-0.28535892566711013,-1.502676793871053,0.5187572720356362
140,4.668333333333334,tracked,1,1,0.22606652292922674,0.782371681191133,-0.4883930699812502,-0.08584123469516639,-0.1555897432061476,-0.03734888753377648,-0.2801753073766568,-1.5048810474629226,0.5197159575870804
141,4.701666666666667,tracked,1,1,0.21367355428298626,0.8005586009508018,-0.4882895621434235,-0.08632748766256626,-0.15523553880294683,-0.03781993269118168,-0.28242907309264637,-1.5043995285913812,0.5195933064732339
142,4.735,tracked,1,1,0.2323413354742574,0.8072760055979986,-0.4891891606497018,-0.08453350253738354,-0.1541027409165457,-0.039988953869442755,-0.27660759308188154,-1.5080813790176937,0.5198072745800982
143,4.7683333333333335,tracked,1,1,0.269990310175791,0.7974626893115566,-0.48808497937285655,-0.08571601054783287,-0.15438344862335462,-0.03725766114643917,-0.2773328973542509,-1.5077409242712991,0.5190456923648226
144,4.801666666666667,tracked,1,1,0.3284937982342505,0.786698197489481,-0.4876831273913128,-0.08528991334004055,-0.15226697473199463,-0.03909729722478198,-0.27551992684915405,-1.5077959779218382,0.5179714602695373
145,4.835,tracked,1,1,0.20421172972674415,0.8145172778741782,-0.48775774987265497,-0.08646715154028284,-0.1524127157452423,-0.04303507637277174,-0.2808292033419556,-1.5047433399141972,0.5182796800735735
146,4.868333333333334,tracked,1,1,0.22333354469745917,0.8168284909286627,-0.4895098434491234,-0.08585396966471318,-0.1533101986720305,-0.04458765684343885,-0.2814335317626631,-1.507627953040184,0.5200911535083367
147,4.901666666666667,tracked,1,1,0.2421134214780179,0.7953126596040749,-0.4879734192632213,-0.08521876450399132,-0.15418693592843757,-0.040870306992685845,-0.28364254593490756,-1.508406882675273,0.518800450021033
148,4.9350000000000005,tracked,1,1,0.15080632289898038,0.822617801230004,-0.4865693537699158,-0.08766709639901787,-0.14960057709859953,-0.052817428490344424,-0.29436703163185673,-1.5028156045031833,0.5165419523014003
149,4.968333333333334,tracked,1,1,0.23858397932309147,0.7894322872615396,-0.48824946531288343,-0.0873097494860878,-0.15416360204649043,-0.04456629665237288,-0.28968074816214134,-1.501250247049365,0.5194005669322942
150,5.001666666666667,tracked,1,1,0.23935620745147607,0.7950590646771454,-0.4885628777736916,-0.08688782397676839,-0.1547123582179592,-0.044854347119414134,-0.28782709130627243,-1.5054559421091482,0.5197875462910699
151,5.035,tracked,1,1,0.207581026073595,0.8103089414248298,-0.4908651560882789,-0.0856829827632706,-0.15371958760224635,-0.04707350444125491,-0.2816236807637964,-1.5082050892150236,0.5214593815527592
152,5.068333333333333,tracked,1,1,0.2709678252192456,0.7873172377063891,-0.48986199483047993,-0.0860481870334541,-0.15305091333662535,-0.04623560277466081,-0.2791505685764135,-1.5051863337854714,0.5203783686359538
153,5.101666666666667,tracked,1,1,0.19664611859652825,0.8037184586301951,-0.4889677423072313,-0.08679623159207603,-0.15372582658739814,-0.0453247801295228,-0.2846726470485041,-1.5040110965601339,0.5198602394832625
154,5.135000000000001,tracked,1,1,0.3149100034958914,0.8026562017446015,-0.4886935359659028,-0.08568819591465265,-0.15283939667493562,-0.04369514299289419,-0.28115389755078435,-1.5055867297156977,0.5191567395208535
155,5.168333333333334,tracked,1,1,0.2628645819899086,0.8289245281504997,-0.4907129466409683,-0.0861302528808277,-0.1540884710626223,-0.047136008735898516,-0.2808298411778584,-1.5071770189195737,0.5214986801294839
156,5.201666666666667,tracked,1,1,0.2264176718201301,0.8317625043523842,-0.4881582807198862,-0.0853891802471956,-0.15811513536040844,-0.035779155945529405,-0.28507638897617404,-1.505073755904737,0.5201828670465066
157,5.235,tracked,1,1,0.1618776543343112,0.8046219153170036,-0.4898723488552835,-0.08741078572149369,-0.1567207460673215,-0.04479566620446766,-0.29037659047337344,-1.5025760070037055,0.52170581353991
158,5.2683333333333335,tracked,1,1,0.2339520497941493,0.8101151635454452,-0.4889391093460816,-0.08689383011801444,-0.15543566711212975,-0.04431251800238915,-0.2898041656352349,-1.5042258380751334,0.5203577970697765
159,5.301666666666667,tracked,1,1,0.2544291491263734,0.8288379177390052,-0.488634263879795,-0.08695110075005483,-0.15324752201381087,-0.04722477327233007,-0.2885483692668567,-1.5023912376691848,0.519431170380031
160,5.335,tracked,1,1,0.23225731173008007,0.8137585663140938,-0.4886891095289487,-0.08719198666027206,-0.15204774743704025,-0.04825453343619063,-0.2868165192119394,-1.5011395996533299,0.5191704978238265
161,5.368333333333334,tracked,1,1,0.2512879358992437,0.8066911607245122,-0.4883555470791987,-0.08681412190094898,-0.15210872040757095,-0.04568912975715617,-0.28708566575115596,-1.5019744292896953,0.5188110397326612
162,5.401666666666667,tracked,1,1,0.20998791599787933,0.8065216475599429,-0.48746541806251475,-0.08689527511036171,-0.1517394770684295,-0.04631190981992635,-0.28948310312940007,-1.5016340001451693,0.5178785490289863
163,5.436666666666668,tracked,1,1,0.2638041201508576,0.7933779318278358,-0.486592634697679,-0.08783268575087805,-0.1512465331776799,-0.04727187039951137,-0.29612518378110836,-1.4988649859654237,0.5170710653541817
164,5.470000000000001,tracked,1,1,0.21001298954430658,0.8046887466503874,-0.48729594735628967,-0.08753273811796392,-0.15108517260358012,-0.049400119249779696,-0.29550530498094246,-1.498536209247393,0.5176350547759933
165,5.503333333333334,tracked,1,1,0.34555286757686204,0.7920266639415698,-0.48835104202681223,-0.08829407870364384,-0.1512586433551898,-0.050934632354352444,-0.2930408290660226,-1.5002746901318003,0.5188080201504706
166,5.536666666666667,tracked,0,1,0.21761242073551626,0.8158927099748762,-0.4919628651686766,-0.08731109395130135,-0.15697391829246599,-0.035278390650413695,-0.26921648652924396,-1.503314623748865,0.5237284590854656
167,5.57,tracked,1,1,0.231352896355197,0.7993886584293988,-0.4885121368486117,-0.08601121566083422,-0.15132771730775463,-0.0473524620285152,-0.2839076583092161,-1.5068376445357328,0.5185962929807992
168,5.6033333333333335,tracked,1,1,0.24004769577732601,0.798882472548125,-0.4861652544803076,-0.08680056254517171,-0.1516364464564992,-0.0394185120735056,-0.28669939031821645,-1.504149066341856,0.516608753522446
169,5.636666666666667,tracked,1,1,0.2046439208296184,0.8111463096077001,-0.48641022419934477,-0.08751897000625847,-0.15207645479313997,-0.04214239411562623,-0.2903048512770993,-1.5020319523879253,0.517089667677728
170,5.67,tracked,1,1,0.1860671894809654,0.7829201863973521,-0.48697016690133965,-0.08789734315900388,-0.1521369735644374,-0.04329476949606843,-0.2901479556702986,-1.5005520910653054,0.517698314766116
171,5.703333333333334,tracked,1,1,0.26189430689341664,0.7571619840180187,-0.4883015252028201,-0.08833867797001554,-0.15519160322942022,-0.04581060685283068,-0.2925620150618278,-1.5020256088359851,0.519929356022343
172,5.736666666666667,tracked,1,1,0.28589228951224943,0.8191737638842401,-0.4876711296665166,-0.08732958932808474,-0.15357880298468757,-0.045175603126648374,-0.2936783941285405,-1.5011024451000188,0.5186868386691895
173,5.770000000000001,tracked,1,1,0.2792692477797244,0.8231793587288304,-0.4876841688085489,-0.08673736566301363,-0.15617778597983206,-0.039951029030803116,-0.292536237218762,-1.5039558977967322,0.5193753170321119
174,5.803333333333334,tracked,1,1,0.29895847803765446,0.825715734992575,-0.4871999297110391,-0.0872562404933179,-0.1543560427989642,-0.04404843660260617,-0.29202287900859475,-1.5033892792613475,0.5184623525040414
175,5.836666666666667,tracked,1,1,0.29870604891054947,0.7850618709093424,-0.48552836458126725,-0.08649140841927325,-0.1546166693490334,-0.041788733660117164,-0.2955253559001111,-1.5017262116679813,0.5168412435012301
176,5.87,tracked,1,1,0.20294747072604485,0.8299296714786673,-0.48700277996953045,-0.08721516686069819,-0.15466586362541612,-0.03983974442436048,-0.28967385839094717,-1.5021648053397216,0.5183625395411846
177,5.903333333333333,tracked,1,1,0.22754631734351605,0.8358757362736632,-0.4867765281149259,-0.08756591564108343,-0.15237580155774955,-0.04750601261276662,-0.2921361631235433,-1.5027140753867305,0.5175302530345924
178,5.936666666666668,tracked,1,1,0.19538365268976107,0.8179145330005378,-0.4872693830987674,-0.08940877845681647,-0.15117073813626314,-0.05196280583672003,-0.29372478218347803,-1.4980870330197855,0.5179555709124636
179,5.970000000000001,tracked,1,1,0.14397967499314795,0.8203370711853304,-0.4869729331083776,-0.08792326583609383,-0.15577957069473314,-0.04321248757945151,-0.29224579089208624,-1.5013650124701443,0.5187874448184884
180,6.003333333333334,tracked,1,1,0.13321064597297558,0.8292250413437384,-0.4873248323152878,-0.08728094567698808,-0.1580858495267819,-0.03798016411190226,-0.2901637376960721,-1.5032947007047155,0.5197062550037252
181,6.036666666666667,tracked,1,1,0.19211738288776503,0.7799541796736642,-0.48767433444963576,-0.08749134296046779,-0.1535914256581402,-0.048529675416870206,-0.2864920592182649,-1.5017014050519812,0.5187208474792789
182,6.07,tracked,1,1,0.2476633663331117,0.7788004887993102,-0.48509918047817385,-0.08698384511671989,-0.15292107441124891,-0.04016116560926283,-0.28942462672988467,-1.4977810414377322,0.5160157548088781
183,6.1033333333333335,tracked,1,1,0.24594508494185982,0.8224454036611233,-0.48513434285473356,-0.08766603457540575,-0.15555395968884322,-0.03913086718559418,-0.29496513552847525,-1.4990289966632295,0.5169503831221607
184,6.136666666666667,tracked,1,1,0.2123018808635312,0.7853418696384433,-0.4852585008960899,-0.08691904218267288,-0.15426852053751422,-0.041902751149851196,-0.2921762388018299,-1.4983841036014622,0.5165554268563125
185,6.170000000000001,tracked,0,1,0.21820102307639047,0.8020842597851385,-0.48994361210229287,-0.08714029611854335,-0.1556206781845762,-0.037774336883301916,-0.27228910406689355,-1.5079077956135845,0.5213980914101018
186,6.203333333333334,tracked,1,1,0.17584853207921236,0.7992314214117309,-0.48780700594567694,-0.08510298980890396,-0.15924765613980063,-0.03363009621062173,-0.2878051118932413,-1.5063431719292375,0.5201519104166785
187,6.236666666666667,tracked,1,1,0.18946631360658595,0.7973875558609556,-0.4882160627231261,-0.08420060597929399,-0.15771682800337394,-0.03312435801522216,-0.28234769380033503,-1.508405849076922,0.5199223632270472
188,6.270000000000001,tracked,1,1,0.17953963174488122,0.8189907044918876,-0.4893245471618181,-0.08405207822803307,-0.1568111494485938,-0.034741186282292,-0.27718135923745324,-1.5100628759177854,0.5206659206256532
189,6.303333333333334,tracked,1,1,0.16509624107175883,0.816613395393378,-0.48939063745211764,-0.08432635750321718,-0.15929221109568076,-0.03481969299517914,-0.28451406732910817,-1.508767187383296,0.5215248211842859
190,6.336666666666667,tracked,0,1,0.20665102022307247,0.8152593444692102,-0.4919125472027297,-0.0870429336346307,-0.1575442638102913,-0.03991219167899421,-0.27626487495179286,-1.5033817797646696,0.5238078096503785
191,6.37,tracked,1,1,0.2508680617026876,0.8269665045604847,-0.48774453484992375,-0.08548892645377001,-0.1563314355609577,-0.036613969801433624,-0.2869108456804991,-1.5002911079837171,0.5192712254368967
192,6.403333333333333,tracked,1,1,0.18866529445314148,0.8213656823422026,-0.48960486373460277,-0.0846238149829028,-0.1567122420447603,-0.04064427401563993,-0.28559846788607635,-1.5065704064989822,0.5209921683303264
193,6.436666666666668,tracked,1,1,0.25102249682483957,0.7908841412821688,-0.48994176522071603,-0.08546218237940098,-0.1557945556553756,-0.040467487774431106,-0.2838033347414057,-1.5062577426034849,0.5211704725869427
194,6.470000000000001,tracked,1,1,0.26423338947556696,0.8006258558721003,-0.4902699974291972,-0.08432491735773864,-0.15791633802229826,-0.03655403691346765,-0.2836354997986189,-1.5082937827435818,0.5219319226498674
195,6.503333333333334,tracked,1,1,0.29278025831117177,0.782089654050685,-0.4874804180920881,-0.08708960326671475,-0.15632527426024573,-0.03723437247420565,-0.2888573284912805,-1.501619791462022,0.5192873466520552
196,6.536666666666667,tracked,1,1,0.20446570441994438,0.8131892934441197,-0.48775140317445087,-0.08781006593351676,-0.15669331727837377,-0.03913473632993329,-0.29209684854106865,-1.5025216669532988,0.5197738302931337
197,6.57,tracked,0,1,0.2261644884411981,0.8044447579209518,-0.49171296366103334,-0.08649879126499263,-0.15835427163062343,-0.03529993991388248,-0.27346388514696,-1.5047777675657121,0.5237745267443681
198,6.6033333333333335,tracked,0,1,0.2005837796826048,0.7893059569321356,-0.4936528163335403,-0.08720994835814852,-0.1587199070735243,-0.03929568598065618,-0.2725063935748325,-1.5039758491774484,0.5258238175169466
199,6.636666666666667,tracked,0,1,0.22527606945533923,0.7625760209982508,-0.49367999488121744,-0.08814384719403723,-0.15859336088615317,-0.04172163704467424,-0.27420263965286656,-1.50132299046089,0.5259668518654481
200,6.670000000000001,tracked,1,1,0.24611923067397468,0.8020998684841764,-0.48564141493170054,-0.08827620433034047,-0.16096260794726558,-0.032933490515019856,-0.30004134411060474,-1.5012729752660805,0.5191813106276277
201,6.703333333333334,tracked,1,1,0.3003596216942265,0.8005749888153099,-0.4873659773254342,-0.08876088797868598,-0.15748300080744798,-0.042249137131785595,-0.30016780568241913,-1.5004876972981023,0.5198124533256769
202,6.736666666666667,tracked,1,1,0.25949947651212385,0.7821542526341796,-0.4886566514130885,-0.08958321337493658,-0.15886310178405094,-0.04098421005654696,-0.29802292562693666,-1.500740796005768,0.5215821701297715
203,6.770000000000001,tracked,1,1,0.20943282395589732,0.8017944803727433,-0.48960546141790307,-0.08807898028479791,-0.15985650990758982,-0.03884670902606034,-0.2930428120460853,-1.5027656566517011,0.5225184383139824
204,6.803333333333334,tracked,1,1,0.18376966573201314,0.8145721537483198,-0.48894521766054877,-0.08885928538812882,-0.15921397808739818,-0.03824064808928795,-0.2958367678788452,-1.4994740483593665,0.5218356918525455
205,6.836666666666667,tracked,1,1,0.17656892514995687,0.8108713281802045,-0.4900772032850994,-0.08712018055668022,-0.16068234332551184,-0.03400645238855195,-0.2862217875048176,-1.5047854330966528,0.5230529671998342
206,6.87,tracked,1,1,0.11899276115145353,0.8214031130685105,-0.48988894663273386,-0.08698890384745461,-0.16107157031744063,-0.032918282856525066,-0.28707993241363444,-1.5073197802489198,0.522974473746126
207,6.903333333333334,tracked,1,1,0.22950802073236581,0.802878417501941,-0.4885398667058465,-0.08622642682032952,-0.16088557420419375,-0.028592686292253762,-0.2875392043687034,-1.5019959969208252,0.5215269561874832
208,6.936666666666668,tracked,1,1,0.21667344466952393,0.7923646896691283,-0.4888743165411502,-0.0870811273864738,-0.16124563608660109,-0.031853107652115305,-0.2884746735619905,-1.5032035161747894,0.5220932630071458
209,6.970000000000001,tracked,1,1,0.17673792216511494,0.8113589699598359,-0.4876295549794485,-0.0890478285548982,-0.15946414934237407,-0.037066527438428955,-0.29655293706499597,-1.50021427345237,0.5207119295592184
210,7.003333333333334,tracked,1,1,0.22840691494391807,0.7920043967011599,-0.4890237727349442,-0.08831796104952827,-0.15946441691611896,-0.039294326292201635,-0.29327836448886496,-1.5013449982015514,0.5218938712097145
211,7.036666666666667,tracked,1,1,0.24106350982542715,0.8120659799461275,-0.4870668851116895,-0.08782951107526096,-0.1589909197256667,-0.033387838786871196,-0.29270898896105846,-1.5029648755895262,0.5198329406100931
212,7.07,tracked,0,1,0.262031384695008,0.8155798522482154,-0.49357231342754715,-0.08763136494429188,-0.15800144701816,-0.043004264064180064,-0.2732651730184351,-1.5047742271106932,0.5256018854266534
213,7.1033333333333335,tracked,1,1,0.21502888442601367,0.7946939501285312,-0.4873573972887828,-0.08699343409633489,-0.15959369312103505,-0.03408840997363855,-0.2914526556088487,-1.5043038163667712,0.5201492450748928
214,7.136666666666667,tracked,1,1,0.29602314587687456,0.8071908627708066,-0.48855448552729114,-0.08743165974874106,-0.15988092613125715,-0.03401289159297181,-0.2940048022494032,-1.5026666515142817,0.5214323455596558
215,7.170000000000001,tracked,1,1,0.2521649191782221,0.8082282443286628,-0.48812143155917614,-0.08535635416047432,-0.16026763672355177,-0.03126960413429036,-0.2862862839377896,-1.5075192222700358,0.5208012620221846
216,7.203333333333334,tracked,1,1,0.2202160612062747,0.823538455862382,-0.4888886681729754,-0.0852597698664814,-0.15917911864660128,-0.032584158542485225,-0.28342272194802226,-1.505636464962736,0.5211711331594832
217,7.236666666666667,tracked,1,1,0.21053734466812754,0.7966810433775988,-0.48867682897744724,-0.08657299733077253,-0.16320989133220426,-0.030386886243759844,-0.287896499861105,-1.5044586663564055,0.5224341065387644
218,7.270000000000001,tracked,1,1,0.219789601485607,0.828852201156035,-0.487744726169367,-0.08565755716723597,-0.1619609049334978,-0.029069600098655363,-0.28694773421867675,-1.504592943179257,0.5210215635967158
219,7.303333333333334,tracked,1,1,0.17578889254989513,0.8196556603193786,-0.4877231577851323,-0.08690605477535221,-0.16112614026355954,-0.031800891073682586,-0.2913289985224308,-1.5040883185938831,0.5209493008659767
220,7.336666666666667,tracked,1,1,0.22945141972550478,0.8190033037380989,-0.48768821299113324,-0.08682874718207279,-0.16215097477352008,-0.02828148676923161,-0.2903141912133606,-1.5054774457050308,0.5212216064666698
221,7.37,tracked,0,1,0.1921107848282444,0.804762304345462,-0.49453517151952087,-0.08920108095853022,-0.15961860607855227,-0.04197113422762221,-0.2738957101266662,-1.507106579666619,0.5272570228270765
222,7.403333333333334,tracked,1,1,0.23045731904911315,0.7848087240541674,-0.48706625030084183,-0.08702462605374287,-0.1618787180337129,-0.027779909228345504,-0.2928610205282034,-1.507509303825814,0.5205876843281585
223,7.436666666666668,tracked,0,1,0.2107149597419278,0.7820717866215217,-0.4939775443374324,-0.0884140398770947,-0.15856424754926396,-0.043604011134669815,-0.27443619899018173,-1.507061154402549,0.5262826971864957
224,7.470000000000001,tracked,1,1,0.16853719947776052,0.8094843588932974,-0.4875740947157802,-0.08629881811109827,-0.15891683632445264,-0.03591206872653695,-0.29036610674867874,-1.5068931560489391,0.5200293690866488
225,7.503333333333334,tracked,1,1,0.2241612850349558,0.7862970581470953,-0.4871834023015763,-0.08549576877830883,-0.16365798904310508,-0.02462920856047912,-0.2874039403883418,-1.5102640538616003,0.5210001260410276
226,7.536666666666667,tracked,0,1,0.2238484963960899,0.784310113753192,-0.493906273279659,-0.08812644118485147,-0.15840301085326958,-0.049493382822252775,-0.28004385734561754,-1.5050431551361805,0.5261189886976988
227,7.57,tracked,1,1,0.209802224241097,0.7949584722375422,-0.48751175972589045,-0.08521334424863447,-0.16085053302878666,-0.032701234781692824,-0.29087900767060215,-1.5073740030342913,0.5203863217694288
228,7.6033333333333335,tracked,0,1,0.1684366455136308,0.8010457586235928,-0.494033291333978,-0.08839513908794533,-0.1596625692203184,-0.048345885194609965,-0.2809190655723736,-1.5062739226142945,0.526663772791231
229,7.636666666666667,tracked,1,1,0.20030476651409207,0.8116848511043708,-0.48842987881434163,-0.0854823093126161,-0.1630735866738589,-0.03042339625003335,-0.29037222311074423,-1.5071722667940457,0.521980810370158
230,7.670000000000001,tracked,0,1,0.18632139018433064,0.8150384573965217,-0.494011650687339,-0.08822468354134372,-0.15884192235888134,-0.049136376477362784,-0.2800573187310097,-1.5043899289864988,0.5263666612727905
231,7.703333333333334,tracked,0,1,0.20175567458518978,0.7883558585791826,-0.49472403413003385,-0.08842250774406732,-0.15881031083933528,-0.054520257071750004,-0.2795056666542365,-1.505755275630438,0.5270589384978978
232,7.736666666666667,tracked,0,1,0.14460808003716072,0.8180402700421526,-0.4945565452228745,-0.08843197932403629,-0.15987595204397836,-0.05060394917536247,-0.28142442971237863,-1.5035359789464382,0.5272254844294995
233,7.770000000000001,tracked,0,1,0.14326384571891335,0.8251272296204951,-0.49473886755419344,-0.08895090890985641,-0.15898064623965857,-0.05193215534956028,-0.2818576566746093,-1.5039598910916632,0.5272131041082674
234,7.803333333333334,tracked,0,1,0.15233238054325857,0.8341393978232363,-0.49410840122988303,-0.08845173369865048,-0.1586408401193109,-0.04898990853278559,-0.28108831180495647,-1.5055998588627262,0.5264349318899809
235,7.836666666666667,tracked,1,1,0.1797708794861195,0.8344215967749653,-0.48682739919636964,-0.08560024775029218,-0.16336135638490168,-0.025981477873602117,-0.2960720389370678,-1.5075314347500641,0.5205912521192876
236,7.87,tracked,0,1,0.21182357114652697,0.8316408984006868,-0.49325684937338876,-0.08823445216198891,-0.15678561747762942,-0.04903591302096838,-0.27991731823919497,-1.5057407211887543,0.5250422533948385
237,7.903333333333334,tracked,0,1,0.2057489642158409,0.8160974715153838,-0.493389879588764,-0.08793440863999291,-0.15752623887066625,-0.049428447305411294,-0.2798942067431734,-1.505861929901039,0.5253385093786849
238,7.936666666666668,tracked,1,1,0.18881015781741536,0.8249209661970741,-0.4859817722105979,-0.0851814868240468,-0.16162562744433223,-0.027715323191815126,-0.2924876505940496,-1.5065245290004368,0.519188801945191
239,7.970000000000001,tracked,1,1,0.1660704042622409,0.8212354288988846,-0.48586006736943077,-0.08439446287971625,-0.16000413535289282,-0.02938615605682956,-0.28870440735155484,-1.5077047276950744,0.5184435878270753
240,8.003333333333334,tracked,1,1,0.20329848923969923,0.8219283192788984,-0.48486703682622323,-0.0854482963250934,-0.1604292661206878,-0.027568894070304217,-0.29288254627292243,-1.506081488243314,0.5178175394610784
241,8.036666666666667,tracked,0,1,0.21452160875625267,0.8455534721534448,-0.49029579641753873,-0.08746618709860482,-0.1554301762368619,-0.0454952633081238,-0.27829635832873234,-1.5065450214641476,0.5217267882285695
242,8.07,tracked,1,1,0.15383261213001312,0.8015121898434188,-0.48532432535083814,-0.08573883028251433,-0.1640596208035794,-0.026674211372103754,-0.2970617622733608,-1.5055086122600854,0.5194289238901452
243,8.103333333333333,tracked,1,1,0.17194532252740774,0.8152871166932569,-0.4872540225257852,-0.08388123576601603,-0.16049843971432853,-0.02844419373841002,-0.2855173676357558,-1.5082991316171632,0.5198194814855694
244,8.136666666666667,tracked,0,1,0.22174792926636924,0.7940476722698396,-0.49272066452487545,-0.08839329227314249,-0.15758418093371251,-0.04540472850579532,-0.27693307049016236,-1.5052707527385984,0.5248045364221513
245,8.17,tracked,0,1,0.20285307037056982,0.7981168829312311,-0.4909633611022128,-0.0878716713228607,-0.16006423456970043,-0.039197942590058696,-0.2811276748839072,-1.5020250156006887,0.5238196366634595
246,8.203333333333333,tracked,1,1,0.22025264308148365,0.8050850220520781,-0.48470814295442843,-0.08610859891981965,-0.1622361991874406,-0.025499660276768248,-0.29629394668233616,-1.5028338833768453,0.518340871416727
247,8.236666666666666,tracked,1,1,0.15284745098996036,0.8401368552982663,-0.4866299479077999,-0.08572587645887025,-0.1610193238359553,-0.032512015473069436,-0.2923510001826223,-1.5045534439672392,0.5196968873718388
248,8.270000000000001,tracked,0,1,0.21834553441121907,0.812480979011345,-0.4916226781978231,-0.0882272327834338,-0.15803722598558256,-0.04418039738718078,-0.27892407903227845,-1.5020746661477518,0.5238823027362546
249,8.303333333333335,tracked,0,1,0.2178777799626782,0.8117890509065547,-0.49230908476990365,-0.08875395046401643,-0.15817066125349277,-0.046689905937576985,-0.280777643527889,-1.5027267170121277,0.5246555601071206
250,8.336666666666668,tracked,1,1,0.20722488546315046,0.8308001376747916,-0.48484013397929315,-0.08585146690296852,-0.16311286170728306,-0.024023358827987663,-0.29623182118574387,-1.5037769232838465,0.5186966700691164
251,8.370000000000001,tracked,1,1,0.292873868762163,0.8130007900206395,-0.48650780569486685,-0.08494862783378518,-0.16461296993622515,-0.02730245311421839,-0.2958186798021823,-1.5072683042756365,0.5205800075340022
252,8.403333333333334,tracked,1,1,0.24123019358996686,0.8157381419186022,-0.4844718590306667,-0.08638427703232554,-0.1639821246882449,-0.023181285834316275,-0.2991174881007268,-1.50248315767681,0.5187151074802997
253,8.436666666666667,tracked,1,1,0.24562837312169333,0.836296777900996,-0.48662187970738535,-0.08484109508245968,-0.16321698795451173,-0.024391544372421997,-0.2910665733113473,-1.5056341583387634,0.5202294209112776
254,8.47,tracked,1,1,0.2972434555194952,0.8337333348157816,-0.48542930859379496,-0.0855654646549501,-0.16318122052675538,-0.022107765674923827,-0.2934096863843182,-1.5055174126563025,0.5192216993886801
255,8.503333333333334,tracked,1,1,0.2870018372104084,0.8432317471612838,-0.48498005513658554,-0.08528047129057312,-0.16201999746582163,-0.02202919108699018,-0.2904784087257242,-1.5030496163713816,0.5183906753044972
256,8.536666666666667,tracked,1,1,0.3665826015432746,0.8311892781149365,-0.48567768479822193,-0.08512837130059636,-0.16166663593340758,-0.023888523743209836,-0.2893735501868755,-1.5073913534234546,0.518908233009728
257,8.57,tracked,1,1,0.25917035002066163,0.8344997044922193,-0.48663697897484365,-0.08384276362458326,-0.16238823436224364,-0.022540872217639688,-0.28524593564580086,-1.5087745733814775,0.5198221782275716
258,8.603333333333333,tracked,1,1,0.18986826266610282,0.8334740173599109,-0.4865208801400617,-0.08468548519144586,-0.16411832057143555,-0.022334982954298397,-0.29168773311180307,-1.5088603112612937,0.5203931411553763
259,8.636666666666667,tracked,1,1,0.2367026968989477,0.8372354898018096,-0.48653782883466024,-0.08395045681713512,-0.1642172228842959,-0.019482864531335888,-0.2851810177760788,-1.510080304059164,0.5203210877706009
260,8.67,tracked,1,1,0.2948708576499177,0.8344383874828258,-0.4878443747295217,-0.08384174859255011,-0.1620109946273351,-0.02462434140249652,-0.2794284801995888,-1.5103659139115038,0.5208350364006177
261,8.703333333333333,tracked,1,1,0.24648915229490131,0.8499474328774141,-0.48740681589876855,-0.08375159573831767,-0.16471478739570022,-0.02125786188905856,-0.28665751526878125,-1.5093629592464046,0.5212587602718072
262,8.736666666666666,tracked,1,1,0.21539934120078352,0.8573851495758495,-0.48843237084404745,-0.08357066537462829,-0.16372156655057607,-0.023076667523404634,-0.2830407435687424,-1.508823605146033,0.5218764109952373
263,8.770000000000001,tracked,1,1,0.2380750271768014,0.8390420218109563,-0.48753300706283254,-0.08390325913952265,-0.16531907389165074,-0.022076499433912333,-0.286309915433538,-1.5080892471019534,0.5215923562154212
264,8.803333333333335,tracked,0,1,0.26147342907012233,0.790826106613943,-0.4928215950069399,-0.08912523227426516,-0.1581846738989074,-0.049323126110703566,-0.28040226499586074,-1.5015257856412494,0.5252036010821228
265,8.836666666666668,tracked,1,1,0.2667409544700673,0.8084032423731679,-0.4873784045512305,-0.08317775273349687,-0.16396262514331816,-0.022111255127643434,-0.2847628319008822,-1.5086310805974077,0.5209030526082429
266,8.870000000000001,tracked,1,1,0.281250256296852,0.8172141648929554,-0.48587104914384327,-0.08472674775395594,-0.16495103692963675,-0.023524125377586916,-0.29550083980083464,-1.505898879788162,0.52005590350006
267,8.903333333333334,tracked,1,1,0.2712829585258869,0.822622363287904,-0.4883394977905011,-0.0833861332211828,-0.16387998042066693,-0.025717151467288084,-0.286447629551882,-1.5083768106980473,0.5218096973979478
268,8.936666666666667,tracked,1,1,0.30388000907786433,0.8102925343442475,-0.4887780381542649,-0.08309866286728332,-0.1631841987452844,-0.027168014644742614,-0.2846997386291562,-1.5100637533780268,0.5219563593562233
269,8.97,tracked,1,1,0.24552548960136608,0.853739733403057,-0.4869268171254669,-0.08453402249065142,-0.1641834094052445,-0.021702428906846708,-0.28989927360060996,-1.5064097956193516,0.5207685840354792
270,9.005,tracked,1,1,0.3089068199235831,0.8481302656464533,-0.48710233926674673,-0.08434243095686464,-0.1628088724081172,-0.024944575407042924,-0.2889090398069538,-1.506473398969089,0.5204700409376632
271,9.038333333333334,tracked,1,1,0.232182525116223,0.8368020391270983,-0.48713128719404164,-0.08342821406499801,-0.16225598619728593,-0.02714690619497489,-0.2896967416996151,-1.5074568162611157,0.5201770495920143
272,9.071666666666667,tracked,0,1,0.26513118293062815,0.8040201672907388,-0.49193043941836045,-0.08779720582695247,-0.15753377124508178,-0.04837075774993095,-0.28409746840150263,-1.5009346056486745,0.5239473214551814
273,9.105,tracked,1,1,0.21782138229903597,0.8043195012873725,-0.4882742354374168,-0.08193760807343778,-0.16525232909004894,-0.021100763550703453,-0.2850827963809806,-1.5103471965460873,0.5219519449896476
274,9.138333333333334,tracked,1,1,0.209813391942771,0.8119222710351826,-0.4876397180279397,-0.0828510184294981,-0.1648283421931992,-0.02228725782822462,-0.28767465052514285,-1.5078883743057117,0.521368553178394
275,9.171666666666667,tracked,1,1,0.17725145720305946,0.8419685746508976,-0.4873903586473395,-0.08206763561767524,-0.16433765457219268,-0.021774330362679034,-0.28425831727818457,-1.5106239064155753,0.5208563364580939
276,9.205,tracked,1,1,0.16902131472018345,0.8304624704462771,-0.4878920135801922,-0.08179162637101281,-0.1637614133022593,-0.022629134038374226,-0.2807161713547331,-1.510898546322256,0.5211010339142528
277,9.238333333333333,tracked,1,1,0.18523150138690003,0.8266525909122887,-0.48703012732943773,-0.08390845757318965,-0.16520189888426867,-0.021806571474008826,-0.293452720347132,-1.5069467155673355,0.521086021280372
278,9.271666666666667,tracked,1,1,0.19877337694709693,0.8231938813282871,-0.4884242004453611,-0.08268113258439763,-0.1650994279122367,-0.02484762518395279,-0.2845278332546795,-1.5105687210292327,0.5221610770280344
279,9.305,tracked,1,1,0.17745468655742044,0.8362166681995504,-0.488200849010479,-0.08172335768830924,-0.16377638754426654,-0.02300011637464774,-0.28426240344145354,-1.5096353450924755,0.5213841973856262
280,9.338333333333335,tracked,1,1,0.17252088664264512,0.8209978790328238,-0.4889102062145968,-0.08334308933652196,-0.1644110692730542,-0.027781779913490647,-0.2888623641665698,-1.5089441494332412,0.5225038372877888
281,9.371666666666668,tracked,1,1,0.17220964536957717,0.8433082036298825,-0.48848450679875455,-0.08251088673624224,-0.16585967193274748,-0.021100132544373717,-0.28336204633785705,-1.5102107357422891,0.5224314218977091
282,9.405000000000001,tracked,1,1,0.1667982397888768,0.840648669751846,-0.48834225147222954,-0.08279478899967274,-0.16341502802162278,-0.02603020827420116,-0.28361811310041646,-1.5088964507285927,0.5215722414409861
283,9.438333333333334,tracked,1,1,0.18979565608436627,0.8306609447206497,-0.48741922685400674,-0.08135015255383912,-0.1631384939802159,-0.024692874821694934,-0.2839501972586281,-1.5094719059884583,0.5203936185673528
284,9.471666666666668,tracked,1,1,0.1676571855135002,0.8483134297518805,-0.48768787109466705,-0.08272132046903347,-0.16290444699297935,-0.02373083673246614,-0.2827179238707462,-1.5074133664442437,0.5207879946034447
285,9.505,tracked,1,1,0.19497590714582538,0.8408856217614501,-0.48778762880525695,-0.08153573659225946,-0.16477450560710571,-0.020542661675080995,-0.2806015110689984,-1.5117193370497426,0.5212825384138275
286,9.538333333333334,tracked,1,1,0.20015154710815566,0.8414463183306293,-0.48789003982331125,-0.08179658054945532,-0.16374622290981866,-0.021225605899928886,-0.28357973142583026,-1.511678115107728,0.521095190023481
287,9.571666666666667,tracked,1,1,0.37798271005796036,0.7717883212823496,-0.48783686045103314,-0.08270859818628395,-0.16391888992990017,-0.025190123861557154,-0.284745993037368,-1.514666724165664,0.5212436254809373
288,9.605,tracked,1,1,0.26833610339415115,0.8210100974629813,-0.489375338776319,-0.08125794565713584,-0.16232746512436558,-0.027347356855308112,-0.27699720107354026,-1.51677823543245,0.5219590806457506
289,9.638333333333334,tracked,1,1,0.2377271758940382,0.8080225384538571,-0.4880909531566985,-0.08299112808029044,-0.1637069440366064,-0.023532624792562247,-0.28675958071499447,-1.510957974623761,0.521459748608901
290,9.671666666666667,tracked,1,1,0.20911716428279986,0.8393652945241432,-0.4870915854266523,-0.08286579886813764,-0.16392178242662564,-0.022120191492650012,-0.2842613029622288,-1.5090399771767773,0.520572092960645
291,9.705,tracked,1,1,0.255770542978184,0.8246328247099832,-0.4873744101122486,-0.08323938981649925,-0.16452101501643895,-0.021936087134367267,-0.2826969991427624,-1.5087641731010029,0.5210851907618607
292,9.738333333333333,tracked,0,1,0.24711347841327166,0.8383148175454803,-0.4934473716802721,-0.08833002728370784,-0.1579530290820227,-0.04843092566944748,-0.27694107615715813,-1.5071401915790519,0.525586968763777
293,9.771666666666667,tracked,1,1,0.2968524219574046,0.784783500561771,-0.4876427657895156,-0.0826147956637801,-0.16547908701039743,-0.021881106386022708,-0.28707694580781024,-1.5126649888927488,0.5215400269655351
294,9.805000000000001,tracked,1,1,0.20240451847407043,0.8142115896198585,-0.48695105133329214,-0.08317835409988411,-0.16488249123387538,-0.022804502493809116,-0.2885130112485202,-1.5087390010153572,0.5207938180324851
295,9.838333333333335,tracked,1,1,0.27354353321130226,0.7924227329366049,-0.4868422521999788,-0.0843739910721481,-0.16545611160233126,-0.022906049383139167,-0.2932538322016882,-1.506186595977527,0.521066285383303
296,9.871666666666668,tracked,0,1,0.19054461383398077,0.7948541885322266,-0.49408454236612,-0.08903678840068158,-0.15896736124459593,-0.051337334123521795,-0.2820438765917737,-1.5037172520538513,0.5266096340126297
297,9.905000000000001,tracked,0,1,0.1999545424341407,0.8084689057128438,-0.4934108902092314,-0.08846163231600587,-0.1585114573141322,-0.04848601813932464,-0.2798147148455672,-1.5042458264529204,0.5257429496140946
298,9.938333333333334,tracked,1,1,0.20848047476394452,0.8099441882609112,-0.4872154864987469,-0.08283721788704138,-0.164682350891464,-0.020579941614866194,-0.2855957424345813,-1.5106953090605066,0.5209234220560783
299,9.971666666666668,tracked,1,1,0.24134684745043625,0.7995908304707676,-0.48703606527375093,-0.08285888620463591,-0.1657596987164049,-0.01915400697756764,-0.2870106395817259,-1.5118138726643322,0.5211007595647539
300,10.005,tracked,0,1,0.22298588028970376,0.7969053495577796,-0.49416865444576896,-0.0888661019127604,-0.15872625839548193,-0.0523756510858159,-0.28044387700385326,-1.5072323277966013,0.5265869996592588
301,10.038333333333334,tracked,1,1,0.18514288960187364,0.8223115501827141,-0.4865977408297358,-0.08306780433183825,-0.16283846206376257,-0.025610311982154035,-0.28514227414062226,-1.5111042833210702,0.5198018720862851
302,10.071666666666667,tracked,1,1,0.30772194696772365,0.7928791090124967,-0.4879045501307199,-0.08273155389720738,-0.16468928110032616,-0.024847506613084942,-0.28561677863695784,-1.5133439205760837,0.5215533715333925
303,10.105,tracked,1,1,0.24271846542263656,0.7961567966522151,-0.48658490541729293,-0.08364403908132287,-0.1651549325101107,-0.02279245344632468,-0.29115580212609327,-1.5099580231563814,0.520612473137374
304,10.138333333333334,tracked,0,1,0.21401322476486306,0.8003443584522268,-0.4934291716421091,-0.08944496959464979,-0.15850323295295798,-0.05374558069247469,-0.2831133925216295,-1.502383918099409,0.5259239725186003
305,10.171666666666667,tracked,1,1,0.23869559349332145,0.7850353155524337,-0.4874652548123027,-0.08261726583934262,-0.16356265857261376,-0.021812628862084616,-0.2842194320334704,-1.5132430818512588,0.5207693640598813
306,10.205,tracked,1,1,0.15116177394707883,0.8374595773492107,-0.4885360302075463,-0.08247873198873382,-0.16546894903867648,-0.021473537890338824,-0.28265530721376625,-1.5135989858132761,0.5223506170546581
307,10.238333333333333,tracked,1,1,0.18989076764063556,0.8217830028477993,-0.4874439484718949,-0.0832578758534317,-0.16400311052074307,-0.022993932656519306,-0.28822391558394916,-1.5115891947873883,0.5209899202997845
308,10.271666666666667,tracked,1,1,0.23884538220544219,0.8350294205957223,-0.4864584183668166,-0.08335219981754721,-0.16387361876294515,-0.022380762940046532,-0.29081616763285867,-1.5091344245074718,0.5200422530341473
309,10.305000000000001,tracked,1,1,0.18518885451465192,0.8282578965315833,-0.48697372443421527,-0.08266012676468754,-0.16287211532338686,-0.025866878071327704,-0.2877328225044756,-1.5114903797940227,0.5200994431798595
310,10.338333333333335,tracked,1,1,0.2589632601579932,0.817116351485011,-0.48608808392700464,-0.08234846674032462,-0.1642195534722669,-0.020543838886330653,-0.28864553072716786,-1.5141193387900969,0.5196450298549384
311,10.371666666666668,tracked,1,1,0.2959626000061464,0.7835667302686713,-0.4874813154342054,-0.08165491923112012,-0.1654636342731119,-0.019134555732924257,-0.28650521951823654,-1.5156520255185553,0.5212329354510996
312,10.405000000000001,tracked,1,1,0.2939616254820425,0.8063655802828338,-0.48619387571288036,-0.08217012966152171,-0.16327328471165653,-0.01997984554042885,-0.28712290890013503,-1.5130467647588293,0.51941753964401
313,10.438333333333334,tracked,1,1,0.231063915340392,0.8436193514186456,-0.48773667011213623,-0.08202093418489892,-0.16447698603729127,-0.019891034229603227,-0.283239334434985,-1.5131165850070918,0.5212170104213307
314,10.471666666666668,tracked,1,1,0.25830530420648673,0.8504295987727428,-0.4879815176278817,-0.08172457022305166,-0.16555865680259285,-0.017906425196805333,-0.2863213018825029,-1.5145016613890598,0.5217418286536282
315,10.505,tracked,0,1,0.26933673079577036,0.8069228012039802,-0.49276973714203903,-0.08867926912760546,-0.1589259988539059,-0.0463470814862092,-0.2839983185584061,-1.5075092421520906,0.5253032454951637
316,10.538333333333334,tracked,0,1,0.25297458899797653,0.8156754195200696,-0.49236254801606727,-0.08826247887599656,-0.15995330836385252,-0.044749651489126054,-0.28255437845600156,-1.506303189381602,0.5251630268047738
317,10.571666666666667,tracked,1,1,0.25724643760556826,0.7894061157294161,-0.48813083760796416,-0.08103500275727807,-0.16562819062383777,-0.02138632234834332,-0.2827147621712784,-1.5159421178274073,0.5217960174484385
318,10.605,tracked,1,1,0.22288370559353635,0.8455288133802085,-0.48602717962672815,-0.08105849149195485,-0.16219748004299211,-0.018419134771938513,-0.2828071261498067,-1.5133854895560046,0.5187493816007495
319,10.638333333333334,tracked,1,1,0.28822743501974735,0.8155150202542927,-0.48623733787925766,-0.08131207780682342,-0.1642194295556617,-0.01782467941450176,-0.288175699419756,-1.5128744613705336,0.5196214235275113
320,10.671666666666667,tracked,0,1,0.2888280122686833,0.8020440923378298,-0.4924960948628233,-0.08799854955558237,-0.15709294322213274,-0.04964012842919144,-0.28317175296312025,-1.5044293699796012,0.5243799586075059
321,10.705,tracked,1,1,0.1714103787710412,0.8493700016968235,-0.48781154762087664,-0.08124806715406757,-0.16404466368963744,-0.020753086712272432,-0.2844195103298688,-1.513112704952752,0.5210297554781232
322,10.738333333333333,tracked,1,1,0.2951753490253597,0.7915663308473575,-0.48717542898978794,-0.0810437067479714,-0.16522509751815695,-0.019168514761800436,-0.28496349912939667,-1.5151091781085533,0.5207756847863767
323,10.771666666666667,tracked,1,1,0.2501165051094547,0.8077732837562699,-0.48844928704884655,-0.07980654066355142,-0.1632009184411285,-0.020092407647257723,-0.27471122484549965,-1.5150624037290676,0.5211394532476288
324,10.805000000000001,tracked,1,1,0.19488402458805001,0.7850932679478093,-0.48790197090068277,-0.08096310278703397,-0.16666694121173248,-0.020007356461358133,-0.28286295552074275,-1.5142540240591926,0.5219015486799685
325,10.838333333333335,tracked,0,1,0.13236303352968687,0.8364992727622089,-0.4936890027363425,-0.08986150504226761,-0.1580212214518545,-0.05586015413342786,-0.2845906893055432,-1.50511775464834,0.5260937444414273
326,10.871666666666668,tracked,0,1,0.21931280436574851,0.8177664116680409,-0.4938204838144944,-0.09035697371644061,-0.15935635004502902,-0.05403098154007118,-0.28829208511621596,-1.5033362487586306,0.5267043755596195
327,10.905000000000001,tracked,1,1,0.20148947016242433,0.8301296197930972,-0.4867486322134157,-0.08215445200512181,-0.1658601384707709,-0.020430280973459006,-0.2914347724745312,-1.5125192196902424,0.520752504054888
328,10.938333333333334,tracked,0,1,0.16420700195272808,0.8565129602410974,-0.49413860130120324,-0.08886806507701006,-0.15743940461401262,-0.05396495863764671,-0.28071764519278464,-1.5055272342572168,0.5261726488631426
329,10.971666666666668,tracked,1,1,0.17150991900371076,0.840140124261717,-0.4865485110373271,-0.0827005222054038,-0.16601447827078492,-0.018548200966833534,-0.29092630999580693,-1.512156487712931,0.5207011013635438
330,11.005,tracked,1,1,0.16274658574735115,0.8477861167001752,-0.4866232534573132,-0.08248514391593831,-0.16496307285087713,-0.01728987475200817,-0.2924633971750083,-1.5110159962452092,0.5204025414778615
331,11.038333333333334,tracked,1,1,0.23388302062309946,0.8281591228597414,-0.4854946075823855,-0.0821523283997844,-0.16520791825368025,-0.014148590167173266,-0.29051505852803244,-1.5135304657560475,0.5193723859686759
332,11.071666666666667,tracked,1,1,0.16194901884099977,0.8651898834221992,-0.4855513035133246,-0.08233775509586089,-0.16554314255754,-0.01565435793272445,-0.29054459645746367,-1.5107639232427046,0.5195614557543128
333,11.105,tracked,1,1,0.19227903055228732,0.8291565503956931,-0.4860724483205511,-0.08329506327196576,-0.16790544943193048,-0.016445026916839356,-0.2963724339380895,-1.5102315523025454,0.5209575150919258
334,11.138333333333334,tracked,1,1,0.11356452078890171,0.8532389160350169,-0.4877749274957885,-0.08245802147375611,-0.16903197640972895,-0.01610033193474,-0.29006248598441337,-1.5115270394262539,0.5227767346084439
335,11.171666666666667,tracked,0,1,0.19850097785144122,0.8327030225209449,-0.4958790579608712,-0.0901794086980636,-0.16078789922569792,-0.05612890463463731,-0.28528458006370927,-1.5045795472688694,0.5290379139671434
336,11.205,tracked,1,1,0.1700673492526028,0.8180850940979006,-0.48783596767166537,-0.08263971200316586,-0.16865937478578175,-0.01606241956332156,-0.2920117714979772,-1.5129288949476127,0.5227420377750838
337,11.238333333333333,tracked,0,1,0.1987795660595349,0.8206958702193614,-0.4945461178990811,-0.08985210818518169,-0.15961770234689943,-0.05139991445482248,-0.2825244004159901,-1.5049347932182728,0.5273775450063046
338,11.271666666666668,tracked,1,1,0.2713061842181082,0.764491319904931,-0.4868348853222506,-0.08333519450937343,-0.16851508657740283,-0.017772144397835043,-0.29547085696158426,-1.5113783966383312,0.5218719139931115
339,11.305000000000001,tracked,1,1,0.154861907375586,0.8220158832267263,-0.48607434333649274,-0.0822647307308653,-0.16923647172039158,-0.011830622335890462,-0.2912786965197222,-1.5119384547317891,0.5212261855783833
340,11.338333333333335,tracked,1,1,0.16627501209303228,0.8531757008992111,-0.48630862720737444,-0.08245616599608291,-0.16571487392345696,-0.017808814971109317,-0.28898908009285074,-1.5098818453307616,0.5203426944298939
341,11.371666666666668,tracked,1,1,0.17250939729862608,0.8452118333667178,-0.4863951170930636,-0.08244051015468462,-0.1671079239055075,-0.017351557833122748,-0.29036323331340264,-1.510548242412454,0.5208663032665375
342,11.405000000000001,tracked,1,1,0.15091543341007477,0.8512097168771889,-0.4861899186025209,-0.08288893379874307,-0.16804159951488734,-0.016897517628490063,-0.2951907530320471,-1.5098276277751403,0.5210462469537038
343,11.438333333333334,tracked,0,1,0.16963117286003743,0.8490942272782698,-0.4923305723241477,-0.0885776652299414,-0.15929304842369474,-0.0465391388296301,-0.2845901032918616,-1.502816481063668,0.5249854002719733
344,11.471666666666668,tracked,1,1,0.15573915564775212,0.8708331921471533,-0.485822507913756,-0.08287921706812101,-0.1681204156167484,-0.013742428653595028,-0.2951959236267997,-1.510207515643321,0.5207273259245999
345,11.505,tracked,1,1,0.2550929382808162,0.8292620246474265,-0.4877091147185395,-0.08268574031947365,-0.16671582289114817,-0.0194088183204372,-0.28965241767521255,-1.5127262261160905,0.5220069710588103
346,11.538333333333334,tracked,0,1,0.20246894435686377,0.844800167570218,-0.49386684162897443,-0.08999781643869531,-0.16027769192624275,-0.050123046798219724,-0.28518412445507196,-1.5049641066911499,0.5269658459079821
347,11.571666666666667,tracked,0,1,0.17749744625849906,0.8670696398767641,-0.4933628391701889,-0.09006824443816933,-0.16182790231739108,-0.04432936754203371,-0.2838810975801248,-1.5039957931507681,0.5269795533971794
348,11.605,tracked,1,1,0.2906120270186813,0.8030153323507322,-0.4865148351956201,-0.08309216501026134,-0.1677480042312236,-0.016011055637939184,-0.2938318707922042,-1.5111269841514807,0.5212872391254869
349,11.638333333333334,tracked,1,1,0.25283216357339344,0.8250849077551126,-0.48737113291132306,-0.08147053132465143,-0.16633563681422342,-0.014911227390615062,-0.28398511381230723,-1.5148852073870467,0.5213785695096997
350,11.671666666666667,tracked,1,1,0.2755294432924587,0.82800445100391,-0.48800058714850325,-0.08205473639347774,-0.1688501826702496,-0.013282954901238594,-0.2961484092778402,-1.5126599008501769,0.5228651231528678
351,11.705,tracked,1,1,0.30130542301864055,0.8295745659788216,-0.48733628851779476,-0.081443467989772,-0.16617377534959477,-0.0159166070555194,-0.2885206488394918,-1.5161016037363793,0.5212901497232015
352,11.738333333333333,tracked,1,1,0.2357566902535739,0.8341125439291885,-0.48813992919947957,-0.08272689561297969,-0.16755368068021204,-0.01800226747858566,-0.29017151683939807,-1.512088414269936,0.5226840017124307
353,11.771666666666668,tracked,0,1,0.23239747989083617,0.8428961142396538,-0.4943328618612927,-0.09023887164385805,-0.1609970478964916,-0.051795533686689973,-0.2861185889260786,-1.5054369191548762,0.5276628485149564
354,11.805000000000001,tracked,1,1,0.26839594419112217,0.819558961542826,-0.48780920237448794,-0.08137808763933907,-0.16866900882304003,-0.01562817678694828,-0.28664556093004734,-1.514669353310056,0.5225221962810928
355,11.838333333333335,tracked,1,1,0.14473003874983975,0.863509972949956,-0.48955841283560864,-0.08155824369773645,-0.17121634851613482,-0.01846788849999513,-0.29039499246463524,-1.5165308042125976,0.5250087853478055
356,11.871666666666668,tracked,1,1,0.24409775032714917,0.8279385442224206,-0.4877270151155843,-0.08265168708273887,-0.16765608053936515,-0.02044264595443891,-0.293373523337109,-1.5142350994137692,0.5223193505825746
357,11.905000000000001,tracked,1,1,0.2880184549074323,0.8390346564668263,-0.4906649969263406,-0.0814903765366782,-0.1692190556165296,-0.021377112684948435,-0.2855827948643461,-1.5157348997959186,0.5253835831662097
358,11.938333333333334,tracked,1,1,0.2755984915846828,0.8217043076216086,-0.48763797766333933,-0.08079121441097095,-0.16880165625939264,-0.009674092792378807,-0.2814581195449665,-1.5141584779960153,0.522314097781694
359,11.971666666666668,tracked,1,1,0.2317193626334167,0.8409610322958432,-0.4875945370978335,-0.08098483912666982,-0.1675992735709126,-0.014854586540359135,-0.2876195381699678,-1.516156152369027,0.521916174569749
360,12.005,tracked,1,1,0.19201969110384784,0.8359620151942477,-0.48716265237591827,-0.08163713843119949,-0.16763535510341754,-0.014940151140331271,-0.28875200817392377,-1.513135640127291,0.5216260006190484
361,12.038333333333334,tracked,1,1,0.2042266570573931,0.8546244318433615,-0.48635621740175206,-0.08183335086433502,-0.1655999638090458,-0.014657484262477692,-0.28453773906092655,-1.5141499020928488,0.5202522614391819
362,12.071666666666667,tracked,1,1,0.24942355406591593,0.8596061114664055,-0.48690589625215286,-0.08251341010607291,-0.16715435134932977,-0.019874668290355738,-0.29406240520012566,-1.5103789117024315,0.5213697266119892
363,12.105,tracked,1,1,0.26008770397873177,0.836868418314612,-0.4876276102983593,-0.08379596979582118,-0.16944821905455626,-0.01452982160667408,-0.2932534151054298,-1.5092089419217043,0.5229867587425819
364,12.138333333333334,tracked,1,1,0.19378788679031886,0.8364312172505544,-0.4857231013615563,-0.08402378594665422,-0.16795915626490965,-0.016039667485524992,-0.30066071249953136,-1.50850788809752,0.5207659800470056
365,12.171666666666667,tracked,1,1,0.20447117189520267,0.8183169652797054,-0.48745411408523004,-0.08314248265707724,-0.16963487742742284,-0.01493718616571729,-0.2947866576528024,-1.5103663181911822,0.5227811945745712
366,12.205,tracked,1,1,0.18456494632864234,0.8385824288158226,-0.4854493942390801,-0.08333980335384025,-0.17229582204302124,-0.007345365459497521,-0.2983538375109808,-1.5103242516241662,0.5218165266486172
367,12.238333333333333,tracked,1,1,0.27338803219522834,0.7847200279421241,-0.48722700453349177,-0.08453414958025932,-0.16996643171863834,-0.016806610615522678,-0.2963176229391221,-1.5106309779412077,0.5229003387865641
368,12.271666666666668,tracked,1,1,0.18305355595809172,0.8075069799708765,-0.4871238370048665,-0.08490503262414031,-0.1723611826132685,-0.013150676006066682,-0.29769279084627703,-1.5112307783168712,0.5236476624745827
369,12.305000000000001,tracked,1,1,0.1706432523573379,0.79852239618865,-0.48638567664982446,-0.0838392820450744,-0.1708604476690065,-0.008891519623999863,-0.292704836998715,-1.5100107302382013,0.5222962226951239
370,12.338333333333335,tracked,1,1,0.22828206657979988,0.7924879949457776,-0.48447509925724863,-0.08552437345094283,-0.17307789236321008,-0.008989254040626761,-0.3056309818221635,-1.5059275163725396,0.5215232469213508
371,12.371666666666668,tracked,1,1,0.19857675467662392,0.7917853868037958,-0.4860124322422348,-0.08381311659089927,-0.17126104755735638,-0.00937873081391963,-0.2930353385330005,-1.509669061682433,0.5220757313045068
372,12.405000000000001,tracked,1,1,0.20730932663821844,0.7898754488546988,-0.48587238431621815,-0.08564237748762007,-0.17001020375857456,-0.014631404033940509,-0.30079925873864816,-1.5079093641829016,0.5218333642504002
373,12.438333333333334,tracked,1,1,0.26353428595875283,0.7967272428867971,-0.4848708846749491,-0.0852796368532795,-0.17141981512764204,-0.00996556238108022,-0.30060367415733885,-1.5068575901700851,0.5213033131351555
374,12.471666666666668,tracked,1,1,0.2821193788739728,0.8163781954114131,-0.48452903487821863,-0.08473554817139561,-0.1711239497564891,-0.00880712443495887,-0.30031746968539896,-1.5073578006434707,0.520799294300776
375,12.505,tracked,1,1,0.20622216502723245,0.8358057002103496,-0.48555029520679305,-0.08508591425676401,-0.17282895194693143,-0.0076340522857928335,-0.2994375661962194,-1.5098829200292,0.5223682117160154
376,12.538333333333334,tracked,0,1,0.1935141251107694,0.834525959199183,-0.4972686848603064,-0.09323896372831184,-0.15941599700585013,-0.05870106036356018,-0.28142581911029557,-1.5067368607655638,0.5304555677916836
377,12.571666666666667,tracked,1,1,0.1997412993260212,0.8309331381520886,-0.48436417873320425,-0.08575366157608899,-0.17241904712204154,-0.004596655344789003,-0.301810158285855,-1.51006223612847,0.5212395571367072
378,12.606666666666667,tracked,1,1,0.2958253888005703,0.8143405321754696,-0.48554719163362653,-0.08461515536700337,-0.1696390272565772,-0.008704798990697196,-0.2953899853329089,-1.5082940200816919,0.5212419777700579
379,12.64,tracked,1,1,0.27527471059275904,0.8032611046302227,-0.48563750690003316,-0.08470713431338098,-0.17073899914066354,-0.007333056768806817,-0.29604155299452456,-1.5109295232117157,0.521700002433602
380,12.673333333333334,tracked,1,1,0.24363694473331912,0.7935733285314699,-0.48661413664507347,-0.08407815274820771,-0.17243695502639284,-0.005157033908566478,-0.2923358145246938,-1.5155608128184497,0.5230649646183114
381,12.706666666666667,tracked,1,1,0.265271453891956,0.825162304352288,-0.48765569608785486,-0.08345688459887765,-0.17436368512792794,-0.0038511954202660624,-0.288428485400404,-1.514869627974909,0.524572039099752
382,12.74,tracked,1,1,0.2627335204108663,0.8556037235881988,-0.4876263453303096,-0.08413205892609996,-0.1714120433823711,-0.010367713667516227,-0.2894208208253473,-1.5141930813606874,0.5236790473332487
383,12.773333333333333,tracked,1,1,0.21892790874501175,0.855098034789914,-0.48640274389443794,-0.08249807583776961,-0.1693598891059861,-0.007913292925985653,-0.28877450373940994,-1.5150099328737672,0.5216093689946188
384,12.806666666666667,tracked,1,1,0.25786139122787716,0.8320104302996532,-0.48888349697522493,-0.08344215833183494,-0.17396869190330827,-0.010308148341674366,-0.2978909861783356,-1.5176629476533339,0.5255804155068451
385,12.840000000000002,tracked,1,1,0.18208412641676294,0.8514773638299842,-0.48773174288097665,-0.08321293765704282,-0.16887806009968676,-0.014725608695374688,-0.28808446086165823,-1.5127420747417886,0.5228063170910079
386,12.873333333333337,tracked,1,1,0.23325269982241378,0.7645152864255013,-0.48855747840719627,-0.08295241737429734,-0.17148439329597914,-0.014368061770230601,-0.2925499786936257,-1.514051846221698,0.5243819318015521
387,12.906666666666668,tracked,1,1,0.23326616934149585,0.8141884889509128,-0.4863442413400849,-0.08330123015205618,-0.17370473033784734,-0.007335223475843045,-0.29715231232003864,-1.5141578480670308,0.5231091180349018
388,12.940000000000001,tracked,1,1,0.2593539273431329,0.7954989960778642,-0.4884324638050266,-0.08145817205158618,-0.17300439714230736,-0.006284762262370344,-0.2882082215612673,-1.516024169516697,0.5245304823584686
389,12.973333333333334,tracked,1,1,0.2635536279833818,0.8164764809635116,-0.48816725372072484,-0.08254278309175159,-0.17106997032387627,-0.012838271049875219,-0.294595749831153,-1.5127195122145092,0.5238182064346164
390,13.006666666666668,tracked,1,1,0.2422010037837526,0.829253370730219,-0.4874075792945336,-0.08250934291981254,-0.17146238991980284,-0.00937517757475856,-0.2927614711342742,-1.5132979966900297,0.5232334958503964
391,13.040000000000003,tracked,1,1,0.22331749056049421,0.8228989139621319,-0.4882507709311829,-0.08146290837806211,-0.17314853808447084,-0.007367113430631975,-0.29085978351037434,-1.5160114567644567,0.5244096080327824
392,13.073333333333334,tracked,1,1,0.2664413917752034,0.8228694917396391,-0.48957356741318947,-0.08040759717351664,-0.1705960385271295,-0.010328606907589757,-0.28007779059025173,-1.515495887015614,0.5246433721625055
393,13.106666666666667,tracked,1,1,0.32631821660714305,0.8280282791377569,-0.4904851333505294,-0.08026329366336069,-0.17077194955746944,-0.011499739392692342,-0.27823688267985563,-1.5177668946117446,0.5255291819711216
394,13.14,tracked,1,1,0.29047379468126444,0.7861263196886424,-0.4890717577896208,-0.08018983319997006,-0.1704733755838766,-0.007801425521818434,-0.2795748092254957,-1.5179295001981044,0.5241018654794409
395,13.173333333333334,tracked,0,1,0.29256066522831065,0.8106128687883647,-0.4949828396060208,-0.09118011549202223,-0.16268716823456858,-0.04953643628716767,-0.288002304286052,-1.504307894673864,0.5289507913537524
396,13.206666666666667,tracked,1,1,0.28497500733760894,0.8010948373492504,-0.48914180597472146,-0.08004879020435823,-0.17099459707614495,-0.010544260535348458,-0.2827883151887371,-1.518050160226588,0.5243154273856784
397,13.24,tracked,1,1,0.2784737520538755,0.796097327458167,-0.4881144734499342,-0.08187028169059835,-0.17262443496918156,-0.006868370843645247,-0.2897999492738813,-1.5128845721255129,0.5241733279782878
398,13.273333333333333,tracked,1,1,0.23497698371500042,0.7984042253636092,-0.4904271535453406,-0.08075531318842052,-0.1737677737686834,-0.008576419954188825,-0.28170160522528515,-1.5162707095102694,0.5265315306259154
399,13.306666666666667,tracked,1,1,0.27338285398902806,0.800119033415455,-0.4893229404316432,-0.08078372961168587,-0.1730576684399353,-0.006956428442029384,-0.2869574463258114,-1.5151650230388882,0.5252731742707883
400,13.340000000000002,tracked,1,1,0.3178734662483649,0.8097882306794517,-0.48838790730245984,-0.08039771621344072,-0.17110334576039626,-0.009166946755798882,-0.28412091447293025,-1.516773050699994,0.5237011511368052
401,13.373333333333337,tracked,1,1,0.22036888067674373,0.8334899340008316,-0.4893853069787669,-0.07981171424522368,-0.171527158874353,-0.008068385932192295,-0.28301389562429674,-1.5171370639788235,0.5246803356797076
402,13.406666666666668,tracked,1,1,0.22478702581953744,0.8334500623653125,-0.4899062559090962,-0.0799975280828808,-0.16939940081657268,-0.011782254462370563,-0.27948311771173645,-1.5164266159487665,0.5245034805177693
403,13.440000000000001,tracked,1,1,0.22789486945540532,0.8169512589025671,-0.48882485641793916,-0.08076307622829754,-0.17502071453854312,-0.004692485695280024,-0.29037994528096195,-1.515133086871731,0.5254566254710837
404,13.473333333333334,tracked,1,1,0.20536502851515998,0.8215159340950948,-0.4899018025220525,-0.08130275594719008,-0.1730216495522287,-0.010669382370402875,-0.2886198530593002,-1.5142665525119217,0.5258805999965569
405,13.506666666666668,tracked,1,1,0.22095754156120376,0.8163804612957721,-0.4896611335588801,-0.08159703299227314,-0.1714068704124611,-0.012570738511215264,-0.28778527025639683,-1.513801443881966,0.5251727494224198
406,13.540000000000003,tracked,1,1,0.24895285782958337,0.7925410589324262,-0.4897692131329617,-0.0822996340717311,-0.17294486818610122,-0.010817020062450633,-0.28977585117555477,-1.5134810093907165,0.5258869073604411
407,13.573333333333334,tracked,1,1,0.23479365289762286,0.8001373317210891,-0.4902074955082272,-0.08104859734553682,-0.1723735229191345,-0.009588293942478654,-0.2841670496170923,-1.5155624690584248,0.5259133913370917
408,13.606666666666667,tracked,1,1,0.228958228912438,0.8033447355562794,-0.48909634732051743,-0.08253816345461243,-0.17155581023638772,-0.009461760745318565,-0.2913630023300901,-1.5139036559224213,0.5248420537786544
409,13.64,tracked,1,1,0.2769063200884191,0.7776494216983642,-0.49021886254542363,-0.0815584503059456,-0.17355414128332713,-0.00981970656989682,-0.2883963482226537,-1.5161538372405243,0.5263908756506228
410,13.673333333333334,tracked,1,1,0.2079572573689349,0.8205975224705596,-0.48948551245576427,-0.08164234477402132,-0.17160918368125416,-0.00943779391452579,-0.28833059452220233,-1.5149155399192944,0.5250821376585084
411,13.706666666666667,tracked,1,1,0.22731803172938472,0.8216559219143357,-0.4899962821402907,-0.08180292961531219,-0.1700731044705029,-0.012822047083976657,-0.28594844308184375,-1.5147511985769884,0.5250837425298841
412,13.74,tracked,1,1,0.27871869610840533,0.7950838647032719,-0.49104234959266474,-0.0816955816735293,-0.17249676509703954,-0.013497065667023897,-0.2873395171714986,-1.5164382948318824,0.5268319382188255
413,13.773333333333333,tracked,1,1,0.2681430063522281,0.7937096642480956,-0.4899348868623858,-0.08102112871946049,-0.17195476668452642,-0.012043775173478538,-0.2854156464261593,-1.5170928937942763,0.5255178954606247
414,13.806666666666668,tracked,1,1,0.2490088238334224,0.791955207316504,-0.48974544401529846,-0.08091695782709529,-0.17343101318451953,-0.005384075072236286,-0.2872744114153045,-1.5159755836597004,0.5258102988074147
415,13.840000000000002,tracked,1,1,0.2306921517645851,0.8158925879194266,-0.49135791991854855,-0.08151069684432588,-0.1708481449601162,-0.013130476195388235,-0.28192271620779225,-1.517634215373194,0.526560241380835
416,13.873333333333337,tracked,1,1,0.25305927529463473,0.823952938957645,-0.4892588191892009,-0.08174933344593252,-0.1718647733207172,-0.009617974147285505,-0.2878069554565856,-1.5137467416877644,0.524971090615328
417,13.906666666666668,tracked,1,1,0.19798528054551676,0.8399689453344213,-0.48907740546466594,-0.081350586698438,-0.1729659820721972,-0.00533976034917162,-0.2854364280970078,-1.5143420331486823,0.525101759134769
418,13.940000000000001,tracked,1,1,0.23543693844081648,0.8108325723178217,-0.48989648405821246,-0.08198744694486837,-0.17118936017404096,-0.011286606601300122,-0.28480755703949123,-1.514078342947923,0.5253820548761953
419,13.973333333333334,tracked,1,1,0.2594634095340924,0.8188834136264223,-0.48976953006923685,-0.08201147255392771,-0.17126856375616872,-0.010892688498369546,-0.2865683452943795,-1.514534690891984,0.5252932468115362
420,14.006666666666668,tracked,1,1,0.2398426693228269,0.8263544803992456,-0.49036085890485326,-0.08188407015652921,-0.16960082579353608,-0.015580094017502596,-0.2860302867452106,-1.5161923477186836,0.525283935601646
421,14.040000000000003,tracked,0,1,0.23506936926377278,0.8302807565238345,-0.4971839173210575,-0.09208578204066376,-0.1610583680941956,-0.05434885816073905,-0.2814318458355586,-1.504554593641885,0.5306707423910971
422,14.073333333333334,tracked,1,1,0.23646378948772728,0.8240232542817567,-0.48989046056801266,-0.08143308772309307,-0.17044242968259427,-0.013597355958694412,-0.2855764782113965,-1.5156481613210966,0.5250472673652941
423,14.106666666666667,tracked,1,1,0.22651132837419644,0.8318496339911006,-0.49095083292463165,-0.08082496202415071,-0.17219210639954657,-0.009131852786627804,-0.28238207076535665,-1.5187673299694744,0.5265125984645644
424,14.14,tracked,1,1,0.25285351815477963,0.8264120263278915,-0.49066557256654936,-0.08204362956660852,-0.17204896310261214,-0.011981549549195584,-0.288970824001573,-1.5159146972762163,0.5263883613447458
425,14.173333333333334,tracked,1,1,0.35017591506569296,0.7897517687045952,-0.4887593387629834,-0.08154539587757317,-0.17127975962312025,-0.009344294327143024,-0.28879334020953273,-1.518662860451981,0.5242824609629935
426,14.206666666666667,tracked,1,1,0.23774250873556513,0.8243794068529131,-0.4883348933238638,-0.08263797006338419,-0.17106390890283318,-0.011026038880448567,-0.28923387398321165,-1.5166981932682264,0.5239874646047775
427,14.24,tracked,1,1,0.1728576132062067,0.8449052231243208,-0.4903089531587157,-0.08173066181796446,-0.16904729847959948,-0.012833048436864518,-0.28181914111814427,-1.5177517182310112,0.5250331034821032
428,14.273333333333333,tracked,1,1,0.2554989277365572,0.8195179070434013,-0.49035832109831967,-0.08114892393228368,-0.17011935821149882,-0.01285902130488938,-0.28414166385500106,-1.5159844604548383,0.5253351567942341
429,14.306666666666668,tracked,1,1,0.21664989340690924,0.8402053759557884,-0.4887381618824218,-0.0821265918285517,-0.17151862431455334,-0.00981126958307532,-0.29244385048466814,-1.5152509844987612,0.5244315078752789
430,14.340000000000002,tracked,1,1,0.27237879665151676,0.8099501679283978,-0.4909144191805571,-0.0818416251794587,-0.1725556204533209,-0.01147079054734008,-0.2858005226613551,-1.5166252622326273,0.5267546494540217
431,14.373333333333337,tracked,1,1,0.2256869719508305,0.8310774223875677,-0.490678103087878,-0.08205616654648576,-0.17487192769603688,-0.008278980328963039,-0.2883389713570173,-1.5153880810880695,0.5273314009371629
432,14.406666666666668,tracked,1,1,0.27658877181696445,0.8159189563872709,-0.4899293388983805,-0.08170711291898172,-0.1732973135899729,-0.009727331893698657,-0.28670153711821506,-1.5164246453441577,0.5260596623126134
433,14.440000000000001,tracked,1,1,0.1774581274541792,0.8519316511875613,-0.4890437959279955,-0.083026871497108,-0.17295901015656245,-0.013312127425762788,-0.29470484202503955,-1.5121078860511679,0.5253304816214247
434,14.473333333333334,tracked,1,1,0.16649365009028366,0.8374002407245627,-0.489157626725556,-0.08184666091146389,-0.17334931754778282,-0.005892729961994352,-0.28596279646118705,-1.518329648643303,0.5253799059541739
435,14.506666666666668,tracked,1,1,0.27101997649746995,0.8186003762131071,-0.4891992401077142,-0.08184601327613644,-0.17274461964376592,-0.007757223650227316,-0.2884416895751284,-1.5160049097436958,0.5252193542007301
436,14.540000000000003,tracked,1,1,0.2958684440410739,0.8064893136986688,-0.4892588405143371,-0.08168141311605406,-0.16986777374772954,-0.011103293078369686,-0.28490581191049846,-1.516435244153009,0.5243101437394463
437,14.573333333333334,tracked,1,1,0.32191026042003296,0.7873318781612404,-0.48744803321682534,-0.08290263398506464,-0.17145485324773246,-0.011784130073407978,-0.29865749320380136,-1.5132278052879133,0.5233308690597319
438,14.606666666666667,tracked,1,1,0.2826888957003614,0.8254564135710597,-0.48607470697822963,-0.08222509956111707,-0.16927236479894198,-0.00885320824558678,-0.2955552395832571,-1.5130032838073997,0.5212319265417589
439,14.64,tracked,1,1,0.32161543951010535,0.7939263809471206,-0.4868626840388332,-0.08303453915554249,-0.1716865775869605,-0.009824732304753383,-0.29787992053496326,-1.513134719161472,0.5228826720458362
440,14.673333333333334,tracked,1,1,0.34021337716017913,0.7836733183505706,-0.4875823656633629,-0.08310866536775627,-0.17040738679008766,-0.012748920878124641,-0.2942982107075698,-1.513197456490322,0.523146529222662
441,14.706666666666667,tracked,1,1,0.2485540767523555,0.803909029256406,-0.4862712729176866,-0.0835503009651539,-0.17082703092596285,-0.009064788506833045,-0.298093087598474,-1.5123061393602202,0.5221324335370624
442,14.74,tracked,1,1,0.2730980519891716,0.8168928877178329,-0.48695282897980896,-0.08326584062420048,-0.17018519870310933,-0.012535068112054008,-0.29735268152422784,-1.5119399817691606,0.5225124493482529
443,14.773333333333333,tracked,1,1,0.2784885803253182,0.8064616607138518,-0.4862073327346359,-0.08328078495318397,-0.16715794866450456,-0.016179060521533783,-0.29619014350276374,-1.51104663190668,0.5208407043896172
444,14.806666666666668,tracked,1,1,0.29610783621542386,0.8014239627003488,-0.4860358321679962,-0.0823047723225358,-0.16655716484837885,-0.014689798277990381,-0.29368410063538375,-1.512429771139152,0.5203327731948383
445,14.840000000000002,tracked,1,1,0.14961418900738985,0.8500812974700965,-0.4844518124913995,-0.0832052696700693,-0.16967081430254882,-0.005380426132280419,-0.2979451441053207,-1.51105531217491,0.5200046737801124
446,14.873333333333337,tracked,1,1,0.17993456500239582,0.8267597648638332,-0.48678755671685037,-0.08391861773003506,-0.16748874143485754,-0.016438057509435288,-0.2967802604317796,-1.5103379844540443,0.5215907766472804
447,14.906666666666668,tracked,0,1,0.24886744550611675,0.8107988995462859,-0.49685306535130186,-0.09095263919784358,-0.1585794673653546,-0.05266560873645342,-0.27635114391765025,-1.5064413022697034,0.5294174143300517
448,14.940000000000001,tracked,1,1,0.25272574668281567,0.8027758312502467,-0.48606184284547543,-0.08585977436933948,-0.16712761673052684,-0.016602728573276167,-0.3014844934837893,-1.5086877032828172,0.5211138610698428
449,14.973333333333334,tracked,1,1,0.34987017324619285,0.7678163600108938,-0.48867610427998565,-0.08556743453245622,-0.1673229795986464,-0.020294224512089818,-0.29579006218559467,-1.5098592329354399,0.5235676653962682
450,15.006666666666668,tracked,1,1,0.2673996763841892,0.8026690641499417,-0.4840137072366004,-0.0855290491907538,-0.16554534993519332,-0.014890095212697652,-0.3045109477610836,-1.5065016248086185,0.5186422176544805
451,15.040000000000003,tracked,1,1,0.29123840460180267,0.7988003256094738,-0.48570127978163924,-0.08455164723423872,-0.16624466304055302,-0.015780457099549058,-0.29726745856699716,-1.5096760797565822,0.52028069560672
452,15.073333333333334,tracked,1,1,0.24671760570696258,0.8133606342007998,-0.48550370954231736,-0.08659139818427433,-0.16880449790241336,-0.015295927126240479,-0.30200813737979415,-1.5075873701438072,0.5212551013956067
453,15.106666666666667,tracked,1,1,0.31460695968341074,0.7562168743634095,-0.4856501005283751,-0.08797085074462127,-0.16919923573716567,-0.020199388831212414,-0.31166209828851016,-1.5064336801625642,0.5217502008605213
454,15.14,tracked,1,1,0.26112191139645397,0.8001084161753198,-0.48538117325789243,-0.08558251516513402,-0.16952991035789872,-0.013484155376716616,-0.3034710954291323,-1.5093047487359998,0.5212097857496114
455,15.173333333333334,tracked,1,1,0.22357868625125069,0.7921426927963228,-0.4869227633482614,-0.0852548732706151,-0.1687987261528603,-0.014285653215903972,-0.2970491225410306,-1.5102456452052226,0.5223554162004296
456,15.206666666666667,tracked,1,1,0.23587260465663315,0.7945679060307717,-0.485428021289723,-0.08632563514179348,-0.16959636886279073,-0.013350671644963456,-0.306399610232049,-1.5089290479260742,0.5213975522260663
457,15.24,tracked,0,1,0.2628348829821978,0.8010551560238015,-0.49850890422102534,-0.09172989648128546,-0.15853395005024806,-0.05552182950072518,-0.27775529792051307,-1.5048192275620247,0.5310918139217072
458,15.273333333333333,tracked,1,1,0.2504350239394193,0.7994132530353959,-0.48598004341561407,-0.08612903080717035,-0.16798131402514205,-0.01375604807097425,-0.2989257186405387,-1.5092560867601867,0.5213564370060448
459,15.306666666666668,tracked,1,1,0.31658818599834326,0.7957232941848915,-0.48517871287125636,-0.08826895472477542,-0.16708734444630197,-0.019938148535353164,-0.3111981594831392,-1.5056680872037176,0.5206802977506741
460,15.340000000000002,tracked,1,1,0.22300427904475256,0.8230520668300263,-0.4844307242236986,-0.08741253867645662,-0.16961863969043545,-0.011394435440278475,-0.3078789291575844,-1.5078087021121847,0.5206578160559907
461,15.373333333333337,tracked,1,1,0.28385431613468126,0.8185448512851418,-0.48470760123961343,-0.08801826107860986,-0.16820219886695037,-0.01519335690746175,-0.3077661006925853,-1.5050915623613668,0.5205580204803684
462,15.406666666666668,tracked,1,1,0.25754514258186395,0.8151940302557572,-0.48468960273238093,-0.08824403989213991,-0.16798136278855563,-0.017021861817357688,-0.3101665389141328,-1.50515672182171,0.5205081745925411
463,15.440000000000001,tracked,1,1,0.3074608106329643,0.761930575176025,-0.48654890435873427,-0.08762083946835675,-0.16914648149320388,-0.019282812182363964,-0.30763002853228966,-1.5071680924033102,0.5225110334178169
464,15.473333333333334,tracked,1,1,0.2692700165932471,0.7870272663326559,-0.48459262847109275,-0.08818211847670224,-0.16640286182300223,-0.020175522207799074,-0.3093262549333591,-1.505067065694369,0.5199000038569406
465,15.506666666666668,tracked,1,1,0.34816580432225513,0.7846500922987814,-0.4835122780721306,-0.0881258364112378,-0.16729752500451667,-0.015328536332704243,-0.3070423869515816,-1.5020350942002336,0.5191712125708806
466,15.540000000000003,missing_tag,1,0,,,,,,,,,
467,15.573333333333334,missing_tag,1,0,,,,,,,,,
468,15.606666666666667,missing_tag,1,0,,,,,,,,,
469,15.64,missing_tag,1,0,,,,,,,,,
470,15.673333333333334,missing_tag,1,0,,,,,,,,,
471,15.706666666666667,missing_tag,1,0,,,,,,,,,
472,15.74,missing_tag,1,0,,,,,,,,,
473,15.773333333333335,missing_tag,1,0,,,,,,,,,
474,15.806666666666668,missing_tag,1,0,,,,,,,,,
475,15.840000000000002,missing_tag,1,0,,,,,,,,,
476,15.873333333333337,missing_tag,1,0,,,,,,,,,
477,15.906666666666668,missing_tag,1,0,,,,,,,,,
478,15.940000000000001,missing_tag,1,0,,,,,,,,,
479,15.973333333333334,missing_tag,1,0,,,,,,,,,
480,16.006666666666668,missing_tag,1,0,,,,,,,,,
481,16.040000000000003,missing_tag,1,0,,,,,,,,,
482,16.073333333333334,missing_tag,1,0,,,,,,,,,
483,16.10666666666667,missing_tag,1,0,,,,,,,,,
484,16.14,missing_tag,1,0,,,,,,,,,
485,16.173333333333336,missing_tag,1,0,,,,,,,,,
486,16.206666666666667,missing_tag,1,0,,,,,,,,,
487,16.240000000000002,missing_tag,1,0,,,,,,,,,
488,16.275000000000002,missing_tag,1,0,,,,,,,,,
489,16.308333333333334,missing_tag,1,0,,,,,,,,,
490,16.34166666666667,missing_tag,1,0,,,,,,,,,
491,16.375,missing_tag,1,0,,,,,,,,,
492,16.408333333333335,missing_tag,1,0,,,,,,,,,
493,16.441666666666666,missing_tag,1,0,,,,,,,,,
494,16.475,missing_tag,1,0,,,,,,,,,
495,16.508333333333333,missing_tag,1,0,,,,,,,,,
496,16.541666666666668,missing_tag,0,0,,,,,,,,,
497,16.575,missing_tag,0,0,,,,,,,,,
498,16.608333333333334,missing_tag,0,0,,,,,,,,,
499,16.64166666666667,missing_tag,0,0,,,,,,,,,
500,16.675,missing_tag,0,0,,,,,,,,,
501,16.708333333333336,missing_tag,0,0,,,,,,,,,
502,16.741666666666667,missing_tag,0,0,,,,,,,,,
503,16.775000000000002,missing_tag,0,0,,,,,,,,,
504,16.808333333333334,missing_tag,0,0,,,,,,,,,
505,16.84166666666667,missing_tag,0,0,,,,,,,,,
506,16.875,missing_tag,0,0,,,,,,,,,
507,16.908333333333335,missing_tag,0,0,,,,,,,,,
508,16.941666666666666,missing_tag,0,0,,,,,,,,,
509,16.975,missing_tag,0,0,,,,,,,,,
510,17.008333333333333,missing_tag,0,0,,,,,,,,,
511,17.041666666666668,missing_tag,0,0,,,,,,,,,
512,17.075000000000003,missing_tag,0,0,,,,,,,,,
513,17.108333333333334,missing_tag,0,0,,,,,,,,,
514,17.14166666666667,missing_tag,0,0,,,,,,,,,
515,17.175,missing_tag,0,0,,,,,,,,,
516,17.208333333333336,missing_tag,0,0,,,,,,,,,
517,17.241666666666667,missing_tag,0,0,,,,,,,,,
518,17.275000000000002,missing_tag,0,0,,,,,,,,,
519,17.308333333333334,missing_tag,0,0,,,,,,,,,
520,17.34166666666667,missing_tag,0,0,,,,,,,,,
521,17.375,missing_tag,0,0,,,,,,,,,
522,17.408333333333335,missing_tag,0,0,,,,,,,,,
523,17.441666666666666,missing_tag,0,0,,,,,,,,,
524,17.475,missing_tag,0,0,,,,,,,,,
525,17.508333333333333,missing_tag,0,0,,,,,,,,,
526,17.541666666666668,missing_tag,0,0,,,,,,,,,
527,17.575000000000003,missing_tag,0,0,,,,,,,,,
528,17.608333333333334,missing_tag,0,0,,,,,,,,,
529,17.64166666666667,missing_tag,0,0,,,,,,,,,
530,17.675,missing_tag,0,0,,,,,,,,,
531,17.708333333333336,missing_tag,0,0,,,,,,,,,
532,17.741666666666667,missing_tag,0,0,,,,,,,,,
533,17.775000000000002,missing_tag,0,0,,,,,,,,,
534,17.808333333333334,missing_tag,0,0,,,,,,,,,
535,17.84166666666667,missing_tag,0,0,,,,,,,,,
536,17.875,missing_tag,0,0,,,,,,,,,
537,17.908333333333335,missing_tag,0,0,,,,,,,,,
538,17.941666666666666,missing_tag,0,0,,,,,,,,,
539,17.975,missing_tag,0,0,,,,,,,,,
540,18.008333333333333,missing_tag,0,0,,,,,,,,,
541,18.041666666666668,missing_tag,0,0,,,,,,,,,
542,18.075000000000003,missing_tag,0,0,,,,,,,,,
543,18.108333333333334,missing_tag,0,0,,,,,,,,,
544,18.14166666666667,missing_tag,0,0,,,,,,,,,
545,18.175,missing_tag,0,0,,,,,,,,,
546,18.208333333333336,missing_tag,0,0,,,,,,,,,
547,18.241666666666667,missing_tag,0,0,,,,,,,,,
548,18.275000000000002,missing_tag,0,0,,,,,,,,,
549,18.308333333333334,missing_tag,0,0,,,,,,,,,
550,18.34166666666667,missing_tag,0,0,,,,,,,,,
551,18.375,missing_tag,0,0,,,,,,,,,
552,18.408333333333335,missing_tag,0,0,,,,,,,,,
553,18.441666666666666,missing_tag,0,0,,,,,,,,,
554,18.475,missing_tag,0,0,,,,,,,,,
555,18.508333333333333,missing_tag,0,0,,,,,,,,,
556,18.541666666666668,missing_tag,0,0,,,,,,,,,
557,18.575000000000003,missing_tag,0,0,,,,,,,,,
558,18.608333333333334,missing_tag,0,0,,,,,,,,,
559,18.64166666666667,missing_tag,0,0,,,,,,,,,
560,18.675,missing_tag,0,0,,,,,,,,,
561,18.708333333333336,missing_tag,0,0,,,,,,,,,
562,18.741666666666667,missing_tag,0,0,,,,,,,,,
563,18.775000000000002,missing_tag,0,0,,,,,,,,,
564,18.808333333333334,missing_tag,0,0,,,,,,,,,
565,18.84166666666667,missing_tag,0,0,,,,,,,,,
566,18.875,missing_tag,0,0,,,,,,,,,
567,18.908333333333335,missing_tag,0,0,,,,,,,,,
568,18.941666666666666,missing_tag,0,0,,,,,,,,,
569,18.975,missing_tag,0,0,,,,,,,,,
570,19.008333333333333,missing_tag,0,0,,,,,,,,,
571,19.041666666666668,missing_tag,0,0,,,,,,,,,
572,19.075000000000003,missing_tag,0,0,,,,,,,,,
573,19.108333333333334,missing_tag,0,0,,,,,,,,,
574,19.14166666666667,missing_tag,0,0,,,,,,,,,
575,19.175,missing_tag,0,0,,,,,,,,,
576,19.208333333333336,missing_tag,0,0,,,,,,,,,
577,19.241666666666667,missing_tag,0,0,,,,,,,,,
578,19.275000000000002,missing_tag,0,0,,,,,,,,,
579,19.308333333333334,missing_tag,0,0,,,,,,,,,
580,19.34166666666667,missing_tag,0,0,,,,,,,,,
581,19.375,missing_tag,0,0,,,,,,,,,
582,19.408333333333335,missing_tag,0,0,,,,,,,,,
583,19.441666666666666,missing_tag,0,0,,,,,,,,,
584,19.475,missing_tag,0,0,,,,,,,,,
585,19.508333333333333,missing_tag,0,0,,,,,,,,,
586,19.541666666666668,missing_tag,0,0,,,,,,,,,
587,19.575000000000003,missing_tag,0,0,,,,,,,,,
588,19.608333333333334,missing_tag,0,0,,,,,,,,,
589,19.64166666666667,missing_tag,0,0,,,,,,,,,
590,19.675,missing_tag,0,0,,,,,,,,,
591,19.708333333333336,missing_tag,0,0,,,,,,,,,
592,19.741666666666667,missing_tag,0,0,,,,,,,,,
593,19.775000000000002,missing_tag,0,0,,,,,,,,,
594,19.808333333333334,missing_tag,0,0,,,,,,,,,
595,19.84166666666667,missing_tag,0,0,,,,,,,,,
596,19.875,missing_tag,0,0,,,,,,,,,
597,19.91,missing_tag,0,0,,,,,,,,,
598,19.943333333333335,missing_tag,0,0,,,,,,,,,
599,19.976666666666667,missing_tag,0,0,,,,,,,,,
600,20.01,missing_tag,0,0,,,,,,,,,
601,20.043333333333333,missing_tag,0,0,,,,,,,,,
602,20.076666666666668,missing_tag,0,0,,,,,,,,,
603,20.110000000000003,missing_tag,0,0,,,,,,,,,
604,20.143333333333334,missing_tag,0,0,,,,,,,,,
605,20.17666666666667,missing_tag,0,0,,,,,,,,,
606,20.21,missing_tag,0,0,,,,,,,,,
607,20.243333333333336,missing_tag,0,0,,,,,,,,,
608,20.276666666666667,missing_tag,0,0,,,,,,,,,
609,20.310000000000002,tracked,1,1,0.25891418982183545,0.8099965537052178,-0.4850786108336057,-0.08819139586025301,-0.16433776762753322,-0.020326531149752962,-0.31859245133065683,-1.5013844585633278,0.5196978765213897
610,20.343333333333334,tracked,1,1,0.24385481182783128,0.8190154502425727,-0.4848621617781609,-0.08806548503101827,-0.15930064948841993,-0.028161824677450785,-0.31735032204708524,-1.4990131664988053,0.5179030242288342
611,20.37666666666667,tracked,1,1,0.29125957685546694,0.808119178589011,-0.48206959178245035,-0.08751498478077546,-0.15887046884701678,-0.0241932476455676,-0.3207276386312249,-1.5041667376220438,0.5150628988328985
612,20.41,tracked,1,1,0.24679050597503646,0.805951160932637,-0.4830610775623564,-0.08752200150296227,-0.15817454695282074,-0.027337667516164794,-0.3174133471919299,-1.5028275182602346,0.5157783367945182
613,20.443333333333335,tracked,1,1,0.3964134550320479,0.8229238296591115,-0.4821704891529698,-0.08711622800915444,-0.15339217487394258,-0.03733800860925752,-0.3192784615908283,-1.4973260445351781,0.5134265060406555
614,20.476666666666667,tracked,1,1,0.28782571298371845,0.7930518364414005,-0.48482878726407075,-0.08785875490570089,-0.15789918203873504,-0.03147173592950002,-0.31588918662066706,-1.5054468122740488,0.5174072530048561
615,20.51,tracked,1,1,0.2913527450341752,0.7891332790795248,-0.4855315539576611,-0.08879686698758421,-0.15790040115705728,-0.03390302547804137,-0.3160899903352579,-1.504957537206716,0.5182261187560036
616,20.543333333333333,tracked,1,1,0.3150124890692709,0.7883723108409755,-0.48717248640861804,-0.08888623486406971,-0.1595496329907945,-0.03244788834437001,-0.31357180250660227,-1.5072242833290235,0.5202824998492289
617,20.576666666666668,tracked,1,1,0.2139101247647735,0.8030723081265443,-0.4839194521400393,-0.08724923910855292,-0.1674940111806949,-0.014301806190406179,-0.32248979587441395,-1.5065986558759876,0.5194657925849747
618,20.610000000000003,tracked,1,1,0.21107265129957214,0.7969508256353379,-0.4844831980698597,-0.0865781977559143,-0.16238865503087663,-0.022523428327186377,-0.3174814985292881,-1.5076360469698433,0.5182565280065444
619,20.643333333333334,tracked,1,1,0.17463799596862056,0.7973963947556473,-0.4840690365100037,-0.08742664798994038,-0.15877078798440308,-0.030501778410064396,-0.31846393856296895,-1.5052739173873322,0.5168891699423277
620,20.67666666666667,tracked,1,1,0.16806426389984247,0.8008259727477538,-0.48144339833989946,-0.08926747133356519,-0.1595107077221437,-0.03131489808973305,-0.33033280660745856,-1.500287709788774,0.5149758179967087
621,20.71,tracked,1,1,0.1734917631597625,0.8047210429597722,-0.48080798395624047,-0.08992489447471777,-0.1555754544488827,-0.03929334242885634,-0.3331344104626168,-1.4989144217132775,0.5132899045464755
622,20.743333333333336,tracked,0,1,0.22569859529062258,0.7745323892010372,-0.5006684216258147,-0.08837594909656116,-0.15700682128287752,-0.05954078766917073,-0.2750219035280152,-1.5074159121050952,0.5320999142279164
623,20.776666666666667,tracked,1,1,0.1561621004962047,0.7778855316665048,-0.4813649875389794,-0.08951776458886632,-0.15546764138327318,-0.0389813968530872,-0.32941528633355505,-1.499199995072273,0.513707960735151
624,20.810000000000002,tracked,1,1,0.13562204038779527,0.6425462325839285,-0.4768920015169812,-0.08754342653675931,-0.13818110023003483,-0.060146473673095044,-0.3274667173773006,-1.4919165597729185,0.504166489466974
625,20.843333333333334,tracked,1,1,0.13436112508944564,0.7795478208808809,-0.48387237390089277,-0.089604221170614,-0.13723027666699888,-0.07355643757061305,-0.31891188537837356,-1.4956360316082062,0.5108752680549126
626,20.87666666666667,tracked,1,1,0.1736765083568808,0.7725739062501984,-0.4851187557228597,-0.09050351874340182,-0.15024702279523722,-0.053948745426117974,-0.32174312732221033,-1.4954638295959743,0.5158539152879091
627,20.91,tracked,1,1,0.2179261447953563,0.7258110597892048,-0.4854501584796119,-0.09077128237547061,-0.1501107055082665,-0.061183217907698324,-0.32319114307150554,-1.4967297598806204,0.5161729419295022
628,20.943333333333335,tracked,1,1,0.19380258874998915,0.7920078697710545,-0.4840922526597689,-0.08906271368806185,-0.15317754079247115,-0.04606715523634616,-0.3219806662170985,-1.4987605874002696,0.5155005674661478
629,20.976666666666667,tracked,1,1,0.26125811314339087,0.7612210292813497,-0.4853955984228481,-0.09206798940036018,-0.1551422739832975,-0.04991831657833289,-0.3294025605345864,-1.496694075409328,0.5178363900086669
630,21.01,tracked,1,1,0.1910624494553298,0.7960080890219069,-0.48347473685556447,-0.0904636769676907,-0.1507567961614817,-0.052082931734442034,-0.3272720684485127,-1.4959458533577812,0.5144502984904824
631,21.043333333333333,tracked,1,1,0.20542845166983345,0.7853114598977539,-0.483663954264675,-0.09165670083703148,-0.14921104785096045,-0.05723818331263294,-0.3266710687550841,-1.4955325087664852,0.514388674315495
632,21.076666666666668,tracked,1,1,0.19856607245374924,0.7839466955475746,-0.4838992885548231,-0.09198997639555437,-0.15032171159802898,-0.05453310210836756,-0.3253383148044959,-1.494900485711663,0.5149925185853477
633,21.110000000000003,tracked,1,1,0.2221869332252577,0.7455176214682233,-0.4819036448416223,-0.09034094696154729,-0.14856373799267591,-0.055011537681298205,-0.32782594173121227,-1.4977253528653343,0.5123122035008595
634,21.143333333333334,tracked,1,1,0.18116424368111786,0.7720550600442634,-0.4848421211549008,-0.09121936736264338,-0.15026757987066858,-0.05535479958946285,-0.32301557779918805,-1.4988337581954747,0.51572589714713
635,21.17666666666667,tracked,1,1,0.12402304520149361,0.827599272387428,-0.48331412007863866,-0.09123291803520953,-0.14986905176215293,-0.055023441428475615,-0.32947743129061424,-1.4973375005992529,0.5141757643809117
636,21.21,tracked,1,1,0.2057567914506552,0.7696581153116041,-0.48303259642451124,-0.08955983292006878,-0.14996071276633016,-0.05037684847700144,-0.32349581563895563,-1.4980947465363816,0.5136435225471662
637,21.243333333333336,tracked,1,1,0.25614947619788025,0.7617597447222524,-0.4807486237082773,-0.0902368285999926,-0.14744361161151837,-0.055658693322015215,-0.3288029832308409,-1.4949720228697199,0.5108831011476457
638,21.276666666666667,tracked,1,1,0.18039432564638316,0.7676005512600179,-0.4813810369283345,-0.08997074784792047,-0.1483513542710247,-0.05452338023826208,-0.3273564529195233,-1.494938911433305,0.5116938171373187
639,21.310000000000002,tracked,1,1,0.17467501228219112,0.7855613089125042,-0.48153477352553725,-0.0894078495432418,-0.14649776399439907,-0.0581394854381127,-0.3242120447167915,-1.4960719934803297,0.5112055325694315
640,21.343333333333334,tracked,1,1,0.18850572709580277,0.7798240259455536,-0.47996609567361426,-0.08977257925630996,-0.14977389097818444,-0.051970526244668955,-0.32944090439548446,-1.494957109454963,0.5107433674569338
641,21.37666666666667,tracked,1,1,0.17429483750149494,0.7844232493990331,-0.48185253189296096,-0.0914022355425764,-0.14879810278961864,-0.05282703751442182,-0.32293787152489634,-1.4961919260918506,0.5125203474474233
642,21.41,tracked,1,1,0.16103500847255586,0.7900288105033517,-0.4820810190959697,-0.09107620609453371,-0.1499298721763424,-0.05043742724835795,-0.32496900488969604,-1.4966983993674698,0.5130067746726129
643,21.443333333333335,tracked,1,1,0.2025908805242344,0.7778671487946127,-0.482461725308894,-0.0911902388234842,-0.14758042727995635,-0.05548648591936749,-0.3227842933805979,-1.4965521894050906,0.5127035776751058
644,21.476666666666667,tracked,1,1,0.2611627402213498,0.7740092955996346,-0.48421751625471454,-0.0914859939667004,-0.14894273291690113,-0.05076553922808101,-0.3168930361145215,-1.498957945724173,0.5148011536785007
645,21.51,tracked,1,1,0.30041361924699705,0.7629663699511007,-0.48398054223485354,-0.09227626370512917,-0.14907483455395143,-0.050751883624409654,-0.3197833913286722,-1.4963844964751594,0.5147575938270453
646,21.543333333333333,tracked,1,1,0.2241594237970196,0.7792674358252315,-0.48385732025931516,-0.09335217600647397,-0.14854174708145285,-0.054456370598925594,-0.32143905025196245,-1.4947321311212733,0.5146816353433251
647,21.576666666666668,tracked,1,1,0.2160299364196093,0.7800069217968388,-0.4826433554027907,-0.09409791852199684,-0.15329790830856332,-0.049027830866308394,-0.3268219446551151,-1.4935300688539246,0.5150721070650376
648,21.610000000000003,tracked,1,1,0.2878357610031955,0.7533663384096786,-0.4823364603911272,-0.09363160812097532,-0.14888287959715135,-0.050596439313471464,-0.3229694663356047,-1.4933899514007063,0.5134018415423742
649,21.643333333333334,tracked,1,1,0.27557349178280405,0.6947998779299651,-0.4821347794388125,-0.09333732959900204,-0.1485002132941486,-0.04797270458571812,-0.3228721611615372,-1.4956168286862672,0.5130478691015028
650,21.67666666666667,tracked,1,1,0.18462065453975815,0.7652929244158478,-0.4837919879311958,-0.0950825605909511,-0.14962296841697936,-0.055403588141067835,-0.3263429759780975,-1.4956003177639574,0.5152498555000852
651,21.71,tracked,1,1,0.2923029033950618,0.7442989665105716,-0.48337698366239334,-0.09558637532775788,-0.14773387295418483,-0.06228849647829691,-0.3284953580336824,-1.4919453045442213,0.5144077766722582
652,21.743333333333336,tracked,1,1,0.30502881896442474,0.756318529274425,-0.4846233688150181,-0.09501229920177318,-0.15111327001748776,-0.05264823242611276,-0.3252603749625342,-1.4943112923334647,0.5164517082715503
653,21.776666666666667,tracked,1,1,0.27516448859552245,0.755071895231523,-0.484125944649628,-0.09561421893789676,-0.15117280999710536,-0.05299343583554799,-0.3273490588101683,-1.4932188061209526,0.516113580162758
654,21.810000000000002,tracked,1,1,0.28526776638707746,0.7745997656078154,-0.48292334402694775,-0.09529357615030704,-0.15161701163384872,-0.0484580069042828,-0.32856638174020925,-1.4941239513165034,0.5150568318918435
655,21.843333333333334,tracked,1,1,0.22199216039721384,0.7455689647433137,-0.48263814871485783,-0.09519169277356188,-0.1513089162117383,-0.046507095481923846,-0.32647721392790535,-1.495028512947157,0.514679928784067
656,21.87666666666667,tracked,1,1,0.19601410943894093,0.7529733651041487,-0.4833266318536448,-0.0963280625539927,-0.14964930983254832,-0.05096320247650379,-0.3268172484528346,-1.4933903823827976,0.5150520795295876
657,21.91,tracked,1,1,0.2111459518799801,0.7277577698554691,-0.4850728313417372,-0.09619622736597505,-0.1500706437010516,-0.0490546667729856,-0.3260999069493957,-1.4928918618953397,0.5167887034041899
658,21.943333333333335,tracked,0,1,0.19476217593955925,0.8136689584091348,-0.4982172050176576,-0.09638958800617003,-0.1571802536544371,-0.062150452698770835,-0.2640826693154014,-1.5067249879212417,0.5312409699848827
659,21.976666666666667,tracked,1,1,0.2904676590585872,0.7634845643362377,-0.4829184218627113,-0.09505995190509517,-0.15508288500601847,-0.04149252242482213,-0.3260554167200661,-1.4905766659955695,0.5160400157471904
660,22.01,tracked,1,1,0.22947797035115608,0.7590675353709855,-0.48457994777383256,-0.0949688636595638,-0.1460573790550843,-0.05917472019765647,-0.31968373849539977,-1.4907215024592104,0.5149461805137695
661,22.043333333333333,tracked,1,1,0.174443749020785,0.79442046374393,-0.48045053869311083,-0.09331402728117671,-0.15317204625587927,-0.03990543598984864,-0.32390083735255154,-1.4920174693482984,0.5128371121244502
662,22.076666666666668,tracked,1,1,0.19860477111745842,0.7878058365480763,-0.484453272785015,-0.094945335920579,-0.14789789517123553,-0.05869061107058636,-0.320423392935298,-1.4926628026112532,0.5153478220787059
663,22.110000000000003,tracked,1,1,0.24118773278439146,0.7596259354223391,-0.48139518167225676,-0.09464478962847472,-0.15393615604519234,-0.04184427712877274,-0.3250858331040179,-1.4915228552858113,0.5141938324008303
664,22.143333333333334,tracked,1,1,0.1859086109227411,0.7921865341595342,-0.4805135406859388,-0.09345088817780739,-0.15905384418963925,-0.030992228349885062,-0.31526704434429054,-1.4997183812944126,0.514708127617255
665,22.17666666666667,tracked,1,1,0.3590982944898744,0.7463245108008127,-0.48479945433666016,-0.09454216135856772,-0.15674880968111454,-0.04400376002330645,-0.321211333614246,-1.4956801604790404,0.5182074107304132
666,22.21,tracked,1,1,0.1949514040648662,0.7911764793098984,-0.48061468875956814,-0.0927248027668417,-0.1704321926012612,-0.010468770832736393,-0.3178243719155037,-1.5030056123912874,0.5183005888232036
667,22.243333333333336,tracked,1,1,0.25961480353221034,0.7584950363493164,-0.48345150099133305,-0.09391795221569119,-0.15954423306670862,-0.033697538236217274,-0.3165958268092331,-1.4973692048608715,0.5176874519089737
668,22.276666666666667,tracked,1,1,0.28237804646191267,0.7328926416184757,-0.4866010703017375,-0.09269654387532536,-0.14854252332729861,-0.055513612692620805,-0.30626817670018897,-1.4977011664076596,0.5171442082259722
669,22.310000000000002,tracked,1,1,0.20357209504117568,0.7349558400806321,-0.4851662672951569,-0.09504414251627913,-0.1589102368056201,-0.0398371683535301,-0.3194512928815703,-1.4960103383275958,0.5192996815995449
670,22.343333333333334,tracked,1,1,0.22060024847414758,0.7811311332141211,-0.48390951491659445,-0.09187119530430124,-0.15712661881420187,-0.03698449640354414,-0.31268486398630435,-1.4985072143540759,0.5170082296186767
671,22.37666666666667,tracked,1,1,0.19911932012775027,0.8076991608384455,-0.4836006237565874,-0.09215912827426259,-0.16092051956286185,-0.03645169528891136,-0.3088988716732531,-1.5018986716314484,0.5179365615965085
672,22.41,tracked,1,1,0.16548748193073493,0.7905845057533725,-0.48333667028341143,-0.09107874045770209,-0.1551281969351901,-0.0464557221302908,-0.3047381756703917,-1.502364107061459,0.5157270899306916
673,22.443333333333335,tracked,1,1,0.1759265395115252,0.7783621702347265,-0.4838432133754922,-0.08856829493790924,-0.17759772005173463,-0.006279388330184965,-0.30382274792276087,-1.5103396574923857,0.5229622817807273
674,22.476666666666667,tracked,1,1,0.13719510804085877,0.7659206122312957,-0.48422379398413185,-0.08787521632986495,-0.17763487732405514,-0.0003258544649065938,-0.30814527364124306,-1.5078743731710862,0.5232101737804222
675,22.51,missing_tag,0,0,,,,,,,,,
676,22.543333333333337,tracked,1,1,0.2326891968251285,0.7367994036147949,-0.48879145267876556,-0.0901064654189459,-0.1606103789504233,-0.02811936948114224,-0.29928750146906347,-1.5034099274876112,0.5223331821248888
677,22.576666666666668,tracked,1,1,0.1897289302167735,0.7095971445643213,-0.48808110610364175,-0.09129236717368472,-0.16400316071327914,-0.023972169077359145,-0.3038675640840913,-1.5009903833941083,0.5229287706403951
678,22.610000000000003,tracked,1,1,0.139894908831116,0.6999262470448556,-0.4888155024110595,-0.09285705064729327,-0.16117617772237947,-0.031495503585630025,-0.3033252759260059,-1.4973497151037292,0.5230112690157704
679,22.643333333333334,tracked,1,1,0.21516391111163463,0.7561369132067501,-0.47209817137790766,-0.08270480223082946,-0.13627602959562257,-0.05949830577543382,-0.3127585852443158,-1.487030312841949,0.49828498268837274
680,22.67666666666667,tracked,1,1,0.1951210398885911,0.827004229443351,-0.4754256671610484,-0.0851057026054928,-0.1250169203098594,-0.07933694275978591,-0.30993963646171974,-1.4824982281385528,0.49890056722283277
681,22.71,tracked,0,1,0.014674614474496358,0.7885359660822022,-0.4994772203229422,-0.09128831811470303,-0.1627307640669412,-0.028017062827438766,-0.26159614158143435,-1.5005371108354297,0.533190727807184
682,22.743333333333336,tracked,1,1,0.031494607302358,0.7696242178584111,-0.49288455314910856,-0.09250395928706004,-0.16711399070154276,-0.02610775476691504,-0.2974290909540029,-1.4999194164854455,0.5286012212480915
683,22.776666666666667,tracked,1,1,0.09503121976275049,0.7747282993766113,-0.4934386015145428,-0.09205612471969993,-0.1631814488049988,-0.03096497363741062,-0.29318446550655036,-1.5020866809553872,0.5278107319836677
684,22.810000000000002,tracked,1,1,0.12995517807059442,0.7363154697253634,-0.49319348549613806,-0.0926166041259148,-0.16318565332828666,-0.029663823684782247,-0.2965471290369446,-1.5022890021672257,0.527680970803217
685,22.843333333333334,tracked,1,1,0.1015523091141139,0.771018012009109,-0.49286678625435554,-0.0942682164503337,-0.16380803826279533,-0.04201121732834904,-0.30478232723648124,-1.4995789584408041,0.5278610035084321
686,22.87666666666667,tracked,1,1,0.0780336378665135,0.7377620893191217,-0.4948955480664218,-0.09367798310429662,-0.15962859402181978,-0.044335472445791106,-0.2953044279517065,-1.4958913377466876,0.5283734058824647
687,22.91,tracked,1,1,0.10342190943269869,0.7111669905967469,-0.49378813920674614,-0.093669468401604,-0.1629096388005566,-0.03187904903924845,-0.2930212886294669,-1.5002021103236252,0.5283372466010965
688,22.943333333333335,tracked,1,1,0.12829930597973596,0.7198968686605074,-0.493789812489735,-0.09355762486759248,-0.16694988349032208,-0.022043476272325682,-0.2914113404599514,-1.5035146808357904,0.5295787681610215
689,22.976666666666667,tracked,1,1,0.09893858093970283,0.7656007516536432,-0.4928086957795911,-0.09455404764650002,-0.16279596447528383,-0.03230220843729562,-0.2966670085654546,-1.502021905082484,0.5275446944210093
690,23.01,tracked,1,1,0.031173626488559578,0.7378229388306912,-0.4942003916331502,-0.09486484404909504,-0.16313966863392687,-0.03515761840106013,-0.29912724261698476,-1.5071705662892252,0.5290065379641405
691,23.043333333333337,tracked,1,1,0.08725363487440839,0.7609506152646613,-0.4921211384032833,-0.09683562214146207,-0.18064744268115057,-0.015716949399929667,-0.3107953049353661,-1.5019428565296948,0.5330983503314441
692,23.076666666666668,tracked,1,1,0.10870781897457131,0.7302835172416036,-0.49338824532309833,-0.09536088625638814,-0.1765544887751141,-0.020831149772173752,-0.30132281394300015,-1.506059127946963,0.5326322809943569
693,23.110000000000003,tracked,1,1,0.17412902919042506,0.7458287547517123,-0.49429953117606523,-0.094335465145447,-0.1637910661099699,-0.038023737106644,-0.2929833821274847,-1.5078815430835053,0.5292057443400688
694,23.143333333333334,tracked,1,1,0.26137129555237726,0.7450397847813666,-0.49297543606771954,-0.09136743280267484,-0.16008050942836516,-0.034319211330293864,-0.2870071594308676,-1.511495606204447,0.5263065246051529
695,23.17666666666667,tracked,1,1,0.11295168184858671,0.7393214749225799,-0.49435863417572157,-0.09356264415258198,-0.15369248649601985,-0.058663100334397485,-0.2937610415335976,-1.4991312226251214,0.526085361866529
696,23.21,tracked,1,1,0.12341446963111397,0.7225072283589118,-0.49566909998100517,-0.09472127530940117,-0.16326491579714547,-0.044060814206341066,-0.29303955161829015,-1.5042577173205385,0.5303917508808637
697,23.243333333333336,tracked,1,1,0.22566144031126423,0.71174787354309,-0.4941210422733935,-0.09496720263828654,-0.1648700837674279,-0.033347867732693715,-0.29265073395387237,-1.4997875594075978,0.5294870333783112
698,23.276666666666667,tracked,1,1,0.19225589259013057,0.7192648516995572,-0.4941414412513073,-0.09411488941253349,-0.16794450066614447,-0.023239107508140316,-0.29187866423653364,-1.5014863965385006,0.5303194619048534
699,23.310000000000002,tracked,1,1,0.17441837165759153,0.72518283229978,-0.49502565058230535,-0.09402238436460031,-0.15735156436409964,-0.04496358249105766,-0.2902480211682273,-1.502675969413303,0.5278732028658669
700,23.343333333333334,tracked,1,1,0.17624649268535933,0.7351470206686669,-0.4928184865387104,-0.09449836707409304,-0.15893407789281394,-0.040866338730159386,-0.2959899451633683,-1.4968411645649822,0.5263649334536014
701,23.37666666666667,tracked,1,1,0.09138793117125091,0.7461463885935942,-0.4915507100435228,-0.09581528562626107,-0.16241858861163722,-0.028647924389902817,-0.2975686076030212,-1.5025169288888631,0.5264812127992125
702,23.41,tracked,0,1,0.0905415545416875,0.7256893308071557,-0.5000946464732792,-0.09607704737176856,-0.16594454173504597,-0.024782481284385427,-0.26672130114579984,-1.4980961188469357,0.5355959721605135
703,23.443333333333335,tracked,1,1,0.22236404302408055,0.6436077706228999,-0.4951592838783988,-0.09577765000994182,-0.16869584856748915,-0.02699804119252186,-0.29199218810355765,-1.5014084326345942,0.5318029371640409
704,23.476666666666667,tracked,0,1,0.06063567788291319,0.7488083817648706,-0.5016518387929447,-0.0972864909941954,-0.1686573222511506,-0.025706155245579995,-0.26922038206639964,-1.498278513802877,0.5381119967471778
705,23.511666666666667,tracked,1,1,0.14498606147789345,0.7026708416538197,-0.49368495290356335,-0.09597675673183909,-0.17073192761284578,-0.01989546372398687,-0.2982453385892032,-1.4992950105190348,0.531117465032505
706,23.545,tracked,1,1,0.16968538208050477,0.6894283750598358,-0.4924909793055102,-0.09831214387744652,-0.16908864980005844,-0.024361040729543215,-0.304094193643715,-1.4941018632181378,0.5299090618420175
707,23.578333333333333,tracked,1,1,0.15919030128209663,0.7348748714020165,-0.4919674018988519,-0.09815220187268145,-0.1676164319027857,-0.025417684099121655,-0.3037557157111354,-1.4948683754675274,0.5289244251378293
708,23.611666666666668,tracked,1,1,0.19061177724253037,0.7010815234917405,-0.49264604756102504,-0.09766692084255046,-0.16693347095926686,-0.02378113773729316,-0.2970807823056552,-1.4967837060562106,0.5292501670579549
709,23.645000000000003,tracked,1,1,0.2340592863666882,0.693854787823561,-0.49437856379143674,-0.10194660064620831,-0.17114459751065664,-0.02940879124827327,-0.3115038213634255,-1.490791496656827,0.5330044530553998
710,23.678333333333335,tracked,1,1,0.12506812849492807,0.7006897428916606,-0.49174067364413887,-0.10007578055393648,-0.17265257626453068,-0.017792861947648193,-0.3065383577676256,-1.4958729388093206,0.530691025042115
711,23.71166666666667,tracked,1,1,0.12353379512996296,0.6958617893681917,-0.4933526465673217,-0.10070734728625214,-0.17111980400281213,-0.02326069962466122,-0.3050963849746892,-1.496884445200661,0.5318089797985507
712,23.745,tracked,1,1,0.15440538441852805,0.7125897666372936,-0.4924898311806273,-0.09863606835624389,-0.16649957662411047,-0.024123722605035047,-0.29801195627653976,-1.4989329189873954,0.529147821325108
713,23.778333333333336,tracked,0,1,0.18561337656694138,0.6814072175900225,-0.503567404134351,-0.10131395755028555,-0.1664273985765462,-0.03431986009254833,-0.2676286211861367,-1.4966311215420065,0.5399469673014808
714,23.811666666666667,tracked,1,1,0.2619720270923064,0.6911292489297444,-0.4915228253379915,-0.09932973676600834,-0.1719408703773393,-0.017209993226230937,-0.3049616791962774,-1.4974655390796747,0.5301176731069841
715,23.845000000000002,tracked,1,1,0.2174806077486269,0.6926496271817526,-0.4925764463625909,-0.09816843441272571,-0.16728618758672287,-0.024399679407708735,-0.2947546213041355,-1.4984933207508375,0.5293895216034639
716,23.878333333333334,tracked,1,1,0.26638283098895693,0.6392366090832047,-0.49234164851811035,-0.09973323405679085,-0.171874379931502,-0.020036530510536693,-0.3022485821796874,-1.4970296873971918,0.5309310871646108
717,23.91166666666667,tracked,1,1,0.25336296303655115,0.6508920605941884,-0.49472090085665676,-0.09850925458670176,-0.17289523297111076,-0.020056170042174828,-0.2994607129687179,-1.5007151633564526,0.533240662897893
718,23.945,tracked,0,1,0.30758866841731763,0.637129506090206,-0.5052978693715263,-0.10156835050032847,-0.169499037234983,-0.03637010250987514,-0.2698118576833673,-1.5014777359796094,0.5425605866982487
719,23.978333333333335,tracked,1,1,0.27356339563286586,0.6225179598963462,-0.495964432747895,-0.10153960247779062,-0.17346707692606572,-0.02847666346092673,-0.310316829601573,-1.4968817073570675,0.5351465558139775
720,24.011666666666667,tracked,1,1,0.3004806443305511,0.6181316642930262,-0.49811508416345673,-0.1013995988071692,-0.17366981334930143,-0.032537843894077295,-0.3062434289699855,-1.499477883075365,0.5371794111637225
721,24.045,tracked,1,1,0.3184773989408261,0.6602951082376436,-0.49670739743687037,-0.10033307803740593,-0.17074462511451477,-0.03259472526600366,-0.30334913955160997,-1.4986709228231831,0.534732355690644
722,24.078333333333333,tracked,1,1,0.29317149235875983,0.6910355128878154,-0.49602059409325816,-0.09979485217172412,-0.16912870519812595,-0.032397025439391325,-0.3004423721758513,-1.4950731478352135,0.533479110375092
723,24.111666666666668,tracked,1,1,0.2719271447620281,0.7100395858073083,-0.49482607782555904,-0.09928629806290479,-0.17070173859725435,-0.025433683746470346,-0.30119822724736434,-1.4967625903596524,0.5327754685037474
724,24.145000000000003,tracked,1,1,0.22901914658323608,0.7222204906025954,-0.493980424621227,-0.09889844233035774,-0.1700174834233621,-0.02252553818521878,-0.2999447914184224,-1.4969055046650208,0.5316986989583029
725,24.178333333333335,tracked,1,1,0.2278363675822256,0.6996181922837647,-0.49360385913727783,-0.09957464982124628,-0.17210164177319004,-0.018999692213458954,-0.3065361647352773,-1.4953906991975798,0.5321455212094385
726,24.21166666666667,tracked,1,1,0.2335190303882566,0.6901298139515574,-0.4940407010000598,-0.09808233871530528,-0.17386399965742177,-0.01461773966705911,-0.3012581690578914,-1.497587143469723,0.5328461783567283
727,24.245,tracked,1,1,0.21279103831687382,0.6884796696995097,-0.49324390886794456,-0.09804170030900314,-0.17397779858846402,-0.011789225762175793,-0.29936818494313794,-1.497287229780447,0.5321372032065581
728,24.278333333333336,tracked,1,1,0.2323106084858505,0.7011676656254573,-0.49359501967387576,-0.09735417118026465,-0.17275777449132207,-0.012816089562016039,-0.29563203683165185,-1.4982752347274322,0.5319390253969383
729,24.311666666666667,tracked,1,1,0.19238046121638272,0.7515071599684843,-0.49258727421111215,-0.09884402823845737,-0.17104553281503426,-0.014794158365815355,-0.300565974366842,-1.497564026394169,0.5307249183231529
730,24.345000000000002,tracked,1,1,0.18930611718015236,0.747694192259422,-0.492710811884171,-0.09835771883638325,-0.17337279372021375,-0.012057428000428947,-0.3003086325984649,-1.497694152577323,0.5315038199341635
731,24.378333333333334,tracked,1,1,0.20874645130617916,0.7063538975181866,-0.494816510906876,-0.0975221726251718,-0.1720167803134719,-0.014853033135769059,-0.2934940877273674,-1.5016759949694662,0.5328637033322889
732,24.41166666666667,tracked,1,1,0.25155872400891693,0.6597540710516179,-0.49686940353513204,-0.10006976803428971,-0.17232062533258474,-0.02350712395169202,-0.29746219239609767,-1.4986753245889974,0.5353387344091659
733,24.445,tracked,1,1,0.21408633605075808,0.6879809443625772,-0.4966442862260486,-0.09922208316475159,-0.17371072103744728,-0.021378348870241457,-0.3014200492633776,-1.4962439480746224,0.5354213139499435
734,24.478333333333335,tracked,1,1,0.17018451024180672,0.7053646691668071,-0.49482084833700923,-0.098041748984009,-0.17353025127983035,-0.021385206239905488,-0.30132427642206805,-1.500785747566876,0.5334534699503247
735,24.511666666666667,tracked,1,1,0.22713606703294417,0.6532639567942896,-0.49531767845813746,-0.09650862220339024,-0.1759668524153482,-0.011600492169065776,-0.2953146552084291,-1.503472093932128,0.5344322687691309
736,24.545,tracked,1,1,0.21803250322909973,0.6776280629226076,-0.49549531144537196,-0.09582780166789387,-0.17267679049770196,-0.01611759580983312,-0.2936753283355773,-1.5035933348152692,0.5334002673541086
737,24.578333333333333,tracked,1,1,0.18850324067108626,0.7005100397674762,-0.49679005075061833,-0.0970894522445945,-0.17503048971467677,-0.02088300901668977,-0.29821934630998254,-1.5032092201503864,0.5355953590087548
738,24.611666666666668,tracked,1,1,0.18321306729757209,0.7338844797698152,-0.497201148001657,-0.09875993790858559,-0.1747031990323541,-0.02573139924716848,-0.3030359152228106,-1.4996633626412175,0.5361750783671427
739,24.645000000000003,tracked,1,1,0.1922257404917287,0.713577498628002,-0.4951689774597682,-0.09900068232316972,-0.17626317314262596,-0.01879825262463628,-0.30455555657000677,-1.4975682569169682,0.5348477891375386
740,24.678333333333335,tracked,1,1,0.2453054609450182,0.719459028296298,-0.49728182758565354,-0.09766206522090537,-0.17399048747821472,-0.023046013896108202,-0.29504344507167707,-1.4990088123890521,0.5358169321354513
741,24.71166666666667,tracked,1,1,0.2752863674591247,0.7086693504442262,-0.495587259930964,-0.09705660645101619,-0.17307485787909127,-0.02148241586603369,-0.30064613308797034,-1.4996868358664617,0.533836701147023
742,24.745,tracked,0,1,0.20883670744231786,0.7170249984092921,-0.5051350035521219,-0.10214460138211778,-0.16936284239233385,-0.0387799871365364,-0.2737869759697093,-1.4962477933355691,0.5424745743242945
743,24.778333333333336,tracked,1,1,0.20655871781206422,0.6680413954560418,-0.49591176375384893,-0.09801261999151598,-0.17439055000150766,-0.017999556333069475,-0.3015261377350034,-1.5007871709485197,0.5347401378584582
744,24.811666666666667,tracked,1,1,0.17776909289541,0.6887412855611047,-0.4953099484478124,-0.09693168255564741,-0.17561038701621767,-0.014502602733276988,-0.2999801019294426,-1.501293353982303,0.5343844160736998
745,24.845000000000002,tracked,1,1,0.20455485494801462,0.6895920992815521,-0.4950748975163958,-0.09769154527683316,-0.1749493127522841,-0.016392935871885655,-0.3021602051142882,-1.500057369480188,0.5340880584715799
746,24.878333333333334,tracked,1,1,0.2842514682082418,0.6689252619586259,-0.4963288036164482,-0.09799356374736135,-0.17430496299007953,-0.019896312959865464,-0.3025340767958765,-1.4987771567549704,0.5350955428315731
747,24.91166666666667,tracked,1,1,0.24078752883553053,0.6881073302210003,-0.4953044837902787,-0.09823837827247608,-0.17471964354050762,-0.019112094178274044,-0.30371328106313045,-1.4987388678546223,0.534325990821411
748,24.945,tracked,1,1,0.1429802099365155,0.7103520435873063,-0.49440598530580593,-0.09719214033186643,-0.17337747484216293,-0.016279540474150606,-0.29753792399965306,-1.5008680127440142,0.5328633401080796
749,24.978333333333335,tracked,1,1,0.16758072142576072,0.7310759500562038,-0.4953203074611817,-0.0974641994709696,-0.17933250236971915,-0.011133755112588491,-0.30416175841629267,-1.4990559557947198,0.5357253247403392
750,25.011666666666667,tracked,1,1,0.14087323651291142,0.755133485812124,-0.4966245302842668,-0.09781820786210335,-0.17695260637255456,-0.017688042433356057,-0.30248122904721375,-1.4978441578444557,0.5362056981900346
751,25.045,tracked,1,1,0.29072458146401176,0.690132533705565,-0.4960065737142323,-0.09693653046779277,-0.17511171425014677,-0.01643140308487881,-0.2976107400149585,-1.4997583387857152,0.5348675766715445
752,25.078333333333337,tracked,1,1,0.23600933372055785,0.7223396523371832,-0.4976762438785124,-0.09760671542033103,-0.17666739315239172,-0.020152125311790992,-0.3012390218388723,-1.5003651691878266,0.5370475606679839
753,25.111666666666668,tracked,1,1,0.20484215510328563,0.7287141514286166,-0.49790602457335575,-0.09710449404902527,-0.17617390534749156,-0.022412040387032987,-0.30305690599189417,-1.5003901371533575,0.5370073900761024
754,25.145000000000003,tracked,1,1,0.19102579194838865,0.7173906210470644,-0.4974861694512207,-0.09651537464745172,-0.17682282374342279,-0.021162463279117593,-0.301735905873322,-1.5010274537566992,0.5367252717500678
755,25.178333333333335,tracked,1,1,0.2139261216829432,0.7045028307243367,-0.4961199626797659,-0.09575493343903344,-0.17740810523033945,-0.014666605935018923,-0.30119421073645347,-1.5018502243051344,0.5355162560078874
756,25.21166666666667,tracked,1,1,0.20966209426290522,0.7079593960479771,-0.49547483866047015,-0.09543574441313099,-0.17506319874573628,-0.013442173195641617,-0.2968033183871161,-1.5023210966254297,0.534088401495854
757,25.245,tracked,0,1,0.22200062243342367,0.7181802032277758,-0.5053465254457083,-0.10149134059147918,-0.17022044610562986,-0.033392099853292403,-0.27255825786196614,-1.4958727479260838,0.5428172835010923
758,25.278333333333336,tracked,1,1,0.1979710210669431,0.6786452201765283,-0.49582393057497504,-0.0955799914350958,-0.17735956406954556,-0.011204753577669367,-0.29812768861242683,-1.5027378713445962,0.5351946560462744
759,25.311666666666667,tracked,0,1,0.22418018614060062,0.6992326892162617,-0.505966583588607,-0.10265270290890549,-0.17144677608385356,-0.03388491041493481,-0.2763575401819621,-1.4952949429339746,0.5439979394743861
760,25.345000000000002,tracked,1,1,0.21982927728156348,0.7091383493071766,-0.49553314504321155,-0.0944363803497324,-0.1771962473183234,-0.007816218311856605,-0.294421250794068,-1.5039055616498231,0.534667969709868
761,25.378333333333334,tracked,0,1,0.1826073169856966,0.7347433702274067,-0.5061998942052803,-0.10250081102377911,-0.1708746316055948,-0.03727909557334106,-0.27838459716935904,-1.49368875208051,0.5440063316546208
762,25.41166666666667,tracked,0,1,0.22899380089446164,0.727753879201747,-0.5055908734530881,-0.10249327460620164,-0.17211649314647876,-0.038884867661828325,-0.28216677949136004,-1.4933921874092762,0.5438300192813934
763,25.445,tracked,1,1,0.26634853209741105,0.716821118371133,-0.4959988621727468,-0.09681618361307268,-0.17965965435788617,-0.013594390983115904,-0.30785839837060824,-1.499403666979692,0.5363448853956331
764,25.478333333333335,tracked,1,1,0.2850468718234877,0.7114097299703888,-0.4978334949039959,-0.09717148469175058,-0.1807343380463775,-0.017048987843458718,-0.3071469371687206,-1.499082606182128,0.5384657714605343
765,25.511666666666667,tracked,0,1,0.21021633998938855,0.7171817337402946,-0.5072333941107412,-0.1028332905282675,-0.17291936812692327,-0.0366145269578793,-0.2775059608712807,-1.494931197549146,0.5456752785452058
766,25.545,tracked,0,1,0.24523568129209777,0.7047710090978474,-0.5066392460590818,-0.10244244426183155,-0.1730539442346375,-0.03527911134797168,-0.2769073048609654,-1.4959227842505878,0.5450921460164496
767,25.578333333333337,tracked,0,1,0.2610895849369653,0.6752226502694965,-0.5077624372756735,-0.1036388323382314,-0.17334239693678616,-0.03724649018249284,-0.2756588816011848,-1.4949862974117334,0.5464533711602066
768,25.611666666666668,tracked,0,1,0.23427200697666123,0.6866080499247227,-0.508076466505509,-0.1036660049469032,-0.17249881615453316,-0.038613862754478444,-0.27374028843329656,-1.495961433879384,0.5464834654160091
769,25.645000000000003,tracked,0,1,0.16310993394175413,0.7056555739235215,-0.5068337235155252,-0.10365366512323546,-0.17226739089227694,-0.038286415513576415,-0.27598071300069105,-1.4937240588094993,0.5452527483203768
770,25.678333333333335,tracked,0,1,0.14779487974105043,0.6622855667554406,-0.5064074163690094,-0.1027811709493211,-0.17355215174424565,-0.035972153114561096,-0.2767230452695614,-1.4938840711824617,0.5450988807824747
771,25.71166666666667,tracked,1,1,0.23565302064387378,0.6725458412000396,-0.49828954184743673,-0.09636850640639305,-0.1799155457127794,-0.014872887243716309,-0.3025946924251811,-1.5006977412958495,0.5384690892991487
772,25.745,tracked,0,1,0.20873638925460536,0.7023239719912259,-0.5072270155222196,-0.10335078941104348,-0.1736858067346559,-0.03590668162057135,-0.27621208453186674,-1.4949781689485109,0.5460104306774112
773,25.778333333333336,tracked,0,1,0.210148537959978,0.7081759566197027,-0.5069344558998952,-0.1033899054322191,-0.17350837248882028,-0.03419279641202086,-0.2757865944691999,-1.4955297809668542,0.5456896283122167
774,25.811666666666667,tracked,0,1,0.21345061277967298,0.7049560780874755,-0.5066380272111942,-0.10300655328130193,-0.1741892846718056,-0.03498173990531891,-0.2784904664911673,-1.4951035194234448,0.5455587480096161
775,25.845000000000002,tracked,1,1,0.2400935528458831,0.6998045145029222,-0.4990255907765374,-0.09411008123640296,-0.18068411694796427,-0.01102026213916597,-0.2907958601086193,-1.5066000144272198,0.5390083466491592
776,25.878333333333334,tracked,1,1,0.276029875195921,0.6551516538488609,-0.5001181389261249,-0.0943228960664636,-0.18244120385825735,-0.010578382711762471,-0.2909278723539619,-1.5055720713174139,0.5406475325667786
777,25.91166666666667,tracked,1,1,0.23406395468058333,0.6885860625530902,-0.4975670393036423,-0.09555929317967271,-0.17994918950996802,-0.014945399253742024,-0.30001926440732685,-1.502361961467753,0.5376674138532903
778,25.945,tracked,1,1,0.2289554470678162,0.7187894256118498,-0.4997013452254117,-0.09183741875814802,-0.18116699064577818,-0.009366081393902903,-0.28918449925225287,-1.5072206735301987,0.5394043236792722
779,25.978333333333335,tracked,0,1,0.2969584017931285,0.7022165710228753,-0.5074266617857015,-0.10394085364160405,-0.17390596438983968,-0.03956392249263651,-0.2800042885493108,-1.4929579459121844,0.5463778935838146
780,26.011666666666667,tracked,0,1,0.21597590816362294,0.7046847980759969,-0.5069012578079406,-0.10312450167984966,-0.17442044450620525,-0.03861104018760145,-0.2805792658963759,-1.496386542885703,0.5458992942619837
781,26.045,tracked,1,1,0.20008039512121914,0.7016357944556977,-0.5012397403284533,-0.09481249311695228,-0.17817410763290364,-0.021178999238001255,-0.29170365784078695,-1.5076136326080163,0.5403486825803955
782,26.078333333333337,tracked,1,1,0.23224613166602173,0.7118982250689592,-0.5008748759275804,-0.09412649686042635,-0.18030008309868684,-0.015273093313062175,-0.2895108519554779,-1.5085333278790904,0.5405955592789108
783,26.111666666666668,tracked,1,1,0.26103700464845786,0.6931952086686444,-0.5004129296464783,-0.09434538228727424,-0.18197786136534233,-0.011338668670869845,-0.2913452229412855,-1.5063577373200259,0.5407680587307344
784,26.145000000000003,tracked,1,1,0.19954922499806765,0.7291510039191182,-0.5001174381945521,-0.09439889598715315,-0.18460662172464792,-0.007525771572449069,-0.29282052372498735,-1.506241791768375,0.5413946881291525
785,26.178333333333335,tracked,0,1,0.18626778655251564,0.7337023036471696,-0.5063640896788588,-0.10314936316470821,-0.17587938483380233,-0.0324719916784403,-0.2809910274042474,-1.4941844123691872,0.5458735571971782
786,26.21166666666667,tracked,0,1,0.18054870753140964,0.7342761908580547,-0.5069742398755535,-0.10198773926176499,-0.17510939251219676,-0.034248460875323565,-0.2774202783231315,-1.4963023956959856,0.5459740636725444
787,26.245,tracked,1,1,0.19098358236659482,0.7289150808680325,-0.5022596741426907,-0.09595330677007732,-0.1824554781509396,-0.017250610653930937,-0.29115872310931884,-1.505463582535295,0.5429197167697286
788,26.278333333333336,tracked,1,1,0.23697280294786563,0.7156474005651959,-0.5018223605532042,-0.0942485087771398,-0.18233568839191633,-0.014969112080000157,-0.2908356009212941,-1.507853399596598,0.5421759550360553
789,26.311666666666667,tracked,1,1,0.20140165251721107,0.7096843204586688,-0.5024326976795099,-0.09509508733138947,-0.1814276163990901,-0.01953702400169258,-0.29129481519836503,-1.507291854122626,0.5425842527426775
790,26.345000000000002,tracked,1,1,0.22703913361089545,0.6980266785346672,-0.5021682606578637,-0.09354926164838848,-0.18276685554421235,-0.013714188799685712,-0.2875678522002625,-1.5098225648388952,0.5425201838204933
791,26.378333333333334,tracked,1,1,0.2131080438079572,0.6992135275028093,-0.5012102192619963,-0.09395395065107168,-0.1825454265854849,-0.013795536340283118,-0.29252806413997606,-1.5078539128172068,0.5416288964806799
792,26.41166666666667,tracked,1,1,0.22617702418549732,0.7226267245190968,-0.5025275420748985,-0.09271779746171924,-0.18216324444185705,-0.012590583271028622,-0.28591446077650434,-1.5097123232538394,0.5425071134423722
793,26.445,tracked,1,1,0.197269404151195,0.7144265631634447,-0.5038189450399793,-0.09307601917471342,-0.18245068701363537,-0.015922739592135988,-0.28575287699815083,-1.509194061984091,0.5438611292585239
794,26.478333333333335,tracked,1,1,0.21825170272359945,0.6978507884657743,-0.5051739891346212,-0.09291851709973459,-0.1836348480127456,-0.01625135264224437,-0.2841693778294122,-1.5117844206462667,0.5454872753079252
795,26.511666666666667,tracked,1,1,0.26063932617560354,0.6896580429036381,-0.5047464351027522,-0.09384561991817233,-0.18025949682757586,-0.023289795998988564,-0.2854100719534842,-1.5106080017331858,0.5441226427224782
796,26.545,tracked,1,1,0.24204732900372944,0.6896797989818422,-0.5030659706757526,-0.09234250494008164,-0.1849610378569857,-0.011542317413142496,-0.28462530400905756,-1.5113863746750094,0.5438870237426883
797,26.578333333333337,tracked,1,1,0.24092379074709303,0.719098098884088,-0.502568839402266,-0.09300598146129324,-0.18308549176892586,-0.010651616035379006,-0.28961536678853467,-1.5096852819093478,0.5429050084701637
798,26.611666666666668,tracked,1,1,0.19388044078427766,0.6994163309405448,-0.5015029711491159,-0.09461406506946707,-0.1792653165727301,-0.01716882363721997,-0.2911118458694194,-1.5078862535925786,0.5409187601722476
799,26.645000000000003,tracked,1,1,0.13199114091054365,0.7289411491281758,-0.5020847522297996,-0.09360785557497386,-0.18199575480396818,-0.010515049851563358,-0.2881651861068421,-1.5081088594885215,0.5421936774010468
800,26.678333333333335,tracked,1,1,0.17654653969818218,0.6906880509670581,-0.5040515668798939,-0.0940743951140516,-0.18239270578534184,-0.015249393025886012,-0.2876923669587583,-1.507973815331446,0.5442288792538018
801,26.71166666666667,tracked,1,1,0.2307634023076895,0.7070211548236949,-0.5015039143326953,-0.09428615712941063,-0.1821665465462583,-0.010721833616432126,-0.28977847946471313,-1.5062760703531641,0.541830883392445
802,26.745,tracked,1,1,0.13356222203185952,0.7410914226439119,-0.5034601545667402,-0.09391812503310712,-0.18308537854229207,-0.015741226442927768,-0.29468758300535774,-1.508982593899571,0.5438869342814503
803,26.778333333333336,tracked,1,1,0.14864097015263167,0.7079023649639787,-0.5043575942877068,-0.09335334160242773,-0.1839123113882144,-0.014589644327104606,-0.2883590029921664,-1.5077281808056637,0.5448992269990647
804,26.811666666666667,tracked,1,1,0.11798647691785238,0.6905079598309054,-0.5038202278372589,-0.09395339972790154,-0.18599301541643776,-0.012399360626912296,-0.2885806405837166,-1.5061649385359803,0.5452113948571852
805,26.845000000000002,tracked,1,1,0.05530101712144573,0.7436017184227848,-0.503570778841735,-0.094192503813011,-0.1843184908393058,-0.011225415804403487,-0.2917371988015338,-1.505404969931798,0.5444529944293767
806,26.878333333333334,tracked,1,1,0.0953754135115728,0.7217925105990852,-0.5045791740720994,-0.0944127411064491,-0.18281871209532163,-0.015438227972862442,-0.2849148075916336,-1.5077995844665846,0.5449188839476087
807,26.91166666666667,tracked,1,1,0.12860716214061074,0.7189778669149527,-0.5037101570645661,-0.0953496372218785,-0.18284594322364162,-0.015575552179949846,-0.29106401243201013,-1.5067001563880662,0.5442867944399321
808,26.945,tracked,1,1,0.16589690064546275,0.7321780496721735,-0.5043915945801996,-0.09360597487648403,-0.18423023677513484,-0.0120443927483484,-0.28555075052122125,-1.5110006119168171,0.5450814061752204
809,26.978333333333335,tracked,1,1,0.21167319610367513,0.7126012072237815,-0.5041228480148948,-0.09385034371609469,-0.1831339994140102,-0.01669452053675154,-0.2878058045241766,-1.5109676436083361,0.5445050914800049
810,27.011666666666667,tracked,1,1,0.20396562689915881,0.7106099908115895,-0.5044516068161733,-0.09403195084864716,-0.18330512985146158,-0.013498481334012413,-0.2867273013831488,-1.5094225200963471,0.5448983410047077
811,27.045,tracked,1,1,0.27699376760608724,0.707805831492591,-0.5028969174434729,-0.09466171408451271,-0.18124657655164167,-0.015525190018551842,-0.2892732355829298,-1.508516195585716,0.5428779523974567
812,27.078333333333337,tracked,1,1,0.27055525214828247,0.6963035881506994,-0.5026340841430172,-0.09458644190767818,-0.1821797826953549,-0.013702734669136797,-0.28790529628780753,-1.510086695161474,0.542933781190645
813,27.113333333333337,tracked,0,1,0.2776154781778916,0.6957057537760638,-0.5076955279871092,-0.10327626347217503,-0.17633636258301894,-0.032855223442090443,-0.27483927085763077,-1.497674643111295,0.5472798630535327
814,27.14666666666667,tracked,1,1,0.24839279560224478,0.728328296670097,-0.5043693305568181,-0.09531211104838158,-0.18288886715571318,-0.017767310158305502,-0.28918469748847414,-1.50899758889079,0.5449047236428879
815,27.180000000000003,tracked,1,1,0.22323959405355995,0.7163052574275569,-0.5038716891689827,-0.09670658343798127,-0.18221729292584726,-0.021625997932083512,-0.29591623721070187,-1.506428525804416,0.5444648604524218
816,27.213333333333335,tracked,1,1,0.2350636940946303,0.7205910868143772,-0.5036147731494625,-0.09557012081131955,-0.18199706878591554,-0.01861273312988687,-0.29113949781699805,-1.508440758823494,0.5439525905563278
817,27.246666666666673,tracked,1,1,0.26107451263035736,0.7187862354582497,-0.5038578442463508,-0.09486498076126396,-0.18157394529217258,-0.016866735492783728,-0.2878735844758817,-1.5090333014166315,0.5439128509167437
818,27.28,tracked,0,1,0.2644135703822306,0.7214630375190456,-0.5082056051452416,-0.10271030181530205,-0.17651506703829895,-0.031847448712476814,-0.276146532915407,-1.4975980495852121,0.5477042195305482
819,27.313333333333336,tracked,1,1,0.29229206889884335,0.7043550386039081,-0.5040216079594733,-0.09279045024750218,-0.1824834525778798,-0.011052350419308672,-0.2832679806513694,-1.5113208658423192,0.5440110839054021
820,27.346666666666668,tracked,0,1,0.2988600110081744,0.7143341342458,-0.5063271279901401,-0.10276759929446169,-0.17634774880651427,-0.02687633213471497,-0.27808076578296276,-1.4949533701879096,0.5459183716569871
821,27.380000000000003,tracked,0,1,0.3221690349198004,0.6942351814320314,-0.5074635699369516,-0.1034945779663208,-0.17760333835189118,-0.0294147879237096,-0.2771379584292061,-1.4965642168180835,0.5475156146406407
822,27.413333333333334,tracked,1,1,0.27867827601845346,0.6926991179688577,-0.5020455459658474,-0.09387057205078558,-0.17892912510329867,-0.01886698948355716,-0.28550289650354405,-1.510872080586754,0.5411811585148909
823,27.44666666666667,tracked,1,1,0.2541597710708835,0.6906939201901591,-0.5036449046476152,-0.09411052652087046,-0.17836739776928445,-0.02002681915930977,-0.28256366053358134,-1.5097753929688305,0.5425218057981882
824,27.48,tracked,1,1,0.2106692040210425,0.678696164372172,-0.5056053454335239,-0.09435880131781335,-0.17926282550593475,-0.021586829098033652,-0.2831297830994436,-1.5088240811363163,0.5446792719807306
825,27.513333333333335,tracked,1,1,0.2523337281885355,0.6808591822570698,-0.5044499423046007,-0.09469526974177855,-0.1785033049588104,-0.020557940815188445,-0.28579048714716454,-1.5084320850054431,0.5434154656280968
826,27.546666666666667,tracked,1,1,0.27207585683204255,0.7026835078546549,-0.5036089028476499,-0.095699785951081,-0.18006292176704247,-0.02019149077377505,-0.290370078217203,-1.506322141322786,0.5433258983830795
827,27.580000000000005,tracked,1,1,0.3212882092038391,0.6891880646032618,-0.5030232392911723,-0.09675895229645631,-0.18309702700906377,-0.01562729477546359,-0.29487805355146374,-1.5057619481280002,0.5439845543910689
828,27.613333333333337,tracked,1,1,0.40231269498179506,0.6728322379980352,-0.5026649820795288,-0.09543785444244934,-0.18150506977288744,-0.01618090603769164,-0.2915713222706675,-1.5059461772552971,0.5428854010036113
829,27.64666666666667,tracked,0,1,0.26342435082134963,0.7041830179061366,-0.5068564063982635,-0.10316077697543885,-0.1768506177348556,-0.02735187431792159,-0.27677402347595226,-1.4946383118800768,0.5466458667239128
830,27.680000000000003,tracked,1,1,0.2147982110977713,0.6911513822271698,-0.504075607084875,-0.09488229912961485,-0.18302038086247052,-0.013346111657630475,-0.28754047442207914,-1.505735229184107,0.5446019905923506
831,27.713333333333335,tracked,1,1,0.2252979886577072,0.6872472421630184,-0.5039199852709528,-0.09709995013041539,-0.18186003344527357,-0.017999818848322635,-0.29246535361634757,-1.5061882383697869,0.5444601212536346
832,27.746666666666673,tracked,1,1,0.14505411907741506,0.7021856268552206,-0.5042424990099299,-0.09676407764525874,-0.18101224512914105,-0.02040552656505577,-0.29332512249687076,-1.5034207972118394,0.5444164007604924
833,27.78,tracked,1,1,0.11149978067961518,0.7282354437684159,-0.5041370074199957,-0.09606812051036481,-0.18098457145576835,-0.018748566553401264,-0.2905179663224467,-1.5016227554267085,0.5441862007932678
834,27.813333333333336,tracked,1,1,0.16358817720045107,0.7307843865104953,-0.5042699235143447,-0.09583018874118271,-0.1850945019493031,-0.011618465915797304,-0.29068420805573103,-1.5049814539675268,0.5456478310111701
835,27.846666666666668,tracked,1,1,0.12165378707139991,0.737620589147747,-0.506018202418498,-0.09505111053760884,-0.1828907702641852,-0.016712335056174275,-0.28541709254298,-1.5048262051422419,0.5463864645478581
836,27.880000000000003,tracked,1,1,0.1391844989699109,0.7352728822117762,-0.5046822328171079,-0.0957763427445136,-0.18023171591824866,-0.020703972737254113,-0.2915272221440367,-1.5051200675835101,0.5443902418060158
837,27.913333333333334,tracked,1,1,0.17552826689554715,0.7352960295388123,-0.5062502198456473,-0.09570548957237782,-0.17981565202467986,-0.024777707976781176,-0.2856141730002405,-1.506765326414566,0.5456945066070535
838,27.94666666666667,tracked,1,1,0.20474170139755363,0.722685196617943,-0.5058980836329439,-0.09547477186932213,-0.18001240105586463,-0.022032175905526002,-0.2850154926804668,-1.5063439797500182,0.5453923061621622
839,27.98,tracked,1,1,0.25041386196149074,0.7266557693632612,-0.5059631904389312,-0.09438328195234041,-0.1853592702647553,-0.012318431455249959,-0.2844614436434779,-1.509521443955113,0.5470511978456128
840,28.013333333333335,tracked,0,1,0.2593308727391225,0.7238050670090567,-0.5079652384973903,-0.10476405351937909,-0.17932825857865797,-0.027972555422380377,-0.2790102507846809,-1.4939464381385585,0.548783030674579
841,28.046666666666667,tracked,1,1,0.2704770280775997,0.7027743276999747,-0.5059369595579954,-0.09433682197418447,-0.1839865867807186,-0.013672396862061158,-0.28124007411841956,-1.5097215883341697,0.5465553102314501
842,28.080000000000005,tracked,1,1,0.23487373431127756,0.7143609570501658,-0.5052619265030842,-0.09366010743227604,-0.18603697900200888,-0.007440202588201116,-0.2826434676741463,-1.510441880071041,0.5465085430750625
843,28.113333333333337,tracked,1,1,0.26194647256855974,0.7044500033616858,-0.5043817598564606,-0.09263985886044515,-0.18804789608139033,-0.0013044467060335716,-0.28024737029395325,-1.5110446368523758,0.5462097713756326
844,28.14666666666667,tracked,1,1,0.22354858409445486,0.6885895827984035,-0.5043332155541513,-0.09590339583828739,-0.1839647865964717,-0.014520342648599907,-0.28873921360944654,-1.503786078857328,0.5453370483948351
845,28.180000000000003,tracked,1,1,0.1895553452894665,0.7066742515524154,-0.5034481328870947,-0.09590051155987983,-0.1859600983300959,-0.009920973843514263,-0.2881405528534826,-1.5060514425924585,0.5451954592583171
846,28.213333333333335,tracked,1,1,0.17038622987414287,0.6921501328504731,-0.5027027018096752,-0.09497032349008952,-0.18713679461626653,-0.008825879577606005,-0.2908319979718063,-1.508838460989499,0.5447472337238715
847,28.246666666666673,tracked,1,1,0.2138693764043906,0.6809268415917467,-0.5030339516453319,-0.09361238035454711,-0.18813942386082771,-0.0030021235615273873,-0.28384447108094524,-1.5085134063725056,0.545163165551605
848,28.28,tracked,1,1,0.2780551580107253,0.6829145260718072,-0.502532708959751,-0.09387431792429524,-0.1870713937126689,-0.0041245974934363,-0.2863534272822675,-1.5061157351918018,0.5443778260415995
849,28.313333333333336,tracked,1,1,0.21603637835825798,0.7034680229011867,-0.5023846218865495,-0.09415971788342517,-0.1887921589732528,0.0007605051488945978,-0.2845854130586533,-1.5080555231947026,0.5448842446517972
850,28.346666666666668,tracked,1,1,0.1533929877044801,0.7166342609383095,-0.5033461011189178,-0.09492392328285368,-0.18914198575722813,-0.0025906913495153195,-0.28662492048694715,-1.5089190747843984,0.5460243030298307
851,28.380000000000003,tracked,1,1,0.2192755508751232,0.7270005279561828,-0.5030860235665648,-0.09474272987302157,-0.18993191447847452,-0.0025325606955157324,-0.2880195561309099,-1.5061135745279033,0.5460273474005392
852,28.413333333333334,tracked,1,1,0.16752045287079761,0.7336458500196072,-0.5030859665744901,-0.09385875535190927,-0.19302934613111739,0.002621174185048547,-0.289041562759678,-1.509087586031298,0.5469600389317353
853,28.44666666666667,tracked,1,1,0.18380196094748386,0.7048733047467137,-0.5039285429086587,-0.09425250657459744,-0.18978154841743772,-0.003080246115637393,-0.28856263741676613,-1.5103691137595645,0.5466667609004215
854,28.48,tracked,0,1,0.10339049707768005,0.7434792233479084,-0.5090216805000655,-0.1057216920501399,-0.17847838345980738,-0.04069351371160787,-0.2872828104247349,-1.4932751777310294,0.5496677912625784
855,28.513333333333335,tracked,1,1,0.1155375237099183,0.7245508243194954,-0.5026201660364815,-0.09239434222008458,-0.19262106230647214,0.00548789970326296,-0.2867580266971523,-1.50944791049094,0.5461379124588369
856,28.546666666666667,tracked,1,1,0.19913265763525714,0.7291310311200386,-0.5018449380271123,-0.09357666223320649,-0.18954952713653067,-0.0023001377688998486,-0.28947352022513156,-1.5077045296427452,0.5445493152835895
857,28.580000000000005,tracked,1,1,0.2632256489762704,0.7054830951359117,-0.5002855755201847,-0.09220073478232768,-0.18899908852091551,0.007351671333206493,-0.2846902236478674,-1.510137510128434,0.5426852568751988
858,28.613333333333337,tracked,1,1,0.31064657341808677,0.6892751067924391,-0.5014527643002329,-0.09249585566539476,-0.19083756795196033,0.0038559630754336754,-0.28648177416814763,-1.5107653098538052,0.5444532445320145
859,28.64666666666667,tracked,0,1,0.31843592473539595,0.6914040727600738,-0.5080815388441631,-0.10475734617849553,-0.1762217287491113,-0.03926969307916455,-0.2783852005413421,-1.4963171375426416,0.5478823316880544
860,28.680000000000003,tracked,1,1,0.2300862649292396,0.705643878916495,-0.5008940683247203,-0.0920537182990325,-0.19052364092351365,0.004236565331929962,-0.2871592199422359,-1.513410025192404,0.5437536321591968
861,28.713333333333335,tracked,1,1,0.1953699606406479,0.720425163498073,-0.5006526541160358,-0.09341843024531632,-0.18967487379580666,0.0011443113410755062,-0.2911537802882679,-1.5094557732693472,0.5434672399808338
862,28.746666666666673,tracked,1,1,0.21068907521172917,0.7105412210460681,-0.5020610410282461,-0.09248562548138067,-0.19117573764565754,0.0018269813892849097,-0.2862756257277346,-1.5113958728243535,0.5451302986474057
863,28.78,tracked,1,1,0.2217871185376219,0.7202438885462231,-0.5006307559578831,-0.09185265205289556,-0.1907570297900033,0.0057447958082065195,-0.28660404004814466,-1.5123540609464898,0.5435589277294745
864,28.813333333333336,tracked,1,1,0.19394326377000062,0.7101165456135308,-0.5026150901901298,-0.092150222465705,-0.19153242168663714,0.002947731348415855,-0.28590724164099046,-1.5126296124621044,0.545708952596949
865,28.846666666666668,tracked,1,1,0.20362744216953796,0.7306438350899083,-0.5010796998323576,-0.09107473570172722,-0.1910437418773504,0.005908072591960554,-0.2855042723468456,-1.515479011792692,0.5439422619890136
866,28.880000000000003,tracked,1,1,0.17213680640736626,0.7485237338087892,-0.5011202475866514,-0.09249729782890526,-0.19123348333171886,0.005030032272502571,-0.2871861964658905,-1.5118061279439239,0.5442862278196453
867,28.913333333333334,tracked,1,1,0.17100165033348463,0.7485245830093443,-0.5014385426941781,-0.09297654669197522,-0.1930498654563816,0.00544958536830661,-0.2904513167092529,-1.511605079241589,0.545301293677865
868,28.94666666666667,tracked,1,1,0.1651761025127205,0.7567585921296509,-0.5000609551577445,-0.09278389145862673,-0.19101103947190218,0.0057130283220748245,-0.2900659035650609,-1.5104068530454795,0.5432817193571109
869,28.98,tracked,1,1,0.18144030490618673,0.7563888994433363,-0.4999133065598865,-0.09243072450728548,-0.19099757918126614,0.007429004127955647,-0.28579115432136054,-1.5128367948566266,0.5430808670554366
870,29.013333333333335,tracked,1,1,0.13517476513943713,0.7556822232607072,-0.4994453788307849,-0.09236721656074537,-0.18975317079052828,0.006488492589050687,-0.28663230516426724,-1.513881239945886,0.5422025958584717
871,29.046666666666667,tracked,1,1,0.1362481715075725,0.7324866742804986,-0.4971554551827235,-0.09095903952649556,-0.1865462499512595,0.009336409546816951,-0.28432508447305427,-1.511286089145534,0.5387361105962746
872,29.080000000000005,tracked,1,1,0.12018894163315201,0.7366699264531178,-0.4963453984649826,-0.09303336181114799,-0.1882762273642713,0.010035607559635808,-0.28894353090361063,-1.5107632946538248,0.538945172329959
873,29.113333333333337,tracked,1,1,0.17438854331143266,0.7389364330759469,-0.495663382253694,-0.09366970171412356,-0.18750502412618741,0.007363746086869842,-0.2938339024487342,-1.5071809279610169,0.5381582811765946
874,29.14666666666667,tracked,1,1,0.15450039612089617,0.7476653483183786,-0.4962837490310351,-0.09328645262193624,-0.18743652474637018,0.007724279451285213,-0.2906698671512832,-1.5073551629986612,0.5386393715688456
875,29.180000000000003,missing_tag,0,0,,,,,,,,,
876,29.213333333333335,missing_tag,1,0,,,,,,,,,
877,29.246666666666673,missing_tag,1,0,,,,,,,,,
878,29.28,missing_tag,1,0,,,,,,,,,
879,29.313333333333336,missing_tag,1,0,,,,,,,,,
880,29.346666666666668,missing_tag,1,0,,,,,,,,,
881,29.380000000000003,missing_tag,1,0,,,,,,,,,
882,29.413333333333334,missing_tag,1,0,,,,,,,,,
883,29.44666666666667,missing_tag,0,0,,,,,,,,,
884,29.48,missing_tag,1,0,,,,,,,,,
885,29.513333333333335,missing_tag,1,0,,,,,,,,,
886,29.546666666666667,missing_tag,1,0,,,,,,,,,
887,29.580000000000005,missing_tag,1,0,,,,,,,,,
888,29.613333333333337,missing_tag,1,0,,,,,,,,,
889,29.64666666666667,missing_tag,1,0,,,,,,,,,
890,29.680000000000003,missing_tag,1,0,,,,,,,,,
891,29.713333333333335,missing_tag,1,0,,,,,,,,,
892,29.746666666666673,missing_tag,1,0,,,,,,,,,
893,29.78,missing_tag,1,0,,,,,,,,,
894,29.813333333333336,missing_tag,1,0,,,,,,,,,
895,29.846666666666668,missing_tag,1,0,,,,,,,,,
896,29.880000000000003,missing_tag,1,0,,,,,,,,,
897,29.913333333333334,missing_tag,1,0,,,,,,,,,
898,29.94666666666667,missing_tag,1,0,,,,,,,,,
899,29.98,missing_tag,1,0,,,,,,,,,
900,30.013333333333335,missing_tag,,0,,,,,,,,,
901,30.046666666666667,missing_tag,,0,,,,,,,,,
902,30.080000000000005,missing_tag,,0,,,,,,,,,
903,30.113333333333337,missing_tag,,0,,,,,,,,,
904,30.14666666666667,missing_tag,,0,,,,,,,,,
905,30.180000000000003,missing_tag,,0,,,,,,,,,
906,30.213333333333335,missing_tag,,0,,,,,,,,,
907,30.246666666666673,missing_tag,,0,,,,,,,,,
908,30.28,missing_tag,,0,,,,,,,,,
909,30.313333333333336,missing_tag,,0,,,,,,,,,
910,30.346666666666668,missing_tag,,0,,,,,,,,,
911,30.380000000000003,missing_tag,,0,,,,,,,,,
912,30.413333333333334,missing_tag,,0,,,,,,,,,
913,30.44666666666667,missing_tag,,0,,,,,,,,,
914,30.48,missing_tag,,0,,,,,,,,,
915,30.513333333333335,missing_tag,,0,,,,,,,,,
916,30.546666666666667,missing_tag,,0,,,,,,,,,
917,30.580000000000005,missing_tag,,0,,,,,,,,,
918,30.613333333333337,missing_tag,,0,,,,,,,,,
919,30.64666666666667,missing_tag,,0,,,,,,,,,
920,30.680000000000003,missing_tag,,0,,,,,,,,,
921,30.713333333333335,missing_tag,,0,,,,,,,,,
922,30.748333333333335,missing_tag,,0,,,,,,,,,
923,30.78166666666667,missing_tag,,0,,,,,,,,,
924,30.815,missing_tag,,0,,,,,,,,,
925,30.848333333333336,missing_tag,,0,,,,,,,,,
926,30.881666666666668,missing_world,,1,,,,,,,,,
927,30.915000000000003,missing_world,,1,,,,,,,,,
928,30.948333333333334,missing_world,,1,,,,,,,,,
929,30.98166666666667,missing_world,,1,,,,,,,,,
930,31.015,missing_world,,1,,,,,,,,,
931,31.048333333333336,missing_world,,1,,,,,,,,,
932,31.081666666666667,missing_world,,1,,,,,,,,,
933,31.115000000000002,missing_world,,1,,,,,,,,,
934,31.148333333333337,missing_world,,1,,,,,,,,,
935,31.18166666666667,missing_world,,1,,,,,,,,,
936,31.215000000000003,missing_world,,1,,,,,,,,,
937,31.248333333333335,missing_world,,1,,,,,,,,,
938,31.28166666666667,missing_tag,,0,,,,,,,,,
939,31.315,missing_tag,,0,,,,,,,,,
940,31.348333333333336,missing_tag,,0,,,,,,,,,
941,31.381666666666668,missing_tag,,0,,,,,,,,,
942,31.415000000000003,missing_tag,,0,,,,,,,,,
943,31.448333333333334,missing_tag,,0,,,,,,,,,
944,31.48166666666667,missing_tag,,0,,,,,,,,,
945,31.515,missing_tag,,0,,,,,,,,,
946,31.548333333333336,missing_tag,,0,,,,,,,,,
947,31.581666666666667,missing_tag,,0,,,,,,,,,
948,31.615000000000002,missing_tag,,0,,,,,,,,,
949,31.648333333333337,missing_tag,,0,,,,,,,,,
950,31.68166666666667,missing_tag,,0,,,,,,,,,
951,31.715000000000003,missing_tag,,0,,,,,,,,,
952,31.748333333333335,missing_tag,,0,,,,,,,,,
953,31.78166666666667,missing_tag,,0,,,,,,,,,
954,31.815,missing_tag,,0,,,,,,,,,
955,31.848333333333336,missing_tag,,0,,,,,,,,,
956,31.881666666666668,missing_tag,,0,,,,,,,,,
957,31.915000000000003,missing_tag,,0,,,,,,,,,
958,31.948333333333334,missing_tag,,0,,,,,,,,,
959,31.98166666666667,missing_tag,,0,,,,,,,,,
960,32.015,missing_tag,,0,,,,,,,,,
961,32.04833333333333,missing_tag,,0,,,,,,,,,
962,32.08166666666667,missing_tag,,0,,,,,,,,,
963,32.115,missing_tag,,0,,,,,,,,,
964,32.14833333333333,missing_tag,,0,,,,,,,,,
965,32.18166666666667,missing_tag,,0,,,,,,,,,
966,32.215,missing_tag,,0,,,,,,,,,
967,32.248333333333335,missing_tag,,0,,,,,,,,,
968,32.281666666666666,missing_tag,,0,,,,,,,,,
969,32.315000000000005,missing_tag,,0,,,,,,,,,
970,32.348333333333336,missing_tag,,0,,,,,,,,,
971,32.38166666666667,missing_tag,,0,,,,,,,,,
972,32.415,missing_tag,,0,,,,,,,,,
973,32.44833333333334,missing_tag,,0,,,,,,,,,
974,32.48166666666667,missing_tag,,0,,,,,,,,,
975,32.515,missing_tag,,0,,,,,,,,,
976,32.54833333333333,missing_tag,,0,,,,,,,,,
977,32.58166666666667,missing_tag,,0,,,,,,,,,
978,32.615,missing_tag,,0,,,,,,,,,
979,32.64833333333333,missing_tag,,0,,,,,,,,,
980,32.68166666666667,missing_tag,,0,,,,,,,,,
981,32.715,missing_tag,,0,,,,,,,,,
982,32.748333333333335,missing_tag,,0,,,,,,,,,
983,32.781666666666666,missing_tag,,0,,,,,,,,,
984,32.815000000000005,missing_tag,,0,,,,,,,,,
985,32.848333333333336,missing_tag,,0,,,,,,,,,
986,32.88166666666667,missing_tag,,0,,,,,,,,,
987,32.915,missing_tag,,0,,,,,,,,,
988,32.94833333333334,missing_tag,,0,,,,,,,,,
989,32.98166666666667,missing_tag,,0,,,,,,,,,
990,33.015,missing_tag,,0,,,,,,,,,
991,33.04833333333333,missing_tag,,0,,,,,,,,,
992,33.08166666666667,missing_tag,,0,,,,,,,,,
993,33.115,missing_tag,,0,,,,,,,,,
994,33.14833333333333,missing_tag,,0,,,,,,,,,
995,33.18166666666667,missing_tag,,0,,,,,,,,,
996,33.215,missing_tag,,0,,,,,,,,,
997,33.248333333333335,missing_tag,,0,,,,,,,,,
998,33.281666666666666,missing_tag,,0,,,,,,,,,
999,33.315000000000005,missing_tag,,0,,,,,,,,,
1000,33.348333333333336,missing_tag,,0,,,,,,,,,
1001,33.38166666666667,missing_tag,,0,,,,,,,,,
1002,33.415,missing_tag,,0,,,,,,,,,
1003,33.44833333333334,missing_tag,,0,,,,,,,,,
1004,33.48166666666667,missing_tag,,0,,,,,,,,,
1005,33.515,missing_tag,,0,,,,,,,,,
1006,33.54833333333333,missing_tag,,0,,,,,,,,,
1007,33.58166666666667,missing_tag,,0,,,,,,,,,
1008,33.615,missing_tag,,0,,,,,,,,,
1009,33.64833333333333,missing_tag,,0,,,,,,,,,
1010,33.68166666666667,missing_tag,,0,,,,,,,,,
1011,33.715,missing_tag,1,0,,,,,,,,,
1012,33.748333333333335,missing_tag,1,0,,,,,,,,,
1013,33.781666666666666,missing_tag,1,0,,,,,,,,,
1014,33.815000000000005,missing_tag,1,0,,,,,,,,,
1015,33.848333333333336,missing_tag,1,0,,,,,,,,,
1016,33.88166666666667,missing_tag,1,0,,,,,,,,,
1017,33.915,missing_tag,1,0,,,,,,,,,
1018,33.94833333333334,missing_tag,1,0,,,,,,,,,
1019,33.98166666666667,missing_tag,1,0,,,,,,,,,
1020,34.015,missing_tag,0,0,,,,,,,,,
1021,34.04833333333333,missing_tag,1,0,,,,,,,,,
1022,34.08166666666667,missing_tag,1,0,,,,,,,,,
1023,34.115,missing_tag,1,0,,,,,,,,,
1024,34.14833333333333,missing_tag,1,0,,,,,,,,,
1025,34.18166666666667,missing_tag,1,0,,,,,,,,,
1026,34.215,missing_tag,1,0,,,,,,,,,
1027,34.248333333333335,missing_tag,1,0,,,,,,,,,
1028,34.281666666666666,missing_tag,1,0,,,,,,,,,
1029,34.31666666666667,missing_tag,1,0,,,,,,,,,
1030,34.35,missing_tag,1,0,,,,,,,,,
1031,34.38333333333333,missing_tag,1,0,,,,,,,,,
1032,34.41666666666667,missing_tag,1,0,,,,,,,,,
1033,34.45,missing_tag,1,0,,,,,,,,,
1034,34.483333333333334,missing_tag,1,0,,,,,,,,,
1035,34.516666666666666,missing_tag,1,0,,,,,,,,,
1036,34.550000000000004,missing_tag,1,0,,,,,,,,,
1037,34.583333333333336,missing_tag,1,0,,,,,,,,,
1038,34.61666666666667,missing_tag,1,0,,,,,,,,,
1039,34.650000000000006,missing_tag,1,0,,,,,,,,,
1040,34.68333333333334,missing_tag,1,0,,,,,,,,,
1041,34.71666666666667,missing_tag,1,0,,,,,,,,,
1042,34.75,missing_tag,1,0,,,,,,,,,
1043,34.78333333333334,missing_tag,1,0,,,,,,,,,
1044,34.81666666666667,missing_tag,1,0,,,,,,,,,
1045,34.85,missing_tag,1,0,,,,,,,,,
1046,34.88333333333333,missing_tag,1,0,,,,,,,,,
1047,34.91666666666667,tracked,1,1,0.11170654312557178,0.7689559850966379,-0.4948981832422632,-0.10153903030877082,-0.17868730233952834,-0.01516395049201797,-0.31335825307696596,-1.491720344830156,0.5358764208937693
1048,34.95,tracked,1,1,0.17612625392587297,0.4178736167972834,-0.49895148498472064,-0.1017615706512951,-0.18495158648818177,-0.017405538339091507,-0.31472937851416044,-1.4873558002138951,0.5417703304670456
1049,34.983333333333334,tracked,1,1,0.5698915982148082,0.05713128256330047,-0.5040257283461705,-0.10463556322952422,-0.1888883976106292,-0.0321649980882982,-0.3343360362935561,-1.4802553959851588,0.5483332587753168
1050,35.016666666666666,missing_tag,1,0,,,,,,,,,
1051,35.050000000000004,missing_tag,1,0,,,,,,,,,
1052,35.083333333333336,missing_tag,1,0,,,,,,,,,
1053,35.11666666666667,missing_tag,1,0,,,,,,,,,
1054,35.150000000000006,tracked,1,1,0.23619468011912398,0.7628409054022267,-0.4934782203188611,-0.09744319651714994,-0.17944086878120813,-0.0055407296745229985,-0.3068372726106426,-1.4990396082663544,0.5340551992683014
1055,35.18333333333334,tracked,1,1,0.19236982750590093,0.7555272911489171,-0.4957250321812253,-0.09740992130507989,-0.18193713751324203,-0.0030257022019571788,-0.30163568619099956,-1.5024862569521564,0.5369665932870042
1056,35.21666666666667,tracked,1,1,0.2463372936828428,0.7655580757672227,-0.4950013017964785,-0.09733290548777784,-0.18083757635366826,-0.004066256817959196,-0.3028092147188129,-1.502287616877497,0.5359125043254448
1057,35.25,tracked,1,1,0.2578592111880466,0.7513266382527748,-0.4964843613036757,-0.09667919648054268,-0.1786635989971545,-0.010116041500861317,-0.29922092886057233,-1.501584554075469,0.5364366408606501
1058,35.28333333333334,tracked,1,1,0.23478333132163992,0.7590672485694625,-0.4959705751411449,-0.09778326620245525,-0.17968139803446603,-0.010599185468011859,-0.3048299269314908,-1.501848678309389,0.536501429033212
1059,35.31666666666667,tracked,1,1,0.2134958070330525,0.7566450428809932,-0.4963201746881063,-0.09661385414236964,-0.1775291192159903,-0.013349995331922361,-0.30136586285243494,-1.5036654103809894,0.5358960167647085
1060,35.35,tracked,1,1,0.22095427911242996,0.7496588463262736,-0.49500941999183923,-0.09748462759329271,-0.1797245386228074,-0.009048329796120955,-0.30629181669054584,-1.5014255683984143,0.5355730466340152
1061,35.38333333333333,tracked,1,1,0.24221910413043785,0.7353684126834314,-0.4974020343167074,-0.09569774376445381,-0.17835573290793916,-0.011159420821352281,-0.29346520338277093,-1.504694666962746,0.5370080161088232
1062,35.41666666666667,tracked,1,1,0.22503791511876584,0.7296696918553508,-0.4983865814722605,-0.09779232698814311,-0.1762395562203643,-0.021868690126282415,-0.3019623882104799,-1.50070920387295,0.5375992047856033
1063,35.45,tracked,1,1,0.22574125762828148,0.7218917070086714,-0.4972782630418498,-0.09757874511005696,-0.17642782922907962,-0.01746092039480482,-0.30105059888174,-1.49914988656775,0.5365948763430918
1064,35.483333333333334,tracked,1,1,0.2513163607392556,0.680468936552993,-0.4972106484438612,-0.09610705056210411,-0.17559886908382316,-0.01684939978173589,-0.2977542309987564,-1.4990837171832347,0.5359943627662789
1065,35.516666666666666,tracked,0,1,0.2475117600589967,0.6836570770823627,-0.5068507630611876,-0.10175316014111366,-0.17059034375990856,-0.03679603656065822,-0.2732302937913454,-1.4961192487988375,0.5443826475913197
1066,35.550000000000004,tracked,0,1,0.2452387514987511,0.6910429576366036,-0.5077437012962003,-0.10238686514929057,-0.17162763154727212,-0.03778345153099136,-0.2728216475393493,-1.4944385475224404,0.5456581166550996
1067,35.583333333333336,tracked,1,1,0.20829015056314093,0.7267177517070481,-0.498408164228317,-0.09765122492192596,-0.17405355003458328,-0.024814290000221114,-0.29937560553708387,-1.4977501227268615,0.5368808975721103
1068,35.61666666666667,tracked,1,1,0.1912487312752099,0.7119245970089253,-0.49830479494308266,-0.09839485753309402,-0.1741282073718462,-0.027171322603717685,-0.3036176624607038,-1.4988714737734288,0.5369449219936419
1069,35.650000000000006,tracked,1,1,0.21952813840667093,0.7175661052522547,-0.4999096768103646,-0.09701812338542198,-0.17543133621009033,-0.022603056608253024,-0.2961331901480671,-1.4997233446619584,0.5386077932580718
1070,35.68333333333334,tracked,1,1,0.2618481822499404,0.6934753867755097,-0.5014386676657229,-0.09752604607236234,-0.17443195701037695,-0.027992370094108997,-0.2949584671818826,-1.498104531577091,0.5397949376562861
1071,35.71666666666667,tracked,1,1,0.286496351215341,0.6663531828584988,-0.5000386698480364,-0.09908759848776108,-0.17384338159423163,-0.029959889589416748,-0.3023094664567969,-1.4958688142260128,0.5385894028307491
1072,35.75,tracked,1,1,0.25887985954377485,0.6563592493237167,-0.4993871086435977,-0.10020268218844205,-0.17039376033127285,-0.036500275456304895,-0.30730970344365277,-1.4913862274358853,0.5370866739707862
1073,35.78333333333334,tracked,0,1,0.3014136586137545,0.6035337040139106,-0.5091721007454093,-0.09889090612612406,-0.16939578818421247,-0.03495517246263178,-0.26793975128722075,-1.496976405968164,0.54564693030062
1074,35.81666666666667,tracked,0,1,0.2106491472032874,0.6554343510375074,-0.5087671453642176,-0.09938559620263904,-0.17049667219404974,-0.03099602740264094,-0.266753186277492,-1.496893010996705,0.545701951768412
1075,35.85,tracked,1,1,0.23832659228269512,0.6029092967895485,-0.49998390504614787,-0.09943247876335048,-0.16945558017683743,-0.03674905053977906,-0.30748106302527606,-1.4951855882732756,0.5372019329742663
1076,35.88333333333333,tracked,1,1,0.25602927016641736,0.5838189854471405,-0.5000423727906025,-0.09996901661538785,-0.1630377764771151,-0.04846736705999613,-0.30585897678697216,-1.4944127217461756,0.5353666924900216
1077,35.91666666666667,tracked,1,1,0.2165109770801726,0.5898640113484303,-0.49991263780134176,-0.09903887888367172,-0.1684423446519101,-0.036187659313052734,-0.30232274550726934,-1.4959860406309375,0.5367440436892271
1078,35.95,tracked,1,1,0.21943419047435406,0.6476244047396429,-0.497995247324886,-0.10003491904625456,-0.16293819706375784,-0.046055046809107734,-0.30983795678311227,-1.4914467022268658,0.5334370698115692
1079,35.983333333333334,tracked,1,1,0.24369752947540457,0.6558849899774797,-0.5007944322145768,-0.101555860359967,-0.16486446249305486,-0.04950089428750474,-0.3046351106377205,-1.4910668169638346,0.536925457678901
1080,36.016666666666666,tracked,1,1,0.28796731026569006,0.6572730693409663,-0.49982832882624745,-0.1012689557048086,-0.16301365467344797,-0.0536681761983364,-0.3119339967643838,-1.4907121101550411,0.5354037834165687
1081,36.050000000000004,tracked,1,1,0.2175972463729678,0.6745616591356465,-0.4994954042834654,-0.10051233027854478,-0.16458744146693993,-0.048309319383526,-0.3067714130968381,-1.493502974507316,0.5354319875828855
1082,36.083333333333336,tracked,1,1,0.21678794468494889,0.6945754898316621,-0.4994051006956956,-0.1000802523249335,-0.1654366213033862,-0.044854330292418844,-0.30134158179833076,-1.4945148392305285,0.5355285120090061
1083,36.11666666666667,tracked,1,1,0.2202930343709619,0.6602744473579137,-0.5003891846333526,-0.10015011661795215,-0.16328876931311698,-0.047242285578479294,-0.3000524335240441,-1.4954644324705506,0.5358008997196749
1084,36.150000000000006,tracked,1,1,0.3310683900212935,0.6618200167244362,-0.5014537371875647,-0.09985248286603673,-0.15754376589239505,-0.05896066503469169,-0.2978139447328009,-1.4913860621296038,0.5350200062104642
1085,36.18333333333334,tracked,1,1,0.3000589759377656,0.6774974094413009,-0.5021386191577415,-0.09961491166753855,-0.1597853060034915,-0.05652669150583133,-0.29923751837894724,-1.492263558880791,0.5362813324094027
1086,36.21666666666667,tracked,1,1,0.2647496464090129,0.6774214718414295,-0.5002322340514327,-0.09926087406909195,-0.16240555703427695,-0.047293769222563585,-0.29883196042403526,-1.4934444740809982,0.5352201173915843
1087,36.25,tracked,0,1,0.1879509304085065,0.6924757926284525,-0.5067606020093842,-0.09753300566595258,-0.16987417695162105,-0.025594583191983756,-0.26543250446419153,-1.4972580137642515,0.5433012340664606
1088,36.28333333333334,tracked,0,1,0.21069594961154464,0.6828335210114909,-0.5057887624123125,-0.09780552454234268,-0.16913463298295295,-0.02365364759299191,-0.2646382916328316,-1.4950114333963438,0.542212796683977
1089,36.31666666666667,tracked,1,1,0.20395836940373507,0.6952008122941176,-0.5016437844712227,-0.09917145121229604,-0.16217489780270977,-0.0508361424630408,-0.29779248853604734,-1.4946737757300277,0.536453316432551
1090,36.35,tracked,0,1,0.19467757208181444,0.7129393967324217,-0.5074536135669103,-0.0983059402302538,-0.17132179017419769,-0.025037223418591076,-0.26584268470321937,-1.4962439747330625,0.5445405252092458
1091,36.38333333333333,tracked,1,1,0.18925989145933556,0.7114301556670353,-0.5010929255707721,-0.10058549116685436,-0.1626875908845145,-0.050651088657297075,-0.3024935348197076,-1.4928240056851885,0.5363569830981599
1092,36.41666666666667,tracked,1,1,0.2548894005725964,0.693334894665371,-0.5021849887587664,-0.09865223572937451,-0.16766938566035072,-0.03962939104319407,-0.2960551467914457,-1.497696503180384,0.5385490223153003
1093,36.45,tracked,1,1,0.2123135184171885,0.7117563440866845,-0.5029871406726472,-0.09877596119891091,-0.16557649108579636,-0.04581626792553575,-0.29766208113496095,-1.497746502261565,0.5386727472158759
1094,36.483333333333334,tracked,0,1,0.24205245024500413,0.7013232247765224,-0.5079771409724181,-0.09850772582946721,-0.17213074033878573,-0.026093767562626255,-0.2684662271102584,-1.4978391899499586,0.5453196673220065
1095,36.516666666666666,tracked,0,1,0.20514971630840673,0.7069279813559499,-0.508197877001604,-0.09799620215276966,-0.1719504017636228,-0.02498569573610575,-0.2661930343715788,-1.4979104861446955,0.5453762723954676
1096,36.550000000000004,tracked,0,1,0.22074124885290006,0.6966529721708085,-0.5076151979427729,-0.09840420223371224,-0.1730597341827499,-0.024939355433412844,-0.27030817138100055,-1.4970726238873697,0.545257964449065
1097,36.583333333333336,tracked,1,1,0.2301783026692212,0.7220339687401165,-0.5005858995616799,-0.09825749571682538,-0.16490221781933562,-0.04190312431627524,-0.3030549612809551,-1.4959035503749647,0.5361282679977375
1098,36.61666666666667,tracked,0,1,0.3088278821112213,0.6888525885337304,-0.5073292601593722,-0.09756361162316968,-0.17072027577429644,-0.029518770669595816,-0.2734712527009754,-1.4981906236583875,0.5441020576024911
1099,36.650000000000006,tracked,1,1,0.30397451312152596,0.6414238589009502,-0.49851480903438594,-0.09831889252861936,-0.15953244230797842,-0.0518806729187815,-0.3044314114961447,-1.4922207416973667,0.5325732058631873
1100,36.68333333333334,tracked,1,1,0.2852655627622763,0.6951108195435867,-0.4968629964778182,-0.09603595780677346,-0.1558864003959861,-0.05450324054997922,-0.3017617004281949,-1.493818150991838,0.5295246097106332
1101,36.71666666666667,tracked,1,1,0.2745090478240966,0.6879708903795433,-0.5049638807892772,-0.09904258550344253,-0.16828080021278835,-0.04138124623077461,-0.2919514505673975,-1.4990894325266029,0.5414022371261782
1102,36.75,tracked,1,1,0.29796353823485794,0.6695275002123557,-0.504932448867678,-0.10029317596814363,-0.1694969775929447,-0.042589499391209776,-0.2970635918073106,-1.4959580772290717,0.5419822178618321
1103,36.78333333333334,tracked,1,1,0.2634662231552863,0.64360196698138,-0.5045812098594964,-0.1000940941820701,-0.16966000207895576,-0.04375539967864285,-0.2992067263166115,-1.4939032066009963,0.5416692176400959
1104,36.81666666666667,tracked,1,1,0.2479602054333678,0.6725969414852623,-0.5027488716970542,-0.09861315039235721,-0.16604670411196176,-0.04172502318805927,-0.29293656448755884,-1.4964431571739631,0.538565213664429
1105,36.85,tracked,1,1,0.2918217668485231,0.6959334199156326,-0.5016192309745402,-0.09825953463170056,-0.16650247304633897,-0.04107289032642759,-0.297915444670708,-1.4959269174461332,0.5375870743982544
1106,36.88333333333333,tracked,0,1,0.25239948319141814,0.707144069398423,-0.50636984924394,-0.10000679126302886,-0.1729169924379761,-0.02400634988179682,-0.2732347859073717,-1.4918707344477249,0.5443455417249715
1107,36.91666666666667,tracked,0,1,0.2203334995997237,0.7071197297423816,-0.5069785179314709,-0.10043817662903315,-0.1743908802651742,-0.02206450150928817,-0.27283433322212325,-1.4923126440345795,0.5454605614416297
1108,36.95,tracked,0,1,0.19796104509825857,0.7108245309944283,-0.5092305886617305,-0.09973973330070723,-0.17348670489343482,-0.026998275955238113,-0.2699029884108388,-1.4943096935710078,0.5471393274134574
1109,36.983333333333334,tracked,0,1,0.2439296379828443,0.7169984887444727,-0.5061468566320587,-0.09980235030846599,-0.1736752330207283,-0.024346438772756322,-0.27393838088740763,-1.4887988242039218,0.5443420213160214
1110,37.016666666666666,tracked,0,1,0.24965994312427797,0.6834569714780239,-0.5090799087480349,-0.09956254185056679,-0.17532420967830842,-0.02572624907982359,-0.2712675198768085,-1.493490974970438,0.5475524008987421
1111,37.050000000000004,tracked,1,1,0.27432621453236233,0.6706396525510325,-0.5048687501919467,-0.09811959203388546,-0.1668595018469639,-0.04663531758655158,-0.2949004215235703,-1.4979964327701494,0.5407050976437076
1112,37.083333333333336,tracked,0,1,0.2419246165287973,0.6330100468362956,-0.5065562637437254,-0.1019352364513747,-0.17758776571394103,-0.022271129922136215,-0.28002575595555695,-1.4910944439137919,0.5463766606469111
1113,37.11666666666667,tracked,1,1,0.2676054630610076,0.6383394206165989,-0.506341616526959,-0.09608064703324976,-0.16724125788935357,-0.04310077838025668,-0.2849903053916964,-1.5009898226395268,0.5418329647611663
1114,37.150000000000006,tracked,1,1,0.2849157537575703,0.6524218861286498,-0.5065389666336481,-0.0962697641297953,-0.16597291622542076,-0.04625817249856554,-0.2877396122815932,-1.5018837553085407,0.5416609651103363
1115,37.18333333333334,tracked,0,1,0.32541770315899465,0.6374901108368799,-0.5078381073392183,-0.1002487761102008,-0.17603669965161378,-0.019047156566056985,-0.2697656525603872,-1.4936841944035273,0.546752485135372
1116,37.21666666666667,tracked,0,1,0.3080537606054051,0.6766720213256094,-0.5071652359180612,-0.09869715808509363,-0.17496315516528038,-0.016407034249232618,-0.2665947255582333,-1.4948726911764811,0.5454995978030475
1117,37.25,tracked,1,1,0.2462903084278875,0.7121344149285749,-0.5014718063778418,-0.09389729007474379,-0.16224890194866792,-0.041820009757969595,-0.2886822679268728,-1.5007632189684113,0.5353647166733952
1118,37.28333333333334,tracked,1,1,0.2973956310175351,0.7645092649917157,-0.4904599448245705,-0.09028924485889861,-0.13993466229051654,-0.06476812143131079,-0.29532851949527955,-1.4914870592790768,0.5179621751874086
1119,37.31666666666667,tracked,1,1,0.260083605288042,0.7539429133244542,-0.48771284645958296,-0.0880110031684154,-0.14057151606435841,-0.05645230381092718,-0.29697607206364285,-1.4929040816720363,0.5151408626861703
1120,37.35,tracked,1,1,0.2119887133135474,0.7684497969627021,-0.4908260059122904,-0.08911298396726453,-0.14052853433381585,-0.0651798076067713,-0.2962065394346426,-1.4915032762484441,0.518265917221432
1121,37.38333333333333,tracked,0,1,0.38978260939332193,0.6813914266850443,-0.5099754573225447,-0.10322703647214215,-0.1823926510528171,-0.03822208377395916,-0.26742901959146115,-1.5056131343567514,0.5513600160405489
1122,37.41666666666667,tracked,0,1,0.19297266324716558,0.7004650406917216,-0.5119645868244844,-0.1000932122113192,-0.1784411211248184,-0.022546800111977114,-0.2672516558186529,-1.4964097270723737,0.5513325883724155
1123,37.45,tracked,0,1,0.1999771673730775,0.6920380678203515,-0.5116335636880406,-0.10148248997010653,-0.1794705252291814,-0.022416078467111553,-0.26824619908058167,-1.4929649257064386,0.5516133325878693
1124,37.483333333333334,missing_tag,0,0,,,,,,,,,
1125,37.516666666666666,tracked,0,1,0.1401611628031293,0.7042253790250695,-0.5022352531595556,-0.10307819528030004,-0.18065827792240385,-0.012827415125377719,-0.282497119902351,-1.4885857738275818,0.5436016714841624
1126,37.550000000000004,tracked,0,1,0.1236864036909432,0.6721453074925904,-0.5017666118567851,-0.10223167892670745,-0.18100335843499804,-0.013862349983434196,-0.28223030611337446,-1.4907474881177507,0.5431236182630611
1127,37.583333333333336,tracked,0,1,0.14357966054689986,0.6855101907467827,-0.5050479453252086,-0.10216386238844766,-0.17886314552968252,-0.01462487653207179,-0.2734525539591691,-1.4936770162097073,0.545438270278235
1128,37.61666666666667,tracked,0,1,0.10997816903738339,0.6501168231932186,-0.5099314674096173,-0.10346653159133093,-0.18064873514139446,-0.019950225971160362,-0.2705684802567716,-1.4929428428423694,0.550789787598001
1129,37.650000000000006,tracked,1,1,0.15883218548951566,0.5610416239327374,-0.5088582851974524,-0.09687470881336743,-0.18124430678359427,-0.026819377801683576,-0.2762092848402478,-1.5066479865290994,0.5487904539651105
1130,37.68333333333334,tracked,1,1,0.05733497085252125,0.6282279690749465,-0.5096697740358876,-0.0975414982274816,-0.17895608589751028,-0.028486185188129964,-0.27934423605241165,-1.5030367074428856,0.5489106513104037
1131,37.71666666666667,missing_tag,0,0,,,,,,,,,
1132,37.75,tracked,0,1,0.15932529086375322,0.6740639100369378,-0.49254879571641674,-0.09578552793095466,-0.16637029999699982,-0.010593595808365396,-0.2704321806169507,-1.4927981830804573,0.5286381184173119
1133,37.78333333333334,missing_tag,1,0,,,,,,,,,
1134,37.81666666666667,missing_tag,1,0,,,,,,,,,
1135,37.85,tracked,1,1,0.24300797648849126,0.6403652605834143,-0.501469598299713,-0.09306288542290211,-0.15646146035018021,-0.06831207847852006,-0.2913129813163701,-1.493604189486457,0.5334910001462282
1136,37.88333333333333,tracked,0,1,0.22139569115719593,0.7253384400726902,-0.4861074315087669,-0.08979028795753624,-0.16280092849139233,-0.011134522286805087,-0.2811443360284467,-1.4870805708369192,0.5204487228317572
1137,37.91666666666667,tracked,0,1,0.2565836552876262,0.6741992082325312,-0.5017385647361625,-0.0960641879562961,-0.1723463026322125,-0.017267148793900167,-0.2741131744832774,-1.4890252208345807,0.539141135123449
1138,37.95,tracked,0,1,0.19040514594644242,0.6578615530261903,-0.5098175594690677,-0.1015741340414415,-0.18187375386943383,-0.019754442236689315,-0.2745351779774314,-1.4943019310413996,0.5507352458267262
1139,37.985,tracked,0,1,0.21865503215086787,0.6193770026047413,-0.5086239140646416,-0.10000505021178041,-0.1809951615451973,-0.021786412443763722,-0.2734091383136615,-1.4977820690360035,0.5490524059951551
1140,38.01833333333334,tracked,1,1,0.2599893357316994,0.6648703016265225,-0.5119697635763398,-0.09547083832270764,-0.17144889053830725,-0.04771541190446351,-0.2831290713542993,-1.5032323332074242,0.5482904721525538
1141,38.05166666666667,tracked,1,1,0.22924048832899632,0.6480350389651829,-0.523685424484596,-0.10067455438943801,-0.16511264420224747,-0.09047576420563438,-0.2662410302424188,-1.502503923648736,0.5582508172807107
1142,38.085,tracked,0,1,0.18838617525913895,0.6523451212069339,-0.5111242738393845,-0.10324170374456193,-0.18705220129395844,-0.01444823410678145,-0.2784180413425636,-1.4948214641665816,0.5539814064649043
1143,38.11833333333333,tracked,1,1,0.2320884552690658,0.6759935353191995,-0.51300022065179,-0.09340400226936743,-0.18876723623156727,-0.013594918046992496,-0.274737848664284,-1.5093224311263285,0.5545508123727036
1144,38.15166666666667,tracked,0,1,0.24633607600224008,0.6733700949485866,-0.5102251249830192,-0.10253582177924914,-0.18590129195120025,-0.01592881197700028,-0.27866468805607053,-1.4881579048176727,0.5526323943282813
1145,38.185,tracked,0,1,0.23632767151520062,0.6438265959097825,-0.507695503098829,-0.10436721138396168,-0.1872006251364044,-0.013688522595878556,-0.281959661197195,-1.4877971869758395,0.5510819473819645
1146,38.218333333333334,tracked,0,1,0.2613847233326459,0.6572347470627962,-0.51093618816369,-0.1040682652556171,-0.19097565887347107,-0.00840974700348576,-0.28205996865465705,-1.4895261098187342,0.5552996438777099
1147,38.25166666666667,tracked,0,1,0.2621369117407399,0.6550890582667013,-0.5120155347856472,-0.10485221093469871,-0.1899174247011527,-0.011654052550110247,-0.2815365774596266,-1.489783332848742,0.5560778022946473
1148,38.28500000000001,tracked,1,1,0.2457318772128606,0.6625750661508854,-0.5210473965717602,-0.0941169920255521,-0.1802811013537784,-0.03777044109616917,-0.26682492540967817,-1.514396121866599,0.5593296641225802
1149,38.318333333333335,tracked,1,1,0.2710018147184284,0.6397919587566361,-0.5204208627185213,-0.09127799845169526,-0.19388609839531334,-0.014233032691944269,-0.26788664577632787,-1.5191927898741133,0.5628155705957278
1150,38.35166666666667,tracked,0,1,0.3006650143575405,0.5961361237614708,-0.5111528199146803,-0.10148860257470194,-0.1906098880835959,-0.00753515205597199,-0.2813367814469092,-1.497955467543662,0.554895730020097
1151,38.385000000000005,tracked,1,1,0.3168414238187869,0.607848011633441,-0.5226701167710891,-0.09366213513996333,-0.17762019466349233,-0.04864825264302232,-0.2644569114251699,-1.517318300416418,0.5599156901505598
1152,38.41833333333334,tracked,0,1,0.13393068694278465,0.6718965020972643,-0.5077916338999713,-0.10463348262690478,-0.1945232129029344,-0.0020417546690465276,-0.2811187669616762,-1.4912209842513326,0.5537506564361956
1153,38.45166666666667,tracked,1,1,0.25458872700176005,0.6647538075747472,-0.519102309360897,-0.09368107576240972,-0.1741509698327915,-0.04690338026843904,-0.2682735690266031,-1.5118976057387261,0.5554924948489588
1154,38.485,tracked,0,1,0.3697978700318932,0.6541565778588092,-0.5087582970623507,-0.10042890488542222,-0.18593369331527354,-0.0004570907991226955,-0.2745257015078816,-1.4899053605614165,0.5509013596608076
1155,38.51833333333334,tracked,1,1,0.12142766223705397,0.630920453869387,-0.5200771438037666,-0.09658665085562221,-0.17096038820807724,-0.05332433658665134,-0.27097108551827,-1.5030135501186594,0.5559106681534778
1156,38.55166666666667,tracked,1,1,0.15348974468741,0.6367476108352348,-0.5192647571916459,-0.0950610525442867,-0.17097258317798197,-0.04697474086594671,-0.2655627455473145,-1.5066130393532162,0.5548910847821206
1157,38.585,tracked,1,1,0.16599133544027528,0.6156562487140009,-0.5211140259461243,-0.09397973079177233,-0.17359399544685367,-0.044080688197628885,-0.26312166781233837,-1.5108241170734438,0.5572493993650188
1158,38.61833333333333,tracked,0,1,0.15855080847834085,0.6204254633905357,-0.5113563212939576,-0.10204243074525085,-0.18936358646287277,0.004089426549274918,-0.2699173956418625,-1.4902333605026772,0.5547580669785437
1159,38.65166666666667,tracked,0,1,0.18428123329110627,0.6229072671114427,-0.5035561417478296,-0.09819563549401447,-0.18436692177904412,0.00985897736378438,-0.27588679644007585,-1.4887632157335113,0.5451626661541615
1160,38.685,tracked,1,1,0.2188835497847517,0.6813098781018031,-0.5072770572564034,-0.08882715369334207,-0.1486182805977489,-0.06758630921775867,-0.26864896777211034,-1.4985897307380034,0.536010885504957
1161,38.718333333333334,tracked,0,1,0.34412419137887745,0.6334625391644588,-0.5085563663314335,-0.10177604097306556,-0.18799997119773532,0.005663302916658894,-0.27666121142194966,-1.4907184164258833,0.5516628766037567
1162,38.75166666666667,tracked,0,1,0.29011984352795456,0.6046599902226539,-0.5097585028928412,-0.10347419449982145,-0.18738672151975883,-0.0003397038113413687,-0.2720289499023734,-1.4915311397349005,0.5528783081301538
1163,38.78500000000001,tracked,0,1,0.23511657445493253,0.6044869480194668,-0.5035044362449649,-0.1022784893205653,-0.1830939531306216,0.0005937661879240092,-0.27944731558808406,-1.4867459245701717,0.545436524601218
1164,38.818333333333335,tracked,0,1,0.25515602925283876,0.6391109963078746,-0.5100307756465943,-0.10593946587530659,-0.19230475885927556,-5.7760909719211314e-05,-0.26994755364554235,-1.4912496396492572,0.5552798238875026
1165,38.85166666666667,tracked,0,1,0.15716970511655878,0.6463603809435136,-0.5082095681893821,-0.10387469759152276,-0.18852839235473356,0.0048141712905351896,-0.27218430807136945,-1.494729499706273,0.5519147331996392
1166,38.885000000000005,tracked,0,1,0.2937622774190768,0.6629819052333364,-0.5067437744017771,-0.10467825696102473,-0.18932529876944898,0.003283209409170263,-0.28150594977821936,-1.4886567891433404,0.5509907976813212
1167,38.91833333333334,tracked,0,1,0.17825413201883958,0.6752720871258059,-0.5089771216900061,-0.10616190436031364,-0.18957638230023088,-0.0017252276058791502,-0.28164232861272376,-1.4870472190464041,0.5534141894343647
1168,38.95166666666667,tracked,1,1,0.32145640058377684,0.6214820096619,-0.5211537818364055,-0.09249695150469112,-0.18970603918003975,-0.0141791052725948,-0.2587452722644005,-1.513672844630314,0.5622680247545895
1169,38.985,tracked,0,1,0.1722706832518119,0.6541549163073391,-0.5093939685597961,-0.10598201081978822,-0.18992117336472053,0.0020407347311266993,-0.27959463084769376,-1.4854063939672661,0.5538812633721568
1170,39.01833333333334,tracked,0,1,0.2186985710224424,0.6043406257792875,-0.5093677518729587,-0.10544410648647634,-0.18991125045563512,0.0027832749328665293,-0.27757251734322264,-1.4877548460290781,0.5537510715930637
1171,39.05166666666667,tracked,0,1,0.23344641067208835,0.6248549374990109,-0.508283747425594,-0.10716288258382045,-0.19292271043724424,0.00615704247790789,-0.2806569350404729,-1.4860805944608362,0.5541258191991523
1172,39.085,tracked,0,1,0.19303446750549924,0.5479469993566524,-0.5077800462191591,-0.10595605256419172,-0.19153256961746035,0.009285124451588364,-0.28046449592366274,-1.489754241355559,0.5529484475406223
1173,39.11833333333335,tracked,0,1,0.2959004661418705,0.6195142738070399,-0.510629076680654,-0.10831232797300694,-0.19235323183642622,-0.0027968767072633505,-0.28596841449162486,-1.482108255267966,0.5563033166722875
1174,39.15166666666667,tracked,0,1,0.17428002232384937,0.6313818663736637,-0.5118617397656646,-0.11027245268471186,-0.19392981278820193,-0.003420371602103603,-0.2840753797852272,-1.4849266398619647,0.5583647792842078
1175,39.185,tracked,0,1,0.22060864665242866,0.6421209656934428,-0.5110068187596581,-0.10967598119536182,-0.19435736867249975,-0.0040977670079582725,-0.2845195761412721,-1.4863324385150074,0.5576123890547353
1176,39.218333333333334,tracked,0,1,0.2664559667385356,0.6362842203392807,-0.5109136871636389,-0.11073533038125075,-0.19538182553554545,-0.0025109909034719165,-0.2865403279307609,-1.4834887459474506,0.5580942275954768
1177,39.25166666666667,tracked,0,1,0.17111469810915736,0.6453571340914676,-0.5119003873542208,-0.11033455266857578,-0.19458481787777399,-0.004161265290692171,-0.2851249039831537,-1.486720459117053,0.5586402880517145
1178,39.28500000000001,tracked,0,1,0.1943503889814055,0.6596524914274737,-0.5108489607940592,-0.11064843584545969,-0.19373870502309687,-0.0022379384837574374,-0.2850631399899894,-1.4831999478903617,0.5574445469492401
1179,39.318333333333335,tracked,0,1,0.2065224318037511,0.6702836236365246,-0.5131207399869663,-0.1108542187099403,-0.19388083587497812,-0.007472269528878096,-0.28419316976764997,-1.4824278416352241,0.559617128160087
1180,39.35166666666667,tracked,0,1,0.15429018176648812,0.6800183876107171,-0.5116535411894434,-0.11130225472254887,-0.19449071763739884,-0.0008134212245801373,-0.28368953780597067,-1.4844070946358872,0.558573341079872
1181,39.385000000000005,tracked,0,1,0.1997616366562958,0.670657107261019,-0.5140538889017007,-0.11185142254443403,-0.19553160966850014,-0.007724687911546948,-0.2820860181151816,-1.4865904327410033,0.5612439325282103
1182,39.41833333333334,tracked,1,1,0.06555501003936066,0.6703417321675298,-0.5261981881388912,-0.09150815796458542,-0.19610253193518518,-0.007217726218438864,-0.24444474966128482,-1.5229078886004837,0.568959119099179
1183,39.45166666666667,tracked,0,1,0.17969740211020177,0.6732818282074476,-0.5098500738663638,-0.11121997227388589,-0.1940737374915324,-0.007159828512732295,-0.29155433823982563,-1.483601511247297,0.5567599084327758
1184,39.485,tracked,0,1,0.15441916803048095,0.6520624755597164,-0.5136801037724505,-0.11175336495219865,-0.19677604230602236,-0.008821249263519522,-0.28531967307786715,-1.4855460872989097,0.5613170890106913
1185,39.51833333333334,tracked,0,1,0.23027437084393096,0.639549500541223,-0.5123227408251194,-0.11354330467155987,-0.19852693912750524,-0.008005340270191301,-0.2916741197749729,-1.4815030346867926,0.5610522420966138
1186,39.55166666666667,tracked,0,1,0.26168231623013627,0.6560285885705,-0.5104949779443251,-0.11039510997177301,-0.1962746935269697,-0.00024549129650562574,-0.28664415982244484,-1.4830691693437386,0.5579569500697725
1187,39.585,tracked,0,1,0.19831535824517982,0.665169972177315,-0.5100400150806282,-0.11077833257228448,-0.1963663504875075,-0.0017263944133778808,-0.29024923829108784,-1.4839538689285956,0.5576489931441873
1188,39.61833333333335,tracked,0,1,0.19123981859836792,0.6664544664570548,-0.5093492740101764,-0.11149298177464412,-0.1954740357779945,-0.005853266516016439,-0.2919012724379671,-1.4813885180421826,0.5568459989826914
1189,39.65166666666667,tracked,0,1,0.1944681539842121,0.655789207745809,-0.5098877098647304,-0.11174187148513826,-0.19417998240372047,-0.006023884479713779,-0.28772762775727495,-1.4820495039298118,0.5569358922536864
1190,39.685,tracked,1,1,0.29706786140850194,0.6485516626857645,-0.5236012596710886,-0.09326828309607899,-0.19870007786215182,-0.00033312409748106957,-0.24651624193735638,-1.5220098629091117,0.5677490402486527
1191,39.718333333333334,tracked,0,1,0.22841169571368625,0.668659798731564,-0.507996576357935,-0.11268085331809194,-0.19487735781651488,-0.005184418395307984,-0.2956128861204653,-1.4803008576212562,0.5556389843103368
1192,39.75166666666667,tracked,0,1,0.228964717546667,0.6576639401060208,-0.511832743361589,-0.11388126261181428,-0.19871424875154187,-0.006512746557137074,-0.29490010226289565,-1.478129007392109,0.5607397362484675
1193,39.78500000000001,tracked,0,1,0.21666921348520105,0.6528369324722811,-0.5108736544466872,-0.11299597656672997,-0.1993922597430859,-0.0038299966407931937,-0.29612348772862696,-1.4798033803608182,0.5599261154593849
1194,39.818333333333335,tracked,0,1,0.19199153650736403,0.6620486386486049,-0.5099054560203009,-0.11359138499455171,-0.19695607831410827,-0.0061724146306778305,-0.2943421870949125,-1.477621492324235,0.5582994479749417
1195,39.85166666666667,tracked,0,1,0.23049962726310416,0.6471305378675335,-0.5096014450843934,-0.11505679595652782,-0.19864153939087736,-0.008334120807452326,-0.29528135015010987,-1.476921902033531,0.5589187421257777
1196,39.885000000000005,tracked,0,1,0.13609794329153402,0.6877569366143542,-0.5074931889092452,-0.11283183750880865,-0.19561240742195463,-0.006917069763949428,-0.29512888129535286,-1.4774526131763217,0.5554678877147641
1197,39.91833333333334,tracked,0,1,0.22818120737647968,0.661249376025332,-0.5095087230955787,-0.11330094274305721,-0.19747964548749986,-0.005303710411650285,-0.29395126812694,-1.4771489139054224,0.5580631262848507
1198,39.95166666666667,tracked,0,1,0.31619859191925986,0.6378958142685016,-0.5112642465627608,-0.11443960454196192,-0.1973548951768922,-0.012595743790063106,-0.29653890248907194,-1.4771027797262222,0.5598540055687645
1199,39.985,tracked,0,1,0.27524180762882233,0.6469063671409768,-0.5114661043591009,-0.11498247992100077,-0.19764404644267453,-0.011662801804305236,-0.29648396201020655,-1.476500849499355,0.560251475403048
1200,40.01833333333334,tracked,0,1,0.1339178064552074,0.6862873084807921,-0.5078028092806255,-0.11320300077751858,-0.19729047337211592,-0.0037559245405715137,-0.2961784192364293,-1.478645094031568,0.5564190357830362
1201,40.05166666666667,tracked,0,1,0.12515763847482209,0.697590806421561,-0.5066594410290032,-0.111884201213307,-0.19554530302718592,-0.004561179040207283,-0.2973688845805551,-1.47924003075922,0.5544906033477535
1202,40.085,tracked,0,1,0.2077929389540662,0.6879024645398524,-0.5050740936049556,-0.11321167271242524,-0.19636215827953657,-0.01346988737892229,-0.2933506093011329,-1.4819046870178398,0.5536016799770486
1203,40.11833333333335,tracked,0,1,0.18011164113604122,0.7048915634162771,-0.49921367676333733,-0.11121040360378803,-0.19159164412555302,0.00020255679669256576,-0.30312631803503204,-1.4753836428158054,0.5461587745665356
1204,40.15166666666667,tracked,0,1,0.2402751358692166,0.6636781368635837,-0.504253643356034,-0.10624993274136396,-0.18961373222590405,0.004568236592478771,-0.2887771609187008,-1.4817194670257436,0.5491030436029429
1205,40.185,missing_tag,0,0,,,,,,,,,
1206,40.218333333333334,tracked,0,1,0.18548453150367436,0.6892849895711721,-0.5050090267563627,-0.10468640615842983,-0.18778109597845682,-0.000918855459255563,-0.2872201558238317,-1.4852746835070985,0.5488671066357018
1207,40.25166666666667,tracked,0,1,0.20940720510273458,0.6591292689162884,-0.5050344515990233,-0.10684673065647002,-0.18974514851140317,-0.00041018454915561943,-0.28985099391611396,-1.4816826182159213,0.549981129255829
1208,40.28500000000001,tracked,0,1,0.26912847334855655,0.6552944863289354,-0.4999968806668444,-0.10960824442100023,-0.1914759681699395,-0.0030000200493897422,-0.28553393260719634,-1.482585415810921,0.5465106534261195
1209,40.318333333333335,tracked,0,1,0.16143961053369127,0.7354369846629912,-0.4820341832627876,-0.10427296761275048,-0.17755921046144912,0.0007938925384963817,-0.30334558772655495,-1.47628270624991,0.5241727566635694
1210,40.35166666666667,tracked,0,1,0.13886157977916377,0.6865468178974521,-0.5027679878599969,-0.09998879710753025,-0.18253966799979549,0.013072080234473584,-0.26929314175671515,-1.487896352465589,0.5441453294454307
1211,40.385000000000005,tracked,0,1,0.2067756935856754,0.6831160027993943,-0.5043816437693596,-0.10148345326792582,-0.18259878445985367,0.00665834732651483,-0.27331939954859163,-1.4849811867678544,0.5459322759691724
1212,40.41833333333334,tracked,0,1,0.2793653351852378,0.668493650419997,-0.5046158378494389,-0.10020877420728017,-0.18197725380740143,0.0056071051670533185,-0.2728320313145827,-1.4848624814093585,0.5457056561369876
1213,40.45166666666667,tracked,0,1,0.24781173430525402,0.6627207931744289,-0.50636668148734,-0.10107283662785127,-0.18363926979864276,0.0057695930521448145,-0.2726412724202341,-1.4880970427235152,0.548038607980022
1214,40.485,tracked,0,1,0.3110597669725457,0.6380336348361662,-0.5066577104997941,-0.09918717670472266,-0.18289794306855556,0.008508542426493897,-0.2686436429976491,-1.4931173278616179,0.5477150620626163
1215,40.51833333333334,tracked,0,1,0.19726029961439112,0.6381213679026683,-0.5063712977314133,-0.1001629394809544,-0.18360499908438432,0.009192916445447613,-0.2690596351881278,-1.490115398323405,0.5478643092047863
1216,40.55166666666667,tracked,0,1,0.18288807281918995,0.6599788800872503,-0.5047358011123677,-0.09870538707485263,-0.18214442018652127,0.013601701206977465,-0.2669511337695488,-1.4879014358091625,0.5455983615877381
1217,40.585,tracked,0,1,0.198959795896559,0.66290675288339,-0.5058584629586668,-0.09983053618723803,-0.18419774746228473,0.0080690713757732,-0.271581033716108,-1.491214921604961,0.547528748717833
1218,40.61833333333335,tracked,0,1,0.17591454481286917,0.6552787767860123,-0.5063395653354179,-0.1007296939868503,-0.18414566389519432,0.010945696460444567,-0.2710911202709469,-1.490261818609399,0.548120289905552
1219,40.65166666666667,tracked,0,1,0.2154015746212567,0.6561448210837277,-0.506777641636364,-0.09999131662657387,-0.18393254687333732,0.009953399402777566,-0.2686348098290027,-1.492884001685942,0.5483183594067803
1220,40.685,tracked,0,1,0.24058356793243854,0.6252657951809804,-0.5053031888304731,-0.09935705018458205,-0.18304676804991177,0.01033084165516944,-0.26857762987470185,-1.4920794867695235,0.5465430041242358
1221,40.718333333333334,tracked,0,1,0.2280098067976307,0.631773132044941,-0.5072954948946683,-0.09998474435155255,-0.1841236329701697,0.006872522551059199,-0.2681031517875419,-1.4924167484361315,0.5488598914673994
1222,40.75166666666667,tracked,0,1,0.18197602853007647,0.6346108050849447,-0.507206701537567,-0.1004167270047781,-0.1858138891185136,0.00880292227053076,-0.2710968727879905,-1.4904338102428112,0.5494260264460703
1223,40.78500000000001,tracked,1,1,0.20118690464524536,0.6323078196772277,-0.5203664003598066,-0.09495717801424464,-0.17197218638202633,-0.03840202728182616,-0.2559352628223612,-1.5124967928891457,0.5562126294582548
1224,40.818333333333335,tracked,1,1,0.1201062340709757,0.6543892959162168,-0.5226048854407388,-0.09336103956308087,-0.17226312980962188,-0.03906588831356527,-0.2493166599748219,-1.5148772498810197,0.558127884885385
1225,40.85166666666667,tracked,0,1,0.1393069633793383,0.6519264992937961,-0.5060584026918098,-0.10197289083577699,-0.1840528699597655,0.006864471724126134,-0.27224696607767074,-1.4874319532839735,0.5480593365145945
1226,40.885000000000005,tracked,0,1,0.16960248105782255,0.6573800498482494,-0.5049976977011644,-0.10007752632043426,-0.18478326621268126,0.010075807235234399,-0.2737321556622071,-1.488112407218497,0.546976271359298
1227,40.91833333333334,tracked,0,1,0.1790478473014727,0.6664148921091616,-0.5045252835416432,-0.09952834502663818,-0.18470457426155595,0.012856560702466486,-0.2723617119874147,-1.4903639722806592,0.5464132437539005
1228,40.95166666666667,tracked,0,1,0.15913218988220612,0.6662702995985971,-0.5063607102357426,-0.10013159920167361,-0.18484617003080345,0.008800983603211868,-0.2727448303654521,-1.4907836280259983,0.5482660053333482
1229,40.985,tracked,0,1,0.18786320172401497,0.6467615628733026,-0.5079535860793362,-0.09982800770723654,-0.18532906664544452,0.0039071289935566165,-0.273749231218214,-1.4910739640954336,0.5498448323639363
1230,41.01833333333334,tracked,0,1,0.19155076789192949,0.6674074178889914,-0.5074288803858067,-0.09926317736229051,-0.1848334965319119,0.008043906848909764,-0.26821248087980676,-1.4938432487226996,0.5490907652381919
1231,41.05166666666667,tracked,0,1,0.13360654588359794,0.692722339461789,-0.5080458270024009,-0.0999163101690026,-0.18569376685977523,0.005295842660991226,-0.2715244311255344,-1.4921516514241002,0.5500690924083214
1232,41.085,tracked,0,1,0.23085891416104973,0.6729766613502294,-0.5086168818841178,-0.10076248945870708,-0.18458768230599348,0.003327434833363767,-0.27119438120773737,-1.4912859727876386,0.5503788007168672
1233,41.11833333333335,tracked,0,1,0.2084369191731559,0.6842265537170908,-0.507989829682145,-0.10110652268913123,-0.18610457952464432,0.005432965476750448,-0.27301082255346687,-1.4888516408807988,0.5503736099331319
1234,41.15166666666667,tracked,0,1,0.25815562404437564,0.6805757902043751,-0.5080261530203432,-0.10127509454000025,-0.18569833571096656,0.0055796597751614635,-0.2702720471044511,-1.4904142219452219,0.5503009075156591
1235,41.185,tracked,0,1,0.22199824305854757,0.6782957666630381,-0.5089962367603619,-0.10123999368941108,-0.18623834373723996,0.004238668876209452,-0.27224554260708406,-1.49137260532303,0.5513723116338294
1236,41.218333333333334,tracked,0,1,0.20466364530848968,0.6864649204737878,-0.508823890723775,-0.09998837995174109,-0.18551698785177823,0.004848001397781901,-0.272246812678009,-1.4944811352644778,0.5507413010463721
1237,41.25166666666667,tracked,1,1,0.22231615974699845,0.6742374593851894,-0.5230868291615216,-0.09648511536025484,-0.17348055449940936,-0.05089890692535478,-0.2622239275041872,-1.5081041520928518,0.5594861134270975
1238,41.28500000000001,tracked,1,1,0.18963728159715504,0.6744104180632677,-0.5238258071182065,-0.09636572876360042,-0.17377793873132424,-0.04655148714510912,-0.2607382435889682,-1.5116681137722578,0.5602486964490753
1239,41.318333333333335,tracked,0,1,0.2046769834530202,0.6687782530445916,-0.5084240338190131,-0.10125213295168906,-0.18594567842790044,0.003283631666304696,-0.27634616219643804,-1.4907714783730377,0.5507474810819163
1240,41.35166666666667,tracked,0,1,0.1753803386822734,0.6691360084452419,-0.507345612780105,-0.10005098863466824,-0.18554760081963212,0.003981157207708947,-0.2777755420010768,-1.4902120356899464,0.5493975639770496
1241,41.385000000000005,tracked,0,1,0.28740577278617624,0.6864453379868987,-0.5069257428385371,-0.0980556717858716,-0.1830005483767645,0.003881502918559464,-0.2692704090784852,-1.4924010241311407,0.5477935963736503
1242,41.41833333333334,tracked,0,1,0.2061926815263708,0.6754225950915064,-0.5072056873638271,-0.10131341340650482,-0.18484459293275252,0.0014239230801198057,-0.2730574371610298,-1.489983670672175,0.5492627245378705
1243,41.45166666666667,tracked,0,1,0.261569025653918,0.6696566292676391,-0.5088773443509016,-0.10039604211663566,-0.1849645200444332,0.001904101358768328,-0.2724863472471913,-1.4924348089134694,0.5506790267856393
1244,41.485,tracked,0,1,0.26729415561926145,0.6563194382274369,-0.50862605751186,-0.09982395794183982,-0.1848870014246347,0.001938200833284492,-0.2694869094735545,-1.495021883570697,0.5503167199486355
1245,41.51833333333334,tracked,1,1,0.2335392321445451,0.6799676021738963,-0.5211562062838694,-0.09527449208812058,-0.1719266628557476,-0.04344044865105699,-0.25782408498102066,-1.514095500885879,0.5569917392489392
1246,41.55166666666667,tracked,1,1,0.21881350743431305,0.6702840304108263,-0.5219192994630424,-0.09409645799029581,-0.173950586194415,-0.04246003447364236,-0.2577576735399722,-1.5136724026194666,0.5581332322982506
1247,41.586666666666666,tracked,0,1,0.23838201815092477,0.6698756275946668,-0.5074341373984551,-0.09959672689991345,-0.18425007686298756,0.0028596617720204032,-0.2714371585244291,-1.4911640369047068,0.5489599280735408
1248,41.620000000000005,tracked,0,1,0.1943375181505423,0.6701784988845572,-0.5074409309833217,-0.09920135155561344,-0.18512930276720607,0.0061693843971972855,-0.27024941943566744,-1.4905375023610463,0.5491903725765342
1249,41.653333333333336,tracked,1,1,0.19487887973713036,0.6459262947362255,-0.519324661585011,-0.09514308489103618,-0.17156034672907466,-0.042822671602089496,-0.2620823633526573,-1.508896364783431,0.5551425612423979
1250,41.68666666666667,tracked,1,1,0.23008782622251378,0.6551217311393094,-0.5236435220430888,-0.09481415127445292,-0.17324161400689986,-0.04714931935897957,-0.2582775410365973,-1.5125881812995692,0.5596471372957261
1251,41.720000000000006,tracked,1,1,0.22402378590258823,0.6538809154935433,-0.523256689457345,-0.09389740244813588,-0.17245394925133456,-0.04565633157879084,-0.25485997269428634,-1.5140364777509199,0.5588869741376601
1252,41.75333333333334,tracked,0,1,0.3189323603928804,0.6378214502763403,-0.5078990715836785,-0.10016432395726055,-0.18653778309949126,0.005185796993187121,-0.27480181407469517,-1.49323227923367,0.5502642122045105
1253,41.78666666666667,tracked,0,1,0.24334456623174058,0.6427752460612622,-0.5090991878865545,-0.09924387446175462,-0.1863176756247576,0.00271095539529441,-0.2739693059183473,-1.4952386269461808,0.5511312057714952
1254,41.82,tracked,0,1,0.3007056033772701,0.6452342711018126,-0.508806308354955,-0.09886732628314965,-0.18448269163643277,0.002633428134361686,-0.2699758333233888,-1.4954717299330222,0.5501749459413791
1255,41.85333333333334,tracked,0,1,0.2635605434785121,0.6631726151331698,-0.5090433741725349,-0.10010475234423899,-0.183784486989595,-0.0005618815690609582,-0.27060324921930917,-1.4923224338258898,0.5503842801978354
1256,41.88666666666667,tracked,1,1,0.2545961702661579,0.6688933588706765,-0.5196821146498838,-0.09446092692792585,-0.1730616838010891,-0.03881002554290947,-0.2593123116052481,-1.5099072977930388,0.5558261539394544
1257,41.92,tracked,1,1,0.2550638220974819,0.6621483847510179,-0.5206040683822367,-0.09526996820218539,-0.17225398351041915,-0.043189581131512916,-0.26044227278717486,-1.509742112684648,0.5565755992608639
1258,41.95333333333333,tracked,0,1,0.2887417365262902,0.6460028678392128,-0.5079769767890023,-0.1007090591287414,-0.18585086365098585,0.002657481451005189,-0.2744062820264513,-1.4917564515850898,0.5502031143660568
1259,41.98666666666667,tracked,1,1,0.26675475444918617,0.6578683240941638,-0.5208726022792778,-0.09429102904180034,-0.1726996369086265,-0.04153797053897558,-0.25820265397801984,-1.5114906790692633,0.5567981955352583
1260,42.02,tracked,1,1,0.3167071430267595,0.6513679132507957,-0.5207271120259115,-0.09517288189033468,-0.17287660011710065,-0.04434050826948168,-0.26074433002110287,-1.5111288291788032,0.556867059103163
1261,42.053333333333335,tracked,1,1,0.23698070214920844,0.6578685782557274,-0.5181628073804027,-0.0976408935203757,-0.17228151127263952,-0.0445116609976093,-0.26782741894658335,-1.5046522161021219,0.554713762373156
1262,42.086666666666666,tracked,0,1,0.22396169537047472,0.6542775742553875,-0.5077057386066133,-0.09937270839063198,-0.18511560428145418,0.0018180746430888476,-0.2743801459178352,-1.4911988631249673,0.5494614082312462
1263,42.120000000000005,tracked,1,1,0.24657221384230185,0.6697777597453333,-0.5189374391054334,-0.0961919593704374,-0.17052321659684794,-0.05063583175304444,-0.2673374044429052,-1.5063793297630117,0.5546414392662748
1264,42.153333333333336,tracked,0,1,0.22955509771019886,0.6584094699402232,-0.5076539337298553,-0.09975031891675537,-0.18459639877133188,-0.00042610042810903916,-0.2776719318623875,-1.48931449341144,0.5493072664681721
1265,42.18666666666667,tracked,1,1,0.23225925014381232,0.6401464382463573,-0.5159983395661781,-0.09482227201666812,-0.1709881498651179,-0.0429628602106758,-0.272024161444456,-1.5031138750159758,0.5517993268387992
1266,42.220000000000006,tracked,0,1,0.2266077371790261,0.6520123294811055,-0.5088269583935796,-0.10039964822927691,-0.18390911010143396,-0.0014774498796697772,-0.27391056480117304,-1.4908712965868114,0.5502794960117318
1267,42.25333333333334,tracked,1,1,0.22859568448923853,0.6943383458530039,-0.5152589113570887,-0.09551673584159337,-0.16862667556056998,-0.04212493853978022,-0.2698069491188184,-1.5058433409232705,0.5504999076015678
1268,42.28666666666667,tracked,0,1,0.23531806867378133,0.6491401024400292,-0.5082059639977443,-0.09955264648247664,-0.18376124407733102,0.0003529269507308814,-0.2713227932980632,-1.494022816896205,0.549501798076576
1269,42.32,tracked,0,1,0.18173892173503228,0.6368176646812121,-0.5086785959468254,-0.10025897443976153,-0.18358638588256765,-0.0012576422790024472,-0.2722359439700871,-1.4937685928393691,0.5500088517574689
1270,42.35333333333334,tracked,0,1,0.18977908216880318,0.6318810283997962,-0.5078199775820778,-0.099806854484815,-0.18386730902111126,0.001220630203626246,-0.2725577146625658,-1.4922779511852722,0.5492264789322159
1271,42.38666666666667,tracked,0,1,0.2193129356600613,0.6390779409694065,-0.5070529172052215,-0.09926266659894062,-0.18259963409670799,0.0024269604132834124,-0.2701109008074735,-1.4953539341079942,0.5479948578215943
1272,42.42,tracked,0,1,0.11792400119183692,0.6489960473917259,-0.5085149914815792,-0.09964150636214852,-0.1838053438755351,-0.0006231340719649041,-0.27238559634082204,-1.4919043044129827,0.5498184525721489
1273,42.45333333333333,tracked,1,1,0.14896683897518928,0.6400448177076926,-0.5162026403844995,-0.09499797271728505,-0.1710010433734825,-0.038135200424962816,-0.26475952207779035,-1.509217929960045,0.5520245806077322
1274,42.48666666666667,tracked,0,1,0.112038614098502,0.6533128060478349,-0.5067420425096274,-0.09915194437608155,-0.1817402257425575,0.004147061949490974,-0.26691744930697303,-1.4943459228973328,0.5474012380085949
1275,42.52,tracked,0,1,0.19080707674617856,0.6367226365782703,-0.5073615955089501,-0.10007534813127272,-0.18340840827813815,0.001504319317137181,-0.2717359041732765,-1.4931435607486352,0.548698011777064
1276,42.553333333333335,tracked,0,1,0.22486947438029825,0.6518728574582526,-0.5089219396584583,-0.10016281663188903,-0.1833295255941263,-0.0002499100316139892,-0.2678623270913394,-1.4968484365832064,0.550130753054152
1277,42.586666666666666,tracked,1,1,0.2513929940374408,0.6501146393595034,-0.5158495066185516,-0.09727847696899344,-0.1722406603275497,-0.041314054199665114,-0.27138126591336087,-1.5080497897495477,0.5524768417138228
1278,42.620000000000005,tracked,0,1,0.24486528361002072,0.6250475700455643,-0.5094219330375569,-0.10057338474930133,-0.18276341678697772,-0.0038021775044464537,-0.2679174117504412,-1.493247980481277,0.5504799524917349
1279,42.653333333333336,tracked,1,1,0.2140570586268906,0.6505224137186415,-0.515798321087265,-0.09807030784417659,-0.17024907641947973,-0.047144926606652586,-0.27309421691298347,-1.5066106623538404,0.5519514845878927
1280,42.68666666666667,tracked,0,1,0.2730230550564535,0.6450903513143743,-0.5077652835745134,-0.10045814773432049,-0.18227814912719836,-0.0015268737155815257,-0.2704762659363285,-1.4959306474340253,0.5487647458601489
1281,42.720000000000006,tracked,1,1,0.22499988462307785,0.6301632811892603,-0.5144675686492531,-0.09774605607042094,-0.1696729183338992,-0.042870312404927835,-0.2725594211398087,-1.509205098609737,0.550472587769035
1282,42.75333333333334,tracked,1,1,0.19072346909946006,0.6418469573622689,-0.5182379284674339,-0.09653699950738556,-0.17101025553549842,-0.04696846735655554,-0.2679412742778408,-1.5091147510592575,0.5541971222177381
1283,42.78666666666667,tracked,0,1,0.21584463119606476,0.6169080823924079,-0.5111596631147144,-0.10183033064644534,-0.18378139580691372,-0.00783608598848613,-0.27190548381540497,-1.4935392191847974,0.5526565107549627
1284,42.82,tracked,1,1,0.17961263401957128,0.621038110929531,-0.5171575324013988,-0.09817844736755152,-0.1705177895486235,-0.048595554143986384,-0.2747327717335311,-1.5055975797331786,0.5533238088132081
1285,42.85333333333334,tracked,0,1,0.14258175195436343,0.6407648433438857,-0.5100273818959957,-0.10176321635552366,-0.18514507379081824,-0.0024551680358348466,-0.27198649732004626,-1.4907144270258483,0.5520528786590216
1286,42.88666666666667,tracked,1,1,0.21291680864862317,0.6322125874261572,-0.515890547133573,-0.09889988244554093,-0.17138630006321232,-0.046364433348902334,-0.2792765185509478,-1.5044494166783715,0.5525373355881723
1287,42.92,tracked,1,1,0.16303609053835535,0.6705940553907501,-0.5184648138058001,-0.09787392728277697,-0.17315948566055112,-0.04745691786144294,-0.27675034105804713,-1.5070647050305777,0.5553100721854988
1288,42.95333333333333,tracked,1,1,0.14026439319824277,0.6711915503721522,-0.5176742497336908,-0.0986101054046235,-0.17034001487251027,-0.049963315767848064,-0.27447132069591557,-1.5044506251697376,0.5538287663096038
1289,42.98666666666667,tracked,0,1,0.17073738755943127,0.6433352253016643,-0.5120211951667362,-0.10260138074104297,-0.1861218246728079,-0.006478503098990766,-0.2729813294807354,-1.4891535660433777,0.5543772012352932
1290,43.02,tracked,1,1,0.18709097433751898,0.638233733955983,-0.5193607451007687,-0.09970819769166087,-0.17212233832997292,-0.051322394580581805,-0.2766405309331792,-1.5044566003109512,0.5561505260185615
1291,43.053333333333335,tracked,0,1,0.08213372101043546,0.6733241662248062,-0.5111028690214984,-0.09962858826230328,-0.1841429578521342,-0.0028701401944771538,-0.2686653523017507,-1.4959484692343712,0.5523229374629297
1292,43.086666666666666,tracked,1,1,0.1449955536210205,0.6571817702684792,-0.5175483915689492,-0.09895333631941192,-0.17322444251026659,-0.04563324051021682,-0.2785587125514562,-1.5041770766618396,0.554666393309836
1293,43.120000000000005,tracked,1,1,0.1111461193509566,0.6693837056782675,-0.5163797009619852,-0.0980450311855601,-0.17652295862566753,-0.037823014719527946,-0.27987885368031507,-1.5069133971025124,0.5544557499275535
1294,43.153333333333336,tracked,1,1,0.10484296873501397,0.6758785517030153,-0.5175638287176014,-0.09785986624551091,-0.17719590480202324,-0.03862513213930366,-0.2781718791240177,-1.5061919413720724,0.5557402800742625
1295,43.18666666666667,tracked,1,1,0.1175361007875575,0.660814882992939,-0.516268856373427,-0.09807386076208979,-0.17716288665153263,-0.03709702421209219,-0.2805425534534542,-1.503946636938978,0.5545617212110946
1296,43.220000000000006,tracked,1,1,0.16080000201465533,0.6638086668214271,-0.5174548469624404,-0.09847917796562822,-0.1702317702386087,-0.04935468037266658,-0.2750545857930745,-1.5054083152657098,0.5535670896434134
1297,43.25333333333334,tracked,0,1,0.18895784955776337,0.64214986975036,-0.51326545688718,-0.10238625423884978,-0.18616816717244022,-0.00842824923341771,-0.27136288544101883,-1.4912168327242055,0.5555024399217465
1298,43.28666666666667,tracked,1,1,0.2215717156553833,0.6719689568057421,-0.51797863747454,-0.09837215837859187,-0.17097171252712823,-0.05012800201036981,-0.2775467389242171,-1.5041458862004522,0.5542655292443349
1299,43.32,tracked,1,1,0.12837400333096233,0.6699757588789359,-0.5185807851624356,-0.09927610603621292,-0.17484884291455177,-0.04685391037926712,-0.2798398302501243,-1.5055713806665547,0.5561959131798427
1300,43.35333333333334,tracked,1,1,0.12382840142089846,0.6771311227063608,-0.5166863718238175,-0.09636056692657635,-0.17230213518010523,-0.041428748691512404,-0.26947178360466806,-1.5079449435951335,0.5531167973172525
1301,43.38666666666667,tracked,1,1,0.08856334113241612,0.679223535161556,-0.5145685528761681,-0.09602534673170937,-0.17237519107642785,-0.037526981718567734,-0.2724514128629481,-1.5061929332266535,0.5511033200069237
1302,43.42,tracked,0,1,0.18204190861242067,0.6641736566291666,-0.5113748397333412,-0.10082699685221888,-0.18554280058464628,-0.0056057798654702345,-0.2738850858579829,-1.4942427970330863,0.5532598312324252
1303,43.45333333333333,tracked,0,1,0.19891461436306512,0.6596109594120397,-0.5109344229640022,-0.10062592693159048,-0.18622220836157666,-0.0034792921190036916,-0.2754169260646496,-1.4945034277870786,0.5530445485017117
1304,43.48666666666667,tracked,0,1,0.19855228580413575,0.6647676041646094,-0.5104198563762684,-0.10153987697101263,-0.18701987392065073,-0.004190966064231143,-0.2765643009204926,-1.4923333465017574,0.5530056144739898
1305,43.52,tracked,0,1,0.1901905542674764,0.663604069800564,-0.5110951217162293,-0.10087828148171368,-0.18534301418845223,-0.006762106844430743,-0.2739138172873614,-1.492737661281051,0.5529436535717648
1306,43.553333333333335,tracked,0,1,0.15863595840202951,0.6671005249835171,-0.5107305282638217,-0.10091313480091066,-0.1859137441856919,-0.005356133239081176,-0.27403672896477627,-1.491677762795387,0.5528047155670184
1307,43.586666666666666,tracked,1,1,0.16233316141957846,0.6291644240934978,-0.5205367817235163,-0.09806623882188278,-0.1761172399930817,-0.044906445773855365,-0.27030739746546845,-1.5068003315382232,0.558204989718407
1308,43.620000000000005,tracked,1,1,0.16600389546111813,0.6393594718704034,-0.5192113387802882,-0.09881982609906614,-0.1758756517582734,-0.04521507764924174,-0.27390013589915413,-1.5064492051292968,0.5570260471734391
1309,43.653333333333336,tracked,1,1,0.20782957871928331,0.6559518541267715,-0.5203033238666589,-0.0970336994602877,-0.1753806096271106,-0.04357328306277847,-0.2697521773373028,-1.5102294601873418,0.5575746101561833
1310,43.68666666666667,tracked,0,1,0.1806374362709432,0.6572323983400636,-0.5150509388100986,-0.10273836098577771,-0.18730818275795225,-0.008934632461634626,-0.26932236870894083,-1.4963564880409317,0.5575993146653736
1311,43.720000000000006,tracked,0,1,0.15638567845835774,0.6540509381323656,-0.5146123201066002,-0.10326082516990168,-0.1885776615865996,-0.008551934026708456,-0.2736600787123173,-1.492768156510297,0.5577187216417762
1312,43.75333333333334,tracked,0,1,0.19437437687232706,0.6455041401022729,-0.5143386386861468,-0.1026061387648079,-0.18829648604722016,-0.008198587833425322,-0.27311056930134964,-1.4946113597024302,0.5572502324947677
1313,43.78666666666667,tracked,0,1,0.19130894422066091,0.6613448397286741,-0.5135714667841343,-0.10294995449218719,-0.1881442937173174,-0.00658182765088391,-0.2737858466333942,-1.4933518627826348,0.5565542380425639
1314,43.82,tracked,1,1,0.1943341190023138,0.6566811239403444,-0.5189788046767341,-0.09832992174671853,-0.1790045754053673,-0.039667656095371456,-0.2785423919054071,-1.5077565991458917,0.5577189356929378
1315,43.85333333333334,tracked,1,1,0.20059618775471014,0.6584729546619977,-0.517601386422975,-0.09734255523284671,-0.17829485836713593,-0.03695986052112822,-0.2795691795262233,-1.5079920996364644,0.5560358125214624
1316,43.88666666666667,tracked,1,1,0.20903117146416744,0.6595753374202349,-0.5185636520706298,-0.09701411229787918,-0.1736493648715065,-0.044233356397180984,-0.2730842001506641,-1.5095232055413133,0.5554044482663533
1317,43.92,tracked,1,1,0.24294363148372677,0.6536624665902315,-0.5157556085979536,-0.09916020104908707,-0.17866261751607398,-0.03796098426827488,-0.2880556582747243,-1.5051309736848832,0.554758437673584
1318,43.95333333333333,tracked,1,1,0.20761604176919154,0.6595812531642152,-0.517375774430066,-0.09917676063376274,-0.17702286802602274,-0.04293450400546056,-0.282865863984569,-1.5052290426162542,0.5557434818520824
1319,43.98666666666667,tracked,0,1,0.1806355658411237,0.6607431438672297,-0.5174083017755149,-0.10358347901390125,-0.18705571440723268,-0.014008422902445965,-0.2677318044895445,-1.4969171038409463,0.5598488440313562
1320,44.02,tracked,0,1,0.22569695179909635,0.6244470883145292,-0.5162703005484297,-0.10251449777799373,-0.1853015930228769,-0.011860156413950327,-0.2674101041445611,-1.4974644221878428,0.5580151663349806
1321,44.053333333333335,tracked,1,1,0.14549652448931788,0.6381110886490211,-0.5187179839197678,-0.09979340173138376,-0.16944626759595832,-0.057364904301613014,-0.28161992890265825,-1.5047966679274112,0.554742379373625
1322,44.086666666666666,tracked,1,1,0.14050611938745308,0.623786121148446,-0.518081972444602,-0.10083491052236856,-0.17017934262053752,-0.055384299648506344,-0.28655797910390857,-1.5028129016395797,0.5545607432977038
1323,44.120000000000005,tracked,1,1,0.1492115468735631,0.6638543246219805,-0.5177324817725437,-0.10011368949987012,-0.17022006121618527,-0.05324146155306895,-0.2849327452550283,-1.5033439557359383,0.5541160011658891
1324,44.153333333333336,tracked,1,1,0.19629471184800418,0.6642234469407279,-0.5173438043535268,-0.1010107114787955,-0.1691553357065499,-0.056060997530880834,-0.28810824416437875,-1.4996644788218805,0.5535894718421118
1325,44.18666666666667,tracked,1,1,0.24161273004283235,0.61795303813918,-0.5176837646081787,-0.10085992068775998,-0.17068175434581673,-0.05072346776706871,-0.28667889264360247,-1.5064663798751508,0.5543477834415892
1326,44.220000000000006,tracked,0,1,0.18903839684370952,0.6481556212812499,-0.517422577738271,-0.10271434598669413,-0.1866027938669797,-0.009429709142335084,-0.26731302515303257,-1.4970245726424876,0.5595506800136641
1327,44.25333333333334,tracked,1,1,0.18655338872725813,0.6440801981528732,-0.5169612942505637,-0.09849569489819351,-0.16749025757854857,-0.05316587822808012,-0.28405174456369886,-1.5068246513956274,0.5522711001405238
1328,44.28666666666667,tracked,0,1,0.12712579433757812,0.6640094399102029,-0.5109634966262688,-0.0991703030069728,-0.18227022641405466,-0.0006875953179943207,-0.26856689670247846,-1.4986571802980646,0.5514896910369844
1329,44.32,tracked,1,1,0.17896793982144768,0.6597033747350343,-0.5171482527234628,-0.099449989037726,-0.16664776567384892,-0.057186701128552696,-0.28399957792454045,-1.5013832999060073,0.5523622845729245
1330,44.35333333333334,tracked,0,1,0.09535011490202981,0.6293906024786657,-0.5118144737611444,-0.09942503893963886,-0.18309533372473147,-0.0019198046577495302,-0.2680729825315517,-1.4957883812868598,0.5525968649488673
1331,44.38666666666667,tracked,0,1,0.16591187670603724,0.6183048803083501,-0.5142147936473521,-0.10006887669596715,-0.18476301899820052,-0.0041814159959916745,-0.2674098899249616,-1.4947619535696248,0.5554889803392242
1332,44.42,tracked,1,1,0.19244996404434342,0.6378481783428311,-0.5177849855284977,-0.09946377302664827,-0.17063456440047298,-0.05263969808397827,-0.2858036846900753,-1.5046059559405298,0.5541755028432621
1333,44.45333333333333,tracked,1,1,0.13126372196406796,0.6544749707574042,-0.5168091574654099,-0.09962654830531142,-0.16710835322073375,-0.055713829188367925,-0.28710364989814907,-1.5015368527812842,0.55221586004341
1334,44.48666666666667,tracked,1,1,0.12412431668790223,0.656057091163892,-0.5165930723210236,-0.09917830424192442,-0.16865657842547727,-0.05013465681908578,-0.285998625863285,-1.5040928899874546,0.5524036385185811
1335,44.52,tracked,1,1,0.15123786908072218,0.6558647057006033,-0.517466344573695,-0.09892494826367085,-0.16977709461166873,-0.05160612488995948,-0.28557544882179514,-1.5036864961959686,0.5535176826536
1336,44.553333333333335,tracked,1,1,0.1938699967772239,0.6378868784310195,-0.5175382969879121,-0.09865773791364196,-0.16677916641385737,-0.05544095332857137,-0.2824634098796634,-1.5043464628312708,0.5526251246994534
1337,44.586666666666666,tracked,1,1,0.18873251515647357,0.6650530198703135,-0.5187927506151209,-0.09988020069952619,-0.16869784687475742,-0.05657476863216454,-0.28439742930946954,-1.5037706139926086,0.554599798163288
1338,44.620000000000005,tracked,1,1,0.2614376727461133,0.6147262792253254,-0.5178745283593451,-0.09815006837440376,-0.16838212257298224,-0.053440373114717235,-0.2784454095123884,-1.5059551953364834,0.5533353433926819
1339,44.653333333333336,tracked,1,1,0.2105097957588099,0.6479394554065797,-0.5165874143087941,-0.09945410594061649,-0.1695946277153194,-0.048908810165224526,-0.28522489507963655,-1.5008342421676728,0.5527350301551285
1340,44.68666666666667,tracked,1,1,0.22182428128484893,0.653064623761491,-0.5180391842944123,-0.09779406509444832,-0.172639187221303,-0.04795344025123874,-0.28359819618965265,-1.5076600700205867,0.5547364821215108
1341,44.720000000000006,tracked,0,1,0.1507690781897749,0.6619823444987569,-0.5156942759897924,-0.09998403603061717,-0.18504527805635917,-0.00792538474134812,-0.2629071930983832,-1.497098516455153,0.5569372933109824
1342,44.75333333333334,tracked,1,1,0.10757390103006642,0.6495168180480888,-0.5170576775624327,-0.0988205596697494,-0.170804083682087,-0.04937893645245734,-0.28348240665354196,-1.5044501352401183,0.5534330853338789
1343,44.78666666666667,tracked,1,1,0.10110317836831569,0.6601520917718708,-0.5170279707792539,-0.09943305209445857,-0.1719303311458406,-0.04834485775952576,-0.2866129132631781,-1.5037660373218176,0.5538636052177925
1344,44.82,tracked,1,1,0.14673716553974428,0.6521361158834509,-0.5168185120256023,-0.09995197310357987,-0.17256114322461397,-0.04531818091373734,-0.28573117056372493,-1.5070391366374176,0.5539576874190322
1345,44.85333333333334,tracked,0,1,0.17668898715432282,0.6334414156183787,-0.5149869048792426,-0.09986754658213504,-0.1839951184351556,-0.005672009904907698,-0.26461323596681996,-1.4968934192363679,0.5559129811988598
1346,44.88666666666667,tracked,1,1,0.2600577158003213,0.609489911634324,-0.5167038542091934,-0.0993630439805746,-0.16909679258842764,-0.05219320849907911,-0.2843161257614896,-1.5042309041336708,0.552674961190947
1347,44.92,tracked,1,1,0.2581246275863168,0.6357900523390057,-0.5174433714759156,-0.0993540265069725,-0.17225347630530125,-0.050907945273845824,-0.28700265160403454,-1.5028680853906584,0.55433755543601
1348,44.95333333333333,tracked,1,1,0.18801648037475704,0.6269012301068349,-0.5165200699470288,-0.09961568920319513,-0.1719508003092623,-0.04492790929900114,-0.2852352539304958,-1.5068537798071497,0.5534287180120914
1349,44.98666666666667,tracked,1,1,0.2315350476594854,0.6049482375355753,-0.5174047394450414,-0.10132091558543083,-0.17220394411790274,-0.049382147399530604,-0.29269084619952557,-1.5049427047268853,0.5546420383499819
1350,45.02,tracked,1,1,0.18538718812682792,0.6648311162140792,-0.5148496666963805,-0.09972823200878203,-0.17741384414323896,-0.038409427463447755,-0.2919797276808499,-1.5062763050543584,0.5536168094003767
1351,45.053333333333335,tracked,1,1,0.17380350504277547,0.6557559105766735,-0.5172399357437408,-0.10020578122612303,-0.17182346655663094,-0.05289442373066497,-0.2877209791634961,-1.5073293677115307,0.5541675318699792
1352,45.08666666666667,tracked,0,1,0.23311475914492824,0.6498156933339703,-0.5174996013209395,-0.10264518338237738,-0.1853534208840793,-0.01301170217133736,-0.2694370174533994,-1.494271579606271,0.5591938498162904
1353,45.120000000000005,tracked,1,1,0.21692501265860153,0.6432582476560911,-0.5149967893127595,-0.10079801576739161,-0.16823087687581478,-0.05184318446363759,-0.2901782546978225,-1.5014283822560768,0.551074914072034
1354,45.153333333333336,tracked,1,1,0.19549369861410562,0.6405882763431594,-0.5157273523405964,-0.10139443747903262,-0.1707647914266917,-0.0502723918125638,-0.2932673728457073,-1.5017639062713262,0.5526446850327366
1355,45.18666666666667,tracked,1,1,0.2089717755806734,0.6303427074214145,-0.5156048268381094,-0.10123529745794071,-0.16795256994240682,-0.04961827078801947,-0.28711957579369646,-1.5040910235488012,0.5516384582862344
1356,45.22166666666667,tracked,1,1,0.16885341143313026,0.619878259181082,-0.513696248145844,-0.102392884836226,-0.16944100898805026,-0.04673874845007847,-0.29272797891145264,-1.5004563072048827,0.5505255613966438
1357,45.255,tracked,0,1,0.20003421859693088,0.607299808031823,-0.5167017018385592,-0.10214485994480008,-0.18677602370894808,-0.007428466748352096,-0.26276400640302094,-1.4980151003901876,0.5588376366428193
1358,45.288333333333334,tracked,1,1,0.18243001237281983,0.5973897165596006,-0.5141557172618643,-0.10236587380942122,-0.1675575783650895,-0.05529636231842382,-0.2955022343815266,-1.500661306112103,0.5503729787892948
1359,45.32166666666667,tracked,1,1,0.19037616351182515,0.6436984016160896,-0.5124491101555069,-0.10316701532184072,-0.1655109621177165,-0.0568929825265286,-0.2954876664917801,-1.4963905017621697,0.5483077622382524
1360,45.355000000000004,tracked,1,1,0.17143806788832477,0.605519703930929,-0.5138711175413938,-0.10145918902527096,-0.16504171715107535,-0.05773456169523895,-0.2872368850952607,-1.5024883207428346,0.5491778044323006
1361,45.388333333333335,tracked,1,1,0.24892222397304228,0.6002982309025112,-0.5142252589401812,-0.1014092920680294,-0.16617730236423162,-0.056434101583080196,-0.2911210003865464,-1.4998061234785292,0.5498421203135393
1362,45.42166666666667,tracked,1,1,0.28132356554538,0.6092138383308461,-0.5147296504642452,-0.10337267595478258,-0.16665391317323536,-0.06264935535072833,-0.2980594543304869,-1.4979207420354501,0.5508230659449992
1363,45.455000000000005,tracked,0,1,0.16495444614220608,0.6020149866886554,-0.5192636903732301,-0.10150376018209648,-0.184559143644402,-0.015480963750292173,-0.26282458928397895,-1.4986276864675712,0.5603569139163764
1364,45.48833333333334,tracked,1,1,0.19473581354298258,0.6232293237384348,-0.5140215722081389,-0.1041066507748637,-0.1672199128815694,-0.060886758652586866,-0.30231263120531643,-1.499134434742905,0.5504714985310375
1365,45.52166666666667,tracked,1,1,0.0966745025075367,0.6369861661120488,-0.5146897021945911,-0.10358295779814028,-0.16788434203702113,-0.05854174737936778,-0.29555584490844566,-1.4978065926310504,0.5511987581558686
1366,45.555,tracked,1,1,0.16504186850087588,0.6399756763199707,-0.5139265241273472,-0.10268752996318134,-0.16464685614189445,-0.060671318945295566,-0.2912737143113671,-1.499237508017698,0.5493394107916941
1367,45.58833333333334,tracked,1,1,0.11799523553887896,0.6356246352550357,-0.5135418263291212,-0.10618870285098075,-0.16375088180902464,-0.06879798945460397,-0.30444584068508884,-1.4932215678490717,0.5493774652239172
1368,45.62166666666667,tracked,1,1,0.2657879831099589,0.6335729659923064,-0.5148871460676969,-0.10524709090442463,-0.16405540755496512,-0.06553317599474227,-0.2965853869992864,-1.498830570869666,0.5505450935914403
1369,45.655,tracked,1,1,0.2629468995928013,0.6364921217208064,-0.5142757066796115,-0.10544330231902399,-0.16532587184766034,-0.06628492992182067,-0.30290580525464084,-1.4990476474897907,0.5503911667050481
1370,45.68833333333334,tracked,1,1,0.24151918824251356,0.6394652406899259,-0.5138381849258076,-0.1052701615791718,-0.16658536107544525,-0.06151808251077645,-0.3026770717808439,-1.4978004437449803,0.5503291467216594
1371,45.72166666666667,tracked,1,1,0.27762903994175714,0.6172825989375327,-0.5134495438100946,-0.10759976258416659,-0.16363887859009185,-0.06873867521085383,-0.30731771240264066,-1.4949247002552786,0.5495323698684055
1372,45.755,tracked,1,1,0.2977806599327518,0.6127828086588938,-0.5124248891708821,-0.10555317508960349,-0.16634696533524718,-0.06078537220205727,-0.3044498921986544,-1.4995815543535864,0.5489918512050368
1373,45.788333333333334,tracked,1,1,0.23217403166522355,0.6264198965355148,-0.512076501787651,-0.10484237772954297,-0.16280189232963055,-0.06337293806871713,-0.29991455874850814,-1.4976860936425407,0.5474657286051529
1374,45.82166666666667,tracked,1,1,0.22392115366401227,0.6203939483643768,-0.5124103841457122,-0.1042669898994571,-0.1632057141739452,-0.06224283573491998,-0.29892969889503257,-1.496714380102128,0.5477883825913774
1375,45.855000000000004,tracked,1,1,0.18260861560357633,0.6273088379208944,-0.5101104603315241,-0.10613331223869976,-0.16353501441358093,-0.06271861262828407,-0.30799453758150397,-1.492759383105205,0.5460958365027578
1376,45.888333333333335,tracked,1,1,0.2000604506300915,0.6385877913830045,-0.511354485632589,-0.10447712732126979,-0.16377949741892756,-0.06099885323143093,-0.3007991307624316,-1.498288610345329,0.5470124348537891
1377,45.92166666666667,tracked,1,1,0.18024700483124553,0.6299366770707616,-0.5127439679248738,-0.10408576102958489,-0.16138540057112694,-0.06615313301119732,-0.29958985271957606,-1.4971814805460446,0.5475266841076833
1378,45.955000000000005,tracked,1,1,0.21469519860558622,0.6319545600518508,-0.5090016767529906,-0.10599135749991173,-0.16267242639620733,-0.06050285519918004,-0.30817207837115146,-1.4945120382655852,0.5447744424178317
1379,45.98833333333334,tracked,1,1,0.19619695334058607,0.6278098041810696,-0.5117834922934542,-0.10520903874018006,-0.15965215834692653,-0.06885819352075127,-0.30128281040020294,-1.4963949219416106,0.5463333199444721
1380,46.02166666666667,tracked,1,1,0.22967147943330438,0.6260862065935145,-0.5101870046114009,-0.10619067939221694,-0.16145083682513872,-0.06352499548452889,-0.30445845018261014,-1.4978739183615652,0.545558074613209
1381,46.055,tracked,1,1,0.20705587478476098,0.6254066275607691,-0.5122216525010377,-0.10761076884604853,-0.16291243693545,-0.07119921846757048,-0.3072376957426484,-1.4964402076424799,0.5481711055599141
1382,46.08833333333334,tracked,1,1,0.20534418621345782,0.6443933503652839,-0.5117171029697041,-0.106559135809695,-0.15981515096950283,-0.07083954627348156,-0.30411414088450117,-1.4953715686011764,0.5465803924178224
1383,46.12166666666667,tracked,1,1,0.2291637183684509,0.630096736812584,-0.5132898103840702,-0.10786400165366733,-0.15844826507847798,-0.08342073898380781,-0.3062468089790726,-1.4914021899781091,0.5479114207636455
1384,46.155,tracked,1,1,0.25153961876779096,0.6102652588605822,-0.5120269663898072,-0.10729198372974524,-0.15685225041042622,-0.0808444295532555,-0.3113410909605516,-1.494107784377279,0.5461554838521973
1385,46.18833333333334,tracked,1,1,0.13589081263613279,0.6189521948954848,-0.5124697997761123,-0.10649097211220077,-0.160227161986908,-0.06635044836923092,-0.3021509162216922,-1.4952918804076736,0.5473923330321214
1386,46.22166666666667,tracked,1,1,0.11919375641008079,0.6142779381906247,-0.5106282754470719,-0.1060567234114641,-0.1553356949647322,-0.07616589857426267,-0.3052434022875357,-1.4959842720808125,0.5441676601903157
1387,46.255,tracked,1,1,0.18174724335491527,0.6296684111974937,-0.5098781146198561,-0.10676343991598769,-0.15511182611178698,-0.07570878703535022,-0.3078942153151736,-1.4932766471724905,0.5435382253997662
1388,46.288333333333334,tracked,0,1,0.22835169627564003,0.6175664225940589,-0.5186576074657114,-0.09974615131272002,-0.17901879310771568,-0.014007457131452643,-0.25600596853686347,-1.503961103454722,0.5576761934756577
1389,46.32166666666667,tracked,0,1,0.2795423357657477,0.6006787440645474,-0.5196432750193524,-0.0993366893416239,-0.18113718870714257,-0.014682195971068951,-0.2595669480840376,-1.5032300451944003,0.5592026397066805
1390,46.355000000000004,tracked,0,1,0.3203107533811249,0.5826311548406121,-0.5199158617137873,-0.10050035088021211,-0.18042242660097257,-0.018491079025804078,-0.26207039880341637,-1.5002290953012722,0.5594328161711817
1391,46.388333333333335,tracked,1,1,0.1940833934973134,0.6201286275381601,-0.5143629659376567,-0.10491927378762617,-0.16023880681474334,-0.07441122424694202,-0.3023011402934521,-1.4947468162289779,0.5488659125412313
1392,46.42166666666667,tracked,0,1,0.2146048982963332,0.6187487833736304,-0.5208989109875484,-0.10169147274169915,-0.18086952738240508,-0.018859678445928816,-0.25840737241254735,-1.5025458289187648,0.5607054637079294
1393,46.455000000000005,tracked,1,1,0.15749502183579986,0.6300216223948558,-0.5126509260391354,-0.10432350943807406,-0.1613279743199998,-0.06592416873354211,-0.29927375050954813,-1.4962805612387904,0.5474678820610882
1394,46.48833333333334,tracked,1,1,0.13863166992999426,0.6289821053148839,-0.5130646577058398,-0.10412564139905384,-0.15927237147360984,-0.07069140658258592,-0.2998984030135311,-1.4963346109071223,0.5472158445242631
1395,46.52166666666667,tracked,1,1,0.17778806519900023,0.6491615022108751,-0.5111851944062339,-0.1056851429270918,-0.15488773271093276,-0.07510834434327167,-0.3049338320360079,-1.4927559982791294,0.5444904610367314
1396,46.555,tracked,1,1,0.15739631441173663,0.6492730970488267,-0.5120383235894083,-0.1046630330498674,-0.1575945702353883,-0.07147031223900562,-0.30326557685237676,-1.4942559602746057,0.5458696216855504
1397,46.58833333333334,tracked,1,1,0.2325967663554109,0.6484734146773675,-0.5105733724998001,-0.10402974431477297,-0.15743199330509644,-0.0662269115875259,-0.299346872540569,-1.4966150589061533,0.5443272810764059
1398,46.62166666666667,tracked,1,1,0.19205041521353733,0.6261671037063954,-0.5135517369673674,-0.10458900244250435,-0.1595384857366443,-0.07211530931545644,-0.3007518201706904,-1.4953644352323767,0.5478382739506795
1399,46.655,tracked,1,1,0.16874514438933771,0.5846499909671151,-0.5147241492197491,-0.1049194660284759,-0.15982469540190153,-0.07003778831122426,-0.298525290587866,-1.4947810983601653,0.5490837617358627
1400,46.68833333333334,tracked,1,1,0.12952589180026278,0.6402681957763284,-0.5123714044105474,-0.10399007215354905,-0.15875420613049357,-0.06943028971048985,-0.30105308595375285,-1.4977796702263264,0.5463893201081627
1401,46.72166666666667,tracked,1,1,0.1962084933098864,0.6195622598770274,-0.5130861208670794,-0.10430949519105598,-0.15849385218861028,-0.07338487277165574,-0.30083774935220653,-1.4988867204876923,0.5470449153360492
1402,46.755,tracked,0,1,0.25317171155908735,0.5920276216710771,-0.5203267490144419,-0.0994084392443024,-0.18159469740657325,-0.01613696368363969,-0.2561882791505598,-1.5036215551632912,0.5599987479085209
1403,46.788333333333334,tracked,1,1,0.19285451773307483,0.592762724252152,-0.5114903050576476,-0.10436394089099743,-0.15850299254345313,-0.07187438057044707,-0.30651511666589826,-1.4951024642038822,0.5455615116295274
1404,46.82166666666667,tracked,1,1,0.2029403645368594,0.6237867509709776,-0.512318215584832,-0.10271007914137181,-0.1584426740901974,-0.06887767225166232,-0.29761469336479085,-1.4983990795298292,0.5460067722566322
1405,46.855000000000004,tracked,1,1,0.19117583121395904,0.5946345703980485,-0.5164049955613808,-0.10412319880427345,-0.15715766391880726,-0.08366032742186127,-0.2976400098542879,-1.4948671824931499,0.5497402034583251
1406,46.888333333333335,tracked,0,1,0.2479975205001013,0.5879645847535553,-0.5203942080228396,-0.09966754647410289,-0.18267250670286428,-0.01754092409044914,-0.260080050073297,-1.500016621656185,0.5604578452203108
1407,46.92166666666667,tracked,1,1,0.2312688735185113,0.5784262671733499,-0.5137922995767854,-0.10429651110254134,-0.1584423423347754,-0.07704480597231576,-0.3021828286770859,-1.497304980845511,0.5476899352526883
1408,46.955000000000005,tracked,1,1,0.1172578896365771,0.6304910150711187,-0.5141776810469265,-0.10369289641090629,-0.1589397671163667,-0.0743710936619441,-0.29751040560564446,-1.4959275662953915,0.5480809739663316
1409,46.98833333333334,tracked,1,1,0.17649154655375646,0.6202175556534585,-0.5144376987388576,-0.10393796640404773,-0.15867557067571902,-0.07787355669491045,-0.2994795755705725,-1.4952411804279175,0.5482947961390895
1410,47.02166666666667,tracked,1,1,0.22623402708847795,0.5999650345440513,-0.5144892215974516,-0.10305194811425716,-0.15911261759815304,-0.07566384405685109,-0.299098729541886,-1.497311206238041,0.548302551725807
1411,47.055,tracked,0,1,0.23390686555953275,0.6046447646619805,-0.5201869769761749,-0.09860947607237544,-0.18165908805236713,-0.016125603269713778,-0.25686880266765455,-1.5006923120879758,0.5597484649902111
1412,47.08833333333334,tracked,1,1,0.23421495678044216,0.5967122861418139,-0.515692547049439,-0.10317712797641726,-0.15788922257220878,-0.08169805067391121,-0.29785187521823936,-1.4943513013815084,0.5491022941349419
1413,47.12166666666667,tracked,0,1,0.23899864555946082,0.6170305627646203,-0.5193806187855934,-0.09793570320168116,-0.1838419245275683,-0.01146918397140511,-0.25875239592921184,-1.5000200602432308,0.5595940335151134
1414,47.155,tracked,0,1,0.2222491400389191,0.6207120731251281,-0.5204140764692816,-0.0980938413389883,-0.1834054603407994,-0.014882085063569148,-0.2588883474695886,-1.5009627066317202,0.560438021175254
1415,47.18833333333334,tracked,1,1,0.22630600654164953,0.610048827863024,-0.5129965997444792,-0.10390511612707942,-0.16152777742279734,-0.0706904405710226,-0.30262595751065674,-1.4918453971429062,0.5477709442695259
1416,47.22166666666667,tracked,1,1,0.3481986946923548,0.5690130590542182,-0.5135711009000501,-0.10218428183933986,-0.15980695438094772,-0.07033819751112694,-0.2978291224199318,-1.4942148444673542,0.5474807446871766
1417,47.255,tracked,0,1,0.3116627741197041,0.6066968218368051,-0.5181115824264821,-0.09793290903394444,-0.1804185639478435,-0.012954243129309224,-0.2578293329295784,-1.4975472996272645,0.5572982367936636
1418,47.288333333333334,tracked,0,1,0.25877518345380884,0.6135233935176585,-0.5184084620696219,-0.09892294168304766,-0.18142653491513294,-0.014733869063066517,-0.2604321941902279,-1.4948721895848731,0.5580758635776414
1419,47.32166666666667,tracked,1,1,0.25141134244732777,0.6290909356778329,-0.5131663809278821,-0.10299896528296493,-0.15865995261975818,-0.07545851510952281,-0.3036658678160987,-1.493784406338964,0.5469200141970355
1420,47.355000000000004,tracked,1,1,0.260000755348096,0.6315668706489344,-0.5127023518148406,-0.10206706578832264,-0.15932180642628024,-0.0736289096236698,-0.3007042340391655,-1.494805915429857,0.5465023563334741
1421,47.388333333333335,tracked,0,1,0.2280609993055737,0.624356413343064,-0.5216057926116812,-0.09791537702473824,-0.1835952563863208,-0.013312021971340007,-0.2563475242305771,-1.5011702122486181,0.5615756779914134
1422,47.42166666666667,tracked,0,1,0.2591681111552982,0.6395758816188502,-0.519365158327789,-0.09790264573583798,-0.18222636719693575,-0.012665047928166733,-0.25915677250720087,-1.497184696670154,0.5590452080366298
1423,47.455000000000005,tracked,1,1,0.23360748445592186,0.6077722679069395,-0.5148886866537323,-0.10357211857485804,-0.15974489831002325,-0.07537773127465999,-0.2981869014439756,-1.4946286752159028,0.5489589929367853
1424,47.48833333333334,tracked,1,1,0.22117379702261084,0.5924414278150374,-0.5162252652643547,-0.10541873967620419,-0.15986479472133425,-0.0823035177635795,-0.3019740367219992,-1.491411031217403,0.5505982090085901
1425,47.52166666666667,tracked,1,1,0.15873378449338413,0.5990796542404468,-0.5140318674755251,-0.1046371998517282,-0.16136621415899083,-0.0738179203487026,-0.3026583059708315,-1.4921929066930184,0.5488321778514736
1426,47.555,tracked,1,1,0.19889896194464946,0.5983094533165731,-0.5115853263320858,-0.10499434997071827,-0.15874914392638245,-0.07320621514873718,-0.30413736088775656,-1.4920531183506316,0.5458430638392684
1427,47.58833333333334,tracked,1,1,0.1746760368405207,0.6128601277028235,-0.512747231909021,-0.10307032798398458,-0.15598766835382305,-0.07373890625207206,-0.2997555765946568,-1.497611478570641,0.5457704361904846
1428,47.62166666666667,tracked,1,1,0.20271421415497096,0.5925802246087081,-0.5124660336788045,-0.10359683995743457,-0.15468824360976308,-0.0810383799222211,-0.303908474934621,-1.4972808449073662,0.5452359064063236
1429,47.655,tracked,1,1,0.1250939684398233,0.5801171249192949,-0.5106819806130968,-0.10452643439981707,-0.15389204796569073,-0.08067645592394555,-0.308699263237166,-1.4917215750774264,0.5435113828047478
1430,47.68833333333334,tracked,1,1,0.17706840352729972,0.587590011290152,-0.5099626429127313,-0.10387950495158771,-0.15213875243520059,-0.08050155816707467,-0.3070716914875244,-1.4899934555945111,0.5422167912450371
1431,47.72166666666667,tracked,0,1,0.18581699199542148,0.5732420346907278,-0.5195421213364851,-0.0962178262238492,-0.17922387505454607,-0.011320381070429023,-0.2512889822852096,-1.5022370372704363,0.5579454124873019
1432,47.755,tracked,1,1,0.11678897686375955,0.5416286813121343,-0.5121251457282276,-0.10654659024654872,-0.1515229723442305,-0.09008307402435627,-0.3108021479533598,-1.4869041800825988,0.5445948511768679
1433,47.788333333333334,tracked,1,1,0.2298887831339451,0.5528139785927082,-0.5113739764928641,-0.10223576195972284,-0.1532126507580946,-0.07849100022319237,-0.29969569307660693,-1.495487978867595,0.543534369851559
1434,47.82166666666667,tracked,1,1,0.09033012392568923,0.5931199693126428,-0.5135962313732012,-0.10416670384509591,-0.15307327798536774,-0.0858514243869066,-0.300349977746297,-1.4915601881289646,0.5459516640728302
1435,47.855000000000004,tracked,1,1,0.1524799917510058,0.6167561410534684,-0.5123655145064157,-0.10411242514913116,-0.15146551443757061,-0.08150303068659162,-0.29881921336534484,-1.4933722392616418,0.5443341065831677
1436,47.888333333333335,tracked,1,1,0.11873654995272757,0.6151552693984566,-0.512977745185603,-0.1025345556965841,-0.152582457400477,-0.07745280149266083,-0.2960195080472378,-1.4938026773288247,0.5449228463498018
1437,47.92166666666667,tracked,1,1,0.1273863651475637,0.606752524447399,-0.5122232798434735,-0.10365708008761587,-0.15110459553816064,-0.08066165969784538,-0.29812035775541335,-1.4930979772251358,0.5440129386867989
1438,47.955000000000005,tracked,1,1,0.10464391826175753,0.5976311730170765,-0.5138640653218132,-0.10311719875994013,-0.15342228868540375,-0.07975230007760686,-0.2960516578646279,-1.4946882159572403,0.5461024015462898
1439,47.98833333333334,tracked,1,1,0.07756020150406284,0.5848612410257754,-0.513240718805793,-0.10335958199815548,-0.15520007991969953,-0.07945158337942616,-0.3024940060852213,-1.49480280855714,0.5460643766427193
1440,48.02166666666667,tracked,1,1,0.1051112130247669,0.6038404577040982,-0.513511310636503,-0.10386328160953145,-0.15544516212799958,-0.07964180583373785,-0.30137222816550246,-1.4969366242307782,0.546483893493047
1441,48.055,tracked,0,1,0.19558621375568963,0.5526309301953719,-0.5207089768240811,-0.09751575534149107,-0.17990078619017918,-0.01843215992682031,-0.2516558207703407,-1.503290099687413,0.5594742656788135
1442,48.08833333333334,tracked,1,1,0.1724372476776921,0.5762397879952714,-0.5132932932648042,-0.10468437032896666,-0.15549589460674534,-0.08222864697949715,-0.3013385754968604,-1.49556864189594,0.5464501766321909
1443,48.12166666666667,tracked,1,1,0.10191323091232808,0.6274816047099275,-0.5120603384999307,-0.10447624952870133,-0.15509564631021233,-0.08104411845973539,-0.30508549330025897,-1.4922276502772907,0.5451382728121642
1444,48.155,tracked,1,1,0.11475007468606419,0.6311691150538916,-0.513286178858547,-0.10438943187104877,-0.1555411162654886,-0.08127797962571846,-0.30189513939588997,-1.491629909410603,0.5463999393692159
1445,48.18833333333334,tracked,1,1,0.16383427128290765,0.6254604380152768,-0.5119193965305087,-0.10329099743710013,-0.15558599072338203,-0.07594248058012612,-0.2994292479501965,-1.4957065190683538,0.5449197181283565
1446,48.22166666666667,tracked,1,1,0.11279363093098006,0.6140049262692377,-0.5129149962138935,-0.10415527925449197,-0.15610411692532816,-0.07811273334019674,-0.30044640295630914,-1.494386897619036,0.5461672004603683
1447,48.255,tracked,0,1,0.11912267998039142,0.630744879109196,-0.5185969636694384,-0.09782055581627339,-0.1816345057181733,-0.009848922812464337,-0.2543728555541637,-1.4995904500326775,0.5581243280263374
1448,48.288333333333334,tracked,1,1,0.15147821543231166,0.6251981178516403,-0.5154313923341023,-0.10335386375084749,-0.15577056974378284,-0.08217698427448276,-0.2982761114149194,-1.4971598267389123,0.5482846083504468
1449,48.32166666666667,tracked,1,1,0.11501408035879501,0.633902450197394,-0.5137879637406422,-0.1038458599664766,-0.15468075078066768,-0.08084777335163319,-0.29806159475459615,-1.4943623864430138,0.5465237130985292
1450,48.355000000000004,tracked,1,1,0.06691357908469052,0.6445088784774994,-0.5132216393986345,-0.10483549356733007,-0.15245278857241773,-0.08525808835790742,-0.30006198460803507,-1.4920243398739494,0.5455536496093066
1451,48.388333333333335,tracked,1,1,0.1294579661406763,0.6387676862199332,-0.5141386875049117,-0.10399897532632563,-0.15292167925664085,-0.08478749963138427,-0.2963944391352443,-1.4961219959975771,0.5463876067819161
1452,48.42166666666667,tracked,1,1,0.14337543118617685,0.6162655857317345,-0.5141607091775187,-0.103928770005838,-0.15222040939525666,-0.0895913997567598,-0.2996269188426566,-1.4943945388625464,0.5461991185761058
1453,48.455000000000005,tracked,1,1,0.12947803323817314,0.6270642103155739,-0.5159500206002818,-0.10360302770602742,-0.15436714859575185,-0.08837410269527672,-0.29578938508450464,-1.4935380648708763,0.5484224901231441
1454,48.48833333333334,tracked,1,1,0.2117865658647227,0.6423062034705654,-0.5161363339659859,-0.10211237295121889,-0.1575072368828529,-0.0800773327707348,-0.29562736373591547,-1.4992184647705484,0.549210507565221
1455,48.52166666666667,tracked,1,1,0.16035080728907497,0.6427526549345559,-0.5143931673356639,-0.10391756673956137,-0.15470362804928983,-0.08344601397290032,-0.2990073197277947,-1.4967674129953967,0.5471127889295776
1456,48.555,tracked,1,1,0.22663773451602676,0.6026710034525585,-0.5154751835760581,-0.10526288216398988,-0.15485377406453305,-0.08500851987660933,-0.30061516397774285,-1.4946712620012557,0.5484292393611689
1457,48.58833333333334,tracked,1,1,0.182685473215388,0.6186716278740907,-0.5148298594666909,-0.10432387856585607,-0.15472081999817627,-0.08494903839579121,-0.3033304385424896,-1.4953187245688517,0.5476055039701704
1458,48.62166666666667,tracked,1,1,0.18783248738728311,0.6114995903681142,-0.514756404245359,-0.10384918439434848,-0.1572565014831646,-0.07797863687894256,-0.29977926512592756,-1.4933343517186832,0.5481682370127873
1459,48.655,tracked,1,1,0.12224198202991227,0.6203431417803424,-0.5149421618641906,-0.1043352949834157,-0.15103408984119993,-0.08835936311244391,-0.29755844865876047,-1.493011537010588,0.5466832539403437
1460,48.68833333333334,tracked,1,1,0.10650343234338783,0.6233510889797258,-0.5153100018050831,-0.10426011270202318,-0.15238867756523677,-0.0846052632979947,-0.29620270435323437,-1.4932739028015696,0.5473909737208635
1461,48.72166666666667,tracked,1,1,0.14209553085966167,0.6209673682295992,-0.5158125611695837,-0.10455375097801112,-0.15311393025238035,-0.08938643308268918,-0.2978523911487123,-1.4932781417039456,0.5481222133258498
1462,48.755,tracked,1,1,0.13548557023263466,0.6385088214161515,-0.5162908553125002,-0.10433221698483469,-0.15487125054500828,-0.08467151702467832,-0.3006995493545438,-1.494131257740167,0.549023280950506
1463,48.788333333333334,tracked,1,1,0.18009170891817808,0.6145784722974795,-0.5158343701712849,-0.10416165266821575,-0.15322357593523628,-0.08376749491453171,-0.2955220992086191,-1.4946893534975143,0.5480987242814576
1464,48.82333333333334,tracked,1,1,0.10192860283670717,0.6355664724953368,-0.5158983724209392,-0.1028801749206203,-0.1556344554219195,-0.07959254619954242,-0.2941459560466668,-1.4970050357382385,0.5485959758991574
1465,48.85666666666667,tracked,0,1,0.1783263030222215,0.6209201247655615,-0.5213911115795213,-0.09832735097813777,-0.1815304789082569,-0.013268285713896185,-0.25656357211814773,-1.4978681085559609,0.5607764919797975
1466,48.89,tracked,0,1,0.20845969289569388,0.6185568123771853,-0.5218426051319582,-0.09881992271948345,-0.18170079789758464,-0.014782671823164619,-0.25568162406756006,-1.4975876148800675,0.5613379210545217
1467,48.92333333333334,tracked,0,1,0.2042979678660031,0.6187240181597756,-0.521326373727687,-0.09853478082036485,-0.182896608474785,-0.01220398235212221,-0.2561810032229499,-1.4978744774174129,0.561196454342823
1468,48.95666666666667,tracked,1,1,0.19768812420555737,0.6150871369496964,-0.5128038050803173,-0.1033748111945354,-0.15435094124235665,-0.07715812520103262,-0.2975211253620836,-1.4930078443572086,0.5454157195724737
1469,48.99,tracked,1,1,0.16091594859468708,0.611046254381822,-0.5170464867496749,-0.10403227706957158,-0.15411282688196648,-0.08204710462679625,-0.2936800376535315,-1.4965393599305878,0.5494638728269702
1470,49.02333333333333,tracked,1,1,0.14569110584812517,0.5920338501791,-0.5154929704495304,-0.10615818102721719,-0.15647485285698387,-0.08287454373476151,-0.3032068568802801,-1.4920829420382928,0.5490782654216997
1471,49.05666666666667,tracked,0,1,0.2047058925361291,0.6179754575919162,-0.5206977861264832,-0.0985332666355713,-0.18098052054650599,-0.01425264736702771,-0.2551495557434118,-1.5016003057778466,0.5599901230630605
1472,49.09,tracked,1,1,0.17954376214803658,0.6349933115974339,-0.5146033209998874,-0.1037442477975144,-0.15530370625081052,-0.07963494421021294,-0.2955896299136953,-1.4985138785916368,0.5474474295404292
1473,49.123333333333335,tracked,0,1,0.17699254184932378,0.5845658391965489,-0.5227980309931852,-0.09935975229537974,-0.18199419546070905,-0.018681908238104273,-0.2560484003924998,-1.4989446364381125,0.5624162415577465
1474,49.156666666666666,tracked,0,1,0.24747961293227808,0.6297366761526489,-0.5204232182046105,-0.09870338599331144,-0.1797907286933359,-0.013169661344854313,-0.2531369596933881,-1.5028550458062924,0.5593812569054034
1475,49.190000000000005,tracked,1,1,0.09315991775507673,0.6229426046477253,-0.5161598793728068,-0.10546718176157627,-0.1563033704081881,-0.0785930312369205,-0.29456007007457724,-1.494623031253535,0.5495226029053211
1476,49.223333333333336,tracked,1,1,0.08923681147199934,0.638204730993402,-0.5159884027199653,-0.10481124965536859,-0.15393444752065594,-0.08434024736190567,-0.2952193358977632,-1.4945501152068177,0.5485665355536288
1477,49.25666666666667,tracked,0,1,0.12108272381133865,0.6219772794415019,-0.5212703587235132,-0.09937663197213448,-0.18060523416642577,-0.012917704650331822,-0.2507165772147785,-1.5015907667516895,0.5605504013683111
1478,49.290000000000006,tracked,1,1,0.17114309728856134,0.6225455010690859,-0.5174151841110968,-0.10472834879072562,-0.15728302170944375,-0.08501657996625496,-0.3009604465297831,-1.4948287966632465,0.5508397668171802
1479,49.32333333333334,tracked,1,1,0.10094779033996476,0.5994950828219636,-0.5169284679708336,-0.10447968312942635,-0.1564917068093143,-0.08422080987926188,-0.2941149104070342,-1.494761380860008,0.5501097158618368
1480,49.35666666666667,tracked,0,1,0.15381923005101422,0.6401223079855787,-0.5226786421053375,-0.1008791318688117,-0.18281195016457003,-0.020147308570960264,-0.2595163246907363,-1.4956093669024464,0.5628408045643616
1481,49.39,tracked,0,1,0.08854300314229535,0.635737451651013,-0.5224296491394997,-0.09961413583764639,-0.1822984254270139,-0.020434267687683017,-0.25797738303971257,-1.4973325129561128,0.5622174225972284
1482,49.42333333333334,tracked,1,1,0.12035521550413063,0.6359757440927144,-0.5139495968091996,-0.10573552891322108,-0.15822158552672727,-0.08059644537126213,-0.3080667287189868,-1.4928630452976308,0.5480495053017463
1483,49.45666666666667,tracked,1,1,0.1258869822892184,0.6430845328915324,-0.515508479010022,-0.10466246444008748,-0.15748366069850162,-0.07851032284771049,-0.296281957232722,-1.4973497508375253,0.5490940964724531
1484,49.49,tracked,1,1,0.2067468136872645,0.6282353656580724,-0.5163360352564882,-0.10486169502816856,-0.158808440349956,-0.07916615180727779,-0.2990260056441106,-1.499726944491427,0.5502899209643546
1485,49.52333333333333,tracked,1,1,0.17233103819068185,0.6271957334529593,-0.5162986593473666,-0.1031714029985416,-0.15719940363069596,-0.07858683973110395,-0.2955666012628568,-1.4998230977648772,0.5494727441306093
1486,49.55666666666667,tracked,1,1,0.1776019121737697,0.6171653712547609,-0.5161431380497932,-0.1012959408998772,-0.15768691722922135,-0.07198423296151174,-0.2897769101820282,-1.5027052741201672,0.5491172647658554
1487,49.59,tracked,1,1,0.19859501378031277,0.6134510625308236,-0.5187839051739574,-0.10364637046740444,-0.16073300240517968,-0.07834506161276542,-0.2966302737479375,-1.4950925506855766,0.5529144675632857
1488,49.623333333333335,tracked,1,1,0.0913135876676656,0.6352149158541123,-0.5153629072091115,-0.10408904913851835,-0.1586928393545064,-0.07645324935841867,-0.30083849680068225,-1.495905228267959,0.5491965709470366
1489,49.65666666666667,tracked,1,1,0.1098957277448776,0.6137701455357627,-0.5157829323117206,-0.1033274782726799,-0.15902593033459494,-0.07671032251335158,-0.3017345894817423,-1.49709942450997,0.5495433081651085
1490,49.690000000000005,tracked,1,1,0.14267093907980674,0.6009817881909741,-0.5170428176885569,-0.10499204552981095,-0.15851381625738326,-0.07905568263366629,-0.29882538358274624,-1.4945105107257926,0.5508931247459308
1491,49.723333333333336,tracked,1,1,0.1586362480000873,0.620046488813679,-0.5179478398257362,-0.10213368882087609,-0.16092109617501898,-0.06961853158297455,-0.29041097056034765,-1.5002955279554697,0.5519029392623995
1492,49.75666666666667,tracked,1,1,0.190745596203936,0.5930273735958507,-0.5157924971593983,-0.10532708769010801,-0.15871365159513018,-0.07792770555515083,-0.30301278392942016,-1.495057242974728,0.5498415396547155
1493,49.790000000000006,tracked,0,1,0.22277328628364715,0.6174563387875162,-0.5191721254842457,-0.09965344260908252,-0.18131202412328928,-0.010422504019908877,-0.254654074410814,-1.4980240811042607,0.5588779424841844
1494,49.82333333333334,tracked,1,1,0.16722118104153208,0.6081572556368531,-0.5126385802181412,-0.10326948299425504,-0.15717267120685946,-0.06966120262933359,-0.29875787716669616,-1.496467190038391,0.5460459217137986
1495,49.85666666666667,tracked,1,1,0.1813827935213362,0.5883025179943832,-0.516279065644828,-0.1025998190105204,-0.15738940106451504,-0.07601993897874548,-0.29298044848577415,-1.4991442689128722,0.5494016928000267
1496,49.89,tracked,1,1,0.14313479394985912,0.6282787488953392,-0.5175800645730069,-0.10464008391506002,-0.1600338761447001,-0.07532504120136235,-0.2970850968577548,-1.4980646019127668,0.5517694372824993
1497,49.92333333333334,tracked,1,1,0.12486852873026297,0.6301933996324908,-0.5161199726388925,-0.10391616769332729,-0.16024070638348242,-0.07492776328145513,-0.29588032811101783,-1.4973061519463473,0.5503230687942459
1498,49.95666666666667,tracked,0,1,0.21983726465946588,0.6072500857733522,-0.5202816998970851,-0.09862800581070519,-0.18485043592304734,-0.009536288772811331,-0.25664342067588014,-1.4986192837264491,0.5608834232163914
1499,49.99,tracked,1,1,0.24709501699998043,0.6135479209238941,-0.5146935846434739,-0.10333653270636917,-0.15810630018309796,-0.07211263025219297,-0.2956933497004665,-1.4979853772042322,0.5482568077302016
1500,50.02333333333333,tracked,0,1,0.22719317556308632,0.5987628300874415,-0.519636276296788,-0.10056693653880966,-0.1829049765552696,-0.00800582771495131,-0.2560548399565714,-1.497854371131785,0.5599908917268892
1501,50.05666666666667,tracked,0,1,0.22444161861907297,0.6007075876295607,-0.5186071284106106,-0.0986274064546872,-0.18312175709942202,-0.005852516353156528,-0.25601181865813366,-1.4986986604334285,0.5587613952891318
1502,50.09,tracked,1,1,0.2569512663130305,0.6082923663667221,-0.5153487489391451,-0.10242787890078714,-0.1581301470680732,-0.07330812460791442,-0.29399150305997535,-1.4988989505763586,0.5487084351648212
1503,50.123333333333335,tracked,1,1,0.2572731670763369,0.6311328161426921,-0.5154214128592818,-0.1031120490205894,-0.15807256532122227,-0.07460531411684998,-0.29738196733987055,-1.4981007550919596,0.5488882066453193
1504,50.15666666666667,tracked,1,1,0.20704442840685636,0.63401446593188,-0.5168157568249538,-0.1016318026370217,-0.15910072958860993,-0.07499299091471268,-0.29301559847306374,-1.497550609165384,0.5502186764963802
1505,50.190000000000005,tracked,0,1,0.1974544879729858,0.642036544701495,-0.5188124624912638,-0.09796294289810126,-0.18214364967707902,-0.00971717554932797,-0.2600168978124892,-1.4967528490585382,0.558515370008017
1506,50.223333333333336,tracked,1,1,0.18272434168586432,0.6184584175656078,-0.5157581675008248,-0.10372047251753824,-0.15960886117545492,-0.0718532732018143,-0.2945862278530112,-1.494420651820895,0.5497630510763669
1507,50.25666666666667,tracked,1,1,0.25124273521112256,0.5896883747752233,-0.5180498381536853,-0.10314701046542685,-0.1583873344565664,-0.07983024691006148,-0.2916235364083295,-1.4949580120626558,0.5514539765885007
1508,50.290000000000006,tracked,1,1,0.20687391748831768,0.5990030978209278,-0.5178024613167257,-0.10368750959072215,-0.15894535116678415,-0.08013714381780121,-0.2931221813790219,-1.4929813316082465,0.5514835566436389
1509,50.32333333333334,tracked,1,1,0.16571192574502866,0.6058672930015694,-0.5172831815609957,-0.10326005012062173,-0.16011992436999234,-0.07755066506475373,-0.2959607320980017,-1.4961283919514325,0.5512557646474379
1510,50.35666666666667,tracked,0,1,0.17914915176072838,0.6055418494306488,-0.519361457428867,-0.099125256123834,-0.18397599527958958,-0.00925684957448633,-0.25967170351739055,-1.5013964035008613,0.5598297122370053
1511,50.39,tracked,1,1,0.2158936929681586,0.5873175944142862,-0.5169991914969758,-0.1031308465656336,-0.160366337397793,-0.0732610775508233,-0.2922032769092175,-1.5006807548742966,0.5510367480415927
1512,50.42333333333334,tracked,0,1,0.2511122643617535,0.6093558355903098,-0.5210456765102176,-0.09857176212705471,-0.18426487660570684,-0.010725438285279002,-0.25767354045325497,-1.503504460013174,0.5613898236068582
1513,50.45666666666667,tracked,0,1,0.24534206482031354,0.595953330690588,-0.521263958111556,-0.09865034412177304,-0.18384139666842242,-0.013314350745416923,-0.2579064207219314,-1.5010720825845694,0.5614674198477294
1514,50.49,tracked,1,1,0.24624633524392317,0.6059824616902793,-0.5174830810858685,-0.10348358548772851,-0.15643537473225289,-0.08407621729678633,-0.29921241735482873,-1.4970796753680284,0.5504267600172977
1515,50.52333333333333,tracked,0,1,0.24488313646151688,0.6049315213251754,-0.520114579133458,-0.09829285291915632,-0.18446382072770595,-0.00977977879670079,-0.2595028574326289,-1.4999314544456919,0.5605422031565727
1516,50.55666666666667,tracked,0,1,0.26929530931877776,0.6277970297266023,-0.5177866227416262,-0.09710036967566557,-0.18394972355707806,-0.00662566809990409,-0.2616388293065289,-1.500227028649372,0.5580044527403483
1517,50.59,tracked,0,1,0.23416588051148768,0.6121367376665877,-0.5193062154929027,-0.09858759883200624,-0.18429519318295606,-0.009657040173901133,-0.26409404725512003,-1.4981570932273565,0.5597885121395085
1518,50.623333333333335,tracked,1,1,0.23527639430214198,0.6115548552615403,-0.5160425822071513,-0.10334297858170466,-0.15846072946442646,-0.07781333549016924,-0.3023526652368685,-1.495542871307934,0.5496267102821344
1519,50.65666666666667,tracked,1,1,0.2221504279811773,0.6160905551959304,-0.5172736595457795,-0.10343674809264547,-0.15732150803388945,-0.08217531423059933,-0.3015687426414552,-1.4960224503704949,0.5504736656788602
1520,50.690000000000005,tracked,0,1,0.2792748523695891,0.6038284542314727,-0.5200933713544287,-0.0977224297309355,-0.18386304396289788,-0.00641155694099787,-0.2606167519186491,-1.5010420986315614,0.5602253181842426
1521,50.723333333333336,tracked,0,1,0.23420403978147347,0.6124947608995464,-0.5187587356804364,-0.09667164059645539,-0.18364859505015285,-0.006913423148043927,-0.25911851923113827,-1.5019275408626556,0.5587332444058346
1522,50.75666666666667,tracked,1,1,0.23438643220559016,0.6164339795498444,-0.5152305386849492,-0.10245336696358465,-0.15539540447139183,-0.07849621917251025,-0.2989214029081039,-1.496958259771959,0.5478201640379672
1523,50.790000000000006,tracked,1,1,0.19517706249784422,0.6307355604475713,-0.5152142905984397,-0.10237886097476745,-0.1559149110987712,-0.07989482717949647,-0.295257007255241,-1.4971775318290301,0.5479385512211036
1524,50.82333333333334,tracked,0,1,0.22364814799348098,0.6344885056664605,-0.5173869256862126,-0.09763486399117985,-0.18521621474857874,-0.003940931632604252,-0.26167406311455627,-1.4999448457140774,0.5581458982590469
1525,50.85666666666667,tracked,1,1,0.21787517079207222,0.6231348590685131,-0.5154096079705668,-0.10253398315952544,-0.1555970811635437,-0.07855017494164877,-0.2962173008054425,-1.498189888901171,0.5480608847176978
1526,50.89,tracked,0,1,0.2952755473066602,0.5780606880446721,-0.5168330737131875,-0.09632852743789044,-0.18319211009701475,-0.0013524237746067663,-0.2582091319779055,-1.5006420722529121,0.5567359881343852
1527,50.92333333333334,tracked,1,1,0.1754857140087691,0.6117937334997295,-0.5138968103429401,-0.10243596481548928,-0.15848689372620217,-0.06880313001576112,-0.29914672982499374,-1.4969958049880907,0.5474496817528607
1528,50.95666666666667,tracked,1,1,0.17549609993435067,0.6368407741357308,-0.5151004224852203,-0.10135196017419484,-0.1555216493777007,-0.0768861332028642,-0.2915518983430851,-1.4975688458054548,0.5475286736790727
1529,50.99,tracked,1,1,0.18918564444660144,0.6240706117720266,-0.5149487383190985,-0.10337612355379816,-0.15750997704305564,-0.07775170065556468,-0.30247463794470447,-1.4941647085975625,0.5483322158012836
1530,51.02333333333333,tracked,1,1,0.1253313548341391,0.6271063193804631,-0.5150018796074791,-0.10266477451154254,-0.15614736743193985,-0.07892876301164836,-0.29303991082142183,-1.4977267842792454,0.5478585513439281
1531,51.05666666666667,tracked,0,1,0.16368915631247477,0.5972018783483659,-0.5190875814562566,-0.09653453216007071,-0.18333783578492024,-0.008737652691463302,-0.2583305037143881,-1.4995264646151178,0.558912869016064
1532,51.09,tracked,1,1,0.16792776857356925,0.596949160262899,-0.5170906760377956,-0.10231179813343416,-0.15715004557975532,-0.07858667044969789,-0.293023494430656,-1.4962536087382925,0.5500423693755239
1533,51.123333333333335,tracked,1,1,0.1966551111841861,0.6093305605096163,-0.5172334335216344,-0.10215451842166917,-0.15878712598674305,-0.07726536020411945,-0.2959066765177612,-1.5012996076948297,0.5506172189149845
1534,51.15666666666667,tracked,1,1,0.18400096498633037,0.6128120085066147,-0.5167167227000737,-0.10231544919133323,-0.15853688091947232,-0.07889505689854424,-0.2986747911465788,-1.4997885888167077,0.5500895974955391
1535,51.190000000000005,tracked,1,1,0.1808729767326551,0.6095693925973631,-0.5155959041405108,-0.1043035187752615,-0.1572421972088655,-0.08250619330673738,-0.3063173329897687,-1.4946272475537399,0.5490386771243387
1536,51.223333333333336,tracked,1,1,0.1763228517256066,0.5972112097429716,-0.5188439411986681,-0.10155901467613695,-0.1588543562126835,-0.07876966512667294,-0.2946687952752484,-1.5007657183603538,0.5520398312334907
1537,51.25666666666667,tracked,1,1,0.2186830432803834,0.5911087221329476,-0.5160928335044639,-0.10391913134202957,-0.1576861499950336,-0.08064283461076029,-0.3025091341239057,-1.4958694206169811,0.5495597515773918
1538,51.290000000000006,tracked,1,1,0.23140895683109022,0.5942733964986907,-0.5139238877810262,-0.10242361373811443,-0.15566867685957003,-0.07963471957538013,-0.303732326984399,-1.4952712388840677,0.5466636040915368
1539,51.32333333333334,tracked,1,1,0.24132981099806336,0.6001898313183543,-0.516558736705821,-0.10264317202368134,-0.15298265053890353,-0.08511467027717705,-0.29228920028949995,-1.495319867627995,0.5484270604156081
1540,51.35666666666667,tracked,1,1,0.24366004132226773,0.5834927223813478,-0.5174843470515266,-0.10183022859073104,-0.15609391014483526,-0.07995230661655905,-0.29180277170413116,-1.5007048498508277,0.5500225028873721
1541,51.39,tracked,1,1,0.27270824919447256,0.5609656479292355,-0.5166855669435084,-0.10317860618966723,-0.15840212354712652,-0.07854745078642218,-0.3000015335334353,-1.4973740468270993,0.550182726562018
1542,51.42333333333334,tracked,1,1,0.28160607744483385,0.564646204935932,-0.5176954178125535,-0.10420292994823588,-0.15737210964383297,-0.08497118996842186,-0.3023758487087,-1.4969152036193827,0.5510288351145173
1543,51.45666666666667,tracked,1,1,0.28605188474677645,0.5977985474098352,-0.5166334281198314,-0.10408661083658716,-0.15603339396506094,-0.08561048015719068,-0.30468401692699576,-1.5004039375296796,0.5496276390780871
1544,51.49,tracked,1,1,0.2329943166330389,0.6130637731852665,-0.5174237624392638,-0.10289662446503367,-0.15540865813484128,-0.08611198145213796,-0.29806268912691747,-1.5012063095750532,0.5499699230743204
1545,51.52333333333333,tracked,1,1,0.2595719075269015,0.6141042427628346,-0.5167208023991567,-0.10322118205112008,-0.15444757686801308,-0.0852852350116146,-0.29757719160396284,-1.500155198035423,0.5490984010689338
1546,51.55666666666667,tracked,1,1,0.2274940486128301,0.5978779601200509,-0.5142193431559845,-0.10372736974255503,-0.15243524461167324,-0.08745368704612132,-0.3043305478095575,-1.4948792983068029,0.5462759411774434
1547,51.59,tracked,1,1,0.2417643202816719,0.607039606259894,-0.5156794063298471,-0.10289466461542557,-0.15801048048833,-0.0796587114028492,-0.3013831933907516,-1.4970964613035196,0.549071829602628
1548,51.623333333333335,tracked,1,1,0.24338106463235648,0.610560210189131,-0.5148060764053636,-0.10324819561764875,-0.15975111126088365,-0.07729730246038272,-0.30560691099408166,-1.4980389877134355,0.5488222879505464
1549,51.65666666666667,tracked,1,1,0.12635219815486554,0.6368454980693627,-0.5129761240143997,-0.10016591828062837,-0.15487061605918356,-0.07591206551566841,-0.29187400525711865,-1.4989498882661039,0.5451262447473881
1550,51.690000000000005,tracked,0,1,0.21486051239070825,0.6021174978360768,-0.5202245918827173,-0.09595898614085824,-0.1803761366721114,-0.01723787909951825,-0.2556053410763967,-1.4996774871290421,0.5589072406951598
1551,51.723333333333336,tracked,0,1,0.22357732984519377,0.6190152234567888,-0.5199578319269953,-0.09732880358623486,-0.18055089851633688,-0.016567625079794517,-0.25711003736073146,-1.4994649581411648,0.5589522966629674
1552,51.75666666666667,tracked,1,1,0.08548087098812018,0.6284566556935648,-0.5135927370157621,-0.10304545966074263,-0.15501162045183126,-0.08347544254423138,-0.302374053164508,-1.4929445269604777,0.5462824075028758
1553,51.790000000000006,tracked,1,1,0.16206059054808625,0.6333101428382302,-0.5148743139782959,-0.10409577091729844,-0.15587311355758937,-0.08346305509272912,-0.29930574894528167,-1.497843638919307,0.547930576120392
1554,51.82333333333334,tracked,1,1,0.18123046772552595,0.6100215337036294,-0.517574520749029,-0.10237724343782945,-0.15505541155611074,-0.08794291321042445,-0.296200664439942,-1.4972763479582847,0.5499151435952192
1555,51.85666666666667,tracked,1,1,0.20667082372635448,0.6143815552179532,-0.5164601641351872,-0.10171799632094414,-0.15331250680003367,-0.0866673701354798,-0.29508705727962214,-1.4985112079385332,0.5482539344641336
1556,51.89,tracked,1,1,0.30350212138487564,0.6074963822826271,-0.5164733766385717,-0.1014495955090961,-0.1535511430266256,-0.08348836426698,-0.2934315773248316,-1.5006112316849984,0.5482834328430783
1557,51.92333333333334,tracked,1,1,0.23494914999814218,0.6106397902270023,-0.5147549215293163,-0.10243994445596094,-0.15411567575868407,-0.08275980893392913,-0.2969480913913936,-1.499623465806429,0.5470084213002108
1558,51.95666666666667,tracked,1,1,0.19055477790310832,0.6335742939606006,-0.5162706531486596,-0.10172318576961997,-0.1531380966191892,-0.0854163097173532,-0.2932855318928428,-1.5000346214050764,0.54802761833854
1559,51.99,tracked,1,1,0.13252536233808185,0.6017716825075007,-0.5137128095611441,-0.09949362597225048,-0.15597973536776216,-0.07432800318565982,-0.2959509982437848,-1.4967043637318047,0.5460123718027894
1560,52.02333333333333,tracked,0,1,0.18348754445247636,0.5968567297897515,-0.5174584631516915,-0.09596234100905596,-0.17878945011761388,-0.010861405013516998,-0.25638567675311463,-1.4983972694351662,0.5558216435625799
1561,52.05666666666667,tracked,1,1,0.247939969613179,0.6096759139542273,-0.5134812599095042,-0.10176642519132251,-0.15517208008823713,-0.07839968356459866,-0.29761203016919324,-1.4977394785153408,0.5459833184387443
1562,52.09,tracked,1,1,0.21317515322540084,0.6189844467465692,-0.5157727373727525,-0.10248800893273519,-0.15583068158304858,-0.08414004019866819,-0.29919918888227953,-1.498695907387096,0.548460126093608
1563,52.123333333333335,tracked,1,1,0.20630370533996267,0.6386195664563429,-0.5115863523049117,-0.10220322906179213,-0.14967948958889882,-0.08530048217654781,-0.2984846635921707,-1.4947629929265571,0.5427430750354126
1564,52.15666666666667,tracked,0,1,0.22230412441263883,0.6197139367201636,-0.5203586719144131,-0.09664327083128377,-0.18068843666857287,-0.01534640377233519,-0.25297204060201894,-1.5050813009487387,0.5592507312281617
1565,52.190000000000005,tracked,0,1,0.2592011446538239,0.5780695145684616,-0.5196397900709004,-0.09658693397161436,-0.18049322422414416,-0.009196638432362235,-0.25590414462441663,-1.5016739668726706,0.558509043104759
1566,52.223333333333336,tracked,1,1,0.19843026860314195,0.63941626523653,-0.5161366858677603,-0.10330308786027953,-0.1522509525500247,-0.08680590943434759,-0.2946943984952463,-1.4956062184288883,0.5479497778194764
1567,52.25666666666667,tracked,0,1,0.2568040299816347,0.6012178690609957,-0.5231441633970946,-0.09624768707333062,-0.18353143731610255,-0.015057860691871629,-0.2513417300571452,-1.5057882515595273,0.5626963847819944
1568,52.290000000000006,tracked,1,1,0.20776101303387887,0.603780387517514,-0.5157328774963308,-0.10233595710707555,-0.15504590950612313,-0.07988428302798461,-0.2907889466800852,-1.4955611184063675,0.5481717642329341
1569,52.32333333333334,tracked,1,1,0.1905168475425253,0.5854040820253003,-0.5137794683583108,-0.10179357581024878,-0.1510867927663752,-0.08802571423714169,-0.29723702053972356,-1.4922189704416875,0.545122457005043
1570,52.35666666666667,tracked,1,1,0.2368089595181317,0.6069808835819217,-0.5161461300112815,-0.1033440700102422,-0.1549121982706928,-0.08578209210265549,-0.2980967860805092,-1.4955110635021744,0.5487117763498092
1571,52.39,tracked,0,1,0.3500555376959241,0.6133553891583368,-0.5181036576074548,-0.0964364712338128,-0.1795012608305706,-0.013036865209410758,-0.2562958110242964,-1.5020947589070537,0.5567334152446908
1572,52.425000000000004,tracked,1,1,0.19801077278570808,0.6384080491672526,-0.5162414056822426,-0.10282432681631465,-0.15308413957784295,-0.08743967047215852,-0.29270074457253525,-1.4980605038301298,0.5481904640873413
1573,52.458333333333336,tracked,1,1,0.17619596600535556,0.6223296671367816,-0.5175028797858654,-0.10372231783698477,-0.15325433687493206,-0.09823366549354492,-0.3037083353178446,-1.488791208520912,0.5495947976237726
1574,52.49166666666667,tracked,1,1,0.2117098620641777,0.6269521349052412,-0.518330805449557,-0.1042311599958119,-0.15329351860256296,-0.09403369134080694,-0.29839207072096213,-1.495260779638371,0.5504814814665553
1575,52.525000000000006,tracked,0,1,0.22384850182944324,0.6183919976315704,-0.5186846769844533,-0.0949177454088804,-0.17942410479903498,-0.010964679122116107,-0.25259697098593636,-1.501845777286977,0.556988493521102
1576,52.55833333333334,tracked,1,1,0.25749004503251793,0.6212171892806836,-0.5141860092069472,-0.10237808774144563,-0.15098476851881115,-0.0874240685028466,-0.29870864514689144,-1.494899654548268,0.5455867715024265
1577,52.59166666666667,tracked,0,1,0.2278828157460646,0.6229676577025263,-0.5193430099196792,-0.0961438722074778,-0.18076203618494913,-0.01002242606458026,-0.25376005682469543,-1.5002287613022596,0.55824342346436
1578,52.625,tracked,0,1,0.1988835841482898,0.610791307578346,-0.5179540150623507,-0.09446037544326152,-0.18011626291934985,-0.009033365814840854,-0.25548937092834584,-1.4969222335247203,0.5564539445597668
1579,52.65833333333334,tracked,1,1,0.07191040839192106,0.6019525090337683,-0.5155113175341413,-0.10035733201878183,-0.1503267082137204,-0.08800357353359281,-0.2941622390444855,-1.4963896624411033,0.5462798109010503
1580,52.69166666666667,tracked,1,1,0.12870241155851198,0.6313801239583408,-0.516640131532638,-0.10177594398725565,-0.15422776446101766,-0.08463175194950534,-0.29471024336486057,-1.4943790984180723,0.5486907795973991
1581,52.725,tracked,1,1,0.1508916339821945,0.6358271799664958,-0.5169283924263732,-0.10221534600277066,-0.1535864508274828,-0.08875816646083907,-0.2961018062629178,-1.49472857778605,0.5488640430313899
1582,52.75833333333334,tracked,0,1,0.11918157700771524,0.6445776731071927,-0.5204081758304324,-0.09547271033903323,-0.18164114400234765,-0.013675063933147847,-0.2553409647810529,-1.500345413310079,0.5594043377424962
1583,52.79166666666667,tracked,0,1,0.2260867798753802,0.6478132152397303,-0.5191752448508222,-0.0944882660158178,-0.18054675501282558,-0.014103597526526757,-0.25816577490898285,-1.5064897205588743,0.5577347918377052
1584,52.825,tracked,1,1,0.24562581302049732,0.6314319740727229,-0.5168111930350228,-0.10221889221002634,-0.15222912683190998,-0.09218715686776388,-0.29426058691547874,-1.4987898783458877,0.5483759825402041
1585,52.858333333333334,tracked,0,1,0.18709467856005899,0.6439019285786098,-0.5192394350743035,-0.09508654280120829,-0.18212840480236941,-0.010386023952738061,-0.2556078040402186,-1.5023667534556477,0.5584100620458263
1586,52.89166666666667,tracked,1,1,0.17396349073016362,0.6485619026094176,-0.5165485826084584,-0.10039538769044382,-0.1523667545037078,-0.08654391909800306,-0.2913778829890778,-1.4990632252819815,0.547829626747509
1587,52.925000000000004,tracked,1,1,0.17483185128947037,0.6492124763756433,-0.5156268037226029,-0.10074193854802332,-0.15202917008813277,-0.0866642528866203,-0.294624453118658,-1.4982107131622373,0.5469303497313783
1588,52.958333333333336,tracked,1,1,0.13938218779231643,0.6311493444942398,-0.5151054814054068,-0.10041150832640386,-0.15524938049250658,-0.07988778760052359,-0.2926231447932738,-1.4965531927888056,0.5472828319265884
1589,52.99166666666667,tracked,1,1,0.1199027012678992,0.6114381902443353,-0.5164626334851412,-0.10126131192155302,-0.1552985809068097,-0.07780613628754628,-0.28864692709869805,-1.4996905972526882,0.5487304933299681
1590,53.025000000000006,tracked,1,1,0.169807456144978,0.6376086515073021,-0.5141105441603032,-0.10197878632715257,-0.1543972397393984,-0.08190055729653206,-0.29785615938598464,-1.4941901093818382,0.5463953075537046
1591,53.05833333333334,tracked,1,1,0.24772720036838888,0.6257747377491977,-0.5157249532950876,-0.10114931583068382,-0.15482941392403005,-0.08123901234414527,-0.29472187438305136,-1.5011520343149105,0.547882796736943
1592,53.09166666666667,tracked,1,1,0.25307380944079155,0.6179101003556002,-0.5158798809616132,-0.1019958883508959,-0.15437279978836188,-0.08155950333916408,-0.292373979435969,-1.4967188055614595,0.5480567252903246
1593,53.125,tracked,1,1,0.2363946240657784,0.6103598225109461,-0.5160515141420505,-0.10279544346284064,-0.1551248840550522,-0.08279133366175344,-0.29769524936488284,-1.4954837662846867,0.5485798010300036
1594,53.15833333333334,tracked,1,1,0.19611949212850954,0.6137830147745981,-0.5170940769840928,-0.10239964144220687,-0.15478926069297055,-0.08287507616509386,-0.2936674547818722,-1.4958919779227078,0.5493921061003697
1595,53.19166666666667,tracked,1,1,0.2253795303479505,0.6128055044342275,-0.5172342850609382,-0.10186974209416405,-0.15243552816860878,-0.08648098698650548,-0.28897682046461914,-1.4989993805280106,0.5487671092958051
1596,53.225,tracked,1,1,0.12546316574345906,0.643081350264157,-0.5159222647951077,-0.10151472209471757,-0.15319627529473306,-0.08376462456116136,-0.2930315472796794,-1.4944924122261516,0.5476770224114397
1597,53.25833333333334,tracked,1,1,0.2679864735133852,0.6383262741753283,-0.5131582671730903,-0.10126010300269689,-0.15211202271830082,-0.08249539244709622,-0.2938592523772503,-1.4964659131944227,0.5447229415800829
1598,53.29166666666667,tracked,1,1,0.15736824811366126,0.6250029696865675,-0.5148545477745976,-0.10137080640950169,-0.15288992589424583,-0.0837571259162135,-0.2935830716078456,-1.4945104748938574,0.5465588487951193
1599,53.325,tracked,1,1,0.2240632209390187,0.6278325751423275,-0.5132341377846037,-0.10209105052113548,-0.1512744097526298,-0.0827527416447258,-0.29182353687237156,-1.4943656273072226,0.5447162654355212
1600,53.358333333333334,tracked,1,1,0.2295972204143114,0.6040133291529882,-0.5141074870251952,-0.10186043479867823,-0.15177995931192967,-0.08570006352154812,-0.29449044052613754,-1.4924557881491307,0.5456365204432966
1601,53.39166666666667,tracked,1,1,0.19175303581931258,0.6235449160017202,-0.5163219943413997,-0.10254567608574988,-0.15095788571888774,-0.09123535566858955,-0.29367665341578425,-1.4928654780722106,0.5476242331976194
1602,53.425000000000004,tracked,1,1,0.1775131648096401,0.6460695152106414,-0.5163262606903167,-0.1007360719390823,-0.15142034324112869,-0.08563080170195755,-0.2863052555057198,-1.495969470617757,0.5474200252232486
1603,53.458333333333336,tracked,0,1,0.19345673722763793,0.6211281103420052,-0.5175447711201222,-0.09374257737132399,-0.17971811728587367,-0.0008142671314849441,-0.24926214130761976,-1.5044704442817907,0.5558226898991956
1604,53.49166666666667,tracked,1,1,0.21152990322123003,0.6498431212306326,-0.5146841269480025,-0.10289290100439169,-0.1518309307989245,-0.08284109946255873,-0.2932954203149223,-1.493496843003228,0.5463875283684603
1605,53.525000000000006,tracked,0,1,0.1729287092721973,0.6457740435580865,-0.5174691184710771,-0.09403380082383622,-0.17975841151847793,-0.004720132714645875,-0.2510638258835448,-1.5016794247605982,0.5558144751445908
1606,53.55833333333334,tracked,1,1,0.19181752585240247,0.6114614868991959,-0.5135579443849381,-0.10147110684370353,-0.1502171879401225,-0.08079189465806576,-0.2896204719081781,-1.4943678221141743,0.5446130289642431
1607,53.59166666666667,tracked,1,1,0.13006073330318196,0.6218112999290115,-0.5136616870077022,-0.10340430490395841,-0.151430720452764,-0.08632389852952196,-0.2991813656261429,-1.4899933279999946,0.5454099761364039
1608,53.625,tracked,1,1,0.08337176123073238,0.6505810758425773,-0.5122995640959153,-0.10172298785852874,-0.15228357200910542,-0.08296288141500731,-0.2961265378752892,-1.494736386466139,0.5440484316084218
1609,53.65833333333334,tracked,1,1,0.12130797772855666,0.6351262086467153,-0.5130759957481712,-0.10082905887295474,-0.15202822032517616,-0.08009038647123683,-0.29115960498747673,-1.498212276157484,0.5445420610948464
1610,53.69166666666667,tracked,1,1,0.2170427862611878,0.6323189024148104,-0.5137622052022367,-0.10180406706371731,-0.1519048807189557,-0.0831352981667801,-0.2948393824848889,-1.496332945636505,0.5453354603830739
1611,53.725,tracked,0,1,0.2130279828499711,0.6293024289758373,-0.5190177168507538,-0.09589511245143179,-0.18153375532837224,-0.008746805254336134,-0.25307112298833373,-1.5003922463002464,0.5581485172610094
1612,53.75833333333334,tracked,1,1,0.19005190847810083,0.6087490243267655,-0.5118195969695116,-0.10082973721276328,-0.15285651750847196,-0.07531512998798723,-0.2933819463519642,-1.4976545398586352,0.5435908854030262
1613,53.79166666666667,tracked,0,1,0.20541082404587752,0.622904479682896,-0.5174754700272135,-0.09709908594078615,-0.17943023261133784,-0.01115694521553821,-0.25676992087759565,-1.5004298662514255,0.5562412272974564
1614,53.825,tracked,1,1,0.17633439850209132,0.6302712004000367,-0.5170571953371301,-0.10210985250380966,-0.153822394779835,-0.08624489031318953,-0.29551572991175395,-1.4989957412388932,0.5490317790110626
1615,53.858333333333334,tracked,1,1,0.1060295414535802,0.6479667263603816,-0.5134129183061826,-0.10122279495193676,-0.15333870900434876,-0.07885688400805882,-0.29405662402522986,-1.498052991528027,0.5452995860815164
1616,53.89166666666667,tracked,1,1,0.1660995664603303,0.6321154391908267,-0.5127833989941322,-0.10178323417653257,-0.15145001328760732,-0.08128988773030249,-0.2980536252451203,-1.4974624413261057,0.5442827827225721
1617,53.925000000000004,tracked,1,1,0.12651954153076458,0.6459794315070445,-0.51513813350357,-0.10076811700713262,-0.15440676390966362,-0.08392869365141098,-0.2966462707254194,-1.498009942595793,0.5471407120072127
1618,53.958333333333336,tracked,0,1,0.21152351385959922,0.5827291465695654,-0.5170518651966942,-0.09629643520869477,-0.18069142789938158,-0.009954621628898456,-0.25749776056729107,-1.5006551552109961,0.5561160192384321
1619,53.99166666666667,tracked,0,1,0.2338738792254141,0.5972693814814649,-0.5171061772466705,-0.09540505871457441,-0.1813989508553409,-0.009049853784092367,-0.2585802321776119,-1.4999300447477606,0.5562432050339265
1620,54.025000000000006,tracked,1,1,0.10669013573400636,0.6145183275744249,-0.5149174954513052,-0.10211754704027692,-0.1527534384756058,-0.0898066181548396,-0.29851067705049245,-1.4940475191163998,0.5467189712288103
1621,54.05833333333334,tracked,0,1,0.11442545679729202,0.5908148388880505,-0.5153993749252992,-0.09298173620870989,-0.17978394381638468,-0.01184394616074591,-0.2614128453491417,-1.4990614101682034,0.5537186879598234
1622,54.09166666666667,tracked,1,1,0.2727902719418236,0.5968747054531708,-0.5124256809984531,-0.10012106741484561,-0.14943814386414045,-0.08100433278092133,-0.2933847655271828,-1.4939103302370889,0.5430801649191177
1623,54.125,tracked,0,1,0.2260233391526759,0.6029678069232253,-0.5150754900136126,-0.09220382381072184,-0.17860077559473442,-0.0011379196381621523,-0.25170101184289423,-1.5014296165741723,0.5529037371741328
1624,54.15833333333334,tracked,0,1,0.26912634336855895,0.6010163957251682,-0.5152528342084578,-0.09175675794002935,-0.17883937705424852,-0.0023340300711302392,-0.25007894974890627,-1.5053361363584512,0.5530717029216603
1625,54.19166666666667,tracked,0,1,0.17829667721743686,0.5894468763937513,-0.5168043501862192,-0.09342454252680296,-0.17938595092600174,-0.008175742870339993,-0.25255228041577243,-1.5007564973946383,0.5549722523760702
1626,54.225,tracked,0,1,0.21499322276834926,0.5773570997965032,-0.5157020223286461,-0.09294445566544285,-0.18020579587034052,-0.005549461683156575,-0.2550604323887673,-1.4996160080661116,0.5541311907283903
1627,54.25833333333334,tracked,1,1,0.28632606380087317,0.5917772973033841,-0.5147305825053619,-0.10059853496186233,-0.14984931073523505,-0.09128872664813527,-0.2954447210982829,-1.496369549800508,0.545456188644521
1628,54.29166666666667,tracked,0,1,0.214606978184283,0.581313991044824,-0.5166748441486868,-0.09311625042915633,-0.18010259429226283,-0.009080183841600108,-0.25702277611767727,-1.5017078859547108,0.5550319586662182
1629,54.325,tracked,1,1,0.17911352020267512,0.6007924514725813,-0.5150924585944358,-0.10055608065163185,-0.1493020168744481,-0.09057903881036404,-0.29031426258130383,-1.4980914403075882,0.5456398615384107
1630,54.358333333333334,tracked,1,1,0.26103529311194196,0.6368587299632861,-0.5135707297351493,-0.09934381577545559,-0.145700338129013,-0.09187442042732845,-0.2880069675469753,-1.4995018189802738,0.5430033855368032
1631,54.39166666666667,tracked,1,1,0.3212281733171405,0.6253430425862444,-0.5145671652468149,-0.10016608651096454,-0.14826093010378666,-0.08810236131080483,-0.2893559629138398,-1.5007323127030199,0.5447879549258636
1632,54.425000000000004,tracked,1,1,0.345908389950648,0.6139304430191035,-0.513574341096599,-0.10064684386837441,-0.14684170136874625,-0.09463641836830777,-0.2967989180168091,-1.4979512600808664,0.543553931339236
1633,54.458333333333336,tracked,1,1,0.27835126890536305,0.6145625564188719,-0.5134624012333471,-0.09984758914880615,-0.147144743090725,-0.09138765652137797,-0.29459545021794814,-1.5004080436736118,0.5433826956744012
1634,54.49166666666667,tracked,0,1,0.2827616686951268,0.6032733801024135,-0.5166312643056388,-0.09257218459741254,-0.17840096201705197,-0.01000771316981073,-0.25296561811849844,-1.5042460676603973,0.5543504089182129
1635,54.525000000000006,tracked,1,1,0.24757842300382377,0.6083484797453458,-0.5143616644223667,-0.09976183945465861,-0.14860404539777428,-0.09121955437976985,-0.2922863741651392,-1.4987021988195688,0.5446131734977664
1636,54.55833333333334,tracked,0,1,0.21046007477281212,0.6334431941200517,-0.51616755959116,-0.09174559900009477,-0.17937902833973873,-0.007318136589226531,-0.25253179164743483,-1.504182522543087,0.5540965983637588
1637,54.59166666666667,tracked,1,1,0.18574130526820548,0.6444159622277472,-0.513855559323662,-0.10151444117035274,-0.14777267256021437,-0.09421042942936368,-0.2958532763042006,-1.495907593303556,0.5442329284135157
1638,54.625,tracked,1,1,0.13660101111791526,0.6504517490777718,-0.5124528544383655,-0.09977224660193135,-0.14782949515933835,-0.08840779152953772,-0.29536163205004595,-1.4979283701948556,0.5426011323735789
1639,54.65833333333334,tracked,1,1,0.20048639798856277,0.6403376653054791,-0.5127807330707181,-0.09952200227133146,-0.14789528666454094,-0.08737797614395382,-0.29253412101343196,-1.4997508463809608,0.5428827911826131
1640,54.69166666666667,tracked,1,1,0.20700980466617436,0.6511248019731277,-0.5140781610595588,-0.09842929689453772,-0.15118038499533643,-0.0846551677112456,-0.29119497971338,-1.5035323315280118,0.5448120694082217
1641,54.725,tracked,0,1,0.22981203557398278,0.654947365560022,-0.5159066093837474,-0.09229515408962971,-0.17637686889628312,-0.010577271359585558,-0.2528637722250635,-1.5035028746049741,0.5529799498679131
1642,54.75833333333334,tracked,1,1,0.15602014172338813,0.6531491113060961,-0.5152641651616794,-0.09886495913793136,-0.15005703095738038,-0.08864605689428126,-0.29153883346172477,-1.501871304604016,0.5457000573436395
1643,54.79166666666667,tracked,0,1,0.16235960349445536,0.6533153595201603,-0.517223033876846,-0.09026949049168681,-0.17841122958117317,-0.00867738825286093,-0.2506329547217917,-1.5088659722543734,0.5545257564144913
1644,54.825,tracked,1,1,0.17548109595216368,0.6533618706490191,-0.51472534169899,-0.09999009576365092,-0.1500838713329848,-0.08879009461176493,-0.29459333717938757,-1.5015603406753042,0.5454038550214529
1645,54.858333333333334,tracked,1,1,0.15615833531799955,0.652530589896424,-0.5155618769567347,-0.09929136228468105,-0.15267613617891396,-0.08213278628852702,-0.2885029159986665,-1.5026321154416862,0.546784076353748
1646,54.89166666666667,tracked,0,1,0.17146727051883645,0.6498209964030921,-0.516984422512929,-0.0934733133124967,-0.17989624759640283,-0.004521014845462089,-0.2514232672426259,-1.5047472359200338,0.5553132569297343
1647,54.925000000000004,tracked,0,1,0.21546201837905962,0.6467169835872774,-0.5170142119958359,-0.0922281912835071,-0.17916399381662784,-0.00567057048994342,-0.25055312312372907,-1.5065713239015128,0.5548959103772769
1648,54.958333333333336,tracked,1,1,0.12805379182365292,0.6544163581539353,-0.5154187090930752,-0.0994300219348844,-0.1491857792638741,-0.08925109038569885,-0.28993800725160973,-1.4990512048892346,0.5457097870477613
1649,54.99166666666667,tracked,1,1,0.1554309363675885,0.6460028914689504,-0.5139950592000357,-0.09940409338700268,-0.14880112505058113,-0.08915574662873146,-0.29262536808459183,-1.4983378040040676,0.5442553348203938
1650,55.025000000000006,tracked,0,1,0.16055794559431877,0.636496529773836,-0.5139868720313303,-0.09141487302308401,-0.17854318702440408,-0.0019203860096910468,-0.25557747360195193,-1.501925024799067,0.5517398420118027
1651,55.05833333333334,tracked,0,1,0.22901714013296326,0.6280103160183638,-0.5154087829615066,-0.09194655548761646,-0.17994353181296985,-0.004779024145898347,-0.25573016593982595,-1.5022083197733953,0.5536064100615383
1652,55.09166666666667,tracked,0,1,0.25519475926709717,0.6235262204412568,-0.5148262322241013,-0.09274693566974324,-0.1782276754396363,-0.008755450209831641,-0.2550803432536468,-1.5007332348827018,0.55264197067795
1653,55.125,tracked,1,1,0.1848700717592983,0.6178371199805355,-0.5146262636560378,-0.10057625977884593,-0.1507282449450948,-0.09029306531767683,-0.2944918522469179,-1.4928793099062203,0.5455958019449051
1654,55.15833333333334,tracked,0,1,0.19191579510715118,0.6142455644224244,-0.5157432623335665,-0.09271564074732758,-0.18055668606783604,-0.00701177013607246,-0.25729600981556394,-1.5007593496369023,0.5542454506493099
1655,55.19166666666667,tracked,0,1,0.25660841103080884,0.6277589152749832,-0.514745823402569,-0.0921715442504695,-0.18176135282767303,-0.0026794183775186156,-0.25701402379135346,-1.5015951233507827,0.5536208500965718
1656,55.225,tracked,0,1,0.20671248040231693,0.6194912564537037,-0.5169034558322181,-0.09260318198071849,-0.18056814110536057,-0.0061707344193318355,-0.2555381923226823,-1.5024124334204618,0.5553101705772093
1657,55.25833333333334,tracked,0,1,0.20400652583805584,0.6205661696173332,-0.5178001082495991,-0.09273607482866761,-0.18021481031895475,-0.007823031767390076,-0.2531455985929448,-1.5006344518577948,0.5560524341608637
1658,55.29166666666667,tracked,1,1,0.16647682337239525,0.6229046971838368,-0.5166902450663737,-0.09974947902184716,-0.15182211713046184,-0.08887767637972847,-0.2918110030510826,-1.4999451898696095,0.5476940050446553
1659,55.325,tracked,0,1,0.12718531968542304,0.6507119347881308,-0.5166065869090725,-0.09389950039886744,-0.17970959636831513,-0.007965015762596629,-0.25372156168463933,-1.5000879486423984,0.554972991090432
1660,55.358333333333334,tracked,0,1,0.18051323421257603,0.6534671799032082,-0.5153448100106188,-0.09234992280216159,-0.18004421424686357,-0.004984996643925592,-0.25482604441489964,-1.5013751988441781,0.5536467289980286
1661,55.39166666666667,tracked,1,1,0.18178309659970546,0.6436515659577475,-0.5128847954541591,-0.10048441174261297,-0.14663725741054234,-0.09078288266046165,-0.29393938150918647,-1.494741228756961,0.5428171107032269
1662,55.425000000000004,tracked,0,1,0.1837622888343264,0.6344473779823182,-0.5149711702471729,-0.09248584250452291,-0.17754421511868573,-0.006327688330919645,-0.2528389048335269,-1.5007726068445686,0.5525132447024453
1663,55.458333333333336,tracked,1,1,0.1853294987151748,0.6568596946250846,-0.5128429118294426,-0.09977621974903,-0.14816575436204582,-0.0903124657918207,-0.293134480273918,-1.4928237575574037,0.5430619090000535
1664,55.49166666666667,tracked,0,1,0.1754847001978003,0.6551197618559298,-0.5169068094358023,-0.09358429574357477,-0.18023520018481998,-0.009093189846019466,-0.2546296570892419,-1.5005902183463482,0.5553696043506376
1665,55.525000000000006,tracked,0,1,0.16862102931896278,0.6575481398599081,-0.5163879438678914,-0.09309860982073712,-0.17929229453037743,-0.009076287097540721,-0.2550507176526535,-1.5017362955344913,0.554499401803672
1666,55.55833333333334,tracked,0,1,0.18416014898817495,0.6582442206293113,-0.515242739857764,-0.09027181756254979,-0.17854887280512233,-0.007720362739626887,-0.2549824908955333,-1.5042721836062216,0.5527239654675392
1667,55.59166666666667,tracked,0,1,0.09965657076111191,0.653696910486832,-0.5174220302789692,-0.09234067896532641,-0.180815128393219,-0.010593891736416812,-0.25656442331902474,-1.5008787443367997,0.5558295323798873
1668,55.62500000000001,tracked,0,1,0.1287812562723306,0.6522550326685884,-0.5179725123287962,-0.09240712558837219,-0.18096988804904357,-0.0069911387200018394,-0.2534344182600184,-1.5043583687561737,0.5564033615716151
1669,55.65833333333334,tracked,0,1,0.1629237280942809,0.6427684213691462,-0.5167486508905198,-0.09266601568554725,-0.17934594539869392,-0.00893751390445065,-0.2537338840857558,-1.5021390413570217,0.5547802509022448
1670,55.69166666666667,tracked,0,1,0.15549625565955727,0.6239925336837003,-0.5155026648782755,-0.09235467455540039,-0.17774355643409268,-0.0074006134139926166,-0.25270576540407974,-1.5011513310564704,0.5530507709629171
1671,55.725,tracked,1,1,0.1626334758517882,0.6072115889882067,-0.5131370147660304,-0.100280747815092,-0.1487666747668437,-0.08986065344968446,-0.29386422476905605,-1.494202262753668,0.5435966775344853
1672,55.75833333333334,tracked,1,1,0.20232600479862173,0.5831333664820357,-0.5144525305745418,-0.09945855193111061,-0.14865728380697385,-0.09066523308775502,-0.29006443601982657,-1.4970373238255577,0.544658055843894
1673,55.79166666666667,tracked,1,1,0.2002722570283978,0.6381781145444974,-0.5130706085958682,-0.10014650779212497,-0.14937619496263677,-0.08622278830660524,-0.28858930237132907,-1.496083126009139,0.5436763927644903
1674,55.825,tracked,1,1,0.2406073699595508,0.6296145849258135,-0.512477768857891,-0.10022279087712688,-0.14918683430434593,-0.08785735649581917,-0.2940009674552697,-1.4942513386149499,0.5430789840479141
1675,55.858333333333334,tracked,1,1,0.2417344848420544,0.6293769585063109,-0.5140482421483764,-0.09919160402922089,-0.14817792820609244,-0.08927137183007948,-0.290220237817074,-1.4978074448689267,0.544096745049238
1676,55.89166666666667,tracked,0,1,0.27415091229770544,0.6292697002416814,-0.5162113449194248,-0.09192044112197287,-0.17818663535574364,-0.007160350244414349,-0.25152069357471685,-1.5042214858346368,0.5537815427937086
1677,55.925000000000004,tracked,1,1,0.2961060811273019,0.6427255019907565,-0.5126361416864014,-0.09984128326940217,-0.14869458649094663,-0.08848977131435454,-0.2944730803496764,-1.4977635540848755,0.5430231815122765
1678,55.958333333333336,tracked,0,1,0.2171206785273835,0.6480244286372969,-0.5158175644138242,-0.09129419888717646,-0.17801899925695397,-0.008233076855551425,-0.2510423185215319,-1.503439004843096,0.553256861326372
1679,55.99166666666667,tracked,1,1,0.23166170212803705,0.6542652840761769,-0.5122738561144273,-0.09939680138460372,-0.14791389492395557,-0.08929488210210873,-0.2924314305099826,-1.4941464654429535,0.5423861614158406
1680,56.025000000000006,tracked,1,1,0.18924446249353655,0.6489610913764083,-0.5136183927854441,-0.09855153536857386,-0.14900599027166805,-0.08729355318447089,-0.29015564081926504,-1.4995895234883019,0.5438005550455483
1681,56.06,tracked,1,1,0.2292757640016358,0.6326294600635078,-0.51505603583649,-0.09742910935919136,-0.1498836320836116,-0.0865409742508427,-0.28621963397095856,-1.5000287775170158,0.5451974454898889
1682,56.093333333333334,tracked,1,1,0.263821404214774,0.6088056121547092,-0.5132728626345204,-0.09791874934398226,-0.1493283251560915,-0.0852880201174041,-0.2896008235735794,-1.4957472509369518,0.5434483063586162
1683,56.12666666666667,tracked,0,1,0.2784119128066567,0.610299235021531,-0.5138512714390442,-0.08941533689781703,-0.17733207243932364,-0.002918281592364384,-0.2521438260763465,-1.5062313216842618,0.5508946319830117
1684,56.16000000000001,tracked,1,1,0.1425665713253231,0.6527250934481479,-0.5106069304403351,-0.09863921647722071,-0.14998552952059985,-0.082914498813339,-0.2953280823534459,-1.4973933843654494,0.5412437450045182
1685,56.193333333333335,tracked,0,1,0.14391708805525877,0.6446474379948757,-0.5140688367048373,-0.08970137886000501,-0.17803357900419103,-0.005149013606352483,-0.2541402574639577,-1.5049376573351225,0.5513701673952739
1686,56.226666666666674,tracked,1,1,0.18736886791921514,0.6309870947440815,-0.5137546263910278,-0.09897097883364067,-0.15081522021741456,-0.08417256145804122,-0.29154642870067093,-1.501222372071002,0.5445037203166758
1687,56.260000000000005,tracked,1,1,0.17880165380630628,0.6366958531630815,-0.512783531242611,-0.09885679603763661,-0.1500813780899583,-0.0824200782764533,-0.29105596384034815,-1.4978044780250581,0.5433636315450728
1688,56.29333333333334,tracked,1,1,0.07184568080412367,0.6538631492953947,-0.5122313752007448,-0.09844261562121615,-0.14786041389879562,-0.08941343887275553,-0.29403972024193453,-1.4984293153558572,0.5421573870277115
1689,56.32666666666667,tracked,1,1,0.1669329504141587,0.6365816994435461,-0.5141336161824787,-0.09972524263822338,-0.1499715450944893,-0.0863916007009956,-0.290361122787225,-1.4973672143919763,0.5447659714465959
1690,56.36000000000001,tracked,1,1,0.17950142777604255,0.6445255510427723,-0.5144135670892043,-0.09913579610612097,-0.1506803615863695,-0.08580096052868423,-0.29072127636775863,-1.500078358516017,0.5451181481503186
1691,56.39333333333334,tracked,1,1,0.24470140544364447,0.6224530163801613,-0.5125469947704651,-0.09937227970064116,-0.15024873716362602,-0.08276717473010545,-0.29183200131438153,-1.4982412957911855,0.543280732992071
1692,56.42666666666667,tracked,0,1,0.2368768106648052,0.6301377187660091,-0.5153204901329752,-0.09127418741926399,-0.17830580678096453,-0.007113408733299908,-0.25265605106042044,-1.505296475930829,0.5528825784664836
1693,56.46,tracked,1,1,0.2504592712560623,0.6437601408009264,-0.5131792079352079,-0.09779038828943726,-0.14968703905273323,-0.08454473213079172,-0.29050563116929695,-1.5021031417815565,0.5434354323736912
1694,56.49333333333335,tracked,0,1,0.22901687488496744,0.6499696161162836,-0.5140901388278046,-0.09083867002694582,-0.17753730715797017,-0.0047349054212636405,-0.25182635993229274,-1.5046010218549468,0.5514162041916788
1695,56.52666666666667,tracked,1,1,0.16864244439473897,0.6339587044156337,-0.5132963447230583,-0.09856389317795208,-0.14919811023882518,-0.08903305300091664,-0.29584413352622624,-1.497396814442599,0.543551335793855
1696,56.56,tracked,0,1,0.24817596480802245,0.64261152997744,-0.5153033493920889,-0.0915375642081942,-0.17868900382084668,-0.006277431728264218,-0.252909936156861,-1.5044526247107215,0.5530338395092664
1697,56.593333333333334,tracked,0,1,0.14730472880404274,0.6375970639465534,-0.5152282317185526,-0.09218606369593127,-0.1779446895907904,-0.011320066477864803,-0.25680166768927615,-1.5010693342420873,0.5528315418399529
1698,56.62666666666667,tracked,0,1,0.21156231898149197,0.6338119531493915,-0.5145923433260955,-0.09232113560280295,-0.17858017410010402,-0.00452833845814279,-0.25223115532341417,-1.5055195078127885,0.5524666057513854
1699,56.66000000000001,tracked,1,1,0.17238230749695907,0.6418108451855336,-0.5129777499776356,-0.09840749283297823,-0.15159062617867358,-0.0800356622660396,-0.28920360786818267,-1.5005784008825924,0.5438841094967131
1700,56.693333333333335,tracked,0,1,0.22493647198255093,0.610850776347465,-0.5157274696744418,-0.09184054589438848,-0.17949469250031252,-0.007758231116228587,-0.2548143251953323,-1.5044714108706854,0.5537398788987148
1701,56.726666666666674,tracked,1,1,0.2247521389270661,0.6331971203966826,-0.5131042833970721,-0.09933724521971068,-0.15060304192945811,-0.08643776984528632,-0.29596800490213787,-1.4967548099184027,0.5438981248052525
1702,56.760000000000005,tracked,1,1,0.1863798097415085,0.625736147448764,-0.512673384631737,-0.09945018843116471,-0.1516379213809385,-0.08285116185489724,-0.29643602378900535,-1.4983563955223083,0.5437999618329215
1703,56.79333333333334,tracked,1,1,0.12027112605459565,0.6306087790998229,-0.5122368512100908,-0.10004358779445782,-0.15002575791486866,-0.08741681456188037,-0.2982426570833179,-1.4961991178586673,0.5430497576045374
1704,56.82666666666667,tracked,1,1,0.20857141453855874,0.6397888087399308,-0.5121972796143559,-0.10092287398037336,-0.15079868180210348,-0.08651123909488867,-0.29871227814155193,-1.4976760822289867,0.5433891075187808
1705,56.86000000000001,tracked,1,1,0.21136557404867912,0.6139198904202876,-0.5117420609789078,-0.09895863986208608,-0.15000193993225314,-0.08490827667604847,-0.29773178436051795,-1.4979149515632435,0.5423774805075645
1706,56.89333333333334,tracked,0,1,0.21589653768431305,0.6216234463958521,-0.5157802270922276,-0.09303428627057359,-0.18064692097716462,-0.007363211934902117,-0.25795670587760616,-1.5040262073583284,0.5543626350501221
1707,56.92666666666667,tracked,1,1,0.1606295920829863,0.6516560350113452,-0.5132661125787369,-0.1003681187151862,-0.15141303737618445,-0.0860613259639102,-0.2962755450520922,-1.4975814753213896,0.5444646631909147
1708,56.96,tracked,0,1,0.2327766101811987,0.6219519506977257,-0.5161678411974566,-0.0914378411291589,-0.17807533306943518,-0.007316615767573497,-0.2505331583951144,-1.5055404296967825,0.5536252733795617
1709,56.99333333333335,tracked,1,1,0.16839064830221126,0.6222169014504358,-0.514442522247153,-0.098063805596177,-0.1542880303012374,-0.07790640790886807,-0.2896482298915356,-1.5027359317056066,0.5459600854991625
1710,57.02666666666667,tracked,1,1,0.20344784886088674,0.6255605729058722,-0.5132308161376862,-0.09938616814568912,-0.14926885237486986,-0.09031801490589714,-0.2955642561407047,-1.4987006789106265,0.5436585981490123
1711,57.06,tracked,1,1,0.23334942034389816,0.6174831508994637,-0.5133111147786797,-0.0984680518607923,-0.15051600150513123,-0.08758683054693449,-0.29580783144957445,-1.4994342792582325,0.5439111365854566
1712,57.093333333333334,tracked,1,1,0.22915783819634727,0.6155038398034083,-0.5117060992346072,-0.09974967398604356,-0.15081533131816083,-0.08535352346317275,-0.2979509092097566,-1.495920636112846,0.542713915073887
1713,57.12666666666667,tracked,0,1,0.27440035021426284,0.6157838750381934,-0.513862635503211,-0.09172382565458481,-0.17759766421327766,-0.007870015912818206,-0.2561155204215946,-1.503573252275698,0.5513701104458154
1714,57.16000000000001,tracked,1,1,0.17678703901890844,0.6530880363511138,-0.5094406736034018,-0.09823003022353793,-0.14697837105323341,-0.08593534013563343,-0.2988801159037783,-1.4976619987621005,0.5392416715320385
1715,57.193333333333335,tracked,1,1,0.1775500316760436,0.6329201756854455,-0.5105814709911671,-0.09775738578151644,-0.1496065701904481,-0.08261724753817903,-0.2949683509224534,-1.4986373581081391,0.540954777073361
1716,57.226666666666674,tracked,1,1,0.19187707437253249,0.6409757473892805,-0.5089949740169115,-0.09970627592795306,-0.14762063501322376,-0.08693342655863737,-0.3008060025567551,-1.4961480173425232,0.5392671665469769
1717,57.260000000000005,tracked,0,1,0.1988059826069901,0.655447546309055,-0.5148954081081253,-0.09084764698321227,-0.17885190146044527,-0.0059089736269741224,-0.2547540960555989,-1.5088412308810943,0.5525925975881654
1718,57.29333333333334,tracked,1,1,0.25992453153625417,0.5990615925058843,-0.5124194671934381,-0.09829719260520461,-0.14901054268473074,-0.08804618278282,-0.2930633463466601,-1.5002964270012755,0.5426234332058187
1719,57.32666666666667,tracked,0,1,0.2395531435001642,0.6221716137924455,-0.514084239630336,-0.09230466086446179,-0.1792543595173185,-0.008160758347574935,-0.2592597303835654,-1.5054208860799518,0.5522090919747411
1720,57.36000000000001,tracked,1,1,0.24748701987910962,0.636013160456775,-0.5099551299021826,-0.09720944777458054,-0.1482407366014713,-0.0851145971629616,-0.2962780807809018,-1.4993367192650453,0.539888161787548
1721,57.39333333333334,tracked,0,1,0.2070259478192364,0.6158998007625818,-0.5169944768492739,-0.09288249080216396,-0.18124779166295163,-0.011472509918656318,-0.26186087178953654,-1.5062409071935277,0.5556628547716369
1722,57.42666666666667,tracked,1,1,0.1840289718670505,0.653829614238563,-0.5098467414297969,-0.09787293854827717,-0.14844830716293506,-0.08382172615762368,-0.29776696840574157,-1.5019478931813064,0.539962694772702
1723,57.46,tracked,1,1,0.17652840816757875,0.6512946671238738,-0.5098236595818684,-0.09754166625663935,-0.147481105114584,-0.08836231474826489,-0.2984014885026985,-1.4983541995056273,0.5396158048939906
1724,57.49333333333335,tracked,0,1,0.16818652793241873,0.6534332390826789,-0.5133325062758849,-0.09057331945262817,-0.17668373713728514,-0.009721687565596885,-0.25683913257642677,-1.5051945794415726,0.5503916161833741
1725,57.52666666666667,tracked,1,1,0.18956510905034699,0.6458532026252097,-0.509472106157471,-0.09936616289456457,-0.14845122521232174,-0.08851646367833463,-0.3028138858721161,-1.4960622340799163,0.5398826053393071
1726,57.56,tracked,1,1,0.2215735124009255,0.6216247526611003,-0.5099324315267983,-0.09754358171853678,-0.14767217139885103,-0.09003542177267657,-0.30304894555549694,-1.4988035860144062,0.5397711600882038
1727,57.593333333333334,tracked,1,1,0.23453459758730286,0.6181365167007508,-0.5124503294979602,-0.09813288793840666,-0.14945432653947655,-0.09112191218123877,-0.30215825909034727,-1.4963052010133584,0.5427448752582269
1728,57.62666666666667,tracked,1,1,0.27244048467133314,0.6182944457942978,-0.5111965825304878,-0.0987035033959251,-0.14841345399960904,-0.09225861700320996,-0.30662950957602464,-1.494695659507238,0.5413786853040793
1729,57.66000000000001,tracked,1,1,0.26282772728439313,0.6275430737132872,-0.5115045932119484,-0.09827589747014187,-0.15288643307694605,-0.0836170922975328,-0.3019479695729781,-1.4980919893190783,0.5428345625689969
1730,57.693333333333335,tracked,1,1,0.2707642298731663,0.6027415311400632,-0.5112256152891573,-0.0974177643182747,-0.15077484710927475,-0.08505691623139577,-0.2992014011029607,-1.500399954160222,0.5418255300863679
1731,57.726666666666674,tracked,1,1,0.2689080049805429,0.6257645599533336,-0.5102388148420232,-0.09753996939459042,-0.1493507653187393,-0.08721060515882069,-0.30276909498395993,-1.5006085424670923,0.5405213639646292
1732,57.760000000000005,tracked,1,1,0.29119169941237855,0.6229770835512989,-0.5115714560058156,-0.0970545513299843,-0.14972055784200256,-0.08845580880277948,-0.298844223451851,-1.502446935836812,0.5417944130150246
1733,57.79333333333334,tracked,1,1,0.24752306268774768,0.6160403732084612,-0.5100225598433399,-0.09874155049871475,-0.1504585777550464,-0.0853401313805485,-0.3042017586863776,-1.498005371919095,0.5408425731801397
1734,57.82666666666667,tracked,1,1,0.22547087886932396,0.6202987814171538,-0.5087188227563605,-0.09928763650473527,-0.14815248423750338,-0.08838663812630039,-0.30752768688369375,-1.4936625561287296,0.539075165422279
1735,57.86000000000001,tracked,1,1,0.2333422399489295,0.6141411929213278,-0.510595374757099,-0.0968353395171388,-0.1468290660591366,-0.0900089320539864,-0.2973747964030926,-1.4999892112542792,0.5400402710377628
1736,57.89333333333334,tracked,1,1,0.21921747175812517,0.6193005413941994,-0.5090403843271258,-0.09679807042722299,-0.14992151629165346,-0.08326983064892432,-0.30156327187819554,-1.4973866419859052,0.5394149055796754
1737,57.92666666666667,tracked,1,1,0.18803657978107688,0.6139031602822143,-0.5088241146681367,-0.0963221610067807,-0.14832177892680726,-0.0846936235359464,-0.29970396919305375,-1.4975039415314555,0.5386829201606841
1738,57.96,tracked,0,1,0.19833473263604823,0.6348352149361027,-0.5156768891932332,-0.09149428497780115,-0.17865052260060954,-0.015070978049769796,-0.2626821596163653,-1.5031950587332028,0.5533623292717711
1739,57.99333333333335,tracked,0,1,0.1510662553449443,0.6409826184634655,-0.515776945741484,-0.09116190922720863,-0.17848205747410528,-0.014153815070377234,-0.2605675834709651,-1.503236810809843,0.553346361958361
1740,58.02666666666667,tracked,0,1,0.15389453367495695,0.6559536954143034,-0.515557979515225,-0.08988200199253177,-0.177709624206908,-0.011629510954032798,-0.2562842206389916,-1.5047835489365717,0.5526839196681654
1741,58.06,tracked,1,1,0.15670690616458766,0.6594935789507281,-0.5089165671123435,-0.09571233754456723,-0.14689199135208147,-0.08717844313990122,-0.29954710299087,-1.4989677049221888,0.5382696173508565
1742,58.093333333333334,tracked,1,1,0.14444989809323322,0.6575011560541171,-0.5101564655686757,-0.09790270013034486,-0.1486025442280729,-0.08981000253569135,-0.30499872980504567,-1.4937078562306503,0.5403029466932343
1743,58.12666666666667,tracked,1,1,0.1619833351159015,0.6436365168504818,-0.5116463815024642,-0.0965787878077885,-0.1489826854477037,-0.08833200312396684,-0.2984710970160079,-1.498961554461336,0.5415767004979041
1744,58.16000000000001,tracked,1,1,0.25152156677266396,0.6421910386104352,-0.5097312388055998,-0.09690197560128155,-0.14589961284851588,-0.09410266281218672,-0.30509800331554626,-1.496293113939041,0.538982954942983
1745,58.193333333333335,tracked,0,1,0.2961023495476549,0.6179976294715611,-0.5166094930781306,-0.0909415354801539,-0.17773419164834336,-0.015318589143838648,-0.25988763084987104,-1.503499967671831,0.5538458035363465
1746,58.226666666666674,tracked,0,1,0.22649904680166769,0.626738135770776,-0.516167836986366,-0.09124314580192558,-0.17605960577461904,-0.01890287913732194,-0.25855160201854377,-1.5011620245305755,0.5529480376857571
1747,58.260000000000005,tracked,1,1,0.17758797143333913,0.6438542613667905,-0.508394213712461,-0.09859803260172784,-0.14685992279372168,-0.09042614406467722,-0.30599651322322263,-1.495476009270231,0.5382881064004857
1748,58.29333333333334,tracked,1,1,0.21266370807057317,0.6436784290306514,-0.5123910091078827,-0.09757288198874786,-0.14792572089880385,-0.09428583169327868,-0.30274577512213524,-1.4985949652566097,0.5421688228011781
1749,58.32666666666667,tracked,1,1,0.21019591792377176,0.6301314074751722,-0.5105867815390832,-0.0980711665848274,-0.1463874868576569,-0.09369208875920934,-0.3041911772578554,-1.495356473019583,0.5401352714887717
1750,58.36000000000001,tracked,1,1,0.2298338697376977,0.6249905155591532,-0.5102216785306872,-0.09721871729977868,-0.1492194904068136,-0.08688991324626533,-0.3021453701801597,-1.496351586432765,0.5404110440704885
1751,58.39333333333334,tracked,1,1,0.20084164450883318,0.6109196396132603,-0.5114033362869692,-0.09654030116022708,-0.14924619434679726,-0.08639735161716106,-0.29908086515793103,-1.5018905085006193,0.5414128079760879
1752,58.42666666666667,tracked,0,1,0.14314723379871291,0.6562218146354701,-0.516264528535275,-0.09008600820729476,-0.1782939549357695,-0.01483919302362195,-0.2591032372699044,-1.5031795437229083,0.5535641667097978
1753,58.46,tracked,1,1,0.18653684652062982,0.6570819912764072,-0.5091808977646877,-0.09669452734445239,-0.14748601365254094,-0.09034948693385265,-0.30340875044300564,-1.4960936566858771,0.5388572561355539
1754,58.49333333333335,tracked,1,1,0.1920054831047657,0.6565039746664938,-0.5103988111555188,-0.09571449973026613,-0.1490441151518367,-0.0881788474577565,-0.2940964672289576,-1.4991606310692238,0.5402613813229444
1755,58.52666666666667,tracked,1,1,0.2063495084380726,0.6491235632388899,-0.5092843724249154,-0.09735299511369522,-0.14805377248950502,-0.09022450921405017,-0.3023183065508358,-1.4966394135212517,0.5392291694652852
1756,58.56,tracked,1,1,0.2216943256930456,0.6384606529048217,-0.5085856972763291,-0.0974880788516918,-0.1439336698941298,-0.0944082454977226,-0.30218058947382004,-1.4926609970276004,0.537475802545041
1757,58.593333333333334,tracked,1,1,0.18413065477086316,0.6381939153897658,-0.5101727073552209,-0.09867720436432087,-0.14636728996875564,-0.09467489170319912,-0.30384453867846506,-1.4963648165905576,0.5398488358458428
1758,58.62666666666667,tracked,1,1,0.21224497405473194,0.6486878264375633,-0.5088900312649265,-0.09633762737510684,-0.14747630263288936,-0.08732407324740243,-0.2986429461535981,-1.4964868261306663,0.5385157956897368
1759,58.66000000000001,tracked,1,1,0.26222052476167185,0.6391279151834921,-0.5116952168393191,-0.09844360269003222,-0.14857589832709378,-0.08901563199630468,-0.2950412583260581,-1.4978215012902665,0.5418467822277194
1760,58.693333333333335,tracked,1,1,0.24608427614284653,0.6266072987805187,-0.5084862853297811,-0.09716171963868458,-0.14685641251788073,-0.08975517306445924,-0.3004460002320595,-1.4952638343195885,0.5381129138287316
1761,58.726666666666674,tracked,1,1,0.16476542023867094,0.6286684595106906,-0.5127902966920102,-0.09954046195911137,-0.14877958755716758,-0.09548318471784956,-0.29623137770044883,-1.4960772413602361,0.5431367761643415
1762,58.760000000000005,tracked,1,1,0.15937527632469783,0.6305860820977535,-0.508196705940426,-0.09940439017910119,-0.15033256909971265,-0.08631021693932366,-0.3049644263671815,-1.4958415928856432,0.5392077577777407
1763,58.79333333333334,tracked,1,1,0.2117440546766009,0.6231413702505129,-0.5108578092879933,-0.09954320544627537,-0.15131642758657304,-0.08826926069765982,-0.3021539899603969,-1.4977750192236459,0.5420158782901195
1764,58.82666666666667,tracked,0,1,0.18937433836737858,0.6226197911263315,-0.5162908001861811,-0.09012832503386475,-0.17970866182940093,-0.011522603996894162,-0.25979937759933475,-1.5027541672247091,0.5540528029590782
1765,58.86000000000001,tracked,1,1,0.1726991436586423,0.6043810379499084,-0.510870807126285,-0.0977910480205123,-0.14930582574520568,-0.08880394453635816,-0.30244914589630356,-1.4975543659359714,0.5411509033978136
1766,58.89333333333334,tracked,1,1,0.08778686401143528,0.6500602285485724,-0.5108781610298445,-0.09701178833752422,-0.14966587794728253,-0.08521854910611698,-0.29742017506489116,-1.4988084255133896,0.5411170460403287
1767,58.92666666666667,tracked,0,1,0.22099886861143878,0.6044678979660132,-0.5135214183987129,-0.08972171170658802,-0.1764995146444599,-0.006580395577501996,-0.2540375343778012,-1.5051898409632714,0.5503692500272122
1768,58.96,tracked,1,1,0.17633207138109366,0.6139571329944379,-0.5091106750265693,-0.09836472565714122,-0.14522561192469902,-0.09417602295222767,-0.3018191882407773,-1.4949552612070092,0.538479133336211
1769,58.99333333333335,tracked,1,1,0.21794354724247547,0.6059858524473094,-0.5092323886118176,-0.09774179314258474,-0.1456646427143145,-0.08955705733669982,-0.29848181117126993,-1.4990628182304686,0.5385993611907779
1770,59.02666666666667,tracked,1,1,0.24578913646977069,0.6096340763399837,-0.5092640607173424,-0.09841642162730369,-0.14573482776674734,-0.09350792876091957,-0.3025514143714445,-1.4960813977686183,0.5387711161601406
1771,59.06,tracked,0,1,0.26432477690746536,0.6136786460251068,-0.5145851982985583,-0.08997414523754058,-0.17567435431269218,-0.010820678265186567,-0.2525415377964553,-1.5081629675135069,0.5511395031045896
1772,59.093333333333334,tracked,1,1,0.18036181370582846,0.6136623863722578,-0.5096066632497025,-0.0985693725804212,-0.1470156207945582,-0.09082297956821452,-0.3026739370599497,-1.4946372112743378,0.5394705415469901
1773,59.12666666666667,tracked,1,1,0.19416062588480415,0.6163535015184172,-0.5095090580704611,-0.09912294138402311,-0.14534869859584332,-0.09264427911472578,-0.3019029608043844,-1.4949213873684628,0.5390279046097467
1774,59.16000000000001,tracked,1,1,0.16698047401265206,0.627031188597743,-0.5089713494319292,-0.09814767446277434,-0.14687257713818036,-0.08943959824364377,-0.3014553858553952,-1.4938562176884036,0.5387544472765126
1775,59.193333333333335,tracked,1,1,0.20904422071320158,0.6253353901989985,-0.509719611443497,-0.09851835568645101,-0.14888636995941634,-0.08916975652390406,-0.30476268222095226,-1.4937086120178131,0.5400806419942894
1776,59.226666666666674,tracked,1,1,0.16020807633007786,0.6271261845849364,-0.5088596439224511,-0.09880139563984036,-0.14889409135556125,-0.08867552995658559,-0.307974299771033,-1.4943392226135979,0.5393230047326576
1777,59.260000000000005,tracked,1,1,0.15478172549224717,0.6324491859452257,-0.5098836051423159,-0.10002917534965655,-0.14774744312708654,-0.09371556765552819,-0.3100046533606953,-1.4938058608899885,0.5402003643692302
1778,59.29333333333334,tracked,1,1,0.19998749974554758,0.6142264891329683,-0.5107563274741129,-0.10011640881868333,-0.14637211329912675,-0.0968087385412897,-0.3071551176774877,-1.4938066725510375,0.5406663637782966
1779,59.32666666666667,tracked,1,1,0.2213709628064188,0.6234186423809531,-0.5099969357731786,-0.09765818440609364,-0.1478503894380187,-0.08768007156994088,-0.3000056320262267,-1.4956775014465966,0.539901595789918
1780,59.36000000000001,tracked,1,1,0.23156974026612398,0.6139060130886149,-0.5084241717050949,-0.0991704929361738,-0.14811173077589068,-0.08758232069642945,-0.30797591700631977,-1.4941603993049115,0.5387643360845681
1781,59.39333333333334,tracked,1,1,0.22053413855535656,0.6107082919085565,-0.5088358572613709,-0.09826836459145971,-0.14865817792042596,-0.08645179718835296,-0.3033874991045469,-1.494345866195891,0.5391380667111305
1782,59.42666666666667,tracked,0,1,0.21372808671992466,0.589964606765591,-0.5134106140384708,-0.08952896794729726,-0.17687139136144175,-0.006317276309906273,-0.25436917713400703,-1.5038946254438013,0.5503538714238322
1783,59.46,tracked,1,1,0.15805180050088172,0.6178699797103518,-0.50959871179901,-0.09969464547646739,-0.15040755382797905,-0.08890496711855006,-0.31149838581027256,-1.4936079456988511,0.5406036456151636
1784,59.49333333333335,tracked,0,1,0.14742809231280257,0.6104962605171678,-0.5159970247768846,-0.09200713415752446,-0.17846150070877143,-0.014903211570193697,-0.2580680090303032,-1.4997477866449096,0.5536847022897637
1785,59.52666666666667,tracked,1,1,0.2639820774376236,0.6197366317844418,-0.5100709013715918,-0.09721494375064027,-0.14796750519321883,-0.0858507471036236,-0.2964386266585677,-1.5029022415617865,0.5399235615414218
1786,59.56,tracked,1,1,0.264537525698154,0.6016482194310204,-0.506510295197332,-0.09752623321594461,-0.14952555704693837,-0.07657454599757471,-0.3005926356996581,-1.5001214721073537,0.5370492877905867
1787,59.593333333333334,tracked,0,1,0.2511518712937473,0.6023382772161301,-0.5141817365095331,-0.09102173801112726,-0.17788431376576352,-0.008062727823262958,-0.25512187649961504,-1.5063531483467703,0.5516435842411673
1788,59.62666666666667,tracked,1,1,0.15060475572097595,0.6257338959193197,-0.5097343486929129,-0.09796511322556445,-0.14936796421811943,-0.08065916466351741,-0.297108718560625,-1.5020334084381006,0.5401268910000234
1789,59.66000000000001,tracked,1,1,0.2352248349624933,0.6295039982860964,-0.5117265470726127,-0.10132563364903568,-0.14858767932732386,-0.09604951468167716,-0.30782173112710526,-1.49337670506467,0.542410583839509
1790,59.695,tracked,1,1,0.21307743626112746,0.6224389403811139,-0.5105706297311777,-0.09732967557425934,-0.15284770405015097,-0.07786052337337004,-0.2982822421553439,-1.5012807312434622,0.5417728807580576
1791,59.72833333333334,tracked,1,1,0.24225120194309055,0.6406768984810961,-0.5091911113178162,-0.09967643845969498,-0.14819256758948712,-0.08610496399658603,-0.30340662968328735,-1.4949517380680502,0.5396035742263452
1792,59.76166666666667,tracked,0,1,0.2759266277542162,0.6369497896421819,-0.51325470210614,-0.09001640819873155,-0.17669467668494881,-0.0057820895340301845,-0.2554992302477984,-1.5058015107793488,0.550231180275947
1793,59.795,tracked,0,1,0.21715507541547727,0.638607092137689,-0.5153312931125639,-0.0908935688457248,-0.1777062656713999,-0.009986161065470237,-0.25625070734391425,-1.5035324876965075,0.5526368603137632
1794,59.82833333333334,tracked,1,1,0.208588578611622,0.6564928791509508,-0.5097151133377177,-0.09888126989414597,-0.14693432563866465,-0.08834838954795282,-0.30132482360360646,-1.4952570136217578,0.5396079116837063
1795,59.86166666666667,tracked,1,1,0.19949223255724588,0.6508197061019939,-0.5118770049903816,-0.09839328248181489,-0.14768678799774076,-0.08757803440997432,-0.29874032874169626,-1.5003876404200411,0.5417662721363882
1796,59.895,tracked,0,1,0.23746170525869617,0.6469061641501951,-0.5133344518246123,-0.09162994166486801,-0.17779486785247395,-0.005656520289532768,-0.25882097121047987,-1.503459600827814,0.5509258758438027
1797,59.928333333333335,tracked,1,1,0.22441359431078003,0.6308611046202586,-0.5098323438330159,-0.09934206466913503,-0.1489824562225187,-0.0845910594331273,-0.3033536061287501,-1.4970789619306755,0.5403643556833554
1798,59.96166666666667,tracked,1,1,0.2349345556747879,0.620448870392491,-0.5106690124724542,-0.09769808903348198,-0.1506495914906983,-0.08024513995236672,-0.29456086529119296,-1.499486199573919,0.5413160410672309
1799,59.995000000000005,tracked,1,1,0.1564942410214445,0.5937236185208666,-0.5137486036971026,-0.09947205714315235,-0.15114961231242147,-0.09020651075386685,-0.29784448982223566,-1.4959607529753651,0.5446820386750498
1800,60.028333333333336,tracked,1,1,0.2363988799165138,0.6137567619915523,-0.5084572502179214,-0.099129740708025,-0.15031202801565963,-0.08257662988910207,-0.3031112922541015,-1.4952693274471638,0.5393970583514436
1801,60.06166666666667,tracked,0,1,0.2439764507143919,0.6174605695604245,-0.5148793520868309,-0.09007371044247722,-0.17770980296382893,-0.011801513677919468,-0.25618813205498897,-1.5039910950327446,0.5520822353487502
1802,60.095000000000006,tracked,0,1,0.2753037082195863,0.6128266121053971,-0.5122132975479243,-0.08947148740464583,-0.1764732516988035,-0.00649770914676308,-0.25745872088132876,-1.5029219675104522,0.5490996428777454
1803,60.12833333333334,tracked,0,1,0.2697988223003894,0.6299956613403479,-0.5121495543442982,-0.09132670120921824,-0.17909730576991933,-0.005134589572029464,-0.26081201228657575,-1.4980794822280856,0.5501941269250927
1804,60.16166666666667,tracked,1,1,0.2503026634823645,0.6145784558185144,-0.5117856177382641,-0.09919742222553068,-0.1473330711143399,-0.09083408818937404,-0.29589649976159815,-1.4958763004656206,0.5417302658555362
1805,60.19500000000001,tracked,0,1,0.17269076175633094,0.5616559207127536,-0.5148736022295537,-0.09181590885958127,-0.17975000772230132,-0.006585320814618383,-0.25800607613575843,-1.5000643539309817,0.553023555256659
1806,60.22833333333334,tracked,0,1,0.2688703311165645,0.5894203080174472,-0.515898547920403,-0.09192864734290215,-0.17660681386257232,-0.012632566041082621,-0.255746823498635,-1.5018849628128659,0.5529847689144478
1807,60.26166666666667,tracked,1,1,0.21134921045212132,0.6061290643518978,-0.5118333684812499,-0.09769587312642933,-0.1473241726343466,-0.08998355498163682,-0.2942242076816431,-1.4946556561809046,0.5415000392974991
1808,60.295,tracked,1,1,0.19441398944604063,0.6044304638424257,-0.5123169472932538,-0.09982133688917799,-0.14518089653145339,-0.09658639398297085,-0.29173195380090516,-1.4930864884102883,0.541766044063208
1809,60.32833333333334,tracked,0,1,0.24042692743056462,0.6067112760809612,-0.5149914728683261,-0.09145392614205447,-0.1750826714635058,-0.011465960070420556,-0.2537585745601505,-1.5050741075819967,0.5515740925575476
1810,60.36166666666667,tracked,0,1,0.30374161735092337,0.6141716834556481,-0.5144169703743285,-0.09199001142983212,-0.175083760919436,-0.011901133101085525,-0.2556135474570756,-1.4994310380856217,0.5511273037599006
1811,60.395,tracked,0,1,0.2489438479917497,0.616381603228067,-0.5110856735548261,-0.08975041972698186,-0.17543667875713392,-0.0026587677754445283,-0.25534158036365856,-1.4997277077308893,0.5477606519343038
1812,60.428333333333335,tracked,0,1,0.3080121306926325,0.6175402189232189,-0.5126160517338849,-0.09221081043940821,-0.1769200319155934,-0.00675192195006571,-0.26216666732747135,-1.496917320654862,0.5500715842053142
1813,60.46166666666667,tracked,1,1,0.34375235192108516,0.6300674728302276,-0.5129916499358025,-0.0992114588914827,-0.14561884128903796,-0.09228611796157643,-0.29373829607566665,-1.4927833024186477,0.5424096177406843
1814,60.495000000000005,tracked,0,1,0.19378566818065618,0.592890231090536,-0.5164064241953612,-0.09169371403046636,-0.17830077282277124,-0.011460019754574108,-0.2584676303452061,-1.4983392860012963,0.5539625418131967
1815,60.528333333333336,tracked,0,1,0.24034372850870747,0.5826768373412479,-0.5138772534833829,-0.09200118001905433,-0.17769912683122935,-0.006754238638989688,-0.25622663030698406,-1.4969468161675474,0.5514626265206961
1816,60.56166666666667,tracked,0,1,0.24310354915993476,0.5544819727370698,-0.5168323015861792,-0.09010766844262036,-0.17848868915723354,-0.010163290087729432,-0.2541747042348662,-1.501031834224059,0.5541599336221449
1817,60.595000000000006,tracked,0,1,0.2024718431619543,0.6110151097501304,-0.5147193330635063,-0.09002675657309658,-0.17839410882970602,-0.006322847649550886,-0.25725101369416326,-1.5039855631457661,0.5521460556714657
1818,60.62833333333334,tracked,1,1,0.2461375770807782,0.605032949306814,-0.5118403124769249,-0.09916939581275158,-0.14581541653248248,-0.09143270813359435,-0.29451371858568287,-1.4962017022754157,0.5413660593728458
1819,60.66166666666667,tracked,1,1,0.19762336987292106,0.6000251459969085,-0.5131542059417357,-0.09960115444410694,-0.1468881527884342,-0.09252416775769626,-0.2957223079153886,-1.4950237476254156,0.5429767568431364
1820,60.69500000000001,tracked,0,1,0.21702456521619007,0.6103674558863785,-0.5131496742680894,-0.09003981978257997,-0.17732393298985077,-0.00230377786742588,-0.2542552569790735,-1.5039642872829173,0.5503394721069123
1821,60.72833333333334,tracked,0,1,0.21811066732864218,0.5910323447532871,-0.5123225675388132,-0.0885835811322023,-0.17728787810532048,0.0009187267456449998,-0.2523635077934114,-1.5069193733717674,0.5493199939733254
1822,60.76166666666667,tracked,0,1,0.2217339740778081,0.5947627911228481,-0.5133217586331662,-0.08780814521508101,-0.17570942210362916,-0.0019677713596893,-0.24820346902510057,-1.508382760733824,0.5496210506051881
1823,60.795,tracked,1,1,0.1582833760602119,0.6063652475830658,-0.5139925315628187,-0.09734328800169784,-0.1425668864764239,-0.09590351977940662,-0.2855481526150266,-1.5002400277662986,0.5422078525260567
1824,60.82833333333334,tracked,1,1,0.11946037094914175,0.5882589536715065,-0.5123869564640413,-0.09763307705510749,-0.1417211800804246,-0.09312139192521336,-0.2836383161156843,-1.4968966238555874,0.5405159607015505
1825,60.86166666666667,tracked,1,1,0.15674730421846414,0.6243110010134478,-0.5124768769535228,-0.09882040401784448,-0.14225126082619194,-0.0970612336578148,-0.28824070780330235,-1.4941234158353836,0.5409560452281936
1826,60.895,tracked,0,1,0.24390414140986524,0.6161611157490654,-0.5142443211283927,-0.08948726454435227,-0.1778234076839918,-0.0051685709932535375,-0.25433189430815517,-1.4997799174504214,0.551431189405151
1827,60.928333333333335,tracked,1,1,0.23018164689332907,0.6303862868824287,-0.515157587800829,-0.09785008251013147,-0.1452488609109388,-0.09503735601559894,-0.284494534374687,-1.4935132813539116,0.5441132331711237
1828,60.96166666666667,tracked,0,1,0.2540009653959077,0.6307900292712854,-0.5132556654312563,-0.08733428329686785,-0.17691470533526527,-0.0008064971325963754,-0.25055406920300216,-1.5008755275673746,0.5498704102787519
1829,60.995000000000005,tracked,1,1,0.2024746977295654,0.6381263042174987,-0.5137172059758848,-0.09891770453003873,-0.143795068370054,-0.09772721029027451,-0.2921323131998238,-1.4924734754821727,0.542556081592226
1830,61.028333333333336,tracked,1,1,0.16763177265908144,0.6403952298588308,-0.512210169240051,-0.0985308286038466,-0.14273336229338884,-0.09813025414784607,-0.29373093297512254,-1.4938102243717133,0.5407775830874076
1831,61.06166666666667,tracked,1,1,0.13997078867056398,0.6184707790632905,-0.5147278021239639,-0.09771917930325874,-0.14632911450937675,-0.09475255151620783,-0.28934691731259155,-1.4981823416056632,0.5439723872000924
1832,61.095000000000006,tracked,1,1,0.13972787411663748,0.6542740670325357,-0.512730048239881,-0.09614842419024569,-0.14293986858812624,-0.09351309280737781,-0.28681830469034036,-1.4985293393434675,0.5408959492123498
1833,61.12833333333334,tracked,1,1,0.1483874875593358,0.6359460516215605,-0.5145434099154504,-0.09847900301285772,-0.1447054085550013,-0.09756209106069086,-0.28764601627423647,-1.4960399510126432,0.5435004047716023
1834,61.16166666666667,tracked,1,1,0.16908435391267487,0.6115009440620819,-0.5133315916514578,-0.09923968963339783,-0.1446716007184169,-0.09637522628587594,-0.2901435944041453,-1.4936329640651456,0.5424829131321844
1835,61.19500000000001,tracked,1,1,0.24838664224221976,0.6352892092453327,-0.5119832814877164,-0.09756066062447019,-0.14304088245405028,-0.09476898943505348,-0.29044991237455076,-1.4989202016941345,0.5404679981993816
1836,61.22833333333334,tracked,0,1,0.24111354599287432,0.6344436678360235,-0.5118929056434747,-0.08732593707747335,-0.17430695545584524,-0.004356581029737676,-0.2513052179092186,-1.507407985464056,0.5477618833534004
1837,61.26166666666667,tracked,1,1,0.1856947556498077,0.6328038462942753,-0.5127511196435046,-0.09886950923981788,-0.14521078959675948,-0.09376231496169289,-0.2919827586326075,-1.4952117773778688,0.5420102065167265
1838,61.295,tracked,1,1,0.1895133164682469,0.6468505296586542,-0.5121609430576003,-0.09700284468780285,-0.14422172473295153,-0.09127054961644619,-0.28808659957930555,-1.4965557934623441,0.5408495995710118
1839,61.32833333333334,tracked,1,1,0.13511089308753244,0.6306413548703352,-0.5149223855801428,-0.09822095011916185,-0.14483189804808988,-0.09861053915075324,-0.289546745817642,-1.4955741083613077,0.5438462070347355
1840,61.36166666666667,tracked,0,1,0.15954774377630698,0.6276363413812402,-0.5128118329892937,-0.08820209554568104,-0.17884418219999054,-0.0005147896256266212,-0.2540685672464026,-1.5009774887969909,0.5502188902784709
1841,61.395,tracked,0,1,0.1364293843849292,0.6270724130589815,-0.5123514881641964,-0.08705989429109573,-0.1781965303502171,-0.0010805297530978495,-0.25479772375991677,-1.5027941209416638,0.5493973753549422
1842,61.428333333333335,tracked,0,1,0.1906013567410785,0.6154907522522397,-0.5122883071281523,-0.0883944850358876,-0.17879150448620745,3.342661368201256e-05,-0.2552554421197926,-1.5033771562111604,0.5497447559380894
1843,61.46166666666667,tracked,1,1,0.20691690141016428,0.616924572170108,-0.5148521767130771,-0.09755101677815292,-0.145334690697407,-0.09292337043795962,-0.2849459693747584,-1.4999342050298494,0.5437932852295586
1844,61.495000000000005,tracked,1,1,0.17828424291363806,0.6368526863323086,-0.5133843197085414,-0.09728725729574633,-0.14536219928200234,-0.09065173308596756,-0.28543052945942704,-1.4994320965320231,0.5423637516785493
1845,61.528333333333336,tracked,1,1,0.27550104038951906,0.6101855462244067,-0.5142094836278139,-0.09830887806134289,-0.14376006723907886,-0.0944096815570363,-0.2860051853859315,-1.501916869095947,0.5429023719703641
1846,61.56166666666667,tracked,0,1,0.2112358206641503,0.6199274288976309,-0.5122598254474998,-0.08771154363367373,-0.17601709021011885,-9.103359250504506e-05,-0.25011704409579577,-1.5113136930835682,0.5487125474236414
1847,61.595000000000006,tracked,1,1,0.2362074581842248,0.6044092122190927,-0.5158723647656531,-0.09805886600860172,-0.14562783372420368,-0.0944039696576465,-0.2837762615030114,-1.5016236316794305,0.5449287145003504
1848,61.62833333333334,tracked,1,1,0.2531374253953815,0.5866443281303144,-0.5145216305102325,-0.09609836318989912,-0.14562296766669414,-0.0909162282693178,-0.2807078734212438,-1.507738219908138,0.5432986769565531
1849,61.66166666666667,tracked,1,1,0.1726811000518265,0.5852866904787699,-0.5155988383867046,-0.09792804176157247,-0.14441065485887417,-0.092354709389738,-0.28609440538062975,-1.5050129221546313,0.5443220560897237
1850,61.69500000000001,tracked,0,1,0.16055305996601327,0.6207052446896302,-0.5123378364343834,-0.08839972368657309,-0.17826817316084442,-9.166493836613029e-05,-0.25402373454533206,-1.5136670138214923,0.5496217893717754
1851,61.72833333333334,tracked,0,1,0.22186678326272502,0.6149138026948835,-0.5145517487907374,-0.08763823275005692,-0.17943666073350334,-0.003485386959525491,-0.25364437488651864,-1.5097554532229878,0.5519433641582708
1852,61.76166666666667,tracked,0,1,0.18850169095865899,0.6227409702519394,-0.5119649986359562,-0.08712920109803593,-0.17850565822058534,0.0010206945593761192,-0.254942780439753,-1.5125948515677063,0.5491483656800419
1853,61.795,tracked,0,1,0.2072834994828058,0.6108586373315321,-0.5117240066364739,-0.08652660184199334,-0.17810844195676218,0.0022354724692657847,-0.2518797781982807,-1.514756449153712,0.5486993064426765
1854,61.82833333333334,tracked,0,1,0.2276521252800149,0.5750662939093267,-0.5110516351182082,-0.08717033006001945,-0.17727794715182288,0.0016178569526402935,-0.2517626175716953,-1.5123311605091674,0.5479050198219865
1855,61.86166666666667,tracked,1,1,0.31338659765069826,0.6095357959642766,-0.5172039007531117,-0.09704787626082537,-0.14693776675871573,-0.09507755974296556,-0.28011024568344867,-1.5078247912795997,0.5463596549352907
1856,61.895,tracked,1,1,0.23524799351029602,0.5951074690735212,-0.5148774379592287,-0.0966713958372539,-0.1443717286102117,-0.09158824445544761,-0.27844266279211655,-1.5100596111934617,0.5434034697298895
1857,61.928333333333335,tracked,1,1,0.22834984870164757,0.5892422755280878,-0.5163321728559802,-0.09634216733036685,-0.1448157421982395,-0.09467659753466191,-0.28057779787179604,-1.5081343631495543,0.5448415596487819
1858,61.96166666666667,tracked,1,1,0.23867065038645274,0.6205967411625457,-0.5162035857445347,-0.09591465265163276,-0.14565337813720836,-0.0923811220590723,-0.2822053949276129,-1.5067841479723822,0.5448675702329688
1859,61.995000000000005,tracked,1,1,0.16255093235238754,0.619146951697515,-0.5180000187182445,-0.09526382633846928,-0.1457394090034615,-0.0927615761484479,-0.27759184855764696,-1.5087272309370223,0.5464789029207129
1860,62.028333333333336,tracked,0,1,0.14376218370222232,0.6253726180192776,-0.511952873370886,-0.08714847966868922,-0.17943719020702792,0.0037296508375519242,-0.2535311561795542,-1.5129032186948226,0.5494436343162632
1861,62.06166666666667,tracked,0,1,0.2022571954023838,0.6008907959256644,-0.5118272172490562,-0.08832097118756341,-0.1781475224048834,-0.0010984337015066024,-0.2559066835541416,-1.5113369212977972,0.54909401199378
1862,62.095000000000006,tracked,1,1,0.1848998211887222,0.5948325963290386,-0.5172883062505369,-0.09536586622848975,-0.146924336746923,-0.09102142970379715,-0.2770450039533845,-1.5102953292287298,0.546139726584308
1863,62.12833333333334,tracked,1,1,0.23715987468812263,0.5766004376019211,-0.5183006444729854,-0.0968239533359099,-0.14556545929725545,-0.0986421236342963,-0.2806398866132002,-1.5049593397296464,0.5469915346155985
1864,62.16166666666667,tracked,1,1,0.2710763683312209,0.5825458656969833,-0.5162651320195979,-0.09588911652378321,-0.14591656872491787,-0.09156552439886538,-0.27861275412000547,-1.5093165933034236,0.5449917928146975
1865,62.19500000000001,tracked,1,1,0.25176206707379195,0.6095777298920393,-0.5168241410718486,-0.09510442675612743,-0.1472319711271604,-0.091490380063619,-0.2795852381489295,-1.5068559996666648,0.5457373893231566
1866,62.22833333333334,tracked,1,1,0.24489668086192454,0.6074257899147415,-0.5172841764949049,-0.09631755345389131,-0.14686478322738544,-0.09163889524255005,-0.27905564808234756,-1.510059488754261,0.5462867881504934
1867,62.26166666666667,tracked,1,1,0.2764763382087405,0.6160105781685088,-0.5178828974437928,-0.09481354973849163,-0.14653017528400236,-0.09182240986868564,-0.27474865361435846,-1.5112372926309658,0.5465010493563135
1868,62.295,tracked,1,1,0.2375346996129199,0.6252407977961953,-0.5173000222108621,-0.09655129040139415,-0.14761925884761684,-0.09443319519437117,-0.28324020955569496,-1.5035542874282155,0.5465463477512703
1869,62.32833333333334,tracked,0,1,0.21053446242431192,0.6014878392944455,-0.5110887938901076,-0.08793489503822066,-0.18041027804885673,0.004046110653826266,-0.2586905540962484,-1.5099647182189,0.5490830259906908
1870,62.36166666666667,tracked,1,1,0.23883857252620072,0.6049425741850982,-0.5166115757038245,-0.0954493049183951,-0.1470968736342962,-0.08930415201228525,-0.2765989839745211,-1.5092015922119677,0.5455598777344035
1871,62.395,tracked,1,1,0.16350635307577957,0.6213595530128015,-0.5176250035372219,-0.09377974434471734,-0.1466009592981094,-0.08981576337112553,-0.2734318083278955,-1.512885853688764,0.5460971763371382
1872,62.428333333333335,tracked,1,1,0.200708104390512,0.5797276011060579,-0.5154695772860385,-0.09461962608260294,-0.14511296753773079,-0.08944365852649173,-0.2757481046899653,-1.5131350226790383,0.5438010041320862
1873,62.46166666666667,tracked,1,1,0.11931447063372405,0.6139640984881358,-0.5177302315952902,-0.09476875000394891,-0.14860627504612872,-0.08770215716333346,-0.27582551157086993,-1.5136616692614517,0.5469090725779829
1874,62.495000000000005,tracked,1,1,0.21844327742081093,0.5972931025375383,-0.5180990014364801,-0.09447035911786311,-0.14881501503994438,-0.08820208109713389,-0.27390401165321804,-1.5143489940404413,0.5472633120744298
1875,62.528333333333336,tracked,1,1,0.2682930102796661,0.6134801085332705,-0.5169476324474949,-0.09506275240361703,-0.14831337763222796,-0.08686882041258823,-0.27714829619917236,-1.5114119880386006,0.546139761940386
1876,62.56166666666667,tracked,1,1,0.29982760898047234,0.6196314455368297,-0.5167515744672853,-0.09437769682252911,-0.14850453445988848,-0.0864154792047636,-0.27784574981358734,-1.511116319472037,0.545887292512925
1877,62.595000000000006,tracked,1,1,0.2240578689283962,0.6158502318685775,-0.5165669611492524,-0.09373892954093971,-0.14666805266775007,-0.0904945386666366,-0.27792245113581504,-1.5115874469605834,0.5451054301103635
1878,62.62833333333334,tracked,1,1,0.20129667395883707,0.6128695743461827,-0.5159053375575688,-0.09373975591150258,-0.14691297280912957,-0.08617881920752171,-0.2765587556028948,-1.5144170531428,0.5445446544943336
1879,62.66166666666667,tracked,1,1,0.21908432973184164,0.6294765393460321,-0.515271111478151,-0.09243929764041689,-0.14756613339779784,-0.08171784981081232,-0.2764594549882475,-1.5129984621520114,0.5438980656319338
1880,62.69500000000001,tracked,1,1,0.2653769623459063,0.6170432528070882,-0.5171666388848517,-0.09350306973661482,-0.1476483234548629,-0.08894759728834882,-0.2757716670230725,-1.5124450575863584,0.5458975946500009
1881,62.72833333333334,tracked,1,1,0.22704124050584956,0.6086789050022514,-0.5175732266111499,-0.0941930175181222,-0.14884263163473055,-0.08833737799872604,-0.27816841940729103,-1.510600152565487,0.5467252495045368
1882,62.76166666666667,tracked,1,1,0.248113572789385,0.610627886754074,-0.5190373126607801,-0.09448947231254018,-0.14932879349206224,-0.0882507789937464,-0.27656200049638546,-1.5127026825479781,0.5482947025804843
1883,62.795,tracked,1,1,0.25394637981750956,0.6139627096046696,-0.5197269261321295,-0.09448556747589576,-0.14780357847916314,-0.09368617427886901,-0.2753716550390793,-1.513595177602326,0.5485339533877918
1884,62.82833333333334,tracked,1,1,0.2295500163221328,0.6132766798873897,-0.5201997793964452,-0.09453393869215215,-0.14919888192253222,-0.09128177619992858,-0.2736470219966347,-1.5123552976182004,0.5493676204652906
1885,62.86166666666667,tracked,0,1,0.20192247156991833,0.6203978569122586,-0.5114363285108032,-0.08700634233307306,-0.18110240524395832,0.006546348275256871,-0.2571736656388311,-1.5102716616009733,0.5494863992056009
1886,62.895,tracked,1,1,0.20913139651022952,0.6265648746748356,-0.5188426412237097,-0.09505745227406245,-0.14836763019605242,-0.090785070356227,-0.27848211992598654,-1.5106135779497751,0.5479475880728223
1887,62.928333333333335,tracked,0,1,0.2561146650444041,0.6273305510869753,-0.5102224881864952,-0.08767582722605943,-0.18057514097515637,0.009096668838808927,-0.25859819408755985,-1.5111788776616866,0.5482895399961499
1888,62.96166666666667,tracked,1,1,0.21400582522625827,0.6194257447565861,-0.5203019794263295,-0.09470531666170992,-0.14957656544783277,-0.08871793744517184,-0.2759082740384959,-1.5126178641201382,0.5495965754352197
1889,62.995000000000005,tracked,1,1,0.20448167719285215,0.646781465786054,-0.5192678211022279,-0.095940817503404,-0.1488686217009011,-0.08755221359215054,-0.2774719622662673,-1.5105750805729963,0.5486397515880551
1890,63.028333333333336,tracked,0,1,0.23914776145075425,0.6339905057507652,-0.5113312610543193,-0.08689404631990849,-0.17938420530657423,0.0037748751776898776,-0.25471741328384473,-1.5131809497238602,0.5488068211408437
1891,63.06166666666667,tracked,1,1,0.18634035540957958,0.6489322681217097,-0.5182833491856913,-0.09358088726458128,-0.14811775910974967,-0.0881762689376501,-0.2740869837900197,-1.5132018839356407,0.5470958627773174
1892,63.095000000000006,tracked,0,1,0.18019558749217615,0.6511186410375344,-0.5092301283226598,-0.0878371947494136,-0.17902587762735556,0.007464942594689488,-0.25862437608092315,-1.5094383320280362,0.5468829502125695
1893,63.12833333333334,tracked,1,1,0.21010005700620882,0.6512121442173093,-0.5168420433653815,-0.0944779325794867,-0.14694263323358436,-0.08828549569725597,-0.27977831068053916,-1.5080436003531745,0.5455675164415644
1894,63.16166666666667,tracked,0,1,0.2091063640680599,0.6512285076206765,-0.5098756770866236,-0.08743090543897755,-0.17926268559795666,0.006827617844370484,-0.2605997828178272,-1.5074981142266488,0.5474965568459899
1895,63.19500000000001,tracked,1,1,0.2165984597333659,0.6499173280045538,-0.5176092284883209,-0.09310110749537492,-0.1472242338141282,-0.08566800898777856,-0.27377093516783485,-1.51181184795342,0.5461337790828336
1896,63.22833333333334,tracked,1,1,0.24396205792868736,0.6490748105771484,-0.5173720293456898,-0.0936978401240805,-0.14802119655698676,-0.08394809794088566,-0.2769849745098217,-1.5121161077641116,0.5462264883941067
1897,63.26166666666667,tracked,1,1,0.18339279540664993,0.6508963698933212,-0.517278904439473,-0.09378001724707974,-0.14765601742127776,-0.08496656028745915,-0.2785270333196821,-1.5109546510775675,0.5460535285974046
1898,63.296666666666674,tracked,1,1,0.20555818314169436,0.6299546709519538,-0.5172545126156405,-0.0952673142376328,-0.14879093700256746,-0.0857308612722275,-0.2829020745793849,-1.5086784337687713,0.5465956777339148
1899,63.330000000000005,tracked,1,1,0.19653770237983023,0.6219319132825465,-0.5167809193286814,-0.09416786592244811,-0.14702044023013444,-0.0850390507791833,-0.27812780935626336,-1.5076983708332135,0.5454769613833822
1900,63.36333333333334,tracked,1,1,0.19932827311379422,0.6111011883647549,-0.5177879579181328,-0.09454153818633579,-0.1494333475674196,-0.08666290633643724,-0.28128766348607703,-1.5087015725067536,0.5471497027074708
1901,63.39666666666667,tracked,1,1,0.16130677358677759,0.6469238439678089,-0.5188749141671696,-0.09431209140911506,-0.14960156390136992,-0.08657483302821445,-0.27417321109070303,-1.5076390137790514,0.5481848000990948
1902,63.43000000000001,tracked,1,1,0.21163418003609863,0.6374637166533084,-0.5166493446135993,-0.0944654911714243,-0.14758657895175126,-0.08587218505553687,-0.27825551026752804,-1.51162725742684,0.5455566630503212
1903,63.46333333333334,tracked,1,1,0.22635800529388556,0.6218314037408914,-0.5165276026127144,-0.09302664373211517,-0.1488676862887683,-0.08270745626858948,-0.2755505808907403,-1.512556904694215,0.5455422153471454
1904,63.49666666666667,tracked,1,1,0.24825134497633294,0.6384303131397964,-0.518141055356157,-0.09380442539216124,-0.14869008873384087,-0.085349446450308,-0.2743413955468696,-1.5160605250615053,0.547154608823158
1905,63.53,tracked,1,1,0.22749408015797162,0.6206787784352694,-0.5176327436793058,-0.09497309103495644,-0.14819934385335676,-0.08873760410532358,-0.2790045300622648,-1.5115464824699156,0.5467417954283955
1906,63.56333333333334,tracked,1,1,0.22915373394900454,0.6378656541152257,-0.5184077491848241,-0.09564166733226603,-0.1485061720028658,-0.0899183614481196,-0.2791434474126803,-1.511157774636513,0.5476750916993726
1907,63.59666666666667,tracked,1,1,0.2597633474255502,0.6271917166626398,-0.5185484650822471,-0.09532454874731949,-0.14869828880789804,-0.09060053167326527,-0.2790116124787096,-1.510394209411622,0.5478051307969208
1908,63.63,tracked,1,1,0.2535358115448405,0.6314602005487718,-0.5179273897177303,-0.09602041287221852,-0.14834330318117867,-0.09019504117310233,-0.28053727007179863,-1.5086428418455855,0.5472425753783017
1909,63.663333333333334,tracked,1,1,0.30571800285603645,0.6395118680714414,-0.5193547997270165,-0.09428905971825907,-0.14808673581708526,-0.08964188945161647,-0.27225498599301645,-1.512735284678982,0.548223965279704
1910,63.69666666666667,tracked,1,1,0.2988580837931449,0.6462104142544394,-0.5199412201810898,-0.09496978654809632,-0.14975618091278808,-0.09128255772227527,-0.27486101606728475,-1.5117523264738368,0.5493496577972677
1911,63.730000000000004,tracked,1,1,0.2904870996978208,0.6404665345828328,-0.5185890662751569,-0.0951678582049027,-0.1489182620288776,-0.0905449478628237,-0.27902189814856726,-1.5110409022464646,0.5478760714442172
1912,63.763333333333335,tracked,1,1,0.22456277149370726,0.6174914793384843,-0.5177889488728522,-0.09515790522933573,-0.14727608589099,-0.09149887806905435,-0.2827512891816903,-1.5102239030694127,0.5466723588932028
1913,63.796666666666674,tracked,1,1,0.26662922101720465,0.6149605074322831,-0.5174405434858727,-0.09398351289065426,-0.14694785364013074,-0.08892708676008221,-0.2769455579596414,-1.512109684945192,0.5460506280810089
1914,63.830000000000005,tracked,0,1,0.24061315317197984,0.5868657481185588,-0.5109729799273861,-0.08739688985012461,-0.17991426788595866,0.005210522132391415,-0.25876393920035484,-1.5084462718755733,0.5487264768172648
1915,63.86333333333334,tracked,1,1,0.2516698986553698,0.6222173506521745,-0.5173886941855347,-0.0938410174801646,-0.1487051872612254,-0.08524857922251732,-0.2774425085324574,-1.5112763245508716,0.5464525872855955
1916,63.89666666666667,tracked,0,1,0.2541632347286005,0.6126392987674824,-0.5099548174832309,-0.08719515225798549,-0.1793889336600738,0.006366950197191865,-0.25994447633384127,-1.5061426438184624,0.5475740132359707
1917,63.93000000000001,tracked,0,1,0.2804674282793987,0.6246803034110946,-0.5094730425379224,-0.08793370402325337,-0.17921809021335855,0.00709646130277131,-0.2593663210836418,-1.5064903246989054,0.5471875740875521
1918,63.96333333333334,tracked,1,1,0.23689548484441328,0.6383638722982365,-0.5168918198575563,-0.09430225670890532,-0.14911410338086034,-0.08599836296335002,-0.27902340959000616,-1.5092031796725907,0.5461731272070484
1919,63.99666666666667,tracked,1,1,0.24366612082875824,0.6205533397123053,-0.5169071001833521,-0.09462129680653558,-0.1475989107711792,-0.08835247079911478,-0.2810231252962036,-1.5105837382868974,0.5458310897064687
1920,64.03,tracked,1,1,0.21860904017002783,0.6435097640798285,-0.5166808634731617,-0.09384473041043817,-0.14706620126952152,-0.08739560569898683,-0.27714482758124087,-1.511942600788165,0.5453388081376817
1921,64.06333333333333,tracked,1,1,0.24517026167825193,0.6444649947340649,-0.5169170191593799,-0.0936724246184977,-0.1476944739828892,-0.08518202660724905,-0.2757634717378363,-1.5120117109267943,0.5457026529856798
1922,64.09666666666666,tracked,1,1,0.2681856816000464,0.625240830287671,-0.5157731758753992,-0.09310186373233462,-0.14709356128554013,-0.08121093977928164,-0.27261579017501003,-1.5111090603883435,0.5443587436192171
1923,64.13000000000001,tracked,1,1,0.2871417450573519,0.6207580918039853,-0.516835190658022,-0.09289098337585558,-0.14806068387464788,-0.08291234515368828,-0.272546452001321,-1.5147209232813539,0.5455907946478531
1924,64.16333333333334,tracked,1,1,0.23550443253399236,0.6416774452406001,-0.5150188258754476,-0.0928390119950501,-0.14522016649395703,-0.08353074527934685,-0.27362587125010096,-1.5130370311381303,0.543095175738907
1925,64.19666666666667,tracked,1,1,0.2512901386218846,0.6520434772559538,-0.514928708302624,-0.0943895507546117,-0.14599145377495343,-0.08281996471497372,-0.2785767341333533,-1.5107537270858533,0.5434836395892618
1926,64.23,tracked,1,1,0.21616453887287124,0.6377689318816396,-0.5163927857068611,-0.09274361779741419,-0.14821324113350426,-0.08366009599033429,-0.27480483138508754,-1.5147017983147537,0.545188089212836
1927,64.26333333333334,tracked,0,1,0.2673361973117381,0.6202581048308077,-0.5093634529022801,-0.08604058901465586,-0.17847855605121055,0.010759670608551064,-0.25294746235546406,-1.512985199042799,0.5465425007084512
1928,64.29666666666667,tracked,1,1,0.27498521850159674,0.6228558020612727,-0.5160796705157225,-0.09542403632456728,-0.1466848055366599,-0.08818081269284068,-0.28057619889561264,-1.5096026464863552,0.5449407354964544
1929,64.33,tracked,1,1,0.23565297981450095,0.6130010865722652,-0.5175037809547949,-0.09444241546754403,-0.14793187893958454,-0.08983648762136417,-0.27540576695506497,-1.512565462979009,0.5464552808313307
1930,64.36333333333334,tracked,1,1,0.26671679297091866,0.6144159941294655,-0.516897137307937,-0.09537209572393643,-0.1468066941061542,-0.0897989143206053,-0.28052340751003524,-1.5086353755176793,0.5457386669774223
1931,64.39666666666668,tracked,1,1,0.2548789011030854,0.6198921450254804,-0.5168812077582419,-0.09518976055790962,-0.14870301326340257,-0.0868541973602358,-0.28110361559741565,-1.5093165910276523,0.5462049611659588
1932,64.43,tracked,1,1,0.15420835825344367,0.6218272742482792,-0.5175643119004332,-0.0965323924476251,-0.1506421747211268,-0.08945896036737874,-0.28513561610685795,-1.5048553023827478,0.5476170053507667
1933,64.46333333333334,tracked,1,1,0.18932702786974898,0.6276861173704975,-0.5168730076298617,-0.0955473257834081,-0.14882943959034578,-0.0876392403611888,-0.28283433522287843,-1.5067349003857649,0.5462940596139373
1934,64.49666666666667,tracked,1,1,0.1730746075467216,0.6283153625117357,-0.5178051143706044,-0.09585003779592627,-0.1494544468167887,-0.08868455847918262,-0.28195119818178555,-1.5084554962792633,0.5473993038789394
1935,64.53,tracked,1,1,0.24684502206404754,0.6158913718247768,-0.517973880940983,-0.09551391616318156,-0.14749447982022595,-0.09170233617796704,-0.27981480708500434,-1.5104864299647662,0.5469684370192944
1936,64.56333333333333,tracked,1,1,0.23515103869361406,0.6215370905146872,-0.5171623541292606,-0.09579992703173956,-0.14802814636418332,-0.09194318752840797,-0.2846046842157948,-1.5090352669669596,0.5463944167575483
1937,64.59666666666666,tracked,1,1,0.1883089939294015,0.6433553386436822,-0.5168723941965323,-0.09607192437712286,-0.14569136290542994,-0.09368138477966884,-0.28137783690243495,-1.507148627662813,0.5455390542951263
1938,64.63000000000001,tracked,1,1,0.17195458534441352,0.6314547261660904,-0.517884543477038,-0.09542665108265122,-0.14649667843048964,-0.09528222755635664,-0.2798801403021632,-1.5067848689507566,0.5466003319615131
1939,64.66333333333334,tracked,1,1,0.1391336040650354,0.6164485942009714,-0.5177758250001996,-0.09651978348222393,-0.14660559474606655,-0.09414160798380153,-0.28064095796778965,-1.510229529336826,0.5467184595099571
1940,64.69666666666667,tracked,1,1,0.17440551566092408,0.62392027577544,-0.515713622795402,-0.0973333722805243,-0.14729850694383034,-0.09400092967603257,-0.2879254653087073,-1.5024892184893397,0.5450974006947189
1941,64.73,tracked,1,1,0.2552378944209556,0.6300022719764289,-0.5148909578164069,-0.09652326746484455,-0.14565562300712048,-0.0909598625748398,-0.2826597728678412,-1.5074687400907236,0.5437324710892106
1942,64.76333333333334,tracked,1,1,0.26009159566935114,0.6327421632259523,-0.5162705110308077,-0.09661906795862649,-0.14805218816028975,-0.0889945136555707,-0.2817142638500302,-1.5098162945887634,0.5457013242353869
1943,64.79666666666667,tracked,0,1,0.24540540219000212,0.6225276149157073,-0.5130261902810223,-0.08787953553806177,-0.17842755734032156,-0.00015078165060619894,-0.2538385679393507,-1.5110276767384563,0.550231840135664
1944,64.83,tracked,1,1,0.20203190181154482,0.623859152631498,-0.5148283123433783,-0.097387756815136,-0.14402963385402268,-0.09878434812203382,-0.28740886876405825,-1.5030625706222405,0.5433940575640656
1945,64.86333333333334,tracked,0,1,0.2926870438436516,0.6335022943028317,-0.512727379757594,-0.08885965813645239,-0.17603380944692798,-0.006438910562254772,-0.2584203312286913,-1.509417947397199,0.549338972644043
1946,64.89666666666668,tracked,1,1,0.27798763457564535,0.625986122014397,-0.512253525995571,-0.09743176562195538,-0.14255200878754465,-0.09847522371649929,-0.29118639122828277,-1.500048335057841,0.5405716410028101
1947,64.93,tracked,1,1,0.2207730992615347,0.6460615630969633,-0.5127036620545222,-0.09709296067282924,-0.1419029010377446,-0.09709226308730283,-0.289006506654564,-1.5029670533422743,0.5407666053107026
1948,64.96333333333334,tracked,0,1,0.20056555425277267,0.6230657607711222,-0.5116127942327896,-0.08817409045294317,-0.17677708026856748,-0.005020891857410712,-0.25855559622409857,-1.5074578590652319,0.5484272582195072
1949,64.99666666666667,tracked,1,1,0.20975321253153326,0.6375099416104179,-0.512746530474127,-0.09840899622391824,-0.14368266416248454,-0.09586846429897145,-0.2905768525646687,-1.5035302110204947,0.5415145824739009
1950,65.03,tracked,1,1,0.18682065557554847,0.6329122901991534,-0.5157221644356307,-0.09821168764445096,-0.14266134161431265,-0.10138762348406267,-0.2851466162812679,-1.5042648450221516,0.5440286250477437
1951,65.06333333333333,tracked,0,1,0.18394172992180624,0.6139711400685788,-0.5147750829105429,-0.08664796755596005,-0.17565736824310818,-0.004719482236936251,-0.24712798566749103,-1.51318792781969,0.5507783286270711
1952,65.09666666666666,tracked,0,1,0.21919695305133505,0.6045609940130661,-0.5140350747969361,-0.08837352616493979,-0.17673839482175285,-0.006459950437604585,-0.2536957158361803,-1.5121368283218015,0.5507071803168058
1953,65.13000000000001,tracked,1,1,0.20261097807702086,0.6424573961200041,-0.5138203676138428,-0.09918181594463094,-0.14152022227647099,-0.10457119349914655,-0.2951393475584947,-1.5024519332154653,0.5421036580784905
1954,65.16333333333334,tracked,1,1,0.1833344699284404,0.6431949069736518,-0.5157860235670343,-0.09755877775420815,-0.14209407299117516,-0.10456686506707373,-0.2859904879848486,-1.5020217579218642,0.5438231907552395
1955,65.19666666666667,tracked,1,1,0.16747725835603755,0.6289035391155944,-0.5168671629268791,-0.09743754491144282,-0.14142710463456853,-0.10593680773983767,-0.2877103673522071,-1.5079986290764564,0.5446534358615279
1956,65.23,tracked,1,1,0.20962473989116023,0.638721146925005,-0.5167128230538687,-0.09648223794895555,-0.1406952174823788,-0.10805195573659376,-0.28673495457405745,-1.5047725017392928,0.5441471381624196
1957,65.26333333333334,tracked,1,1,0.11512732681830463,0.636111377086185,-0.5139630731040841,-0.09575507762803909,-0.13970350475113597,-0.1040817272661993,-0.2906455792756703,-1.5057583984901912,0.54115075962794
1958,65.29666666666667,tracked,1,1,0.2686447629665747,0.6361552318701486,-0.5151798397725678,-0.0941885533816843,-0.14073222319401324,-0.10142527768843304,-0.2848779491481287,-1.5091859525656368,0.542298174016244
1959,65.33,tracked,1,1,0.21765546739480923,0.6444725036199158,-0.5159849682250637,-0.0951882205289844,-0.1437912864945491,-0.09968858298442985,-0.2893870528051837,-1.5083542336723335,0.5440378836381268
1960,65.36333333333334,tracked,0,1,0.20453736528896,0.6181398948167312,-0.5139318465274366,-0.08520134057526518,-0.17617203751178578,-0.002188668358423013,-0.2526568944809854,-1.5142341684058311,0.5499289027792383
1961,65.39666666666668,tracked,1,1,0.20775430045414212,0.6374112777717219,-0.516382192054917,-0.09372189568590553,-0.14416384268144933,-0.0970397402164506,-0.28456384519003214,-1.5108206855355628,0.5442587395155751
1962,65.43,tracked,1,1,0.18274299467262292,0.6281141021206382,-0.5140945141641254,-0.09466741864639905,-0.14108701117696915,-0.10078445752761776,-0.2884917290401854,-1.505451248968935,0.5414431035387476
1963,65.46333333333334,tracked,1,1,0.21373178785609662,0.6176509575518491,-0.5170573125936254,-0.09464469808051143,-0.13636610885469064,-0.11547724565192366,-0.2842789541390323,-1.5053197423442268,0.5430484315652357
1964,65.49666666666667,tracked,1,1,0.1893142967916829,0.625560935335299,-0.5174298627875971,-0.09296902923175462,-0.14070736527737127,-0.10533721679755798,-0.2793449947082141,-1.5088150761441192,0.5442200528683099
1965,65.53,tracked,1,1,0.19634921712299871,0.6014327921078149,-0.5179072012206963,-0.09121571895137978,-0.14270881155284154,-0.10041009596537229,-0.27668468231786064,-1.5107700132024837,0.5448981385129669
1966,65.56333333333333,tracked,0,1,0.2660360672862885,0.6098627055534884,-0.5098860789922317,-0.08418140259077977,-0.1750667925875697,0.0005536513965173993,-0.2569776135675586,-1.510365636642628,0.5456360544897326
1967,65.59666666666666,tracked,0,1,0.24013225424285892,0.583843731519139,-0.5116397849885552,-0.08365791810135007,-0.17712332054557212,0.002442036042031926,-0.25490413048083316,-1.5099838439620303,0.5478563566531621
1968,65.63000000000001,tracked,1,1,0.25922074789686866,0.5964406709025427,-0.519330559697285,-0.09396830516966131,-0.14275020091665286,-0.10574754526388039,-0.28400142875346024,-1.5080612882616866,0.5467283534569053
1969,65.66333333333334,tracked,0,1,0.24074077079501238,0.6034598464956102,-0.5124594066080772,-0.0834544264323254,-0.17531433290976933,-0.0028294641963503924,-0.254912567706444,-1.5124946742049385,0.5480094890016489
1970,65.69666666666667,tracked,1,1,0.2612390999184395,0.5957407003720381,-0.5182332224866123,-0.09243808314152882,-0.14567280679515637,-0.09879504868121723,-0.2830028736735164,-1.508928451192714,0.5461968864277036
1971,65.73,tracked,1,1,0.2922124602646924,0.6288484820185313,-0.5154622811101371,-0.09374324064737463,-0.14337313944345154,-0.09933794497559385,-0.2813325835109566,-1.5080138285272877,0.5431804631319218
1972,65.76333333333334,tracked,0,1,0.1958892783915894,0.6035871744414331,-0.5097172588834961,-0.08414982713931929,-0.17605615701498245,0.0013580796893109142,-0.2548698785670965,-1.5121612532281437,0.545791762336302
1973,65.79666666666667,tracked,1,1,0.14956402455704046,0.6072647617405987,-0.517643337089967,-0.09362448220512246,-0.14124473128330434,-0.10756864470686531,-0.277329052022716,-1.5105029305134043,0.5446744369043837
1974,65.83,tracked,0,1,0.1601880532290993,0.629468836787255,-0.5101253325312836,-0.08458604760306315,-0.1776993253295991,0.004247585164934002,-0.2580745495856418,-1.5127312262875112,0.5467720773428861
1975,65.86333333333334,tracked,0,1,0.17327922215023686,0.6261755809504048,-0.5092022055843087,-0.08356772166278922,-0.17392081819295996,0.0033757024903576026,-0.25137418941508594,-1.5165150520366206,0.5445354912921129
1976,65.89666666666668,tracked,1,1,0.13161435818440242,0.6447414987140809,-0.5155272591592919,-0.0927323837358508,-0.14072111654743397,-0.10290606777939987,-0.2825305055322247,-1.5090498215102073,0.5423744855466389
1977,65.93,tracked,0,1,0.15881975818642166,0.6159421284189429,-0.5106487649782666,-0.08298517705171837,-0.17540462784163113,0.005794660366525378,-0.24919128231584267,-1.5106178807282926,0.5462741841350323
1978,65.96333333333334,tracked,1,1,0.16736169026656778,0.6121758695224822,-0.5154485668529555,-0.09173547379670369,-0.1400446446943936,-0.09752231553466857,-0.2738791698332183,-1.5103274999211138,0.5419549102379739
1979,65.99666666666667,tracked,1,1,0.155712689287307,0.6219688548932578,-0.515068985081579,-0.09211074090998639,-0.13938272721889383,-0.09872717684612899,-0.2760765681251984,-1.5111899747512978,0.541486835140921
1980,66.03,tracked,0,1,0.20372091091814715,0.5903893525935061,-0.5092538047692406,-0.08299005918221161,-0.1750121225556493,0.008696142703004419,-0.251395392939668,-1.5116043164081938,0.5448449601826638
1981,66.06333333333333,tracked,0,1,0.19566971490143883,0.5976858966107225,-0.5094661158725191,-0.08309147059810446,-0.17660008612049477,0.00957354083610919,-0.2513928372921646,-1.5129944500990322,0.5455708076190962
1982,66.09666666666666,tracked,1,1,0.2612142762922782,0.6147790812311678,-0.5165745006596696,-0.09215609070134814,-0.14053309061086317,-0.09911155261265225,-0.2726049137285771,-1.5121335614802587,0.5432232592054423
1983,66.13000000000001,tracked,0,1,0.21988792612297206,0.6064322771620119,-0.5094009028523558,-0.082455400845616,-0.17631709469860768,0.008899170187189902,-0.24526412321030422,-1.5143054441843191,0.5453218231818384
1984,66.16333333333334,tracked,1,1,0.22533537776154852,0.595092483395815,-0.5163206348669881,-0.09310158454048298,-0.14197072958587825,-0.09731360473237202,-0.2782989795610041,-1.508745285822711,0.5435168728683084
1985,66.19666666666667,tracked,1,1,0.2634608037724728,0.5988372579285006,-0.5173369280212667,-0.09324193667766287,-0.14268366652007475,-0.09843268225402607,-0.280538822519555,-1.5113293362301248,0.5446927432429172
1986,66.23,tracked,1,1,0.23055944271254164,0.5861931647398431,-0.5182589173071002,-0.09353293358806558,-0.14358469808858737,-0.09906607953649409,-0.281534730845199,-1.5118194181464095,0.5458546331754527
1987,66.26333333333334,tracked,1,1,0.28770111434614015,0.6116620015320162,-0.5204663846727695,-0.09554629967088366,-0.14446334441538722,-0.10250895506430871,-0.2796450033003351,-1.5089913808728537,0.5485289516833368
1988,66.29666666666667,tracked,1,1,0.30040768994259054,0.6133259769111392,-0.5193646366287304,-0.0936301947418817,-0.14521103409382807,-0.09585826314679466,-0.2759783449660802,-1.5142064830135595,0.5473504211841759
1989,66.33,tracked,1,1,0.25026518656882574,0.5968535265708119,-0.5216234117967578,-0.09304260065183273,-0.1442926125629425,-0.1008584245351646,-0.270667995313475,-1.5126350293172073,0.5491523170403506
1990,66.36333333333334,tracked,1,1,0.29191764369342094,0.5983538331279987,-0.519482813304623,-0.09530897689393855,-0.14181017052868133,-0.10244848001948374,-0.2758098429523116,-1.5111468515625033,0.5468604199069711
1991,66.39666666666668,tracked,1,1,0.26150179360661213,0.5971957914223935,-0.5178089461263014,-0.09410057285867524,-0.14259673233319825,-0.10069467121633052,-0.2799077949122162,-1.5101740847925806,0.5452658531146687
1992,66.43,tracked,1,1,0.2794282774098714,0.6024581918556134,-0.5189452110897983,-0.0956066448000264,-0.14251255169578625,-0.09933046918492694,-0.27959306612141555,-1.5121702194026656,0.5465844765759433
1993,66.46333333333334,tracked,1,1,0.2562425184107506,0.6242521937153145,-0.5170481410843233,-0.09286712519257956,-0.14149389955833863,-0.09585395806124156,-0.274134818616026,-1.513777716779813,0.5440437544467484
1994,66.49666666666667,tracked,0,1,0.21332371408564982,0.6269573069692129,-0.5058297742473221,-0.08138327154798614,-0.173708783228957,0.013705836266743099,-0.25097495278323145,-1.5138422601126695,0.5409821982041876
1995,66.53,tracked,1,1,0.23347635177730633,0.6233698483020655,-0.5167358144048331,-0.09349411619065273,-0.14078567913716888,-0.09898686656990477,-0.2775666498387135,-1.5143592490255549,0.5436705427931618
1996,66.56333333333333,tracked,1,1,0.22520670486131303,0.6319063086782735,-0.5175870406690581,-0.09405396692717755,-0.14232398118780643,-0.0951998116633326,-0.27594360528527295,-1.5140203586615641,0.5449757875212796
1997,66.59666666666666,tracked,1,1,0.1849345470922211,0.6226387197611434,-0.5179523735374416,-0.09358281672651914,-0.14221091257662105,-0.09158141008772826,-0.2734444949683185,-1.5160753430916583,0.5452122050132536
1998,66.63000000000001,tracked,1,1,0.14672227940545765,0.627360793446026,-0.5183273405220992,-0.09313746991851315,-0.139927904663451,-0.09587093762681723,-0.2708326254954058,-1.5141851177489627,0.5449014945281742
1999,66.66333333333334,tracked,1,1,0.1550823253791237,0.5953203827161577,-0.5184561428676784,-0.09318917486652506,-0.14088083856086286,-0.09553075803538102,-0.2700158036221403,-1.51508543907244,0.5452782822221569
2000,66.69666666666667,tracked,1,1,0.21778251560105882,0.5686105255742586,-0.5232416225602441,-0.09399714705884982,-0.1404086471757509,-0.10613386861904352,-0.26626378998768574,-1.515459703267959,0.5498471127835487
2001,66.73,tracked,0,1,0.25652651067567933,0.6277469199426046,-0.5073920195780961,-0.0810133462282514,-0.17466301187480626,0.015724152032132097,-0.24626937646995664,-1.5160100655239563,0.5426941970537517
2002,66.76333333333334,tracked,1,1,0.1913148987868871,0.6148510778167646,-0.5191649407049639,-0.0940649460727577,-0.14041506106888424,-0.10137612760525147,-0.2754897313077914,-1.5138329361319582,0.5459824531171656
2003,66.79666666666667,tracked,1,1,0.10140492365444136,0.6227922306775938,-0.5204423948108841,-0.09307621060879501,-0.1449614330249479,-0.09514170426349974,-0.27091633189917164,-1.515306815748306,0.5482128093746327
2004,66.83,tracked,0,1,0.1332316165951696,0.6381481450193819,-0.5092338948537171,-0.08188072412245787,-0.18099026457370376,0.01977555448496248,-0.25120078140264757,-1.517344145610885,0.546608716104275
2005,66.86333333333334,tracked,1,1,0.1884962244182562,0.6256099100140822,-0.5235929705348362,-0.0937352432646365,-0.145053308426064,-0.09873158961043586,-0.26918432174300794,-1.515096733506061,0.5513405090402131
2006,66.89833333333334,tracked,1,1,0.16213634372274408,0.6339290486787269,-0.523106126753802,-0.09474149499023643,-0.14390566692339396,-0.10209612260962825,-0.2700515879092141,-1.512285877501529,0.55074931837726
2007,66.93166666666667,tracked,0,1,0.13178163354559355,0.6306809584592504,-0.5106582828094695,-0.08214244835555015,-0.18020099946480117,0.019606549154725875,-0.2475341998237552,-1.515572263590618,0.5477149476067579
2008,66.965,tracked,0,1,0.13819410318427083,0.64860927646203,-0.5084359932291969,-0.08180584233126498,-0.17702807183427266,0.018651070951899718,-0.24756985133759277,-1.5144457557903055,0.5445532969947461
2009,66.99833333333333,tracked,1,1,0.0981761770371931,0.6422151084608071,-0.5221513573507939,-0.09360761634669959,-0.1409694359418645,-0.10280570557222453,-0.26830401216304,-1.513719631445062,0.5488868805966807
2010,67.03166666666667,tracked,1,1,0.09571044088859287,0.6287801900177836,-0.523009785815254,-0.09490649888414449,-0.142922510547482,-0.1029218701406344,-0.26964535934735634,-1.5105288840998845,0.5504301260016199
2011,67.065,tracked,0,1,0.14086540751062837,0.6420867764536397,-0.508320758470105,-0.08247761222989375,-0.17796917141953011,0.020022041530138996,-0.24919299196842395,-1.513294679036031,0.5448537198060794
2012,67.09833333333334,tracked,0,1,0.145034571523014,0.6376886291768854,-0.5087021389104234,-0.08212853019988159,-0.17801384664978243,0.021765768778414067,-0.24698054531273292,-1.5145457790584544,0.5451714328574864
2013,67.13166666666667,tracked,1,1,0.15681797242646722,0.6331265618198999,-0.5217086009920402,-0.0957105546944631,-0.1413891855038551,-0.1040967295610265,-0.2724185881770219,-1.5092064054368208,0.5489364957865683
2014,67.165,tracked,1,1,0.21990030436522132,0.6107468786067327,-0.5232941237123897,-0.09584325174873526,-0.14257768697160328,-0.10403163872194508,-0.2696379875860432,-1.5098746173358706,0.5507731526135435
2015,67.19833333333334,tracked,1,1,0.17736531788894086,0.6201161218265814,-0.5255591864035107,-0.09623384559334436,-0.14291828029154796,-0.11007380168114766,-0.2681667991681605,-1.5110904675042778,0.5530814101850624
2016,67.23166666666667,tracked,0,1,0.32331643414758116,0.6097349463885582,-0.5107571951121563,-0.08220944452751314,-0.17588619264712846,0.013804451818133775,-0.24451896173744475,-1.5152994416873622,0.5464130835661445
2017,67.265,tracked,1,1,0.2588207371903904,0.5970982453808904,-0.5231192207159945,-0.09636572771948335,-0.14199370342395012,-0.10450595912983023,-0.2680709650791582,-1.50771387002307,0.5505472589827903
2018,67.29833333333333,tracked,1,1,0.18958334266406582,0.5847239503731687,-0.5252607282934776,-0.09701499348592468,-0.14509567982613464,-0.10655546379350246,-0.2668344599930836,-1.5059438764530972,0.5535011273273764
2019,67.33166666666668,tracked,1,1,0.18595495922841088,0.6115980958328506,-0.5250879398941176,-0.09571622476296465,-0.1442348521255808,-0.10431473168703996,-0.26662667457840616,-1.5096170099151154,0.5528857322022436
2020,67.36500000000001,tracked,0,1,0.2127306908956375,0.6280265531359863,-0.5099315921894491,-0.08284665582486908,-0.17820185702766,0.016196262316433164,-0.24862891443596452,-1.5126431845288633,0.5464885167524909
2021,67.39833333333334,tracked,0,1,0.24593295542654367,0.5921995428707749,-0.5073685489089534,-0.08294575950347666,-0.17754346062219423,0.018215502767089258,-0.24956073746718652,-1.5127720316916125,0.5438975306537899
2022,67.43166666666667,tracked,1,1,0.1534332068575181,0.613261821548603,-0.5252731355334918,-0.09604591423353123,-0.14623195723212212,-0.09973936025845379,-0.2658284677198248,-1.5110747542737493,0.5536429082631493
2023,67.465,tracked,1,1,0.0621221808824836,0.6137689048135215,-0.5262980978051659,-0.09705874139065584,-0.1456805846687429,-0.10492897909909557,-0.26655137351036556,-1.5057989260587625,0.554646662103993
2024,67.49833333333333,tracked,0,1,0.13124404571653592,0.6320231432624922,-0.5089888337744435,-0.08402411124072931,-0.18049273800427518,0.01758167944283623,-0.25150168709912785,-1.5119858824914527,0.5465412268522316
2025,67.53166666666667,tracked,0,1,0.200428794683417,0.6135891947658181,-0.5080054613739882,-0.08412605069826742,-0.1805248579395375,0.01879591515608181,-0.254727131120492,-1.513531936290145,0.5456518720997631
2026,67.565,tracked,0,1,0.18139878383486954,0.5800456083135395,-0.5061990492853772,-0.08286614213717969,-0.1786203140939383,0.018013021275979462,-0.25601951197887945,-1.509699589588633,0.5431477622315461
2027,67.59833333333334,tracked,0,1,0.21387737165614282,0.6171725041314139,-0.5054071740886124,-0.08247181695052544,-0.18015408077134315,0.022885102068265953,-0.2554019823339742,-1.5124565513811568,0.5428567997454996
2028,67.63166666666667,tracked,1,1,0.2060958627082922,0.6348056080527874,-0.5261332250333824,-0.09175127123743781,-0.15028970446676382,-0.09162463063054739,-0.2569610677695385,-1.5147700270178,0.5548166017040415
2029,67.665,tracked,0,1,0.13472692212498183,0.6413439575862129,-0.5066505719115735,-0.08376355868275112,-0.18265596595821892,0.018421731691531714,-0.2566888462976018,-1.5083428680647717,0.545045262048624
2030,67.69833333333334,tracked,0,1,0.19640800857206456,0.6293731681126628,-0.5060231941257095,-0.08395104927146771,-0.1805702208684215,0.01680418179269535,-0.25710795699589317,-1.5103266697431526,0.543794866039977
2031,67.73166666666667,tracked,1,1,0.13536361181691847,0.6472841644466322,-0.5251979047326708,-0.09294643659009025,-0.1505041720312022,-0.09315269432157731,-0.26039234913069365,-1.5134914311754337,0.5541871389785051
2032,67.765,tracked,0,1,0.1670725456015359,0.659715843077757,-0.5044549068295325,-0.08320734153295473,-0.18175255462345097,0.023559721586629338,-0.2588039203434994,-1.510336549836675,0.542616075896692
2033,67.79833333333333,tracked,0,1,0.16625639443988413,0.6473890342624014,-0.505464171694863,-0.0839388656286362,-0.18205002435931184,0.018371312809593716,-0.260634024012032,-1.5087259883750603,0.5437664695431507
2034,67.83166666666668,tracked,1,1,0.2220974358598962,0.6473037586525735,-0.5259859630798908,-0.09104096128161718,-0.1501412680814404,-0.0899427333872446,-0.24806042516878415,-1.5179204501350405,0.554519693400752
2035,67.86500000000001,tracked,1,1,0.16193382953898905,0.6445131436541822,-0.525681115975265,-0.08973379930642941,-0.15020349783104836,-0.09062692776204423,-0.25159342648329347,-1.5169161388894832,0.5540341877462512
2036,67.89833333333334,tracked,0,1,0.19247152339783866,0.6579782094170192,-0.504288335899465,-0.08298213574663774,-0.1831477619865926,0.022904563239642548,-0.2594671416859673,-1.5084537926752828,0.5428958125626155
2037,67.93166666666667,tracked,0,1,0.2418083555452648,0.6595070537239838,-0.5044432660472853,-0.08564459146291009,-0.1832115968393374,0.02143098552857211,-0.26080929555607674,-1.5040677842325454,0.5434744648313488
2038,67.965,tracked,0,1,0.26455438324747815,0.6510122489254976,-0.5042602048446313,-0.08561713940796686,-0.18295600329314127,0.01974921076859065,-0.2616642043835882,-1.5054038512140147,0.5432140902916204
2039,67.99833333333333,tracked,0,1,0.28948380028436793,0.6517389277361584,-0.5044516580017394,-0.08567381181083009,-0.18430653288717086,0.024319921420475146,-0.2612425006789429,-1.503670738778756,0.5438569438333863
2040,68.03166666666667,tracked,1,1,0.24580783806414092,0.6533893077453501,-0.5283773415374204,-0.09104776190948508,-0.15476479336644616,-0.0860544719049408,-0.24940266132942263,-1.515299698569425,0.5580541651709419
2041,68.065,tracked,1,1,0.22388814860617057,0.6502712588572317,-0.5275897484456658,-0.09093904219933541,-0.15660025127782196,-0.0810646200375516,-0.25029520622917556,-1.5151181587722595,0.5578032724548775
2042,68.09833333333334,tracked,0,1,0.2370801605175498,0.6540653017703741,-0.5057003986971098,-0.08577695000117283,-0.1857139609649786,0.020127318753762686,-0.2657129076370579,-1.5028308385256162,0.5455091692091171
2043,68.13166666666667,tracked,0,1,0.2978624005904772,0.6410674600499445,-0.5049698180356914,-0.08478224920940858,-0.1841439999914226,0.0242397701765449,-0.2604552802046261,-1.5055186926997346,0.5441429588268569
2044,68.165,tracked,0,1,0.3034285336687826,0.6337191194094618,-0.5049012132571115,-0.08599228941125814,-0.18338380707886998,0.02365559263992704,-0.25973667592956007,-1.503254052916618,0.5440124352305128
2045,68.19833333333334,tracked,1,1,0.2879040482165591,0.6315071054040637,-0.5263911600356058,-0.09106090244986981,-0.15409111939563208,-0.08191461047138991,-0.24978333406186945,-1.515561250419171,0.5559890416143239
2046,68.23166666666667,tracked,1,1,0.321915075219161,0.6285142353056976,-0.5277002017565682,-0.09198217020175459,-0.15394398597321024,-0.08462421890837757,-0.24758713252604464,-1.5136168922034905,0.5573391906068218
2047,68.265,tracked,0,1,0.29333753857223555,0.6361589836159597,-0.5067839803464,-0.08702413840236667,-0.18305758089275692,0.01774370891232509,-0.2579819785574318,-1.5043235085940831,0.5458143286161723
2048,68.29833333333333,tracked,0,1,0.28302690055285656,0.6432287736424485,-0.5078447181699748,-0.0885285894471351,-0.18312280227746486,0.013326846070093169,-0.25835525178441127,-1.5029524496032047,0.547062637763348
2049,68.33166666666668,tracked,0,1,0.28250598343818667,0.6457746544464886,-0.505146819964419,-0.08655972525979402,-0.18431538068976155,0.02091247616735482,-0.26026630363550207,-1.506445060256939,0.5446448891856306
2050,68.36500000000001,tracked,0,1,0.2925961456455732,0.6467223347971447,-0.5061401032281723,-0.08764995678128584,-0.18355268206444086,0.018495035023793092,-0.25868053785917366,-1.5075210423084668,0.5454831859119361
2051,68.39833333333334,tracked,0,1,0.25658613566037713,0.650667804655474,-0.5064829761035662,-0.08763994556553203,-0.18495301185170315,0.019455621791202003,-0.26037997294020543,-1.5035557324658266,0.5462722597153101
2052,68.43166666666667,tracked,0,1,0.24246657437806102,0.6404096637132564,-0.5061155534257928,-0.08788769542765756,-0.18414902730650878,0.017879563681040447,-0.26214618670297424,-1.4997661204270083,0.5456996103031544
2053,68.465,tracked,0,1,0.24294676214068392,0.6383010119314243,-0.5065768852842389,-0.08739455499694729,-0.18397891311247572,0.01676878968486239,-0.2604341942968048,-1.5028672482771315,0.5459910158761253
2054,68.49833333333333,tracked,1,1,0.3333175095312282,0.6468692792209656,-0.527311020868972,-0.09199968200258299,-0.1529707693814935,-0.08665241211722002,-0.24806987050783547,-1.514833254869771,0.5567054072879298
2055,68.53166666666667,tracked,0,1,0.1855858195782194,0.6319180989734112,-0.5050576033555443,-0.08662487324682844,-0.18230598863856023,0.017261688370904214,-0.2636830305180427,-1.5047577018464404,0.5438956930016621
2056,68.565,tracked,0,1,0.27080714501659325,0.6445863267029757,-0.5038356527465,-0.08652582136249981,-0.1830921803182211,0.023356138927184928,-0.26022083507788685,-1.5030857124609303,0.5430099715793688
2057,68.59833333333334,tracked,0,1,0.15868405149379936,0.6475149746363162,-0.5037958463463379,-0.0865753199643235,-0.1851894978249533,0.0275873254582618,-0.2609777444290332,-1.5031021904411483,0.5436917241667435
2058,68.63166666666667,tracked,0,1,0.28669688253261627,0.6373714241410303,-0.5046434923535823,-0.08617861710774863,-0.1843156067659421,0.022089866075017495,-0.26150835454508764,-1.5039437427300721,0.5441176814981492
2059,68.665,tracked,0,1,0.28804554254605386,0.638061105016993,-0.5037887151390413,-0.0859438479480781,-0.1859147858608085,0.0269843565590452,-0.26267294303880545,-1.504459112946577,0.5438324393627497
2060,68.69833333333334,tracked,0,1,0.21220557484005462,0.6426761038546471,-0.5041643318650504,-0.08671172804602792,-0.18511670106807343,0.023148397590449486,-0.26403045803101854,-1.5038209013432604,0.5440301373269568
2061,68.73166666666667,tracked,0,1,0.3015315348640091,0.65660411288438,-0.5022159323884272,-0.08566855406876214,-0.18329484495264847,0.02282261329992635,-0.2659239668082671,-1.5003503904678295,0.5414396957069413
2062,68.765,tracked,0,1,0.23720021132588975,0.624453268913801,-0.5045019652206376,-0.08627551059559599,-0.18595032323801747,0.020968448270667402,-0.2656151538276205,-1.5039140549870356,0.5445578200267989
2063,68.79833333333333,tracked,0,1,0.27061126609448377,0.6364413029046034,-0.5057359852671972,-0.08598699605946858,-0.18538500497912863,0.018752749887546268,-0.26288819854617446,-1.5064049629730263,0.5454633354833534
2064,68.83166666666668,tracked,0,1,0.2974427973704267,0.6129484869995363,-0.5040447446370672,-0.08548465219940801,-0.1855630815784864,0.024015599533543014,-0.2661636278269074,-1.5029345453329983,0.54387718062335
2065,68.86500000000001,tracked,0,1,0.24922641977848786,0.650832370531498,-0.5047288055516627,-0.08617176678795313,-0.18503261797828152,0.021782965279654818,-0.26229462848445284,-1.5056008313462361,0.5444389867201486
2066,68.89833333333334,tracked,0,1,0.22029993282591429,0.6249611589339555,-0.5035619634471964,-0.08611496275198705,-0.1850384265959752,0.02602354054472753,-0.26270880031056015,-1.5015953491288343,0.5433503999793189
2067,68.93166666666667,tracked,0,1,0.3365325407615748,0.6624163941542315,-0.5029022792318905,-0.08619356811262519,-0.18377514135735168,0.026367278986893585,-0.2601097836241029,-1.5045012839297756,0.5423221701364703
2068,68.965,tracked,0,1,0.19728611204187663,0.6356536285479742,-0.503968497396901,-0.08656680383673113,-0.18473114373394584,0.02211955135503457,-0.26312428595239984,-1.4998996812006122,0.5436944485280764
2069,68.99833333333333,tracked,0,1,0.2693202516185074,0.6265434419459244,-0.5038875629765475,-0.08896126468620028,-0.18344217844441174,0.01796713776498051,-0.26274526191558545,-1.4991694994196965,0.5435695130978592
2070,69.03166666666667,tracked,0,1,0.2218877665070366,0.638020462811247,-0.5007620951656281,-0.08495865793193336,-0.18331973648310668,0.031004803796603,-0.2600749905561247,-1.5007538142583228,0.5399877547653285
2071,69.065,tracked,0,1,0.22597397451995158,0.639024822693984,-0.5029602781207464,-0.08850467037418983,-0.1837526340042402,0.02085400978124065,-0.2640986729668509,-1.4964912015697431,0.5427404062245954
2072,69.09833333333334,tracked,0,1,0.21388483706530884,0.6469976132684718,-0.5035945560830861,-0.0873718592105068,-0.1836344362243465,0.02289764835632518,-0.26102947430174595,-1.5021709318922596,0.5431048930601295
2073,69.13166666666667,tracked,0,1,0.22787719240970614,0.6427855451536777,-0.5015594679462854,-0.08727487243579296,-0.18543372843550776,0.027127767159979565,-0.26409033821213773,-1.4972901251596187,0.5418159012863487
2074,69.165,tracked,0,1,0.1822117674554179,0.6610401275358588,-0.5012767399481729,-0.08823121786799923,-0.18347560809726798,0.02426005234029023,-0.2642793169406975,-1.4934374383732445,0.54104197303555
2075,69.19833333333334,tracked,0,1,0.2020210897242932,0.6464744985592715,-0.5001354755841708,-0.08623757602964854,-0.18379943458161374,0.026526078663734923,-0.26601771206298663,-1.49733888323832,0.5397727722012245
2076,69.23166666666667,tracked,0,1,0.20567375214651995,0.6398659315483107,-0.5001630684686857,-0.08493304516980024,-0.18323389261806727,0.028776849182422723,-0.2627041891081155,-1.500085045454601,0.5393990884547322
2077,69.265,tracked,0,1,0.12176069913210781,0.6305157174345343,-0.5014969715227824,-0.08691972871609771,-0.18420648254957478,0.028021670902732682,-0.2617822235414661,-1.496643322856537,0.5412820705509181
2078,69.29833333333333,tracked,0,1,0.19226422414746708,0.6525198083889903,-0.5016296749755275,-0.08704914910299791,-0.18559053461564212,0.028833870392051954,-0.26277374218184407,-1.4960253454607477,0.5418982669418025
2079,69.33166666666668,tracked,0,1,0.17241129182935597,0.6570148930020855,-0.50326696302762,-0.08672640407832424,-0.18676677284594767,0.029060640993829167,-0.2608448531342906,-1.4991264880755575,0.5437655125867127
2080,69.36500000000001,tracked,0,1,0.16163797404770222,0.6547904133536799,-0.5027427929354777,-0.08793327589529681,-0.18390344820642446,0.02125519432764361,-0.2643266013213638,-1.4956113060405674,0.5424970554025672
2081,69.39833333333334,tracked,0,1,0.17666612089717332,0.6646203363792724,-0.5018705181655428,-0.08893168721547717,-0.1844558417538899,0.025555383438866767,-0.2627062499842093,-1.4956929795827647,0.5420394999922773
2082,69.43166666666667,tracked,1,1,0.1718379652007009,0.6663813740158595,-0.5259362143268431,-0.09149473453956244,-0.15424247178269146,-0.0791308213873261,-0.24184741296220083,-1.5102547190361748,0.5556716009393953
2083,69.465,tracked,0,1,0.28276651340050535,0.6639723425439257,-0.5041560250989432,-0.0878079331800142,-0.18632156424384166,0.02561435501371961,-0.262190884034985,-1.4984296890300801,0.5446092691785406
2084,69.49833333333333,tracked,0,1,0.2525125596656881,0.6405623828360683,-0.5043237056124601,-0.08731413151615039,-0.18655436358462874,0.025107692933345107,-0.2614237242790386,-1.4999148810739056,0.5447648007879812
2085,69.53166666666667,tracked,0,1,0.26688661596149826,0.6589721603766743,-0.5030918856295025,-0.08704105227223854,-0.18663446281378543,0.029366323473625156,-0.2620150991804597,-1.5009365573013371,0.5436083267175892
2086,69.565,tracked,0,1,0.2000165705300458,0.6494647184835332,-0.5033371754066569,-0.08727898633747694,-0.1850314875166183,0.023357672412392522,-0.2641159934796597,-1.4988174241801044,0.5433254871392117
2087,69.59833333333334,tracked,0,1,0.2039352179397047,0.6657380730840279,-0.5025746040993775,-0.08761219135583406,-0.1844701139759667,0.02394180569861947,-0.26419463445850144,-1.498634410549552,0.5424816602523291
2088,69.63166666666667,tracked,0,1,0.19498838860233375,0.6651891897421403,-0.5018989907079456,-0.08770774169090173,-0.18285727609903207,0.022777710775015596,-0.2632780050519361,-1.4960414299058467,0.5413243281513682
2089,69.665,tracked,0,1,0.18482459021400832,0.6747953921177273,-0.5019541634085569,-0.08553708446607453,-0.18413580046332267,0.022932961300674157,-0.26474697804187886,-1.4965490518311064,0.5414615110923483
2090,69.69833333333334,tracked,0,1,0.29196284536244405,0.6720484258027313,-0.5015778572196301,-0.08749095251132152,-0.18533796750349552,0.0246765761099283,-0.26580168368175033,-1.4965913513323665,0.5418350079338735
2091,69.73166666666667,tracked,0,1,0.16325699585009543,0.6634645608086601,-0.5021910149122097,-0.0861966188569121,-0.18523570675419043,0.0248114070778213,-0.26527188623201553,-1.4976246522256398,0.5421604371564228
2092,69.765,tracked,0,1,0.20239644662507536,0.6593671230108259,-0.502675461534946,-0.08699149114161092,-0.18649617155352044,0.02797124114012928,-0.26564167606238576,-1.4991152857297612,0.5431675258744139
2093,69.79833333333333,tracked,0,1,0.19475288289690418,0.6573142588622828,-0.502048009669148,-0.08846982419549848,-0.1863021532404479,0.02563907950720454,-0.2672639787714967,-1.4960530291476573,0.5427592524388346
2094,69.83166666666668,tracked,0,1,0.19279097252110805,0.6653687280008413,-0.5028235143082124,-0.0888130348933315,-0.18576802633739753,0.023343111703213123,-0.26707998765270813,-1.4993172008002922,0.5433497964640432
2095,69.86500000000001,tracked,0,1,0.15240225469529917,0.6623946158001988,-0.5022982698731813,-0.08857387947183093,-0.18591750730098439,0.023752372141826666,-0.2679122210261,-1.4977700787476014,0.5428758638614294
2096,69.89833333333334,tracked,0,1,0.20227711296296752,0.6473479604408199,-0.5013153518614692,-0.08684911951521251,-0.18452009633993188,0.02498710466882318,-0.26601553708531406,-1.4995516776787967,0.5412093102727022
2097,69.93166666666667,tracked,0,1,0.16673515006191444,0.6552796247603531,-0.5019981646778153,-0.08702597465631129,-0.18602681347095085,0.025990853737670287,-0.2668339935943878,-1.4970955380322148,0.5423851518385546
2098,69.965,tracked,0,1,0.22955360519184162,0.6420392692099751,-0.5016255349707248,-0.08642706088493735,-0.18427446468651332,0.024760848136412793,-0.2659405956577494,-1.5001370712501847,0.5413454465712033
2099,69.99833333333333,tracked,0,1,0.26844245135630834,0.6361134537010866,-0.5018220575037822,-0.0860154416389324,-0.18451566344927717,0.026371005891778845,-0.2626443762662279,-1.5009883742247128,0.541544147467034
2100,70.03166666666667,tracked,0,1,0.24458576021010428,0.6286706839008707,-0.5027467455272574,-0.08612959480699448,-0.18457480872075416,0.0239136040142445,-0.26414645543875503,-1.4999523053745842,0.542439358135238
2101,70.065,tracked,0,1,0.2241713222961908,0.6392861005180321,-0.5042018714530796,-0.08696583057374097,-0.18484339147108209,0.016162081496544207,-0.268011869604167,-1.5016713688003724,0.544012557056085
2102,70.09833333333334,tracked,0,1,0.28896881084535225,0.6454922798876581,-0.5024443393155464,-0.08619695498285529,-0.1844755598059406,0.02347871223891589,-0.265343237820127,-1.5002119550988862,0.5421360173648929
2103,70.13166666666667,tracked,0,1,0.228893113042082,0.6429363630300968,-0.502805327408439,-0.08540249016992948,-0.18589397205561636,0.027692155330779834,-0.2609188522454523,-1.50198866967197,0.5428290259779286
2104,70.165,tracked,0,1,0.20866020358868245,0.6250039726985421,-0.5050223691138804,-0.08640623135773431,-0.18590145503944105,0.0183302221328517,-0.2642545582276881,-1.5014700202550189,0.5450440175881431
2105,70.19833333333334,tracked,0,1,0.27825391450700343,0.6232381384651793,-0.4991535364936965,-0.08577300421561038,-0.18258295050803963,0.0234739181946798,-0.26928121582734965,-1.4974210482515087,0.5383751434293343
2106,70.23166666666667,tracked,0,1,0.28366345123957615,0.6289718580565907,-0.5025344598265771,-0.0858839403151766,-0.18604168751724026,0.02333565909504881,-0.26604204317844543,-1.502620527431819,0.5427047484696562
2107,70.265,tracked,0,1,0.28089428682115664,0.6331202319014413,-0.4993471934818264,-0.08401913446436998,-0.17963644196718231,0.026830197951683944,-0.2612363124741214,-1.5013645969048663,0.5372858511788183
2108,70.29833333333333,tracked,1,1,0.34048693653532547,0.6210127763145397,-0.5225994860559879,-0.09033700328062677,-0.15315852298572613,-0.08208678578922866,-0.25138625111060725,-1.5142421214778847,0.5520222188923883
2109,70.33166666666668,tracked,1,1,0.30266543234300186,0.6337755541971517,-0.5252966067984597,-0.09010726569361874,-0.15332611410405994,-0.08426022433655102,-0.24696585535267318,-1.5161034193304719,0.5545851978830729
2110,70.36500000000001,tracked,1,1,0.321803887836993,0.5887494310669502,-0.5227324179991528,-0.08928346877323137,-0.15201489035536453,-0.07766796376661929,-0.24526494391942688,-1.514445747009605,0.5516604440352554
2111,70.39833333333334,tracked,0,1,0.1828642986232167,0.6579803162935287,-0.5028966019151393,-0.0855748330749958,-0.18340734887848786,0.02324257341849232,-0.26317932922825105,-1.5009525323466546,0.5420943643834004
2112,70.43166666666667,tracked,0,1,0.2117386560076685,0.6574332333123448,-0.5044761568848285,-0.08694451232627107,-0.18365612231755918,0.019814289972755653,-0.2626040895497771,-1.5013088581710112,0.5438612988195257
2113,70.465,tracked,0,1,0.2070875468132159,0.6382333676293774,-0.5031793242000893,-0.08661229195457337,-0.18158937751913024,0.021775903853258352,-0.26202226527031885,-1.4991057654884674,0.5419094236566365
2114,70.5,tracked,0,1,0.2537880001157573,0.6452541189002404,-0.5045952864697832,-0.08828965135690472,-0.18208982094461473,0.018364336690347545,-0.26351863293211214,-1.4990739538883988,0.5436618145096161
2115,70.53333333333333,tracked,1,1,0.20546432056792668,0.6493931622283167,-0.5220536944335076,-0.09344777151586528,-0.15229562924000145,-0.08573911721640425,-0.26114950747138566,-1.50673032890748,0.5517848353829267
2116,70.56666666666668,tracked,0,1,0.2631390763040953,0.6167273403035823,-0.5064126820876403,-0.08865774067590712,-0.18363354876189358,0.01602636655560722,-0.25900786217417154,-1.5003213547671528,0.5459260753910191
2117,70.60000000000001,tracked,1,1,0.30951972663918736,0.6181696039039681,-0.5237425992081135,-0.09332967865914982,-0.1542030845480845,-0.08279454575463453,-0.2542450352683828,-1.5112024960526986,0.5538910817372261
2118,70.63333333333334,tracked,0,1,0.31564146008587185,0.6329500010752558,-0.5052506876140055,-0.0875427389375181,-0.18371712751988867,0.024063936472720975,-0.25839913367941003,-1.502201127007524,0.5446962193913841
2119,70.66666666666667,tracked,0,1,0.3342596272794941,0.6028351090925024,-0.5033771126001215,-0.08632808477091719,-0.18223487610878802,0.021266572085000632,-0.2616196966032687,-1.50128876002951,0.5422643320192058
2120,70.7,tracked,1,1,0.27644787263771897,0.6042809389158071,-0.5257096650477209,-0.09486046371795023,-0.15492844880682338,-0.08429854361844343,-0.253498142221345,-1.5145966349825097,0.5562121751194052
2121,70.73333333333333,tracked,1,1,0.23283916457316411,0.6212017192829672,-0.52392417862655,-0.09429259596181325,-0.1542294709706395,-0.08407309064574722,-0.2548270120086703,-1.5126977045913739,0.5542331353488406
2122,70.76666666666667,tracked,1,1,0.22068193571740466,0.5948726833544041,-0.5239729805124947,-0.09677193194330008,-0.1532501676255268,-0.0882766584016172,-0.2653293825977283,-1.5068279423993312,0.5544349420774615
2123,70.80000000000001,tracked,1,1,0.2368515442259623,0.5708786188730702,-0.5232261611324396,-0.09615343739718249,-0.15332874898327187,-0.08354116330572044,-0.2620883712525548,-1.507094505716884,0.5536432104536808
2124,70.83333333333334,tracked,1,1,0.29777168538468246,0.5603564073405354,-0.5248042896228762,-0.0961995441269145,-0.15317256983868144,-0.08653532368817118,-0.26073104381530504,-1.509818660290957,0.5550997485567649
2125,70.86666666666667,tracked,1,1,0.2553330384832548,0.5995363053304907,-0.5210999555555675,-0.09531445060999066,-0.15093508515713733,-0.08806743478077868,-0.2634680174549922,-1.5074297998180375,0.5508279296717724
2126,70.9,tracked,0,1,0.2304985646033874,0.597487589628694,-0.5080017006767253,-0.08830771019171693,-0.1806501669941556,0.009358498474430734,-0.2538339790225723,-1.5078322709395566,0.5463501280358282
2127,70.93333333333334,tracked,0,1,0.30782340470222486,0.5880349402537492,-0.5051190569971725,-0.08730316111613179,-0.179957163593095,0.018795426335185626,-0.25956935413540994,-1.5037395390318071,0.5432786434336012
2128,70.96666666666667,tracked,0,1,0.24474439509824497,0.6252332670290925,-0.5069850193701451,-0.0881085844182235,-0.18326068461411715,0.016173691977916738,-0.2586979122272963,-1.5040761724865843,0.5462429963296229
2129,71.0,tracked,0,1,0.2474079413595502,0.6374723093912522,-0.5080112731971986,-0.08895045950837377,-0.1823537525436998,0.010755695273929536,-0.26333490959996675,-1.5034510771788177,0.5470288191758808
2130,71.03333333333333,tracked,0,1,0.26578276825124286,0.624683673635198,-0.5057651366392785,-0.08792198413653399,-0.18107300591077474,0.01291020595619147,-0.2611774103338547,-1.5031089186115112,0.5443492281649864
2131,71.06666666666668,tracked,1,1,0.25434272841472505,0.6388242299218551,-0.519417137509488,-0.0931560188348998,-0.14992392103935032,-0.08298828908779889,-0.26064415063016405,-1.5109093549267616,0.5485885422459459
2132,71.10000000000001,tracked,1,1,0.271645398129694,0.6259049979782941,-0.5184046926603377,-0.09395159102368986,-0.15038736051777707,-0.08482386480842069,-0.26790281016362083,-1.5104038971497549,0.5478929503394305
2133,71.13333333333334,tracked,1,1,0.2474234814191222,0.6287571308897741,-0.5240532676012488,-0.09577821704580572,-0.15312386897742714,-0.09240975320432154,-0.2660139207167947,-1.5066372077804333,0.5543033586355363
2134,71.16666666666667,tracked,1,1,0.27910660350905714,0.6126599459401939,-0.5208249176211521,-0.09533327704329944,-0.15061322632366098,-0.0893006421910199,-0.2669922706554286,-1.505771897291992,0.5504828539296358
2135,71.2,tracked,0,1,0.27595267654058836,0.6359820701919525,-0.5078661353426708,-0.08904720479022762,-0.1810191798720805,0.004333250337811788,-0.26145127725187167,-1.497254925844616,0.5464662474393212
2136,71.23333333333333,tracked,1,1,0.21511362174302898,0.6196480315702487,-0.5182130713776409,-0.0954923425917859,-0.15142604962746065,-0.08666105773999504,-0.27254879413567423,-1.5023489540758646,0.5482640088005898
2137,71.26666666666667,tracked,1,1,0.20863732376484093,0.6293594316469636,-0.5189885310652744,-0.09672600133862438,-0.1516260354778371,-0.08594697978800571,-0.2748830049715296,-1.504107163181992,0.5492681215462784
2138,71.30000000000001,tracked,1,1,0.21384579166246748,0.6369012133826324,-0.5199910409335575,-0.09594287526662557,-0.15294213402183587,-0.08561507799454983,-0.27462396374308035,-1.505816186094316,0.5504425622394631
2139,71.33333333333334,tracked,1,1,0.22559323463116127,0.6263504187255349,-0.5189433776040528,-0.09588427029959715,-0.14799470251623376,-0.09242345778328317,-0.27329606056883815,-1.502622351057131,0.5480861742672016
2140,71.36666666666667,tracked,1,1,0.22887940458313435,0.6451366369321837,-0.5176540066926802,-0.09660949190145296,-0.1500080960049957,-0.08879422952284184,-0.2804290423036941,-1.5016319143555896,0.5475413166487862
2141,71.4,tracked,1,1,0.15219579699513489,0.5852049818590872,-0.5152537045714861,-0.09406027597655311,-0.14764903800496576,-0.08173833153565548,-0.27162357453905983,-1.5071301342463919,0.5441819126130686
2142,71.43333333333334,tracked,1,1,0.19762440460359237,0.5882131003963291,-0.5152541710477536,-0.09459040838028093,-0.147644880167431,-0.0830901869973078,-0.272930598318742,-1.5037268780284,0.5442731086314215
2143,71.46666666666667,tracked,1,1,0.20179680682180534,0.6066184510161982,-0.5172196624391545,-0.09531841115033249,-0.147552751494604,-0.0889401481222935,-0.2729655793557825,-1.5061686425666951,0.5462358402663864
2144,71.5,tracked,1,1,0.24287547075032778,0.6419458244879549,-0.51747179940433,-0.09565472169107017,-0.15110434901167447,-0.0859242840863895,-0.27657987351101915,-1.503863171789469,0.5475028888058885
2145,71.53333333333333,tracked,1,1,0.2086251484407576,0.6432013030475267,-0.5153437987467563,-0.09544948131851103,-0.14857398608902167,-0.08625884391660402,-0.2760867701758783,-1.504647278530792,0.5447605563301099
2146,71.56666666666668,tracked,1,1,0.2053764847334785,0.6381057813124851,-0.5130571910451689,-0.09402333157408635,-0.14500116740951008,-0.08612151659623997,-0.2710868644404,-1.5065780796816006,0.5413810180580497
2147,71.60000000000001,tracked,1,1,0.2449478043242954,0.6496942943915954,-0.5148584324522422,-0.09508146261445105,-0.14669352373348005,-0.08874125472486359,-0.2776681288615363,-1.5021697530769205,0.5437266591821927
2148,71.63333333333334,tracked,1,1,0.18877503616204902,0.6367043242870254,-0.5141939464963026,-0.09537170008448309,-0.1458429211553956,-0.08841668652468665,-0.27325522375810796,-1.5053672213251907,0.5429192697276327
2149,71.66666666666667,tracked,0,1,0.11743818147623118,0.6035262834322894,-0.5085076342141415,-0.08952383555213739,-0.17606208960151704,7.394694772031549e-05,-0.25618781828120984,-1.5030132004539718,0.5455202934638471
2150,71.7,tracked,1,1,0.2424493609356409,0.6450235456081121,-0.5141030421366203,-0.0955533063826299,-0.14758052336455202,-0.08286354460042139,-0.2778088981207392,-1.5068827464737398,0.5433345039396407
2151,71.73333333333333,tracked,1,1,0.2227011524392254,0.6451005397776992,-0.5140957999047371,-0.09660293070369502,-0.14729994279353387,-0.08522595304925226,-0.27689970783477796,-1.5030272505694742,0.5434371084561789
2152,71.76666666666667,tracked,1,1,0.19118152574142758,0.6343598587747739,-0.5136986558409089,-0.09672144342772981,-0.1466652293788,-0.0879355009241779,-0.2777354056595901,-1.5014305562794865,0.5429107073361477
2153,71.80000000000001,tracked,1,1,0.20993508866926786,0.6085910057861257,-0.5156476350782403,-0.09867470909762274,-0.14598316557439645,-0.09454287043439395,-0.2779773560821664,-1.5021153504513853,0.5449222572151042
2154,71.83333333333334,tracked,1,1,0.2142426044627353,0.6021417523340122,-0.5132595189129137,-0.09890324901158537,-0.14755147153475606,-0.09009346769494155,-0.28452772860505515,-1.4997710379744973,0.5431285512397919
2155,71.86666666666667,tracked,1,1,0.225557095142594,0.5936746467889785,-0.5141229387539958,-0.09876012567841111,-0.1481039759238919,-0.08900233982577398,-0.2808158827020796,-1.5008112734257797,0.5440686962705402
2156,71.9,tracked,1,1,0.17893384958790284,0.6247662548265487,-0.5146437410219449,-0.09850015957391736,-0.14923578453931685,-0.08778226196459729,-0.28383965848509035,-1.5041484163078576,0.5448227060211562
2157,71.93333333333334,tracked,1,1,0.2142613352782821,0.6180466105582902,-0.5144655233142412,-0.09840972715318133,-0.1471912866853688,-0.09188125174354943,-0.27912100821396557,-1.5050352178693116,0.5440813578440766
2158,71.96666666666667,tracked,1,1,0.18515690646470132,0.612999112435562,-0.5161533240279124,-0.09741836982035978,-0.14711159380598632,-0.09149331450559556,-0.27545696178032825,-1.5032318003074467,0.5454781514558186
2159,72.0,tracked,1,1,0.21578317831004745,0.6388301462995307,-0.5141468310595141,-0.09839223426580468,-0.14871180819367624,-0.08681885921208603,-0.28106287666319774,-1.5038005695073111,0.5441904056013761
2160,72.03333333333333,tracked,0,1,0.19884706296111546,0.6193930283040049,-0.5117739382719118,-0.09167581822173856,-0.17802122223215383,-0.006981553207888888,-0.25448684826395523,-1.5024712097799484,0.5495530685074896
2161,72.06666666666668,tracked,0,1,0.21881177874272492,0.6264933090224953,-0.5110404658666783,-0.09163788316175506,-0.17734755323111,-0.008947721375447288,-0.2581107240034463,-1.5027687115616382,0.5486456178815798
2162,72.10000000000001,tracked,0,1,0.20866795031393204,0.6290439212967753,-0.5121934555699366,-0.09138574703282776,-0.17783898913577884,-0.009074952048846441,-0.2558903059482203,-1.502856764375443,0.5498365181999612
2163,72.13333333333334,tracked,0,1,0.2135592375336387,0.6131482977544965,-0.5119584706496556,-0.09029901882833402,-0.17614378636918648,-0.006863266467011182,-0.25276156398593275,-1.506345857691538,0.5488916304224065
2164,72.16666666666667,tracked,1,1,0.22401864547472172,0.6148026331959293,-0.5130132877288747,-0.09743156780272935,-0.1468539489301845,-0.08693570615270414,-0.2820410227068887,-1.5045114334907348,0.5424404355385725
2165,72.2,tracked,0,1,0.2345781096288948,0.6053546753288663,-0.5109418860921733,-0.09058081337603852,-0.17860391735265801,-0.001422783194630789,-0.25408946571957847,-1.5072392168989204,0.5487857997516036
2166,72.23333333333333,tracked,0,1,0.28810838079787476,0.5926452476791413,-0.5107656828651934,-0.0889869725837408,-0.17958181035883164,-0.0009195419989669341,-0.2580893683437593,-1.5078062417594824,0.5486801351371509
2167,72.26666666666667,tracked,0,1,0.3287469206188208,0.6141889643574482,-0.5094027465311286,-0.09038914747642823,-0.17713369952763347,-0.006810983351606836,-0.25782686100916596,-1.5029243186761603,0.5468433995791836
2168,72.30000000000001,tracked,0,1,0.22914342685883615,0.5812698154041034,-0.5078851144205325,-0.08950569964728172,-0.17748598838816182,-0.0030717446351563225,-0.259995678077279,-1.5040398254117737,0.5453987860212283
2169,72.33333333333334,tracked,1,1,0.2588799594150387,0.5633216963997267,-0.5112458346222957,-0.09808701549774737,-0.14414123961784187,-0.09215501511067883,-0.2857234254074457,-1.502269314530864,0.5401574427761513
2170,72.36666666666667,tracked,1,1,0.21159505400326994,0.6066936678104149,-0.5107248904968658,-0.09683530786677727,-0.14467791454199747,-0.09148291938095125,-0.28750526518644787,-1.5017312313379731,0.5395819581666075
2171,72.4,tracked,1,1,0.22035943610256792,0.6150842168133805,-0.5111713455522593,-0.09683790913592785,-0.14622169209338587,-0.08932021767634081,-0.2864346548512451,-1.504113039822884,0.5404206772489173
2172,72.43333333333334,tracked,1,1,0.1606096791471195,0.6185305287295009,-0.5113356108083107,-0.09766949357042504,-0.14462824301450378,-0.09217206307838396,-0.28526493515459417,-1.503002642038579,0.5402969234897362
2173,72.46666666666667,tracked,1,1,0.160930373127096,0.6190989208185799,-0.511635906099208,-0.09747337293247471,-0.14657793851089618,-0.09035425160120285,-0.2869107308863946,-1.5035188903640122,0.541070652409549
2174,72.5,tracked,1,1,0.218083591608174,0.6195267846744216,-0.512844095734986,-0.09775987534330369,-0.1461794108906862,-0.09187192578395449,-0.2846687125457064,-1.5043593627249516,0.5421572464937842
2175,72.53333333333333,tracked,1,1,0.15719629982493916,0.6152234433672672,-0.5122049018695187,-0.09753263984959645,-0.14593584499820073,-0.09306447153203232,-0.28611027888996154,-1.5013321131940753,0.5414459790140963
2176,72.56666666666668,tracked,1,1,0.14373331907639375,0.6144837648342178,-0.5127299805402834,-0.09697882960007179,-0.14510139469787497,-0.09390068579828781,-0.2826986067978229,-1.5042783055349735,0.5416191845556318
2177,72.60000000000001,tracked,1,1,0.1575072780012643,0.612824513699391,-0.5121862363511478,-0.09657236330006602,-0.14616131832326518,-0.08918603632686126,-0.2855728287336019,-1.5053565859713816,0.5413169986568948
2178,72.63333333333334,tracked,0,1,0.13593245509959684,0.6075066259521051,-0.5099556277191792,-0.08798737746815138,-0.17898821664437548,0.002717890788196645,-0.2592790418998658,-1.5086197265693664,0.5475703630892736
2179,72.66666666666667,tracked,1,1,0.16331711578704675,0.6110789106532399,-0.5130252067545695,-0.09711670849597112,-0.14308077239914652,-0.0965699145262659,-0.28428435226517107,-1.504730158457156,0.5413858377026468
2180,72.7,tracked,1,1,0.14918240048180748,0.608633332779027,-0.5135439688932137,-0.09697239110973443,-0.1446865906295745,-0.0966016813207003,-0.2835189903243036,-1.5054132231323307,0.5422778458798989
2181,72.73333333333333,tracked,1,1,0.1781569071855218,0.619293293290113,-0.5133342812888928,-0.09559005423533093,-0.1446355507747623,-0.09351256044385864,-0.28210356159483435,-1.5064089462861918,0.5418200673314125
2182,72.76666666666667,tracked,0,1,0.25874122039748787,0.5858111620383424,-0.5116060860572559,-0.08682296827747654,-0.17945973646071656,0.0008265027296898155,-0.25379813969359566,-1.5079914428778634,0.549076326317103
2183,72.80000000000001,tracked,1,1,0.3129949790609224,0.6041143709245298,-0.5158756253913845,-0.09509960816382065,-0.14659346295947712,-0.09108451305445382,-0.27591208580871485,-1.5119983417120022,0.544666172740988
2184,72.83333333333334,tracked,0,1,0.26356341320249393,0.6296225018822663,-0.512159411132588,-0.08722219261198014,-0.17791433699947912,-0.006217014048792751,-0.255942484587563,-1.509975100584115,0.5491525148860605
2185,72.86666666666667,tracked,1,1,0.22205113661723788,0.619233075779559,-0.516877314803893,-0.09599608527813602,-0.14741334821763935,-0.09520998891154378,-0.2798051155491753,-1.5075017940694868,0.5459927675165166
2186,72.9,tracked,1,1,0.21589700362244113,0.6258354474784676,-0.51764008631237,-0.0952073979646918,-0.1480630059191892,-0.09255489981866832,-0.2742382491471741,-1.5094844242378527,0.5467525594878463
2187,72.93333333333334,tracked,0,1,0.22519611587697047,0.5769253128611207,-0.5122791712023611,-0.08793088186286721,-0.17984884615681773,-0.006776204832050021,-0.25649320637787754,-1.5058338784563972,0.5500067242288027
2188,72.96666666666667,tracked,0,1,0.23059633407122243,0.6252520158317636,-0.5134012836494619,-0.08658716420764517,-0.1777647585864902,-0.006329750492411344,-0.25154589502767166,-1.510414734589859,0.5501622710198784
2189,73.0,tracked,1,1,0.3170207710468547,0.6384647864400346,-0.5142689537401799,-0.09585037472731547,-0.14191958602347315,-0.10238250583298236,-0.28095693799584,-1.5016863190994494,0.5420341502280646
2190,73.03333333333333,tracked,0,1,0.22630603506842079,0.6025943741960831,-0.5113290104544992,-0.08517162497276284,-0.17792691526331605,0.0001574041864109492,-0.2541223257139189,-1.5069344049624296,0.5480598049556248
2191,73.06666666666668,tracked,0,1,0.23230090013201107,0.6350012357636425,-0.5117738156592821,-0.0871380048085077,-0.17717872854997452,-0.007917118534098537,-0.25542845827391875,-1.508854998489918,0.5485414953556877
2192,73.10000000000001,tracked,1,1,0.2040835958736724,0.6010454447626685,-0.514196319606935,-0.09415873746402656,-0.14415756749563613,-0.09877057970642893,-0.2827869368989743,-1.5048283464238927,0.5422592804225629
2193,73.13333333333334,tracked,1,1,0.27650775693026525,0.6143306140119964,-0.5164733408793734,-0.0943747868263497,-0.1439948751634938,-0.10372886243323053,-0.27956666509384387,-1.5046243595133066,0.5444132954851217
2194,73.16666666666667,tracked,1,1,0.31179281289903044,0.6265695176841259,-0.5163945214853166,-0.0953215487014176,-0.14432341250227182,-0.10431537909564419,-0.2804514589708143,-1.505323473563059,0.5445904395627844
2195,73.2,tracked,1,1,0.3399935291606236,0.6341965900265387,-0.5156053940919784,-0.09479605207232822,-0.14449389128097112,-0.0999789153272884,-0.28603551348094125,-1.508569959329583,0.5437956404043351
2196,73.23333333333333,tracked,0,1,0.23065463946776157,0.6300360586833554,-0.5120551146385401,-0.08441815282411275,-0.17832671510026993,-0.0054563903866221885,-0.2546503089256024,-1.508097419270398,0.5487506558284706
2197,73.26666666666667,tracked,0,1,0.2381485006524623,0.640101062689877,-0.512305657670128,-0.08650301213397324,-0.17972020223084856,-0.006621740590856992,-0.25832430972207276,-1.5065186538413355,0.5497628662241293
2198,73.30000000000001,tracked,0,1,0.24550343620981832,0.6497586730287682,-0.5122775597778118,-0.0851142345014537,-0.17878674558944446,-0.0019275551630328822,-0.25300515327158374,-1.5095815097831702,0.5492152870825271
2199,73.33333333333334,tracked,0,1,0.19570816523339954,0.6406753858692007,-0.5135472223019366,-0.08547445066942544,-0.1770529607162744,-0.008097890531475057,-0.25173002531304944,-1.5100455190104998,0.5498948828182286
2200,73.36666666666667,tracked,1,1,0.24364080940413524,0.6085011015964568,-0.5166747632952788,-0.09286752731566619,-0.1439966940025259,-0.10124542802024149,-0.2784360055462332,-1.5073431514449713,0.5443456958033337
2201,73.4,tracked,1,1,0.22348271223875182,0.6055175017594676,-0.5176441759335038,-0.09297621393141028,-0.1439305200527743,-0.10045116562805245,-0.27813301915160604,-1.5066944279196441,0.545266965657702
2202,73.43333333333334,tracked,0,1,0.284458754739912,0.620000577693232,-0.511981543197797,-0.08413103819162823,-0.17791101315184266,0.00235373793228177,-0.25425157179138874,-1.5125847754141992,0.548502926850089
2203,73.46666666666667,tracked,1,1,0.23351913951453512,0.6173204764026414,-0.5179382886332746,-0.09201326186049955,-0.14393837326702197,-0.09950332142070104,-0.27775919651324976,-1.5112801981346407,0.5453849709052595
2204,73.5,tracked,1,1,0.2089189332169339,0.6068579796023036,-0.5183647854773125,-0.09209348779672474,-0.1441740200647859,-0.1018714962922127,-0.2761494985234741,-1.511451114283056,0.5458657429983558
2205,73.53333333333333,tracked,0,1,0.29611853163387375,0.6132592631656502,-0.5100129793855448,-0.08348389225885278,-0.17791024473839123,0.0030027436597094537,-0.2530890747515835,-1.5139545404375623,0.5465664228538761
2206,73.56666666666668,tracked,1,1,0.3000908006301184,0.6300520245499509,-0.5150619762263419,-0.09069964410690132,-0.13684128299813914,-0.1063785872398052,-0.2749738940070956,-1.5119338650060106,0.5405930091370773
2207,73.60000000000001,tracked,1,1,0.2737701089919579,0.6164920926597324,-0.5187912738607547,-0.09162812027374453,-0.14389262883531467,-0.10126065697273974,-0.273576720845048,-1.514002887393817,0.5461182902010352
2208,73.63333333333334,tracked,1,1,0.27654397977341333,0.6340927827089975,-0.5171364597428842,-0.09043503352196502,-0.14384200739714464,-0.09699416049631972,-0.27465816513690355,-1.5140398226985645,0.544333662724953
2209,73.66666666666667,tracked,1,1,0.26268435460495654,0.6248517815972079,-0.5194414143827006,-0.08966752421956081,-0.1433285950036517,-0.09966196602582944,-0.2705244479752829,-1.514774467545815,0.5462625138349573
2210,73.7,tracked,1,1,0.25042636065108287,0.620208691334996,-0.5196932801070141,-0.09043809822891563,-0.1434372961251782,-0.10259231862784722,-0.26984587881282074,-1.5159644774578385,0.546657491414279
2211,73.73333333333333,tracked,1,1,0.22633320840891716,0.6148690147096971,-0.521565861824862,-0.0911640523259051,-0.14473165965121393,-0.10719577111482378,-0.2727033456221777,-1.5125483071125472,0.5488980651842255
2212,73.76666666666667,tracked,1,1,0.2314999897030378,0.6063110813592552,-0.5189079035255761,-0.08956847686175706,-0.14245286695192344,-0.10099778372678196,-0.27054700420385314,-1.5127362083273481,0.5455096183308468
2213,73.80000000000001,tracked,1,1,0.2884149495877764,0.6358596769540981,-0.5190733054086478,-0.08901043110077822,-0.14364419734602146,-0.10087991294229078,-0.26891991268898113,-1.5157080022637222,0.5458879085158312
2214,73.83333333333334,tracked,1,1,0.1998197395605352,0.591335198758327,-0.5211638269150205,-0.08904448887875832,-0.1438640535966479,-0.10285482805147672,-0.2633848210817821,-1.5140137290139544,0.5479393409873468
2215,73.86666666666667,tracked,1,1,0.170155087042857,0.59216110135022,-0.5184016101236402,-0.08888854262468932,-0.14246477083749243,-0.09910979333478227,-0.26732628276600634,-1.5144491988765536,0.5449198228349773
2216,73.9,tracked,1,1,0.17297526829310297,0.6035085791527848,-0.5181582075748403,-0.08926260948010281,-0.1417136747768602,-0.09907508837339274,-0.27110576194489555,-1.5139074908993801,0.5445534933751967
2217,73.93333333333334,tracked,1,1,0.18322209411255258,0.5885424703323847,-0.5182929609031004,-0.0888520673887834,-0.1437241778904607,-0.09619630010513842,-0.26901010143900017,-1.5146468069386365,0.5451411950231356
2218,73.96666666666667,tracked,1,1,0.17205211501637144,0.6114263733020031,-0.5191913694952524,-0.0896369050282918,-0.1428313947731078,-0.10079792157630073,-0.26806563809879613,-1.5117404404871286,0.5458894212514454
2219,74.0,tracked,1,1,0.2070990335847986,0.604124640314142,-0.5198406062735319,-0.0916338750298076,-0.1436613535384807,-0.10221198020311116,-0.2768491712511232,-1.5100164192260634,0.5470553970891064
2220,74.03333333333333,tracked,1,1,0.19999257433349177,0.6283351127436525,-0.5175967840742561,-0.08998802627090399,-0.14248322492014792,-0.10164730922804936,-0.27182027203150333,-1.51039679539843,0.5443397331995805
2221,74.06666666666668,tracked,1,1,0.19309134884582635,0.6220289265755555,-0.5178077865110436,-0.09079323615523069,-0.1427596996319384,-0.10169343037090059,-0.27123294871888015,-1.5086883692922939,0.5447464064516693
2222,74.10000000000001,tracked,1,1,0.19306999810002523,0.6088354045382169,-0.5185292965929902,-0.09141305892600782,-0.14447536182838944,-0.1019029811022655,-0.27580661903276976,-1.5089002160572047,0.5459872791035292
2223,74.135,tracked,1,1,0.19193233508684693,0.5968070781726248,-0.5159522805590169,-0.09114007506406693,-0.14106872360663342,-0.10117492589221573,-0.2777009400885225,-1.5096091594924355,0.5425989807184851
2224,74.16833333333334,tracked,1,1,0.2472717357165361,0.5580858435584584,-0.5158837732957497,-0.09123724118598539,-0.14130268618633102,-0.10044963767817434,-0.27822800352568605,-1.5091330900466173,0.542611049327751
2225,74.20166666666667,tracked,1,1,0.19618716420523344,0.6189663652043697,-0.5172974102859536,-0.09110879986106013,-0.14102234950088205,-0.10314543555342168,-0.2754425847751592,-1.509571799172077,0.5438609446903002
2226,74.235,tracked,1,1,0.19345049278488502,0.6168193059940622,-0.5185975753885336,-0.09132884087253357,-0.14335724899336044,-0.10036748820050635,-0.2726024930696614,-1.5101335562348293,0.5457432575973162
2227,74.26833333333335,tracked,1,1,0.2572174188809947,0.6154236273443725,-0.5207040807101406,-0.0918233587650635,-0.14524242566265422,-0.09916392256243707,-0.2707602566555917,-1.5161944405027055,0.54832438491778
2228,74.30166666666668,tracked,1,1,0.1674780827718912,0.6325104924973957,-0.5216701504633829,-0.0931074202084827,-0.14667860071157307,-0.1009939858766051,-0.27456138470514746,-1.5098726007134307,0.5498393851745004
2229,74.33500000000001,tracked,1,1,0.2565661020294628,0.6009681857124616,-0.520872894623741,-0.09364008696170395,-0.14478574421307888,-0.10543932078824171,-0.27843955105814705,-1.507919007441853,0.5486710762991296
2230,74.36833333333334,tracked,1,1,0.27275459211182596,0.6021575180367836,-0.5176668748452704,-0.09194276188787831,-0.14250797640542712,-0.10174603537269088,-0.2756721200484993,-1.5094448647647642,0.5447393763211998
2231,74.40166666666667,tracked,1,1,0.26164116732154313,0.5846577783411528,-0.5180553569908528,-0.09301442619732408,-0.14469415036507866,-0.10108752681399259,-0.2790928038653119,-1.5082094386777638,0.5458657651269306
2232,74.435,tracked,1,1,0.21124080937159603,0.5693553291560642,-0.5204536233766811,-0.09253633802711561,-0.14524321096219756,-0.10247062721375602,-0.2747281865509916,-1.5093843084373797,0.5482066565374725
2233,74.46833333333333,tracked,1,1,0.1903871312510143,0.5958478359178507,-0.5192111180604324,-0.09296601440822569,-0.1455362845271923,-0.10275591417672726,-0.2783303473491989,-1.5078245145354672,0.5471779190231406
2234,74.50166666666667,tracked,1,1,0.19721300328928087,0.5994362404280142,-0.51990949638742,-0.09366185029465271,-0.1465802226994956,-0.09880770163354095,-0.2747640651544154,-1.5065892904960292,0.5482373467040278
2235,74.53500000000001,tracked,1,1,0.21276354536329656,0.6236404576339485,-0.5203440283090799,-0.09185471320816915,-0.14337512861221063,-0.10234268873640448,-0.27721207099656003,-1.5090385966690827,0.5474957749974364
2236,74.56833333333334,tracked,1,1,0.23259549216011652,0.6170014718802447,-0.5188886304892915,-0.09307284082342726,-0.14328551421839164,-0.10234055697153703,-0.2781541443476583,-1.5102213343199493,0.5462954357623944
2237,74.60166666666667,tracked,1,1,0.17472720291867147,0.6272961461455642,-0.5184880770596709,-0.09185533678340813,-0.1419842680909854,-0.10360265291606777,-0.27310991135719737,-1.509642205853007,0.5453685188328726
2238,74.635,tracked,1,1,0.24801483572651972,0.6250132868640318,-0.5196583432479531,-0.09308600330429162,-0.1416677390421302,-0.10720058985689505,-0.2764511424311313,-1.5059437466651826,0.5466073051137198
2239,74.66833333333334,tracked,1,1,0.21354612790884542,0.6486540919974801,-0.5202558935407249,-0.09355165013177585,-0.14297394872114721,-0.10333618863471715,-0.27446392142724,-1.5099200829265038,0.5475944265778766
2240,74.70166666666667,tracked,1,1,0.14118047598401195,0.6280483247043007,-0.5183422427681819,-0.09324667852615309,-0.14281078321115248,-0.10176210078867212,-0.2756156372958882,-1.5076436254778502,0.5456817236223798
2241,74.735,tracked,1,1,0.1823775873425498,0.6344674071723724,-0.5175381666215101,-0.09226131313250718,-0.14207557412003274,-0.10195819099176931,-0.275280697801156,-1.50661574852656,0.5445579607098086
2242,74.76833333333335,tracked,1,1,0.20103894915260323,0.644402836494636,-0.5154438545175448,-0.09293064821502714,-0.1421923913472793,-0.09655348278167948,-0.2777647295975261,-1.5089668372793277,0.54271276813304
2243,74.80166666666668,tracked,1,1,0.15163929522092418,0.6486742094442133,-0.5171873716550042,-0.09393113481923274,-0.14137920012302907,-0.101320412495449,-0.27634325241879726,-1.5063059488107404,0.5443288654069962
2244,74.83500000000001,tracked,1,1,0.13059421357584694,0.6504099650663364,-0.5171715539141171,-0.09300694797358053,-0.1422895047848977,-0.09963939254912875,-0.2741664862997483,-1.5072078745616047,0.5443923325334719
2245,74.86833333333334,tracked,1,1,0.16397012148965148,0.6357566228835985,-0.5188076967408075,-0.09379401697981837,-0.1421821973434076,-0.10455035082726874,-0.27717040123579817,-1.505713353140848,0.546053588084642
2246,74.90166666666667,tracked,1,1,0.1290281115241079,0.6284361989591745,-0.5193935509320309,-0.09325054985800524,-0.14293461592050294,-0.1008872377154623,-0.273523978182436,-1.5068187060597453,0.5467134809266606
2247,74.935,tracked,1,1,0.1366748136510984,0.6287877413995064,-0.5188987324689198,-0.0938350368652576,-0.14323704670030268,-0.09948346259671106,-0.2764948351898278,-1.50676575896727,0.5464226937534536
2248,74.96833333333333,tracked,1,1,0.1506116325603597,0.6425136609809405,-0.5201629856626355,-0.09386690578656132,-0.14293643815231716,-0.10353744790084098,-0.27080138711957896,-1.510966525752187,0.5475503200684678
2249,75.00166666666667,tracked,1,1,0.21026289348751837,0.622534334298401,-0.5202832677653622,-0.09481760272751272,-0.14449962313435727,-0.10244029320181967,-0.276105039487401,-1.5055796886605628,0.5482382671700027
2250,75.03500000000001,tracked,1,1,0.17629345916342,0.6215686652081888,-0.5177354904770088,-0.09354870146264327,-0.14344512917690994,-0.09714828415359605,-0.2762613012647324,-1.5079287362874427,0.54532366786102
2251,75.06833333333334,tracked,1,1,0.16278430379828043,0.6367989886805757,-0.5189585895172045,-0.0936024502096029,-0.14354946990398504,-0.09886441084661367,-0.2743853567884353,-1.509956668821092,0.5465216250329374
2252,75.10166666666667,tracked,1,1,0.1591001216732765,0.6407771072186791,-0.5204634121142939,-0.09383618597277943,-0.14566290713749985,-0.10024797309735456,-0.27558251532550254,-1.5113806220428994,0.5485481525475401
2253,75.135,tracked,1,1,0.11877497475662926,0.6481123181365914,-0.5195083608872247,-0.09349105765399207,-0.14461792014068647,-0.09928776028437748,-0.2762336810615988,-1.5100430430703542,0.5473060000756532
2254,75.16833333333334,tracked,1,1,0.16250371567645405,0.6433307072793206,-0.5192836871746864,-0.09321553074811556,-0.1432797596103963,-0.10098831115505776,-0.27396784335114566,-1.509167168383557,0.5466934904060989
2255,75.20166666666667,tracked,1,1,0.11504535287120282,0.6305953993497546,-0.5164731148171804,-0.09233318325448225,-0.14183226473149196,-0.09604107365653826,-0.27635876168922086,-1.5054171256898619,0.5434945136592735
2256,75.235,tracked,1,1,0.15058922879433023,0.6413970594102941,-0.5180799612566918,-0.09362272438311275,-0.14251695638016754,-0.10022716828744119,-0.27713905769351427,-1.5071113827776448,0.5454201533061628
2257,75.26833333333335,tracked,1,1,0.19140520202739036,0.6323266424316689,-0.5187325558960705,-0.09358503454210873,-0.14385332777411947,-0.10085576032718578,-0.2762567361483246,-1.5022111906025235,0.546383933830787
2258,75.30166666666668,tracked,1,1,0.20900943461044114,0.6397458221754015,-0.5189278395867158,-0.09380358585591814,-0.14414756550007302,-0.09767404284558055,-0.27588767984870294,-1.5064218643835026,0.5466843111496458
2259,75.33500000000001,tracked,1,1,0.1357240223368827,0.639854571146123,-0.5188864638476813,-0.09563922804215011,-0.144438204259901,-0.10203932472814185,-0.28352268506913275,-1.505189302481329,0.5470396870014774
2260,75.36833333333334,tracked,1,1,0.21903702014244583,0.6349971242262692,-0.5208502064396459,-0.09369082198427,-0.1457943112368506,-0.09759838142415388,-0.27106638240371517,-1.510545569906683,0.5489252124482328
2261,75.40166666666667,tracked,1,1,0.20216870228392322,0.6477721637521765,-0.5188956469811137,-0.09381348359450656,-0.14656630797277248,-0.09065936910520869,-0.27284064736040414,-1.5108915525327131,0.5472982229030667
2262,75.435,tracked,1,1,0.17037556786420238,0.6413876808364074,-0.5199695202612193,-0.09311839850529613,-0.1471987919157996,-0.09260998423311377,-0.27086663649267106,-1.5110349927966298,0.5483674155913575
2263,75.46833333333333,tracked,1,1,0.12644015716341636,0.6459201048061928,-0.5207038837410214,-0.09361168490489821,-0.14502284457214387,-0.10040682022122283,-0.27560157701858623,-1.510494004510887,0.5485684164637199
2264,75.50166666666667,tracked,1,1,0.1553244164566941,0.6125024199035369,-0.5205288816458588,-0.09368622896874657,-0.14326387100593124,-0.10439635692210288,-0.2740712101641678,-1.509503248626706,0.5479525188020189
2265,75.53500000000001,tracked,1,1,0.1486649544854394,0.6301614774531218,-0.5177799016934607,-0.09383662988855446,-0.14200382061964423,-0.10068317980300995,-0.27455491365496326,-1.507587027406101,0.5450380030576835
2266,75.56833333333334,tracked,1,1,0.14559963819036148,0.6499910404668453,-0.5155141766922535,-0.09331299645610269,-0.1410358012449337,-0.09793864792617014,-0.278407131440957,-1.5043915597965793,0.5425433428870997
2267,75.60166666666667,tracked,1,1,0.20117016694252263,0.6293583503577633,-0.514269389717545,-0.09304505666478396,-0.14131641482023816,-0.09856442183770005,-0.28105777153303935,-1.5034838349764836,0.5413877694110337
2268,75.635,tracked,1,1,0.32807379368552464,0.6452117629162522,-0.5136078077507337,-0.09317836515527747,-0.13630864864620906,-0.10417144620190724,-0.28025762168505103,-1.5049263224814085,0.5394953527244516
2269,75.66833333333334,tracked,1,1,0.20840684402379622,0.6389789150681715,-0.5160631367495363,-0.09301189789772057,-0.1401516585665017,-0.10291248218810997,-0.2750838970594723,-1.5054884763240017,0.5427843601848232
2270,75.70166666666667,tracked,1,1,0.1957982946756466,0.6240650101255194,-0.5150245450310552,-0.09238646049295743,-0.13837616810101167,-0.09914134145567573,-0.2735199316186768,-1.5076984258632038,0.5412333174936496
2271,75.735,tracked,0,1,0.1719713724955768,0.637888563603101,-0.5137910068941085,-0.08868319608523931,-0.1778467710826072,-0.002585926695719771,-0.25357750184673034,-1.5041261237743286,0.5508859972967766
2272,75.76833333333335,tracked,0,1,0.12354842783890416,0.641326997861064,-0.5144037786471211,-0.08715093102730226,-0.17795238133499525,-0.005273867885996395,-0.25405540794750786,-1.5023683476848364,0.5512472968533791
2273,75.80166666666668,tracked,1,1,0.19462841843914536,0.6122409661616373,-0.5170671422727271,-0.09403238646175194,-0.1421496654138542,-0.10170944855668229,-0.2781468944808002,-1.5024795250927891,0.5444327751881287
2274,75.83500000000001,tracked,1,1,0.12551282734661606,0.6392537774361186,-0.5171297858775796,-0.09406894840637536,-0.14169428536849804,-0.10458732947810334,-0.28076152560623413,-1.4993460762493254,0.5443798793142175
2275,75.86833333333334,tracked,1,1,0.162083054806917,0.6190838544139962,-0.5174718258531807,-0.09531929541397238,-0.14203005789933526,-0.10642078823260628,-0.28322999505431257,-1.49882993494916,0.5450095375100598
2276,75.90166666666667,tracked,1,1,0.13857151858697944,0.6319400196660783,-0.5177803569457522,-0.09517835065163091,-0.14418245273989888,-0.10380048940192393,-0.28516810304310825,-1.5007932848809602,0.5458424645900395
2277,75.935,tracked,1,1,0.1648607714474805,0.6456395893829513,-0.5185496337282502,-0.09470245105888422,-0.14236673365309654,-0.10440829316792179,-0.2769298420085934,-1.5027849737463144,0.5460133365837455
2278,75.96833333333333,tracked,1,1,0.2223229671038234,0.650352682580441,-0.518271499493748,-0.09475712046817872,-0.14209157206266404,-0.10156120174693119,-0.27264513328752504,-1.505162672330018,0.5456869742976812
2279,76.00166666666667,tracked,1,1,0.21795559236778567,0.6430237547626461,-0.5180533224402268,-0.09408909979801339,-0.1416349175275568,-0.10202942654195754,-0.273159922098945,-1.5051626491140504,0.5452453149319084
2280,76.03500000000001,tracked,1,1,0.2439854142254933,0.6409029098205519,-0.5177370119319625,-0.09449203267962938,-0.1409667984256941,-0.10105412324815176,-0.27441049845107834,-1.50550896208793,0.5448412576361628
2281,76.06833333333334,tracked,0,1,0.2622191327862038,0.6209549839655726,-0.5111354522784886,-0.08626918616786847,-0.1773913547393816,0.004505989116155947,-0.25089421400073714,-1.5066207245539818,0.5478772816920542
2282,76.10166666666667,tracked,1,1,0.246479444011504,0.6008124481901613,-0.5174775798987027,-0.09397592266730767,-0.14202677744088077,-0.09902003696961521,-0.27091425641395067,-1.5063886543513296,0.5447808047731046
2283,76.135,tracked,1,1,0.2706881911031366,0.6092892689494569,-0.5186062695855589,-0.09317331145319235,-0.14225352277332087,-0.09960808972364091,-0.26959687892270323,-1.509667112867421,0.5457744896585243
2284,76.16833333333334,tracked,1,1,0.3119381432471111,0.6138030727691633,-0.5192890986198075,-0.09395810059849066,-0.1420235890454642,-0.10162078502387403,-0.26979516590300434,-1.5082996275271545,0.5464979345421199
2285,76.20166666666667,tracked,1,1,0.2505094470141461,0.6112326105858941,-0.5191866187124919,-0.09447628657935653,-0.14153166026568004,-0.10258649064326515,-0.27090352940424683,-1.5067362358807814,0.5463622650160743
2286,76.235,tracked,1,1,0.2166525432572963,0.6150920079184823,-0.5193816615972189,-0.09477008546209453,-0.14215409393717265,-0.10368667639979141,-0.2737700998790704,-1.5062039421617335,0.5467599710339804
2287,76.26833333333335,tracked,0,1,0.18624552424639743,0.6272847276023701,-0.5124660329308761,-0.08630082760541521,-0.17734268871967085,0.0022040559562499073,-0.2503249703798795,-1.5072715533150747,0.549108092269283
2288,76.30166666666668,tracked,1,1,0.11859516111868683,0.6463569018499691,-0.5178752082005087,-0.09407257605320343,-0.14297571382851365,-0.09919880029677555,-0.2757070721363471,-1.5056553502717367,0.5454231711054994
2289,76.33500000000001,tracked,1,1,0.2297520225624736,0.6102991217155513,-0.519026668259336,-0.09487086223586796,-0.1421684551673717,-0.10585110948334867,-0.2770482723070586,-1.506667528772975,0.5464439884475268
2290,76.36833333333334,tracked,0,1,0.16294100702942524,0.6266932923344634,-0.5134258390043993,-0.08876552935741158,-0.18022234046798097,0.001883751311706266,-0.25375846187356255,-1.5040022804435633,0.5513306660827327
2291,76.40166666666667,tracked,1,1,0.16954962488022385,0.61997311062662,-0.5192969298269313,-0.09631954849622787,-0.1431873170159102,-0.10607521282104396,-0.2792824213119456,-1.5031425519713204,0.5472196675051152
2292,76.435,tracked,1,1,0.22929531910957207,0.5986779427253079,-0.5188883148898875,-0.09629452851048312,-0.14246097233642985,-0.10621077430042128,-0.2782738635257211,-1.5028208705331,0.546637766888974
2293,76.46833333333333,tracked,1,1,0.15867058509843554,0.6322998728586896,-0.5168706740877373,-0.09493107525803976,-0.14163092510812847,-0.09986611054020406,-0.27596528217824534,-1.5049076238608756,0.5442669581451219
2294,76.50166666666667,tracked,1,1,0.2080606835506198,0.607683843500575,-0.5194719012302276,-0.09529841059442248,-0.14132322377855178,-0.10439549241523019,-0.27336935999811524,-1.5068868369761257,0.5467221385756507
2295,76.53500000000001,tracked,0,1,0.18344357931918726,0.6268046823060858,-0.5140604296750984,-0.0883289643863561,-0.180028447004126,0.0014604618814978536,-0.25366389317923665,-1.505618599279829,0.5517883407956625
2296,76.56833333333334,tracked,1,1,0.12061707398287258,0.6349714861501631,-0.5188369449658297,-0.09616427736991229,-0.13934817166577124,-0.10772932471149531,-0.2785550623787192,-1.505474045003356,0.5457630041053956
2297,76.60166666666667,tracked,1,1,0.16691199143785532,0.6340885539358522,-0.5177689831920596,-0.09635560183821917,-0.14162147589968932,-0.10274901852585647,-0.27840128742130077,-1.5058732893980291,0.5453675498206242
2298,76.635,tracked,1,1,0.150767076365563,0.6236485793670036,-0.5185331519254607,-0.0955311783646427,-0.1432502447257284,-0.10007622120989416,-0.27797659813911413,-1.5067332135229878,0.5463730120526371
2299,76.66833333333334,tracked,0,1,0.14362460207968852,0.6318938609061814,-0.5140506815014432,-0.0858570753961542,-0.1783122429279036,0.0008327944297687757,-0.24901425572696942,-1.5093689495857263,0.5508310054142366
2300,76.70166666666667,tracked,1,1,0.13268778765511544,0.6145121673036912,-0.5181280174714328,-0.09588311362424295,-0.14189088922650633,-0.10336811774872626,-0.2812987912131546,-1.5047732289515923,0.545695188189016
2301,76.735,tracked,1,1,0.16111721964851572,0.5996602863634071,-0.5186098393874529,-0.09571576962426709,-0.14259150388723846,-0.1037709154647776,-0.2795854159917887,-1.5063242466869269,0.5463057852934287
2302,76.76833333333335,tracked,1,1,0.19337052409828787,0.6156610159298523,-0.5185045193941943,-0.0960305275802315,-0.14344784899692714,-0.10022531489942134,-0.2784610565224314,-1.5070094376959244,0.5464852095358
2303,76.80166666666668,tracked,1,1,0.2458835055626038,0.6043803527765135,-0.5181362789566861,-0.09549835929424477,-0.14234271077913296,-0.09982051720400428,-0.27866122350515754,-1.5079847767831454,0.5457532295011414
2304,76.83500000000001,tracked,1,1,0.21739373755127947,0.6237735814393803,-0.516897878080027,-0.09458988922969933,-0.14374109212694441,-0.09356807304616507,-0.27688509101044756,-1.510754980447501,0.5447863480980116
2305,76.86833333333334,tracked,1,1,0.2018956382419962,0.6204393713387011,-0.5169645865205262,-0.09530757831430567,-0.14112610172308582,-0.1004161122229752,-0.27854240565564786,-1.5051084849749978,0.5442908182102936
2306,76.90166666666667,tracked,1,1,0.19377502140005,0.6271447107391924,-0.5203601488953675,-0.09495775621057737,-0.14147781656246444,-0.1050231196353639,-0.2717955393653958,-1.50808726059849,0.5475469227401784
2307,76.935,tracked,0,1,0.16405181794819035,0.6205326251415625,-0.5146104416471922,-0.08839791168771385,-0.17931692551902306,0.00010986465048583428,-0.2522427917506617,-1.505236986190052,0.5520802996128932
2308,76.96833333333333,tracked,1,1,0.1720598539572528,0.6373737535379094,-0.5212432450137967,-0.09691302205646671,-0.1437329122222753,-0.10413934579035612,-0.2750594423699075,-1.5062766486739005,0.5493139397216553
2309,77.00166666666667,tracked,1,1,0.19007528862406345,0.6366356109558984,-0.5209304549510776,-0.09421682847807006,-0.14239380960940118,-0.10181962376259988,-0.26887016879822534,-1.5079525557828841,0.5481982731449281
2310,77.03500000000001,tracked,1,1,0.19849013075240504,0.6272080049873452,-0.5183428268352077,-0.093711927563086,-0.14215030310570143,-0.09972549716433698,-0.2746696521946224,-1.5072104891599438,0.5455895161860664
2311,77.06833333333334,tracked,1,1,0.13740955234463875,0.6374605314534854,-0.5194052758631024,-0.09384241911204586,-0.1427817459350771,-0.09953895149238966,-0.27348070949942854,-1.5055006982995491,0.546785942752276
2312,77.10166666666667,tracked,1,1,0.23772344580843216,0.6339196117118436,-0.5177840586300619,-0.09488867501207815,-0.1386038334277538,-0.10211100414268398,-0.2726180578174211,-1.5048726141210622,0.5443484312991411
2313,77.135,tracked,1,1,0.208073316926504,0.6486970506601477,-0.5179871970464132,-0.09491875721858795,-0.14020120883747533,-0.10358292148675474,-0.27492929407545036,-1.5058531355929208,0.544955673183985
2314,77.16833333333334,tracked,0,1,0.23108971060855132,0.6216099729282875,-0.5116490203920573,-0.08378607602288068,-0.1746019443810108,0.0069625461114238415,-0.24640115707344823,-1.5090302711579036,0.5470746435223381
2315,77.20166666666667,tracked,0,1,0.1831115380404573,0.6331598013710854,-0.5123354433270995,-0.08542266885033176,-0.17600838543327213,0.006690847553149745,-0.2476235373622002,-1.5070914581468613,0.5484191741592522
2316,77.235,tracked,1,1,0.21455251145193727,0.6306515396380155,-0.5191410041212342,-0.09586902013204254,-0.13914418519911465,-0.10637896257302983,-0.27794740364456383,-1.5050725719124232,0.5459481252425058
2317,77.26833333333335,tracked,1,1,0.2492361485660608,0.6082218534632057,-0.5184232970993679,-0.09605360224426629,-0.1402951312476397,-0.10628814897101023,-0.27698541748521327,-1.5044976814158186,0.5455930107060313
2318,77.30166666666668,tracked,1,1,0.24029348338921586,0.625986137456391,-0.5175135411253096,-0.0945952964746688,-0.13783632951180713,-0.1105922154678173,-0.27903067712004703,-1.5049163668843566,0.5438450046626111
2319,77.33500000000001,tracked,1,1,0.25243774177764594,0.6157106516948818,-0.5189122200321231,-0.09480593011806318,-0.13749141393728648,-0.10842781754070936,-0.27141040154477525,-1.505146030338598,0.5451256234948894
2320,77.36833333333334,tracked,1,1,0.25649001589528225,0.6020023468737545,-0.51973340207823,-0.09592340794863685,-0.13928013860503236,-0.10734433901054893,-0.2689028657824166,-1.5049847507781944,0.546555638922634
2321,77.40166666666667,tracked,1,1,0.24663243024418421,0.6087604609818671,-0.5173860631497869,-0.0955117222168366,-0.13808651637847463,-0.10962156028478634,-0.281425632090209,-1.499861700467178,0.5439473443523777
2322,77.435,tracked,1,1,0.18412686217676888,0.60183605278012,-0.5194115076012502,-0.09606675190803912,-0.13981003905051365,-0.10858014550198328,-0.27709687538861594,-1.5016503588388874,0.5464100859886012
2323,77.46833333333333,tracked,1,1,0.18025579054175758,0.6220200789467643,-0.5199454963191289,-0.0959711203348968,-0.1401711368425298,-0.1092340236091965,-0.27929771425965044,-1.5029627978489184,0.5469933479345135
2324,77.50166666666667,tracked,1,1,0.2061099349797205,0.6525871278681247,-0.5184843956407056,-0.0953975457884742,-0.14129882087347667,-0.1045715391857977,-0.2812510816084039,-1.5048556546883702,0.5457949404727078
2325,77.53500000000001,tracked,1,1,0.21843933412475103,0.6244510933546066,-0.5194204390826278,-0.09607347275603981,-0.14082640788238826,-0.10635137442633855,-0.2758371531660426,-1.5032085051593915,0.546680694611811
2326,77.56833333333334,tracked,1,1,0.18146446157901538,0.6266835306618579,-0.5178296956093343,-0.09464673724373734,-0.1406630996918427,-0.10411594776798178,-0.27876584920548786,-1.5038752708602316,0.5448776983329913
2327,77.60166666666667,tracked,1,1,0.16328384724142034,0.6351241273827454,-0.5180821759672434,-0.09602537831014712,-0.1421970705509576,-0.1018081138523028,-0.2782299244499607,-1.5017082747272548,0.5457563753249564
2328,77.635,tracked,1,1,0.1884063720561075,0.6246549372613142,-0.5183821216342759,-0.09475480752629711,-0.1409376488197866,-0.10323042501235452,-0.2751390735683662,-1.504407663291828,0.5454923633143257
2329,77.66833333333334,tracked,1,1,0.220432281048895,0.6151466203612678,-0.5179108130409003,-0.09466228728731615,-0.14340400437174944,-0.09792286573953173,-0.27722584319257465,-1.5037251935225937,0.5456713913785526
2330,77.70333333333333,tracked,1,1,0.23228727859463041,0.6127954817171326,-0.5200226689043546,-0.0952517822631389,-0.1427139902637733,-0.1050271155218186,-0.28040344080782337,-1.5022781085594645,0.5475981749565285
2331,77.735,tracked,1,1,0.25307316709902633,0.6129818909416513,-0.5204908663753269,-0.09480125632960978,-0.14236391679724003,-0.10516249131720798,-0.27663889004218084,-1.5038160275645054,0.5478736213650575
2332,77.77000000000001,tracked,1,1,0.267361730296615,0.6180537768857965,-0.5196425245949707,-0.09546223454058489,-0.14216568315445743,-0.10375475364916091,-0.27883381999254314,-1.5027640636169286,0.5471311296733992
2333,77.80333333333334,tracked,1,1,0.30596840081940907,0.6087978506231215,-0.5200609637061251,-0.09482161612993834,-0.1392537173251639,-0.10821101025978083,-0.2731735540128634,-1.503507553485873,0.5466682198969623
2334,77.83666666666667,tracked,1,1,0.3450515976246881,0.5925373023680414,-0.5198873750282123,-0.09496052602856744,-0.13896441541147891,-0.1101444825788295,-0.27227236258125626,-1.5025928383787146,0.5464535597541673
2335,77.87,tracked,1,1,0.26186380647875274,0.6232364715697744,-0.5178840294215918,-0.09638054928229978,-0.14080447848362854,-0.10934190067688912,-0.2852136124296447,-1.5001295218248107,0.5452696391428269
2336,77.90333333333334,tracked,1,1,0.1907754968502178,0.6460264459195975,-0.5185586235142476,-0.09575082028248605,-0.1415094613343717,-0.10572427196426093,-0.28179355357366986,-1.5045410540404374,0.5459818616519272
2337,77.93666666666667,tracked,1,1,0.21954565718548824,0.6034535815447516,-0.5187062171457215,-0.09601637018301248,-0.1410688243596473,-0.10838798768259535,-0.2811312376103352,-1.5043607829453722,0.5460546641637252
2338,77.97,tracked,1,1,0.28049058739157356,0.6008119009610795,-0.5172098123334746,-0.0945383893004482,-0.13939035226389224,-0.10349219118750104,-0.2793241449326414,-1.504416129046124,0.5439422463183046
2339,78.00333333333334,tracked,1,1,0.2883739045188407,0.6129260029234375,-0.5188999829366837,-0.09587267275128453,-0.14187255282961642,-0.10456933627392061,-0.2793194200874955,-1.5040801192099646,0.5464216164451748
2340,78.03666666666668,tracked,1,1,0.19716488251888248,0.6433467958690604,-0.5193953149574495,-0.0959099384209613,-0.13928585243668212,-0.1107343552755337,-0.27692606274222914,-1.5043188139234973,0.5462332452136852
2341,78.07000000000002,tracked,0,1,0.20492387113473745,0.6442212083522587,-0.5131687990542908,-0.08592866749730463,-0.17715750682291403,-0.0009006276654450817,-0.24896326800067656,-1.5075628617533756,0.5496460083038867
2342,78.10333333333334,tracked,0,1,0.2281448287764223,0.6098437703670885,-0.5140378571825472,-0.08607001896845554,-0.17758577230762046,-0.0010839842256097887,-0.2500588749467034,-1.5073458533861377,0.5506175381407218
2343,78.13666666666667,tracked,0,1,0.21155402991803005,0.5932384739263379,-0.5133504591878715,-0.0851830461831729,-0.17668582882621986,0.000741907733077998,-0.24789597905785313,-1.5076787855683413,0.5495477480742245
2344,78.17,tracked,0,1,0.19835367153508407,0.5975480590031435,-0.5137357303055924,-0.08619378087296625,-0.17617819185455252,-0.0016643226628462598,-0.24681107750282288,-1.5052705883481314,0.5499022856280348
2345,78.20333333333333,tracked,1,1,0.22475759459650455,0.5915839042523205,-0.517975689169281,-0.09710307958706454,-0.14383730537312767,-0.1054148152071925,-0.28560833582720435,-1.4998591100810266,0.5462755651250437
2346,78.2366666666667,tracked,1,1,0.16836871453505142,0.6172365827089591,-0.5205872530711022,-0.09584412536238748,-0.1416071528270328,-0.11115040055060413,-0.2798447736433004,-1.5009486581613354,0.5479505179834905
2347,78.27000000000001,tracked,1,1,0.2015529360616347,0.6116335453250599,-0.5198543522629766,-0.09780948675873719,-0.14307859473466,-0.10968125781915894,-0.28420515471294966,-1.497462244249449,0.5479842402277748
2348,78.30333333333334,tracked,0,1,0.2875114308275564,0.5691018014321525,-0.5156087362064719,-0.08663403337478043,-0.17884297575241265,-0.003074485255089755,-0.2533506786104278,-1.5030076938623305,0.552578170548924
2349,78.33666666666667,tracked,0,1,0.22268758376787195,0.6035348061444621,-0.5147993011278641,-0.08759415703378598,-0.17753578062495234,-0.00394999501191962,-0.2541986786722741,-1.5059634717327617,0.5515523639604022
2350,78.37,tracked,1,1,0.27485836462522917,0.5933503038889835,-0.5192559720739425,-0.09526771515719207,-0.14427934477479643,-0.1018940307571671,-0.27894363388620813,-1.5065569187986616,0.5472835018656889
2351,78.40333333333334,tracked,1,1,0.21462926846760022,0.6241863857469869,-0.5190633964868494,-0.09556075296216116,-0.1389449265883223,-0.11084493980736072,-0.27586413685788314,-1.5044604352782944,0.5457695115190969
2352,78.43666666666667,tracked,1,1,0.2435631490256657,0.6273767085207633,-0.51868575552795,-0.09585039732775677,-0.14090517704075578,-0.10832314167334238,-0.2791170016670455,-1.5042037896451752,0.5459638088485133
2353,78.47,tracked,1,1,0.2515280283149196,0.6141088919208864,-0.5177338693083489,-0.09585563610688216,-0.14086412023675943,-0.10653496559622364,-0.2784145710550583,-1.5060892363440161,0.5450498718214011
2354,78.50333333333334,tracked,1,1,0.220234225356643,0.6163194377008505,-0.5177806712909785,-0.09406808540534509,-0.13778155017971522,-0.10651348750211434,-0.2695875598583764,-1.507997033604123,0.5439939189221594
2355,78.53666666666668,tracked,1,1,0.28171591725334383,0.6061357945734249,-0.5167042037386644,-0.09482130325158869,-0.1407150397004009,-0.10059029263101564,-0.2756183479121024,-1.5076747751248596,0.5438520351248328
2356,78.57000000000002,tracked,1,1,0.3589434878660459,0.5829042260890691,-0.516838203292791,-0.09583544899920149,-0.13881035272467607,-0.10684226894652897,-0.2799190710276797,-1.505561451699725,0.5436676150842056
2357,78.60333333333334,tracked,1,1,0.26601305353902416,0.6278303744349509,-0.5175352901545043,-0.0946148725432201,-0.14305853711099992,-0.1002611202757237,-0.2802413401003609,-1.508200204885175,0.5452160082958093
2358,78.63666666666667,tracked,1,1,0.18834050514408462,0.6491632044798352,-0.5201077244622831,-0.09418874225624937,-0.14246583356078463,-0.1019603462502039,-0.2729683256439557,-1.5078708670591152,0.5474304320599264
2359,78.67,tracked,1,1,0.19845682938331158,0.6454697560739612,-0.5179791466742659,-0.09684453127771273,-0.1409790336179536,-0.1065912958702271,-0.28165009093002646,-1.5012552819476652,0.5454872569984129
2360,78.70333333333333,tracked,1,1,0.17449628519661964,0.6496507294431727,-0.5185458443104702,-0.09639336913382088,-0.13976585068407632,-0.10911978561464632,-0.280088567044705,-1.5022860610852293,0.5456335466978465
2361,78.7366666666667,tracked,1,1,0.19459450892920405,0.6494251007053434,-0.517288677617695,-0.09618226051183781,-0.14093919441027664,-0.10591931640362871,-0.2804739781647376,-1.5043425409322988,0.5447040111378365
2362,78.77000000000001,tracked,1,1,0.1812702683781042,0.6536555692596825,-0.5179828621254952,-0.09575786975356404,-0.13894323941960274,-0.10686809352022074,-0.2783890673591352,-1.5021391618792395,0.5447761364596225
2363,78.80333333333334,tracked,1,1,0.17962796825179586,0.6496427745678293,-0.5195431856980078,-0.09552042176597897,-0.13922320872601013,-0.10729780282385148,-0.2725908912715803,-1.5053618249019702,0.5462896435294663
2364,78.83666666666667,tracked,1,1,0.1875680664090444,0.6392451262124128,-0.5201894637830494,-0.0960599243955603,-0.13858673562274682,-0.11231634020539133,-0.27543859125933257,-1.5046479602871334,0.5468371518069582
2365,78.87,tracked,1,1,0.255938223921062,0.6407865591316853,-0.5186655304888694,-0.09577521278180809,-0.13920017371104665,-0.10730804604110407,-0.27593390219928393,-1.5070974424066725,0.545493824219749
2366,78.90333333333334,tracked,1,1,0.2643552835287077,0.6450844582114426,-0.5183118491173604,-0.09644830422736408,-0.14101723904347413,-0.10256147181294233,-0.27823159029403777,-1.5070660327633139,0.5457428973713133
2367,78.93666666666667,tracked,1,1,0.2275067991359868,0.6166552959252888,-0.5161894287112265,-0.0976570898782344,-0.1407967543910716,-0.10264039002399235,-0.2828927148231002,-1.5044865289003495,0.5438861641591627
2368,78.97,tracked,1,1,0.2716064077073244,0.6019251293283163,-0.5185634279849695,-0.09605774285564617,-0.1391046733409313,-0.10878975209876374,-0.27387682010956393,-1.5038052073254864,0.5454220649655928
2369,79.00333333333334,tracked,1,1,0.23641927684939118,0.6375140268047255,-0.5194608589842932,-0.09701090244472713,-0.14180054032484862,-0.10930789116965965,-0.2806415174729369,-1.5029839907172224,0.5471362649708563
2370,79.03666666666668,tracked,1,1,0.21287373251491812,0.626305407612991,-0.5186838839188318,-0.09685597005947538,-0.14058898748309334,-0.10421884672535998,-0.27852808370810495,-1.503102752986567,0.5460579765691621
2371,79.07000000000002,tracked,1,1,0.16669114065034496,0.6368871973803009,-0.5196629275962623,-0.09620507592204489,-0.14023901808816447,-0.10753114675673477,-0.2753489050024519,-1.5058926443315481,0.5467832816988987
2372,79.10333333333334,tracked,0,1,0.18540590436546653,0.6373544643781495,-0.5144503070661757,-0.08696540352848589,-0.17683582375156182,0.0024593547182487994,-0.24677200139106656,-1.5094921924366196,0.550901995288861
2373,79.13666666666667,tracked,1,1,0.1780951322156151,0.6361650101386305,-0.5180384523127208,-0.09654245890608473,-0.14042287181362212,-0.10210582074091806,-0.27920616397290077,-1.5035264652513292,0.5453465571309469
2374,79.17,tracked,1,1,0.1935102798296769,0.6463765275882614,-0.5155695868689727,-0.09693831315654322,-0.1391600371263264,-0.10275618514484117,-0.2837949942962873,-1.50141500801794,0.5427472260591294
2375,79.20333333333333,tracked,1,1,0.25116023362336165,0.6079897777984187,-0.5171502287864156,-0.09789336803519699,-0.13950198623143079,-0.10737056490285986,-0.2865767227505671,-1.4998216790162358,0.5445073689139853
2376,79.2366666666667,tracked,1,1,0.21337954246194266,0.6281022279752922,-0.5145961583292196,-0.09535961883302921,-0.13960144996929702,-0.1007417539067874,-0.2838780396901061,-1.5034847276220789,0.5416560051404414
2377,79.27000000000001,tracked,1,1,0.1785742391481406,0.640168081063812,-0.5162700045589389,-0.09572810829953704,-0.13900555649596563,-0.10447798022599962,-0.28072468459955363,-1.5024810331236602,0.5431584787726763
2378,79.30333333333334,tracked,1,1,0.13759094515606318,0.6486185969659295,-0.5155349537318439,-0.09589166296314047,-0.13887854439059277,-0.10186764115705048,-0.2800379565786108,-1.5037611853918484,0.5424562190971551
2379,79.33666666666667,tracked,1,1,0.12948308665002192,0.647154071023497,-0.5165703711336529,-0.09493419918977258,-0.1419528022384603,-0.09826095607220507,-0.27842311184491164,-1.506368165642989,0.5440662170842027
2380,79.37,tracked,1,1,0.11183154522139382,0.6151628834741472,-0.5172432112685368,-0.09602096874346194,-0.13985927508803425,-0.10373660996922313,-0.278770251484176,-1.503656954918122,0.5443539132494333
2381,79.40333333333334,tracked,1,1,0.10023326932042888,0.6278204620910821,-0.51565667814152,-0.09640206829564066,-0.13841954871018713,-0.10491630566361684,-0.2811624478670202,-1.501770304936128,0.5425450579894323
2382,79.43666666666667,tracked,1,1,0.17913234281391754,0.6029378401626599,-0.5135977083912677,-0.0950146716156707,-0.14001061246987273,-0.0966195981881712,-0.2799008589502893,-1.5006988275049515,0.5407525917563265
2383,79.47,tracked,1,1,0.21497937418383956,0.5991265783831332,-0.5146957574564751,-0.09498983253790758,-0.13730621162232431,-0.10389154533594565,-0.27936320639619117,-1.5021764176303494,0.5410986848804467
2384,79.50333333333334,tracked,1,1,0.23392268310646083,0.6025462468960338,-0.5150405009695143,-0.09606400454763286,-0.13648719876824256,-0.10742541684485983,-0.2813163279077949,-1.5004395111081679,0.5414090561084637
2385,79.53666666666668,tracked,0,1,0.23624724305751654,0.605476233361154,-0.5116407579718099,-0.0851521366386093,-0.17395334251754901,0.004369225289160561,-0.24401973217159292,-1.505276354804002,0.5470712174526423
2386,79.57000000000002,tracked,1,1,0.25505138824650503,0.6128292228524268,-0.5172375083082044,-0.09508539814767134,-0.14038355261418733,-0.10233483498353843,-0.27629354329602973,-1.5021297843533425,0.5443192214007891
2387,79.60333333333334,tracked,1,1,0.21549964501569752,0.6319178410984659,-0.5174334001117439,-0.09479339293292838,-0.14119708867837938,-0.10153730183148409,-0.27690466500925426,-1.5027642214700712,0.544664785667466
2388,79.63666666666667,tracked,1,1,0.16445960395389556,0.6551168557318834,-0.5192776607549004,-0.09527734462771167,-0.14074026087750097,-0.10773385309369021,-0.27806981717551327,-1.5042754006677694,0.5463834572809249
2389,79.67,tracked,1,1,0.1530845065490127,0.6520489915001436,-0.5172912880906864,-0.09684023497178398,-0.13886411920828506,-0.10979134954474956,-0.28515070810434845,-1.5002422869199266,0.5442899516318528
2390,79.70333333333333,tracked,1,1,0.16199142287892973,0.6454019575576899,-0.5167481522519398,-0.09595933516414726,-0.13921077330409715,-0.10665028851786103,-0.2822544118473504,-1.5039703311148507,0.5437062499777466
2391,79.7366666666667,tracked,1,1,0.157591666269733,0.6294688554114743,-0.5158934037399634,-0.09761933782286666,-0.14018121158995972,-0.10809940577989786,-0.2908255974070615,-1.4966116748171256,0.5434393353652355
2392,79.77000000000001,tracked,0,1,0.17147558678839525,0.6224850305495194,-0.5144725030759487,-0.08520443460596014,-0.17715370670978503,-0.00048020634960192445,-0.2502552851907844,-1.5117232619104086,0.5507496599170715
2393,79.80333333333334,tracked,1,1,0.18942339390842203,0.6242698502434763,-0.518433308908304,-0.0957069234470116,-0.1396327903479499,-0.10876075663143683,-0.2817503535153145,-1.5061162779548467,0.5453716412884517
2394,79.83666666666667,tracked,1,1,0.19199010530259517,0.6025301052038957,-0.5186600743192196,-0.09703447317853747,-0.14043978925788064,-0.10966552471477937,-0.2863059336953364,-1.5034647925902371,0.5460286586660562
2395,79.87,tracked,1,1,0.1937265462482773,0.6133972617368773,-0.5198050355591527,-0.09596520728626354,-0.14111196735461418,-0.11041891540511423,-0.2826334592932704,-1.5045736896126638,0.5471007067559291
2396,79.90333333333334,tracked,1,1,0.21234562182729363,0.6114775454196042,-0.5185467741257406,-0.09650908678582401,-0.139575337270953,-0.11227327149206948,-0.28248729303114883,-1.5028196217160972,0.545606117600184
2397,79.93666666666667,tracked,1,1,0.23474187472680497,0.5841485193405512,-0.5174551133760527,-0.09678890768878809,-0.14181620796809669,-0.1026798530263288,-0.2845984193319387,-1.5035560028348693,0.5451969587709222
2398,79.97,tracked,1,1,0.21091572652830037,0.6000212952838725,-0.5171733873213196,-0.09599461064721765,-0.14113129089436977,-0.10197880054065937,-0.2816866157821541,-1.5054476587925518,0.5446111632130118
2399,80.00333333333334,tracked,1,1,0.1899701439006549,0.6341596749510652,-0.5165723007530371,-0.09463357160449665,-0.1411463036597192,-0.10233634264258257,-0.2812773515668221,-1.5056183270540688,0.5438057868547477
2400,80.03666666666668,tracked,1,1,0.22372469353972632,0.6110765657921392,-0.5161779394023372,-0.09576166539516878,-0.13970535793170963,-0.10450888782724897,-0.2821915118649814,-1.5033363973670673,0.5432564299847047
2401,80.07000000000002,tracked,0,1,0.1860194766596716,0.6417537333591481,-0.5122907329773905,-0.08603824597345638,-0.17625540742298607,0.004837392812990334,-0.2492199603825993,-1.5071795493626579,0.5485529541535109
2402,80.10333333333334,tracked,1,1,0.20094452691470088,0.6436321393713084,-0.5146819584229106,-0.09631518063536515,-0.1375703078250925,-0.103356834179558,-0.28669405029299794,-1.5032066060715128,0.5413868505440047
2403,80.13666666666667,tracked,1,1,0.14633332524402312,0.6303569500011507,-0.5161807651822392,-0.09518502908944232,-0.13880956490038832,-0.10269850191875715,-0.2801837866862789,-1.5053114531885592,0.5429280499428217
2404,80.17,tracked,1,1,0.13366353462887223,0.6305614182572028,-0.5152252447585524,-0.09588059033298665,-0.13618912285460577,-0.10846769982648304,-0.2857023448179998,-1.5024596505107446,0.5414772549452277
2405,80.20333333333333,tracked,1,1,0.2331002312136837,0.6334707628487105,-0.5168326236081517,-0.096684734260082,-0.1406925437506536,-0.10331988178108181,-0.2822132380118045,-1.5039521842795986,0.5442961423082637
2406,80.2366666666667,tracked,0,1,0.20237570041372582,0.6259764572778135,-0.5127785434680043,-0.08635101205936588,-0.17511563582107353,-0.0003194570451896717,-0.24846117123850084,-1.5082486936340804,0.5486928264829636
2407,80.27000000000001,tracked,0,1,0.20271897030456162,0.615052446444443,-0.5122423355797064,-0.08642726333725159,-0.17582142286211777,0.00017912103113417935,-0.25033397666129803,-1.5067625221378895,0.5484296262469588
2408,80.30333333333334,tracked,0,1,0.27349839440611406,0.5946129421793342,-0.5132659887726468,-0.08657206440674686,-0.17569386317489488,-0.0016319024000812303,-0.24993658291320073,-1.5062045781075608,0.5493678468237174
2409,80.33666666666667,tracked,1,1,0.2835767976135773,0.5797423052066599,-0.5157883208566574,-0.09647133003617511,-0.1387731305537383,-0.10790644704425863,-0.28429543763468457,-1.5010801657132007,0.5427727804659733
2410,80.37,tracked,1,1,0.25659973032318717,0.5873227156108458,-0.5152739025515825,-0.09691363215001345,-0.14148001552548067,-0.10049908225910435,-0.2860993633439893,-1.5002848935560331,0.5430617290330226
2411,80.40333333333334,tracked,1,1,0.21399527415674754,0.5775109192373087,-0.5154907863792729,-0.09575242145382035,-0.14064005232670906,-0.09985357345939186,-0.2813658623421269,-1.5028000661557095,0.5428433488352332
2412,80.43666666666667,tracked,1,1,0.19614986203715318,0.5858972424586217,-0.5153100294990722,-0.09635323977224666,-0.13740894167887535,-0.10780084492026866,-0.2819593515552589,-1.5028884089633223,0.541949804474779
2413,80.47,tracked,0,1,0.2264781453465116,0.6167753393494956,-0.5130862771646478,-0.08626875252297853,-0.17667547126020483,0.000886309629571149,-0.24646825600370562,-1.5094971408949234,0.5494670578128995
2414,80.50333333333334,tracked,0,1,0.22316797462319785,0.61903114734299,-0.5129787089336223,-0.08620611420171215,-0.17701769065009765,0.0021181172192811033,-0.24581254026831684,-1.5070169412883734,0.5494669350816829
2415,80.53666666666668,tracked,1,1,0.22769815886170416,0.6049417235660536,-0.5169328827249011,-0.09722364747716941,-0.14122728775719923,-0.10672787482350381,-0.28543260895633066,-1.5007363898819472,0.544625733580682
2416,80.57000000000002,tracked,1,1,0.251375424087748,0.5981330258149655,-0.5171647339449359,-0.09671799023515901,-0.1424577740598746,-0.10426441349075723,-0.28420719370053765,-1.5023249807318733,0.5450760947441733
2417,80.60333333333334,tracked,1,1,0.2498919227368306,0.5780556543084403,-0.5175893993197376,-0.09591629823181852,-0.1416345376952614,-0.10433876489048304,-0.2781497561137204,-1.5045688432015956,0.5451229813746732
2418,80.63666666666667,tracked,0,1,0.2316810577093591,0.6203471440300625,-0.514104864166782,-0.08697072088689048,-0.17564051021990412,-0.0033737308109619683,-0.24790624201873512,-1.5082426239366196,0.5501975158811961
2419,80.67,tracked,1,1,0.1991201501458397,0.6293276279206291,-0.5174835721827344,-0.09491809504587437,-0.14167679238697228,-0.10187319584795963,-0.27926258041768565,-1.503414291597077,0.5448587025525079
2420,80.70333333333333,tracked,1,1,0.15054153355118166,0.6398399940849901,-0.5160175656129045,-0.09568920752993473,-0.14027068704936768,-0.10404834084707297,-0.282726722073347,-1.500449491251456,0.543236981532072
2421,80.7366666666667,tracked,1,1,0.15958947892852837,0.6172008909503766,-0.515363817432325,-0.09585363222627863,-0.1376306908649132,-0.10646335310910185,-0.28368049108492777,-1.5001123916692274,0.5419686247351804
2422,80.77000000000001,tracked,1,1,0.22593834905163365,0.613410083218262,-0.5149634608984202,-0.09507890168360836,-0.13856174689183648,-0.10380231617948722,-0.28007132891282693,-1.5011266615764371,0.5416887679355714
2423,80.80333333333334,tracked,1,1,0.28744330738463103,0.5725029819435596,-0.5168143687364147,-0.09622726437973861,-0.14001738899760174,-0.10511668302070275,-0.28153895848154964,-1.5022524109224202,0.5440235724342584
2424,80.83666666666667,tracked,0,1,0.21964802607010095,0.6083509334931785,-0.5151320599152018,-0.08802515167596883,-0.17916561407794407,-0.006130182359090642,-0.2516366169437306,-1.5076809291745936,0.5524579474928234
2425,80.87,tracked,1,1,0.2332376091098894,0.6063234654119225,-0.5186825292553072,-0.09562498768955074,-0.1439655822448192,-0.10472529904575123,-0.28210477031375814,-1.5062374999122632,0.5467191173686897
2426,80.90333333333334,tracked,0,1,0.22742567394479027,0.6131561788368604,-0.5138250498460155,-0.08826217783086587,-0.17811774191076135,-0.002259634681645043,-0.25177323903540283,-1.5055597784680466,0.5509376769364175
2427,80.93666666666667,tracked,1,1,0.18348809600875796,0.6258206251029285,-0.5155866920661403,-0.09501334542335033,-0.13935200171186019,-0.10551168546351372,-0.2806521360006454,-1.5063924205743675,0.5424722603279767
2428,80.97,tracked,0,1,0.14565692530565788,0.6277113152620591,-0.5126671852597993,-0.08667180597189883,-0.17678452629263597,0.0006668732068736479,-0.2480019033282826,-1.5074995047678108,0.5491743015920788
2429,81.00333333333334,tracked,0,1,0.22618981192753246,0.5947278121132007,-0.5131186894358861,-0.08671515289316603,-0.177713682145326,-0.00026173737690818273,-0.2508308429133906,-1.5069692821067384,0.5499022276835551
2430,81.03666666666668,tracked,1,1,0.21938010128915736,0.5957290476274417,-0.5165136860409888,-0.09474390985004938,-0.14087183602275488,-0.10348007512119531,-0.28049672736601977,-1.5059822808749144,0.543698142819842
2431,81.07000000000002,tracked,0,1,0.18429488708333458,0.625255912218661,-0.5129954143792883,-0.08667208405103635,-0.17826818034733632,0.00110297779022763,-0.2513288627789595,-1.5086597335811922,0.5499598980401008
2432,81.10333333333334,tracked,0,1,0.1711302940184344,0.6351146109179573,-0.5131552646075634,-0.08728887581238132,-0.17688583894868698,-0.0009009011509446769,-0.25001136098286303,-1.5062970581298951,0.5497601963180206
2433,81.13666666666667,tracked,0,1,0.14640943622009978,0.6290268658783096,-0.5133618137608668,-0.08723777719253664,-0.17783083205094713,-0.0011097279876488451,-0.24931961510166795,-1.506881831822045,0.5502495674012599
2434,81.17,tracked,1,1,0.17886175587923622,0.6032587016395293,-0.5163623980670551,-0.09652995143657236,-0.14240835104291244,-0.10413780176167763,-0.2863169973771081,-1.5034068971115302,0.5442685882068414
2435,81.20333333333333,tracked,1,1,0.20875990157995566,0.6377187369372683,-0.5173963010106755,-0.0958572026556144,-0.14359231137920508,-0.10304402235360527,-0.2857515213480485,-1.5024807177274373,0.5454413694318682
2436,81.2366666666667,tracked,0,1,0.18314983167912613,0.6483559066517425,-0.5149724476869972,-0.08813416379242545,-0.17797129512319076,-0.0048068627051521245,-0.25182111091553966,-1.50591404917476,0.5519402454903547
2437,81.27000000000001,tracked,0,1,0.21705175747353891,0.6272003933084834,-0.5137099989405884,-0.08815746066755259,-0.1791535821893076,-0.0030764635378503695,-0.2532655668059148,-1.505541500375424,0.5511494415257548
2438,81.30333333333334,tracked,1,1,0.21158579247866902,0.6105312406929906,-0.5177096668862244,-0.09480016948069606,-0.14360642234736098,-0.1036168770734294,-0.28167290401248396,-1.5062759906733412,0.5455576741834202
2439,81.33666666666667,tracked,1,1,0.29348423862680356,0.607413462709596,-0.5174385608219525,-0.09465557104927783,-0.14292124425082198,-0.10338247029012196,-0.2812197176250228,-1.5054786255350143,0.5450952425167197
2440,81.37166666666667,tracked,1,1,0.2526524803624216,0.6262706831077366,-0.5161860212629688,-0.09440006696681241,-0.14357330354803016,-0.10152480703873593,-0.2831517158609188,-1.506838840176295,0.5440337073034422
2441,81.405,tracked,1,1,0.26260151510739604,0.6122973400856153,-0.5185066468805293,-0.09504686890898892,-0.140358277795754,-0.11208069671800144,-0.2800856989774416,-1.5058335620509016,0.545512141289708
2442,81.43833333333333,tracked,1,1,0.2619316722123349,0.6064582001171988,-0.5186660224769299,-0.09484013192578797,-0.1450525253725053,-0.10170476806918462,-0.27652837474936104,-1.5079319444171237,0.5468540286152067
2443,81.47166666666668,tracked,1,1,0.2573540412007179,0.5830791060113006,-0.5163535560305146,-0.09415083476555594,-0.1429146413080281,-0.09735595305667842,-0.2790175456568711,-1.5060695833134123,0.5439760741177971
2444,81.50500000000001,tracked,1,1,0.2764515977765104,0.5823468432366019,-0.5162393798535887,-0.09457683975559306,-0.14182325041985822,-0.09925855992686956,-0.2802097481311595,-1.5058041536214006,0.5436558748780581
2445,81.53833333333334,tracked,1,1,0.29641312262658825,0.5712473845784676,-0.5175567764162867,-0.09329824263505712,-0.14438346149267262,-0.09624875320132567,-0.27568099728665185,-1.5089405475689368,0.5453587469233572
2446,81.57166666666667,tracked,1,1,0.3202806345933356,0.5967046918286809,-0.5162750768802593,-0.09494509316922509,-0.14183802859131306,-0.10321221590892819,-0.28360977667820975,-1.5054849853222023,0.5437578064536642
2447,81.605,tracked,1,1,0.17281796330062887,0.6301088423187631,-0.5154686264979513,-0.09419030961385705,-0.14373174179983933,-0.09742601969401403,-0.2854420995645834,-1.5053830066973637,0.5433585675496931
2448,81.63833333333334,tracked,1,1,0.2169213854792328,0.6019698657090751,-0.5177474857158437,-0.09497994555142966,-0.14298982400682592,-0.10116648664181584,-0.28127517155377696,-1.5084723690673503,0.545462866556041
2449,81.67166666666667,tracked,1,1,0.20732949675445342,0.6150375209768528,-0.5168644510963762,-0.09539089865975103,-0.14170896734883442,-0.10572580002343503,-0.28016463119625434,-1.5066781195807921,0.54436175084345
2450,81.705,tracked,1,1,0.2347788997352096,0.6114192806341946,-0.5175397522998835,-0.0942843067252783,-0.14171890722265917,-0.10151233009595291,-0.2764854066996939,-1.5070249118330536,0.5448129719175892
2451,81.73833333333334,tracked,1,1,0.27271750948840434,0.6033822153122865,-0.5174557062360481,-0.09468291299137846,-0.14127377955548026,-0.10339361757816283,-0.27816895334508984,-1.5061750954641535,0.5446866463561142
2452,81.77166666666668,tracked,1,1,0.238123208140944,0.6079299356580894,-0.5165229134820708,-0.09452111901959007,-0.14030361632015448,-0.10081800114727377,-0.27245603892791026,-1.5072171453582592,0.5435211742381666
2453,81.805,tracked,1,1,0.2703592850676442,0.5940238037217539,-0.5182963012523598,-0.09406352671031565,-0.14304749709785186,-0.09850978205310061,-0.2712701492040869,-1.5079611255665752,0.5458402599433456
2454,81.83833333333334,tracked,0,1,0.18787226116189015,0.6284194764198179,-0.5125918167350478,-0.0867298420692702,-0.177739678720439,-0.001999276769527363,-0.2530386217850764,-1.5095809427559705,0.5494213587773434
2455,81.87166666666667,tracked,1,1,0.28915403844954796,0.5955592568807098,-0.5172149584947097,-0.09519489214435717,-0.14397573553772708,-0.09763083050632423,-0.2811355021157725,-1.5064680262340098,0.5452544297891485
2456,81.905,tracked,1,1,0.15214621722311794,0.6300609361195184,-0.5172462683367508,-0.09481037106371878,-0.14501908662925123,-0.09543665349508451,-0.27975700601753634,-1.5075829159313725,0.5454935783822907
2457,81.93833333333333,tracked,1,1,0.1564848767621797,0.6245387718213661,-0.5175211607287027,-0.09441788131530676,-0.1430757250062772,-0.09812145418398933,-0.27295734628983215,-1.5066181668102745,0.5451729553087964
2458,81.97166666666668,tracked,1,1,0.1952887436319993,0.6153253074314077,-0.517042918942882,-0.0945628526184954,-0.14283278750247874,-0.09711386036785256,-0.27227278528174564,-1.5067505408914816,0.5446803817928926
2459,82.00500000000001,tracked,1,1,0.16148092809601614,0.6383134723454029,-0.5148188770545765,-0.09580246437673937,-0.14229642317400049,-0.09832374465851326,-0.28363404501202766,-1.505416444346584,0.5426461650104106
2460,82.03833333333334,tracked,1,1,0.1731592137425636,0.5978091706921268,-0.51776137613514,-0.09501729879955159,-0.14330208588852045,-0.09979153596998853,-0.27300920455120314,-1.505769441370628,0.5455644943620488
2461,82.07166666666667,tracked,1,1,0.1044350547246631,0.6484334686103941,-0.5175619384906072,-0.09566679639048442,-0.14522092592923735,-0.09672483689411719,-0.27721293023568483,-1.5080337023062693,0.5459959829829506
2462,82.105,tracked,1,1,0.19643944370079713,0.615793139532533,-0.5178687716509998,-0.09665284590179388,-0.14441291687522123,-0.10332500578912814,-0.2809557189310177,-1.5034588942541802,0.546246215394341
2463,82.13833333333334,tracked,1,1,0.26633153102024887,0.5939786149237986,-0.5167534291312353,-0.09591269838683616,-0.145999623875622,-0.09823337233888849,-0.28098347889434505,-1.505966699248318,0.5454807443004364
2464,82.17166666666667,tracked,1,1,0.18497635994542316,0.6217011628338992,-0.5170259805790076,-0.09537363472055896,-0.14286416081738423,-0.10224245513294383,-0.27320628351767196,-1.5046897911736619,0.54481387944834
2465,82.205,tracked,1,1,0.1361703628371309,0.6485818089287148,-0.5151847336500976,-0.09649336702159819,-0.14167705136391667,-0.10299448200299677,-0.2799012586974374,-1.5012567688342127,0.5429536504605718
2466,82.23833333333334,tracked,1,1,0.17751413335030397,0.6356508919220901,-0.5163755311888344,-0.0950443313534794,-0.14304750424627155,-0.10129471559522264,-0.2779944219807906,-1.5039487369625073,0.5441871944506484
2467,82.27166666666668,tracked,1,1,0.20811564170892657,0.6157193093532234,-0.5172546785892114,-0.09486773550924502,-0.14185744992169236,-0.10158109374288427,-0.2728272378035147,-1.5054325757380296,0.5446795625515666
2468,82.305,tracked,1,1,0.21768958840796476,0.6355156131186983,-0.5124603933981171,-0.0941306502698509,-0.13949947408067076,-0.10350146566739164,-0.2830879227380752,-1.498696952008812,0.539385147543721
2469,82.33833333333334,tracked,1,1,0.21726983697229318,0.652170396624845,-0.5118238374588664,-0.09436409565049664,-0.13921708928535265,-0.10306850502159742,-0.28539434946745373,-1.5024259488439313,0.538748198222641
2470,82.37166666666667,tracked,1,1,0.1930162175967739,0.644546649709572,-0.5100153355583033,-0.09517483911212452,-0.13930313750201573,-0.09889282914759133,-0.2861008645599691,-1.497739322112307,0.5371957339951361
2471,82.405,tracked,1,1,0.15497648224939545,0.6412882214579971,-0.5115349670616725,-0.09546886264439022,-0.1426266144554702,-0.09869436771745493,-0.289145173449107,-1.4998902056956878,0.5395597069949063
2472,82.43833333333333,tracked,1,1,0.13663959460180866,0.6515346911115688,-0.511168278330465,-0.09452892599267376,-0.1444473766806646,-0.09256811916135173,-0.28468229774259984,-1.5000939052087696,0.5395310660662516
2473,82.47166666666668,tracked,1,1,0.13544284294285955,0.6151388737979179,-0.5107702437880435,-0.0953212786987975,-0.1420420514735834,-0.09495466312723923,-0.28693538062361007,-1.501766039843776,0.538654186374612
2474,82.50500000000001,tracked,1,1,0.21574953153012075,0.6513031380816073,-0.5110296756902212,-0.09619120151531257,-0.13715709528182074,-0.10946324738925903,-0.2864456045632499,-1.4994049787859942,0.5377881975937725
2475,82.53833333333334,tracked,1,1,0.19707423463115792,0.6421334353858547,-0.5118586140715345,-0.09555120022277544,-0.14504732339406018,-0.09675997846164754,-0.28515327067538393,-1.5004628294401676,0.5405256688511898
2476,82.57166666666667,tracked,1,1,0.23810225968152723,0.6631397013307319,-0.5095349822086594,-0.09563580187448006,-0.14077572560717283,-0.09568188672315778,-0.2896031498489074,-1.4994398069388262,0.5372056492766804
2477,82.605,tracked,0,1,0.34825586734823727,0.5939786949756243,-0.5069613134010929,-0.08566026204490282,-0.17369715489961207,0.0024295826873564183,-0.2538847350129789,-1.5056422640733322,0.5426952693724004
2478,82.63833333333334,tracked,0,1,0.30221708802648395,0.6367950164095117,-0.5067615292028383,-0.08689240093458672,-0.17316247424973208,0.0003889753275831216,-0.2520374044461358,-1.5056317118702434,0.5425336665207656
2479,82.67166666666667,tracked,0,1,0.2018655010874061,0.6338296216725857,-0.5080842116687404,-0.08639804820188052,-0.17409624792690837,-0.0009161152322053079,-0.2526543788932125,-1.506541666793549,0.5439886877705891
2480,82.705,tracked,0,1,0.27133372642981973,0.5912131223600208,-0.5089450480966067,-0.0879233628387408,-0.17326570572878613,-0.0037713257268411054,-0.25216065843858226,-1.5037686961393903,0.5447720481968806
2481,82.73833333333334,tracked,1,1,0.19265180676262678,0.6169394792696392,-0.5122102401833265,-0.09525446795189699,-0.14050263927164464,-0.09581054131572825,-0.2799009051244728,-1.5018195960071203,0.539605166261182
2482,82.77166666666668,tracked,1,1,0.2346115732592378,0.6219273701814522,-0.5117243184287825,-0.09435353592159895,-0.1399441829253144,-0.096843069917785,-0.28036056263722453,-1.502151454043686,0.5388401823796591
2483,82.805,tracked,0,1,0.2227543323095963,0.6049318712360455,-0.5088829024994519,-0.0858320328950857,-0.1729042789288725,-0.0009978070426135232,-0.2493089472911587,-1.5060114861153098,0.5442654095191822
2484,82.83833333333334,tracked,0,1,0.22768230260931563,0.6235400132227771,-0.5096495267407821,-0.08874345230094702,-0.17437267983048788,-0.00473520502668147,-0.2542949302027886,-1.5029241732962266,0.5459156270932894
2485,82.87166666666667,tracked,1,1,0.23618453565887004,0.6186743841220119,-0.5118040003323288,-0.0960591058057024,-0.14106501811789263,-0.09966886825186619,-0.2889067675057658,-1.4989696748847152,0.5395090600731065
2486,82.905,tracked,0,1,0.21484014792564438,0.6205220789118229,-0.5105784481822739,-0.08792465638937733,-0.1744559591895135,-0.006832611340782057,-0.25567985787532627,-1.5045129102614934,0.5466772161395993
2487,82.93833333333333,tracked,0,1,0.19182953742399797,0.6456845370002223,-0.5096285299398593,-0.08713950128702463,-0.17395598135496554,-0.0009437654147996126,-0.24969569508630612,-1.503837297816843,0.5455045505423237
2488,82.97166666666668,tracked,0,1,0.20041691232226125,0.6408977856684016,-0.5090279727129965,-0.08658348356773787,-0.17261795026498183,-0.003312630406872179,-0.2495911931321849,-1.5066209560324424,0.544429181239132
2489,83.00500000000001,tracked,0,1,0.15453965006443343,0.6200760129828924,-0.5117875047590941,-0.08851709667783422,-0.17538414190670226,-0.007985227631264242,-0.2520116787644314,-1.502603868193645,0.5481982521535097
2490,83.03833333333334,tracked,1,1,0.27452292175884035,0.6233780340669304,-0.5107219594573735,-0.09695207161371552,-0.14354528460854032,-0.09500397621513097,-0.28766955698492064,-1.501445811328171,0.5392975735116161
2491,83.07166666666667,tracked,1,1,0.2475416123844699,0.6197108888833969,-0.5125008881501265,-0.09687136422352771,-0.143577139247259,-0.09881990882085558,-0.2876715022130524,-1.5023092862796412,0.5409765396721217
2492,83.105,tracked,1,1,0.2457500541367032,0.6312055875021743,-0.5131778859262381,-0.09706633309984067,-0.1421475231132564,-0.09960531880338143,-0.2810570289189266,-1.5009458373436892,0.5412756543134062
2493,83.13833333333334,tracked,1,1,0.26556723760975076,0.6434868843333107,-0.5142280901723508,-0.0964744937072062,-0.1448008982489169,-0.09687584535024568,-0.2828083634557611,-1.5014002920771221,0.5428675315323789
2494,83.17166666666667,tracked,1,1,0.2516901757321331,0.6561066996980898,-0.5146246762321469,-0.09643251535566505,-0.14279138244707495,-0.09834755710122461,-0.275871283733331,-1.5017983443903964,0.542703571303902
2495,83.205,tracked,1,1,0.2120089283347299,0.6538471422336747,-0.5155275598849547,-0.0978550947529564,-0.1468340906650249,-0.09564150241155936,-0.28291037574309064,-1.5025964099642029,0.5448894702152633
2496,83.23833333333334,tracked,1,1,0.290811201887749,0.6365090936528189,-0.5124239565845734,-0.0969683270622538,-0.14638747478188868,-0.09261496719818034,-0.2851939458158117,-1.4997755510847055,0.541673758371272
2497,83.27166666666668,tracked,1,1,0.2848016086528711,0.6047076596364236,-0.5140513794099256,-0.09649009925983393,-0.14547512086552755,-0.09491629756223922,-0.2817805595140156,-1.4977061823120004,0.542883201728751
2498,83.305,tracked,1,1,0.3136515054103371,0.6132392073633326,-0.5114556994428479,-0.09707335823508279,-0.14487314035660864,-0.09084730657482346,-0.2868906343448367,-1.4978602176649156,0.5403687594304422
2499,83.33833333333334,tracked,1,1,0.30210814287205845,0.6100017232280298,-0.5129608281850766,-0.09671239595015488,-0.14657934640350145,-0.08833835016468781,-0.2820149941660483,-1.4989374600025227,0.5421877936424029
2500,83.37166666666667,tracked,1,1,0.30708881000513855,0.6118611435447701,-0.5120653914398219,-0.09665302752595217,-0.14744252177929462,-0.08560294842416911,-0.2845829722584451,-1.4989592913151206,0.5415644652938265
2501,83.405,tracked,1,1,0.20968844522682245,0.6423697669006563,-0.5129870182679139,-0.09665356317736903,-0.1468817886537669,-0.08644132875870986,-0.279432859562152,-1.4995520816802697,0.5422839219674658
2502,83.43833333333333,tracked,1,1,0.111000230613622,0.6608648077692278,-0.5138585159389117,-0.09747544415734719,-0.14557900561994547,-0.09233409660792144,-0.27839840731830856,-1.4972801631661985,0.5429044883714861
2503,83.47166666666668,tracked,1,1,0.22165729857236424,0.6329113666257855,-0.511492348912208,-0.09646253382601375,-0.1475792958858394,-0.08382050355272215,-0.2825941672135702,-1.4984299376726973,0.5410259624103292
2504,83.50500000000001,tracked,1,1,0.3222033529148608,0.6272224053732985,-0.5110361423301222,-0.09785206032064736,-0.14425549243804975,-0.09117985966370273,-0.28695833926422676,-1.494607353671572,0.5399468599549336
2505,83.53833333333334,tracked,1,1,0.26743354447083223,0.6370986296502157,-0.5114268046020416,-0.09545042445477284,-0.14649720997030913,-0.08503143589479319,-0.27941217585489087,-1.5004443376714967,0.5404901410045663
2506,83.57166666666667,tracked,1,1,0.25000617277477466,0.6438017495846151,-0.508810670579481,-0.09743819970885936,-0.141186891028251,-0.09239719703436212,-0.28840211552868544,-1.4968315034602475,0.5369508724792874
2507,83.605,tracked,1,1,0.1912902342112117,0.6314828349588836,-0.5123944918777164,-0.09783639532187097,-0.14289672508849321,-0.09613366858181817,-0.2818170792515461,-1.498205609830169,0.5408692536992807
2508,83.63833333333334,tracked,1,1,0.17414816909470351,0.6418912055602524,-0.5117281019318582,-0.09640927431144056,-0.14196978231867785,-0.09162768878773654,-0.27204855135187855,-1.4995572137600421,0.5397368039810271
2509,83.67166666666667,tracked,1,1,0.2216436974678348,0.6246405504442316,-0.5109106408413113,-0.09884510969482915,-0.14439289489764073,-0.09038540083127874,-0.28303409331923846,-1.4963882829071864,0.5400456894859762
2510,83.705,tracked,1,1,0.23240646330981699,0.6275782670442881,-0.5157361320473486,-0.09970594892406864,-0.14780965204967722,-0.0942057604120814,-0.2821380961996827,-1.5010830421575452,0.545685557247996
2511,83.73833333333334,tracked,1,1,0.23136269776269214,0.6229715714704979,-0.5164260671907538,-0.09951590043901043,-0.14540045448909672,-0.09860369296718077,-0.277736680787648,-1.498660567164495,0.545656109174938
2512,83.77166666666668,tracked,1,1,0.21965249117169539,0.6288486503629022,-0.5146699640087269,-0.09922584649797464,-0.1457171764640089,-0.09695914130014054,-0.2847125113741754,-1.4982701918806038,0.5440261353856328
2513,83.805,tracked,1,1,0.21984236977714525,0.6357610242970344,-0.5160804554597527,-0.09782985848356582,-0.14554147043857252,-0.09770462653180727,-0.2771605646968199,-1.5002198075835236,0.5450614986732067
2514,83.83833333333334,tracked,0,1,0.2532155145634329,0.6417791698136328,-0.5113193004253154,-0.08875346380724816,-0.1775532084141716,-0.0038176340703052008,-0.25141474317139273,-1.5031196674443876,0.5484977175370784
2515,83.87166666666667,tracked,1,1,0.24942773954875352,0.6443054348098025,-0.5142116649852511,-0.09862714869116146,-0.14415588225177245,-0.10101289657225662,-0.28354416180924197,-1.4977356473140653,0.5430670946150572
2516,83.905,tracked,1,1,0.229840270816066,0.6326279675025328,-0.5156900749280904,-0.09929456434670639,-0.14366770099952642,-0.10093038313378061,-0.2782411060493386,-1.4984155799673498,0.5444594311779629
2517,83.93833333333333,tracked,1,1,0.173363561988202,0.6279637666648024,-0.5164735853239846,-0.09704502335916504,-0.14460910319110426,-0.0968083832047423,-0.2708922958628268,-1.5043743636715918,0.5450454051011966
2518,83.97166666666668,tracked,0,1,0.11002066048596602,0.607801224182696,-0.5140454222500135,-0.0890298163942232,-0.17872496919730435,-0.008087928816726837,-0.24964785174567594,-1.5031130393837702,0.5514631619228624
2519,84.00500000000001,tracked,0,1,0.17987828583276544,0.5508668879135139,-0.512551940942704,-0.08634682894862686,-0.1774887401741087,0.0010877175367609304,-0.2516973262206081,-1.5079360297033544,0.549242678533095
2520,84.03833333333334,tracked,1,1,0.15259742147605754,0.6278098093685234,-0.512713570865638,-0.09605589090253766,-0.1765616595276832,-0.049919264767326915,-0.2893786798687602,-1.5118810650041419,0.5507049659682063
2521,84.07166666666667,tracked,1,1,0.24206775440308126,0.5667968523266348,-0.5172776972413836,-0.09693341093275754,-0.14690928163838018,-0.09274554075613027,-0.28246455821984257,-1.5037395084741212,0.5464015366467341
2522,84.105,tracked,1,1,0.2483132087049922,0.5667925718247439,-0.5167727557415429,-0.09796843561165708,-0.146597859546801,-0.09542519942949362,-0.285046506838256,-1.5017641215327475,0.5460245670998763
2523,84.13833333333334,tracked,0,1,0.23043370385603787,0.565089587075165,-0.5113638400755123,-0.08615351262465454,-0.17881253697800625,0.009130060448362794,-0.2476506063413193,-1.5069180123741577,0.5485337984617279
2524,84.17166666666667,tracked,1,1,0.26297802534325265,0.5742783881672769,-0.5183350375374491,-0.0953659829938493,-0.14174275912285145,-0.09903929800117013,-0.2679262053497054,-1.5057006154622776,0.5457626696789463
2525,84.20500000000001,tracked,1,1,0.16103433312378032,0.599011638792279,-0.5151675001867616,-0.09654244455382338,-0.14274074209974014,-0.09543126485305635,-0.27796981269002374,-1.5027597572930347,0.5432245542170288
2526,84.23833333333334,tracked,1,1,0.07944935653692098,0.6451315802193532,-0.513008140121384,-0.0972086222411494,-0.14479593055097567,-0.09434835783709483,-0.2894184243525257,-1.5003060744632761,0.5418419784152452
2527,84.27166666666668,tracked,0,1,0.17080181953995582,0.6017908413564426,-0.5098152664305216,-0.08771638977003632,-0.178821602788184,0.0075106382287926906,-0.2538900205857982,-1.5049859561462355,0.5473416999860761
2528,84.305,tracked,0,1,0.23456297401015808,0.5667296348816502,-0.5109948832029794,-0.0868493802422601,-0.17799898300404632,0.006214523875541582,-0.24980867170694687,-1.5045021705461246,0.5480348743087122
2529,84.33833333333334,tracked,1,1,0.20269718032615228,0.5882341716117515,-0.5158355499697835,-0.09764951889331588,-0.14107202073185615,-0.10150855193377252,-0.28385228989247996,-1.5015555678767036,0.5436203253982455
2530,84.37166666666667,tracked,1,1,0.21213371509237997,0.5892115421377024,-0.5163009729369636,-0.09907317915888483,-0.1426144177044137,-0.10071128862177264,-0.28390116601127646,-1.5009241038364525,0.5447210860811914
2531,84.405,tracked,1,1,0.24712230476102726,0.5847726221370583,-0.5159128050682771,-0.09775222075595555,-0.14370972351428501,-0.09584112762162686,-0.2829280274272158,-1.502367552265279,0.5444024281069028
2532,84.43833333333333,tracked,0,1,0.24186818623758133,0.5822014030869086,-0.5106182420472057,-0.08699504027562335,-0.17747759508115918,0.006963681386288096,-0.2515325822251908,-1.5063450718759472,0.5475375995305967
2533,84.47166666666668,tracked,0,1,0.2335768415381647,0.5772318697512282,-0.5110921169975984,-0.0871040475502895,-0.1786143506969789,0.006016288129305034,-0.25244102470408253,-1.505089103776389,0.548366076113059
2534,84.50500000000001,tracked,1,1,0.2437885521074809,0.6061578114484756,-0.5178640125668471,-0.0972038275879018,-0.14352329793399016,-0.0951256743866484,-0.2755651893310581,-1.5005665021879853,0.546104986847239
2535,84.53833333333334,tracked,1,1,0.23267686737448715,0.611175048779429,-0.5184072569642335,-0.09698556072282744,-0.1458550087003176,-0.09660306815138475,-0.2779944859231571,-1.5034996515989205,0.5471982882144935
2536,84.57166666666667,tracked,1,1,0.2418121922371684,0.6131835866142697,-0.5169385238283531,-0.09698744173158322,-0.14300351134574352,-0.09764338280018134,-0.27782140078057604,-1.503240875083845,0.5450522961411008
2537,84.605,tracked,1,1,0.2301953727337592,0.6140035632560061,-0.5193885071199942,-0.09573746130599689,-0.14426779072952745,-0.09813585663661985,-0.27230079716859323,-1.5061670576369397,0.5474881535409074
2538,84.63833333333334,tracked,1,1,0.24694869303545045,0.5903636334550744,-0.5179574921622734,-0.09635619419727254,-0.1443431712027653,-0.09899127129570569,-0.2803845289113394,-1.5041925715988855,0.5462594904622572
2539,84.67166666666667,tracked,1,1,0.1786847906947583,0.5875731797938396,-0.5189447677561447,-0.09428819525518983,-0.14789564135948063,-0.0889621039227607,-0.26966641020766813,-1.50734733298048,0.5477837679952665
2540,84.70500000000001,tracked,1,1,0.1895872265289675,0.5627378526320659,-0.5176795481079279,-0.09543956105539328,-0.14401317321535428,-0.09695327792070801,-0.27292510649265944,-1.5021860320324618,0.5457477607862723
2541,84.73833333333334,tracked,1,1,0.23388239030196398,0.5526540338087083,-0.5169213633693858,-0.09565551653967724,-0.142752703965908,-0.09959413291408493,-0.2795271566841167,-1.5016972270551932,0.5447348054252777
2542,84.77166666666668,tracked,1,1,0.2205365240785388,0.5212530575989884,-0.5166220211237407,-0.09637068408108451,-0.1433844779141198,-0.09896381994129337,-0.28170581690263413,-1.499884589609785,0.5447428108446588
2543,84.805,tracked,1,1,0.20110684979476362,0.5590759745833158,-0.5180352169928067,-0.0951092365330812,-0.1447480332349907,-0.09673963218933786,-0.2771411611151858,-1.5042048466145617,0.5462217919893785
2544,84.83833333333334,tracked,1,1,0.2315941970905915,0.5441769556624988,-0.51841012007282,-0.09421664261293727,-0.14281370602606858,-0.09809435179260971,-0.270193279277014,-1.504994204133871,0.5459135306695282
2545,84.87166666666667,tracked,1,1,0.2546611950899819,0.5888428051127212,-0.5192839176641473,-0.09417602169454611,-0.14437134544284025,-0.09308369778727012,-0.26621377328216855,-1.5119990399788645,0.5471453148769643
2546,84.905,tracked,1,1,0.24924501086865858,0.5865652884718989,-0.5186765645509208,-0.09443379197809043,-0.142664576504774,-0.09966591891348583,-0.27133781463465656,-1.5073254616810308,0.5461650859135846
2547,84.93833333333333,tracked,0,1,0.22709995032242697,0.5854218039638706,-0.5080289026093157,-0.0848341581443657,-0.17656172523659963,0.007824093736864554,-0.25403949451766206,-1.507513103885264,0.5444853010807668
2548,84.97333333333334,tracked,1,1,0.298910861043165,0.6116536139682721,-0.519594316276973,-0.09452621203884973,-0.14332132751088233,-0.10170938274242919,-0.2722523932743785,-1.5074014487514056,0.5472243243764208
2549,85.00666666666667,tracked,1,1,0.24880656438787607,0.6048545059537929,-0.5186390879923825,-0.09506769460000575,-0.14429456427868137,-0.0993230525988458,-0.27757474179034736,-1.5057042817201673,0.54666744134849
2550,85.04,tracked,1,1,0.25811663532938045,0.6093006615815393,-0.5178553261032187,-0.09521218929118808,-0.14244531201017196,-0.10030301878176028,-0.2761566435110345,-1.5050136796126086,0.5454632587780476
2551,85.07333333333334,tracked,1,1,0.24461321839235411,0.6357276482570882,-0.5199653576938297,-0.09343440496285083,-0.14506860552200496,-0.09476142661203203,-0.26906485670811203,-1.5098987946839006,0.5478493055033777
2552,85.10666666666667,tracked,1,1,0.27485127346587784,0.6226618791376302,-0.5185993638870244,-0.09551187846264769,-0.14029733788482895,-0.10275744043080179,-0.2720502478938207,-1.504009645817554,0.5456657971405756
2553,85.14,tracked,1,1,0.2088115677157528,0.6290153845941407,-0.5200671117610007,-0.09451727112190314,-0.1428214235379633,-0.10301489177422421,-0.2679689957962454,-1.5076736741341232,0.547541116535709
2554,85.17333333333333,tracked,1,1,0.31997114451025177,0.5945960191586281,-0.5188523813988188,-0.09587815286105347,-0.14228297303981757,-0.10057755495078817,-0.27293868285207157,-1.5056888080219748,0.546484087871113
2555,85.20666666666668,tracked,1,1,0.2809095561098812,0.5690207846415867,-0.518614358058155,-0.09495384615649607,-0.14156994891330343,-0.10030448969584217,-0.27271549494081043,-1.5055479391417492,0.5459112892396522
2556,85.24000000000001,tracked,1,1,0.27090305708196,0.5730586685396868,-0.5172638667517717,-0.0935413192489947,-0.14106234910116466,-0.09986533617658203,-0.27323004092493464,-1.5078249648159188,0.5442522141321758
2557,85.27333333333334,tracked,1,1,0.2800674193846059,0.597646117556999,-0.5189181039397848,-0.09298865471897072,-0.14146792617432452,-0.09955552700421119,-0.26672660827259764,-1.5086336505043858,0.5458351973251353
2558,85.30666666666667,tracked,1,1,0.3267937477171943,0.6271509438405511,-0.5186395004958191,-0.09325674902573736,-0.1426451825903564,-0.09763395861327934,-0.26777453949829005,-1.5066153450122066,0.5459225227352671
2559,85.34,tracked,1,1,0.2654814726243216,0.6259747555859203,-0.5194019406361154,-0.09492834174572107,-0.14161534441613421,-0.10184265392624244,-0.26876219764014403,-1.5049624101519967,0.5466668745929787
2560,85.37333333333333,tracked,1,1,0.2631573201817108,0.6390153891447516,-0.5194573166033751,-0.09521965528341517,-0.1422802956616135,-0.1037453859517595,-0.2734166679815492,-1.504613140167219,0.5469427475144246
2561,85.40666666666667,tracked,1,1,0.3239417674094575,0.6281836716415605,-0.518920541775524,-0.09527979241950083,-0.1430430562022238,-0.10063701411977707,-0.27233432987298667,-1.5031952893624965,0.5466425554672625
2562,85.44000000000001,tracked,0,1,0.30863984209907847,0.6280160636303365,-0.5076587507356277,-0.0819465145359684,-0.17814370789801742,0.015055501252119333,-0.2503082975793143,-1.5097783111322498,0.544213027321752
2563,85.47333333333334,tracked,0,1,0.2937451242475407,0.6069753514637097,-0.5079830676980999,-0.08282709890389658,-0.1792146043164422,0.011357432957461376,-0.2504642464342096,-1.5098768314069693,0.5449999997991809
2564,85.50666666666667,tracked,1,1,0.3060726025883687,0.6225309953791043,-0.5198165661144022,-0.09431792080480139,-0.1431615961314468,-0.09985807711181788,-0.2675663287379366,-1.5066564953083539,0.5473576300727094
2565,85.54,tracked,0,1,0.18776682440654857,0.6329631141762305,-0.5072545591421778,-0.08335164773491147,-0.17833194476357644,0.011224777491658676,-0.2549268737917155,-1.5077524148429773,0.5441111719803309
2566,85.57333333333334,tracked,0,1,0.3017817246672573,0.631421407280267,-0.5081284078043442,-0.08349549583001498,-0.17971016952441488,0.011586199863576235,-0.2548933638135493,-1.512018415601337,0.5454005149174063
2567,85.60666666666667,tracked,1,1,0.295969345912358,0.6136064413451053,-0.5210174534829405,-0.09302487077053267,-0.14531599711947396,-0.10043089647863486,-0.26725421575741803,-1.5105513039969263,0.5488438324647088
2568,85.64,tracked,0,1,0.32718335734517234,0.628312587977615,-0.5089947374505499,-0.08444780865327012,-0.18054487194183522,0.01337319254776115,-0.2527444153194268,-1.5069510006334481,0.5466292399087221
2569,85.67333333333333,tracked,0,1,0.25345799778114597,0.6357323687435689,-0.5075034141750538,-0.08312617331664049,-0.17930297228357278,0.013901237089472242,-0.25354483502816166,-1.5083932079074953,0.5446276085173503
2570,85.70666666666668,tracked,1,1,0.23532357519594785,0.6333361906905066,-0.520845465775378,-0.09287953187831163,-0.1450548237762605,-0.09874374057340886,-0.2639421595866485,-1.5095601513221732,0.5485868286438044
2571,85.74000000000001,tracked,1,1,0.26950087049524596,0.5977622139042754,-0.5197586414355916,-0.09156957380400696,-0.1457607694992049,-0.09350353579863598,-0.2643006619051702,-1.5116228323328023,0.5475219028665608
2572,85.77333333333334,tracked,1,1,0.294623190167202,0.590602067469105,-0.519826725345647,-0.09131799685517414,-0.14474329642749817,-0.09569320452928266,-0.26258245043950246,-1.5108379144419648,0.5472745406045479
2573,85.80666666666667,tracked,1,1,0.2367863344716793,0.6525761458028844,-0.5202247905172546,-0.09221053300334625,-0.14618830254055837,-0.09548550805746284,-0.2654188965939958,-1.5063947701021063,0.5481857667480727
2574,85.84,tracked,0,1,0.2806489667726719,0.6051841617330874,-0.5066399214514319,-0.08169816594545126,-0.177888063068662,0.012672269849917966,-0.2515545644881794,-1.5085211499845026,0.5431415683866259
2575,85.87333333333333,tracked,0,1,0.3157219732727402,0.6131252824999422,-0.506290535197949,-0.08162116163825414,-0.17815996478248508,0.012668377202530758,-0.2533761066943914,-1.507159799748949,0.5428932612489309
2576,85.90666666666667,tracked,0,1,0.28585263333277844,0.6283148390544179,-0.5061047098339547,-0.08121809855812384,-0.1777428398384357,0.013106695555369249,-0.2517687366984307,-1.5097835015192893,0.5425226944223996
2577,85.94000000000001,tracked,1,1,0.2748348334079548,0.6384303529400532,-0.5178359828083573,-0.09117979303031892,-0.14418839480834084,-0.09642931214511373,-0.26533218227860567,-1.5070269844148338,0.5452138598252572
2578,85.97333333333334,tracked,1,1,0.23287336703920655,0.643474297313783,-0.5196215262340969,-0.0911450805162006,-0.14436451832521147,-0.0975381050726344,-0.26387586331556295,-1.5085989433656595,0.5469507019644707
2579,86.00666666666667,tracked,1,1,0.2403996393828559,0.6268155753855262,-0.5195064575178543,-0.08984071447651149,-0.14546634758316945,-0.0930292362989595,-0.2617473446232939,-1.5140686806001604,0.5469175181502122
2580,86.04,missing_tag,0,0,,,,,,,,,
2581,86.07333333333334,missing_tag,1,0,,,,,,,,,
2582,86.10666666666667,missing_tag,1,0,,,,,,,,,
2583,86.14,missing_tag,0,0,,,,,,,,,
2584,86.17333333333333,missing_tag,0,0,,,,,,,,,
2585,86.20666666666668,missing_tag,0,0,,,,,,,,,
2586,86.24000000000001,missing_tag,1,0,,,,,,,,,
2587,86.27333333333334,tracked,0,1,0.19106829723414695,0.6396935104473355,-0.5071596095832965,-0.0804500145114658,-0.1801054271552297,0.014035656820249097,-0.25044069924389,-1.5094311022794853,0.5441700463259114
2588,86.30666666666667,tracked,0,1,0.23642872114097163,0.6448882787046519,-0.5072957341642613,-0.08105902029990844,-0.18124283366497224,0.0127728985225274,-0.25277186598108264,-1.5109398381414452,0.5447646202059626
2589,86.34,tracked,1,1,0.2356620028164746,0.6413445143275502,-0.5221986749579828,-0.08938945848036775,-0.14466618685714905,-0.0974771836089877,-0.254743800682847,-1.5119602479776453,0.5491905289014677
2590,86.37333333333333,tracked,0,1,0.3110463504755306,0.6491687941625979,-0.5036798697086113,-0.08061918412925229,-0.17876758623785627,0.01880279556921454,-0.2533265689920724,-1.5060949152519498,0.5405096797363201
2591,86.40666666666667,tracked,0,1,0.21480748834998692,0.6542596299363619,-0.5050679083517258,-0.08153263404529684,-0.18100937396216565,0.014872101173608128,-0.2574632951920505,-1.5035763305079104,0.5426836610064161
2592,86.44000000000001,tracked,0,1,0.13178124417071466,0.654487724212249,-0.5059466567147861,-0.08166051491943538,-0.1802018221156102,0.012680207261152095,-0.25804895670848,-1.5023816577254057,0.5432523868622788
2593,86.47333333333334,tracked,1,1,0.1456386136416141,0.6543367212012678,-0.5218486699323144,-0.08994162501374983,-0.14672350801874218,-0.09575146009187753,-0.2601600901442101,-1.5078148401006737,0.5494936924347408
2594,86.50666666666667,tracked,0,1,0.14332274554133226,0.670850492660402,-0.5038198368304976,-0.08012253319157245,-0.17933800809875072,0.02125132548769947,-0.2533007121910242,-1.5066071358099176,0.5407551844021206
2595,86.54,tracked,1,1,0.18186655451366562,0.665151901748095,-0.5222609339563534,-0.08882333380900417,-0.14866198551658427,-0.09041179675736005,-0.25628710462574955,-1.5119402935493442,0.5502240032056412
2596,86.57333333333334,tracked,1,1,0.18147729403227372,0.6646846119815744,-0.5201996974972657,-0.08829165532423822,-0.14526072011536112,-0.09305540583997736,-0.25840661673892057,-1.5144491606351522,0.5472694203813823
2597,86.60666666666667,tracked,0,1,0.153243372610003,0.6727555803886597,-0.5033354684035609,-0.08055302995248276,-0.1805267913606174,0.025130166174484398,-0.2557847823848932,-1.5060841056736796,0.5407636330103176
2598,86.64,tracked,1,1,0.23280126738290832,0.6577867631406952,-0.5214327755685375,-0.09035949903162668,-0.1448031733753526,-0.09604953962987194,-0.2584360882878737,-1.5105410953734262,0.5486573953952756
2599,86.67333333333333,tracked,0,1,0.18761264388288124,0.6652920059121138,-0.5040217983187623,-0.08131313886090213,-0.18012312638379963,0.02078163549394648,-0.2550844235949203,-1.5054935189862426,0.5413816956548916
2600,86.70666666666668,tracked,1,1,0.13910953265774123,0.6704961808433723,-0.5214086655540018,-0.0885551574805617,-0.1446392482159644,-0.09332564189278224,-0.25189241065811036,-1.5119800949775535,0.5482969310106444
2601,86.74000000000001,tracked,1,1,0.2378171755609982,0.6609047581809672,-0.5204305482051845,-0.0883223818965787,-0.14450646109658816,-0.09525038997575616,-0.2558871943892358,-1.5136938596025948,0.5472941767894974
2602,86.77333333333334,tracked,1,1,0.22849860570274763,0.646545204646023,-0.521526975792062,-0.08708940744222593,-0.14472675231434828,-0.09668097378090959,-0.25258764305367504,-1.5172978648978888,0.5481977601221212
2603,86.80666666666667,tracked,0,1,0.2979943853382306,0.6148895737813815,-0.5052630354379899,-0.08254853935203793,-0.18180133825629602,0.013194947282851956,-0.25934157221261767,-1.5081297796373194,0.5432832805461131
2604,86.84,tracked,1,1,0.24278964174879689,0.6328332286624989,-0.5225350420344528,-0.08800382185373945,-0.14644590643302857,-0.0955651662616081,-0.25469608249684145,-1.5162328267593543,0.549758079818572
2605,86.87333333333333,tracked,1,1,0.2171645677647643,0.6304150765356711,-0.5214903448137527,-0.08900700867344086,-0.14566269383764235,-0.09628635200409044,-0.25817983946614304,-1.5113273849201319,0.5487185505366111
2606,86.90666666666667,tracked,1,1,0.18734851793332116,0.629771072122097,-0.5207996207071296,-0.08856200155171579,-0.14671292334531355,-0.09351595448581733,-0.2593338127866403,-1.5122092134904976,0.5482701477593541
2607,86.94000000000001,tracked,1,1,0.2171462595902941,0.6302709046365736,-0.5220200923906639,-0.08820345768805316,-0.14686282940728784,-0.09501731791376741,-0.25562302246334556,-1.5153734059907709,0.5494119742681257
2608,86.97333333333334,tracked,0,1,0.20287546759758837,0.6294595310578693,-0.5043959644237792,-0.08185838093586004,-0.18207055359972696,0.018108856088828104,-0.2567606465058668,-1.5050825570931574,0.542462689910141
2609,87.00666666666667,tracked,1,1,0.22353121643920748,0.5920412690449007,-0.5240465650443087,-0.08811291029236956,-0.14517783932843198,-0.10023197864395998,-0.24855463215753618,-1.5131881954076887,0.5508768395267694
2610,87.04,tracked,1,1,0.20990748624470784,0.6450153861783454,-0.521228556837021,-0.08732739437935053,-0.1455197119965026,-0.09135541154811197,-0.24681859459464964,-1.515209596423872,0.5481617177905032
2611,87.07333333333334,tracked,0,1,0.25687178678197564,0.6011797219389367,-0.5052627158806984,-0.0815311106242202,-0.1815113548201091,0.014391397759498655,-0.25347001708251093,-1.5074185246902247,0.5430323249930796
2612,87.10666666666667,tracked,1,1,0.2986420572597252,0.5829841212960412,-0.5211161052009732,-0.08819371229403902,-0.14328094603127095,-0.10151865239537934,-0.2536554317458611,-1.5129736398030185,0.54760346555117
2613,87.14,tracked,1,1,0.26070838826878295,0.6169869631288624,-0.5234156659393943,-0.0883112377402118,-0.14778840446923308,-0.09663884193868882,-0.25552179914572365,-1.5138594321099663,0.5510029460516064
2614,87.17333333333333,tracked,1,1,0.2898729346107666,0.6467587889017802,-0.5230081995234119,-0.08524293981098482,-0.14675427775430427,-0.08974368230850091,-0.24446191301217343,-1.518180218793504,0.5498552114834666
2615,87.20666666666668,tracked,1,1,0.2311796294132668,0.6557507864035641,-0.5210694012495896,-0.08649179557531586,-0.14730549915974495,-0.08858812315007034,-0.24728924162708354,-1.5159114382507632,0.5483548684047126
2616,87.24000000000001,tracked,1,1,0.33542479923980373,0.6384425440311623,-0.52326476069492,-0.08754440221359028,-0.14764813614707462,-0.09293814037785401,-0.2523639981312917,-1.5111355363462646,0.5506995589718152
2617,87.27333333333334,tracked,1,1,0.28094858885348634,0.6362994275127303,-0.5228964634969553,-0.08669091324992695,-0.1480789106901027,-0.09146695821284459,-0.2518120646461218,-1.512732152205509,0.5503302551821919
2618,87.30666666666667,tracked,1,1,0.26049628023782745,0.63554241330436,-0.5241824460280363,-0.0871828691519477,-0.14749530197967153,-0.09254337606714218,-0.2488871296674027,-1.5140244848942526,0.551473438620189
2619,87.34,tracked,1,1,0.23610037126577355,0.6191906938107975,-0.5245181182953954,-0.0859895664837603,-0.14716552088704737,-0.09160562009101385,-0.24300123755281208,-1.5166936193105185,0.5515171370883805
2620,87.37333333333333,tracked,1,1,0.26808811812543754,0.600827248854187,-0.5232955845746711,-0.08694750959042608,-0.14605172355020518,-0.09595821562924595,-0.24975334704067653,-1.514510680187785,0.5502083643596393
2621,87.40666666666667,tracked,1,1,0.19813439900373012,0.6219394273020252,-0.5243091343182062,-0.08684771100520353,-0.14796313116494564,-0.09491470726666953,-0.24688485017835468,-1.5133668926127104,0.551666277218832
2622,87.44000000000001,tracked,1,1,0.14854106842675938,0.6289286521042439,-0.5234843056775136,-0.0858953122575338,-0.1472895978394313,-0.09090364963147683,-0.2445860100179493,-1.5160827459486608,0.5505524939460261
2623,87.47333333333334,tracked,1,1,0.23606533356980533,0.5965474114215861,-0.522624066067233,-0.08701933555535066,-0.14705998014415694,-0.09337793441254336,-0.25096598099618106,-1.5133682342328594,0.5498499040221269
2624,87.50666666666667,tracked,1,1,0.15585493086046334,0.6361887390370334,-0.5234037636125137,-0.08571931742797079,-0.14747081286193187,-0.09182402706124575,-0.24885104341206776,-1.5130447236476299,0.5504969952599381
2625,87.54,tracked,0,1,0.151987365391893,0.6071294111891679,-0.5018177932885223,-0.07984587677713262,-0.18042434901861543,0.021461300667105297,-0.2591775131325047,-1.5037777003445751,0.5392118390930064
2626,87.57333333333334,tracked,1,1,0.14420789943484622,0.6595576246609482,-0.5253969802084698,-0.08706530397129023,-0.14915631605912416,-0.0918265274670119,-0.24511304643045223,-1.5135851942398237,0.5530551153258794
2627,87.60666666666667,tracked,1,1,0.13796356956490188,0.6564647115382157,-0.525510651712771,-0.08588648614619865,-0.14948227070901055,-0.09072795383302647,-0.24409571733340296,-1.515947284483547,0.553066797794303
2628,87.64,tracked,1,1,0.09111678032753502,0.6693082069545774,-0.5242258716618422,-0.08601677581097272,-0.14939928446574385,-0.08954129204769863,-0.24752637164394448,-1.51406880559422,0.5518439964694819
2629,87.67333333333333,tracked,1,1,0.17900571286454003,0.6203276491714256,-0.5245674550025607,-0.08591029012540133,-0.14789543438128133,-0.09313069907697637,-0.24718628045989802,-1.5144982761943695,0.551746909649816
2630,87.70666666666668,tracked,0,1,0.2010095942483728,0.6541728746551505,-0.5012674850343128,-0.08024355662338972,-0.18168208315515416,0.02405608455159137,-0.26166663121619294,-1.5011078683922892,0.5391813231852459
2631,87.74000000000001,tracked,1,1,0.16185918804833258,0.6203273139557087,-0.5237776340417112,-0.08552316005699656,-0.14859798652527362,-0.089775515231848,-0.24903036375179158,-1.5154652548030545,0.5511248337970562
2632,87.77333333333334,tracked,1,1,0.2812155469917721,0.6426340284598203,-0.5225029766606824,-0.08754054790740107,-0.14620989170260407,-0.09240423252263001,-0.24957948135958707,-1.513326204505352,0.5495907937537607
2633,87.80666666666667,tracked,1,1,0.27524950885739913,0.6240184456084314,-0.5233093021901788,-0.08549310854295508,-0.14473902277238504,-0.09413743913065399,-0.24574787133341697,-1.5164293747761854,0.5496463245398939
2634,87.84,tracked,1,1,0.2596189232966015,0.6090771768573142,-0.5221928736702754,-0.08596261732473603,-0.1469002123097357,-0.09061652292204742,-0.2514119911783671,-1.5142562322967759,0.5492309543953114
2635,87.87333333333333,tracked,0,1,0.22536364486813645,0.6419831291827846,-0.5002766249393551,-0.07870033875453969,-0.18076045424869203,0.025621900116078733,-0.26065076486463323,-1.5053492385820242,0.5377218487294197
2636,87.90666666666667,tracked,0,1,0.28537291215718374,0.6634567049104054,-0.4993500218615647,-0.07764861412711893,-0.17994839681593672,0.028041490427883942,-0.26102203214993197,-1.5070626039503539,0.5364337583762167
2637,87.94000000000001,tracked,0,1,0.22537659575731583,0.6088958672149163,-0.5015890342638787,-0.07917853221027688,-0.1796097375294579,0.022542026088608776,-0.2607915359701619,-1.5082418169142406,0.538628310685713
2638,87.97333333333334,tracked,1,1,0.2605012869455935,0.634441726727747,-0.5199078488928817,-0.08382819519365678,-0.1443609558192458,-0.0870854857346124,-0.24771607055525455,-1.513392767214399,0.5460507515010812
2639,88.00666666666667,tracked,0,1,0.2662332456743341,0.6377568207519269,-0.5015192752268774,-0.07882897428360577,-0.18108758448683904,0.02285504905707892,-0.2600718308184769,-1.5030046166599855,0.5390067753432937
2640,88.04,tracked,1,1,0.2666472729612641,0.6495459454321932,-0.5263531005367608,-0.08646152528474496,-0.14951090708128345,-0.09338008845638932,-0.2466482559457429,-1.5169250566256613,0.5539645233546044
2641,88.07333333333334,tracked,0,1,0.22267196400708264,0.6557282881928767,-0.5017714870276009,-0.07980409162703361,-0.18380065494905706,0.0278079583174114,-0.25990331786433185,-1.5050189272761612,0.5403017666027089
2642,88.10666666666667,tracked,0,1,0.2168965118928601,0.66506753198738,-0.49997369664997104,-0.07938539903616126,-0.18248965665522976,0.02985360258688852,-0.26344437134327553,-1.5037104873955613,0.5381247194732012
2643,88.14,tracked,0,1,0.20167878095967007,0.6492561693856932,-0.5011349687541988,-0.07981465515947728,-0.18170549762868082,0.02410047557924254,-0.2628246880592561,-1.5047956810316765,0.5390023413260694
2644,88.17333333333333,tracked,0,1,0.13745258198426777,0.6598535071046266,-0.4999898945787161,-0.0767387498004774,-0.1819739684338454,0.02967604510991969,-0.2596154462986436,-1.5078206932667608,0.5375809293393303
2645,88.20666666666668,tracked,0,1,0.21022932404070174,0.6734688976927253,-0.5006659934140467,-0.07943131487451147,-0.1819438598681774,0.022735274285998985,-0.2630552500628308,-1.5064357468561536,0.5385901399837348
2646,88.24000000000001,tracked,0,1,0.1615907894037857,0.6685726881557619,-0.5026220484002456,-0.07901542495675215,-0.18458300951477152,0.024307544855411607,-0.26150883202576225,-1.5064781675172658,0.5412423194103406
2647,88.27333333333334,tracked,0,1,0.23642859276778444,0.6517763180458871,-0.5000308214216043,-0.07781774200174804,-0.18427578596492578,0.03429024906979471,-0.26571367450787103,-1.504357695911854,0.538557321586854
2648,88.30666666666667,tracked,0,1,0.1764879961406418,0.6399718461275364,-0.502118804607218,-0.07854542881776899,-0.18561197249528077,0.028788820644389784,-0.25969633360066474,-1.5046456193273623,0.5410586684103099
2649,88.34,tracked,0,1,0.24979429573241868,0.6498389633048858,-0.5006374918653046,-0.07888892459523889,-0.1848977696237179,0.031372802743307726,-0.262151320338621,-1.5051422112923039,0.5394891527146785
2650,88.37333333333333,tracked,0,1,0.27919250949393265,0.6308109768472829,-0.5030098736934676,-0.07937090253115317,-0.1843330729271483,0.025375545800613703,-0.2582173050229893,-1.5078082187749886,0.541569344568628
2651,88.40666666666667,tracked,0,1,0.24125365543120347,0.6360313290092615,-0.5027374170394459,-0.08031943646093301,-0.1823271323209184,0.02045762792651129,-0.2596264280405018,-1.5044079478178494,0.5407765763651984
2652,88.44000000000001,tracked,0,1,0.2829136580441856,0.6495690392413302,-0.5019660390691773,-0.07788581377282142,-0.1839775350040342,0.02892607535460484,-0.25642871876789636,-1.5092003049490073,0.5402627488102562
2653,88.47333333333334,tracked,0,1,0.26868590068700937,0.6390124247271961,-0.5031668523583939,-0.07950594932768634,-0.18454263084208972,0.023242837995056012,-0.2632055935119418,-1.5056362578962406,0.5418062936962529
2654,88.50666666666667,tracked,1,1,0.26217308541776463,0.6228274468040894,-0.5271501506577689,-0.08465435382228817,-0.14997068485335685,-0.09152879247320983,-0.24155719292096667,-1.5169921558478145,0.5545672612722126
2655,88.54,tracked,0,1,0.21006490449326767,0.642712500292036,-0.5010340494161716,-0.08061342948887082,-0.18390263867539386,0.02846629433043621,-0.2667127417872861,-1.5016726617777054,0.5397720113159781
2656,88.575,tracked,1,1,0.26198732680451936,0.6108832397852515,-0.5268305607611536,-0.08517462608714513,-0.1499097435737181,-0.09139507606046701,-0.24589632012988363,-1.5182132653108766,0.5543266978049447
2657,88.60833333333333,tracked,0,1,0.09866727468141409,0.6438479709672434,-0.5024032523864611,-0.07899943960692757,-0.18320935444937347,0.024289596111922277,-0.25711408650640283,-1.5031665020284768,0.5405697059810686
2658,88.64166666666667,tracked,0,1,0.24277975582754432,0.5848193719968428,-0.5019223243248376,-0.07947597360730535,-0.18313339655607674,0.02322815588696443,-0.2642754960818138,-1.5048976683705868,0.5401669102885162
2659,88.67500000000001,tracked,1,1,0.21923994694393378,0.6114097674025673,-0.526076062390181,-0.08477320368810107,-0.14897978415884178,-0.09102598377042981,-0.24165707565936306,-1.5189618425926779,0.5532969325520584
2660,88.70833333333334,tracked,1,1,0.17513997906600393,0.6774257526320229,-0.5254382528054813,-0.08539379441386802,-0.1478202094501645,-0.09700646514656865,-0.24682177239513037,-1.51720087377855,0.5524746799243974
2661,88.74166666666667,tracked,1,1,0.17691141534406132,0.6663294575620194,-0.5274020532363803,-0.08493460228739858,-0.14697590157346824,-0.10273851677690087,-0.2410033285882165,-1.5184819795036795,0.5540475864643778
2662,88.775,tracked,1,1,0.23731468054289168,0.62809148288463,-0.5259540008420435,-0.08529076751433579,-0.1468317067629371,-0.10070777256742769,-0.24761384079195511,-1.5141633181406615,0.5526858747388556
2663,88.80833333333334,tracked,0,1,0.278099556551339,0.652889125714161,-0.5040788246899464,-0.08033111763404996,-0.18358167790151575,0.017051092174029888,-0.2637542314225087,-1.5045551191909938,0.54244887539958
2664,88.84166666666667,tracked,0,1,0.2793582546292805,0.6674247427287714,-0.5019154607652321,-0.08040848924063018,-0.1823328260935071,0.019668485351298278,-0.2640269652975974,-1.5021102067949528,0.5400276977789018
2665,88.875,tracked,0,1,0.24720153525485813,0.6446274768346782,-0.5011485528567369,-0.07818305153640334,-0.18230776907822738,0.027288042078465986,-0.2608674177370617,-1.5066571741659742,0.5389792057623612
2666,88.90833333333335,missing_tag,0,0,,,,,,,,,
2667,88.94166666666668,missing_tag,0,0,,,,,,,,,
2668,88.97500000000001,missing_tag,0,0,,,,,,,,,
2669,89.00833333333334,missing_tag,0,0,,,,,,,,,
2670,89.04166666666667,missing_tag,1,0,,,,,,,,,
2671,89.075,missing_tag,0,0,,,,,,,,,
2672,89.10833333333333,missing_tag,1,0,,,,,,,,,
2673,89.14166666666667,missing_tag,0,0,,,,,,,,,
2674,89.17500000000001,missing_tag,0,0,,,,,,,,,
2675,89.20833333333334,missing_tag,1,0,,,,,,,,,
2676,89.24166666666667,missing_tag,1,0,,,,,,,,,
2677,89.275,missing_tag,1,0,,,,,,,,,
2678,89.30833333333334,missing_tag,0,0,,,,,,,,,
2679,89.34166666666667,missing_tag,0,0,,,,,,,,,
2680,89.375,missing_tag,0,0,,,,,,,,,
2681,89.40833333333335,missing_tag,1,0,,,,,,,,,
2682,89.44166666666668,missing_tag,0,0,,,,,,,,,
2683,89.47500000000001,missing_tag,0,0,,,,,,,,,
2684,89.50833333333334,missing_tag,0,0,,,,,,,,,
2685,89.54166666666667,missing_tag,0,0,,,,,,,,,
2686,89.575,missing_tag,0,0,,,,,,,,,
2687,89.60833333333333,missing_tag,0,0,,,,,,,,,
2688,89.64166666666667,tracked,0,1,0.2296875751268488,0.6494728892640201,-0.500541344291102,-0.07833319531482347,-0.1800565908760579,0.020545401747284336,-0.26080041603642057,-1.5051025749984908,0.5376784380565041
2689,89.67500000000001,tracked,0,1,0.21809358361657694,0.6478902921941895,-0.5003319944222951,-0.07936173578308742,-0.18178376491672682,0.022274766216957363,-0.26386287111303885,-1.5062182737204663,0.5382153165196955
2690,89.70833333333334,tracked,0,1,0.3187577219725439,0.6601054995587494,-0.5020866933992686,-0.07694609313353343,-0.18136349876218805,0.022496641629776992,-0.25825111527428163,-1.5104040496730646,0.5393556040502293
2691,89.74166666666667,tracked,0,1,0.27896564114910916,0.6595375514366679,-0.5002320384517919,-0.07732382436137189,-0.18151152183376484,0.027068406427072613,-0.2604669203534765,-1.5086055386759158,0.5377336688974501
2692,89.775,tracked,0,1,0.2733021056059391,0.6433930577035494,-0.5004395581110921,-0.07757116513670767,-0.17975104033962985,0.023069279257626026,-0.25878112201256204,-1.5081552592582705,0.5373708900622276
2693,89.80833333333334,tracked,0,1,0.19121076459959052,0.6757921206596902,-0.5010356116043422,-0.08009767299354989,-0.17973750042792858,0.019923025652425534,-0.2617325709067594,-1.504752842784235,0.5382916406324721
2694,89.84166666666667,tracked,0,1,0.2611028722801869,0.6846197243944614,-0.499538014109116,-0.07794913319412741,-0.18145734740377856,0.027048295236466974,-0.26671586149314447,-1.505781479062095,0.5371601845191161
2695,89.875,tracked,0,1,0.2663568556661994,0.6604120874015811,-0.49985974365689423,-0.0780139818285272,-0.1803450356579409,0.02490702431737758,-0.2634048753462644,-1.507884693798749,0.5370942902097747
2696,89.90833333333335,tracked,1,1,0.22083394641100557,0.676356915482694,-0.5226045855187733,-0.08377833206434682,-0.1471516112611792,-0.09000546345624999,-0.24915142150897487,-1.5186761786018586,0.5493523081097357
2697,89.94166666666668,tracked,0,1,0.17897526959638604,0.6642810903032323,-0.5013824233054831,-0.07815048516418813,-0.1808456019217251,0.02292302653569274,-0.26464717457190706,-1.5059729730906906,0.5386993265872047
2698,89.97500000000001,tracked,1,1,0.22035873117801172,0.6690182992708235,-0.5232020834545439,-0.08428981551955234,-0.14707252830938738,-0.09228317896026157,-0.2502403720104977,-1.5160224125634771,0.5499777465632688
2699,90.00833333333334,tracked,0,1,0.22493211176779385,0.6736066825909321,-0.5025351343025388,-0.07747525831347027,-0.1801708063267149,0.01896544033882895,-0.2586405690426921,-1.5085407960585968,0.5394492527676985
2700,90.04166666666667,tracked,1,1,0.2814335645978961,0.6444951421541703,-0.5221919746652662,-0.08585822574477997,-0.146117451906719,-0.09668830474214879,-0.2588084465499255,-1.5130000460226232,0.5490049208199904
2701,90.075,tracked,1,1,0.2925472634618271,0.6516276968001551,-0.5204464985102893,-0.086316898192077,-0.14337675237942443,-0.0987439056996187,-0.25936625967235793,-1.5117560988596954,0.5466919222450546
2702,90.10833333333333,tracked,1,1,0.17935834888015595,0.6706069846727503,-0.5196319470195339,-0.08599554434981505,-0.14170188497085828,-0.10026267170043804,-0.25901983835604864,-1.5118713601046225,0.5454282887929696
2703,90.14166666666667,tracked,0,1,0.327983166863454,0.607564926066837,-0.5017073748256653,-0.07660540495802715,-0.17744647531964464,0.01286259978942302,-0.26508328201404185,-1.50584334027045,0.5376485186686644
2704,90.17500000000001,tracked,1,1,0.1697065351488131,0.6586942350066173,-0.5190887495056637,-0.08601980380306001,-0.14013225376530486,-0.10324918793979193,-0.26063067099698173,-1.510018115528964,0.5445085720675245
2705,90.20833333333334,tracked,0,1,0.20803122238351518,0.652532610002589,-0.500243129904723,-0.07623354568596163,-0.175098493828932,0.015704271175636764,-0.258793880293747,-1.5095099325024492,0.5354570244621764
2706,90.24166666666667,tracked,0,1,0.19050331091639136,0.6495744331561696,-0.4991511076739002,-0.07638116760230107,-0.17282164468122557,0.014762517811064437,-0.2575978876595142,-1.5073479166317536,0.5337164340047026
2707,90.275,tracked,1,1,0.20410313776744712,0.6537837837891619,-0.5150467405858319,-0.08710662187358464,-0.13878293084913718,-0.10398230529290987,-0.26733616294752566,-1.5073877716447932,0.540482571835016
2708,90.30833333333334,tracked,1,1,0.23066541187322814,0.626760680632052,-0.516728062324785,-0.08837511664206388,-0.13892376431896042,-0.10452060604561048,-0.2658968205115029,-1.5077855320907583,0.5423263444900822
2709,90.34166666666667,tracked,1,1,0.301796216677373,0.6324524296283416,-0.5162714006149185,-0.08778150281346467,-0.140732748373479,-0.10270685880802767,-0.2687308365045286,-1.5111122976752813,0.5422614293805461
2710,90.375,tracked,1,1,0.21515824672341993,0.6258837729415663,-0.5162724526245672,-0.08776267286890271,-0.13968192758044623,-0.1028291426443288,-0.2655036217473051,-1.5084977630796432,0.541987613309261
2711,90.40833333333335,tracked,1,1,0.22581534719215915,0.6244074480131725,-0.514303250044035,-0.08873056822042075,-0.13690403672932255,-0.10549753386565723,-0.26632051777837507,-1.5071826725583088,0.5395587660444038
2712,90.44166666666668,tracked,1,1,0.2571925888304527,0.6420629804509884,-0.5132831786644083,-0.08735215906011443,-0.13642950102071272,-0.10270683522947796,-0.26367321896684537,-1.508457088161931,0.5382406803104566
2713,90.47500000000001,tracked,0,1,0.16835737342468884,0.6445891329037778,-0.5003145893332201,-0.07621460529162336,-0.17350599689378043,0.01494711032118036,-0.253388767101494,-1.5106795542115516,0.5350025096366663
2714,90.50833333333334,missing_tag,1,0,,,,,,,,,
2715,90.54166666666667,tracked,0,1,0.18226851103564617,0.6575344013684916,-0.5009047558959745,-0.08069870821571479,-0.17411668050629658,0.003096329875322678,-0.26471733068355985,-1.50216185191671,0.5364088686975846
2716,90.575,tracked,0,1,0.20195312225127357,0.6396085955384276,-0.5006890306160643,-0.07742483993068183,-0.17245544535837792,0.0066828029219272575,-0.2581724602476318,-1.506710681694049,0.5351868756343922
2717,90.60833333333333,tracked,0,1,0.23452168670307708,0.6549576464602648,-0.4984159375349493,-0.07487942290572247,-0.1681276311878303,0.007535420523389239,-0.25051692599427905,-1.5078634825283834,0.5313118435837542
2718,90.64166666666667,tracked,1,1,0.25314725300425545,0.6847017456360837,-0.5069202808223937,-0.08522957237792803,-0.12730081051454667,-0.11510261317250628,-0.269803435893995,-1.5002550034587263,0.5295637331563025
2719,90.67500000000001,tracked,1,1,0.28491326982999204,0.685162988077034,-0.5063825819912067,-0.08462462630204123,-0.11913998697648476,-0.12648148761235645,-0.2678538533349782,-1.5011416826559145,0.5270474202741137
2720,90.70833333333334,tracked,1,1,0.15566618445084143,0.6873006500115805,-0.5044688962715083,-0.08582579068393059,-0.12619365946140448,-0.11201449978686141,-0.27544809441259355,-1.5030617768498165,0.5270481698480477
2721,90.74166666666667,tracked,1,1,0.08416851638956793,0.6292936076526896,-0.5071612256582843,-0.08810867919557686,-0.12102348732037904,-0.13295479945197722,-0.27321214990129533,-1.5001533419356305,0.5287932796887533
2722,90.775,tracked,1,1,0.11197800297255285,0.6764161735481461,-0.5035774962980988,-0.087783781197874,-0.11225733697596257,-0.14607713316920834,-0.27005676470177065,-1.496502795658366,0.5233526504415477
2723,90.80833333333334,tracked,1,1,0.1948952188416877,0.6931096791777253,-0.5014376355728496,-0.08578075176162187,-0.11181755554157191,-0.13769608031990202,-0.2701904661679227,-1.5005774382254151,0.52086582290353
2724,90.84166666666667,tracked,0,1,0.15060583740332542,0.6929524796826411,-0.48794879810949726,-0.07133467119144282,-0.1601940989549,0.008241937541590747,-0.2547311531946684,-1.5091189467179056,0.5185024727332228
2725,90.875,tracked,0,1,0.2000092254981888,0.6551910740420742,-0.48567323250981803,-0.0719156044146319,-0.1615939930020835,0.010931094755926792,-0.2688823213700149,-1.5064169397253226,0.5168780915353397
2726,90.90833333333335,tracked,0,1,0.2767160729202656,0.6845118821705412,-0.4835823313330754,-0.07206736058350649,-0.16473654728879927,0.016983054395738117,-0.2725436892845352,-1.500543473641435,0.5159299425810061
2727,90.94166666666668,tracked,0,1,0.28580134119327394,0.6720380358408299,-0.4904915196532744,-0.06473666111341192,-0.1528063121003051,0.006788528378951566,-0.24029337989379276,-1.5149325285531763,0.5178054993543301
2728,90.97500000000001,tracked,1,1,0.21701201020321242,0.6743823655488008,-0.5002305542585297,-0.08460282494743276,-0.10394827418518399,-0.15179409314622058,-0.27797184620176024,-1.4946172297881435,0.5178740089142918
2729,91.00833333333334,tracked,1,1,0.267759022344497,0.64905114543972,-0.5054429033039861,-0.08700171523581171,-0.10068226757864485,-0.16959884826698302,-0.27019023291564936,-1.4912999002344032,0.522665041837613
2730,91.04166666666667,tracked,0,1,0.17650622862337956,0.6177598629002696,-0.4917042395854898,-0.06315349016332575,-0.1543194945679846,0.02087052869017487,-0.22812763192748606,-1.519856069588811,0.5192070193572813
2731,91.075,tracked,0,1,0.25679062978363437,0.6411860856639038,-0.490448370046202,-0.0632579143067763,-0.1564037385702331,0.02446599299179855,-0.2332317423365527,-1.5183277435294218,0.5186552774648742
2732,91.10833333333333,tracked,0,1,0.16730703267971977,0.6788033438500994,-0.48058565446873064,-0.06184655788306845,-0.1493241541155234,0.015097574848021536,-0.24463232559254006,-1.5123946767026524,0.5070357689605719
2733,91.14166666666667,tracked,1,1,0.18985420119980073,0.6821848201812646,-0.48635715850407724,-0.0790566990998679,-0.12012545912845263,-0.10296955026778189,-0.29455705783609776,-1.5014550681016652,0.507171936557563
2734,91.17500000000001,tracked,0,1,0.2736485481223895,0.7081762035307514,-0.47633630448715075,-0.06268978251145021,-0.151560853722416,0.016454692788997357,-0.252154963792021,-1.5095319712153425,0.5037826676106236
2735,91.20833333333334,tracked,0,1,0.35064363555327077,0.7360216584565396,-0.4659484620241396,-0.053049958660709357,-0.13525186915745274,0.025831523910277356,-0.2413889699899998,-1.5173935195472832,0.48807308416583345
2736,91.24166666666667,missing_tag,1,0,,,,,,,,,
2737,91.275,tracked,1,1,0.30225741618485613,0.634396490940118,-0.505460255830816,-0.08782535056123777,-0.09616058519230924,-0.18368499847708739,-0.2638586641173671,-1.4903655086512217,0.5219676432215752
2738,91.30833333333334,missing_tag,1,0,,,,,,,,,
2739,91.34166666666667,missing_tag,1,0,,,,,,,,,
2740,91.375,missing_tag,0,0,,,,,,,,,
