step,time,stage,source_time,source_progress,task_progress,human_phase,desired_object_x,desired_object_y,desired_object_z,retargeted_object_x,retargeted_object_y,retargeted_object_z,desired_eef_x,desired_eef_y,desired_eef_z,actual_eef_x,actual_eef_y,actual_eef_z,error_x,error_y,error_z,error_m,action_0,action_1,action_2,action_3,action_4,action_5,action_6,clipped,command_limited,orientation_error_rad
1,0.05,scene_settle,0.0,0.0,0.0,transport,-0.06390143206336037,0.20345985704175618,0.8984041501882155,-0.06390143206336037,0.20345985704175618,0.8984041501882155,-0.2084646605658239,0.0,1.1732794757296405,-0.20846466056582413,-4.670960345149157e-13,1.1732794757296396,2.220446049250313e-16,4.670960345149157e-13,8.881784197001252e-16,4.67096931722176e-13,0.0,0.0,0.0,0.0,0.0,0.0,-1.0,False,False,5.8990628986674215e-12
2,0.1,scene_settle,0.0,0.0,0.0,transport,-0.06390143206336037,0.20345985704175618,0.8984041501882155,-0.06390143206336037,0.20345985704175618,0.8984041501882155,-0.2084646605658239,0.0,1.1732794757296405,-0.20846466056582413,2.7167218124248054e-13,1.1732794757296394,2.220446049250313e-16,-2.7167218124248054e-13,1.1102230246251565e-15,2.7167454050760476e-13,4.440892098500626e-15,9.341920690298314e-12,1.7763568394002505e-14,6.907918464989547e-12,-3.2933105836792928e-15,-9.564330816366598e-12,-1.0,False,False,5.455162674851413e-12
3,0.15,scene_settle,0.0,0.0,0.0,transport,-0.06390143206336037,0.20345985704175618,0.8984041501882155,-0.06390143206336037,0.20345985704175618,0.8984041501882155,-0.2084646605658239,0.0,1.1732794757296405,-0.20846466056582386,1.217530440840199e-12,1.17327947572964,-5.551115123125783e-17,-1.217530440840199e-12,4.440892098500626e-16,1.217530523095517e-12,4.440892098500626e-15,-5.433443624849611e-12,2.220446049250313e-14,5.1088405548807535e-12,-2.669313833716083e-15,-9.640276982324598e-12,-1.0,False,False,4.504316905648192e-12
4,0.2,scene_settle,0.0,0.0,0.0,transport,-0.06390143206336037,0.20345985704175618,0.8984041501882155,-0.06390143206336037,0.20345985704175618,0.8984041501882155,-0.2084646605658239,0.0,1.1732794757296405,-0.20846466056582413,1.8753720734245456e-12,1.17327947572964,2.220446049250313e-16,-1.8753720734245456e-12,4.440892098500626e-16,1.8753721391499106e-12,-1.1102230246251565e-15,-2.4350608816803978e-11,8.881784197001252e-15,2.2358807155235337e-12,-1.0878979166710805e-15,-8.726758813469093e-12,-1.0,False,False,4.267193594403714e-12
5,0.25,scene_settle,0.0,0.0,0.0,transport,-0.06390143206336037,0.20345985704175618,0.8984041501882155,-0.06390143206336037,0.20345985704175618,0.8984041501882155,-0.2084646605658239,0.0,1.1732794757296405,-0.20846466056582388,2.240395699286051e-12,1.17327947572964,-2.7755575615628914e-17,-2.240395699286051e-12,4.440892098500626e-16,2.2403957434714592e-12,4.440892098500626e-15,-3.7507441468490915e-11,8.881784197001252e-15,5.126845132562784e-13,-9.422930783309042e-16,-8.518974022171407e-12,-1.0,False,False,4.189395090071142e-12
6,0.3,scene_settle,0.0,0.0,0.0,transport,-0.06390143206336037,0.20345985704175618,0.8984041501882155,-0.06390143206336037,0.20345985704175618,0.8984041501882155,-0.2084646605658239,0.0,1.1732794757296405,-0.20846466056582402,2.3656561153694132e-12,1.17327947572964,1.1102230246251565e-16,-2.3656561153694132e-12,4.440892098500626e-16,2.3656561596575865e-12,-5.551115123125783e-16,-4.4807913985721023e-11,8.881784197001252e-15,-4.4657782551643294e-13,-7.620273505637548e-16,-8.366880694017342e-12,-1.0,False,False,4.027258172698264e-12
7,0.35,scene_settle,0.0,0.0,0.0,transport,-0.06390143206336037,0.20345985704175618,0.8984041501882155,-0.06390143206336037,0.20345985704175618,0.8984041501882155,-0.2084646605658239,0.0,1.1732794757296405,-0.2084646605658239,2.3905696950988363e-12,1.17327947572964,0.0,-2.3905696950988363e-12,4.440892098500626e-16,2.3905697363474194e-12,2.220446049250313e-15,-4.7313122307388266e-11,8.881784197001252e-15,-9.403481259747213e-13,-6.101189621553957e-16,-7.999436141878409e-12,-1.0,False,False,3.855843138310757e-12
8,0.4,scene_settle,0.0,0.0,0.0,transport,-0.06390143206336037,0.20345985704175618,0.8984041501882155,-0.06390143206336037,0.20345985704175618,0.8984041501882155,-0.2084646605658239,0.0,1.1732794757296405,-0.20846466056582408,2.380589616325519e-12,1.17327947572964,1.6653345369377348e-16,-2.380589616325519e-12,4.440892098500626e-16,2.380589663571927e-12,0.0,-4.7811393901976723e-11,8.881784197001252e-15,-1.1929862303341335e-12,-7.903958832867328e-16,-7.618850862074943e-12,-1.0,False,False,3.710415980749388e-12
9,0.45,scene_settle,0.0,0.0,0.0,transport,-0.06390143206336037,0.20345985704175618,0.8984041501882155,-0.06390143206336037,0.20345985704175618,0.8984041501882155,-0.2084646605658239,0.0,1.1732794757296405,-0.2084646605658242,2.357763596914086e-12,1.17327947572964,2.7755575615628914e-16,-2.357763596914086e-12,4.440892098500626e-16,2.357763655073526e-12,3.3306690738754696e-15,-4.7611792326510384e-11,8.881784197001252e-15,-1.3229900228156194e-12,-4.576088100038751e-16,-7.301947972351369e-12,-1.0,False,False,3.5900609573840797e-12
10,0.5,scene_settle,0.0,0.0,0.0,transport,-0.06390143206336037,0.20345985704175618,0.8984041501882155,-0.06390143206336037,0.20345985704175618,0.8984041501882155,-0.2084646605658239,0.0,1.1732794757296405,-0.2084646605658239,2.3302637398669833e-12,1.17327947572964,0.0,-2.3302637398669833e-12,4.440892098500626e-16,2.330263782183057e-12,5.551115123125783e-15,-4.715527193828172e-11,8.881784197001252e-15,-1.3855971186003967e-12,-4.985620561348438e-16,-7.045159408224638e-12,-1.0,False,False,3.487048043680631e-12
11,0.55,scene_settle,0.0,0.0,0.0,transport,-0.06390143206336037,0.20345985704175618,0.8984041501882155,-0.06390143206336037,0.20345985704175618,0.8984041501882155,-0.2084646605658239,0.0,1.1732794757296405,-0.2084646605658239,2.300940281822492e-12,1.17327947572964,0.0,-2.300940281822492e-12,4.440892098500626e-16,2.3009403246778465e-12,0.0,-4.6605274797339665e-11,8.881784197001252e-15,-1.412313705389092e-12,-7.620385439279423e-16,-6.829596302316489e-12,-1.0,False,False,3.3955105813517966e-12
12,0.6,scene_settle,0.0,0.0,0.0,transport,-0.06390143206336037,0.20345985704175618,0.8984041501882155,-0.06390143206336037,0.20345985704175618,0.8984041501882155,-0.2084646605658239,0.0,1.1732794757296405,-0.2084646605658241,2.27104480883483e-12,1.17327947572964,1.942890293094024e-16,-2.27104480883483e-12,4.440892098500626e-16,2.2710448605650844e-12,0.0,-4.601880563644984e-11,8.881784197001252e-15,-1.4194233283876297e-12,-9.28437677251465e-16,-6.641024392751508e-12,-1.0,False,False,3.3102445478775475e-12
13,0.65,scene_settle,0.0,0.0,0.0,transport,-0.06390143206336037,0.20345985704175618,0.8984041501882155,-0.06390143206336037,0.20345985704175618,0.8984041501882155,-0.2084646605658239,0.0,1.1732794757296405,-0.20846466056582413,2.241566863017586e-12,1.17327947572964,2.220446049250313e-16,-2.241566863017586e-12,4.440892098500626e-16,2.2415669180056915e-12,3.885780586188048e-15,-4.54208961766966e-11,8.881784197001252e-15,-1.4153451900687321e-12,-6.511057883789272e-16,-6.467431749622308e-12,-1.0,False,False,3.227112870325812e-12
14,0.7,scene_settle,0.0,0.0,0.0,transport,-0.06390143206336037,0.20345985704175618,0.8984041501882155,-0.06390143206336037,0.20345985704175618,0.8984041501882155,-0.2084646605658239,0.0,1.1732794757296405,-0.20846466056582388,2.211509500225711e-12,1.17327947572964,-2.7755575615628914e-17,-2.211509500225711e-12,4.440892098500626e-16,2.211509544988258e-12,4.440892098500626e-15,-4.4831337260351716e-11,8.881784197001252e-15,-1.412323701543155e-12,-9.215099767117454e-16,-6.297806826520548e-12,-1.0,False,False,3.153577188596738e-12
15,0.75,scene_settle,0.0,0.0,0.0,transport,-0.06390143206336037,0.20345985704175618,0.8984041501882155,-0.06390143206336037,0.20345985704175618,0.8984041501882155,-0.2084646605658239,0.0,1.1732794757296405,-0.2084646605658239,2.1817894640796575e-12,1.17327947572964,0.0,-2.1817894640796575e-12,4.440892098500626e-16,2.181789509275408e-12,-5.551115123125783e-16,-4.423019000451422e-11,8.881784197001252e-15,-1.3957416827854508e-12,-7.487849065916645e-16,-6.15078051404919e-12,-1.0,False,False,3.081894751994931e-12
16,0.8,scene_settle,0.0,0.0,0.0,transport,-0.06390143206336037,0.20345985704175618,0.8984041501882155,-0.06390143206336037,0.20345985704175618,0.8984041501882155,-0.2084646605658239,0.0,1.1732794757296405,-0.2084646605658242,2.1523103822300662e-12,1.17327947572964,2.7755575615628914e-16,-2.1523103822300662e-12,4.440892098500626e-16,2.152310445941235e-12,0.0,-4.363578928159315e-11,8.881784197001252e-15,-1.3779691972157747e-12,-5.893246671720491e-16,-6.0077867466910424e-12,-1.0,False,False,3.0104477834728125e-12
17,0.85,scene_settle,0.0,0.0,0.0,transport,-0.06390143206336037,0.20345985704175618,0.8984041501882155,-0.06390143206336037,0.20345985704175618,0.8984041501882155,-0.2084646605658239,0.0,1.1732794757296405,-0.20846466056582388,2.1237813938989792e-12,1.17327947572964,-2.7755575615628914e-17,-2.1237813938989792e-12,4.440892098500626e-16,2.1237814405105554e-12,5.551115123125783e-15,-4.3046207644601324e-11,8.881784197001252e-15,-1.3591197665293434e-12,-3.327982666470454e-16,-5.865490327120147e-12,-1.0,False,False,2.940305482291698e-12
18,0.9,scene_settle,0.0,0.0,0.0,transport,-0.06390143206336037,0.20345985704175618,0.8984041501882155,-0.06390143206336037,0.20345985704175618,0.8984041501882155,-0.2084646605658239,0.0,1.1732794757296405,-0.20846466056582386,2.095255395029039e-12,1.17327947572964,-5.551115123125783e-17,-2.095255395029039e-12,4.440892098500626e-16,2.095255442826723e-12,-5.551115123125783e-16,-4.2475627877979584e-11,8.881784197001252e-15,-1.3434203940048487e-12,-7.557238004955718e-16,-5.72510317729138e-12,-1.0,False,False,2.8707245538252987e-12
19,0.95,scene_settle,0.0,0.0,0.0,transport,-0.06390143206336037,0.20345985704175618,0.8984041501882155,-0.06390143206336037,0.20345985704175618,0.8984041501882155,-0.2084646605658239,0.0,1.1732794757296405,-0.2084646605658239,2.067262709930947e-12,1.17327947572964,0.0,-2.067262709930947e-12,4.440892098500626e-16,2.0672627576305503e-12,-1.1102230246251565e-15,-4.190510790058078e-11,8.881784197001252e-15,-1.3255665828082308e-12,-6.309244505029298e-16,-5.586332490303301e-12,-1.0,False,False,2.803457115148271e-12
20,1.0,scene_settle,0.0,0.0,0.0,transport,-0.06390143206336037,0.20345985704175618,0.8984041501882155,-0.06390143206336037,0.20345985704175618,0.8984041501882155,-0.2084646605658239,0.0,1.1732794757296405,-0.20846466056582408,2.0398136423123272e-12,1.17327947572964,1.6653345369377348e-16,-2.0398136423123272e-12,4.440892098500626e-16,2.0398136974518286e-12,0.0,-4.1345254198618936e-11,8.881784197001252e-15,-1.3090248296229002e-12,-9.429284221666286e-16,-5.451966644452128e-12,-1.0,False,False,2.7382809590621942e-12
21,1.05,approach,0.0,0.0,0.0,transport,-0.06390143206336037,0.20345985704175618,0.8984041501882155,-0.06390143206336037,0.20345985704175618,0.8984041501882155,-0.208464649104271,1.613315399790805e-08,1.1732794682075434,-0.20846466051504456,1.460819822759184e-10,1.173279475682066,1.141077354827047e-08,1.598707201563213e-08,-7.47452255644987e-09,2.101572535150274e-08,2.2923106135497306e-07,3.2262228368531475e-07,-1.5044193446556164e-07,-1.2926725019251266e-12,-2.905631394804404e-16,-5.321816246488596e-12,-1.0,False,False,2.6924311134680083e-10
22,1.1,approach,0.0,0.0,0.0,transport,-0.06390143206336037,0.20345985704175618,0.8984041501882155,-0.06390143206336037,0.20345985704175618,0.8984041501882155,-0.20846456914809208,1.2866434816580602e-07,1.1732794157331445,-0.20846466009842513,1.3318080520000797e-09,1.1732794752900149,9.095033304262756e-08,1.2733254011380594e-07,-5.955687032432877e-08,1.6742926761838201e-07,1.8273390495204822e-06,2.570365323670602e-06,-1.1989784276522641e-06,-7.445044750144938e-11,2.4825434367295587e-10,-4.72010936044036e-10,-1.0,False,False,2.4645166475408415e-09
23,1.15,approach,0.0,0.0,0.0,transport,-0.06390143206336037,0.20345985704175618,0.8984041501882155,-0.06390143206336037,0.20345985704175618,0.8984041501882155,-0.20846435295658167,4.329346267186323e-07,1.1732792738489315,-0.2084646586437129,5.488984620522486e-09,1.1732794739127914,3.0568713124679014e-07,4.274456420981098e-07,-2.0006385992310527e-07,5.622988059794273e-07,6.1428368691718305e-06,8.632056373332644e-06,-4.028821667390048e-06,-6.709567976008161e-10,2.28316604453896e-09,-4.316519316861836e-09,-1.0,False,False,1.0153489175353582e-08
24,1.2,approach,0.0,0.0,0.0,transport,-0.06390143206336037,0.20345985704175618,0.8984041501882155,-0.06390143206336037,0.20345985704175618,0.8984041501882155,-0.20846393360849477,1.0231296762568713e-06,1.173278998635195,-0.20846465511755907,1.559234303244042e-08,1.173279470557947,7.215090642997968e-07,1.0075373332244308e-06,-4.7192275198781886e-07,1.3260535025222483e-06,1.4500704362818695e-05,2.0352813832726976e-05,-9.505551927802003e-06,-2.736572693502601e-09,9.37889279923819e-09,-1.7802272593398388e-08,-1.0,False,False,2.8817250268020884e-08
25,1.25,approach,0.0,0.0,0.0,transport,-0.06390143206336037,0.20345985704175618,0.8984041501882155,-0.06390143206336037,0.20345985704175618,0.8984041501882155,-0.2084632449987495,1.992286506698107e-06,1.173278546707866,-0.208464648133998,3.5634558925423106e-08,1.1732794638863469,1.4031352485177617e-06,1.956651947772684e-06,-9.171784809414163e-07,2.576527068799713e-06,2.820237619161059e-05,3.953388327331334e-05,-1.847700162205257e-05,-7.713531031985431e-09,2.655724525534743e-08,-5.056629129672181e-08,-1.0,False,False,6.579038337680714e-08
26,1.3,approach,0.0,0.0,0.0,transport,-0.06390143206336037,0.20345985704175618,0.8984041501882155,-0.06390143206336037,0.20345985704175618,0.8984041501882155,-0.2084622218351292,3.4322980923949304e-06,1.1732778752163493,-0.20846463596282117,7.059942136797692e-08,1.1732794522173198,2.414127691974244e-06,3.3616986710269533e-06,-1.5770009704763055e-06,4.428991141199594e-06,4.852597737636799e-05,6.793327066939014e-05,-3.177339995108497e-05,-1.7527583378317624e-08,6.054014740577724e-08,-1.155039936645999e-07,-1.0,False,False,1.3019932677744464e-07
27,1.35,approach,0.0,0.0,0.0,transport,-0.06390143206336037,0.20345985704175618,0.8984041501882155,-0.06390143206336037,0.20345985704175618,0.8984041501882155,-0.20846079963498512,5.433918013252858e-06,1.1732769418413613,-0.20846461653782666,1.2643543292094257e-07,1.1732794335338195,3.8169028415413475e-06,5.307482580331915e-06,-2.491692458139738e-06,6.996188244197235e-06,7.672655672086304e-05,0.00010726637183769762,-5.020751916884336e-05,-3.4575307073537275e-08,1.197028094450246e-07,-2.28655295860249e-07,-1.0,False,False,2.3290197462235136e-07
28,1.4,approach,0.0,0.0,0.0,transport,-0.06390143206336037,0.20345985704175618,0.8984041501882155,-0.06390143206336037,0.20345985704175618,0.8984041501882155,-0.2084589147219386,8.086765095848235e-06,1.1732757047927649,-0.20846458746493463,2.1002983859155715e-07,1.1732794054875797,5.672742996037927e-06,7.876735257256679e-06,-3.7006948148121666e-06,1.0388364333444676e-05,0.00011403631776152334,0.00015920659325854584,-7.457482109174407e-05,-6.171157525259205e-08,2.1402778064687227e-07,-4.090930330904934e-07,-1.0,False,False,3.864285131850587e-07
29,1.45,approach,0.0,0.0,0.0,transport,-0.06390143206336037,0.20345985704175618,0.8984041501882155,-0.06390143206336037,0.20345985704175618,0.8984041501882155,-0.20845650422258336,1.147932805454615e-05,1.1732741228074053,-0.20846454603016965,3.2918307588074695e-07,1.1732793654042892,8.041807586289806e-06,1.1150144978665403e-05,-5.24259688394757e-06,1.4713300934451872e-05,0.00016166484702540007,0.00022538596431909187,-0.00010565360348824271,-1.0223720643284109e-07,3.5505982935134505e-07,-6.788137111251236e-07,-1.0,False,False,6.049234669504867e-07
30,1.5,approach,0.0,0.0,0.0,transport,-0.06390143206336037,0.20345985704175618,0.8984041501882155,-0.06390143206336037,0.20345985704175618,0.8984041501882155,-0.20845350606318816,1.5698970132618337e-05,1.1732721551469456,-0.20846448920752378,4.925836412966051e-07,1.1732793102887564,1.0983144335618977e-05,1.5206386491321731e-05,-7.155141810821775e-06,2.0076346877693194e-05,0.000220799339629707,0.00030739574113475184,-0.0001442051468725225,-1.5988678061440774e-07,5.558617098158193e-07,-1.0626305004162927e-06,-1.0,False,False,9.040889353815594e-07
31,1.55,approach,0.0,0.0,0.0,transport,-0.06390143206336037,0.20345985704175618,0.8984041501882155,-0.06390143206336037,0.20345985704175618,0.8984041501882155,-0.2084498589663989,2.0831933743361098e-05,1.1732697615957033,-0.20846441366668947,7.097833648277376e-07,1.17327923683008,1.4554700290575484e-05,2.012215037853336e-05,-9.475234376665753e-06,2.6580449636857854e-05,0.0002926048224977107,0.00040678700204128986,-0.00019097386106281533,-2.38816632298204e-07,8.309707237661164e-07,-1.5880684760736253e-06,-1.0,False,False,1.3011289917659877e-06
32,1.6,approach,0.0,0.0,0.0,transport,-0.06390143206336037,0.20345985704175618,0.8984041501882155,-0.06390143206336037,0.20345985704175618,0.8984041501882155,-0.2084455024479411,2.6963345111213223e-05,1.1732669024584856,-0.20846431578067523,9.911730879329105e-07,1.173279141406822,1.8813332734124444e-05,2.5972172023280313e-05,-1.223894833635164e-05,3.43261862803258e-05,0.000378224374967262,0.0005250712349277097,-0.0002466874318862722,-3.435930103014844e-07,1.196356096787309e-06,-2.2852620300104986e-06,-1.0,False,False,1.814695235795972e-06
33,1.65,approach,0.0,0.0,0.0,transport,-0.06390143206336037,0.20345985704175618,0.8984041501882155,-0.06390143206336037,0.20345985704175618,0.8984041501882155,-0.2084403768133223,3.417721891287386e-05,1.1732635385584256,-0.20846419163329885,1.3479587377672956e-06,1.1732790200921728,2.3814819976542e-05,3.2829260175106564e-05,-1.5481533747196963e-05,4.3411794034864994e-05,0.0004787793470584223,0.0006637209164988189,-0.00031205696792824256,-4.791804049330662e-07,1.669377155320976e-06,-3.186854444135004e-06,-1.0,False,False,2.464833473262365e-06
34,1.7,approach,0.0,0.0,0.0,transport,-0.06390143206336037,0.20345985704175618,0.8984041501882155,-0.06390143206336037,0.20345985704175618,0.8984041501882155,-0.2084344231545344,4.255646291842047e-05,1.173259631234817,-0.20846403702656832,1.792137793668622e-06,1.1732788686591222,2.9613872033928956e-05,4.0764325124751846e-05,-1.9237424305318385e-05,5.3933200476341555e-05,0.0005953695752891619,0.0008241700836130635,-0.00038777714711724087,-6.509300461526661e-07,2.2687422993422307e-06,-4.32789956651601e-06,-1.0,False,False,3.2729314946020585e-06
35,1.75,approach,0.0,0.0,0.0,transport,-0.06390143206336037,0.20345985704175618,0.8984041501882155,-0.06390143206336037,0.20345985704175618,0.8984041501882155,-0.20842758334675598,5.2182882632426724e-05,1.1732551423409512,-0.20846384748794225,2.336476136047583e-06,1.1732786825856163,3.62641411862652e-05,4.984640649637914e-05,-2.3540244665110066e-05,6.598405334224995e-05,0.0007290735962467432,0.001007814896775162,-0.0004745263634209351,-8.645685707304978e-07,3.014468706547365e-06,-5.745765560583196e-06,-1.0,False,False,4.261667956514691e-06
36,1.8,approach,0.0,0.0,0.0,transport,-0.06390143206336037,0.20345985704175618,0.8984041501882155,-0.06390143206336037,0.20345985704175618,0.8984041501882155,-0.20841980004505475,6.31371859350804e-05,1.1732500342419532,-0.20846361827748505,2.994485277844474e-06,1.1732784570597186,4.3818232430298254e-05,6.014270065723593e-05,-2.8422817765383357e-05,7.965574998319783e-05,0.0008809488577499192,0.0012160141959806565,-0.0005729668732623594,-1.1261868515242327e-06,3.927842840688655e-06,-7.480040700466891e-06,-1.0,False,False,5.4549623178501524e-06
37,1.85,approach,0.0,0.0,0.0,transport,-0.06390143206336037,0.20345985704175618,0.8984041501882155,-0.06390143206336037,0.20345985704175618,0.8984041501882155,-0.2084110166810899,7.549898772330129e-05,1.1732442698126155,-0.2084633443949071,3.780399965162344e-06,1.173278186984759,5.23277138171907e-05,7.171858775813895e-05,-3.391717214351608e-05,9.503746645175571e-05,0.001052031927902819,0.0014500900489091363,-0.0006837449420604713,-1.4422290011253638e-06,5.031381662384441e-06,-9.57244115324795e-06,-1.0,False,False,6.877925830036749e-06
38,1.9,approach,0.0,0.0,0.0,transport,-0.06390143206336037,0.20345985704175618,0.8984041501882155,-0.06390143206336037,0.20345985704175618,0.8984041501882155,-0.2084011774598145,8.93468145518592e-05,1.1732378124352365,-0.20846304948416608,4.709156178578998e-06,1.1732776116940589,6.187202435156691e-05,8.46376583732802e-05,-3.979925882235946e-05,0.00011214125741707258,0.0012433387018517816,0.0017113282917339372,-0.0008074909904509653,-1.819481530915486e-06,6.348794573961671e-06,-1.206672073557017e-05,-1.0,False,False,8.315539743993753e-06
39,1.95,approach,0.0,0.0,0.0,transport,-0.06390143206336037,0.20345985704175618,0.8984041501882155,-0.06390143206336037,0.20345985704175618,0.8984041501882155,-0.20839022735617774,0.00010475810927449163,1.173230625997454,-0.20846287148031656,5.7963695491588175e-06,1.173275473089881,7.264412413882093e-05,9.89617397253328e-05,-4.484709242680296e-05,0.00013069757610797205,0.0014564425597668462,0.0020009790619182526,-0.0009397139320954651,-2.2650645920779046e-06,6.797408732294802e-06,-1.500858160705388e-05,-1.0,False,False,9.339813170696233e-06
40,2.0,approach,0.0,0.0,0.0,transport,-0.06390143206336037,0.20345985704175618,0.8984041501882155,-0.06390143206336037,0.20345985704175618,0.8984041501882155,-0.20837811211182744,0.00012180923568502205,1.173222674890083,-0.20846291505879752,7.058313996934392e-06,1.1732708083563994,8.480294697008062e-05,0.00011475092168808765,-4.813346631649118e-05,0.00015058600340907093,0.0016951873697823583,0.0023202573227172644,-0.0010559639959595302,-2.7864291613946372e-06,9.615992227389958e-07,-1.84455842877747e-05,-1.0,False,False,1.3682058401665843e-05
41,2.05,approach,0.0,0.0,0.0,transport,-0.06390143206336037,0.20345985704175618,0.8984041501882155,-0.06390143206336037,0.20345985704175618,0.8984041501882155,-0.20836477823181243,0.00014057548315847733,1.1732139240049493,-0.20846315655878622,8.67422913336729e-06,1.17326360003428,9.837832697379145e-05,0.00013190125402511003,-4.967602933070303e-05,0.00017188351846999088,0.0019627365397018037,0.002670343383230859,-0.001137687029002521,-3.3913408671423915e-06,-1.5307526285712534e-05,-2.2427067007556944e-05,-1.0,False,False,2.5242583074574615e-05
42,2.1,approach,0.0,0.0,0.0,transport,-0.06390143206336037,0.20345985704175618,0.8984041501882155,-0.06390143206336037,0.20345985704175618,0.8984041501882155,-0.20835017298128483,0.00016113107129220617,1.1732043387327278,-0.2084635339398754,1.2238541976056177e-05,1.1732541139064456,0.00011336095859057482,0.00014889252931615,-4.9775173717847565e-05,0.00019364209288627436,0.0022596715500278197,0.0030491368431767776,-0.0011852260310440954,-4.093524411110492e-06,-4.200575654527999e-05,-2.7703997474399125e-05,-1.0,False,False,4.411388716618356e-05
43,2.15,approach,0.0,0.0,0.0,transport,-0.06390143206336037,0.20345985704175618,0.8984041501882155,-0.06390143206336037,0.20345985704175618,0.8984041501882155,-0.2083342443822024,0.00018354915454699678,1.1731938849607761,-0.2084639839830898,1.910852330664019e-05,1.1732426366485387,0.00012973960088738523,0.0001644406312403566,-4.875168776252714e-05,0.00021505769528393977,0.0025857911534599154,0.003426212251418812,-0.0012045789133896534,-4.163959694661883e-06,-7.788118655613906e-05,-4.1247089399279985e-05,-1.0,False,False,6.99242551001801e-05
44,2.2,approach,0.0,0.0,0.0,transport,-0.06390143206336037,0.20345985704175618,0.8984041501882155,-0.06390143206336037,0.20345985704175618,0.8984041501882155,-0.2083169412100311,0.00020790182688819445,1.1731825290709716,-0.2084634774707673,2.9404732958948247e-05,1.1732295169511648,0.0001465362607361853,0.0001784970939292462,-4.698788019319444e-05,0.0002356733950550622,0.0029408554611737303,0.003775866071631085,-0.0012021515513405134,-2.8189789691438278e-06,-0.00012159037641681266,-6.903216297965455e-05,-1.0,False,False,9.880204939193051e-05
45,2.25,approach,0.0,0.0,0.0,transport,-0.06390143206336037,0.20345985704175618,0.8984041501882155,-0.06390143206336037,0.20345985704175618,0.8984041501882155,-0.20829821299044726,0.00023426012642682007,1.173170237937547,-0.20846062719713152,4.276798940367634e-05,1.173215005414088,0.00016241420668425266,0.00019149213702314373,-4.476747654091895e-05,0.0002550524260429752,0.003305289606400641,0.004097107869357437,-0.001185580272355935,1.1543854701972008e-07,-0.00016312011967399388,-0.00011153113057647036,-1.0,False,False,0.00012634527948273444
46,2.3,approach,0.0,0.0,0.0,transport,-0.06390143206336037,0.20345985704175618,0.8984041501882155,-0.06390143206336037,0.20345985704175618,0.8984041501882155,-0.20827800999604001,0.0002626940400606878,1.1731569789249257,-0.20845511279442502,5.878946887446937e-05,1.1731991262126396,0.0001771027983850093,0.00020390457118621842,-4.214728771390064e-05,0.0002733475246057209,0.003652344021830012,0.004398521013140229,-0.0011605297832462114,4.504239061555751e-06,-0.00018952865757168886,-0.0001670662095692333,-1.0,False,False,0.00015319158189019182
47,2.35,approach,0.0,0.0,0.0,transport,-0.06390143206336037,0.20345985704175618,0.8984041501882155,-0.06390143206336037,0.20345985704175618,0.8984041501882155,-0.20825628324301373,0.00029327250811552266,1.173142719885558,-0.20844729218186933,7.714505909605769e-05,1.173181829362817,0.0001910089388555969,0.000216127449019465,-3.910947725893621e-05,0.00029107566053153573,0.003976591028225784,0.004689660784821066,-0.0011281265416318575,1.015609306197524e-05,-0.00019782431509264537,-0.0002337371112594653,-1.0,False,False,0.00018231102643870387
48,2.4,approach,0.0,0.0,0.0,transport,-0.06390143206336037,0.20345985704175618,0.8984041501882155,-0.06390143206336037,0.20345985704175618,0.8984041501882155,-0.2082329844878903,0.0003260634289860789,1.1731274291577571,-0.20843755972509292,9.761595850226598e-05,1.1731630782847393,0.00020457523720263104,0.0002284474704838129,-3.5649126982173485e-05,0.0003087233951315586,0.004286153879580756,0.004978367397800425,-0.0010880041011951391,1.690823576475539e-05,-0.00019117666825504482,-0.00031002392572632056,-1.0,False,False,0.0002159211048825602
49,2.45,approach,0.0,0.0,0.0,transport,-0.06390143206336037,0.20345985704175618,0.8984041501882155,-0.06390143206336037,0.20345985704175618,0.8984041501882155,-0.20820806622421156,0.0003611336637772579,1.1731110755635346,-0.2084262153022723,0.00012007206152829328,1.173142845281248,0.00021814907806072537,0.0002410616022489646,-3.1769717713459045e-05,0.00032666348326860063,0.004589870017627229,0.005270354105499839,-0.0010400544240951604,2.4643939445855947e-05,-0.0001730634322936279,-0.00039487899258653926,-1.0,False,False,0.0002550829126817685
50,2.5,approach,0.0,0.0,0.0,transport,-0.06390143206336037,0.20345985704175618,0.8984041501882155,-0.06390143206336037,0.20345985704175618,0.8984041501882155,-0.2081814816792417,0.0003985490409452253,1.1730936284064357,-0.20841322563792536,0.00014444822978508542,1.1731213207565658,0.0002317439586836667,0.00025410081116013987,-2.7692350130115173e-05,0.0003450207977417405,0.004894672460611926,0.00556953958833864,-0.000984337496245935,3.3287039327246465e-05,-0.00014613985122012004,-0.00048765180843204757,-1.0,False,False,0.00030004848901083164
51,2.55,approach,0.0,0.0,0.0,transport,-0.06390143206336037,0.20345985704175618,0.8984041501882155,-0.06390143206336037,0.20345985704175618,0.8984041501882155,-0.20815318481066947,0.0004383743609385303,1.1730750574693765,-0.2083981952379869,0.00017072354649106858,1.1730989489275336,0.0002450104273174214,0.00026765081444746176,-2.389145815717697e-05,0.0003636452526041433,0.005200816545117837,0.005878522623068897,-0.0009252657437874845,4.279097079929723e-05,-0.00011208364405127573,-0.0005879817791266777,-1.0,False,False,0.0003507637120791704
52,2.6,approach,0.0,0.0,0.0,transport,-0.06390143206336037,0.20345985704175618,0.8984041501882155,-0.06390143206336037,0.20345985704175618,0.8984041501882155,-0.20812313030331075,0.0004806734008392221,1.1730553330124784,-0.2083807477796054,0.000198905666895674,1.173076078129804,0.00025761747629465814,0.0002817677339435481,-2.0745117325526863e-05,0.00038234824424464243,0.0055012986935226715,0.006198997086963071,-0.0008723183011039026,5.31287044798756e-05,-7.289345825878859e-05,-0.0006957043994036553,-1.0,False,False,0.0004069771835414497
53,2.65,approach,0.0,0.0,0.0,transport,-0.06390143206336037,0.20345985704175618,0.8984041501882155,-0.06390143206336037,0.20345985704175618,0.8984041501882155,-0.2080912735658109,0.0005255089190039691,1.1730344257709047,-0.20836066350464935,0.0002290200231569577,1.173052851416493,0.0002693899388384602,0.0002964888958470114,-1.842564558840465e-05,0.00040101883861399677,0.005789484275890433,0.006532065042165903,-0.000833047177986046,6.428547504601598e-05,-3.198496792136318e-05,-0.0008107811364471307,-1.0,False,False,0.00046819493987726126
54,2.7,approach,0.0,0.0,0.0,transport,-0.06390143206336037,0.20345985704175618,0.8984041501882155,-0.06390143206336037,0.20345985704175618,0.8984041501882155,-0.2080575707273469,0.0005729426597051756,1.1730123069526956,-0.2083377811690077,0.0002611028306483146,1.1730293337713873,0.00028021044166079423,0.000311839829056861,-1.7026818691645573e-05,0.0004195853705227434,0.006061855546048989,0.006878452730964357,-0.0008108892759484121,7.625376214609029e-05,7.307739070951043e-06,-0.0009332512885685867,-1.0,False,False,0.0005338843476787279
55,2.75,approach,0.0,0.0,0.0,transport,-0.06390143206336037,0.20345985704175618,0.8984041501882155,-0.06390143206336037,0.20345985704175618,0.8984041501882155,-0.20802197863433006,0.0006230353577721013,1.1729889482366056,-0.2083119938810896,0.0002951966222769957,1.173005538282652,0.00029001524675953405,0.00032783873549510563,-1.6590046046482954e-05,0.00043802090072489426,0.006316050693552788,0.007238650542475734,-0.0008077106956339009,8.902994262765341e-05,4.252313412854643e-05,-0.0010632005639412375,-1.0,False,False,0.0006036353879790799
56,2.8,approach,0.0,0.0,0.0,transport,-0.06390143206336037,0.20345985704175618,0.8984041501882155,-0.06390143206336037,0.20345985704175618,0.8984041501882155,-0.2079844548471081,0.0006758467432319765,1.1729643217699368,-0.20828325043289897,0.000331353284860496,1.1729814344136693,0.0002987955857908786,0.00034449345837148055,-1.7112643732497546e-05,0.0004563413059590077,0.006550780679629997,0.007613002419099617,-0.0008243302543053943,0.00010261229284534244,7.207039538576812e-05,-0.0012007411469374147,-1.0,False,False,0.000677172772081009
57,2.85,approach,0.0,0.0,0.0,transport,-0.06390143206336037,0.20345985704175618,0.8984041501882155,-0.06390143206336037,0.20345985704175618,0.8984041501882155,-0.20794495763666773,0.0007314355459511237,1.1729384001663774,-0.20825155227765235,0.00037014409288318263,1.1729569538930162,0.00030659464098461986,0.0003612914530679411,-1.855372663883692e-05,0.00047421095380918916,0.006765855924624753,0.008001645221812554,-0.0008606849458381305,0.00011692190131562988,9.51109302137294e-05,-0.0013459327743012017,-1.0,False,False,0.0007496753399574399
58,2.9,approach,0.0,0.0,0.0,transport,-0.06390143206336037,0.20345985704175618,0.8984041501882155,-0.06390143206336037,0.20345985704175618,0.8984041501882155,-0.20790344598133687,0.0007898595002760722,1.1729111565038357,-0.20821694584481357,0.0004125617147267275,1.1729319971683465,0.00031349986347670167,0.00037729778554934466,-2.0840664510801687e-05,0.000490988917061884,0.006962125926309737,0.00839430814785779,-0.0009159477836107044,0.0001281620248891217,0.00011142372496307292,-0.0014897018863695133,-1.0,False,False,0.0008105596516431678
59,2.95,approach,0.0,0.0,0.0,transport,-0.06390143206336037,0.20345985704175618,0.8984041501882155,-0.06390143206336037,0.20345985704175618,0.8984041501882155,-0.20785987956348717,0.0008511753496746779,1.1728825643222762,-0.20817951203686164,0.00045947153195547374,1.1729064409822045,0.0003196324733744649,0.00039170381771920417,-2.387665992831245e-05,0.0005061293251142536,0.007141325626527917,0.008772272698959008,-0.0009886569214057062,0.0001354966485872166,0.00012127613747227472,-0.001610888125286487,-1.0,False,False,0.0008556585281012983
60,3.0,approach,0.0,0.0,0.0,transport,-0.06390143206336037,0.20345985704175618,0.8984041501882155,-0.06390143206336037,0.20345985704175618,0.8984041501882155,-0.20781421876623624,0.0009154388513772414,1.172852597621556,-0.20813935461009092,0.0005110664341815655,1.17288014651541,0.00032513584385468475,0.00040437241719567586,-2.7548893853923673e-05,0.0005196049560005624,0.007305865412507995,0.009119346388435352,-0.0010768672129701784,0.0001390298719733471,0.00012529662193728875,-0.0017010518857695377,-1.0,False,False,0.0008865991076507414
61,3.05,approach,0.0,0.0,0.0,transport,-0.06390143206336037,0.20345985704175618,0.8984041501882155,-0.06390143206336037,0.20345985704175618,0.8984041501882155,-0.20776642467015008,0.0009827047810176228,1.1728212308592605,-0.20809658942040085,0.0005671869229739487,1.1728529673855972,0.0003301647502507721,0.0004155178580436741,-3.1736526336700877e-05,0.0005316681857749979,0.007458598798816829,0.009432766936721146,-0.0011783131229892163,0.00014052587246900802,0.00012435824425396095,-0.0017632411681336327,-1.0,False,False,0.0009065987239538372
62,3.1,approach,0.0,0.0,0.0,transport,-0.06390143206336037,0.20345985704175618,0.8984041501882155,-0.06390143206336037,0.20345985704175618,0.8984041501882155,-0.20771645904994546,0.0010530269372743645,1.1727884389485381,-0.20805133456283717,0.000627528113590642,1.172824756975281,0.0003348755128917136,0.00042549882368372253,-3.631802674286533e-05,0.0005426876239211792,0.007602607409107898,0.009716800286008317,-0.001290568741181275,0.00014141768303784432,0.00011947348714883097,-0.0018037217384872896,-1.0,False,False,0.0009188230998568397
63,3.15,approach,0.0,0.0,0.0,transport,-0.06390143206336037,0.20345985704175618,0.8984041501882155,-0.06390143206336037,0.20345985704175618,0.8984041501882155,-0.20766428437119233,0.001126458146511806,1.1727541972559374,-0.20800370191387266,0.0006917647907249747,1.1727953746964157,0.00033941754268032587,0.0004346933557868313,-4.1177440478268323e-05,0.0005530444497946876,0.007741003832896776,0.00997860065842328,-0.0014111943868710952,0.0001424446827382524,0.00011170420009736351,-0.0018287086261518906,-1.0,False,False,0.0009258527446997052
64,3.2,approach,0.0,0.0,0.0,transport,-0.06390143206336037,0.20345985704175618,0.8984041501882155,-0.06390143206336037,0.20345985704175618,0.8984041501882155,-0.2076098637870161,0.0012030502674212015,1.1727184815992429,-0.20795379038778009,0.0007596176447997324,1.172764690970224,0.0003439266007639885,0.00044343262262146914,-4.6209370981209474e-05,0.0005630748649020885,0.00787676253713121,0.010225709533924536,-0.001537861943456953,0.00014380981932919626,0.00010208779509265542,-0.0018432878335814876,-1.0,False,False,0.0009296013790700929
65,3.25,approach,0.0,0.0,0.0,transport,-0.06390143206336037,0.20345985704175618,0.8984041501882155,-0.06390143206336037,0.20345985704175618,0.8984041501882155,-0.20755316113480007,0.0012828541956618393,1.1726812682453092,-0.20790168104497786,0.0008308799995655471,1.1727325908274182,0.00034851991017778583,0.00045197419609629226,-5.132258210904794e-05,0.0005730452069091596,0.00801258505960023,0.01046473101724214,-0.0016684544982981109,0.00014542394510550644,9.158010305277629e-05,-0.0018512427871002948,-1.0,False,False,0.0009313995725783692
66,3.3,approach,0.0,0.0,0.0,transport,-0.06390143206336037,0.20345985704175618,0.8984041501882155,-0.06390143206336037,0.20345985704175618,0.8984041501882155,-0.20749414093288782,0.0013659198685021605,1.1726425339078987,-0.20784743403489694,0.0009054204874021201,1.1726989761442532,0.0003532931020091279,0.0004604993811000405,-5.644223635448142e-05,0.0005831478560069028,0.00815080224180087,0.01070079737873227,-0.001801138390389312,0.00014709586740631664,8.101446364585144e-05,-0.0018552143050518002,-1.0,False,False,0.0009321227495535702
67,3.35,approach,0.0,0.0,0.0,transport,-0.06390143206336037,0.20345985704175618,0.8984041501882155,-0.06390143206336037,0.20345985704175618,0.8984041501882155,-0.20743276837728547,0.0014522962694608723,1.1726022557455167,-0.20779108724159837,0.000983173064101498,1.172663766612214,0.0003583188643128954,0.00046912320535937436,-6.151086669725636e-05,0.0005935087000634317,0.008293313152229476,0.010937515641175045,-0.0019344079747307674,0.00014864371609320096,7.107597141199859e-05,-0.0018569503312945868,-1.0,False,False,0.0009323153806015727
68,3.4,approach,0.0,0.0,0.0,transport,-0.06390143206336037,0.20345985704175618,0.8984041501882155,-0.06390143206336037,0.20345985704175618,0.8984041501882155,-0.20736900933836422,0.001542031432948072,1.172560411359247,-0.20773265641712318,0.0010641220523928902,1.1726268996005198,0.0003636470787589663,0.00047790938055518187,-6.648824127286623e-05,0.0006041996856504696,0.008441558064682941,0.011177167376931483,-0.0020671050593401574,0.00014994315962433785,6.228926284508231e-05,-0.0018575481076518873,-1.0,False,False,0.000932294554356314
69,3.45,approach,0.0,0.0,0.0,transport,-0.06390143206336037,0.20345985704175618,0.8984041501882155,-0.06390143206336037,0.20345985704175618,0.8984041501882155,-0.2073028303575626,0.0016351724489063614,1.1725169787905876,-0.20767213653664812,0.001148286874592608,1.1725883291088446,0.0003693061790855101,0.0004868855743137533,-7.135031825700189e-05,0.0006152523744781061,0.00859652119121146,0.011421007930269424,-0.0021984161986443596,0.0001509358722261738,5.501786862246826e-05,-0.0018576554957626876,-1.0,False,False,0.0009322294876783964
70,3.5,approach,0.0,0.0,0.0,transport,-0.06390143206336037,0.20345985704175618,0.8984041501882155,-0.06390143206336037,0.20345985704175618,0.8984041501882155,-0.2072341986440889,0.0017317654674519642,1.172471936519287,-0.20760950408593626,0.001235708899354529,1.1725480240257151,0.0003753054418473567,0.0004960565680974351,-7.608750642806861e-05,0.0006266702498661367,0.008758757851184407,0.011669571857187123,-0.0023278517911506924,0.00015161797239993428,4.9472937615070217e-05,-0.0018576252823639032,-1.0,False,False,0.000932198907641187
71,3.55,approach,0.0,0.0,0.0,transport,-0.06390143206336037,0.20345985704175618,0.8984041501882155,-0.06390143206336037,0.20345985704175618,0.8984041501882155,-0.20716308207162348,0.0018318557035158476,1.17242526346118,-0.20754471998892363,0.0013264413270878865,1.1725059659105213,0.00038163791730014274,0.0005054143764279611,-8.070244934121895e-05,0.000638438781051815,0.008928440286255501,0.011922936083226372,-0.0024552112907016976,0.00015202169284178043,4.572905142803767e-05,-0.0018576268388432323,-1.0,False,False,0.0009322301937390972
72,3.6,approach,0.0,0.0,0.0,transport,-0.06390143206336037,0.20345985704175618,0.8984041501882155,-0.06390143206336037,0.20345985704175618,0.8984041501882155,-0.20708944917502123,0.0019354874414848344,1.1723769389660228,-0.20747773289764326,0.0014205421322148074,1.1724621465066318,0.0003882837226220348,0.0005149453092700271,-8.520754060903357e-05,0.0006505330474073313,0.00910541627804795,0.012180922287938958,-0.0025805388899691195,0.00015219774270415118,4.374489573012437e-05,-0.0018577230061795165,-1.0,False,False,0.0009323245397467702
73,3.65,approach,0.0,0.0,0.0,transport,-0.06390143206336037,0.20345985704175618,0.8984041501882155,-0.06390143206336037,0.20345985704175618,0.8984041501882155,-0.20701326914701382,0.0020427040398427266,1.1723269428153291,-0.20740848259700106,0.0015180696138613497,1.1724165651706946,0.0003952134499872473,0.0005246344259813769,-8.96223553654707e-05,0.0006629231618799315,0.009289275012588916,0.012443238152558385,-0.0027040738260541985,0.00015220169380190975,4.338671616806373e-05,-0.00185792045764077,-1.0,False,False,0.0009324719724530093
74,3.7,approach,0.0,0.0,0.0,transport,-0.06390143206336037,0.20345985704175618,0.8984041501882155,-0.06390143206336037,0.20345985704175618,0.8984041501882155,-0.2069345118349122,0.0021535479358114206,1.172275255220207,-0.20733690331460763,0.0016190799434211405,1.1723692263751297,0.0004023914796954242,0.00053446799239028,-9.397115492282282e-05,0.0006755779124414138,0.00947941524177709,0.012709566439001417,-0.0028261990097533385,0.00015208514486417205,4.445270960047782e-05,-0.00185820073806961,-1.0,False,False,0.0009326595189874513
75,3.75,approach,0.0,0.0,0.0,transport,-0.06390143206336037,0.20345985704175618,0.8984041501882155,-0.06390143206336037,0.20345985704175618,0.8984041501882155,-0.20685314773730892,0.0022680606499920247,1.1722218568191924,-0.2072629267682831,0.0017236260920918825,1.1723201374091408,0.0004097790309741667,0.0005444345579001422,-9.828058994831856e-05,0.0006884670772249315,0.009675111545974224,0.012979614131417684,-0.00294739111874609,0.00015189108724988416,4.669679239878642e-05,-0.0018585380331393082,-1.0,False,False,0.000932875013067814
76,3.8,approach,0.0,0.0,0.0,transport,-0.06390143206336037,0.20345985704175618,0.8984041501882155,-0.06390143206336037,0.20345985704175618,0.8984041501882155,-0.20676914800078047,0.0023862827910059786,1.172166728676088,-0.20718648482912566,0.0018317576267577258,1.1722693063697005,0.00041733682834518837,0.0005545251642482527,-0.00010257769361254887,0.0007015628049609263,0.009875575350052346,0.013253133978281921,-0.0030681746610561333,0.00015165239680565128,4.985051647050095e-05,-0.0018589081840090494,-1.0,False,False,0.0009331084329855932
77,3.85,approach,0.0,0.0,0.0,transport,-0.06390143206336037,0.20345985704175618,0.8984041501882155,-0.06390143206336037,0.20345985704175618,0.8984041501882155,-0.2066824844165897,0.0025082540601361705,1.172109852277796,-0.20710751172135805,0.001943520976185897,1.1722167405014978,0.00042502730476834394,0.0005647330839502734,-0.00010688822370186202,0.0007148403725817173,0.010080008250719086,0.013529928667568893,-0.003189081838090857,0.00015139231818013039,5.364223290776434e-05,-0.0018592924104830937,-1.0,False,False,0.0009333519786713391
78,3.9,approach,0.0,0.0,0.0,transport,-0.06390143206336037,0.20345985704175618,0.8984041501882155,-0.06390143206336037,0.20345985704175618,0.8984041501882155,-0.20659312941738817,0.002634013255968052,1.1720512095321558,-0.20702594572055177,0.0020589598999182566,1.1721624449145431,0.00043281630316360786,0.0005750533560497954,-0.00011123538238733133,0.0007282785352344257,0.010287646079397694,0.013809845595643098,-0.0033106193868404077,0.0001511259911100701,5.7812927108531935e-05,-0.001859678000254065,-1.0,False,False,0.0009335996812899268
79,3.95,approach,0.0,0.0,0.0,transport,-0.06390143206336037,0.20345985704175618,0.8984041501882155,-0.06390143206336037,0.20345985704175618,0.8984041501882155,-0.20650105607391847,0.0027635982790307633,1.1719907827657792,-0.2069417303471943,0.002178115989802759,1.1721064216816168,0.00044067427327582065,0.0005854822892280044,-0.00011563891583765695,0.0007418596127185696,0.010497792932666061,0.014092767582250133,-0.0034332429752792493,0.00015086234642764412,6.212844347559406e-05,-0.0018600575444217462,-1.0,False,False,0.0009338469558960769
80,4.0,approach,0.0,0.0,0.0,transport,-0.06390143206336037,0.20345985704175618,0.8984041501882155,-0.06390143206336037,0.20345985704175618,0.8984041501882155,-0.20640623809171674,0.0028970461364382456,1.171928554721886,-0.2068548150812915,0.002301029112353322,1.1720486692961611,0.00044857698957476155,0.0005960170240849236,-0.00012011457427507644,0.000755569400868171,0.010709845109551086,0.014378602932709735,-0.0035573391946153166,0.00015060594233015,6.638807126904107e-05,-0.0018604276449981877,-1.0,False,False,0.0009340902236724422
81,4.05,approach,0.0,0.0,0.0,transport,-0.06390143206336037,0.20345985704175618,0.8984041501882155,-0.06390143206336037,0.20345985704175618,0.8984041501882155,-0.20630864980781483,0.0030343929465303583,1.1718645085581407,-0.20676515564533807,0.0024277377606306276,1.1719891824549615,0.00045650583752324114,0.0006066551858997307,-0.00012467389682080388,0.0007693969552970152,0.010923305469533462,0.014667276683540727,-0.0036832147604082266,0.00015035850901334107,7.04296744530049e-05,-0.0018607875116642043,-1.0,False,False,0.0009343267429503247
82,4.1,approach,0.0,0.0,0.0,transport,-0.06390143206336037,0.20345985704175618,0.8984041501882155,-0.06390143206336037,0.20345985704175618,0.8984041501882155,-0.2062082661874429,0.003175673943514001,1.1717986278444872,-0.2066727139196852,0.0025582793005112163,1.1719279521174286,0.0004644477322423013,0.0006173946430027845,-0.00012932427294143345,0.000783334289282285,0.011137789157903422,0.014958723657667464,-0.0038110922094869437,0.00015012013112423856,7.413171515184426e-05,-0.0018611379006963817,-1.0,False,False,0.000934554504245938
83,4.15,approach,0.0,0.0,0.0,transport,-0.06390143206336037,0.20345985704175618,0.8984041501882155,-0.06390143206336037,0.20345985704175618,0.8984041501882155,-0.20610506282073163,0.0033209234821042267,1.171730896560985,-0.2065774575619103,0.0026926901352190774,1.1718649657876092,0.0004723947411786611,0.0006282333468851493,-0.00013406922662428933,0.0007973760011182965,0.011353021979071398,0.015252883631860208,-0.003941111128873409,0.00014989007843400795,7.741262166033083e-05,-0.0018614802539968574,-1.0,False,False,0.0009347722159111071
84,4.2,approach,0.0,0.0,0.0,transport,-0.06390143206336037,0.20345985704175618,0.8984041501882155,-0.06390143206336037,0.20345985704175618,0.8984041501882155,-0.20599901591941458,0.0034701750421653648,1.171661299095645,-0.2064793594065011,0.002831005797165757,1.1718002079614707,0.00048034348708653196,0.0006391692449996076,-0.00013890886582568207,0.000811518861361087,0.011568832849914168,0.015549698138925747,-0.004073333839285098,0.00014966732372517647,8.022802907620285e-05,-0.0018618161934296675,-1.0,False,False,0.0009349792738208675
85,4.25,approach,0.0,0.0,0.0,transport,-0.06390143206336037,0.20345985704175618,0.8984041501882155,-0.06390143206336037,0.20345985704175618,0.8984041501882155,-0.20589010231353075,0.0036234612333521346,1.171589820242266,-0.2063783967184396,0.00297326099434633,1.1717336606841016,0.0004882944049088567,0.0006502002390058048,-0.0001438404418354633,0.0008257613755655573,0.011785141859407267,0.01584910872372755,-0.004207754384091267,0.00014945083693128683,8.256643415436417e-05,-0.0018621472018049375,-1.0,False,False,0.000935175707835418
86,4.3,approach,0.0,0.0,0.0,transport,-0.06390143206336037,0.20345985704175618,0.8984041501882155,-0.06390143206336037,0.20345985704175618,0.8984041501882155,-0.20577829944812673,0.003780813799750768,1.1715164451982694,-0.206274550369647,0.0031194896263525744,1.1716653041649285,0.0004962509215202804,0.0006613241733981934,-0.0001488589666591711,0.0008401033456577634,0.012001945406257541,0.01615105610808876,-0.0043443097166440126,0.00014923972326370553,8.444380322799904e-05,-0.001862474474240778,-1.0,False,False,0.000935362102041267
87,4.35,approach,0.0,0.0,0.0,transport,-0.06390143206336037,0.20345985704175618,0.8984041501882155,-0.06390143206336037,0.20345985704175618,0.8984041501882155,-0.20566358537995916,0.00394226362452012,1.1714411595625354,-0.2061678039984666,0.003269724782861036,1.1715951174056514,0.0005042186185074404,0.0006725388416590843,-0.0001539578431160038,0.0008545454500766045,0.012219299793757021,0.016455479963350915,-0.0044828920478634515,0.0001490332595457377,8.589762724155022e-05,-0.0018627988976064147,-1.0,False,False,0.0009355394618445011
88,4.4,approach,0.0,0.0,0.0,transport,-0.06390143206336037,0.20345985704175618,0.8984041501882155,-0.06390143206336037,0.20345985704175618,0.8984041501882155,-0.2055459387741972,0.004107840734532795,1.1713639493332388,-0.20605814320254132,0.0034239987373336795,1.1715230788030142,0.0005122044283441263,0.0006838419971991151,-0.00015912946977536535,0.0008690888571944739,0.012437304485388156,0.016762319033435176,-0.004623361448250485,0.00014883087427854528,8.69808608521323e-05,-0.0018631210479676567,-1.0,False,False,0.0009357091114778218
89,4.45,approach,0.0,0.0,0.0,transport,-0.06390143206336037,0.20345985704175618,0.8984041501882155,-0.06390143206336037,0.20345985704175618,0.8984041501882155,-0.2054253389011247,0.004277574305016258,1.1712848009056855,-0.20594555480414953,0.0035823429342757753,1.171449166696995,0.0005202159030248399,0.0006952313707404827,-0.00016436579130951756,0.0008837348912283842,0.01265608602833257,0.01707151135365157,-0.004765557946573296,0.00014863211213393562,8.775610705819631e-05,-0.001863441312767068,-1.0,False,False,0.0009358725271842981
90,4.5,approach,0.0,0.0,0.0,transport,-0.06390143206336037,0.20345985704175618,0.8984041501882155,-0.06390143206336037,0.20345985704175618,0.8984041501882155,-0.20530176563284272,0.004451492664193961,1.171203701070147,-0.20583002621552,0.0037447879832073505,1.1713733598437344,0.0005282605826772702,0.0007067046809866103,-0.0001696587735873223,0.0008984847515645827,0.012875783426136156,0.017382994598363708,-0.004909312536960364,0.00014843659240785349,8.829032852601092e-05,-0.0018637598945348114,-1.0,False,False,0.0009360312224369529
91,4.55,approach,0.0,0.0,0.0,transport,-0.06390143206336037,0.20345985704175618,0.8984041501882155,-0.06390143206336037,0.20345985704175618,0.8984041501882155,-0.2051751994399719,0.0046296232979264424,1.1711206370096972,-0.20571154492182983,0.003911363652983132,1.171295637799871,0.0005363454818579361,0.0007182596449433103,-0.00017500079017374048,0.0009133392962229017,0.013096535510961904,0.017696706294381838,-0.005054456680744224,0.00014824397738897265,8.865028911037308e-05,-0.0018640768886813148,-1.0,False,False,0.0009361866466537459
92,4.6,approach,0.0,0.0,0.0,transport,-0.06390143206336037,0.20345985704175618,0.8984041501882155,-0.06390143206336037,0.20345985704175618,0.8984041501882155,-0.20504562138835475,0.004811992854352472,1.1710355962980477,-0.20559009808807052,0.004082098870122288,1.171215981213647,0.0005444766997157735,0.000729893984230184,-0.00018038491559924097,0.0009282988864178056,0.013318470669501647,0.018012584027386792,-0.005200830036464765,0.00014805395329348475,8.889884233935133e-05,-0.0018643923332378402,-1.0,False,False,0.0009363400891840032
93,4.65,approach,0.0,0.0,0.0,transport,-0.06390143206336037,0.20345985704175618,0.8984041501882155,-0.06390143206336037,0.20345985704175618,0.8984041501882155,-0.2049130131357581,0.004998627148530146,1.1709485668973838,-0.20546567229029528,0.004257021721881726,1.1711343720224237,0.0005526591545371717,0.0007416054266484199,-0.0001858051250398507,0.0009433632886747295,0.013541699046248357,0.018330565568157164,-0.005348286325261853,0.00014786621372675894,8.909212845142818e-05,-0.001864706203652075,-1.0,False,False,0.0009364926659589162
94,4.7,approach,0.0,0.0,0.0,transport,-0.06390143206336037,0.20345985704175618,0.8984041501882155,-0.06390143206336037,0.20345985704175618,0.8984041501882155,-0.20477735692857538,0.005189551167078019,1.1708595371562007,-0.20533825336254452,0.0044361594568990675,1.1710507935631411,0.0005608964339691436,0.0007533917101789512,-0.0001912564069403988,0.0009585316331772353,0.013766307234397979,0.018650588903925854,-0.005496697324458566,0.0001476804635672025,8.927766018828808e-05,-0.0018650185075894644,-1.0,False,False,0.0009366452669872801
95,4.75,approach,0.0,0.0,0.0,transport,-0.06390143206336037,0.20345985704175618,0.8984041501882155,-0.06390143206336037,0.20345985704175618,0.8984041501882155,-0.20463863559852913,0.00538478907281621,1.1707684958071383,-0.2052078263460052,0.004619538490477341,1.1709652306058802,0.0005691907474760782,0.0007652505823388684,-0.00019673479874193767,0.0009738024141571968,0.013992355280307844,0.018972592318342845,-0.005645955120057167,0.000147496421979783,8.949324485123001e-05,-0.0018653292442107514,-1.0,False,False,0.000936798540393205
96,4.8,approach,0.0,0.0,0.0,transport,-0.06390143206336037,0.20345985704175618,0.8984041501882155,-0.06390143206336037,0.20345985704175618,0.8984041501882155,-0.2044968325593732,0.005584364209407533,1.1706754319648178,-0.20507437552567123,0.004807184411790967,1.1708776693216243,0.000577542966298028,0.0007771797976165659,-0.00020223735680646726,0.0009891735258445394,0.014219875732640053,0.019296514378603826,-0.0057959728212475525,0.00014731382997716064,8.97666564000438e-05,-0.0018656383904785978,-1.0,False,False,0.0009369529382862077
97,4.85,approach,0.0,0.0,0.0,transport,-0.06390143206336037,0.20345985704175618,0.8984041501882155,-0.06390143206336037,0.20345985704175618,0.8984041501882155,-0.2043519318035953,0.005788299105998605,1.1705803351236777,-0.2049378845345937,0.004999121986717832,1.1707880971991727,0.0005859527309984014,0.000789177119280773,-0.00020776207549499937,0.0010046423286796025,0.014448874441518877,0.019622293884152767,-0.00594668395893283,0.00014713246374972117,9.011592633502961e-05,-0.0018659459778311775,-1.0,False,False,0.0009371087039146799
98,4.9,approach,0.0,0.0,0.0,transport,-0.06390143206336037,0.20345985704175618,0.8984041501882155,-0.06390143206336037,0.20345985704175618,0.8984041501882155,-0.20420391789911918,0.005996615481860969,1.1704831951558081,-0.20479833650889845,0.005195375164107363,1.1706965029239131,0.0005944186097792681,0.0008012403177536064,-0.00021330776810501995,0.0010202057313991933,0.014679332709490178,0.019949869902862738,-0.0060980408672905995,0.0001469521377617474,9.055013484210789e-05,-0.00186625202855829,-1.0,False,False,0.0009372658920957894
99,4.95,approach,0.0,0.0,0.0,transport,-0.06390143206336037,0.20345985704175618,0.8984041501882155,-0.06390143206336037,0.20345985704175618,0.8984041501882155,-0.20405277598600724,0.006209334251032211,1.170384002308789,-0.20465571427413512,0.005395967081118087,1.1706028762330534,0.00060293828812788,0.0008133671699141242,-0.00021887392426434005,0.0010358602835844042,0.014911210457824176,0.02027918173849697,-0.006250012302482233,0.00014677270981185497,9.107055371749833e-05,-0.0018665565450434493,-1.0,False,False,0.0009374244081383433
100,5.0,approach,0.0,0.0,0.0,transport,-0.06390143206336037,0.20345985704175618,0.8984041501882155,-0.06390143206336037,0.20345985704175618,0.8984041501882155,-0.20389849177316266,0.006426475526957079,1.1702827472035235,-0.20451000054646837,0.005600920069300802,1.1705072077597198,0.0006115087733057079,0.000825555457656277,-0.00022446055619629313,0.0010516022702447279,0.015144450019449196,0.020610168916779838,-0.006402580590596507,0.0001465940862371367,9.167201947339535e-05,-0.0018668595283577339,-1.0,False,False,0.000937584058584575
101,5.05,approach,0.0,0.0,0.0,transport,-0.06390143206336037,0.20345985704175618,0.8984041501882155,-0.06390143206336037,0.20345985704175618,0.8984041501882155,-0.20374105153503194,0.00664805862712859,1.1701794208320755,-0.20436117813534005,0.0058102556561282406,1.1704094888759597,0.0006201266003081074,0.000837802971000349,-0.00023006804388425728,0.001067427807134249,0.015378980228728523,0.020942771156555757,-0.006555738552886936,0.0001464162158998948,9.234441988247014e-05,-0.0018671610180929282,-1.0,False,False,0.0009377445706917019
102,5.1,approach,0.0,0.0,0.0,transport,-0.06390143206336037,0.20345985704175618,0.8984041501882155,-0.06390143206336037,0.20345985704175618,0.8984041501882155,-0.20358044210830714,0.006874102077729166,1.1700740145555044,-0.20420923013559997,0.0060239945687874065,1.170309711543686,0.0006287880272928259,0.0008501075089417595,-0.00023569698818159956,0.0010833329267883646,0.015614720540658156,0.02127692843201851,-0.006709486409106624,0.00014623909295827248,9.307418206369121e-05,-0.001867461068876932,-1.0,False,False,0.0009379055949499646
103,5.15,approach,0.0,0.0,0.0,transport,-0.06390143206336037,0.20345985704175618,0.8984041501882155,-0.06390143206336037,0.20345985704175618,0.8984041501882155,-0.2034166508886284,0.007104623618271745,1.1699665201017015,-0.2040541400989004,0.006242156739125535,1.1702078681812416,0.0006374892102720131,0.0008624668791462099,-0.0002413480795400158,0.0010993136523918421,0.015851584939431396,0.021612580989686762,-0.00686382883968939,0.00014606274473439736,9.384567804600376e-05,-0.0018677596963920513,-1.0,False,False,0.0009380667480794222
104,5.2,approach,0.0,0.0,0.0,transport,-0.06390143206336037,0.20345985704175618,0.8984041501882155,-0.06390143206336037,0.20345985704175618,0.8984041501882155,-0.2032496658272862,0.0073396402062408895,1.1698569295632257,-0.20389589218019166,0.006464761308073764,1.170103951548696,0.0006462263529054546,0.0008748788981671257,-0.00024702198547021936,0.001115366059620454,0.016089485432284056,0.021949669342307097,-0.007018772360316561,0.0001458872264102487,9.46424947427371e-05,-0.0018680569077970841,-1.0,False,False,0.000938227662618535
105,5.25,approach,0.0,0.0,0.0,transport,-0.06390143206336037,0.20345985704175618,0.8984041501882155,-0.06390143206336037,0.20345985704175618,0.8984041501882155,-0.20307947542792376,0.007579168021733918,1.1697452353951387,-0.20373447125389138,0.006691826626509493,1.1699979546559114,0.0006549958259676192,0.0008873413952244251,-0.00025271926077263807,0.001131486327128747,0.016328335045358022,0.02228813427320309,-0.007174323071144073,0.00014571261497455234,9.544850713634088e-05,-0.0018683527514720768,-1.0,False,False,0.0009383879753260063
106,5.3,approach,0.0,0.0,0.0,transport,-0.06390143206336037,0.20345985704175618,0.8984041501882155,-0.06390143206336037,0.20345985704175618,0.8984041501882155,-0.2029060687432394,0.007823222472102015,1.1696314304128421,-0.2035698629992789,0.006923370260267908,1.1698898706937773,0.0006637942560394905,0.0008998522118341071,-0.00025844028093513494,0.0011476707699961636,0.01656805021303942,0.022627916911850433,-0.007330484861385322,0.00014553899570680714,9.624874120832177e-05,-0.0018686472512195107,-1.0,False,False,0.0009385473508252862
107,5.35,approach,0.0,0.0,0.0,transport,-0.06390143206336037,0.20345985704175618,0.8984041501882155,-0.06390143206336037,0.20345985704175618,0.8984041501882155,-0.20272943537168903,0.008071818196591349,1.1695155077899113,-0.2034020539558119,0.007159408994438443,1.1697796929880346,0.0006726185841228749,0.0009124092021529058,-0.0002641851981233234,0.0011639158606996567,0.016808552551797473,0.02296895872646882,-0.00748725807731887,0.00014536645498766572,9.703001421568576e-05,-0.0018689404188122947,-1.0,False,False,0.0009387055181904995
108,5.4,approach,0.0,0.0,0.0,transport,-0.06390143206336037,0.20345985704175618,0.8984041501882155,-0.06390143206336037,0.20345985704175618,0.8984041501882155,-0.20254956545418826,0.008324969070984192,1.1693974610559337,-0.20323103155069727,0.007399958834390696,1.1696674149739295,0.0006814660965090147,0.0009250102365934961,-0.00026995391799577995,0.0011802182409771768,0.017049770032472877,0.023311201530914986,-0.0076446386420192525,0.00014519507565107282,9.778135561283983e-05,-0.0018692323012473252,-1.0,False,False,0.0009388622365665668
109,5.45,approach,0.0,0.0,0.0,transport,-0.06390143206336037,0.20345985704175618,0.8984041501882155,-0.06390143206336037,0.20345985704175618,0.8984041501882155,-0.20236644967081505,0.008582688212240045,1.169277284094342,-0.20305678410157185,0.007645035013430901,1.169553030189591,0.000690334430756806,0.0009376531988091437,-0.000275746095248941,0.001196574718339971,0.017291637597644516,0.02365458755698697,-0.0078026175917500495,0.00014502492801430562,9.849422415010994e-05,-0.0018695228950367574,-1.0,False,False,0.0009390173315688119
110,5.5,approach,0.0,0.0,0.0,transport,-0.06390143206336037,0.20345985704175618,0.8984041501882155,-0.06390143206336037,0.20345985704175618,0.8984041501882155,-0.20218007923751194,0.008844987983136736,1.169154971140252,-0.20287930079925476,0.007894651995366746,1.1694365322843523,0.0006992215617428188,0.0009503359877699891,-0.000281561144100273,0.0012129822587012072,0.017534097281198258,0.02399905939411669,-0.00796118098677745,0.00014485606419339014,9.916255146650835e-05,-0.0018698122111590514,-1.0,False,False,0.000939170701504981
111,5.55,approach,0.0,0.0,0.0,transport,-0.06390143206336037,0.20345985704175618,0.8984041501882155,-0.06390143206336037,0.20345985704175618,0.8984041501882155,-0.20199044590278842,0.009111879996911564,1.1690305167782973,-0.20269857167408253,0.008148823478353046,1.1693179150393886,0.0007081257712941158,0.0009630565185585176,-0.000287398261091365,0.0012294379717526537,0.0177770979293268,0.024344560030896342,-0.00812031012110026,0.00014468851888741545,9.978263529281048e-05,-0.0018701002872727496,-1.0,False,False,0.0009393222950629423
112,5.6,approach,0.0,0.0,0.0,transport,-0.06390143206336037,0.20345985704175618,0.8984041501882155,-0.06390143206336037,0.20345985704175618,0.8984041501882155,-0.20179754194442334,0.009383375121902387,1.168903915940465,-0.20251458755159565,0.008407562400071511,1.1691971723963486,0.0007170456071723119,0.0009758127218308758,-0.0002932564558835171,0.0012459390915166974,0.018020594593183836,0.02469103287098682,-0.008279981978471795,0.00014452230661927214,0.00010035292337916136,-0.001870387149674621,-1.0,False,False,0.0009394721038710075
113,5.65,approach,0.0,0.0,0.0,transport,-0.06390143206336037,0.20345985704175618,0.8984041501882155,-0.06390143206336037,0.20345985704175618,0.8984041501882155,-0.20160136016616728,0.00965948348618877,1.1687751639039332,-0.20232734000104285,0.00867088094284634,1.1690742984913842,0.000725979834875573,0.00098860254334243,-0.00029913458745101096,0.001262482954640803,0.018264547708567447,0.025038421722345175,-0.0084401698483072,0.00014435741880338597,0.00010087371295671688,-0.0018706728109100256,-1.0,False,False,0.0009396201561743354
114,5.7,approach,0.0,0.0,0.0,transport,-0.06390143206336037,0.20345985704175618,0.8984041501882155,-0.06390143206336037,0.20345985704175618,0.8984041501882155,-0.2014018938944449,0.009940214482233086,1.168644256288904,-0.20213682128133043,0.00893879053915836,1.1689492876910774,0.00073492738688552,0.0010014239430747255,-0.00030503140217352787,0.0012790669779451185,0.018508922131958983,0.025386670787734926,-0.008600844049606593,0.00014419382540890668,0.00010134680349447836,-0.0018709572730802072,-1.0,False,False,0.0009397665200429787
115,5.75,approach,0.0,0.0,0.0,transport,-0.06390143206336037,0.20345985704175618,0.8984041501882155,-0.06390143206336037,0.20345985704175618,0.8984041501882155,-0.20119913697505734,0.010225576771521637,1.1685111890564412,-0.20194302428695968,0.009211301875924043,1.1688221346283647,0.0007438873119023359,0.0010142748955975934,-0.00031094557192345995,0.0012956886375003833,0.018753686125461688,0.02573572464726552,-0.008761972692723496,0.00014403147911585322,0.00010177512670991407,-0.0018712405525163356,-1.0,False,False,0.0009399112871797593
116,5.8,approach,0.0,0.0,0.0,transport,-0.06390143206336037,0.20345985704175618,0.8984041501882155,-0.06390143206336037,0.20345985704175618,0.8984041501882155,-0.20099308376988456,0.01051557828920577,1.1683759585063067,-0.20174594249774339,0.009488424899292757,1.168692834235617,0.0007528587278588239,0.0010271533899130127,-0.0003168757293103841,0.0013123454493192668,0.018998810341502304,0.026085528265634532,-0.008923522441159903,0.0001438703179053652,0.00010216238457382456,-0.0018715226661399657,-1.0,False,False,0.0009400545525834247
117,5.85,approach,0.0,0.0,0.0,transport,-0.06390143206336037,0.20345985704175618,0.8984041501882155,-0.06390143206336037,0.20345985704175618,0.8984041501882155,-0.2007837291535877,0.010810226248742994,1.168238561274794,-0.20154556993345513,0.00977016882099484,1.1685613817740341,0.0007618407798674343,0.0010400574277481534,-0.00032282049924003964,0.001329034951238196,0.01924426688311387,0.02643602698900474,-0.009085459216460201,0.00014371026923940778,0.00010251270744895113,-0.0018718036089979935,-1.0,False,False,0.0009401964180477351
118,5.9,approach,0.0,0.0,0.0,transport,-0.06390143206336037,0.20345985704175618,0.8984041501882155,-0.06390143206336037,0.20345985704175618,0.8984041501882155,-0.2005710685103115,0.011109527146538109,1.1680989943325661,-0.2013419011156717,0.010056542123901356,1.1684277728576207,0.0007708326053602055,0.001052985022636753,-0.0003287785250545294,0.0013457546886118425,0.0194900284628724,0.026787166510865365,-0.009247748829359637,0.00014355125444355377,0.00010283035363646968,-0.0018720833778862111,-1.0,False,False,0.000940336996821404
119,5.95,approach,0.0,0.0,0.0,transport,-0.06390143206336037,0.20345985704175618,0.8984041501882155,-0.06390143206336037,0.20345985704175618,0.8984041501882155,-0.20035509773038668,0.011413486766584309,1.1679572549824904,-0.2011349310362208,0.010347552565641339,1.1682920034721969,0.0007798333058341156,0.0010659342009429699,-0.0003347484897064934,0.0013625022043978025,0.01973606770570069,0.02713889285365905,-0.009410357502606104,0.00014339319016773617,0.0001031194531984876,-0.0018723619953817565,-1.0,False,False,0.0009404763964088227
120,6.0,approach,0.0,0.0,0.0,transport,-0.06390143206336037,0.20345985704175618,0.8984041501882155,-0.06390143206336037,0.20345985704175618,0.8984041501882155,-0.20013581320703222,0.01172211018510431,1.1678133408574742,-0.20092465513414573,0.010643207183523243,1.168154069988024,0.0007888419271135094,0.001078903001581066,-0.00034072913054972176,0.0013792750317460105,0.019982356583771455,0.027491152389259414,-0.009573252294452494,0.00014323599413633008,0.0001033838118106762,-0.0018726394864596262,-1.0,False,False,0.0009406147023055744
121,6.05,approach,0.0,0.0,0.0,transport,-0.06390143206336037,0.20345985704175618,0.8984041501882155,-0.06390143206336037,0.20345985704175618,0.8984041501882155,-0.19991321183305785,0.012035401775191466,1.1676672499183012,-0.20071106927952626,0.010943512301402341,1.168013969167313,0.000797857446468403,0.0010918894737891247,-0.000346719249011862,0.0013960706878564286,0.020228866021757552,0.02784389183336445,-0.00973640139445564,0.00014307958952397215,0.00010362676338964787,-0.0018729158544218303,-1.0,False,False,0.0009407519935459821
122,6.1,approach,0.0,0.0,0.0,transport,-0.06390143206336037,0.20345985704175618,0.8984041501882155,-0.06390143206336037,0.20345985704175618,0.8984041501882155,-0.19968729099756632,0.01235336521145088,1.1675189804514674,-0.20049416976395695,0.011248473532334718,1.1678716981666954,0.0008068787663906285,0.001104891679116161,-0.00035271771522804585,0.0014128866737526705,0.020475565639198612,0.028197058200970758,-0.00989977431691269,0.0001429239045733378,0.00010385107881403019,-0.0018731911179518312,-1.0,False,False,0.0009408883172297679
123,6.15,approach,0.0,0.0,0.0,transport,-0.06390143206336037,0.20345985704175618,0.8984041501882155,-0.06390143206336037,0.20345985704175618,0.8984041501882155,-0.19945804858265587,0.012676003474640526,1.1673685310670157,-0.20027395329715042,0.01155809578638238,1.1677272545351642,0.000815904714494553,0.0011179076882581462,-0.0003587234681485807,0.0014297204724006915,0.020722423626021724,0.028550598846116167,-0.01006334199359582,0.00014276887466438794,0.00010405892400568089,-0.0018734652627576797,-1.0,False,False,0.0009410237247616926
124,6.2,approach,0.0,0.0,0.0,transport,-0.06390143206336037,0.20345985704175618,0.8984041501882155,-0.06390143206336037,0.20345985704175618,0.8984041501882155,-0.19922548296012246,0.013003318856312377,1.1672159006963734,-0.20005041700789364,0.011872383272075399,1.1675806362086814,0.0008249340477711753,0.0011309355842369778,-0.00036473551230797874,0.0014465695533931763,0.020969406740559138,0.02890446139859993,-0.010227076775817245,0.00014261444807094924,0.00010425185828949697,-0.001873738314573859,-1.0,False,False,0.0009411582442655209
125,6.25,approach,0.0,0.0,0.0,transport,-0.06390143206336037,0.20345985704175618,0.8984041501882155,-0.06390143206336037,0.20345985704175618,0.8984041501882155,-0.19898959298816232,0.01333531296345351,1.1670610885901862,-0.19982355844933913,0.01219133950244158,1.1674318415015903,0.000833965461176811,0.0011439734610119295,-0.00037075291140409306,0.001463431375654518,0.021216480394626314,0.02925859382756222,-0.010390952369903061,0.00014246058504560074,0.00010443086950600566,-0.0018740102823086421,-1.0,False,False,0.0009412918735601226
126,6.3,approach,0.0,0.0,0.0,transport,-0.06390143206336037,0.20345985704175618,0.8984041501882155,-0.06390143206336037,0.20345985704175618,0.8984041501882155,-0.19875037800807416,0.013671986723127227,1.1669040943161557,-0.19959337560609883,0.012514967301418108,1.1672808690966927,0.0008429975980246696,0.0011570194217091195,-0.00037677478053699254,0.0014803033904359493,0.02146360882529952,0.029612944413712934,-0.010554943708691589,0.0001423072557484867,0.00010459643021391817,-0.0018742811413096868,-1.0,False,False,0.0009414246196829435
127,6.35,approach,0.0,0.0,0.0,transport,-0.06390143206336037,0.20345985704175618,0.8984041501882155,-0.06390143206336037,0.20345985704175618,0.8984041501882155,-0.19850783784096165,0.014013340387114173,1.166744917756874,-0.19935986690318863,0.012843268805190218,1.1671277180338748,0.0008520290622269777,0.0011700715819239552,-0.0003828002770007721,0.0014971830488545073,0.021710755302743467,0.029967461713921312,-0.010719026796373043,0.00014215444017503994,0.00010474857722973238,-0.0018745509085878586,-1.0,False,False,0.000941556473519655
128,6.4,approach,0.0,0.0,0.0,transport,-0.06390143206336037,0.20345985704175618,0.8984041501882155,-0.06390143206336037,0.20345985704175618,0.8984041501882155,-0.19826197278443577,0.014359373536553458,1.16658355910766,-0.19912303121539995,0.013176245468616506,1.166972387698481,0.0008610584309641789,0.0011831280679369515,-0.00038882859082089993,0.0015140678055207714,0.021957882375057136,0.030322094627264796,-0.010883178524294657,0.0001420021309571977,0.00010488699822754787,-0.0018748195869772385,-1.0,False,False,0.0009416874173662327
129,6.45,approach,0.0,0.0,0.0,transport,-0.06390143206336037,0.20345985704175618,0.8984041501882155,-0.06390143206336037,0.20345985704175618,0.8984041501882155,-0.19801278360931712,0.014710085086583766,1.1664200188743956,-0.1988828678760489,0.013513898069359575,1.1668148778101304,0.0008700842667317688,0.0011961870172241904,-0.0003948589357347654,0.0015309551236138365,0.02220495212165663,0.030676792359345187,-0.011047376481707616,0.00014185032814327571,0.00010501112229920821,-0.0018750871757608088,-1.0,False,False,0.0009418174386573335
130,6.5,approach,0.0,0.0,0.0,transport,-0.06390143206336037,0.20345985704175618,0.8984041501882155,-0.06390143206336037,0.20345985704175618,0.8984041501882155,-0.19776027155633838,0.015065473290984493,1.16625429787136,-0.19863937668553697,0.013856226711198693,1.1666551884116596,0.0008791051291985874,0.0012092465797857999,-0.00040089054029968096,0.001547842480425153,0.02245192639421023,0.03103150443249835,-0.011211598775409115,0.00014169904042034696,0.00010512021140152984,-0.0018753536930763463,-1.0,False,False,0.0009419465104743992
131,6.55,approach,0.0,0.0,0.0,transport,-0.06390143206336037,0.20345985704175618,0.8984041501882155,-0.06390143206336037,0.20345985704175618,0.8984041501882155,-0.1975044383328466,0.015425535746816833,1.1660863972190674,-0.19839255791767943,0.014203230830332345,1.1664933198597884,0.0008881195848328416,0.0012223049164844877,-0.00040692264072106354,0.0015647273696581183,0.022698767053807578,0.0313861807123628,-0.011375823851844657,0.00014154828232378964,0.00010521343829330345,-0.0018756191325941618,-1.0,False,False,0.0009420746144725802
132,6.6,approach,0.0,0.0,0.0,transport,-0.06390143206336037,0.20345985704175618,0.8984041501882155,-0.06390143206336037,0.20345985704175618,0.8984041501882155,-0.19724528610950562,0.015790269399064923,1.1659163183421015,-0.19814241232467544,0.014554909197571493,1.166329272816737,0.0008971262151698245,0.0012353602014934292,-0.00041295447463540746,0.0015816073063501651,0.02294543616347622,0.03174077137465155,-0.011540030353738295,0.00014139807282323498,0.00010528996102626406,-0.0018758835054564571,-1.0,False,False,0.0009422017219767588
133,6.65,approach,0.0,0.0,0.0,transport,-0.06390143206336037,0.20345985704175618,0.8984041501882155,-0.06390143206336037,0.20345985704175618,0.8984041501882155,-0.19698281751699845,0.016159670545276953,1.165744062966952,-0.19788894114044836,0.014911259925431915,1.1661630482431384,0.0009061236234499115,0.0012484106198450383,-0.00041898527618644543,0.0015984798273287347,0.023191896153539893,0.03209522695410919,-0.011704196995698801,0.00014124843606995812,0.00010534898274883672,-0.0018761467988207784,-1.0,False,False,0.0009423278127614131
134,6.7,approach,0.0,0.0,0.0,transport,-0.06390143206336037,0.20345985704175618,0.8984041501882155,-0.06390143206336037,0.20345985704175618,0.8984041501882155,-0.19671703564272963,0.01653373484020627,1.16556963311985,-0.19763214608173074,0.015272280470624969,1.1659946473925664,0.00091511043900111,0.0012614543695813017,-0.00042501427271646186,0.0016153424943699298,0.023438109954374564,0.032449498295487114,-0.011868302465769531,0.00014109939568631173,0.00010538979622238478,-0.0018764090114375374,-1.0,False,False,0.0009424528693577725
135,6.75,approach,0.0,0.0,0.0,transport,-0.06390143206336037,0.20345985704175618,0.8984041501882155,-0.06390143206336037,0.20345985704175618,0.8984041501882155,-0.1964479440275276,0.01691245730045253,1.1653930311246037,-0.1973720293475909,0.015637967639425692,1.1658240718072848,0.0009240853200633004,0.0012744896610268376,-0.000431040682681072,0.0016321928945277763,0.023684041084062746,0.03280353659655122,-0.012032325359254692,0.00014095097592846717,0.00010541181724794892,-0.0018766701401717065,-1.0,False,False,0.0009425768772372881
136,6.8,approach,0.0,0.0,0.0,transport,-0.06390143206336037,0.20345985704175618,0.8984041501882155,-0.06390143206336037,0.20345985704175618,0.8984041501882155,-0.196175546662347,0.01729583230910277,1.165214259600435,-0.19710859361743463,0.016008317592201695,1.1656513233151091,0.0009330469550876408,0.0012875147169010767,-0.000437063714674224,0.0016490286405396388,0.023929653704878318,0.03315729339354159,-0.012196244136997159,0.00014080320044893447,0.00010541460409507777,-0.0018769301793077988,-1.0,False,False,0.0009426998353262588
137,6.85,approach,0.0,0.0,0.0,transport,-0.06390143206336037,0.20345985704175618,0.8984041501882155,-0.06390143206336037,0.20345985704175618,0.8984041501882155,-0.19589984798497118,0.01768385362037257,1.1650333214598143,-0.19684184204717786,0.016383325847205026,1.165476404027632,0.0009419940622066858,0.0013005277731675431,-0.0004430825678176653,0.0016658473711347861,0.024174912649269076,0.03351072056341747,-0.012360037105896282,0.0001406560935527735,0.00010539786403894549,-0.0018771891411626914,-1.0,False,False,0.0009428217411125713
138,6.9,approach,0.0,0.0,0.0,transport,-0.06390143206336037,0.20345985704175618,0.8984041501882155,-0.06390143206336037,0.20345985704175618,0.8984041501882155,-0.1956208528767145,0.018076514364247138,1.1648502199062967,-0.19657177826454286,0.016762987285271175,1.165299316339113,0.0009509253878283719,0.001313527078975963,-0.0004490964328163205,0.001682646750327593,0.024419783409267426,0.033863770340842245,-0.012523682426706095,0.00014050967861079858,0.00010536145345234006,-0.0018774470262570026,-1.0,False,False,0.0009429425823628544
139,6.95,approach,0.0,0.0,0.0,transport,-0.06390143206336037,0.20345985704175618,0.8984041501882155,-0.06390143206336037,0.20345985704175618,0.8984041501882155,-0.19533856665912464,0.018473807051122445,1.164664958432358,-0.19629840636392448,0.017147296156551802,1.1651200629257223,0.0009598397047998475,0.0013265108945706428,-0.00045510449336427783,0.0016994244649896097,0.024664232108364548,0.0342163953170254,-0.012687158135098464,0.00014036397762263845,0.00010530536904282803,-0.0018777038071988933,-1.0,False,False,0.0009430623629254228
140,7.0,approach,0.0,0.0,0.0,transport,-0.06390143206336037,0.20345985704175618,0.8984041501882155,-0.06390143206336037,0.20345985704175618,0.8984041501882155,-0.1950529950906851,0.018875723576446343,1.1644775408172303,-0.19602173090030345,0.0175362460822676,1.1649386467454188,0.0009687358096183429,0.0013394774941787417,-0.0004611059281884877,0.0017161782259598897,0.024908225464787548,0.03456854839789081,-0.012850442169840548,0.00014021900972745324,0.00010522972978741425,-0.001877959481657112,-1.0,False,False,0.000943181077701398
141,7.05,approach,0.0,0.0,0.0,transport,-0.06390143206336037,0.20345985704175618,0.8984041501882155,-0.06390143206336037,0.20345985704175618,0.8984041501882155,-0.1947641443635175,0.019282255225359677,1.164287971124738,-0.19574175688284953,0.017929830062507618,1.1647550710381587,0.0009776125193320384,0.001352425162852059,-0.0004670999134206433,0.0017329057643702746,0.02515173073571908,0.03492018286184152,-0.01301351241361548,0.0001400747938078848,0.0001051347564577804,-0.0018782140230708864,-1.0,False,False,0.0009432987435112649
142,7.1,approach,0.0,0.0,0.0,transport,-0.06390143206336037,0.20345985704175618,0.8984041501882155,-0.06390143206336037,0.20345985704175618,0.8984041501882155,-0.1944720211000839,0.019693392677337395,1.1640962537011332,-0.19545848976839988,0.01832804047766852,1.1645693393260776,0.0009864686683159762,0.0013653521996688754,-0.00047308562494441375,0.0017496048328804932,0.025394715655312483,0.03527125229659554,-0.013176346740508826,0.00013993135022955528,0.00010502075079690606,-0.0018784674437329785,-1.0,False,False,0.000943415368888444
143,7.15,approach,0.0,0.0,0.0,transport,-0.06390143206336037,0.20345985704175618,0.8984041501882155,-0.06390143206336037,0.20345985704175618,0.8984041501882155,-0.19417663234988927,0.020109126010829693,1.163902393172932,-0.1951719354550636,0.01873086909561108,1.1643814554136909,0.0009953031051743166,0.001378256915218614,-0.00047906224075888737,0.0017662732025478089,0.025637148370212248,0.03562171066322346,-0.013338923062913288,0.00013978869806564076,0.00010488807298267946,-0.0018787197356334895,-1.0,False,False,0.0009435309662312054
144,7.2,approach,0.0,0.0,0.0,transport,-0.06390143206336037,0.20345985704175618,0.8984041501882155,-0.06390143206336037,0.20345985704175618,0.8984041501882155,-0.19387798558618385,0.020529444707903095,1.1637063944447494,-0.19488210027659725,0.019138307074895278,1.1641914233874462,0.0010041146904133935,0.001391137633007817,-0.00048502894269675245,0.0017829086630358007,0.025878997377594692,0.03597151224584032,-0.013501219378828644,0.00013964685554823395,0.00010473712176541056,-0.0018789708959982738,-1.0,False,False,0.0009436455514748415
145,7.25,approach,0.0,0.0,0.0,transport,-0.06390143206336037,0.20345985704175618,0.8984041501882155,-0.06390143206336037,0.20345985704175618,0.8984041501882155,-0.19357608870266543,0.02095433765888161,1.1635082626971365,-0.19458899099621232,0.01955034496976615,1.1639992476157177,0.0010129022935468912,0.0014039926891154589,-0.0004909849185812387,0.001799509021271201,0.02612023147863629,0.036320611679726625,-0.013663213806194285,0.00013950584489269937,0.0001045683112340717,-0.0018792209276185328,-1.0,False,False,0.0009437591252190016
146,7.3,approach,0.0,0.0,0.0,transport,-0.06390143206336037,0.20345985704175618,0.8984041501882155,-0.06390143206336037,0.20345985704175618,0.8984041501882155,-0.19327095001018182,0.021383793166987818,1.1633080033844152,-0.19429261480177723,0.019966972735881282,1.163804932747792,0.0010216647915954058,0.001416820431106535,-0.0004969293633767524,0.0018160721000479623,0.026360819720609996,0.03666896394443335,-0.013824884626050249,0.00013936568694269502,0.00010438205751207662,-0.0018794698021274714,-1.0,False,False,0.0009438716902364898
147,7.35,approach,0.0,0.0,0.0,transport,-0.06390143206336037,0.20345985704175618,0.8984041501882155,-0.06390143206336037,0.20345985704175618,0.8984041501882155,-0.1929625782334332,0.021817798952984007,1.1631056222325145,-0.19399297930085777,0.02038817973387053,1.163608483712924,0.0010304010674245523,0.0014296192191134774,-0.0005028614804094556,0.0018325957382597708,0.026600731366880348,0.03701652434205449,-0.013986210305549918,0.0001392264033243795,0.00010417876227186716,-0.001879717495962734,-1.0,False,False,0.000943983245861231
148,7.4,approach,0.0,0.0,0.0,transport,-0.06390143206336037,0.20345985704175618,0.8984041501882155,-0.06390143206336037,0.20345985704175618,0.8984041501882155,-0.19265098250767443,0.022256342159813296,1.162901125236806,-0.19369009251654384,0.02081395473580504,1.163409905718857,0.001039110008869415,0.0014423874240082554,-0.0005087804820509412,0.001849077789165657,0.02683993586366673,0.037363248518855335,-0.014147169522358283,0.00013908802172407303,0.0001039588030041555,-0.0018799639792713178,-1.0,False,False,0.000944093804827279
149,7.45,approach,0.0,0.0,0.0,transport,-0.06390143206336037,0.20345985704175618,0.8984041501882155,-0.06390143206336037,0.20345985704175618,0.8984041501882155,-0.19233617237541753,0.022699409357240723,1.1626945186599398,-0.19338396288322066,0.02124428592770536,1.1632092042503204,0.0010477905078031258,0.0014551234295353647,-0.0005146855903805925,0.0018655161217128392,0.02707840282252627,0.03770909242871365,-0.014307741178343214,0.00013895057199398073,0.00010372252502199727,-0.001880209250482137,-1.0,False,False,0.0009442033810277679
150,7.5,approach,0.0,0.0,0.0,transport,-0.06390143206336037,0.20345985704175618,0.8984041501882155,-0.06390143206336037,0.20345985704175618,0.8984041501882155,-0.1920181577831339,0.023146986546494382,1.1624858090296806,-0.19307459924344983,0.021679160914984036,1.1630063850667467,0.0010564414603159156,0.0014678256315103465,-0.0005205760370661228,0.0018819086199814913,0.027316102001734843,0.038054012375780474,-0.014467904412795995,0.00013881408879605055,0.0001034702396420861,-0.0018804533116345123,-1.0,False,False,0.0009443119836440941
151,7.55,approach,0.0,0.0,0.0,transport,-0.06390143206336037,0.20345985704175618,0.8984041501882155,-0.06390143206336037,0.20345985704175618,0.8984041501882155,-0.1916969490779569,0.023599059164906563,1.162275003136743,-0.19276201084472658,0.02211856672690255,1.1628014542000655,0.0010650617667696816,0.0014804924380040115,-0.0005264510633224972,0.0018982531833491036,0.02755300330985866,0.03839796499845054,-0.014627638600073212,0.00013867860919442658,0.0001032022201518427,-0.0018806961569916081,-1.0,False,False,0.00094441961633296
152,7.6,approach,0.0,0.0,0.0,transport,-0.06390143206336037,0.20345985704175618,0.8984041501882155,-0.06390143206336037,0.20345985704175618,0.8984041501882155,-0.191372557004384,0.024055612090554828,1.1620621080326277,-0.1924462073363275,0.022562489821373495,1.1625944179524432,0.0010736503319435098,0.001493122269181333,-0.0005323099198155656,0.0019145477264204398,0.02778907680685172,0.038740907273045536,-0.01478692334875742,0.00013854417241960165,0.00010291870262662091,-0.0018809377713779377,-1.0,False,False,0.0009445262744610809
153,7.65,approach,0.0,0.0,0.0,transport,-0.06390143206336037,0.20345985704175618,0.8984041501882155,-0.06390143206336037,0.20345985704175618,0.8984041501882155,-0.19104499270097933,0.024516629646903147,1.161847131027457,-0.1921271987669993,0.023010916090916746,1.162385282893409,0.0010822060660199695,0.0015057135559864016,-0.0005381518659519635,0.0019307901783568336,0.028024292706963494,0.03908279651059304,-0.014945738499725358,0.0001384108207602216,0.00010261989101337354,-0.0018811781242759023,-1.0,False,False,0.0009446319706200065
154,7.7,approach,0.0,0.0,0.0,transport,-0.06390143206336037,0.20345985704175618,0.8984041501882155,-0.06390143206336037,0.20345985704175618,0.8984041501882155,-0.19071426769707592,0.024982095607443033,1.1616300796878107,-0.1918049955817683,0.023463830864677623,1.162174055857564,0.0010907278846923885,0.00151826474276541,-0.0005439761697532131,0.001946978484942611,0.028258621398467576,0.03942359033052574,-0.015104064111963744,0.00013827860203736823,0.0001023059585261539,-0.0018814172208041424,-1.0,False,False,0.0009447367052685357
155,7.75,approach,0.0,0.0,0.0,transport,-0.06390143206336037,0.20345985704175618,0.8984041501882155,-0.06390143206336037,0.20345985704175618,0.8984041501882155,-0.19038039390947817,0.02545199320033463,1.1614109618345627,-0.19147960861996163,0.023921218914676908,1.1619607439414665,0.0010992147104834649,0.0015307742856577218,-0.0005497821069038178,0.0019631106077971656,0.028492033445802756,0.039763246713140146,-0.015261880460024635,0.00013814756803496938,0.00010197705648643542,-0.0018816550423823646,-1.0,False,False,0.0009448404686567996
156,7.8,approach,0.0,0.0,0.0,transport,-0.06390143206336037,0.20345985704175618,0.8984041501882155,-0.06390143206336037,0.20345985704175618,0.8984041501882155,-0.19004338363916418,0.02592630511304786,1.161189785540715,-0.191151049112581,0.024383064460917807,1.1617453545009888,0.0011076654734168134,0.0015432406521300526,-0.0005555689602738667,0.001979184524243828,0.02872449961594914,0.040101723967419026,-0.015419168015031737,0.00013801777268426102,0.00010163331627273751,-0.0018818915506195048,-1.0,False,False,0.0009449432564974294
157,7.85,approach,0.0,0.0,0.0,transport,-0.06390143206336037,0.20345985704175618,0.8984041501882155,-0.06390143206336037,0.20345985704175618,0.8984041501882155,-0.18970324956798806,0.026405013497003513,1.1609665591292349,-0.19081932867957374,0.02484935117534764,1.1615278951487196,0.0011160791115856772,0.0015556623216558714,-0.000561336019484715,0.00199519822802361,0.02895599089185852,0.04043898072171412,-0.015575907435079195,0.00013788927189423633,0.00010127485494286784,-0.0018821267184896567,-1.0,False,False,0.0009450450705917022
158,7.9,approach,0.0,0.0,0.0,transport,-0.06390143206336037,0.20345985704175618,0.8984041501882155,-0.06390143206336037,0.20345985704175618,0.8984041501882155,-0.18936000475538248,0.02688809997221438,1.160741291170891,-0.1904844593271432,0.025320062186448555,1.1613083737513463,0.001124454571760719,0.0015680377857658252,-0.000567082580455347,0.002011149729532555,0.029186478483825273,0.040774975937334784,-0.015732079556571854,0.00013776212644497047,0.00010090178190609138,-0.001882360531015309,-1.0,False,False,0.0009451459169450458
159,7.95,approach,0.0,0.0,0.0,transport,-0.06390143206336037,0.20345985704175618,0.8984041501882155,-0.06390143206336037,0.20345985704175618,0.8984041501882155,-0.1890136626350608,0.027375545631926387,1.1605139904820878,-0.1901464534452622,0.025795180083047424,1.161086798426876,0.0011327908102014006,0.0015803655488789634,-0.0005728079447882006,0.0020270370567339745,0.029415933841647757,0.04110966890955664,-0.01588766538517028,0.00013763639950103987,0.0001005142040887756,-0.0018825929813903897,-1.0,False,False,0.0009452457932826181
160,8.0,approach,0.0,0.0,0.0,transport,-0.06390143206336037,0.20345985704175618,0.8984041501882155,-0.06390143206336037,0.20345985704175618,0.8984041501882155,-0.18866423701171964,0.027867331047259667,1.1602846661227024,-0.18980532380448567,0.026274686919580605,1.1608631775424092,0.0011410867927660329,0.0015926441276790625,-0.0005785114197067731,0.00204285825469777,0.029644328670851428,0.04144301928424486,-0.016042646083471723,0.00013751215640591037,0.00010011222769068177,-0.0018828240458368247,-1.0,False,False,0.0009453446888910525
161,8.05,approach,0.0,0.0,0.0,transport,-0.06390143206336037,0.20345985704175618,0.8984041501882155,-0.06390143206336037,0.20345985704175618,0.8984041501882155,-0.1883117420577412,0.028363436271849705,1.1600533273939202,-0.18946108355332722,0.026758564222674853,1.1606375197115237,0.0011493414955860148,0.001604872049174852,-0.000584192317603538,0.002058611384318463,0.029871634934889313,0.041774987045382,-0.016197002969779994,0.00013738946490462803,9.969596435676487e-05,-0.0018830536829528462,-1.0,False,False,0.0009454426174128167
162,8.1,approach,0.0,0.0,0.0,transport,-0.06390143206336037,0.20345985704175618,0.8984041501882155,-0.06390143206336037,0.20345985704175618,0.8984041501882155,-0.18795619230989555,0.028863840846488496,1.1598199838360703,-0.1891137462152308,0.0272467929919124,1.1604098337918236,0.0011575539053352568,0.0016170478545760973,-0.0005898499557532855,0.0020742945253864544,0.030097824868633438,0.042105532476272856,-0.016350717509068247,0.00013726839473374373,9.926553222524724e-05,-0.0018832818995574852,-1.0,False,False,0.0009455395797019544
163,8.15,approach,0.0,0.0,0.0,transport,-0.06390143206336037,0.20345985704175618,0.8984041501882155,-0.06390143206336037,0.20345985704175618,0.8984041501882155,-0.18759760266604308,0.029368523803765586,1.1595846452264618,-0.18876332568529308,0.02773935370685181,1.1601801288828213,0.0011657230192499979,0.0016291700969137748,-0.00059548365635953,0.00208990577473691,0.030322870983754413,0.04243461623706375,-0.016503771307236903,0.00013714901909108425,9.882105519020017e-05,-0.0018835086760472443,-1.0,False,False,0.0009456355686702343
164,8.2,approach,0.0,0.0,0.0,transport,-0.06390143206336037,0.20345985704175618,0.8984041501882155,-0.06390143206336037,0.20345985704175618,0.8984041501882155,-0.18723598838183686,0.029877463672709253,1.1593473215772192,-0.18840983622656787,0.028236226331863366,1.1599484143240748,0.001173847844731013,0.0016412373408458865,-0.0006010927468556027,0.0021054432459434603,0.030546746069124442,0.042762199317148836,-0.016656146112041803,0.0001370314127640444,9.836266486499152e-05,-0.0018837339761796665,-1.0,False,False,0.0009457305809756781
165,8.25,approach,0.0,0.0,0.0,transport,-0.06390143206336037,0.20345985704175618,0.8984041501882155,-0.06390143206336037,0.20345985704175618,0.8984041501882155,-0.18687136506742502,0.03039063848342757,1.1591080231331186,-0.18805329246744482,0.0287373903203579,1.1597146996925265,0.0011819274000197943,0.0016532481630696684,-0.0006066765594079371,0.002120905069857167,0.030769423182857025,0.04308824303128407,-0.016807823819124934,0.00013691565005385538,9.789050474620594e-05,-0.0018839577704983829,-1.0,False,False,0.0009458246209710466
166,8.3,approach,0.0,0.0,0.0,transport,-0.06390143206336037,0.20345985704175618,0.8984041501882155,-0.06390143206336037,0.20345985704175618,0.8984041501882155,-0.18650374868415306,0.030908025771749583,1.1588667603694227,-0.1876937093977877,0.029242824619124707,1.159478994800746,0.0011899607136346413,0.0016652011526248761,-0.0006122344313232997,0.002136289394626778,0.030990875665835027,0.04341270902783363,-0.016958786462075714,0.00013680181029382263,9.740472460878722e-05,-0.0018841800441742062,-1.0,False,False,0.0009459176951777885
167,8.35,approach,0.0,0.0,0.0,transport,-0.06390143206336037,0.20345985704175618,0.8984041501882155,-0.06390143206336037,0.20345985704175618,0.8984041501882155,-0.1861331555412664,0.03142960258386637,1.158623543989718,-0.18733110236554393,0.029752507672815755,1.1592413096948333,0.0011979468242775404,0.0016770949110506174,-0.0006177657051154029,0.002151594385771922,0.031211077130426368,0.04373555929483332,-0.017109016220562268,0.00013668997495653177,9.690548227212825e-05,-0.0018844007860468078,-1.0,False,False,0.0009460098030735996
168,8.4,approach,0.0,0.0,0.0,transport,-0.06390143206336037,0.20345985704175618,0.8984041501882155,-0.06390143206336037,0.20345985704175618,0.8984041501882155,-0.1857596022926124,0.03195534548097223,1.1583783849237492,-0.1869654870732754,0.030266417428746417,1.1590016546523998,0.0012058847806629969,0.0016889280522258132,-0.0006232697286505662,0.002166818225989913,0.03143000145863051,0.0440567561631295,-0.017258495421681452,0.00013658022486191354,9.639294241129514e-05,-0.0018846199704119033,-1.0,False,False,0.0009461009404092613
169,8.45,approach,0.0,0.0,0.0,transport,-0.06390143206336037,0.20345985704175618,0.8984041501882155,-0.06390143206336037,0.20345985704175618,0.8984041501882155,-0.18538310593334315,0.03248523054390571,1.1581312943252555,-0.186596879575013,0.03078453134216812,1.1587600401803089,0.0012137736416698575,0.0017006992017375884,-0.0006287458550533476,0.0021819591147063558,0.03164762279864508,0.04437626230318584,-0.01740720654288541,0.00013647264385380518,9.586727552706379e-05,-0.0018848375634880911,-1.0,False,False,0.0009461911066710347
170,8.5,approach,0.0,0.0,0.0,transport,-0.06390143206336037,0.20345985704175618,0.8984041501882155,-0.06390143206336037,0.20345985704175618,0.8984041501882155,-0.18500368379661755,0.033019233377790794,1.1578822835698073,-0.18622529627221107,0.03130682638015773,1.1585164770130487,0.0012216124755935198,0.001712406997633066,-0.0006341934432414487,0.0021970152683854667,0.03186391556790902,0.04469404071245346,-0.01755513221003202,0.00013636731858671883,9.53286538999953e-05,-0.001885053538640352,-1.0,False,False,0.0009462802973368253
171,8.55,approach,0.0,0.0,0.0,transport,-0.06390143206336037,0.20345985704175618,0.8984041501882155,-0.06390143206336037,0.20345985704175618,0.8984041501882155,-0.18462135355030382,0.03355732911667799,1.15763136425264,-0.1858507539108242,0.03183327902768472,1.158270976110337,0.001229400360520383,0.001724050088993269,-0.0006396118576970089,0.002211984919548948,0.032078854438145066,0.04501005473040526,-0.017702255208176254,0.00013626433773662795,9.477725409395843e-05,-0.0018852678607771066,-1.0,False,False,0.0009463685205140728
172,8.6,approach,0.0,0.0,0.0,transport,-0.06390143206336037,0.20345985704175618,0.8984041501882155,-0.06390143206336037,0.20345985704175618,0.8984041501882155,-0.1842361331936818,0.034099492428185475,1.1573785481864916,-0.1854732695774346,0.032363865289718935,1.1580235486553196,0.001237136383752807,0.0017356271384665403,-0.0006450004688280941,0.00222686631852363,0.03229241434284824,0.04532426801001507,-0.01784855847690725,0.00013616379067902395,9.421325218864463e-05,-0.0018854805201061974,-1.0,False,False,0.0009464557778750598
173,8.65,approach,0.0,0.0,0.0,transport,-0.06390143206336037,0.20345985704175618,0.8984041501882155,-0.06390143206336037,0.20345985704175618,0.8984041501882155,-0.18384804105414532,0.03464569751814017,1.1571238473994379,-0.1850928606959643,0.03289856069729722,1.1577742060524392,0.001244819641818995,0.0017471368208429525,-0.0006503586530013372,0.0022416577323350023,0.03250457046578559,0.045636644568424756,-0.017994025117635815,0.00013606577178294977,9.363682452835293e-05,-0.0018856914935200017,-1.0,False,False,0.00094654205948517
174,8.7,approach,0.0,0.0,0.0,transport,-0.06390143206336037,0.20345985704175618,0.8984041501882155,-0.06390143206336037,0.20345985704175618,0.8984041501882155,-0.18345709578390462,0.03519591813521891,1.1568672741327282,-0.18470954502426407,0.0334373403139117,1.1575229599254115,0.0012524492403594434,0.001758577821307214,-0.0006556857926833803,0.00225635744331376,0.03271529824119379,0.04594714875843384,-0.018138638394220585,0.0001359703768190598,9.304814634972373e-05,-0.0018859007345526622,-1.0,False,False,0.0009466273760848241
175,8.75,approach,0.0,0.0,0.0,transport,-0.06390143206336037,0.20345985704175618,0.8984041501882155,-0.06390143206336037,0.20345985704175618,0.8984041501882155,-0.1830633163566888,0.035750127575589485,1.1566088408386213,-0.1843233406506977,0.03398017873654011,1.1572698221150555,0.001260024294008899,0.001769948839049372,-0.0006609812764342138,0.0022709637518334475,0.03292457335150545,0.046255745233555745,-0.018282381735805764,0.00013587770197960068,9.24473917826884e-05,-0.001886108238270083,-1.0,False,False,0.0009467117263450486
176,8.8,approach,0.0,0.0,0.0,transport,-0.06390143206336037,0.20345985704175618,0.8984041501882155,-0.06390143206336037,0.20345985704175618,0.8984041501882155,-0.18266672206444795,0.03630829868755187,1.156348560178221,-0.18393426599113052,0.03452705010294282,1.1570148046769901,0.0012675439266825739,0.0017812485846090548,-0.0006662444987690641,0.0022854749743503387,0.033132371724994836,0.04656239902023518,-0.018425238736687888,0.00013578784804036024,9.183473251124383e-05,-0.001886313975303699,-1.0,False,False,0.0009467951051233847
177,8.85,approach,0.0,0.0,0.0,transport,-0.06390143206336037,0.20345985704175618,0.8984041501882155,-0.06390143206336037,0.20345985704175618,0.8984041501882155,-0.18226733251405572,0.036870403876179236,1.1560864450193122,-0.18354234080848156,0.03507793839303926,1.1567579201305291,0.001275008294425839,0.0017924654831399794,-0.0006714751112169015,0.0022998820587340294,0.03333866954149611,0.046867075464728375,-0.018567193153558037,0.00013570091552663255,9.121033494381978e-05,-0.0018865179089176632,-1.0,False,False,0.0009468175774854534
178,8.9,approach,0.0,0.0,0.0,transport,-0.06390143206336037,0.20345985704175618,0.8984041501882155,-0.06390143206336037,0.20345985704175618,0.8984041501882155,-0.18186516762401167,0.03743641510795911,1.1558225084341962,-0.18314758863435343,0.035632854578547715,1.15649918204662,0.001282421010341761,0.0018035605294113924,-0.0006766736124237394,0.0023141567381591245,0.03354346368939776,0.047169534298397015,-0.018708233926658657,0.0001354662365393697,9.056546554022697e-05,-0.0018866109549536259,-1.0,False,False,0.0009465223658721453
179,8.95,approach,0.0,0.0,0.0,transport,-0.06390143206336037,0.20345985704175618,0.8984041501882155,-0.06390143206336037,0.20345985704175618,0.8984041501882155,-0.18146024762114357,0.038006303915434525,1.1555567636975277,-0.18275003328518985,0.03619178492798423,1.1562386039197232,0.001289785664046278,0.0018145189874502962,-0.0006818402221955289,0.002328289566097953,0.033746820264197175,0.047468986737736196,-0.01884836698184511,0.00013444566681471522,8.986359600904422e-05,-0.0018861249304253102,-1.0,False,False,0.0009456836634173881
180,9.0,approach,0.0,0.0,0.0,transport,-0.06390143206336037,0.20345985704175618,0.8984041501882155,-0.06390143206336037,0.20345985704175618,0.8984041501882155,-0.1810525930373098,0.0385800414018451,1.155289224284149,-0.1823496987754583,0.03675470027430107,1.1559761985618175,0.0012971057381485074,0.001825341127544032,-0.0006869742776685062,0.0023422824735756507,0.03394880495760089,0.04776512947721745,-0.018987592711483536,0.000132084458693207,8.90795356785337e-05,-0.0018846455627287444,-1.0,False,False,0.0009441515973909933
181,9.05,approach,0.0,0.0,0.0,transport,-0.06390143206336037,0.20345985704175618,0.8984041501882155,-0.06390143206336037,0.20345985704175618,0.8984041501882155,-0.18064222470610183,0.039157598245768116,1.1550199038669269,-0.18194660993379722,0.03732157044925314,1.1557119781601086,0.0013043852276953816,0.001836027796514976,-0.0006920742931817436,0.0023561378820197644,0.03414948138712959,0.048057959429340935,-0.019125893897813384,0.0001279794936140089,8.820379098228508e-05,-0.0018818953998281922,-1.0,False,False,0.0009418188730701886
182,9.1,approach,0.0,0.0,0.0,transport,-0.06390143206336037,0.20345985704175618,0.8984041501882155,-0.06390143206336037,0.20345985704175618,0.8984041501882155,-0.18022916375954634,0.03973894470575975,1.1547488163145885,-0.18154079246266167,0.0378923658218949,1.1554459545603717,0.001311628703115325,0.0018465788838648509,-0.0006971382457832132,0.002369857625028399,0.0343489234850175,0.04834748513013215,-0.01926323691040288,0.00012179842427526984,8.723554391097751e-05,-0.0018776704349825124,-1.0,False,False,0.0009385964420227154
183,9.15,approach,0.0,0.0,0.0,transport,-0.06390143206336037,0.20345985704175618,0.8984041501882155,-0.06390143206336037,0.20345985704175618,0.8984041501882155,-0.17981343162480787,0.040324050624996076,1.1544759756895557,-0.18113227262784903,0.038467056323916116,1.155178139406119,0.0013188410030411657,0.0018569943010799603,-0.0007021637165631756,0.002383443582383248,0.03454721675707595,0.048633696062023585,-0.019399577416319147,0.00011324425263605823,8.617887948790451e-05,-0.0018717911378906334,-1.0,False,False,0.000934418529640964
184,9.2,approach,0.0,0.0,0.0,transport,-0.06390143206336037,0.20345985704175618,0.8984041501882155,-0.06390143206336037,0.20345985704175618,0.8984041501882155,-0.179395050020891,0.04091288543591428,1.1542013962457833,-0.18072107767120935,0.03904561778364614,1.1549085444557325,0.0013260276503183344,0.0018672676522681411,-0.0007071482099492155,0.0023968930734286245,0.03474445213916044,0.048916582239963285,-0.019534863206711606,0.00010206994995670041,8.504252480389555e-05,-0.0018641087544551524,-1.0,False,False,0.0009292103684274167
185,9.25,approach,0.0,0.0,0.0,transport,-0.06390143206336037,0.20345985704175618,0.8984041501882155,-0.06390143206336037,0.20345985704175618,0.8984041501882155,-0.17897404095534283,0.041505418164853695,1.1539250924265925,-0.1803072354235414,0.039628025227406806,1.1546371817373173,0.001333194468198573,0.0018773929374468895,-0.0007120893107248616,0.002410203916281638,0.034940734317330246,0.049196007624151133,-0.0196690405828015,8.799259952679326e-05,8.383268201658513e-05,-0.001854442508956933,-1.0,False,False,0.000922896614316169
186,9.3,approach,0.0,0.0,0.0,transport,-0.06390143206336037,0.20345985704175618,0.8984041501882155,-0.06390143206336037,0.20345985704175618,0.8984041501882155,-0.17855042672095528,0.04210161743669696,1.1536470788625084,-0.179890774397535,0.040214254741070606,1.1543640636090036,0.0013403476765797284,0.0018873626956263517,-0.0007169847464951751,0.002423373055404676,0.035136174051722535,0.04947184418580303,-0.019802057496178804,7.07172083354442e-05,8.255435360765787e-05,-0.0018425896173621121,-1.0,False,False,0.000915401011382211
187,9.35,approach,0.0,0.0,0.0,transport,-0.06390143206336037,0.20345985704175618,0.8984041501882155,-0.06390143206336037,0.20345985704175618,0.8984041501882155,-0.1781242298924675,0.04270145147951114,1.1533673703690943,-0.17947172356622576,0.04080428005231856,1.154089202749787,0.0013474936737582488,0.001897171427192583,-0.0007218323806927884,0.0024363991074516224,0.03533089010134993,0.0497439347688107,-0.01993386479818504,4.991422586955814e-05,8.120947035622103e-05,-0.0018283188011226608,-1.0,False,False,0.0009066599179582506
188,9.4,approach,0.0,0.0,0.0,transport,-0.06390143206336037,0.20345985704175618,0.8984041501882155,-0.06390143206336037,0.20345985704175618,0.8984041501882155,-0.17769547332326824,0.04330488812918884,1.153085981944789,-0.1790501129524511,0.04139807847823317,1.1538126122924233,0.0013546396291828633,0.0019068096509556667,-0.0007266303476343161,0.002449278104265321,0.035525004859150444,0.05001216153740565,-0.02006441609996301,2.5241534300753663e-05,7.979850492915122e-05,-0.0018113872835165495,-1.0,False,False,0.0008966037377994824
189,9.45,approach,0.0,0.0,0.0,transport,-0.06390143206336037,0.20345985704175618,0.8984041501882155,-0.06390143206336037,0.20345985704175618,0.8984041501882155,-0.17726418014209824,0.04391189483408931,1.1528029287687414,-0.17862597295439372,0.041995621103426375,1.1535343056174536,0.0013617928122954814,0.001916273730662936,-0.0007313768487122729,0.002462010716727443,0.035718656207057164,0.050276327117122765,-0.020193670473638292,-3.7283844963071433e-06,7.831529350363065e-05,-0.0017914926359035085,-1.0,False,False,0.0008851979508903725
190,9.5,approach,0.0,0.0,0.0,transport,-0.06390143206336037,0.20345985704175618,0.8984041501882155,-0.06390143206336037,0.20345985704175618,0.8984041501882155,-0.17683037374975252,0.04452243865967958,1.1525182261986473,-0.17819933477816782,0.04259687875283905,1.1532542963234613,0.0013689610284152998,0.0019255599068405266,-0.0007360701248140256,0.0024745978422352406,0.035911984092824034,0.05053635112506408,-0.02032158837612652,-3.74183489473661e-05,7.675430650708393e-05,-0.0017683354581743609,-1.0,False,False,0.0008724429822805502
191,9.55,approach,0.0,0.0,0.0,transport,-0.06390143206336037,0.20345985704175618,0.8984041501882155,-0.06390143206336037,0.20345985704175618,0.8984041501882155,-0.17639407781578287,0.04513648629317556,1.1522318897685844,-0.17777023038513523,0.043201820470387585,1.1529725981682324,0.0013761525693523624,0.0019346658227879718,-0.0007407083996480157,0.0024870417514203684,0.03610513924769909,0.05079215080673008,-0.02044813109753907,-7.628639303269993e-05,7.510788730976087e-05,-0.0017415987542554819,-1.0,False,False,0.000858391885860962
192,9.6,approach,0.0,0.0,0.0,transport,-0.06390143206336037,0.20345985704175618,0.8984041501882155,-0.06390143206336037,0.20345985704175618,0.8984041501882155,-0.1759553162752001,0.04575400404818318,1.1519439351868481,-0.17733869239961156,0.04381041291060029,1.1526892249727296,0.001383376124411445,0.001943591137582891,-0.0007452897858815088,0.0024993464899092507,0.03629828219870235,0.05104367155591191,-0.020573259627685303,-0.00012081093621907701,7.33676145904235e-05,-0.001710955414283767,-1.0,False,False,0.0008431744939608396
193,9.65,approach,0.0,0.0,0.0,transport,-0.06390143206336037,0.20345985704175618,0.8984041501882155,-0.06390143206336037,0.20345985704175618,0.8984041501882155,-0.17551411332517652,0.04637495786933949,1.1516543783337885,-0.1769047531932789,0.04442261531207063,1.1524041902795346,0.0013906398681023668,0.0019523425572688588,-0.0007498119457460817,0.0025115211839963447,0.036491581488700686,0.05129089917478402,-0.02069693277882312,-0.00017147082353607905,7.152594810245866e-05,-0.0016760831436681107,-1.0,False,False,0.0008270542803373867
194,9.7,approach,0.0,0.0,0.0,transport,-0.06390143206336037,0.20345985704175618,0.8984041501882155,-0.06390143206336037,0.20345985704175618,0.8984041501882155,-0.17507049342174827,0.04699931333695377,1.1513632352596443,-0.17646844326587294,0.0450383747820504,1.1521175068728746,0.0013979498441246685,0.0019609385549033687,-0.0007542716132302729,0.002523582661479448,0.03668519543061244,0.05153396049766279,-0.020819100397804213,-0.00022862763151642137,6.958464609509976e-05,-0.0016367536508688724,-1.0,False,False,0.0008104917342028584
195,9.75,approach,0.0,0.0,0.0,transport,-0.06390143206336037,0.20345985704175618,0.8984041501882155,-0.06390143206336037,0.20345985704175618,0.8984041501882155,-0.17462448127651764,0.0476270356716487,1.1510705221823803,-0.17602979314726094,0.045657648055933545,1.1518291877748448,0.0014053118707433032,0.0019693876157151555,-0.0007586655924645136,0.0025355398865278766,0.036879239787105944,0.05177321779196595,-0.02093969380988714,-0.0002923401742189386,6.756650862440473e-05,-0.0015929718749226479,-1.0,False,False,0.0007940486259076066
196,9.8,approach,0.0,0.0,0.0,transport,-0.06390143206336037,0.20345985704175618,0.8984041501882155,-0.06390143206336037,0.20345985704175618,0.8984041501882155,-0.1741761018533555,0.0482580897390014,1.150776255485522,-0.1755888330890195,0.04628039633071867,1.1515392466815446,0.0014127312356640165,0.0019776934082827297,-0.0007629911960225222,0.0025473979521452115,0.037073825878108924,0.052008833661357085,-0.021058645786453667,-0.00036264659893104614,6.548988424178545e-05,-0.0015447496239095753,-1.0,False,False,0.0007783885094502957
197,9.85,approach,0.0,0.0,0.0,transport,-0.06390143206336037,0.20345985704175618,0.8984041501882155,-0.06390143206336037,0.20345985704175618,0.8984041501882155,-0.1737253803651037,0.04889244005418462,1.1504804517159923,-0.17514559284113185,0.04690658204008322,1.15124769811046,0.0014202124760281376,0.0019858580141014007,-0.00076724639446768,0.002559160518424037,0.03726905447831608,0.052240874469318965,-0.021175899311045576,-0.0004395800708689064,6.336660366850955e-05,-0.001492082008943013,-1.0,False,False,0.0007642871342656634
198,9.9,approach,0.0,0.0,0.0,transport,-0.06390143206336037,0.20345985704175618,0.8984041501882155,-0.06390143206336037,0.20345985704175618,0.8984041501882155,-0.17327234227027732,0.0495300507866078,1.150183127581947,-0.17470010004988626,0.04753615121060824,1.150954557124852,0.0014277577796089347,0.001993899575999561,-0.0007714295429050999,0.002570842534281677,0.037465011417090466,0.05246937493049164,-0.02129141057026107,-0.0005231701291562935,6.120192072269852e-05,-0.00143495178848438,-1.0,False,False,0.000752651654328375
199,9.95,approach,0.0,0.0,0.0,transport,-0.06390143206336037,0.20345985704175618,0.8984041501882155,-0.06390143206336037,0.20345985704175618,0.8984041501882155,-0.17281701326976726,0.05017088576455821,1.1498842999506098,-0.17425236676666975,0.04816893472417742,1.1506598352768589,0.0014353534969024917,0.002001951040380784,-0.0007755353262490772,0.0025825380290350375,0.037661735602380064,0.05269469107899938,-0.021405143484845013,-0.0006132811412633214,5.900897246651175e-05,-0.0013734417475787476,-1.0,False,False,0.000744602497030303
200,10.0,approach,0.0,0.0,0.0,transport,-0.06390143206336037,0.20345985704175618,0.8984041501882155,-0.06390143206336037,0.20345985704175618,0.8984041501882155,-0.17235941930354232,0.05081490847984211,1.1495839858461094,-0.17380239266346353,0.04880474997457664,1.1503635405695307,0.001442973359921218,0.0020101585052654664,-0.000779554723421283,0.0025943428648777045,0.037858949262548625,0.05291947511329373,-0.021516988614989074,-0.000708100967302041,5.6934469522400926e-05,-0.0013088479669622316,-1.0,False,False,0.0007410436971412299
201,10.05,approach,0.0,0.0,0.0,transport,-0.06390143206336037,0.20345985704175618,0.8984041501882155,-0.06390143206336037,0.20345985704175618,0.8984041501882155,-0.17189958654735182,0.05146208209242578,1.1492822024473148,-0.17335017065906735,0.04944347087332688,1.1500656817100419,0.0014505841117155305,0.0020186112190989022,-0.0007834792627270382,0.002606304908132737,0.03805612232223421,0.05314664235698277,-0.021626762444317826,-0.0008045371069440641,5.5208730217344325e-05,-0.0012434850557802599,-1.0,False,False,0.0007422179805098337
202,10.1,approach,0.0,0.0,0.0,transport,-0.06390143206336037,0.20345985704175618,0.8984041501882155,-0.06390143206336037,0.20345985704175618,0.8984041501882155,-0.17143754140942782,0.05211236943507675,1.148978967085671,-0.17289565481502409,0.05008479489508916,1.1497662611201747,0.001458113405596262,0.0020275745399875936,-0.0007872940345037271,0.0026185845633759064,0.038252584992790606,0.053377971234997434,-0.02173429248741865,-0.0008991134772131575,5.405052150903117e-05,-0.0011799252597459937,-1.0,False,False,0.0007474086894794838
203,10.15,approach,0.0,0.0,0.0,transport,-0.06390143206336037,0.20345985704175618,0.8984041501882155,-0.06390143206336037,0.20345985704175618,0.8984041501882155,-0.17097331052718762,0.05276573301800477,1.1486742972430342,-0.17243876514246687,0.05072843898085491,1.1494652764417936,0.0014654546152792491,0.0020372940371498616,-0.0007909791987594783,0.002631306199612622,0.03844688575672939,0.05361876245831232,-0.02183927754281001,-0.00098473274887198,5.3939036810060825e-05,-0.0011233303120831355,-1.0,False,False,0.0007545224067671934
204,10.2,approach,0.0,0.0,0.0,transport,-0.06390143206336037,0.20345985704175618,0.8984041501882155,-0.06390143206336037,0.20345985704175618,0.8984041501882155,-0.170506920763936,0.05342213503350309,1.1483682105495086,-0.17197949959315412,0.051374939766508004,1.1491627648090956,0.001472578829218113,0.0020471952669950874,-0.0007945542595870769,0.002644014625696394,0.03863688757061723,0.0538739210529636,-0.021941317845701747,-0.0010514543232706198,5.549579033940083e-05,-0.0010810089142024501,-1.0,False,False,0.0007615599146728298
205,10.25,approach,0.0,0.0,0.0,transport,-0.06390143206336037,0.20345985704175618,0.8984041501882155,-0.06390143206336037,0.20345985704175618,0.8984041501882155,-0.17003839920556768,0.05408153736058946,1.1480607247812822,-0.17151786815375658,0.05202469263678136,1.1488587925979763,0.0014794689481889,0.002056844723808099,-0.0007980678166941146,0.002656379270088384,0.03882200775172873,0.054131951881629115,-0.02204080055626889,-0.001099388804355063,5.829933319708215e-05,-0.0010525395285467774,-1.0,False,False,0.000767339012023861
206,10.3,approach,0.0,0.0,0.0,transport,-0.06390143206336037,0.20345985704175618,0.8984041501882155,-0.06390143206336037,0.20345985704175618,0.8984041501882155,-0.16956777315726967,0.054743901569647285,1.1477518578584618,-0.17105387844859365,0.05267783040528031,1.148553431705724,0.0014861052913239803,0.002066071164366974,-0.0008015738472622047,0.002668272779485742,0.039001899929738126,0.05438417865731848,-0.02213869479029018,-0.001132048044723723,6.161734485547755e-05,-0.001034363168691334,-1.0,False,False,0.0007714718836438603
207,10.35,approach,0.0,0.0,0.0,transport,-0.06390143206336037,0.20345985704175618,0.8984041501882155,-0.06390143206336037,0.20345985704175618,0.8984041501882155,-0.1690950701402236,0.0554091889270668,1.1474416278429092,-0.17058753993373058,0.053334311395235354,1.1482467448441807,0.0014924697935069786,0.0020748775318314497,-0.0008051170012715048,0.002679700774781795,0.03917616616740116,0.054627170435729844,-0.022236077256296838,-0.0011533232277796688,6.476990738840373e-05,-0.0010229007089511708,-1.0,False,False,0.0007740595573107323
208,10.4,approach,0.0,0.0,0.0,transport,-0.06390143206336037,0.20345985704175618,0.8984041501882155,-0.06390143206336037,0.20345985704175618,0.8984041501882155,-0.16862031788830817,0.05607736039988606,1.147130052936077,-0.17011886947559707,0.05399401185984849,1.147938779609739,0.0014985515872888988,0.002083348540037569,-0.0008087266736618304,0.00269073165360927,0.03934444090844813,0.054860980093014156,-0.022333838162071906,-0.0011665673121392887,6.724451064134992e-05,-0.0010155154726015098,-1.0,False,False,0.0007754223323389919
209,10.45,approach,0.0,0.0,0.0,transport,-0.06390143206336037,0.20345985704175618,0.8984041501882155,-0.06390143206336037,0.20345985704175618,0.8984041501882155,-0.16814354434480144,0.05674837666043219,1.1468171514768448,-0.16964789447372403,0.054656787429126816,1.1476295679354158,0.0015043501289225825,0.0020915892313053755,-0.000812416458570997,0.0027014505964498116,0.03950650261591249,0.055087296011673975,-0.022432562657881405,-0.0011743945140826682,6.871561135272046e-05,-0.0010105418665295976,-1.0,False,False,0.0007759297545243674
210,10.5,approach,0.0,0.0,0.0,transport,-0.06390143206336037,0.20345985704175618,0.8984041501882155,-0.06390143206336037,0.20345985704175618,0.8984041501882155,-0.16766477765908328,0.057422198090962405,1.1465029419393542,-0.1691746533702547,0.05532250601702778,1.1473191282132797,0.0015098757111714212,0.0020996920739346225,-0.0008161862739255454,0.0027119350107024593,0.039662336292815015,0.055308213236711784,-0.022532519921232286,-0.0011787261847345655,6.90271533491196e-05,-0.001007029179987647,-1.0,False,False,0.0007759123364161418
211,10.55,approach,0.0,0.0,0.0,transport,-0.06390143206336037,0.20345985704175618,0.8984041501882155,-0.06390143206336037,0.20345985704175618,0.8984041501882155,-0.16718404618333765,0.058098784788305206,1.1461874429308454,-0.16869919427565033,0.055991061025208066,1.147007468453053,0.0015151480923126792,0.00210772376309714,-0.0008200255222075015,0.0027222444894305147,0.039812143738340855,0.05552557542554848,-0.02263370564868694,-0.0011809115556337035,6.81614987240503e-05,-0.0010044708672099464,-1.0,False,False,0.0007756264677236641
212,10.6,approach,0.0,0.0,0.0,transport,-0.06390143206336037,0.20345985704175618,0.8984041501882155,-0.06390143206336037,0.20345985704175618,0.8984041501882155,-0.1667013784692551,0.05877809656850145,1.145870673189492,-0.16822157252278763,0.05666237283726006,1.1466945896003988,0.001520194053532542,0.002115723731241387,-0.0008239164109067332,0.0027324192795936553,0.039956316127904845,0.055740710865867654,-0.02273590527121616,-0.001181858715835026,6.620492331576009e-05,-0.0010026028893173457,-1.0,False,False,0.0007752498038117767
213,10.65,approach,0.0,0.0,0.0,transport,-0.06390143206336037,0.20345985704175618,0.8984041501882155,-0.06390143206336037,0.20345985704175618,0.8984041501882155,-0.16621680326473498,0.05946009297144546,1.1455526515822383,-0.1677418478175167,0.0573363844466483,1.1463804885800726,0.0015250445527817125,0.002123708524797159,-0.0008278369978342859,0.0027424829773853806,0.04009538516105304,0.05595440268370791,-0.022838760363210753,-0.0011821519467686281,6.33144279648629e-05,-0.0010012777293056194,-1.0,False,False,0.0007748918064925717
214,10.7,approach,0.0,0.0,0.0,transport,-0.06390143206336037,0.20345985704175618,0.8984041501882155,-0.06390143206336037,0.20345985704175618,0.8984041501882155,-0.165730349510588,0.06014473326552616,1.1452333971026334,-0.16726008145988824,0.058013055001797105,1.1460651608699268,0.001529731949300256,0.0021316782637290574,-0.0008317637672934364,0.002752446733607584,0.0402299661385741,0.05616697637755727,-0.022941829548783765,-0.0011821480192836362,5.968819641754435e-05,-0.001000396234893695,-1.0,False,False,0.0007746099066115973
215,10.75,approach,0.0,0.0,0.0,transport,-0.06390143206336037,0.20345985704175618,0.8984041501882155,-0.06390143206336037,0.20345985704175618,0.8984041501882155,-0.16524204633723835,0.06083197645226822,1.1449129288686686,-0.1667763339343107,0.05869235344541652,1.1457486025380377,0.001534287597072359,0.0021396230068517,-0.0008356736693690969,0.002762313436895964,0.04036070245299783,0.056378429009422276,-0.02304464002516493,-0.001182050853330893,5.55408120508953e-05,-0.0009998765063845355,-1.0,False,False,0.0007744258343641595
216,10.8,approach,0.0,0.0,0.0,transport,-0.06390143206336037,0.20345985704175618,0.8984041501882155,-0.06390143206336037,0.20345985704175618,0.8984041501882155,-0.1647519230614264,0.06152178127097314,1.1445912661206115,-0.1662906630221782,0.05937425331085397,1.145430811745455,0.0015387399607518226,0.002147527960119168,-0.0008395456248435629,0.0027720811428423382,0.04048821745768649,0.05658855651113237,-0.02314672834852427,-0.00118196668581429,5.108362045954725e-05,-0.0009996432909135271,-1.0,False,False,0.0007743394749051238
217,10.85,approach,0.0,0.0,0.0,transport,-0.06390143206336037,0.20345985704175618,0.8984041501882155,-0.06390143206336037,0.20345985704175618,0.8984041501882155,-0.16426000918291075,0.062214106203360355,1.1442684282188438,-0.16580312248569204,0.060058729009342976,1.1451117897543632,0.0015431133027812849,0.0021553771940173785,-0.000843361535519449,0.002781745529933412,0.04061307678534909,0.0567970578501277,-0.023247670532224873,-0.0011819429843724272,4.65101785517775e-05,-0.000999626967708081,-1.0,False,False,0.0007743393025455759
218,10.9,approach,0.0,0.0,0.0,transport,-0.06390143206336037,0.20345985704175618,0.8984041501882155,-0.06390143206336037,0.20345985704175618,0.8984041501882155,-0.16376633438117083,0.06290890947820839,1.1439444346416952,-0.16531376130067937,0.06074575353641446,1.1447915415023828,0.0015474269195085433,0.0021631559417939275,-0.0008471068606876742,0.0027913014407552257,0.04073576209042418,0.05700360937730825,-0.023347102253361562,-0.0011819945553396282,4.198641977792492e-05,-0.000999765689333647,-1.0,False,False,0.0007744094816490359
219,10.95,approach,0.0,0.0,0.0,transport,-0.06390143206336037,0.20345985704175618,0.8984041501882155,-0.06390143206336037,0.20345985704175618,0.8984041501882155,-0.16327092851210911,0.06360614907599596,1.1436193049832801,-0.16482262337240658,0.061435297317167556,1.1444700758138397,0.0015516948602974645,0.0021708517588284043,-0.0008507708305596218,0.0028007437055919725,0.04085665577140518,0.057207910791629984,-0.02344473038205397,-0.0011821200644038053,3.764497730661782e-05,-0.0010000075950157786,-1.0,False,False,0.0007745341569129134
220,11.0,approach,0.0,0.0,0.0,transport,-0.06390143206336037,0.20345985704175618,0.8984041501882155,-0.06390143206336037,0.20345985704175618,0.8984041501882155,-0.16277382160475362,0.06430578273354312,1.1432930589513342,-0.16432974764669603,0.062127327866048035,1.1441474053218417,0.001555926041942407,0.002178454867495086,-0.0008543463705075194,0.0028100674686752578,0.04097603535305916,0.0574097083275113,-0.023540337250111953,-0.0011823116859335163,3.358300492797306e-05,-0.001000311901350896,-1.0,False,False,0.0007746996263513389
221,11.05,approach,0.0,0.0,0.0,transport,-0.06390143206336037,0.20345985704175618,0.8984041501882155,-0.06390143206336037,0.20345985704175618,0.8984041501882155,-0.1622750438579602,0.06500776794865229,1.1429657163650482,-0.16383516852068608,0.06282180995790229,1.1438235461739181,0.0015601246627258702,0.002185957990749998,-0.0008578298088699476,0.0028192682173846335,0.041094075774716354,0.057608801652085095,-0.023633779135869837,-0.0011825601530849107,2.9862788977168398e-05,-0.0010006486608425125,-1.0,False,False,0.0007748951047701585
222,11.1,approach,0.0,0.0,0.0,transport,-0.06390143206336037,0.20345985704175618,0.8984041501882155,-0.06390143206336037,0.20345985704175618,0.8984041501882155,-0.16177462563711498,0.06571206198474948,1.1426372971529057,-0.16333891646090518,0.06351870605676974,1.1434985175879795,0.0015642908237901987,0.0021933559279797427,-0.0008612204350737507,0.002828341677730383,0.041210857671422074,0.05780504053694374,-0.023724980420247732,-0.0011828569613782935,2.6514460736174172e-05,-0.0010009975453904969,-1.0,False,False,0.000775112620222486
223,11.15,approach,0.0,0.0,0.0,transport,-0.06390143206336037,0.20345985704175618,0.8984041501882155,-0.06390143206336037,0.20345985704175618,0.8984041501882155,-0.1612725974708366,0.06641862187552536,1.1423078213505178,-0.16284101874471915,0.06421797683611097,1.1431723413186974,0.001568421273882542,0.0022006450394143895,-0.0008645199681796001,0.002837283675850505,0.04132637980137133,0.057998316375112435,-0.02381392474923416,-0.001183194926420305,2.3540161558994784e-05,-0.0010013460555670533,-1.0,False,False,0.0007753465102681515
224,11.2,approach,0.0,0.0,0.0,transport,-0.06390143206336037,0.20345985704175618,0.8984041501882155,-0.06390143206336037,0.20345985704175618,0.8984041501882155,-0.16076899004767875,0.06712740442957635,1.1419773090984595,-0.16234150025363783,0.06491958166949764,1.1428450410848672,0.0015725102059590823,0.0022078227600787065,-0.0008677319864076605,0.0028460900351187095,0.04144057394080802,0.0581885518693076,-0.023900644404757365,-0.0011835679881791684,2.091908574517933e-05,-0.0010016876025733298,-1.0,False,False,0.0007755927887005569
225,11.25,approach,0.0,0.0,0.0,transport,-0.06390143206336037,0.20345985704175618,0.8984041501882155,-0.06390143206336037,0.20345985704175618,0.8984041501882155,-0.16026383421283247,0.06783836623504583,1.1416457806401048,-0.1618403842598049,0.0656234790341929,1.1425166419996748,0.0015765500469724358,0.0022148872008529302,-0.000870861359570041,0.0028547565344006305,0.0415533208161073,0.05837569131096371,-0.023985208895247467,-0.0011839707425526055,1.8612905495400124e-05,-0.0010020197283814713,-1.0,False,False,0.0007758485368652581
226,11.3,approach,0.0,0.0,0.0,transport,-0.06390143206336037,0.20345985704175618,0.8984041501882155,-0.06390143206336037,0.20345985704175618,0.8984041501882155,-0.15975716096482842,0.06855146366426512,1.1413132563194635,-0.16133769316109142,0.06632962681672641,1.1421871700362745,0.0015805321962630015,0.0022218368475387107,-0.0008739137168110034,0.0028632789219590754,0.04166446589952966,0.0585596926014445,-0.02406771360422777,-0.001184397967114989,1.657118048915836e-05,-0.001002342586192427,-1.0,False,False,0.0007761114465551285
227,11.35,approach,0.0,0.0,0.0,transport,-0.06390143206336037,0.20345985704175618,0.8984041501882155,-0.06390143206336037,0.20345985704175618,0.8984041501882155,-0.1592490014522395,0.06926665287839473,1.1409797565790156,-0.16083344913267955,0.06703798251319029,1.1418566515519923,0.0015844476804400542,0.002228670365204438,-0.0008768949729767161,0.0028716529808499123,0.041773834177038505,0.05874052123336637,-0.02414826914517665,-0.0011848443560298816,1.4736434319393391e-05,-0.0010026577678267205,-1.0,False,False,0.000776379517255232
228,11.4,approach,0.0,0.0,0.0,transport,-0.06390143206336037,0.20345985704175618,0.8984041501882155,-0.06390143206336037,0.20345985704175618,0.8984041501882155,-0.15873938697038292,0.06998388983206541,1.1406453019575493,-0.16032767467487202,0.06774850334068538,1.141525112886264,0.0015882877044890997,0.002235386491380026,-0.0008798109287146971,0.002879874627194971,0.041881243245932565,0.05891814637750237,-0.02422699188886046,-0.001185304442819668,1.30486707566619e-05,-0.0010029674617241127,-1.0,False,False,0.0007766508795194202
229,11.45,approach,0.0,0.0,0.0,transport,-0.06390143206336037,0.20345985704175618,0.8984041501882155,-0.06390143206336037,0.20345985704175618,0.8984041501882155,-0.15822834895802285,0.07070313027801929,1.140309913087994,-0.15982039304662266,0.06846114629123769,1.1411925800406875,0.0015920440885998088,0.002241983986781604,-0.0008826669526935671,0.0028879400143368766,0.04198651433698353,0.059092538746678136,-0.024303995965402336,-0.0011857726425050289,1.1449185110160244e-05,-0.0010032738963414284,-1.0,False,False,0.0007769237564595629
230,11.5,approach,0.0,0.0,0.0,transport,-0.06390143206336037,0.20345985704175618,0.8984041501882155,-0.06390143206336037,0.20345985704175618,0.8984041501882155,-0.15771591899407256,0.07142432977175095,1.1399736106952583,-0.159311628582428,0.0691758681416909,1.1408590784430443,0.0015957095883554484,0.002248461630060053,-0.000885467747786084,0.002895845632037589,0.042089481051001965,0.059263669610265246,-0.02437938690858399,-0.001186243420215875,9.883592455863894e-06,-0.00100357907311764,-1.0,False,False,0.0007771964921893254
231,11.55,approach,0.0,0.0,0.0,transport,-0.06390143206336037,0.20345985704175618,0.8984041501882155,-0.06390143206336037,0.20345985704175618,0.8984041501882155,-0.15720212879429696,0.07214744367614866,1.139636415594065,-0.15880140689753827,0.06989262543805415,1.1405246327922087,0.001599278103241314,0.002254818238094508,-0.0008882171981436926,0.002903588388430596,0.042189995762620947,0.0594315106891552,-0.024453256979586335,-0.0011867115297596168,8.304049365314815e-06,-0.001003884623741841,-1.0,False,False,0.00077746760216824
232,11.6,approach,0.0,0.0,0.0,transport,-0.06390143206336037,0.20345985704175618,0.8984041501882155,-0.06390143206336037,0.20345985704175618,0.8984041501882155,-0.15668701020801487,0.07287242716613528,1.1392983486867871,-0.15828975499172362,0.07061137447261523,1.1401892669769709,0.0016027447837087538,0.0022610526935200465,-0.0008909182901837287,0.002911165664190854,0.042287933790468024,0.059596034561622546,-0.024525682108431646,-0.0011871722414848228,6.670700785653478e-06,-0.0010041917448793637,-1.0,False,False,0.0007777358458580673
233,11.65,approach,0.0,0.0,0.0,transport,-0.06390143206336037,0.20345985704175618,0.8984041501882155,-0.06390143206336037,0.20345985704175618,0.8984041501882155,-0.1561705952148015,0.07359923523330963,1.138959430961283,-0.1577767012642274,0.07133207126381173,1.1398530040595705,0.0016061060494259038,0.0022671639694979012,-0.0008935730982875256,0.0029185753354291086,0.042383195538442386,0.059757215213888104,-0.024596720313758702,-0.0011876215216802858,4.952418423583306e-06,-0.0010045012585974268,-1.0,False,False,0.0007780002896948925
234,11.7,approach,0.0,0.0,0.0,transport,-0.06390143206336037,0.20345985704175618,0.8984041501882155,-0.06390143206336037,0.20345985704175618,0.8984041501882155,-0.15565291592119065,0.07432782269058746,1.138619683488733,-0.15726227545621385,0.0720546715380577,1.1395158663122227,0.001609359535023197,0.0022731511525297676,-0.0008961828234896885,0.002925815771427764,0.042475706860735096,0.059915028535514614,-0.024666411416749412,-0.0011880561879024992,3.1269212791490802e-06,-0.0010048136741760843,-1.0,False,False,0.0007782603321742339
235,11.75,approach,0.0,0.0,0.0,transport,-0.06390143206336037,0.20345985704175618,0.8984041501882155,-0.06390143206336037,0.20345985704175618,0.8984041501882155,-0.15513400455737725,0.07505814417684259,1.1382791274214747,-0.1567465085369306,0.07277913072684336,1.1391778752950266,0.0016125039795533425,0.0022790134499992287,-0.0008987478735518195,0.002932885802339851,0.04256541797673208,0.06006945277569786,-0.024734777814958697,-0.0011884739636321398,1.1803865215645403e-06,-0.001005129256862005,-1.0,False,False,0.0007785157205503732
236,11.8,approach,0.0,0.0,0.0,transport,-0.06390143206336037,0.20345985704175618,0.8984041501882155,-0.06390143206336037,0.20345985704175618,0.8984041501882155,-0.15461389347391963,0.07579015416154804,1.1379377839908396,-0.15622943255000016,0.0735054039663628,1.138839051962942,0.00161553907608053,0.002284750195185231,-0.0009012679721025485,0.0029397846720941867,0.04265230126021924,0.06022046869409353,-0.024801826083740153,-0.0011888734923080368,-8.933316447094566e-07,-0.0010054481238841375,-1.0,False,False,0.0007787665109094334
237,11.85,approach,0.0,0.0,0.0,transport,-0.06390143206336037,0.20345985704175618,0.8984041501882155,-0.06390143206336037,0.20345985704175618,0.8984041501882155,-0.15409261513844197,0.07652380694941713,1.137595674504987,-0.15571108043575368,0.07423344611249498,1.1384994167906795,0.0016184652973117164,0.002290360836922148,-0.0009037422856923438,0.0029465119719521665,0.04273634823116379,0.06036805966108644,-0.024867549159099944,-0.0011892542676913897,-3.0937622899793025e-06,-0.0010057702667453042,-1.0,False,False,0.0007790130217609789
238,11.9,approach,0.0,0.0,0.0,transport,-0.06390143206336037,0.20345985704175618,0.8984041501882155,-0.06390143206336037,0.20345985704175618,0.8984041501882155,-0.15357020213233658,0.0772590566850446,1.1372528203467427,-0.1551914858434959,0.07496321176253051,1.1381589899051598,0.001621283711159327,0.0022958449225140842,-0.0009061695584171581,0.0029530675659229693,0.042817566068342194,0.06051221145099234,-0.0249319288787353,-0.0011896165356165187,-5.415045446693551e-06,-0.0010060955857985104,-1.0,False,False,0.0007792557964263964
239,11.95,approach,0.0,0.0,0.0,transport,-0.06390143206336037,0.20345985704175618,0.8984041501882155,-0.06390143206336037,0.20345985704175618,0.8984041501882155,-0.15304668714746633,0.0779958573575478,1.1369092429714316,-0.1546706829450425,0.07569465527646092,1.1378177912168983,0.001623995797576161,0.0023012020810868755,-0.0009085482454667115,0.002959451517238328,0.04289597392059141,0.06065291190034572,-0.024994938674565148,-0.0011899611741038325,-7.847231866062323e-06,-0.0010064239713629727,-1.0,False,False,0.0007794955300480375
240,12.0,approach,0.0,0.0,0.0,transport,-0.06390143206336037,0.20345985704175618,0.8984041501882155,-0.06390143206336037,0.20345985704175618,0.8984041501882155,-0.15252210298286706,0.07873416280520767,1.1365649639047157,-0.15414870626008573,0.07642773080054233,1.1374758405429635,0.001626603277218669,0.0023064320046653486,-0.0009108766382477373,0.00296566401733383,0.042971599243508685,0.06079015057493503,-0.02505654624365139,-0.0011902895450301093,-1.0377568981114847e-05,-0.0010067552982296849,-1.0,False,False,0.0007797329942957185
241,12.05,approach,0.0,0.0,0.0,transport,-0.06390143206336037,0.20345985704175618,0.8984041501882155,-0.06390143206336037,0.20345985704175618,0.8984041501882155,-0.1519964825414498,0.07947392672011006,1.1362200047404298,-0.15362559050008276,0.07716239229646221,1.137133157716575,0.0016291079586329693,0.002311534423647843,-0.0009131529761452484,0.002971705316890147,0.043044474372718744,0.06092391839135458,-0.02511671605067267,-0.0011906033166407624,-1.2991704680957124e-05,-0.0010070894337579788,-1.0,False,False,0.0007799689868522632
242,12.1,approach,0.0,0.0,0.0,transport,-0.06390143206336037,0.20345985704175618,0.8984041501882155,-0.06390143206336037,0.20345985704175618,0.8984041501882155,-0.15146985882670336,0.08021510265278653,1.135874387138416,-0.15310137043581745,0.07789859356346296,1.1367897626793129,0.0016315116091140947,0.0023165090893235707,-0.0009153755408968234,0.0029775756703172016,0.04311463346758804,0.06105420712648635,-0.025175411563180816,-0.0011909043269902784,-1.567475862370769e-05,-0.0010074262591888818,-1.0,False,False,0.0007802042740790873
243,12.15,approach,0.0,0.0,0.0,transport,-0.06390143206336037,0.20345985704175618,0.8984041501882155,-0.06390143206336037,0.20345985704175618,0.8984041501882155,-0.15094226493939647,0.08095764401685586,1.1355281328223605,-0.15257608079105203,0.07863628826150622,1.136445675554362,0.0016338158516555623,0.002321355755349641,-0.0009175427320013974,0.0029832752881798355,0.04318210992841964,0.061181009067858005,-0.025232597139046575,-0.0011911944386732358,-1.8412228823487376e-05,-0.0010077656653551996,-1.0,False,False,0.0007804395489473144
244,12.2,approach,0.0,0.0,0.0,transport,-0.06390143206336037,0.20345985704175618,0.8984041501882155,-0.06390143206336037,0.20345985704175618,0.8984041501882155,-0.1504137340742804,0.0817015040936648,1.135181263577629,-0.15204975616376426,0.07937542992958278,1.1361009166996652,0.0016360220894838517,0.002326074164082023,-0.0009196531220361237,0.002988804302553076,0.043246934335432474,0.06130431664317176,-0.02528823953465764,-0.0011914754279456282,-2.119071000347492e-05,-0.0010081075422075177,-1.0,False,False,0.0007806754066077889
245,12.25,approach,0.0,0.0,0.0,transport,-0.06390143206336037,0.20345985704175618,0.8984041501882155,-0.06390143206336037,0.20345985704175618,0.8984041501882155,-0.14988429951679108,0.08244663603692953,1.1348338012491033,-0.15152243097339008,0.0801159720014112,1.1357555067420357,0.0016381314565989957,0.0023306640355183345,-0.0009217054929324675,0.0029941627429482917,0.04330913293946359,0.06142412214693499,-0.02534230901123813,-0.001191748888327901,-2.399842341924471e-05,-0.0010084517959583136,-1.0,False,False,0.0007809123322600713
246,12.3,approach,0.0,0.0,0.0,transport,-0.06390143206336037,0.20345985704175618,0.8984041501882155,-0.06390143206336037,0.20345985704175618,0.8984041501882155,-0.14935399463975166,0.08319299287737646,1.1344857677390154,-0.15099413943223627,0.08085786781515573,1.1354094665935484,0.0016401447924846158,0.002335125062220722,-0.0009236988545329172,0.002999350524762179,0.043368726672768365,0.06154041751930517,-0.025394780060405964,-0.0011920161651653854,-2.682555970513719e-05,-0.001008798361435213,-1.0,False,False,0.0007811506873387373
247,12.35,approach,0.0,0.0,0.0,transport,-0.06390143206336037,0.20345985704175618,0.8984041501882155,-0.06390143206336037,0.20345985704175618,0.8984041501882155,-0.14882285290007477,0.08394052752738355,1.1341371850047857,-0.1504649155382613,0.08160107062304797,1.1350628174524429,0.001642062638186531,0.0023394569043355823,-0.0009256324476571987,0.003004367444758945,0.043425730643230076,0.0616531942445564,-0.02544563177525383,-0.0011922783110654147,-2.966445223255417e-05,-0.0010091471818103996,-1.0,False,False,0.0007813907162418328
248,12.4,approach,0.0,0.0,0.0,transport,-0.06390143206336037,0.20345985704175618,0.8984041501882155,-0.06390143206336037,0.20345985704175618,0.8984041501882155,-0.148290907835465,0.08468919278562136,1.1337880750568563,-0.14993479308561286,0.08234553359183458,1.1347155807908949,0.0016438852501478585,0.0023436591937867762,-0.0009275057340385473,0.003009213189348564,0.04348015405592598,0.06176244325146768,-0.025494847911731178,-0.0011925360762552995,-3.250960163973524e-05,-0.001009498211165596,-1.0,False,False,0.0007816325414454437
249,12.45,approach,0.0,0.0,0.0,transport,-0.06390143206336037,0.20345985704175618,0.8984041501882155,-0.06390143206336037,0.20345985704175618,0.8984041501882155,-0.1477581930611211,0.08543894134169423,1.1334384599565284,-0.14940380568839928,0.08309120981114139,1.1343677783333412,0.0016456126272781924,0.0023477315305528434,-0.000929318376812871,0.0030138873409753623,0.04353200048983541,0.06186815499719306,-0.025542416687329705,-0.001192789874421735,-3.535757744647104e-05,-0.0010098514131197478,-1.0,False,False,0.000781876187410616
250,12.5,approach,0.0,0.0,0.0,transport,-0.06390143206336037,0.20345985704175618,0.8984041501882155,-0.06390143206336037,0.20345985704175618,0.8984041501882155,-0.14722474226643856,0.08618972578078125,1.133088361813798,-0.14887198681444594,0.08383805229162186,1.1340194320273485,0.0016472445480073816,0.002351673489159392,-0.0009310702135505444,0.0030183893955413057,0.043581268439214504,0.06197031939279729,-0.02558833039086661,-0.0011930398337651794,-3.820682328288609e-05,-0.0010102067528299475,-1.0,False,False,0.000782121597842611
251,12.55,approach,0.0,0.0,0.0,transport,-0.06390143206336037,0.20345985704175618,0.8984041501882155,-0.06390143206336037,0.20345985704175618,0.8984041501882155,-0.14669058921171182,0.08694149858827757,1.1327378027851907,-0.14833936982491672,0.08458601396323559,1.1336705640102447,0.0016487806132048921,0.0023554846250419814,-0.0009327612250540351,0.003022718781536544,0.043627952054682284,0.062068925933114194,-0.025632584843156003,-0.001193285833361212,-4.1057398919743115e-05,-0.0010105641914994307,-1.0,False,False,0.0007823686569901071
252,12.6,approach,0.0,0.0,0.0,transport,-0.06390143206336037,0.20345985704175618,0.8984041501882155,-0.06390143206336037,0.20345985704175618,0.8984041501882155,-0.14615576772483674,0.08769421215443536,1.1323868050715988,-0.14780598801635497,0.08533504767312794,1.1333211965738557,0.001650220291518234,0.0023591644813074214,-0.0009343915022568261,0.0030268748801182397,0.043672042001599576,0.062163963823995416,-0.02567517877291703,-0.0011935275234835755,-4.391067577486925e-05,-0.0010109237186861197,-1.0,False,False,0.0007826172047211359
253,12.65,approach,0.0,0.0,0.0,transport,-0.06390143206336037,0.20345985704175618,0.8984041501882155,-0.06390143206336037,0.20345985704175618,0.8984041501882155,-0.1456203116980129,0.08844781877900502,1.1320353909161163,-0.1472718746622179,0.08608510618249034,1.1329713521296367,0.001651562964204989,0.002362712596514688,-0.0009359612135204642,0.0030308570457343326,0.04371352636684145,0.0622554221175417,-0.025716113154787834,-0.0011937643756510644,-4.6769018819789076e-05,-0.0010112853359992696,-1.0,False,False,0.0007828670423595475
254,12.7,approach,0.0,0.0,0.0,transport,-0.06390143206336037,0.20345985704175618,0.8984041501882155,-0.06390143206336037,0.20345985704175618,0.8984041501882155,-0.14508425508444597,0.08920227067587631,1.1316835826018745,-0.14673706305194045,0.08683614216862054,1.1326210531758445,0.0016528079674944796,0.002366128507255774,-0.0009374705739699785,0.0030346646218851387,0.04375239155543831,0.06234328986771953,-0.02575539055524434,-0.0011939957265957285,-4.963547054746801e-05,-0.0010116490246057732,-1.0,False,False,0.0007831179675577399
255,12.75,approach,0.0,0.0,0.0,transport,-0.06390143206336037,0.20345985704175618,0.8984041501882155,-0.06390143206336037,0.20345985704175618,0.8984041501882155,-0.14454763189505024,0.0899575199777193,1.1313314024498788,-0.14620158652534135,0.08758810821906438,1.13227032226773,0.0016539546302911101,0.0023694117586549185,-0.0009389198178511027,0.003038296961369501,0.043788623137804294,0.0624275561819751,-0.02579301451931304,-0.0011942208448701462,-5.2513454978104654e-05,-0.0010120147801148747,-1.0,False,False,0.0007833697796654249
256,12.8,approach,0.0,0.0,0.0,transport,-0.06390143206336037,0.20345985704175618,0.8984041501882155,-0.06390143206336037,0.20345985704175618,0.8984041501882155,-0.14401047619515073,0.09071351874062572,1.1309788728168433,-0.14566547850092468,0.08834095683317765,1.1319191819924048,0.0016550023057739505,0.0023725619074480703,-0.0009403091755615378,0.003041753438797421,0.04382220660381242,0.0625082104312269,-0.025828989017733228,-0.0011944389580209314,-5.540651631826698e-05,-0.0010123826056800715,-1.0,False,False,0.0007836222947445969
257,12.85,approach,0.0,0.0,0.0,transport,-0.06390143206336037,0.20345985704175618,0.8984041501882155,-0.06390143206336037,0.20345985704175618,0.8984041501882155,-0.14347282210118578,0.09147021894874995,1.1306260160930275,-0.1451287724979739,0.08909464041850579,1.1315676549480176,0.0016559503967881195,0.0023755785302441573,-0.0009416388549901011,0.0030450334650388967,0.04385312799477792,0.06258524231144591,-0.025863317987546708,-0.0011946493019692572,-5.8318094068706946e-05,-0.001012752510977737,-1.0,False,False,0.0007838753404899193
258,12.9,approach,0.0,0.0,0.0,transport,-0.06390143206336037,0.20345985704175618,0.8984041501882155,-0.06390143206336037,0.20345985704175618,0.8984041501882155,-0.14293470377740936,0.09222757251895014,1.1302728547000718,-0.14459150215229558,0.08984911129510054,1.1312157637278655,0.0016567983748862203,0.002378461223849604,-0.0009429090277937036,0.00304813649351151,0.04388137441129092,0.06265864200888704,-0.025896004958916308,-0.0011948511385246325,-6.125134690443939e-05,-0.0010131244874059307,-1.0,False,False,0.0007841287705695712
259,12.95,approach,0.0,0.0,0.0,transport,-0.06390143206336037,0.20345985704175618,0.8984041501882155,-0.06390143206336037,0.20345985704175618,0.8984041501882155,-0.14239615543259326,0.09298553130542943,1.1299194110888333,-0.1440537012249047,0.090604321697564,1.1308635309094386,0.001657545792311449,0.002381209607865434,-0.0009441198206052714,0.0030510620258952085,0.04390693439404625,0.06272840020657783,-0.025927052780643223,-0.00119504378300064,-6.420902223371452e-05,-0.0010134985315801391,-1.0,False,False,0.0007843824721134118
260,13.0,approach,0.0,0.0,0.0,transport,-0.06390143206336037,0.20345985704175618,0.8984041501882155,-0.06390143206336037,0.20345985704175618,0.8984041501882155,-0.14185721131672988,0.09374404710437684,1.1295657077372212,-0.14351540360491705,0.09136022377786443,1.1305109790477126,0.0016581922881871713,0.0023838233265124076,-0.0009452713104913801,0.003053809615392908,0.043929798163496736,0.06279450813625687,-0.025956463444347655,-0.0011952266349414987,-6.71933718855372e-05,-0.0010138746432059845,-1.0,False,False,0.0007846363647262839
261,13.05,approach,0.0,0.0,0.0,transport,-0.06390143206336037,0.20345985704175618,0.8984041501882155,-0.06390143206336037,0.20345985704175618,0.8984041501882155,-0.14131790571773414,0.09450307165860862,1.1292117671480337,-0.14297664330732254,0.09211676960546457,1.1301581306721236,0.0016587375895883993,0.0023863020531440515,-0.0009463635240898327,0.003056378870441421,0.043949957743658064,0.0628569576148838,-0.025984237993577075,-0.0011953991975689603,-7.020611021346859e-05,-0.0010142528086940126,-1.0,False,False,0.0007848903929071609
262,13.1,approach,0.0,0.0,0.0,transport,-0.06390143206336037,0.20345985704175618,0.8984041501882155,-0.06390143206336037,0.20345985704175618,0.8984041501882155,-0.14077827295814613,0.09526255666220934,1.1288576118467921,-0.14243745446635245,0.09287391117693827,1.1298050082868927,0.00165918150820632,0.002388645485271068,-0.0009473964401005563,0.003058769449663518,0.0439674069835283,0.06291574113489545,-0.02601037650662885,-0.001195561046060264,-7.324840499451396e-05,-0.0010146330232260715,-1.0,False,False,0.0007851445305762829
263,13.15,approach,0.0,0.0,0.0,transport,-0.06390143206336037,0.20345985704175618,0.8984041501882155,-0.06390143206336037,0.20345985704175618,0.8984041501882155,-0.14023834739183344,0.09602245376517284,1.1285032643795787,-0.14189787132548756,0.09363160041932225,1.12945163437369,0.0016595239336541223,0.0023908533458505826,-0.0009483699941112977,0.0030609810606187096,0.043982141490380156,0.06297085176469125,-0.02603487814627936,-0.0011957118562530172,-7.632090184949711e-05,-0.001015015276895993,-1.0,False,False,0.0007853987753428212
264,13.2,approach,0.0,0.0,0.0,transport,-0.06390143206336037,0.20345985704175618,0.8984041501882155,-0.06390143206336037,0.20345985704175618,0.8984041501882155,-0.1396981634006934,0.09678271457804348,1.1281487473108704,-0.14135792822534712,0.09438978919449408,1.129098031395908,0.0016597648246537144,0.0023929253835494046,-0.0009492840850375828,0.0030630134571200435,0.04399415849588306,0.06302228317442454,-0.026057741256391154,-0.0011958514040731137,-7.942377438247245e-05,-0.001015399541401914,-1.0,False,False,0.000785653145419311
265,13.25,approach,0.0,0.0,0.0,transport,-0.06390143206336037,0.20345985704175618,0.8984041501882155,-0.06390143206336037,0.20345985704175618,0.8984041501882155,-0.13915775539135572,0.09754329067655733,1.1277940832213766,-0.14081765958929277,0.09514842930676039,1.1287442218044939,0.0016599041979370455,0.002394861369796941,-0.0009501385831172104,0.0030648664333054855,0.04400345667982808,0.06307002964126507,-0.02607896349062777,-0.0011959795254839973,-8.25567863561181e-05,-0.0010157858097446775,-1.0,False,False,0.0007859076711008717
266,13.3,approach,0.0,0.0,0.0,transport,-0.06390143206336037,0.20345985704175618,0.8984041501882155,-0.06390143206336037,0.20345985704175618,0.8984041501882155,-0.1386171577918845,0.09830413360628307,1.1274392947058736,-0.14027709990901496,0.09590747251127157,1.1283902280439784,0.0016599421171304696,0.002396661095011493,-0.0009509333381048091,0.003066539817136642,0.04401003594816544,0.0631140859904536,-0.026098541972405798,-0.0011960961196523924,-8.571936429217115e-05,-0.0010161740663481918,-1.0,False,False,0.0007861623937609045
267,13.35,approach,0.0,0.0,0.0,transport,-0.06390143206336037,0.20345985704175618,0.8984041501882155,-0.06390143206336037,0.20345985704175618,0.8984041501882155,-0.13807640504848095,0.09906519488726326,1.1270844043710402,-0.13973628373048183,0.09666687051822893,1.1280360725581988,0.001659878682000876,0.0023983243690343242,-0.0009516681871586385,0.0030680334673068126,0.044013897210680164,0.06315444751983368,-0.026116473458763778,-0.0011962011621451391,-8.891067922999499e-05,-0.0010165642666634417,-1.0,False,False,0.0007864173710147454
268,13.4,approach,0.0,0.0,0.0,transport,-0.06390143206336037,0.20345985704175618,0.8984041501882155,-0.06390143206336037,0.20345985704175618,0.8984041501882155,-0.13753553162218551,0.09982642601865552,1.1267294348332948,-0.13919524563942243,0.09742657499619632,1.1276817777960273,0.001659714017236913,0.0023998510224591957,-0.0009523429627324997,0.0030693472706224125,0.04401504216592633,0.06319111000853167,-0.0261327544980805,-0.001196294665977682,-9.212972473993839e-05,-0.0010169563961683237,-1.0,False,False,0.0007866726516746463
269,13.45,approach,0.0,0.0,0.0,transport,-0.06390143206336037,0.20345985704175618,0.8984041501882155,-0.06390143206336037,0.20345985704175618,0.8984041501882155,-0.1369945719855804,0.10058777848337347,1.1263744087166305,-0.13865402024947002,0.0981865375859941,1.1273273662158079,0.0016594482638896124,0.002401240897379364,-0.0009529574991773426,0.0030704811321699793,0.04401347307684045,0.06322406974354294,-0.026147381587935392,-0.00119637664671372,-9.53753849976333e-05,-0.0010173504306313851,-1.0,False,False,0.0007869282940655637
270,13.5,approach,0.0,0.0,0.0,transport,-0.06390143206336037,0.20345985704175618,0.8984041501882155,-0.06390143206336037,0.20345985704175618,0.8984041501882155,-0.13645356061949188,0.1013492037527279,1.1260193486504506,-0.13811264219049024,0.09894670990108247,1.1269728602890503,0.0016590815709983664,0.0024024938516454403,-0.0009535116385996911,0.0030714349759299185,0.04400919259956282,0.06325332333467604,-0.026160351307145113,-0.0011964471538234791,-9.864650595954549e-05,-0.0010177463509998068,-1.0,False,False,0.0007871843534423507
271,13.55,approach,0.0,0.0,0.0,transport,-0.06390143206336037,0.20345985704175618,0.8984041501882155,-0.06390143206336037,0.20345985704175618,0.8984041501882155,-0.13591253200969258,0.10211065329106804,1.125664277267405,-0.1375711460984763,0.09970704353577386,1.1266182825033342,0.0016586140887837053,0.0024036097552941754,-0.0009540052359291451,0.0030722087398868834,0.044002203615953195,0.06327886779971148,-0.02617166043290542,-0.001196506242772489,-0.00010194195175432297,-0.0010181441325749449,-1.0,False,False,0.000787440880493383
272,13.6,approach,0.0,0.0,0.0,transport,-0.06390143206336037,0.20345985704175618,0.8984041501882155,-0.06390143206336037,0.20345985704175618,0.8984041501882155,-0.13537152064360403,0.10287207856042252,1.1253092172012251,-0.13702956660800603,0.10046749006860659,1.1262636553631933,0.0016580459644019996,0.0024045884918159344,-0.000954438161968163,0.0030728023756930014,0.04399250909744523,0.0633007004929731,-0.026181306042181163,-0.0011965539719739405,-0.00010526064375355237,-0.0010185437399143702,-1.0,False,False,0.0007876979188539712
273,13.65,approach,0.0,0.0,0.0,transport,-0.06390143206336037,0.20345985704175618,0.8984041501882155,-0.06390143206336037,0.20345985704175618,0.8984041501882155,-0.13483056100699892,0.10363343102514043,1.1249541910845609,-0.13648793834597653,0.10122800106920375,1.125909001390174,0.0016573773389776114,0.0024054299559366776,-0.000954810305613174,0.0030732158460445237,0.04398011202014218,0.06331881913067688,-0.026189285572648657,-0.0011965903814848136,-0.00010860159611406015,-0.0010189451397043007,-1.0,False,False,0.0007879555062438345
274,13.7,approach,0.0,0.0,0.0,transport,-0.06390143206336037,0.20345985704175618,0.8984041501882155,-0.06390143206336037,0.20345985704175618,0.8984041501882155,-0.1342896875807035,0.10439466215653269,1.1245992215468155,-0.13594629592629706,0.10198852810556909,1.1255543431222004,0.0016566083455935576,0.0024061340509635987,-0.0009551215753849096,0.0030734491220227598,0.043965015305460486,0.06333322174657874,-0.02619559686717121,-0.0011966154847796817,-0.00011196393721948408,-0.001019348310258917,-1.0,False,False,0.0007882136827698141
275,13.75,approach,0.0,0.0,0.0,transport,-0.06390143206336037,0.20345985704175618,0.8984041501882155,-0.06390143206336037,0.20345985704175618,0.8984041501882155,-0.13374893483729994,0.10515572343751291,1.124244331211982,-0.13540467394637395,0.10274902274388698,1.1251997031113927,0.001655739109074017,0.002406700693625932,-0.0009553718994106397,0.003073502186789568,0.04394722177994248,0.06334390663887635,-0.02620023820436579,-0.0011966292928012796,-0.00011534692098569305,-0.0010197532359601722,-1.0,False,False,0.0007884724769425441
276,13.8,approach,0.0,0.0,0.0,transport,-0.06390143206336037,0.20345985704175618,0.8984041501882155,-0.06390143206336037,0.20345985704175618,0.8984041501882155,-0.13320833723782874,0.10591656636723865,1.123889542696479,-0.13486310698423568,0.10350943655691458,1.124845103921717,0.0016547697464069366,0.0024071298103240657,-0.0009555612252380996,0.0030733750328511794,0.043926734170904314,0.06335087246703341,-0.026203208298274383,-0.0011966317832978043,-0.00011874993021935942,-0.001020159897691561,-1.0,False,False,0.0007887319088309109
277,13.85,approach,0.0,0.0,0.0,transport,-0.06390143206336037,0.20345985704175618,0.8984041501882155,-0.06390143206336037,0.20345985704175618,0.8984041501882155,-0.13266792922849105,0.10667714246575247,1.1235348786069852,-0.134321629597278,0.10426972112771485,1.1244905681254385,0.0016537003687869534,0.0024074213380376186,-0.0009556895184532621,0.003073067663466975,0.04390355511489252,0.06335411817675773,-0.026204506294638108,-0.001196622920250919,-0.0001221724687617169,-0.001020568258686816,-1.0,False,False,0.0007889920015366379
278,13.9,approach,0.0,0.0,0.0,transport,-0.06390143206336037,0.20345985704175618,0.8984041501882155,-0.06390143206336037,0.20345985704175618,0.8984041501882155,-0.13212774523735105,0.10743740327862311,1.123180361538277,-0.13378027632080883,0.10502982805232236,1.1241361182993994,0.001652531083457781,0.002407575226300751,-0.0009557567611224727,0.003072580094728627,0.04387768719853913,0.06335364301816526,-0.02620413174323044,-0.0011966026485566207,-0.00012561415171294575,-0.0010209783055050079,-1.0,False,False,0.0007892527694429994
279,13.95,approach,0.0,0.0,0.0,transport,-0.06390143206336037,0.20345985704175618,0.8984041501882155,-0.06390143206336037,0.20345985704175618,0.8984041501882155,-0.13158781967103833,0.10819730038158663,1.1228260140710635,-0.13323908166765477,0.10578970894669223,1.1237817770209693,0.0016512619966164432,0.002407591434894399,-0.0009557629499057363,0.0030719123547489286,0.043849132995409934,0.06334944658528546,-0.026202084566717687,-0.001196570892481968,-0.00012907468963928065,-0.0010213900136839048,-1.0,False,False,0.0007895142303005741
280,14.0,approach,0.0,0.0,0.0,transport,-0.06390143206336037,0.20345985704175618,0.8984041501882155,-0.06390143206336037,0.20345985704175618,0.8984041501882155,-0.13104818691145032,0.1089567853851873,1.1224718587698221,-0.13269808012725479,0.10654931544756967,1.1234275668639349,0.001649893215804471,0.0024074699376176317,-0.0009557080941127172,0.003071064487314264,0.04381789512408918,0.06334152876990129,-0.026198365022942482,-0.001196527573620908,-0.0001325538720146147,-0.00102180336462904,-1.0,False,False,0.0007897763982214033
281,14.05,approach,0.0,0.0,0.0,transport,-0.06390143206336037,0.20345985704175618,0.8984041501882155,-0.06390143206336037,0.20345985704175618,0.8984041501882155,-0.13050888131245456,0.10971580993941915,1.1221179181806344,-0.13215730616507512,0.10730859921833721,1.1230735103944778,0.001648424852620567,0.002407210721081937,-0.000955592213843337,0.003070036551832399,0.04378397629600461,0.06332988983698967,-0.026192973666008257,-0.0011964725999266397,-0.00013605154646007415,-0.001022218338262868,-1.0,False,False,0.0007900392872106034
282,14.1,approach,0.0,0.0,0.0,transport,-0.06390143206336037,0.20345985704175618,0.8984041501882155,-0.06390143206336037,0.20345985704175618,0.8984041501882155,-0.1299699371965912,0.1104743257383665,1.1217642148290223,-0.13161679422220587,0.1080675119527309,1.1227196301668094,0.0016468570256146786,0.002406813785635606,-0.0009554153377870911,0.003068828624935065,0.04374737936967854,0.06331453040058582,-0.026185911309108967,-0.0011964058707638755,-0.00013956759662874882,-0.0010226349200560094,-1.0,False,False,0.00079030290915237
283,14.15,approach,0.0,0.0,0.0,transport,-0.06390143206336037,0.20345985704175618,0.8984041501882155,-0.06390143206336037,0.20345985704175618,0.8984041501882155,-0.12943138885177513,0.11123228452484579,1.1214107712177839,-0.13107657871444403,0.10882600537984634,1.1223659487193893,0.0016451898626688999,0.002406279144999454,-0.0009551775016054531,0.0030674408009709092,0.04370810740861486,0.06329545144229787,-0.026177178980510973,-0.001196327287448134,-0.00014310192848413414,-0.0010230530837790914,-1.0,False,False,0.0007905672795215394
284,14.2,approach,0.0,0.0,0.0,transport,-0.06390143206336037,0.20345985704175618,0.8984041501882155,-0.06390143206336037,0.20345985704175618,0.8984041501882155,-0.12889327052799865,0.11198963809504602,1.1210576098248282,-0.13053667059494195,0.10958403762857014,1.122012446779987,0.0016434000669433013,0.0024056004664758796,-0.0009548369551588554,0.0030658426240228395,0.04366616372890764,0.06327265430399354,-0.026166777891223347,-0.0011962367584039534,-0.00014665445380600796,-0.0010234728051210812,-1.0,False,False,0.0007908533530683302
285,14.25,approach,0.0,0.0,0.0,transport,-0.06390143206336037,0.20345985704175618,0.8984041501882155,-0.06390143206336037,0.20345985704175618,0.8984041501882155,-0.1283556164340337,0.11274633830317025,1.1207047531010124,-0.1299971492180507,0.11034155266171332,1.1216591077006624,0.0016415327840169913,0.0024047856414569357,-0.0009543545996499869,0.003064052310949196,0.043621083218164936,0.06324601349200237,-0.02615387357949306,-0.0011962959633873098,-0.00014945549601304446,-0.001023882379442291,-1.0,False,False,0.000791160691812148
286,14.3,approach,0.0,0.0,0.0,transport,-0.06390143206336037,0.20345985704175618,0.8984041501882155,-0.06390143206336037,0.20345985704175618,0.8984041501882155,-0.12781846073413422,0.11350233706607665,1.120352223467977,-0.1294580870700746,0.11109849559487373,1.1213059314097735,0.0016396263359403918,0.0024038414712029277,-0.0009537079417965,0.0030620886953891596,0.04357376967832949,0.06321568808726669,-0.026137684653706472,-0.001196540119108687,-0.00015129475403350423,-0.0010242766236910892,-1.0,False,False,0.0007914915159128549
287,14.35,approach,0.0,0.0,0.0,transport,-0.06390143206336037,0.20345985704175618,0.8984041501882155,-0.06390143206336037,0.20345985704175618,0.8984041501882155,-0.12728183754473846,0.11425758636791969,1.1200000433159811,-0.12891954097746539,0.11185481468913797,1.120952900499067,0.001637703432726928,0.0024027716787817233,-0.0009528571830859089,0.0030599544253598807,0.043524990506723094,0.06318181546091928,-0.02611776187584791,-0.0011970057462575914,-0.00015199820951728962,-0.0010246507047662447,-1.0,False,False,0.0007918612039269305
288,14.4,approach,0.0,0.0,0.0,transport,-0.06390143206336037,0.20345985704175618,0.8984041501882155,-0.06390143206336037,0.20345985704175618,0.8984041501882155,-0.12674578093117156,0.11501203826479091,1.1196482350017394,-0.12838159843916247,0.11261045055406306,1.1206000148479673,0.001635817507990911,0.0024015877107278483,-0.0009517798462279625,0.003057680056424208,0.043475200925876534,0.06314447151305885,-0.026093309946553234,-0.0011978108412057042,-0.0001510355195803038,-0.0010249946954270653,-1.0,False,False,0.000792273464441614
289,14.45,approach,0.0,0.0,0.0,transport,-0.06390143206336037,0.20345985704175618,0.8984041501882155,-0.06390143206336037,0.20345985704175618,0.8984041501882155,-0.12621032490434772,0.11576564488936059,1.1192968208462568,-0.12784431769596133,0.11336534926161858,1.120247291911338,0.0016339927916136088,0.002400295627742008,-0.000950471065081171,0.003055281785557458,0.04342547069629499,0.06310388670595052,-0.026063880034210563,-0.0011989680994319476,-0.00014836234349007352,-0.0010253063354002773,-1.0,False,False,0.0007927401188539239
290,14.5,approach,0.0,0.0,0.0,transport,-0.06390143206336037,0.20345985704175618,0.8984041501882155,-0.06390143206336037,0.20345985704175618,0.8984041501882155,-0.12567550341747263,0.11651835845551836,1.118945823132665,-0.12730774223357552,0.11411945987673695,1.119894731599981,0.0016322388161028878,0.0023988985787814082,-0.0009489084673159898,0.003052760263010576,0.04337628556977391,0.06306018387799567,-0.026029375573459745,-0.001200506552155846,-0.0001439041371437931,-0.0010255843220846918,-1.0,False,False,0.0007932852902597687
291,14.55,approach,0.0,0.0,0.0,transport,-0.06390143206336037,0.20345985704175618,0.8984041501882155,-0.06390143206336037,0.20345985704175618,0.8984041501882155,-0.12514135036274587,0.11727013126301472,1.1185952641040577,-0.12677193468932235,0.11487272687916182,1.1195423488044158,0.0016305843265764786,0.0023974043838528997,-0.0009470847003580918,0.0030501348257816977,0.04332783741659296,0.06301342772555535,-0.02598934991846491,-0.0012025097080425604,-0.00013733669273163106,-0.0010258241768758595,-1.0,False,False,0.0007939238509325618
292,14.6,approach,0.0,0.0,0.0,transport,-0.06390143206336037,0.20345985704175618,0.8984041501882155,-0.06390143206336037,0.20345985704175618,0.8984041501882155,-0.12460789956806338,0.11802091570210169,1.1182451659613273,-0.1262369287503543,0.11562510110627909,1.1191901719924877,0.0016290291822909225,0.0023958145958225957,-0.0009450060311604336,0.003047408744038386,0.043280702425179396,0.0629637764587973,-0.025943656861771025,-0.0012049721311847455,-0.00012872452299605934,-0.0010260275262223152,-1.0,False,False,0.0007946794458590046
293,14.65,approach,0.0,0.0,0.0,transport,-0.06390143206336037,0.20345985704175618,0.8984041501882155,-0.06390143206336037,0.20345985704175618,0.8984041501882155,-0.12407518479371944,0.11877066425817462,1.1178955508609993,-0.12570275252854934,0.11637653498255901,1.1188382131072014,0.0016275677348299017,0.0023941292756156085,-0.0009426622462020973,0.003044576133098635,0.043234879132697246,0.06291126303791056,-0.02589242262976743,-0.0012079095831291184,-0.00011806408476782034,-0.0010261953993055488,-1.0,False,False,0.0007955860699927763
294,14.7,approach,0.0,0.0,0.0,transport,-0.06390143206336037,0.20345985704175618,0.8984041501882155,-0.06390143206336037,0.20345985704175618,0.8984041501882155,-0.12354323972910967,0.1195193295164124,1.11754644091307,-0.12516944938544142,0.11712697775040494,1.1184864931156806,0.0016262096563317424,0.0023923517660074667,-0.0009400522026106195,0.003041644779111908,0.04319025598879339,0.06285589067706793,-0.02583544388262915,-0.001211371174323848,-0.0001051862824343275,-0.0010263257295182215,-1.0,False,False,0.0007966699860340999
295,14.75,approach,0.0,0.0,0.0,transport,-0.06390143206336037,0.20345985704175618,0.8984041501882155,-0.06390143206336037,0.20345985704175618,0.8984041501882155,-0.12301209798943277,0.12026686416641955,1.1171978581788402,-0.12463704090897693,0.11787638392984319,1.1181350424790504,0.0016249429195441534,0.002390480236576356,-0.0009371843002101699,0.0030386098245413565,0.04314702792017289,0.06279772832029212,-0.025772698736807875,-0.0012153447807983734,-9.017649714581495e-05,-0.0010264197629327662,-1.0,False,False,0.0007979671942837471
296,14.8,approach,0.0,0.0,0.0,transport,-0.06390143206336037,0.20345985704175618,0.8984041501882155,-0.06390143206336037,0.20345985704175618,0.8984041501882155,-0.12248179311239338,0.12101322100686641,1.1168498246687524,-0.12410555378516872,0.11862470724884276,1.117783875715488,0.0016237606727753373,0.0023885137580236526,-0.0009340510467357177,0.0030354650471761616,0.04310495593167096,0.06273674154046449,-0.02570435620596001,-0.0012198432306853373,-7.303135779547506e-05,-0.0010264772213459045,-1.0,False,False,0.0007995223034343813
297,14.85,approach,0.0,0.0,0.0,transport,-0.06390143206336037,0.20345985704175618,0.8984041501882155,-0.06390143206336037,0.20345985704175618,0.8984041501882155,-0.12195235855490406,0.12175835295013114,1.1165023623402266,-0.12357502736735873,0.11937189872713584,1.1174330157577999,0.0016226688124546668,0.002386454222995299,-0.0009306534175732573,0.0030322159581741403,0.043063904605293024,0.06267291402576758,-0.02563026750523001,-0.0012248968460462915,-5.365110397985191e-05,-0.0010264954604593563,-1.0,False,False,0.0008013718081090574
298,14.9,approach,0.0,0.0,0.0,transport,-0.06390143206336037,0.20345985704175618,0.8984041501882155,-0.06390143206336037,0.20345985704175618,0.8984041501882155,-0.12142382768978795,0.12250221302694014,1.116155493095495,-0.12304548003218595,0.1201179145133303,1.1170824909252892,0.001621652342398,0.002384298513609842,-0.0009269978297941073,0.003028854684208209,0.043023993551415673,0.06260628599608603,-0.02555045324609484,-0.001230489747142912,-3.2128413651695574e-05,-0.0010264744743734826,-1.0,False,False,0.0008035680688870994
299,14.95,approach,0.0,0.0,0.0,transport,-0.06390143206336037,0.20345985704175618,0.8984041501882155,-0.06390143206336037,0.20345985704175618,0.8984041501882155,-0.12089623380248112,0.12324475439100942,1.1158092387794396,-0.12251694733289478,0.12086270683092572,1.1167323138424152,0.0016207135304136672,0.0023820475600837,-0.0009230750629756201,0.0030253810500586674,0.04298492459409664,0.06253679755358232,-0.025465042916992253,-0.0012366463062635743,-8.407267870322196e-06,-0.0010264120987163892,-1.0,False,False,0.0008061659579970936
300,15.0,approach,0.0,0.0,0.0,transport,-0.06390143206336037,0.20345985704175618,0.8984041501882155,-0.06390143206336037,0.20345985704175618,0.8984041501882155,-0.12036961008773464,0.12398593032368593,1.1154636211774258,-0.12198946481584222,0.12160622803956929,1.1163825087513537,0.0016198547281075781,0.0023797022841166443,-0.0009188875739278846,0.003021798582751922,0.04294674490320283,0.06246446985520432,-0.02537385329978825,-0.0012433834636205354,1.7561874131421567e-05,-0.001026305680733318,-1.0,False,False,0.0008092178760334073
301,15.05,approach,0.0,0.0,0.0,transport,-0.06390143206336037,0.20345985704175618,0.8984041501882155,-0.06390143206336037,0.20345985704175618,0.8984041501882155,-0.1198439896463174,0.12472569423858827,1.11511866201314,-0.1214630608899119,0.12234843220611005,1.1160330968142667,0.0016190712435945054,0.0023772620324782195,-0.00091443480112674,0.0030181049465531897,0.04290950339049637,0.06238932398037966,-0.025276934764275616,-0.0012506996170076137,4.57388845127396e-05,-0.001026154328563016,-1.0,False,False,0.0008127898328169536
302,15.1,approach,0.0,0.0,0.0,transport,-0.06390143206336037,0.20345985704175618,0.8984041501882155,-0.06390143206336037,0.20345985704175618,0.8984041501882155,-0.11931940548171811,0.12546399968624816,1.1147743829464243,-0.12093777761002869,0.12308927000987266,1.1156840965559902,0.0016183721283105773,0.0023747296763755033,-0.000909713609565932,0.003014307255901509,0.04287310816387585,0.06231134960276219,-0.02517427735684752,-0.0012586184618830337,7.618205051153915e-05,-0.0010259557066021364,-1.0,False,False,0.000816939168144649
303,15.15,approach,0.0,0.0,0.0,transport,-0.06390143206336037,0.20345985704175618,0.8984041501882155,-0.06390143206336037,0.20345985704175618,0.8984041501882155,-0.11879589049684787,0.12620080035875136,1.114430805571113,-0.12041363660400474,0.12382869727510581,1.1153355321395926,0.00161774610715687,0.0023721030836455492,-0.0009047265684796191,0.003010399586495925,0.04283774226361642,0.0622306069775741,-0.025065819697545066,-0.001267135403480854,0.00010884365166437817,-0.0010257091919902346,-1.0,False,False,0.0008217466587383174
304,15.2,approach,0.0,0.0,0.0,transport,-0.06390143206336037,0.20345985704175618,0.8984041501882155,-0.06390143206336037,0.20345985704175618,0.8984041501882155,-0.11827347749074248,0.12693605009437883,1.1140879514128685,-0.11989068273883365,0.12456666410437581,1.114987416226836,0.0016172052480911692,0.0023693859900030256,-0.000899464813967521,0.0030063898176453875,0.042803182265245265,0.062147056385460364,-0.024951614534480804,-0.0012762887982550675,0.00014382894922648003,-0.0010254123177548611,-1.0,False,False,0.0008272806744010985
305,15.25,approach,0.0,0.0,0.0,transport,-0.06390143206336037,0.20345985704175618,0.8984041501882155,-0.06390143206336037,0.20345985704175618,0.8984041501882155,-0.11775219915526482,0.1276697028822479,1.113745841927016,-0.11936894886021564,0.12530312373839628,1.1146397712471534,0.0016167497049508206,0.0023665791438516326,-0.0008939293201373211,0.003002280147150373,0.042769671671376575,0.06206077555744205,-0.024831485996399394,-0.0012860828088162328,0.00018112943487271198,-0.0010250640924548016,-1.0,False,False,0.00083361874172074
306,15.3,approach,0.0,0.0,0.0,transport,-0.06390143206336037,0.20345985704175618,0.8984041501882155,-0.06390143206336037,0.20345985704175618,0.8984041501882155,-0.11723208807180721,0.12840171286695334,1.113404498496381,-0.11884847148369332,0.1260380284785848,1.1142926150979964,0.0016163834118861076,0.0023636843883685366,-0.000888116601615474,0.0029980744353839406,0.042737215768168524,0.06197178257114133,-0.024705455015450184,-0.0012965355801449062,0.00022077435227052132,-0.0010246633598358648,-1.0,False,False,0.0008408400886749153
307,15.35,approach,0.0,0.0,0.0,transport,-0.06390143206336037,0.20345985704175618,0.8984041501882155,-0.06390143206336037,0.20345985704175618,0.8984041501882155,-0.11671317670799382,0.12913203435320847,1.1130639424291227,-0.11832928823123104,0.12677133040838764,1.1139459672362384,0.0016161115232372208,0.0023607039448208245,-0.0008820248071157444,0.0029937781031666826,0.04270589551399001,0.06188011749247324,-0.024573453377474408,-0.001307663868767726,0.0002627919918342028,-0.0010242088626049837,-1.0,False,False,0.0008490207049089628
308,15.4,approach,0.0,0.0,0.0,transport,-0.06390143206336037,0.20345985704175618,0.8984041501882155,-0.06390143206336037,0.20345985704175618,0.8984041501882155,-0.11619549741438297,0.1298606218104863,1.1127241949565727,-0.11781142938193699,0.1275029836234168,1.1135998467814523,0.001615931967554024,0.002357638187069494,-0.0008756518248795864,0.0029893912529654425,0.042675816336961436,0.06178582804197308,-0.024435445593313787,-0.0013194777594037043,0.0003071832350520292,-0.001023699922828169,-1.0,False,False,0.0008582511848832976
309,15.45,approach,0.0,0.0,0.0,transport,-0.06390143206336037,0.20345985704175618,0.8984041501882155,-0.06390143206336037,0.20345985704175618,0.8984041501882155,-0.11567908242116959,0.13058742987766067,1.1123852772310685,-0.11729493766108584,0.12823293909792105,1.113254271171965,0.001615855239916253,0.002354490779739621,-0.0008689939408965675,0.0029849230237241706,0.04264693921534807,0.06168892508487733,-0.024291391007675855,-0.0013320073979854504,0.0003540225351786651,-0.0010231347524700925,-1.0,False,False,0.0008686004138366056
310,15.5,approach,0.0,0.0,0.0,transport,-0.06390143206336037,0.20345985704175618,0.8984041501882155,-0.06390143206336037,0.20345985704175618,0.8984041501882155,-0.11516396383488746,0.13131241336764735,1.1120472103237906,-0.1167798391219324,0.1289611523535623,1.1129092595675512,0.001615875287044946,0.002351261014085032,-0.0008620492437605431,0.0029803708155709224,0.042619476523967637,0.06158948539452591,-0.024141216963489143,-0.0013452521442368487,0.00040327422149840367,-0.001022513220633116,-1.0,False,False,0.0008801686125831183
311,15.55,approach,0.0,0.0,0.0,transport,-0.06390143206336037,0.20345985704175618,0.8984041501882155,-0.06390143206336037,0.20345985704175618,0.8984041501882155,-0.11465017363511194,0.13203552727204493,1.1117100152225974,-0.11626618009530415,0.12968757369282619,1.1125648285725385,0.001616006460192207,0.0023479535792187423,-0.0008548133499410859,0.002975746755486184,0.042593309736409235,0.06148749836965228,-0.02398488689907552,-0.0013592537063194777,0.0004550539404001228,-0.0010218328725819356,-1.0,False,False,0.0008930145213350595
312,15.6,approach,0.0,0.0,0.0,transport,-0.06390143206336037,0.20345985704175618,0.8984041501882155,-0.06390143206336037,0.20345985704175618,0.8984041501882155,-0.11413774367116158,0.13275672676577668,1.1113737128298617,-0.11575398652665211,0.1304121587707198,1.1122210038878007,0.0016162428554905295,0.00234456799505689,-0.0008472910579389037,0.002971050687590586,0.042568728482851315,0.06138306145900996,-0.023822314853534365,-0.001374002863908565,0.0005092966727096873,-0.0010210939087072464,-1.0,False,False,0.000907216306516471
313,15.65,approach,0.0,0.0,0.0,transport,-0.06390143206336037,0.20345985704175618,0.8984041501882155,-0.06390143206336037,0.20345985704175618,0.8984041501882155,-0.11362670565880152,0.13347596721173055,1.1110383239603063,-0.1152433014653153,0.13113485836465913,1.1118778155414353,0.0016165958065137848,0.0023411088470714214,-0.0008394915811289483,0.002966297144633426,0.042545617357011845,0.06127616882021514,-0.023653598549886468,-0.0013895211146366985,0.0005660338018878302,-0.0010202953074168024,-1.0,False,False,0.0009227783837210791
314,15.7,approach,0.0,0.0,0.0,transport,-0.06390143206336037,0.20345985704175618,0.8984041501882155,-0.06390143206336037,0.20345985704175618,0.8984041501882155,-0.11311709117694495,0.13419320416540126,1.11070386933884,-0.1147341369560143,0.13185563174432155,1.1115352883698018,0.0016170457790693482,0.002337572421079709,-0.0008314190309617331,0.0029614758956378142,0.042524205767407175,0.06116691601484259,-0.023478924051905103,-0.0014057578148504602,0.0006250325053577774,-0.0010194405892863928,-1.0,False,False,0.000939783011111817
315,15.75,approach,0.0,0.0,0.0,transport,-0.06390143206336037,0.20345985704175618,0.8984041501882155,-0.06390143206336037,0.20345985704175618,0.8984041501882155,-0.11260893166435602,0.13490839337953084,1.1103703695983922,-0.11422652932750699,0.13257443169554337,1.1111934544674773,0.001617597663150963,0.0023339616839874733,-0.0008230848690851111,0.002956597376016889,0.04250410583316544,0.06105523270418578,-0.023298375428191243,-0.0014227542019739513,0.0006863962528962662,-0.001018527906673648,-1.0,False,False,0.0009582116099196326
316,15.8,approach,0.0,0.0,0.0,transport,-0.06390143206336037,0.20345985704175618,0.8984041501882155,-0.06390143206336037,0.20345985704175618,0.8984041501882155,-0.11210225841635198,0.13562149080875016,1.1100378452777508,-0.11372049404187043,0.13329121712683414,1.1108523357227285,0.0016182356255184521,0.0023302736819160175,-0.0008144904449776114,0.002951653207490229,0.0424854182231002,0.06094118226413592,-0.023112183794529173,-0.0014404568876657067,0.0007498873285533279,-0.0010175612545643997,-1.0,False,False,0.0009781218248197249
317,15.85,approach,0.0,0.0,0.0,transport,-0.06390143206336037,0.20345985704175618,0.8984041501882155,-0.06390143206336037,0.20345985704175618,0.8984041501882155,-0.1115971025815057,0.13633245261421958,1.1097063168193961,-0.11321605963846695,0.1340059436554509,1.1105119629791338,0.0016189570569612594,0.0023265089587686805,-0.0008056461597376607,0.0029466475225611278,0.042467829207294694,0.060824709747708816,-0.022920378066646485,-0.001458894749685568,0.0008155755720488562,-0.001016539134697597,-1.0,False,False,0.0009994996835351166
318,15.9,approach,0.0,0.0,0.0,transport,-0.06390143206336037,0.20345985704175618,0.8984041501882155,-0.06390143206336037,0.20345985704175618,0.8984041501882155,-0.11109349515834785,0.1370412351682706,1.1093758045673379,-0.11271325329389156,0.13471856762826084,1.1101723584555119,0.001619758135543714,0.0023226675400097596,-0.000796553888174012,0.0029415810401619354,0.04245128960238209,0.06070583025639398,-0.022723168235918578,-0.0014780366187598314,0.0008833116674083006,-0.0010154637961899804,-1.0,False,False,0.0010223517350190611
319,15.95,approach,0.0,0.0,0.0,transport,-0.06390143206336037,0.20345985704175618,0.8984041501882155,-0.06390143206336037,0.20345985704175618,0.8984041501882155,-0.11059146699206945,0.1377477950590465,1.10904632876495,-0.11221209243706508,0.13542904842600195,1.1098335483944792,0.0016206254449956242,0.002318746633044544,-0.0007872196295293232,0.0029364481140212503,0.04243572603644219,0.06058454861571305,-0.022520593811239387,-0.0014978766314261785,0.000953048727337391,-0.0010143352506611814,-1.0,False,False,0.0010467027855618168
320,16.0,approach,0.0,0.0,0.0,transport,-0.06390143206336037,0.20345985704175618,0.8984041501882155,-0.06390143206336037,0.20345985704175618,0.8984041501882155,-0.11009104877122423,0.13845208909514367,1.1087179095528075,-0.11171261473878027,0.1361373402457055,1.1094955484276618,0.0016215659675560407,0.002314748849438164,-0.0007776388748543805,0.00293125581326435,0.042420873316816876,0.06046081338283438,-0.022312776833435244,-0.0015184307071969855,0.001024810837698339,-0.0010131524167610506,-1.0,False,False,0.0010725463587041985
321,16.05,approach,0.0,0.0,0.0,transport,-0.06390143206336037,0.20345985704175618,0.8984041501882155,-0.06390143206336037,0.20345985704175618,0.8984041501882155,-0.10959227102443081,0.13915407431025287,1.1083905669665215,-0.11121484866713874,0.13684339992298006,1.1091583872408963,0.0016225776427079286,0.0023106743872728097,-0.0007678202743748308,0.0029260079125585483,0.042406874286989305,0.06033468129094721,-0.02209962922280706,-0.001539688735717392,0.0010985488546055462,-0.0010119149062190766,-1.0,False,False,0.001099862661794235
322,16.1,approach,0.0,0.0,0.0,transport,-0.06390143206336037,0.20345985704175618,0.8984041501882155,-0.06390143206336037,0.20345985704175618,0.8984041501882155,-0.10909516411707536,0.13985370796779997,1.1080643209345755,-0.11071882428778602,0.13754718400170002,1.1088220808104297,0.0016236601707106668,0.002306523966099955,-0.000757759875854136,0.002920706281980462,0.04239369100126761,0.0602061608963983,-0.021881326126416134,-0.0015616384684231008,0.001174187983021716,-0.0010106232600256854,-1.0,False,False,0.0011286651909150137
323,16.15,approach,0.0,0.0,0.0,transport,-0.06390143206336037,0.20345985704175618,0.8984041501882155,-0.06390143206336037,0.20345985704175618,0.8984041501882155,-0.10859975824801363,0.1405509475655876,1.1077391912761605,-0.11022457032513515,0.13824864969334322,1.1084866490686116,0.0016248120771215208,0.0023022978722443688,-0.0007474577924511117,0.0029153529683379315,0.04238132079544793,0.06007527127775136,-0.021657790685383205,-0.0015842952862756322,0.0012517632732307205,-0.001009275783127894,-1.0,False,False,0.0011589653803340974
324,16.2,approach,0.0,0.0,0.0,transport,-0.06390143206336037,0.20345985704175618,0.8984041501882155,-0.06390143206336037,0.20345985704175618,0.8984041501882155,-0.10810608344627369,0.1412457508404356,1.1074151976990119,-0.10973212801898945,0.1389477509300408,1.1081521039261948,0.0016260445727157569,0.00229799991039481,-0.0007369062271829208,0.0029099579598842813,0.04236973757722917,0.05994202294184792,-0.021429027391994815,-0.0016076753153139967,0.0013313071829724936,-0.0010078711605893485,-1.0,False,False,0.0011907612819255274
325,16.25,approach,0.0,0.0,0.0,transport,-0.06390143206336037,0.20345985704175618,0.8984041501882155,-0.06390143206336037,0.20345985704175618,0.8984041501882155,-0.10761416956775803,0.14193807577282286,1.1070923597972442,-0.10924152798762411,0.1396444448638116,1.1078184634686157,0.0016273584198660818,0.002293630909011246,-0.0007261036713714919,0.002904524869072383,0.04235916902462833,0.0598064968556411,-0.02119488257901203,-0.0016317834930862096,0.0014128250788694229,-0.0010064082920667337,-1.0,False,False,0.0012240756033322054
326,16.3,approach,0.0,0.0,0.0,transport,-0.06390143206336037,0.20345985704175618,0.8984041501882155,-0.06390143206336037,0.20345985704175618,0.8984041501882155,-0.10712404629194608,0.14262788059152776,1.106770697049187,-0.1087528139291296,0.14033868519500822,1.1074857334438553,0.0016287676371835175,0.0022891953965195333,-0.0007150363946681892,0.0028990647845611667,0.04234963391356067,0.05966871455432288,-0.02095532838857217,-0.0016566467276587045,0.0014963861483902614,-0.0010048852896405007,-1.0,False,False,0.0012589335699328497
327,16.35,approach,0.0,0.0,0.0,transport,-0.06390143206336037,0.20345985704175618,0.8984041501882155,-0.06390143206336037,0.20345985704175618,0.8984041501882155,-0.10663574311859646,0.14331512377826983,1.1064502288152223,-0.10826601995859512,0.14103042909217345,1.107153914089955,0.0016302768399986678,0.002284694686096378,-0.000703685274732635,0.0028935800230145033,0.042341416210662786,0.05952877166523207,-0.020710092572659988,-0.0016822903132093236,0.0015820695681566898,-0.0010032996150752056,-1.0,False,False,0.0012954491351593596
328,16.4,approach,0.0,0.0,0.0,transport,-0.06390143206336037,0.20345985704175618,0.8984041501882155,-0.06390143206336037,0.20345985704175618,0.8984041501882155,-0.10614928936444946,0.14399976407235052,1.1061309743356174,-0.10778120926558939,0.14171962562062268,1.1068230033541206,0.0016319199011399221,0.0022801384517278367,-0.0006920290185032929,0.0028880959272910203,0.04233461188291321,0.05938669960354137,-0.020458795086750747,-0.00170880158078962,0.0016701672681238733,-0.0010016447978795,-1.0,False,False,0.0013336471684690344
329,16.45,approach,0.0,0.0,0.0,transport,-0.06390143206336037,0.20345985704175618,0.8984041501882155,-0.06390143206336037,0.20345985704175618,0.8984041501882155,-0.10566471415992937,0.1446817604752945,1.1058129527283636,-0.10729842816064848,0.14240622759396315,1.1064930370087709,0.0016337140007191137,0.002275532881331338,-0.0006800842804073337,0.002882635245504175,0.04232990211320037,0.059242697093436214,-0.020201012515141947,-0.0017362000120072435,0.0017607477803027083,-0.000999917922795179,-1.0,False,False,0.001373438479769043
330,16.5,approach,0.0,0.0,0.0,transport,-0.06390143206336037,0.20345985704175618,0.8984041501882155,-0.06390143206336037,0.20345985704175618,0.8984041501882155,-0.1051820464458468,0.14536107225549075,1.1054961829870105,-0.10681770958836506,0.1430901902675892,1.1061640559106392,0.0016356631425182566,0.0022708819879015407,-0.0006678729236286873,0.0028772127416798157,0.042327634296033534,0.059096893230551895,-0.019937080435208365,-0.0017644387233305742,0.0018536020225788598,-0.0009981225197060396,-1.0,False,False,0.0014146944883270348
331,16.55,approach,0.0,0.0,0.0,transport,-0.06390143206336037,0.20345985704175618,0.8984041501882155,-0.06390143206336037,0.20345985704175618,0.8984041501882155,-0.10470131497010121,0.14603765895283352,1.1051806839785014,-0.10633905423522222,0.14377147780707714,1.1058361064759235,0.0016377392651210076,0.002266181145756385,-0.0006554224974220091,0.0028718192032277596,0.04232789236527701,0.05894937370488629,-0.01966743864275422,-0.0017934512638072145,0.0019484433637989532,-0.000996264524926833,-1.0,False,False,0.001457340947678833
332,16.6,approach,0.0,0.0,0.0,transport,-0.06390143206336037,0.20345985704175618,0.8984041501882155,-0.06390143206336037,0.20345985704175618,0.8984041501882155,-0.10422254828438303,0.14671148038336376,1.1048664744410108,-0.1058624768473139,0.14445005039312378,1.1055092301381089,0.0016399285629308674,0.0022614299902399826,-0.0006427556970980408,0.002866455333408371,0.042330119016783796,0.05880005152573253,-0.019392640698252528,-0.0018232149732059844,0.002045123021395904,-0.0009943488019602312,-1.0,False,False,0.001501217498845984
333,16.65,approach,0.0,0.0,0.0,transport,-0.06390143206336037,0.20345985704175618,0.8984041501882155,-0.06390143206336037,0.20345985704175618,0.8984041501882155,-0.10374577474087628,0.1473824966439099,1.1045535729817786,-0.10538796619873401,0.1451258766608087,1.1051834741129822,0.001642191457857739,0.002256619983101199,-0.0006299011312036473,0.0028611015304396688,0.042334042128752414,0.058648925015722386,-0.019113143126605614,-0.0018536460973897805,0.0021433120841620927,-0.000992383681285596,-1.0,False,False,0.001546230750883295
334,16.7,approach,0.0,0.0,0.0,transport,-0.06390143206336037,0.20345985704175618,0.8984041501882155,-0.06390143206336037,0.20345985704175618,0.8984041501882155,-0.10327102248896085,0.14805066811672915,1.1042419980749465,-0.10491553256185515,0.14579891960870886,1.1048588804536994,0.0016445100728943035,0.0022517485080202904,-0.0006168823787529032,0.00285575359448925,0.04233887419546334,0.058495829118409004,-0.018829520760714757,-0.0018847098038810247,0.002242843095973738,-0.000990374647245256,-1.0,False,False,0.001592196379002932
335,16.75,approach,0.0,0.0,0.0,transport,-0.06390143206336037,0.20345985704175618,0.8984041501882155,-0.06390143206336037,0.20345985704175618,0.8984041501882155,-0.10279831947191478,0.14871595547414865,1.1039317680593939,-0.10444516867269242,0.14646914822280283,1.1045354994256664,0.0016468492007776364,0.0022468072513458226,-0.0006037313662725641,0.002850394126682036,0.04234426179880735,0.05834071730879575,-0.018542247886110808,-0.001916306277442349,0.0023433591280335024,-0.0009883296440648273,-1.0,False,False,0.0016389657463654816
336,16.8,approach,0.0,0.0,0.0,transport,-0.06390143206336037,0.20345985704175618,0.8984041501882155,-0.06390143206336037,0.20345985704175618,0.8984041501882155,-0.10232769342361676,0.1493783196832065,1.1036229011365735,-0.10397687109145956,0.14713653096700022,1.104213376101652,0.0016491776678427966,0.0022417887162062833,-0.0005904749650784691,0.0028450069090611434,0.04234950498151313,0.05818342920807351,-0.01825196578185917,-0.0019483632767768673,0.002444589355472941,-0.000986254681029774,-1.0,False,False,0.001686389190375829
337,16.85,approach,0.0,0.0,0.0,transport,-0.06390143206336037,0.20345985704175618,0.8984041501882155,-0.06390143206336037,0.20345985704175618,0.8984041501882155,-0.10185917186524847,0.15003772201029283,1.103315415368347,-0.1035106505498741,0.1478010323283693,1.103892561914826,0.0016514786846256319,0.0022366896819235316,-0.0005771465464790015,0.00283958812420193,0.042353984524221844,0.05802382086585234,-0.017959214666096734,-0.0019808059452332996,0.002546268028963572,-0.0009841549358064283,-1.0,False,False,0.001734217007976413
338,16.9,approach,0.0,0.0,0.0,transport,-0.06390143206336037,0.20345985704175618,0.8984041501882155,-0.06390143206336037,0.20345985704175618,0.8984041501882155,-0.10139278210199686,0.15069412402579113,1.1030093286748217,-0.10304649645689457,0.14846262330420043,1.1035731167536167,0.001653714354897709,0.0022315007215907012,-0.00056378807879498,0.0028341177879272943,0.04235736895754488,0.05786183394843658,-0.01766466480008777,-0.00201349328959497,0.0026479195660590407,-0.0009820393410940212,-1.0,False,False,0.001782243407472521
339,16.95,approach,0.0,0.0,0.0,transport,-0.06390143206336037,0.20345985704175618,0.8984041501882155,-0.06390143206336037,0.20345985704175618,0.8984041501882155,-0.10092855121975661,0.15134748760871924,1.1027046588321847,-0.10258440333224467,0.14912127327213387,1.1032551005898135,0.0016558521124880599,0.002226214336585375,-0.0005504417576287501,0.0028285796116409483,0.04235890474275916,0.057697286090376276,-0.01736915842863951,-0.0020463180070267053,0.002749166147832139,-0.0009799154859726938,-1.0,False,False,0.0018302151492341626
340,17.0,approach,0.0,0.0,0.0,transport,-0.06390143206336037,0.20345985704175618,0.8984041501882155,-0.06390143206336037,0.20345985704175618,0.8984041501882155,-0.10046650608183262,0.1519977749513702,1.1024014234705408,-0.10212438293216689,0.14977694417263449,1.1029386320615258,0.001657876850334264,0.0022208307787357218,-0.0005372085909849389,0.0028229838945488506,0.042357945008240916,0.05753003358472675,-0.01707354238545289,-0.00207914078478916,0.002849534008306844,-0.0009777931798054017,-1.0,False,False,0.0018774306277643173
341,17.05,approach,0.0,0.0,0.0,transport,-0.06390143206336037,0.20345985704175618,0.8984041501882155,-0.06390143206336037,0.20345985704175618,0.8984041501882155,-0.10000667332564213,0.15264494856395386,1.1020996400717462,-0.10166650394028613,0.15042957165214807,1.1026240077364131,0.0016598306146440034,0.0022153769118057887,-0.0005243676646669027,0.0028174268363916504,0.04235419213049513,0.05736008782638746,-0.016779839795590945,-0.002111542369206898,0.0029476051301382173,-0.0009757027560159187,-1.0,False,False,0.0019217274135835242
342,17.1,approach,0.0,0.0,0.0,transport,-0.06390143206336037,0.20345985704175618,0.8984041501882155,-0.06390143206336037,0.20345985704175618,0.8984041501882155,-0.0995490793594172,0.15328897127923774,1.1017993259672458,-0.10121056399091652,0.15107916427318777,1.1023116723290394,0.001661484631499316,0.002209807006049974,-0.0005123463617935364,0.0028118102672724985,0.04234849161737858,0.05718799254179341,-0.016493635383345584,-0.0021421922412162607,0.0030389121948845932,-0.000973740253829658,-1.0,False,False,0.001960932269479444
343,17.15,approach,0.0,0.0,0.0,transport,-0.06390143206336037,0.20345985704175618,0.8984041501882155,-0.06390143206336037,0.20345985704175618,0.8984041501882155,-0.0990937503589071,0.15392980625718816,1.1015004983359087,-0.10075608494045328,0.15172581545877628,1.1020019698159504,0.0016623345815461738,0.002203990798411881,-0.0005014714800417597,0.0028057807016557456,0.042336272640188244,0.05701283968000792,-0.016223479862613743,-0.002169821498521056,0.0031189879964131973,-0.0009720133768263875,-1.0,False,False,0.001994237180792937
344,17.2,approach,0.0,0.0,0.0,transport,-0.06390143206336037,0.20345985704175618,0.8984041501882155,-0.06390143206336037,0.20345985704175618,0.8984041501882155,-0.09864071226408076,0.15456741698961132,1.1012031742018633,-0.10030269059097789,0.15236959873737302,1.101695058896147,0.0016619783268971289,0.002197818252238304,-0.0004918846942836286,0.002799022611809006,0.042307453527450356,0.056832030616700835,-0.015975912281742666,-0.002194037578275157,0.003186236413653913,-0.0009705793911113994,-1.0,False,False,0.0020213091650633764
345,17.25,approach,0.0,0.0,0.0,transport,-0.06390143206336037,0.20345985704175618,0.8984041501882155,-0.06390143206336037,0.20345985704175618,0.8984041501882155,-0.09818999077582896,0.15520176730479454,1.1009073704323336,-0.09985016330371727,0.15301055484439421,1.1013909829242938,0.001660172527888304,0.002191212460400327,-0.00048361249196027245,0.0027913197436604644,0.0422539963029786,0.05664337134843045,-0.015753769276267704,-0.0022146634169009525,0.003240085987312874,-0.00096946980754234,-1.0,False,False,0.002042083925901679
346,17.3,approach,0.0,0.0,0.0,transport,-0.06390143206336037,0.20345985704175618,0.8984041501882155,-0.06390143206336037,0.20345985704175618,0.8984041501882155,-0.09774161135266676,0.15583282137214732,1.1006131037354754,-0.09939842802273842,0.15364869343194976,1.1010897139280613,0.0016568166700716563,0.0021841279401975666,-0.0004766101925859356,0.002782555230908418,0.04217103902101005,0.05644533055506218,-0.015557583776368844,-0.0022316212527870426,0.003280537969248275,-0.0009686920347219036,-1.0,False,False,0.002056738949925329
347,17.35,approach,0.0,0.0,0.0,transport,-0.06390143206336037,0.20345985704175618,0.8984041501882155,-0.06390143206336037,0.20345985704175618,0.8984041501882155,-0.0972955992074362,0.15646054370684218,1.1003203906582113,-0.09894752501008197,0.1542839956125695,1.1007911747229597,0.0016519258026457678,0.0021765480942726734,-0.0004707840647484307,0.0027726987033844705,0.04205657630604431,0.05623700549784838,-0.015386465397000393,-0.0022449476660418126,0.003308087614564362,-0.0009682286628989414,-1.0,False,False,0.0020656708899532846
348,17.4,approach,0.0,0.0,0.0,transport,-0.06390143206336037,0.20345985704175618,0.8984041501882155,-0.06390143206336037,0.20345985704175618,0.8984041501882155,-0.0968519793040079,0.15708489917445648,1.1000292475840672,-0.09849758225554055,0.15491641708485518,1.100495251956003,0.0016456029515326404,0.002168482089601298,-0.0004660043719357798,0.00276178994886972,0.04191091412148129,0.0560180712377395,-0.015238542777851194,-0.002254805067433346,0.0033236625209679058,-0.0009680425904844059,-1.0,False,False,0.0020694590668237905
349,17.45,approach,0.0,0.0,0.0,transport,-0.06390143206336037,0.20345985704175618,0.8984041501882155,-0.06390143206336037,0.20345985704175618,0.8984041501882155,-0.09641077635398435,0.1577058529956128,1.0997396907310075,-0.09804878997785271,0.15554589226055157,1.1002018064435846,0.0016380136238683674,0.0021599607350612227,-0.0004621157125770381,0.002749921806305623,0.041736118031124037,0.0557887182151523,-0.015111224499908538,-0.0022614753836307316,0.0033285406886324298,-0.0009680853735014118,-1.0,False,False,0.002068819107219128
350,17.5,approach,0.0,0.0,0.0,transport,-0.06390143206336037,0.20345985704175618,0.8984041501882155,-0.06390143206336037,0.20345985704175618,0.8984041501882155,-0.09597201481340153,0.15832337075062047,1.0994517361492713,-0.0976013779654238,0.15617233925128488,1.0999106829068637,0.0016293631520222646,0.0021510314993355983,-0.00045894675759239334,0.0027372235784835796,0.041535503289023556,0.05554956980137804,-0.01500140588626575,-0.0022653402072022127,0.0033242545964509997,-0.0009683052809869599,-1.0,False,False,0.002064552538751565
351,17.55,approach,0.0,0.0,0.0,transport,-0.06390143206336037,0.20345985704175618,0.8984041501882155,-0.06390143206336037,0.20345985704175618,0.8984041501882155,-0.0955357188794319,0.1589374183841164,1.0991653997192083,-0.09715559599697889,0.15679566524820157,1.0996217193910995,0.0016198771175469917,0.002141753135914831,-0.00045631967189119216,0.0027238458132038696,0.04131318171983811,0.055301582656630544,-0.014905663753106424,-0.0022668533081169886,0.0033124908701012415,-0.0009686532176362758,-1.0,False,False,0.0020574972665144344
352,17.6,approach,0.0,0.0,0.0,transport,-0.06390143206336037,0.20345985704175618,0.8984041501882155,-0.06390143206336037,0.20345985704175618,0.8984041501882155,-0.09510191248708619,0.15954796220970668,1.0988806971491143,-0.09671169747964145,0.15741577183999672,1.0993347559905604,0.0016097849925552632,0.002132190369709963,-0.0004540588414461144,0.0027099470338800805,0.04107367019785396,0.05504593923010226,-0.014820444839704905,-0.0022665101213390783,0.0032949937623579797,-0.0009690861585777679,-1.0,False,False,0.002048482433579855
353,17.65,approach,0.0,0.0,0.0,transport,-0.06390143206336037,0.20345985704175618,0.8984041501882155,-0.06390143206336037,0.20345985704175618,0.8984041501882155,-0.09467061930591616,0.16015496891460718,1.0985976439730667,-0.09626992623975122,0.15803255984818826,1.0990496424789518,0.0015993069338350596,0.0021224090664189177,-0.00045199850588506507,0.0026956827638192986,0.04082156347450572,0.05478394149220911,-0.014742240349874258,-0.0022648178441741417,0.003273477989569476,-0.0009695685160191385,-1.0,False,False,0.002038290206796422
354,17.7,approach,0.0,0.0,0.0,transport,-0.06390143206336037,0.20345985704175618,0.8984041501882155,-0.06390143206336037,0.20345985704175618,0.8984041501882155,-0.09424186273671696,0.1607584055642848,1.0983162555487616,-0.09583050645282586,0.15864593342281186,1.0987662444602482,0.001588643716108895,0.0021124721414729486,-0.0004499889114866207,0.002681197013591597,0.04056127006068527,0.054516914321930954,-0.014667738603804104,-0.002262268519553984,0.003249555226286689,-0.0009700720824952651,-1.0,False,False,0.0020276256318231592
355,17.75,approach,0.0,0.0,0.0,transport,-0.06390143206336037,0.20345985704175618,0.8984041501882155,-0.06390143206336037,0.20345985704175618,0.8984041501882155,-0.09381566590822915,0.16135823960709902,1.0980365470553473,-0.09539363547114581,0.15925580323937993,1.098484447914172,0.0015779695629166562,0.0021024363677190905,-0.0004479008588247346,0.002666616170568078,0.0402968108919341,0.05424612368574333,-0.014593948098018394,-0.0022593166325520506,0.003224675931689604,-0.0009705752421942917,-1.0,False,False,0.0020170952561566285
356,17.8,approach,0.0,0.0,0.0,transport,-0.06390143206336037,0.20345985704175618,0.8984041501882155,-0.06390143206336037,0.20345985704175618,0.8984041501882155,-0.0933920516738416,0.16195443887894231,1.097758533491263,-0.09495947936578591,0.15986208873518712,1.09820416206355,0.0015674276919443175,0.002092350143755195,-0.0004456285722871378,0.0026520451576066625,0.0400316759460842,0.0539727127912476,-0.014518288458180706,-0.0022563620623533088,0.003200087814615287,-0.0009710619506302251,-1.0,False,False,0.0020071941176792885
357,17.85,approach,0.0,0.0,0.0,transport,-0.06390143206336037,0.20345985704175618,0.8984041501882155,-0.06390143206336037,0.20345985704175618,0.8984041501882155,-0.09297104260829345,0.16254697160788167,1.0974822296720723,-0.09452817086672698,0.16046471946297075,1.0979253206661932,0.0015571282584335294,0.0020822521449109233,-0.00044309099412087605,0.0026375655512743948,0.039768735149849355,0.0536976574538911,-0.014438647829555507,-0.0022537384279013124,0.0031768102857007174,-0.0009715206695960714,-1.0,False,False,0.0019983004986311916
358,17.9,approach,0.0,0.0,0.0,transport,-0.06390143206336037,0.20345985704175618,0.8984041501882155,-0.06390143206336037,0.20345985704175618,0.8984041501882155,-0.09255266100437659,0.16313580641879985,1.0972076502283,-0.09409980934341002,0.16106363561477796,1.0976478819074083,0.0015471483390334245,0.002072170804021889,-0.00044023167910833827,0.0026232353602574725,0.03951019724700772,0.05342173911658199,-0.014353408757865616,-0.0022517068848850836,0.0031556237946993378,-0.000971943466569503,-1.0,False,False,0.0019906774026871073
359,17.95,approach,0.0,0.0,0.0,transport,-0.06390143206336037,0.20345985704175618,0.8984041501882155,-0.06390143206336037,0.20345985704175618,0.8984041501882155,-0.09213692886963812,0.16372091233803618,1.0969348096032674,-0.09367446246816837,0.16165878785282983,1.0973718271082447,0.0015375335985302468,0.002062124485206346,-0.0004370175049772662,0.0026090901208569747,0.03925760947543794,0.053145534465164346,-0.014261446082817208,-0.0022504546725152248,0.003137072401096828,-0.000972325358872906,-1.0,False,False,0.0019844794603877574
360,18.0,approach,0.0,0.0,0.0,transport,-0.06390143206336037,0.20345985704175618,0.8984041501882155,-0.06390143206336037,0.20345985704175618,0.8984041501882155,-0.09172386792308261,0.16430225879802784,1.0966637220509288,-0.09325216920705823,0.16225013660559212,1.0970971584860314,0.0015283012839756166,0.0020521221924357236,-0.00043343643510262986,0.0025951449767909296,0.039011890901715085,0.05286941890396024,-0.014162101146317774,-0.002250097676881683,0.003121477298028509,-0.0009726637842480971,-1.0,False,False,0.0019797638951530045
361,18.05,approach,0.0,0.0,0.0,transport,-0.06390143206336037,0.20345985704175618,0.8984041501882155,-0.06390143206336037,0.20345985704175618,0.8984041501882155,-0.09131349959187463,0.16487981564195087,1.0963944016337066,-0.09283294370468408,0.16283765095115466,1.0968238962670522,0.001519444112809451,0.002042164690796211,-0.00042949463334562843,0.0025813974270458197,0.03877339230367205,0.052593580727174905,-0.014055137046495858,-0.0022506862820344674,0.003108958646657461,-0.0009729582290320915,-1.0,False,False,0.0019765044041997384
362,18.1,approach,0.0,0.0,0.0,transport,-0.06390143206336037,0.20345985704175618,0.8984041501882155,-0.06390143206336037,0.20345985704175618,0.8984041501882155,-0.09090584500804091,0.16545355312836138,1.096126862220328,-0.09241677974632478,0.16342130725319978,1.0965520753805036,0.00151093473828387,0.002032245875161598,-0.0004252131601756304,0.0025678304679341317,0.03854197393286324,0.052318043544134496,-0.013940680934485528,-0.002252213538466054,0.0030994637003514004,-0.0009732099396523223,-1.0,False,False,0.0019746067142806813
363,18.15,approach,0.0,0.0,0.0,transport,-0.06390143206336037,0.20345985704175618,0.8984041501882155,-0.06390143206336037,0.20345985704175618,0.8984041501882155,-0.09050092500517277,0.16602344193583685,1.0958611174836594,-0.09200365548844233,0.16400108766975174,1.0962817419579967,0.001502730483269557,0.0020223542660851024,-0.0004206244743372167,0.0025544159080524904,0.03831709482304019,0.05204269365274128,-0.013819157936882931,-0.0022546249180356833,0.0030927986567741332,-0.0009734216208601999,-1.0,False,False,0.001973924733221875
364,18.2,approach,0.0,0.0,0.0,transport,-0.06390143206336037,0.20345985704175618,0.8984041501882155,-0.06390143206336037,0.20345985704175618,0.8984041501882155,-0.09009876011512874,0.1665894531676167,1.0955971808985436,-0.09159353813727684,0.16457697861911139,1.0960129498689437,0.001494778022148105,0.002012474548505311,-0.00041576897040007665,0.0025411176636720694,0.03809790746627184,0.05176730995729906,-0.01369122118906052,-0.0022578289091787092,0.003088661928105386,-0.0009735972064716439,-1.0,False,False,0.0019742765063335095
365,18.25,approach,0.0,0.0,0.0,transport,-0.06390143206336037,0.20345985704175618,0.8984041501882155,-0.06390143206336037,0.20345985704175618,0.8984041501882155,-0.0896993705647365,0.1671515583562441,1.0953350657396346,-0.09118638839875713,0.1651489693110972,1.095745757425552,0.0014870178340206375,0.0020025890451468853,-0.00041069168591745253,0.002527894891667662,0.03788335145080701,0.05149159474265419,-0.013557682586182729,-0.002261707668069245,0.0030866772836274955,-0.0009737415800799292,-1.0,False,False,0.0019754591434219516
366,18.3,approach,0.0,0.0,0.0,transport,-0.06390143206336037,0.20345985704175618,0.8984041501882155,-0.06390143206336037,0.20345985704175618,0.8984041501882155,-0.08930277627249569,0.16770972946820642,1.0950747850792344,-0.09078216448481588,0.16571705040505544,1.095480224413977,0.0014793882123201874,0.0019926790631509816,-0.00040543933474257443,0.002514704830716459,0.03767224252522877,0.051215203142184196,-0.013419446926352663,-0.0022661272051385105,0.0030864249443739505,-0.0009738602888479168,-1.0,False,False,0.0019772622706901596
367,18.35,approach,0.0,0.0,0.0,transport,-0.06390143206336037,0.20345985704175618,0.8984041501882155,-0.06390143206336037,0.20345985704175618,0.8984041501882155,-0.08890899684527981,0.16826393890857705,1.0948163517851275,-0.09038082555073582,0.16628121284900615,1.0952164095450692,0.0014718287054560075,0.001982726059570894,-0.00040005775994167436,0.0025015052621962207,0.03746335279072144,0.05093777007043221,-0.013277452576989646,-0.0022709467031312046,0.00308746964381348,-0.0009739592488636251,-1.0,False,False,0.0019794796577381757
368,18.4,approach,0.0,0.0,0.0,transport,-0.06390143206336037,0.20345985704175618,0.8984041501882155,-0.06390143206336037,0.20345985704175618,0.8984041501882155,-0.08851805157503913,0.16881415952565582,1.0945597785184178,-0.08998233452074197,0.16684144690858188,1.0949543683552407,0.0014642829457028467,0.001972712617073935,-0.000394589836822945,0.002488256569158988,0.037255479513933765,0.05065893353299322,-0.013132620533027328,-0.002276026672814142,0.0030893848589905837,-0.0009740444749985969,-1.0,False,False,0.001981918621457643
369,18.45,approach,0.0,0.0,0.0,transport,-0.06390143206336037,0.20345985704175618,0.8984041501882155,-0.06390143206336037,0.20345985704175618,0.8984041501882155,-0.08812995943550268,0.16936036461561046,1.0943050777313643,-0.08958666022946404,0.16739774143575906,1.0946941516139215,0.0014567007939613602,0.0019626231798514082,-0.000389073882557156,0.0024749233190759284,0.037047501704785823,0.05037835414057168,-0.012985812477528391,-0.0022812356156824143,0.0030917723835634423,-0.0009741218005458904,-1.0,False,False,0.001984407289975498
370,18.5,approach,0.0,0.0,0.0,transport,-0.06390143206336037,0.20345985704175618,0.8984041501882155,-0.06390143206336037,0.20345985704175618,0.8984041501882155,-0.08774473907888064,0.16990252792711796,1.0940522616652157,-0.08919377889482873,0.16795008332641234,1.0944358042212803,0.001449039815948086,0.0019524446007056218,-0.00038354255606454224,0.002461475411077657,0.036838423011668064,0.05009572982717814,-0.012837798974114634,-0.002286455326925758,0.0030942773177877053,-0.000974196637557817,-1.0,False,False,0.001986799641058766
371,18.55,approach,0.0,0.0,0.0,transport,-0.06390143206336037,0.20345985704175618,0.8984041501882155,-0.06390143206336037,0.20345985704175618,0.8984041501882155,-0.08736240883256689,0.17044062366600515,1.0938013423480484,-0.08880367498655324,0.1684984572039017,1.0941793645551354,0.001441266153986348,0.0019421664621034618,-0.0003780222070870476,0.002447888780601978,0.03662740124523667,0.04981080679185623,-0.012689237464638126,-0.0022915845380644833,0.0030965984823010492,-0.0009742737803921398,-1.0,False,False,0.0019889784069512663
372,18.6,approach,0.0,0.0,0.0,transport,-0.06390143206336037,0.20345985704175618,0.8984041501882155,-0.06390143206336037,0.20345985704175618,0.8984041501882155,-0.0869829866958413,0.17097462649989026,1.0935523315926001,-0.08841634151242524,0.16904284529303526,1.0939248642478903,0.0014333548165839372,0.0019317812068549989,-0.00037253265529013646,0.0024341456901015696,0.03641376581423883,0.049523385919771346,-0.012540659250706021,-0.002296541144837906,0.003098494317759662,-0.0009743572990188321,-1.0,False,False,0.0019908561500143673
373,18.65,approach,0.0,0.0,0.0,transport,-0.06390143206336037,0.20345985704175618,0.8984041501882155,-0.06390143206336037,0.20345985704175618,0.8984041501882155,-0.08660649033657206,0.17150451156282373,1.0933052409941064,-0.08803177982110466,0.16958322745134438,1.0936723283207779,0.0014252894845326047,0.0019212841114793489,-0.0003670873266714558,0.0024202346698502203,0.03619702351706361,0.04923332539576941,-0.012392465075676817,-0.002301263210849716,0.0030997849631516938,-0.0009744504383540609,-1.0,False,False,0.001992374698673303
374,18.7,approach,0.0,0.0,0.0,transport,-0.06390143206336037,0.20345985704175618,0.8984041501882155,-0.06390143206336037,0.20345985704175618,0.8984041501882155,-0.08623293708791811,0.17203025445992953,1.0930600819281378,-0.08764999902990021,0.1701195813289133,1.093421775596328,0.0014170619419821007,0.0019106731310162273,-0.00036169366819027715,0.0024061501762380447,0.03597685466373096,0.04894054017170302,-0.012244927852802512,-0.002305708797520019,0.0031003509784789975,-0.0009745555453319512,-1.0,False,False,0.0019935031689523536
375,18.75,approach,0.0,0.0,0.0,transport,-0.06390143206336037,0.20345985704175618,0.8984041501882155,-0.06390143206336037,0.20345985704175618,0.8984041501882155,-0.08586234394503132,0.17255183127204646,1.092816865548433,-0.08727101513078715,0.1706518826402548,1.0931732193497068,0.0014086711857558276,0.0018999486317916592,-0.0003563538012738565,0.002391892001054407,0.035753101697377776,0.04864499886266305,-0.012098200957901817,-0.002309854778936295,0.00310012916474796,-0.0009746740996849051,-1.0,False,False,0.0019942350330833685
376,18.8,approach,0.0,0.0,0.0,transport,-0.06390143206336037,0.20345985704175618,0.8984041501882155,-0.06390143206336037,0.20345985704175618,0.8984041501882155,-0.08549472756175946,0.17306921856036836,1.0925756027847373,-0.08689484990054018,0.17118010550654617,1.0929266681059748,0.0014001223387807155,0.0018891130538221945,-0.0003510653212375203,0.0023774645220170586,0.03552575138055375,0.04834671840227123,-0.011952331299389662,-0.0023136949702969724,0.0030991064504645835,-0.0009748067817877496,-1.0,False,False,0.0019945844378717096
377,18.85,approach,0.0,0.0,0.0,transport,-0.06390143206336037,0.20345985704175618,0.8984041501882155,-0.06390143206336037,0.20345985704175618,0.8984041501882155,-0.08513010424734757,0.17358239337108675,1.0923363043406364,-0.08652152967867374,0.17170422285133796,1.0926821265369568,0.001391425431326171,0.0018781705197487841,-0.0003458221963204,0.0023628758375468027,0.035294913063852185,0.04804575729081162,-0.011807275306767728,-0.0023172377179401277,0.003097312269069748,-0.0009749535299826641,-1.0,False,False,0.0019945821703761394
378,18.9,approach,0.0,0.0,0.0,transport,-0.06390143206336037,0.20345985704175618,0.8984041501882155,-0.06390143206336037,0.20345985704175618,0.8984041501882155,-0.08476848996314133,0.17409133324003043,1.0920989806913939,-0.08615108411872778,0.17222420679378522,1.0924395963768851,0.0013825941555864474,0.0018671264462452042,-0.0003406156854912634,0.0023481368807062183,0.03506079431064818,0.0477422077738493,-0.011662916911259202,-0.002320503215017665,0.003094810219823497,-0.0009751136702447979,-1.0,False,False,0.001994271399277784
379,18.95,approach,0.0,0.0,0.0,transport,-0.06390143206336037,0.20345985704175618,0.8984041501882155,-0.06390143206336037,0.20345985704175618,0.8984041501882155,-0.08440990031928887,0.17459601619730752,1.0918636420817853,-0.08578354498403867,0.17274002907333183,1.0921990773110166,0.001373644664749804,0.0018559871239756942,-0.00033543522923129565,0.002333260521752473,0.034823675988778224,0.04743618807044603,-0.011519085901996462,-0.00232352053947231,0.0030916893681504796,-0.0009752860141646045,-1.0,False,False,0.001993703504242559
380,19.0,approach,0.0,0.0,0.0,transport,-0.06390143206336037,0.20345985704175618,0.8984041501882155,-0.06390143206336037,0.20345985704175618,0.8984041501882155,-0.08405435057144324,0.17509642077194626,1.0916302985239354,-0.08541894498570601,0.17325166142055667,1.0919605678288615,0.0013645944142627736,0.0018447593513895855,-0.00033026930492607853,0.002318260726008367,0.03458388825190867,0.04712783397228859,-0.0113755757416234,-0.0023263248914945165,0.0030880555910572883,-0.0009754690241463818,-1.0,False,False,0.001992934258615665
381,19.05,approach,0.0,0.0,0.0,transport,-0.06390143206336037,0.20345985704175618,0.8984041501882155,-0.06390143206336037,0.20345985704175618,0.8984041501882155,-0.08370185561746474,0.17559252599653638,1.0913989597951532,-0.08505731676757827,0.17375907590515208,1.0917240659719367,0.001355461150113535,0.0018334500913843033,-0.0003251061767834962,0.0023031517955286835,0.034341787364825516,0.04681729151959413,-0.011232160674166103,-0.00232895490749302,0.003084023776466597,-0.0009756609153331725,-1.0,False,False,0.001992020394842385
382,19.1,approach,0.0,0.0,0.0,transport,-0.06390143206336037,0.20345985704175618,0.8984041501882155,-0.06390143206336037,0.20345985704175618,0.8984041501882155,-0.0833524299941236,0.17608431141186964,1.0911696354357678,-0.08469869205418036,0.17426224523751152,1.0914895699621106,0.001346262060056766,0.0018220661743581223,-0.00031993452634271335,0.002287947722137564,0.03409773546909356,0.04650471013435131,-0.011088610723377634,-0.002331450229164844,0.0030797107885435215,-0.0009758597756480623,-1.0,False,False,0.001991016662895897
383,19.15,approach,0.0,0.0,0.0,transport,-0.06390143206336037,0.20345985704175618,0.8984041501882155,-0.06390143206336037,0.20345985704175618,0.8984041501882155,-0.08300608787380195,0.1765717570715816,1.0909423347469647,-0.08434310094035302,0.17476114300610765,1.0912570787232085,0.0013370130665510682,0.0018106140654739478,-0.00031474397624386974,0.0022726616564729095,0.03385208360756814,0.04619023668140154,-0.010944704302917607,-0.0023338494571715457,0.003075229387129694,-0.0009760636943921573,-1.0,False,False,0.0019899735344644834
384,19.2,approach,0.0,0.0,0.0,transport,-0.06390143206336037,0.20345985704175618,0.8984041501882155,-0.06390143206336037,0.20345985704175618,0.8984041501882155,-0.08266284306119634,0.1770548435467925,1.0907170667886208,-0.08399057139302177,0.17525574386685297,1.0910265922482691,0.0013277283318254285,0.0017990996799395198,-0.0003095254596483521,0.0022573055157999638,0.03360515758313365,0.0458740108136968,-0.010800238691754949,-0.0023361884377134227,0.003070683553628049,-0.0009762708478944789,-1.0,False,False,0.001988935405115704
385,19.25,approach,0.0,0.0,0.0,transport,-0.06390143206336037,0.20345985704175618,0.8984041501882155,-0.06390143206336037,0.20345985704175618,0.8984041501882155,-0.08232270899002025,0.17753355193074813,1.0904938403771407,-0.08364112888690425,0.17574602366445666,1.0907981118649954,0.0013184198968839989,0.0017875282662914715,-0.0003042714878547237,0.0022418897086190336,0.033357248060030265,0.045556161277903184,-0.010655037422568903,-0.0023384989647227046,0.0030661647713970713,-0.0009764795796766353,-1.0,False,False,0.0019879394620198423
386,19.3,approach,0.0,0.0,0.0,transport,-0.06390143206336037,0.20345985704175618,0.8984041501882155,-0.06390143206336037,0.20345985704175618,0.8984041501882155,-0.08198569871970626,0.17800786384346134,1.090272664083293,-0.08329479622867036,0.17623195953472146,1.090571640366694,0.0013090975089641022,0.0017759043087398896,-0.00029897628340114224,0.002226422965164814,0.03310860334395982,0.04523680358009374,-0.010508955634049855,-0.0023408078408498328,0.003061749753253191,-0.0009766884453565143,-1.0,False,False,0.001987015083583614
387,19.35,approach,0.0,0.0,0.0,transport,-0.06390143206336037,0.20345985704175618,0.8984041501882155,-0.06390143206336037,0.20345985704175618,0.8984041501882155,-0.08165182493210851,0.17847776143635294,1.090053546230045,-0.08295159350576024,0.1767135299069738,1.0903471820442716,0.00129976857365173,0.0017642315293791289,-0.0002936358142267004,0.0022109123061995585,0.03285942593123703,0.04491603803262967,-0.010361882732983219,-0.002343136518845534,0.0030574991038731436,-0.0009768962347263578,-1.0,False,False,0.0019861836816847025
388,19.4,approach,0.0,0.0,0.0,transport,-0.06390143206336037,0.20345985704175618,0.8984041501882155,-0.06390143206336037,0.20345985704175618,0.8984041501882155,-0.08132109992820513,0.17894322739689278,1.0898364948903987,-0.08261153816626482,0.1771907144987701,1.0901247426248806,0.001290438238059688,0.0017525128981226712,-0.00028824773448188346,0.0021953630817627533,0.03260987155110223,0.044593949798379384,-0.010213743077458481,-0.0023455008286709317,0.0030534570527553854,-0.0009771020208989272,-1.0,False,False,0.0019854589653529775
389,19.45,approach,0.0,0.0,0.0,transport,-0.06390143206336037,0.20345985704175618,0.8984041501882155,-0.06390143206336037,0.20345985704175618,0.8984041501882155,-0.08099353562480047,0.1794042449532411,1.089621517885228,-0.08227464518890204,0.17766349427547504,1.089904329143444,0.0012811095641015735,0.0017407506777660509,-0.0002828112582160536,0.0021797790817303566,0.03236005082928706,0.0442706090894196,-0.010064494793051715,-0.0023479111054751085,0.0030496519963139333,-0.0009773051491561685,-1.0,False,False,0.001984847563457616
390,19.5,approach,0.0,0.0,0.0,transport,-0.06390143206336037,0.20345985704175618,0.8984041501882155,-0.06390143206336037,0.20345985704175618,0.8984041501882155,-0.08066914355122759,0.17986079787888934,1.0894086227811126,-0.08194092732584987,0.17813185136993212,1.089685949758223,0.0012717837746222815,0.0017289465089572187,-0.00027732697711035925,0.002164162713952216,0.032110032753489004,0.043946072068286046,-0.009914127246628546,-0.002350372644263865,0.003046097733837581,-0.0009775052069734406,-1.0,False,False,0.0019843498708443487
391,19.55,approach,0.0,0.0,0.0,transport,-0.06390143206336037,0.20345985704175618,0.8984041501882155,-0.06390143206336037,0.20345985704175618,0.8984041501882155,-0.0803479348460506,0.1803128704973015,1.089197816888175,-0.08161039539588767,0.17859576898804916,1.0894696135292057,0.0012624605498370717,0.0017171015092523334,-0.0002717966410306083,0.0021485152191797674,0.03185984959598542,0.043620382547387426,-0.009762657400957941,-0.002352886224255341,0.003042795226867605,-0.000977702031674834,-1.0,False,False,0.0019839610537207963
392,19.6,approach,0.0,0.0,0.0,transport,-0.06390143206336037,0.20345985704175618,0.8984041501882155,-0.06390143206336037,0.20345985704175618,0.8984041501882155,-0.08002992025376698,0.18076044768655516,1.0889891072579159,-0.0812830586128342,0.1790552313119012,1.0892553301712935,0.0012531383590672213,0.0017052163746539561,-0.00026622291337763393,0.002132836906788924,0.03160950284241376,0.043293573970120125,-0.009610125425796312,-0.0023554487701429646,0.003039734686924143,-0.0009778956872110167,-1.0,False,False,0.0019836721252196004
393,19.65,approach,0.0,0.0,0.0,transport,-0.06390143206336037,0.20345985704175618,0.8984041501882155,-0.06390143206336037,0.20345985704175618,0.8984041501882155,-0.07971511012151006,0.1812035148839826,1.0887825006810496,-0.08095892490618606,0.17951022339168754,1.0890431098117288,0.0012438147846760006,0.0016932914922950515,-0.0002606091306791569,0.0021171273970762255,0.03135896982648295,0.04296567144162766,-0.009456589804877069,-0.0023580541487042204,0.0030368977642048324,-0.0009780863985556095,-1.0,False,False,0.001983471075248364
394,19.7,approach,0.0,0.0,0.0,transport,-0.06390143206336037,0.20345985704175618,0.8984041501882155,-0.06390143206336037,0.20345985704175618,0.8984041501882155,-0.07940351439575125,0.18164205809081196,1.0885780036853412,-0.08063800123917544,0.1799607310370743,1.0888329627489837,0.0012344868434241985,0.0016813270537376634,-0.0002549590636424792,0.0021013858646976437,0.031108210208696252,0.04263669398248848,-0.00930212252775231,-0.0023606939641040115,0.0030342598754649554,-0.000978274522500657,-1.0,False,False,0.0019833439319279843
395,19.75,approach,0.0,0.0,0.0,transport,-0.06390143206336037,0.20345985704175618,0.8984041501882155,-0.06390143206336037,0.20345985704175618,0.8984041501882155,-0.07909514261900266,0.1820760638768081,1.0883756225334404,-0.08032029389363621,0.18040674073415872,1.0886248992380005,0.0012251512746335458,0.0016693231426493926,-0.00024927670456009743,0.002085611247514116,0.030857172403455646,0.042306656794676156,-0.009146804310864454,-0.0023633582925651204,0.003031792410682333,-0.0009784605095531007,-1.0,False,False,0.0019832758066671667
396,19.8,approach,0.0,0.0,0.0,transport,-0.06390143206336037,0.20345985704175618,0.8984041501882155,-0.06390143206336037,0.20345985704175618,0.8984041501882155,-0.07879000392651897,0.1825055193849144,1.0881753632207192,-0.08000580873406876,0.1808482395412567,1.0884189292874369,0.0012158048075497918,0.0016572798436577107,-0.0002435660667177153,0.00206980246379012,0.030605799342344753,0.0419755730151139,-0.008990720345627423,-0.0023660365086938993,0.003029464836761552,-0.000978644850596012,-1.0,False,False,0.00198325172894547
397,19.85,approach,0.0,0.0,0.0,transport,-0.06390143206336037,0.20345985704175618,0.8984041501882155,-0.06390143206336037,0.20345985704175618,0.8984041501882155,-0.07848810704300055,0.1829304123358929,1.0879772314731062,-0.07969455141437742,0.18128521502304898,1.0882150625014584,0.0012064443713768747,0.0016451973128439323,-0.00023783102835217562,0.0020539585724797106,0.030354033821364257,0.041643455892724224,-0.008833956286613542,-0.002368717829513011,0.003027246458388947,-0.0009788280777437554,-1.0,False,False,0.0019832574188820905
398,19.9,approach,0.0,0.0,0.0,transport,-0.06390143206336037,0.20345985704175618,0.8984041501882155,-0.06390143206336037,0.20345985704175618,0.8984041501882155,-0.07818946027929516,0.18335073103296626,1.0877812327449237,-0.079386527561507,0.18171765519631755,1.0880133079392438,0.0011970672822118472,0.0016330758366487064,-0.0002320751943201138,0.0020380789146170588,0.030101822701645298,0.041310320198345574,-0.008676595130694409,-0.002371391876162641,0.0030251080204453436,-0.0009790107213460424,-1.0,False,False,0.0019832798445935935
399,19.95,approach,0.0,0.0,0.0,transport,-0.06390143206336037,0.20345985704175618,0.8984041501882155,-0.06390143206336037,0.20345985704175618,0.8984041501882155,-0.07789407152910058,0.18376646436645855,1.0875873722167224,-0.07908174289176456,0.18214554848399422,1.0878136740228268,0.0011876713626639834,0.0016209158824643244,-0.00022630180610438977,0.0020221632157576526,0.029849120648128558,0.04097618340281994,-0.00851871445042729,-0.0023740491480144107,0.0030230228221113085,-0.000979193253495439,-1.0,False,False,0.001983307672788876
400,20.0,approach,0.0,0.0,0.0,transport,-0.06390143206336037,0.20345985704175618,0.8984041501882155,-0.06390143206336037,0.20345985704175618,0.8984041501882155,-0.07760194826566696,0.18417760181843626,1.0873956547931176,-0.07878020329290038,0.18256888369655555,1.0876161684718895,0.001178255027233413,0.001608718121880709,-0.0002205136787718498,0.002006211650697329,0.02959589252195194,0.04064106668884071,-0.008360384594183756,-0.0023766813227726878,0.003020967658180939,-0.0009793761269201679,-1.0,False,False,0.001983331560020809
401,20.05,approach,0.0,0.0,0.0,transport,-0.06390143206336037,0.20345985704175618,0.8984041501882155,-0.06390143206336037,0.20345985704175618,0.8984041501882155,-0.07731309753849933,0.18458413346734964,1.0872060851006253,-0.0784819148554286,0.18298765001251432,1.0874207982743058,0.001168817316929277,0.001596483454835318,-0.00021471317368049192,0.001990224883993921,0.029342115088021037,0.04030499541588184,-0.008201667425282722,-0.002379281545286483,0.003018923383160357,-0.000979559718835504,-1.0,False,False,0.001983344307951785
402,20.1,approach,0.0,0.0,0.0,transport,-0.06390143206336037,0.20345985704175618,0.8984041501882155,-0.06390143206336037,0.20345985704175618,0.8984041501882155,-0.0770275259700598,0.18498604999267354,1.0870186674854976,-0.07818688388653827,0.1834018369715323,1.0872275696703222,0.0011593579164784762,0.0015842130211412286,-0.00020890218482461087,0.001974204092205066,0.02908777770737614,0.03996799960318431,-0.00804261577616483,-0.0023818445380609995,0.0030168752483680354,-0.0009797443073742548,-1.0,False,False,0.0019833408285358026
403,20.15,approach,0.0,0.0,0.0,transport,-0.06390143206336037,0.20345985704175618,0.8984041501882155,-0.06390143206336037,0.20345985704175618,0.8984041501882155,-0.07674523975247,0.18538334267954878,1.086833406011559,-0.07789511687317137,0.18381143449252446,1.0870364881755132,0.001149877120701373,0.0015719081870243234,-0.00020308216395426015,0.0019581509406741146,0.028832882681365524,0.039630114160329466,-0.007883273175264272,-0.0023843665431992713,0.0030148128567775052,-0.0009799300969096458,-1.0,False,False,0.00198331808429308
404,20.2,approach,0.0,0.0,0.0,transport,-0.06390143206336037,0.20345985704175618,0.8984041501882155,-0.06390143206336037,0.20345985704175618,0.8984041501882155,-0.0764662446442132,0.18577600342342349,1.0866503044580413,-0.07760662042858477,0.18421643290466105,1.0868475586168007,0.0011403757843715667,0.001559570518762432,-0.00019725415875937458,0.0019420675414933066,0.02857744457916339,0.03929137861798049,-0.007723674349437992,-0.0023868452848558835,0.0030127300373115704,-0.0009801172390983375,-1.0,False,False,0.0019832749389647655
405,20.25,approach,0.0,0.0,0.0,transport,-0.06390143206336037,0.20345985704175618,0.8984041501882155,-0.06390143206336037,0.20345985704175618,0.8984041501882155,-0.07619054596683739,0.1861640247346933,1.0864693663174205,-0.0773214012278569,0.18461682296785759,1.0866607851751866,0.0011308552610195116,0.001547201766835704,-0.00019141885776607914,0.0019259564137808266,0.028321489234947594,0.03895183660064472,-0.0075638459876037345,-0.0023892799399475037,0.0030106244959109125,-0.000980305792744486,-1.0,False,False,0.0019832118923964913
406,20.3,approach,0.0,0.0,0.0,transport,-0.06390143206336037,0.20345985704175618,0.8984041501882155,-0.06390143206336037,0.20345985704175618,0.8984041501882155,-0.07591814860165683,0.1865473997433435,1.086290594793252,-0.0770394659066167,0.18501259589132943,1.086476171453739,0.0011213173049598735,0.0015348038520140717,-0.00018557666048701904,0.001909820425976542,0.028065052524001433,0.0386115355097183,-0.007403807638692861,-0.0023916709580584956,0.003008497259949002,-0.0009804957449323238,-1.0,False,False,0.001983130829432334
407,20.35,approach,0.0,0.0,0.0,transport,-0.06390143206336037,0.20345985704175618,0.8984041501882155,-0.06390143206336037,0.20345985704175618,0.8984041501882155,-0.0756490569864548,0.18692612220358973,1.0861139927980057,-0.076760820989615,0.18540374338998405,1.0862937205296666,0.0011117640031601955,0.0015223788136056737,-0.00017972773166086142,0.0018936627229700013,0.027808178403238015,0.038270526245205994,-0.0072435731146658355,-0.002394019768480975,0.0030063522501697576,-0.0009806870258147829,-1.0,False,False,0.0019830347092321455
408,20.4,approach,0.0,0.0,0.0,transport,-0.06390143206336037,0.20345985704175618,0.8984041501882155,-0.06390143206336037,0.20345985704175618,0.8984041501882155,-0.0753832751121859,0.18730018649851912,1.0859395629509037,-0.07648547279630274,0.18579025770074475,1.086113435017344,0.0011021976841168457,0.001509928797774368,-0.00017387206644037256,0.0018774866723119852,0.02755091754858191,0.03792886217070135,-0.007083151575257851,-0.002396328660283177,0.0030041955567832903,-0.0009808795239919373,-1.0,False,False,0.0019829272323037793
409,20.45,approach,0.0,0.0,0.0,transport,-0.06390143206336037,0.20345985704175618,0.8984041501882155,-0.06390143206336037,0.20345985704175618,0.8984041501882155,-0.07512080651967884,0.18766958764473105,1.0857673075757543,-0.07621342734215912,0.18617213163873442,1.085935317139539,0.0010926208224802808,0.001497456005996628,-0.00016800956378459908,0.0018612957758335858,0.027293325532478097,0.03758659887972582,-0.006922548831793662,-0.002398600481024322,0.003002034804274566,-0.0009810730863711239,-1.0,False,False,0.001982812626290313
410,20.5,approach,0.0,0.0,0.0,transport,-0.06390143206336037,0.20345985704175618,0.8984041501882155,-0.06390143206336037,0.20345985704175618,0.8984041501882155,-0.07486165429633784,0.18803432129697914,1.0855972286987883,-0.07594469026147674,0.1865493586062993,1.0857593687773381,0.0010830359651388954,0.001484962690679853,-0.00016214007854986612,0.0018450936289434322,0.027035460916425558,0.037243793164894456,-0.006761768815013447,-0.002400838531998539,0.0029998786600345935,-0.0009812675538533348,-1.0,False,False,0.0019826953285994532
411,20.55,approach,0.0,0.0,0.0,transport,-0.06390143206336037,0.20345985704175618,0.8984041501882155,-0.06390143206336037,0.20345985704175618,0.8984041501882155,-0.0746058210728461,0.18839438375281142,1.0854293280464957,-0.07567926673398977,0.1869219326409821,1.0855855915228503,0.00107344566114366,0.0014724511118293093,-0.00015626347635455673,0.00182888385038469,0.02677738377261263,0.03690050293024272,-0.006600814616848361,-0.0024030462694800865,0.002997736248905432,-0.0009814627211140563,-1.0,False,False,0.0019825797934145484
412,20.6,approach,0.0,0.0,0.0,transport,-0.06390143206336037,0.20345985704175618,0.8984041501882155,-0.06390143206336037,0.20345985704175618,0.8984041501882155,-0.07435330901986731,0.18874977195721224,1.08526360704346,-0.07541716143566127,0.1872898484289328,1.085413986710027,0.0010638524157939588,0.0014599235282794498,-0.00015037966656694657,0.0018126700513693456,0.026519154282449164,0.036556786324602464,-0.006439689587804942,-0.0024052271780313594,0.0029956167161644784,-0.0009816584237492972,-1.0,False,False,0.0019824702384409133
413,20.65,approach,0.0,0.0,0.0,transport,-0.06390143206336037,0.20345985704175618,0.8984041501882155,-0.06390143206336037,0.20345985704175618,0.8984041501882155,-0.07410411984474866,0.18910048350724254,1.0851000668101956,-0.07515837848255921,0.18765310133058544,1.0852445554522718,0.0010542586378105567,0.0014473821766571027,-0.0001444886420762792,0.001796455790825889,0.026260831818252228,0.03621270156619505,-0.006278397996628549,-0.002407384588309333,0.002993528717432827,-0.0009818544938490403,-1.0,False,False,0.001982370504627035
414,20.7,approach,0.0,0.0,0.0,transport,-0.06390143206336037,0.20345985704175618,0.8984041501882155,-0.06390143206336037,0.20345985704175618,0.8984041501882155,-0.0738582547882228,0.1894465166566818,1.0849387081609816,-0.07490292138353342,0.18801168739620316,1.0850772986726642,0.00104466659531062,0.0014348292604786372,-0.0001385905116826347,0.0017802445427558568,0.02600247388672816,0.035868306521927296,-0.006116945825804798,-0.0024095215669876218,0.0029914801420187617,-0.0009820507362605555,-1.0,False,False,0.0019822839865095932
415,20.75,approach,0.0,0.0,0.0,transport,-0.06390143206336037,0.20345985704175618,0.8984041501882155,-0.06390143206336037,0.20345985704175618,0.8984041501882155,-0.07361571462111036,0.18978787032066863,1.0847795316017,-0.07465079303681398,0.1883656033930207,1.0849122171046868,0.0010350784157036191,0.001422266927647936,-0.00013268550298684012,0.0017640396772293655,0.025744135248461364,0.03552365848930927,-0.005955341419285887,-0.002411640805608892,0.0029894779899270916,-0.0009822470082179074,-1.0,False,False,0.001982213522147558
416,20.8,approach,0.0,0.0,0.0,transport,-0.06390143206336037,0.20345985704175618,0.8984041501882155,-0.06390143206336037,0.20345985704175618,0.8984041501882155,-0.07337649964102219,0.19012454408034238,1.0846225373276694,-0.07440199569951286,0.18871484679800216,1.0847493113075894,0.0010254960584906714,0.001409697282340222,-0.00012677397992000294,0.0017478444541211518,0.02548586791583568,0.035178813746433724,-0.00579359554034653,-0.0024137446535388405,0.00298752806240104,-0.0009824431858471271,-1.0,False,False,0.0019821613797434265
417,20.85,approach,0.0,0.0,0.0,transport,-0.06390143206336037,0.20345985704175618,0.8984041501882155,-0.06390143206336037,0.20345985704175618,0.8984041501882155,-0.07314060966906205,0.1904565381874835,1.0844677252214825,-0.0741565309892667,0.1890594158056457,1.084588581661197,0.0010159213202046435,0.001397122381837812,-0.00012085643971460058,0.0017316620217868715,0.025227720609016235,0.03483382778962707,-0.005631721722139105,-0.0024158350530615754,0.002985634982073628,-0.000982639146178613,-1.0,False,False,0.0019821292456922005
418,20.9,approach,0.0,0.0,0.0,transport,-0.06390143206336037,0.20345985704175618,0.8984041501882155,-0.06390143206336037,0.20345985704175618,0.8984041501882155,-0.07290804404652856,0.19078385356915545,1.08431509485084,-0.07391439988408931,0.1893993093242117,1.0844300283604906,0.0010063558375607434,0.0013845442449437473,-0.00011493350965063875,0.0017154954239635995,0.024969738854762613,0.034488755270195015,-0.005469736207142084,-0.002417913510276486,0.00298380217522692,-0.000982834788988908,-1.0,False,False,0.001982118251995354
419,20.95,approach,0.0,0.0,0.0,transport,-0.06390143206336037,0.20345985704175618,0.8984041501882155,-0.06390143206336037,0.20345985704175618,0.8984041501882155,-0.07267880163161819,0.19110649183234496,1.0841646454663882,-0.07367560274391487,0.18973452698618903,1.0842736513967373,0.0009968011122966774,0.0013719648461559264,-0.0001090059303490154,0.0016993476069994634,0.024711965049422357,0.034143650162665184,-0.005307657882047678,-0.002419981061583194,0.002982031960996328,-0.0009830300629927603,-1.0,False,False,0.001982129005150114
420,21.0,approach,0.0,0.0,0.0,transport,-0.06390143206336037,0.20345985704175618,0.8984041501882155,-0.06390143206336037,0.20345985704175618,0.8984041501882155,-0.07245288079612669,0.19142445526860435,1.0840163759995545,-0.07344013932075,0.19006506914715612,1.084119450545304,0.0009872585246233079,0.0013593861214482306,-0.00010307454574953745,0.001683221430355771,0.024454438955763547,0.03379856564830641,-0.005145507943655758,-0.0024220383422899356,0.0029803255799999116,-0.0009832249375931888,-1.0,False,False,0.001982161667656193
421,21.05,approach,0.0,0.0,0.0,transport,-0.06390143206336037,0.20345985704175618,0.8984041501882155,-0.06390143206336037,0.20345985704175618,0.8984041501882155,-0.07223027942215224,0.1917377468586916,1.0838702850603816,-0.07320800877356343,0.19039093688018133,1.0839674253494334,0.0009777293514111884,0.0013468099785102772,-9.714028905172256e-05,0.001667119683340956,0.024197197971955187,0.033453554230709615,-0.004983309698447513,-0.0024240856696220105,0.0029786833450110126,-0.0009834193934377818,-1.0,False,False,0.001982216045767599
422,21.1,approach,0.0,0.0,0.0,transport,-0.06390143206336037,0.20345985704175618,0.8984041501882155,-0.06390143206336037,0.20345985704175618,0.8984041501882155,-0.07201099489879786,0.19204637027721153,1.0837263709353653,-0.07297920969834307,0.19071213196863526,1.0838175750931238,0.0009682147995452028,0.0013342383085762632,-9.120415775853985e-05,0.0016510451115954554,0.023940277495311246,0.033108667940603964,-0.004821088281361519,-0.0024261230845518326,0.0029771048326460185,-0.000983613441568675,-1.0,False,False,0.0019822916286214775
423,21.15,approach,0.0,0.0,0.0,transport,-0.06390143206336037,0.20345985704175618,0.8984041501882155,-0.06390143206336037,0.20345985704175618,0.8984041501882155,-0.07179502411887292,0.19235032989725792,1.0835846315852895,-0.0727537401323092,0.19102865690357682,1.0836698987928228,0.0009587160134362782,0.0013216729936811056,-8.526720753332384e-05,0.0016350004260934174,0.023683711589402856,0.03276395857245318,-0.004658870156686312,-0.002428150392974043,0.0029755889629227666,-0.0009838070931048272,-1.0,False,False,0.001982387721200883
424,21.2,approach,0.0,0.0,0.0,transport,-0.06390143206336037,0.20345985704175618,0.8984041501882155,-0.06390143206336037,0.20345985704175618,0.8984041501882155,-0.07158236347559688,0.1926496307950528,1.0834450646430618,-0.07253159758431478,0.1913405148872191,1.0835243951715399,0.0009492341087179029,0.0013091159078336967,-7.93305284780832e-05,0.0016189883217754622,0.023427533134246503,0.03241947782951948,-0.00449668299522088,-0.002430167231626309,0.0029741342937438194,-0.0009840003748875256,-1.0,False,False,0.0019825035129632526
425,21.25,approach,0.0,0.0,0.0,transport,-0.06390143206336037,0.20345985704175618,0.8984041501882155,-0.06390143206336037,0.20345985704175618,0.8984041501882155,-0.07137300885929984,0.19294427875459028,1.083307667411549,-0.07231277905554653,0.19164770981814067,1.0833810626372269,0.000939770196246692,0.0012965689364496102,-7.339522567795242e-05,0.0016030115058451506,0.02317177450029878,0.03207527734742366,-0.004334555199818624,-0.002432173169916119,0.002972739122275344,-0.0009841933235296525,-1.0,False,False,0.00198263811191059
426,21.3,approach,0.0,0.0,0.0,transport,-0.06390143206336037,0.20345985704175618,0.8984041501882155,-0.06390143206336037,0.20345985704175618,0.8984041501882155,-0.07116695565412712,0.19323428027227432,1.0831724368614144,-0.07209728104929675,0.1919502462997032,1.0832398992722525,0.0009303253951696289,0.0012840339725711247,-6.746241083810389e-05,0.0015870727017028548,0.022916468028388315,0.031731409082673134,-0.004172515516249753,-0.0024341677157208638,0.0029714015844760568,-0.0009843859439858942,-1.0,False,False,0.0019827906508343104
427,21.35,approach,0.0,0.0,0.0,transport,-0.06390143206336037,0.20345985704175618,0.8984041501882155,-0.06390143206336037,0.20345985704175618,0.8984041501882155,-0.07096419873473947,0.19351964256156298,1.0830393696289518,-0.07188509958482027,0.19224812963046176,1.0831009028169791,0.0009209008500807997,0.0012715129311012263,-6.153318802737395e-05,0.0015711746697506244,0.022661646291145532,0.03138792523719569,-0.004010592866015017,-0.0024361503970602447,0.0029701198428888883,-0.0009845782964928165,-1.0,False,False,0.001982960317069107
428,21.4,approach,0.0,0.0,0.0,transport,-0.06390143206336037,0.20345985704175618,0.8984041501882155,-0.06390143206336037,0.20345985704175618,0.8984041501882155,-0.07076473246301712,0.19380037355760726,1.0829084620139224,-0.07167623020818724,0.192541365806242,1.0829640706575432,0.0009114977451701173,0.0012590077513652542,-5.5608643620752574e-05,0.00155532021741291,0.02240734243606296,0.03104487854291016,-0.003848816061133853,-0.002438120789308376,0.002968892168854271,-0.0009847704213375495,-1.0,False,False,0.001983146386826343
429,21.45,approach,0.0,0.0,0.0,transport,-0.06390143206336037,0.20345985704175618,0.8984041501882155,-0.06390143206336037,0.20345985704175618,0.8984041501882155,-0.07056855068476109,0.1940764819218936,1.0827797099773906,-0.07147066798667358,0.19282996151743448,1.0828293998242444,0.000902117301912489,0.0012465204044591338,-4.968984685382871e-05,0.001539512203921485,0.022153590468523,0.03070232231303205,-0.0036872136030519087,-0.0024400785361863553,0.0029677170150458104,-0.000984962345564418,-1.0,False,False,0.0019833482846984547
430,21.5,approach,0.0,0.0,0.0,transport,-0.06390143206336037,0.20345985704175618,0.8984041501882155,-0.06390143206336037,0.20345985704175618,0.8984041501882155,-0.07037564672639599,0.1943479770468845,1.0826531091395584,-0.07126840753486847,0.193113924164908,1.0826968869704423,0.0008927608084724897,0.001234052881976505,-4.377783088393983e-05,0.0015237535480306106,0.021900425205551854,0.03036031058900046,-0.0035258136937210693,-0.0024420233397959407,0.002966593176349873,-0.0009851541034738992,-1.0,False,False,0.001983565554827858
431,21.55,approach,0.0,0.0,0.0,transport,-0.06390143206336037,0.20345985704175618,0.8984041501882155,-0.06390143206336037,0.20345985704175618,0.8984041501882155,-0.07018601339167257,0.19461486906065914,1.0825286547776036,-0.07106944298790906,0.19339326185486896,1.082566528385399,0.0008834295962364819,0.0012216072057901761,-3.787360779528015e-05,0.0015080472230379477,0.021647882863918,0.03001889791502288,-0.003364643856773597,-0.002443955034913293,0.002965519654848421,-0.0009853457287814593,-1.0,False,False,0.001983797933597138
432,21.6,approach,0.0,0.0,0.0,transport,-0.06390143206336037,0.20345985704175618,0.8984041501882155,-0.06390143206336037,0.20345985704175618,0.8984041501882155,-0.06999964295836936,0.19487716883155598,1.0824063418235137,-0.07087376801420717,0.19366798340603547,1.0824383199812744,0.00087412505583781,0.0012091854255205092,-3.197815776068147e-05,0.001492396264102948,0.021396000590793995,0.029678139533740322,-0.0032037312377042326,-0.0024458736017177233,0.002964495847738471,-0.000985537243608193,-1.0,False,False,0.001984045314005133
433,21.65,approach,0.0,0.0,0.0,transport,-0.06390143206336037,0.20345985704175618,0.8984041501882155,-0.06390143206336037,0.20345985704175618,0.8984041501882155,-0.06981652717499603,0.19513488797281198,1.082286164861922,-0.07068137580956288,0.19393809835159173,1.082312257292407,0.0008648486345668449,0.0011967896212202456,-2.6092430485125107e-05,0.0014768037693279551,0.021144816784222642,0.029338091335530114,-0.00304310238704808,-0.002447779156650203,0.002963521458528497,-0.0009857286630776494,-1.0,False,False,0.0019843077278132062
434,21.7,approach,0.0,0.0,0.0,transport,-0.06390143206336037,0.20345985704175618,0.8984041501882155,-0.06390143206336037,0.20345985704175618,0.8984041501882155,-0.06963665725749543,0.1953880388472046,1.0821681181279443,-0.07049225907855142,0.19420361694325147,1.0821883354836894,0.0008556018210559846,0.0011844219039531256,-2.0217355745089094e-05,0.0014612728917733292,0.020894371041348947,0.02899880991225734,-0.0028827832892552863,-0.002449671947497101,0.002962596454160644,-0.0009859199937506972,-1.0,False,False,0.001984585363049142
435,21.75,approach,0.0,0.0,0.0,transport,-0.06390143206336037,0.20345985704175618,0.8984041501882155,-0.06390143206336037,0.20345985704175618,0.8984041501882155,-0.06946002388594502,0.19563663457169397,1.0820521955050135,-0.07030641003374472,0.1944645501598534,1.0820665493472432,0.0008463861477996937,0.0011720844118405793,-1.4353842229697378e-05,0.001445806837877604,0.02064470385212791,0.028660352568850023,-0.0027227995735179533,-0.002451552326127549,0.002961721136429334,-0.000986111228615679,-1.0,False,False,0.001984878529837323
436,21.8,approach,0.0,0.0,0.0,transport,-0.06390143206336037,0.20345985704175618,0.8984041501882155,-0.06390143206336037,0.20345985704175618,0.8984041501882155,-0.06928661720126061,0.19588068902206213,1.081938390522717,-0.07012382039270151,0.19472090971607908,1.0819468933006076,0.0008372031914408995,0.0011597793059830441,-8.502777890662117e-06,0.0014304088644779844,0.02039585664968202,0.028322777244174646,-0.0025631764905265086,-0.0024534207242755766,0.0029608960652186783,-0.0009863023641380733,-1.0,False,False,0.00198518761982339
437,21.85,approach,0.0,0.0,0.0,transport,-0.06390143206336037,0.20345985704175618,0.8984041501882155,-0.06390143206336037,0.20345985704175618,0.8984041501882155,-0.06911642680189814,0.19612021683755523,1.08182669635463,-0.06994448135520273,0.19497270806991263,1.0818293613985528,0.0008280545533045913,0.0011475087676426077,-2.665043922878141e-06,0.0014150822652850377,0.020147871816067475,0.02798614242952302,-0.002403938919552928,-0.0024552776431755402,0.0029601219572414086,-0.0009864934043265956,-1.0,False,False,0.0019855131248481123
438,21.9,approach,0.0,0.0,0.0,transport,-0.06390143206336037,0.20345985704175618,0.8984041501882155,-0.06390143206336037,0.20345985704175618,0.8984041501882155,-0.06894944174055609,0.19635523342552416,1.081717105816154,-0.06976838360445571,0.19521995843352977,1.0817139473285546,0.0008189418638996221,0.001135274991994395,3.1584875994639106e-06,0.0013998303682729479,0.019900792292932845,0.027650507112230716,-0.0022451116479738076,-0.002457123651049606,0.002959399736706767,-0.000986684365746731,-1.0,False,False,0.001985855589572338
439,21.95,approach,0.0,0.0,0.0,transport,-0.06390143206336037,0.20345985704175618,0.8984041501882155,-0.06390143206336037,0.20345985704175618,0.8984041501882155,-0.06878565052087723,0.19658575496606692,1.0816096113623512,-0.06959551729278525,0.195462674769255,1.0816006444152377,0.000809866771908016,0.0011230801968119264,8.96694711349788e-06,0.0013846565360595248,0.01965466167156954,0.027315930650743114,-0.0020867193240681203,-0.00245895940383204,0.002958730406665383,-0.000986875230980324,-1.0,False,False,0.0019862155814420047
440,22.0,approach,0.0,0.0,0.0,transport,-0.06390143206336037,0.20345985704175618,0.8984041501882155,-0.06390143206336037,0.20345985704175618,0.8984041501882155,-0.06862504109415257,0.1968117984166673,1.0815042050857802,-0.06942587203129906,0.1957008718046442,1.081489445624495,0.0008008309371464878,0.0011109266120230832,1.4759461285152042e-05,0.001369564152892969,0.019409523972653553,0.02698247294824596,-0.001928786589151521,-0.0024607855652876917,0.0029581150232359755,-0.0009870659830170242,-1.0,False,False,0.0019865936886215205
441,22.05,approach,0.0,0.0,0.0,transport,-0.06390143206336037,0.20345985704175618,0.8984041501882155,-0.06390143206336037,0.20345985704175618,0.8984041501882155,-0.0684676008560218,0.19703338151683886,1.081400878714332,-0.06925943688598764,0.19593456503351311,1.081380343561271,0.0007918360299658395,0.001098816483325743,2.0535153061107536e-05,0.0013545566266833062,0.01916542350554523,0.026650194243892922,-0.0017713382032580327,-0.0024626028210859995,0.002957554676865557,-0.0009872566098099256,-1.0,False,False,0.001986990476888017
442,22.1,approach,0.0,0.0,0.0,transport,-0.06390143206336037,0.20345985704175618,0.8984041501882155,-0.06390143206336037,0.20345985704175618,0.8984041501882155,-0.06831331664317725,0.19725052279276367,1.0812996236090668,-0.06909620035507137,0.19616377073089514,1.081273330482288,0.0007828837118941251,0.0010867520618685345,2.6293126778931253e-05,0.0013396373684099914,0.01892240485620783,0.026319155185011156,-0.0016143990440831146,-0.0024644118367475377,0.0029570504110773754,-0.0009874471055304308,-1.0,False,False,0.001987406538334115
443,22.15,approach,0.0,0.0,0.0,transport,-0.06390143206336037,0.20345985704175618,0.8984041501882155,-0.06390143206336037,0.20345985704175618,0.8984041501882155,-0.06816217473006525,0.19746324156193498,1.0812004307620475,-0.06893615038133458,0.1963885059518257,1.0811683982822273,0.0007739756512693263,0.0010747356101092898,3.2032479820198745e-05,0.0013248098052770429,0.018680512500122426,0.0259894166207969,-0.0014579944048076499,-0.002466213303348374,0.002956603318869241,-0.0009876374596437933,-1.0,False,False,0.001987842417142939
444,22.2,approach,0.0,0.0,0.0,transport,-0.06390143206336037,0.20345985704175618,0.8984041501882155,-0.06390143206336037,0.20345985704175618,0.8984041501882155,-0.06801416082558914,0.1976715579377974,1.081103290794178,-0.06877927433886885,0.19660878853754818,1.0810655384986758,0.0007651135132797082,0.0010627694002492138,3.775229550218029e-05,0.0013100773725719316,0.018439791114908677,0.02566103971943401,-0.0013021497609866373,-0.002468007883636575,0.0029562143842631968,-0.0009878276682467521,-1.0,False,False,0.001988298615060619
445,22.25,approach,0.0,0.0,0.0,transport,-0.06390143206336037,0.20345985704175618,0.8984041501882155,-0.06390143206336037,0.20345985704175618,0.8984041501882155,-0.06786926006981125,0.19787549283438843,1.0810081939530378,-0.06862555902837174,0.19682463711941361,1.0809647423108504,0.0007562989585604835,0.0010508557149748188,4.345164218744202e-05,0.0012954435123245223,0.018200285381151926,0.025334085936805084,-0.0011468909127598792,-0.002469796203656641,0.0029558845032062984,-0.000988017736033116,-1.0,False,False,0.001988775583672202
446,22.3,approach,0.0,0.0,0.0,transport,-0.06390143206336037,0.20345985704175618,0.8984041501882155,-0.06390143206336037,0.20345985704175618,0.8984041501882155,-0.06772745703065541,0.19807506797097965,1.0809151301107174,-0.06847499067529796,0.19703607112415727,1.080866000536441,0.0007475336446425423,0.0010389968468223765,4.912957427638531e-05,0.0012809116724614474,0.017962039954326492,0.025008617031320735,-0.0009922440026599588,-0.0024715788324622366,0.002955614479111454,-0.0009882076778866737,-1.0,False,False,0.0019892737062602883
447,22.35,approach,0.0,0.0,0.0,transport,-0.06390143206336037,0.20345985704175618,0.8984041501882155,-0.06390143206336037,0.20345985704175618,0.8984041501882155,-0.06758873570060922,0.19827030587671773,1.0808240887616551,-0.06832755491948186,0.19724311079349321,1.0807693036366925,0.0007388192188726439,0.0010271950832245191,5.4785124962597465e-05,0.001266485288936819,0.01772509949377471,0.024684695051209182,-0.0008382354957170435,-0.002473356268977839,0.002955404992125008,-0.0009883974974193184,-1.0,False,False,0.001989793355494679
448,22.4,approach,0.0,0.0,0.0,transport,-0.06390143206336037,0.20345985704175618,0.8984041501882155,-0.06390143206336037,0.20345985704175618,0.8984041501882155,-0.06745307949342638,0.19846122989526577,1.0807350590204718,-0.0681832368202287,0.19744577717639233,1.0806746417065176,0.0007301573268023165,0.001015452718873433,6.041731395423078e-05,0.0012521677994486188,0.017489508521109642,0.024362382035451047,-0.0006848923244140437,-0.002475129049704124,0.0029552566584739723,-0.000988587204114596,-1.0,False,False,0.00199033485697442
449,22.45,approach,0.0,0.0,0.0,transport,-0.06390143206336037,0.20345985704175618,0.8984041501882155,-0.06390143206336037,0.20345985704175618,0.8984041501882155,-0.06732047124082957,0.19864786418944366,1.080648029619808,-0.06804202084158152,0.1976440921215923,1.0805820044785506,0.0007215496007519501,0.0010037720678513495,6.602514125741976e-05,0.0012379626447603074,0.017255311587982547,0.024041740261026567,-0.0005322417341924179,-0.002476897719965991,0.0029551699619063893,-0.0009887767961592772,-1.0,False,False,0.0019908985027422624
450,22.5,approach,0.0,0.0,0.0,transport,-0.06390143206336037,0.20345985704175618,0.8984041501882155,-0.06390143206336037,0.20345985704175618,0.8984041501882155,-0.06719089318921259,0.19883023374586944,1.0805629889081585,-0.06790389087251718,0.19783807829325792,1.0804913813062413,0.0007129976833045865,0.0009921554526115262,7.160760191715632e-05,0.001223873272523269,0.017022553047378597,0.023722832485542633,-0.00038031140784156037,-0.0024786627423131215,0.002955145362110861,-0.0009889662742222278,-1.0,False,False,0.001991484509220718
451,22.55,approach,0.0,0.0,0.0,transport,-0.06390143206336037,0.20345985704175618,0.8984041501882155,-0.06390143206336037,0.20345985704175618,0.8984041501882155,-0.06706432699634171,0.199008364379602,1.0804799248477086,-0.0677688302022828,0.19802775918060017,1.0804027611772138,0.0007045032059410927,0.0009806051990018383,7.716367049481754e-05,0.0012099031182433348,0.01679127752350934,0.023405721726881823,-0.00022912917065465166,-0.00248042451123564,0.002955183157422565,-0.0009891556763279299,-1.0,False,False,0.0019920930985942355
452,22.6,approach,0.0,0.0,0.0,transport,-0.06390143206336037,0.20345985704175618,0.8984041501882155,-0.06390143206336037,0.20345985704175618,0.8984041501882155,-0.06694075372805972,0.19918228273877978,1.08039882501217,-0.06763682153654181,0.19821315909206297,1.0803161326960762,0.0006960678084820954,0.0009691236467168074,8.269231609392413e-05,0.0011960556240291369,0.016561529484461768,0.023090471163592086,-7.872330087366208e-05,-0.002482183442977047,0.0029552836451338274,-0.0009893450288358768,-1.0,False,False,0.0019927244381066785
453,22.65,approach,0.0,0.0,0.0,transport,-0.06390143206336037,0.20345985704175618,0.8984041501882155,-0.06390143206336037,0.20345985704175618,0.8984041501882155,-0.06682015385498721,0.19935201630926322,1.0803196765846168,-0.06750784697987447,0.1983943031658032,1.080231484093085,0.0006876931248872564,0.0009577131434600206,8.819249153191322e-05,0.0011823342229403157,0.01633335363109195,0.022777144344005018,7.087777081249413e-05,-0.002483939908389059,0.0029554470152174327,-0.0009895343433478354,-1.0,False,False,0.0019933787041689255
454,22.7,approach,0.0,0.0,0.0,transport,-0.06390143206336037,0.20345985704175618,0.8984041501882155,-0.06390143206336037,0.20345985704175618,0.8984041501882155,-0.0667025072492253,0.1995175934192758,1.0802424663553203,-0.06738188805016349,0.19857121737353944,1.0801488032094784,0.0006793808009381841,0.0009463760457363579,9.366314584191571e-05,0.0011687423486449002,0.016106794612983366,0.02246580506945206,0.00021964524470785562,-0.0024856942719551464,0.0029556734795209536,-0.0009897236491883035,-1.0,False,False,0.001994056047817677
455,22.75,approach,0.0,0.0,0.0,transport,-0.06390143206336037,0.20345985704175618,0.8984041501882155,-0.06390143206336037,0.20345985704175618,0.8984041501882155,-0.06658779318105773,0.1996790432440452,1.0801671807195863,-0.06725892566857641,0.1987439285223118,1.0800680774995828,0.000671132487518683,0.0009351147217334099,9.910322000350469e-05,0.0011552834313797765,0.015881897382115095,0.02215651741011515,0.0003675502021582844,-0.002487446900965813,0.0029559631751714163,-0.000989912980649865,-1.0,False,False,0.001994756614290759
456,22.8,approach,0.0,0.0,0.0,transport,-0.06390143206336037,0.20345985704175618,0.8984041501882155,-0.06390143206336037,0.20345985704175618,0.8984041501882155,-0.06647599031565368,0.19983639581044385,1.0800938056755895,-0.0671389401554784,0.19891246424994094,1.0799892940278177,0.0006629498398247197,0.0009239315605029108,0.00010451164777180999,0.0011419609026306217,0.015658707058454624,0.021849345762641192,0.0005145635201353471,-0.002489198176802017,0.0029563162119409956,-0.0009901023647316922,-1.0,False,False,0.0019954805382181224
457,22.85,approach,0.0,0.0,0.0,transport,-0.06390143206336037,0.20345985704175618,0.8984041501882155,-0.06390143206336037,0.20345985704175618,0.8984041501882155,-0.0663670767097699,0.19998968200163056,1.0800223268222107,-0.06702191123401079,0.1990768530503929,1.0799124394648232,0.0006548345242408798,0.0009128289512376486,0.00010988735738748368,0.0011287781800110284,0.01543726891416991,0.021544355033792373,0.0006606558878585744,-0.002490948428291535,0.002956732714173317,-0.0009902918247457974,-1.0,False,False,0.0019962279709082376
458,22.9,approach,0.0,0.0,0.0,transport,-0.06390143206336037,0.20345985704175618,0.8984041501882155,-0.06390143206336037,0.20345985704175618,0.8984041501882155,-0.0662610298084528,0.2001389335616918,1.0799527293568707,-0.0669078180242835,0.19923712425744322,1.0798375000840976,0.0006467882158306959,0.0009018093042485742,0.00011522927277307637,0.0011157386802789283,0.015217628511159653,0.021241610225977703,0.0008057978409503619,-0.002492698060332439,0.0029572127911896987,-0.0009904813652889199,-1.0,False,False,0.001996999065128723
459,22.95,approach,0.0,0.0,0.0,transport,-0.06390143206336037,0.20345985704175618,0.8984041501882155,-0.06390143206336037,0.20345985704175618,0.8984041501882155,-0.06615782644174151,0.200284183100282,1.0798849980733685,-0.06679663904185268,0.19939330805778535,1.0797644617595978,0.0006388126001111716,0.0008908750424966583,0.00012053631377062501,0.0011028458107739398,0.014999831650839845,0.020941176856775767,0.0009499597854167874,-0.0024944474540467237,0.0029577565594263006,-0.000990671034536941,-1.0,False,False,0.00199779398074109
460,23.0,approach,0.0,0.0,0.0,transport,-0.06390143206336037,0.20345985704175618,0.8984041501882155,-0.06390143206336037,0.20345985704175618,0.8984041501882155,-0.06605744282136963,0.20042546409726558,1.079819117359715,-0.0666883521932262,0.19954543549049153,1.0796933099636858,0.0006309093718565723,0.0008800286067740526,0.0001258073960290762,0.001090102969967861,0.01478392440966092,0.02064312078960462,0.001093112002341634,-0.002496196991667963,0.00295836414894793,-0.0009908608877883533,-1.0,False,False,0.001998612879659281
461,23.05,approach,0.0,0.0,0.0,transport,-0.06390143206336037,0.20345985704175618,0.8984041501882155,-0.06390143206336037,0.20345985704175618,0.8984041501882155,-0.06595985453746767,0.2005628109073578,1.0797550711959696,-0.06658293477031502,0.19969353846276616,1.0796240297683264,0.0006230802328473506,0.0008692724445916455,0.00013104142764319704,0.0010775135336738057,0.014569953115170786,0.02034750833732557,0.0012352246456748261,-0.0024979470471801824,0.00295903571141315,-0.000991050946735504,-1.0,False,False,0.0019994559626921723
462,23.1,approach,0.0,0.0,0.0,transport,-0.06390143206336037,0.20345985704175618,0.8984041501882155,-0.06390143206336037,0.20345985704175618,0.8984041501882155,-0.06586503655526585,0.20069625876476538,1.0796928431520765,-0.06648036346098997,0.19983764974105775,1.0795566058311263,0.0006153269057241201,0.0008586090237076294,0.00013623732095013885,0.001065080872103081,0.01435796430098335,0.020054406039984318,0.0013762676750017633,-0.002499698030886005,0.00295977146472282,-0.0009912412511484208,-1.0,False,False,0.0020003233983778945
463,23.15,approach,0.0,0.0,0.0,transport,-0.06390143206336037,0.20345985704175618,0.8984041501882155,-0.06390143206336037,0.20345985704175618,0.8984041501882155,-0.06577296321179621,0.200825843787828,1.0796324163856998,-0.06638061433396107,0.19997780297432516,1.0794910224043563,0.0006076511221648623,0.0008480408135028428,0.00014139398134349612,0.0010528083232929652,0.014148004983875195,0.019763880935405043,0.0015162110914701543,-0.002501450326348648,0.0029605715685948946,-0.0009914318153207318,-1.0,False,False,0.0020012153924903486
464,23.2,approach,0.0,0.0,0.0,transport,-0.06390143206336037,0.20345985704175618,0.8984041501882155,-0.06390143206336037,0.20345985704175618,0.8984041501882155,-0.06568360821259472,0.2009516029836598,1.0795737736400597,-0.06628366283001627,0.2001140326802925,1.0794272633337463,0.0006000546174215471,0.0008375703033673132,0.00014651030631340767,0.0010406992009354965,0.01394012242732695,0.01947600018669282,0.0016550247140667551,-0.002503204400339132,0.002961436206829141,-0.0009916226659195746,-1.0,False,False,0.002002132181460271
465,23.25,approach,0.0,0.0,0.0,transport,-0.06390143206336037,0.20345985704175618,0.8984041501882155,-0.06390143206336037,0.20345985704175618,0.8984041501882155,-0.06559694462840393,0.20107357425279002,1.0795168972417677,-0.06618948376744055,0.2002463742468483,1.0793653120496702,0.0005925391390366186,0.0008272000059417195,0.0001515851920974587,0.0010287567990460436,0.013734364032246815,0.019190831449950596,0.0017926781604282738,-0.0025049607290021894,0.002962365628798636,-0.0009918138512970754,-1.0,False,False,0.002003073983952933
466,23.3,approach,0.0,0.0,0.0,transport,-0.06390143206336037,0.20345985704175618,0.8984041501882155,-0.06390143206336037,0.20345985704175618,0.8984041501882155,-0.06551294489187548,0.201191796393804,1.0794617690986632,-0.06609805134695089,0.20037486395786164,1.0793051515625187,0.0005851064550754098,0.000816932435942358,0.0001566175361444877,0.0010169843761305272,0.013530777511301384,0.01890844293911398,0.0019291409798594117,-0.0025067197187602698,0.0029633600928664658,-0.0009920054195120015,-1.0,False,False,0.0020040410100254456
467,23.35,approach,0.0,0.0,0.0,transport,-0.06390143206336037,0.20345985704175618,0.8984041501882155,-0.06390143206336037,0.20345985704175618,0.8984041501882155,-0.0654315807942723,0.20130630910798447,1.079408370697649,-0.06600933912545692,0.20049953897892994,1.079246764473654,0.0005777583311846191,0.0008067701290545293,0.00016160622399485902,0.0010053851510847841,0.013329411053571716,0.018628903002456676,0.0020643827026045614,-0.0025084818346735828,0.002964419784605569,-0.0009921974124169847,-1.0,False,False,0.002005033492138953
468,23.4,approach,0.0,0.0,0.0,transport,-0.06390143206336037,0.20345985704175618,0.8984041501882155,-0.06390143206336037,0.20345985704175618,0.8984041501882155,-0.06535282348217061,0.2014171530039533,1.0793566831025265,-0.06592332002342663,0.20062043737560487,1.0791901329678342,0.0005704965412560159,0.0007967156283484322,0.0001665501346923559,0.000993962294760599,0.01313031286572619,0.01835228050046711,0.002198372577448815,-0.0025102475251476894,0.0029655449663153898,-0.0009923898597058761,-1.0,False,False,0.002006051678092054
469,23.45,approach,0.0,0.0,0.0,transport,-0.06390143206336037,0.20345985704175618,0.8984041501882155,-0.06390143206336037,0.20345985704175618,0.8984041501882155,-0.06527664345416323,0.20152436960231115,1.079306686951833,-0.06583996632840976,0.20073759811015465,1.079135238805332,0.0005633228742465274,0.0007867714921565017,0.00017144814650116302,0.000982718936653925,0.012933531385267982,0.018078644534125776,0.002331079679978032,-0.0025120172617969514,0.0029667359280879085,-0.000992582767395399,-1.0,False,False,0.0020070957983185345
470,23.5,approach,0.0,0.0,0.0,transport,-0.06390143206336037,0.20345985704175618,0.8984041501882155,-0.06390143206336037,0.20345985704175618,0.8984041501882155,-0.06520301055756092,0.2016280013402802,1.0792583624566756,-0.06575924968280654,0.20085106105659004,1.0790820633273093,0.0005562391252456195,0.0007769402836901584,0.00017629912936634184,0.0009716581455892221,0.012739115416976754,0.01780806460251083,0.002462473026874079,-0.002513791494515687,0.002967992913370823,-0.0009927761896786323,-1.0,False,False,0.002008166105578665
471,23.55,approach,0.0,0.0,0.0,transport,-0.06390143206336037,0.20345985704175618,0.8984041501882155,-0.06390143206336037,0.20345985704175618,0.8984041501882155,-0.06513189398509547,0.20172809157634408,1.0792116893985684,-0.06568114108434056,0.20096086698768542,1.0790305874483577,0.0005492470992450871,0.0007672245886586604,0.00018110195021070474,0.0009607829421059232,0.012547113954221312,0.017540610395080924,0.0025925214251820705,-0.0025155707280395787,0.002969316173846333,-0.0009929701920727172,-1.0,False,False,0.00200926282342835
472,23.6,approach,0.0,0.0,0.0,transport,-0.06390143206336037,0.20345985704175618,0.8984041501882155,-0.06390143206336037,0.20345985704175618,0.8984041501882155,-0.06506326227162187,0.20182468459488953,1.079166647127268,-0.06560561087668801,0.20106705759081042,1.0789807916604037,0.0005423486050661341,0.0007576270040791089,0.00018585546686433752,0.0009500962800108358,0.012357576254373726,0.017276352144082185,0.002721193578207881,-0.002517355441487178,0.002970705917633892,-0.0009931647932719567,-1.0,False,False,0.002010386179810062
473,23.65,approach,0.0,0.0,0.0,transport,-0.06390143206336037,0.20345985704175618,0.8984041501882155,-0.06390143206336037,0.20345985704175618,0.8984041501882155,-0.06499708329082018,0.20191782561084795,1.0791232145586087,-0.06553262874719752,0.20116967547306433,1.0789326560299086,0.0005355454563773371,0.0007481501377836208,0.00019055852870009105,0.0009396010415981905,0.012170551717356481,0.01701536040075058,0.0028484579640997154,-0.002519146104126076,0.0029721623674898497,-0.000993360022966862,-1.0,False,False,0.0020115364131148518
474,23.7,approach,0.0,0.0,0.0,transport,-0.06390143206336037,0.20345985704175618,0.8984041501882155,-0.06390143206336037,0.20345985704175618,0.8984041501882155,-0.06493332425189896,0.2020075607743351,1.079081370172339,-0.06546216373107612,0.2012687641633498,1.0788861601899584,0.0005288394791771595,0.0007387966109853039,0.00019520998238053977,0.0009293000400090115,0.01198608990597122,0.016757706025415375,0.0029742828486067907,-0.0025209431861057028,0.0029736857602760108,-0.0009935559454337555,-1.0,False,False,0.0020127137347191767
475,23.75,approach,0.0,0.0,0.0,transport,-0.06390143206336037,0.20345985704175618,0.8984041501882155,-0.06390143206336037,0.20345985704175618,0.8984041501882155,-0.06487195169629667,0.20209393717529375,1.079041092009957,-0.06539418419689666,0.20136436811854047,1.0788412833462337,0.0005222325005999895,0.000729569056753282,0.00019980866372315553,0.0009191960048616533,0.011804240695588997,0.016503460238879164,0.0030986363999696565,-0.002522747144106563,0.0029752762746576133,-0.0009937526090886817,-1.0,False,False,0.0020139183645754366
476,23.8,approach,0.0,0.0,0.0,transport,-0.06390143206336037,0.20345985704175618,0.8984041501882155,-0.06390143206336037,0.20345985704175618,0.8984041501882155,-0.06481293149438455,0.20217700284813386,1.0790023576725467,-0.06532865831207012,0.20145653416648432,1.0787980044092202,0.0005157268176855662,0.0007204686816495443,0.0002043532633264622,0.0009092906729699189,0.011625054050242167,0.016252694591867844,0.0032214865262591985,-0.0025245584362294762,0.0029769341128484754,-0.0009939500523257919,-1.0,False,False,0.0020151514257370343
477,23.85,approach,0.0,0.0,0.0,transport,-0.06390143206336037,0.20345985704175618,0.8984041501882155,-0.06390143206336037,0.20345985704175618,0.8984041501882155,-0.06475622884216847,0.20225680677637456,1.078965144318613,-0.06526556515604603,0.20154534526932086,1.0787563055934366,0.000509336313877562,0.0007114615070537011,0.0002088387251764079,0.0008995635440516769,0.011448589398032893,0.016005452197804804,0.0033427981878553226,-0.0025263800000866897,0.0029786588720813346,-0.0009941511421977757,-1.0,False,False,0.0020164307537897785
478,23.9,approach,0.0,0.0,0.0,transport,-0.06390143206336037,0.20345985704175618,0.8984041501882155,-0.06390143206336037,0.20345985704175618,0.8984041501882155,-0.0647018082579921,0.20233339889728416,1.0789294286619182,-0.06520488008658372,0.20163087637447316,1.078716167964652,0.0005030718285916197,0.0007025225228109999,0.00021326069726623764,0.0008899995981896451,0.011275137961078707,0.015761072559266065,0.0034624613696321305,-0.0025282581147771156,0.002980438397547175,-0.0009944193294616468,-1.0,False,False,0.0020177600053686343
479,23.95,approach,0.0,0.0,0.0,transport,-0.06390143206336037,0.20345985704175618,0.8984041501882155,-0.06390143206336037,0.20345985704175618,0.8984041501882155,-0.06464963357923906,0.2024068301065215,1.0788951869693177,-0.0651465705952846,0.20171318236439822,1.078677569591203,0.0004969370160455427,0.0006936477421232712,0.000217617378114765,0.0008805969062667122,0.011104930146893233,0.01551907464096669,0.003580380093315405,-0.0025301965139060377,0.0029822707532393277,-0.0009947806353422805,-1.0,False,False,0.002019129220762393
480,24.0,approach,0.0,0.0,0.0,transport,-0.06390143206336037,0.20345985704175618,0.8984041501882155,-0.06390143206336037,0.20345985704175618,0.8984041501882155,-0.06459966795903427,0.20247715226277851,1.0788623950585952,-0.06509059927052051,0.2017923068235149,1.078640486553681,0.0004909313114862396,0.000684845439263615,0.00022190850491421443,0.0008713611265319534,0.010938052725006642,0.015279397967605801,0.0036965093478436017,-0.002532163679526754,0.002984162151650932,-0.0009952158526097775,-1.0,False,False,0.0020205260045846594
481,24.05,approach,0.0,0.0,0.0,transport,-0.06390143206336037,0.20345985704175618,0.8984041501882155,-0.06390143206336037,0.20345985704175618,0.8984041501882155,-0.06455187386294808,0.2025444181924189,1.0788310282962994,-0.06503692680975588,0.20186829079583413,1.078604894205403,0.00048505294680779854,0.0006761273965847636,0.00022613409089644598,0.0008622999737243306,0.01077450815144848,0.015042227378079809,0.003810834852369105,-0.002534125997023243,0.002986118322952302,-0.000995692790649241,-1.0,False,False,0.0020219423928559224
482,24.1,approach,0.0,0.0,0.0,transport,-0.06390143206336037,0.20345985704175618,0.8984041501882155,-0.06390143206336037,0.20345985704175618,0.8984041501882155,-0.06450621306569726,0.2026086816941213,1.0788010615955794,-0.06498551329980298,0.20194117617499877,1.0785707677731922,0.00047930023410572287,0.0006675055191225354,0.00023029382238726193,0.0008534211018615499,0.010614274881172447,0.014807817965743486,0.003923347803529431,-0.002536065675939135,0.0029881405081217775,-0.0009961884114748742,-1.0,False,False,0.0020233747989944826
483,24.15,approach,0.0,0.0,0.0,transport,-0.06390143206336037,0.20345985704175618,0.8984041501882155,-0.06390143206336037,0.20345985704175618,0.8984041501882155,-0.06446264664784748,0.20266999754352003,1.07877246941402,-0.06493631908988617,0.20201100824849397,1.0785380825595627,0.00047367244203869174,0.0006589892950260579,0.00023438685445720253,0.0008447305314999454,0.010457333039110006,0.014576427370425193,0.004034032816555566,-0.0025379783933722833,0.002990226464476199,-0.0009966913638360952,-1.0,False,False,0.002024823683045499
484,24.2,approach,0.0,0.0,0.0,transport,-0.06390143206336037,0.20345985704175618,0.8984041501882155,-0.06390143206336037,0.20345985704175618,0.8984041501882155,-0.06442113499251667,0.20272842149784492,1.0787452257514782,-0.06488930433922109,0.2020778342754403,1.0785068136824265,0.00046816934670441956,0.0006505872224046305,0.00023841206905172996,0.0008362335713300095,0.010303681947390064,0.014348264987019133,0.004142863838310085,-0.0025398708082543854,0.002992371723608068,-0.000997201852593473,-1.0,False,False,0.002026290614799272
485,24.25,approach,0.0,0.0,0.0,transport,-0.06390143206336037,0.20345985704175618,0.8984041501882155,-0.06390143206336037,0.20345985704175618,0.8984041501882155,-0.06438163778207634,0.202784010300564,1.0787193041479188,-0.06484442915975419,0.202141703988739,1.0784769359319364,0.0004627913776778514,0.0006423063118249916,0.00024236821598244696,0.0008279345442616229,0.010153331142895017,0.01412352050247423,0.00424980930984642,-0.0025417513256551986,0.0029945722964339534,-0.0009977231993167051,-1.0,False,False,0.0020277778442698824
486,24.3,approach,0.0,0.0,0.0,transport,-0.06390143206336037,0.20345985704175618,0.8984041501882155,-0.06390143206336037,0.20345985704175618,0.8984041501882155,-0.06434411399485435,0.20283682168602396,1.07869467768125,-0.0648016536780454,0.20220266985944435,1.0784484237135068,0.0004575396831910522,0.0006341518265796098,0.0002462539677432485,0.0008198366407267467,0.010006303297996899,0.013902353945698942,0.004354834986273204,-0.0025436288311339148,0.0029968250884634816,-0.0009982603375008991,-1.0,False,False,0.0020292878169575744
487,24.35,approach,0.0,0.0,0.0,transport,-0.06390143206336037,0.20345985704175618,0.8984041501882155,-0.06390143206336037,0.20345985704175618,0.8984041501882155,-0.06430852190183767,0.20288691438409062,1.07867131896516,-0.06476093744273013,0.20226078541555803,1.0784212508282134,0.0004524155408924674,0.000626128968532591,0.0002500681369466129,0.0008119429659727709,0.009862635524154617,0.013684890492925428,0.00445790503306398,-0.002545511297651585,0.002999128194742862,-0.000998818542697477,-1.0,False,False,0.002030822033391837
488,24.4,approach,0.0,0.0,0.0,transport,-0.06390143206336037,0.20345985704175618,0.8984041501882155,-0.06390143206336037,0.20345985704175618,0.8984041501882155,-0.06427481906337332,0.20293434812479233,1.0786492001469508,-0.06472223956358253,0.20231610574904654,1.0783953905043189,0.0004474205002092113,0.0006182423757457867,0.0002538096426318859,0.0008042562240158176,0.009722367587136349,0.013471254184685977,0.004558986374747498,-0.0025474028402233803,0.003001481544891482,-0.0009993997351093915,-1.0,False,False,0.002032381658009376
489,24.45,approach,0.0,0.0,0.0,transport,-0.06390143206336037,0.20345985704175618,0.8984041501882155,-0.06390143206336037,0.20345985704175618,0.8984041501882155,-0.06424296232587376,0.20297918364295664,1.0786282929053772,-0.0646855185367498,0.2023686870960224,1.0783708154006593,0.0004425562108760356,0.000610496546934236,0.00025747750471794006,0.0007967789524324528,0.00958554475417539,0.013261557878201935,0.00465804802116665,-0.0025493059027379117,0.0030038860840479425,-0.0010000043117809618,-1.0,False,False,0.0020339674877854373
490,24.5,approach,0.0,0.0,0.0,transport,-0.06390143206336037,0.20345985704175618,0.8984041501882155,-0.06390143206336037,0.20345985704175618,0.8984041501882155,-0.06421290781851485,0.2030214826828576,1.078608568448479,-0.06465073190247711,0.20241858587095132,1.0783474975274707,0.00043782408396225714,0.0006028968119062839,0.00026107092100824403,0.0007895141038007133,0.009452214364698841,0.013055911736704062,0.004755060956393997,-0.002551221329029933,0.0030063436396178525,-0.001000631109003134,-1.0,False,False,0.0020355798532694425
491,24.55,approach,0.0,0.0,0.0,transport,-0.06390143206336037,0.20345985704175618,0.8984041501882155,-0.06390143206336037,0.20345985704175618,0.8984041501882155,-0.0641846109499428,0.2030613080028507,1.07858999751142,-0.06461783575615326,0.20246585720217286,1.0783254081112459,0.0004332248062104693,0.000595450800677827,0.0002645894001740423,0.0007824659349955265,0.009322419050686315,0.012854442637987296,0.00484999967898414,-0.00255314854094236,0.003008856710714885,-0.0010012767741317526,-1.0,False,False,0.002037218558442675
492,24.6,approach,0.0,0.0,0.0,transport,-0.06390143206336037,0.20345985704175618,0.8984041501882155,-0.06390143206336037,0.20345985704175618,0.8984041501882155,-0.0641580264049729,0.20309872338001872,1.078572550354321,-0.06458678599782953,0.20251055873089488,1.0783045180925541,0.00042875959285663956,0.0005881646491238401,0.0002680322617669706,0.0007756376320766542,0.00919618702360736,0.012657323556917177,0.004942844861504092,-0.0025550859266702604,0.003011428211477371,-0.0010019350547329866,-1.0,False,False,0.002038884826930475
493,24.65,approach,0.0,0.0,0.0,transport,-0.06390143206336037,0.20345985704175618,0.8984041501882155,-0.06390143206336037,0.20345985704175618,0.8984041501882155,-0.06413310814129403,0.20313379361481007,1.0785561967600985,-0.06455753817188697,0.2025527501405462,1.0782847980966017,0.00042443003059294826,0.0005810434742638815,0.0002713986634967913,0.0007690316016924255,0.009073557130710175,0.012464697678303827,0.005033573350887721,-0.0025570357291373872,0.0030140601966320087,-0.001002603990089158,-1.0,False,False,0.0020405803253995707
494,24.7,approach,0.0,0.0,0.0,transport,-0.06390143206336037,0.20345985704175618,0.8984041501882155,-0.06390143206336037,0.20345985704175618,0.8984041501882155,-0.0641098093861707,0.20316658453568046,1.0785409060322977,-0.06453004726517357,0.20259249264905685,1.0782662183610565,0.00042023787900287435,0.0005740918866236067,0.00027468767124116944,0.000762649779366508,0.008954575714325563,0.012276687902685324,0.005122158713919411,-0.0025590012245839218,0.003016754444154654,-0.00100328341652915,-1.0,False,False,0.0020423066161493965
495,24.75,approach,0.0,0.0,0.0,transport,-0.06390143206336037,0.20345985704175618,0.8984041501882155,-0.06390143206336037,0.20345985704175618,0.8984041501882155,-0.06408808263314442,0.2031971630037353,1.07852664699293,-0.06450426761087523,0.2026298487641821,1.078248748679063,0.000416184977730813,0.000567314239553196,0.0002778983138669311,0.0007564937904164856,0.008839292640583085,0.012093407093569097,0.005208572637469544,-0.0025609851634743478,0.0030195128371929888,-0.0010039733442484475,-1.0,False,False,0.0020440649523848662
496,24.8,approach,0.0,0.0,0.0,transport,-0.06390143206336037,0.20345985704175618,0.8984041501882155,-0.06390143206336037,0.20345985704175618,0.8984041501882155,-0.0640678796387372,0.20322559691736916,1.0785133879803086,-0.06448015281313758,0.20266488216256737,1.0782323583885245,0.0004122731744003877,0.0005607147548017943,0.0002810295917841099,0.0007505650125345254,0.008727759442760663,0.011914963063741069,0.005292786024910789,-0.0025629894174476657,0.0030223372991338817,-0.0010046733870208602,-1.0,False,False,0.002045856333962962
497,24.85,approach,0.0,0.0,0.0,transport,-0.06390143206336037,0.20345985704175618,0.8984041501882155,-0.06390143206336037,0.20345985704175618,0.8984041501882155,-0.06404915141915324,0.2032519552169079,1.078501096846884,-0.06445765571459351,0.20269765759691438,1.0782170163623408,0.00040850429544027345,0.0005542976199935101,0.0002840804845432032,0.0007448646404696126,0.008620027879686909,0.011741461086810512,0.005374769167190152,-0.0025650152152483854,0.003025229769051272,-0.001005382686769445,-1.0,False,False,0.0020476815034196263
498,24.9,approach,0.0,0.0,0.0,transport,-0.06390143206336037,0.20345985704175618,0.8984041501882155,-0.06390143206336037,0.20345985704175618,0.8984041501882155,-0.0640318482469821,0.2032763078892489,1.0784897409570795,-0.06443672838212446,0.2027282408504479,1.078202691001548,0.000404880135142352,0.0005480670388009756,0.00028704995553141543,0.0007393937244956486,0.008516149352228164,0.011573005846690076,0.005454491894774094,-0.0025670632334613436,0.00302819207408617,-0.001006100032621081,-1.0,False,False,0.002049540963300826
499,24.95,approach,0.0,0.0,0.0,transport,-0.06390143206336037,0.20345985704175618,0.8984041501882155,-0.06390143206336037,0.20345985704175618,0.8984041501882155,-0.06401591964789974,0.2032987259725036,1.0784792871851279,-0.06441732208274278,0.20275669870964486,1.0781893502444404,0.0004014024348430456,0.0005420272628587353,0.000289936940687463,0.0007341531842573887,0.008416174684494349,0.011409702441113612,0.005531923671595607,-0.002569133803619153,0.0030312257554709577,-0.0010068239962690688,-1.0,False,False,0.0020514350552508494
500,25.0,approach,0.0,0.0,0.0,transport,-0.06390143206336037,0.20345985704175618,0.8984041501882155,-0.06390143206336037,0.20345985704175618,0.8984041501882155,-0.06400131439737197,0.20331928156063753,1.0784697019129061,-0.06439938728205022,0.2027830989481514,1.0781769615624168,0.00039807288467824664,0.0005361826124861135,0.0002927403504893178,0.0007291438323493542,0.008320153707416234,0.011251657019853423,0.0056070333693147845,-0.0025712271175297964,0.0030343320753377736,-0.0010075530310132527,-1.0,False,False,0.002053363981768994
501,25.05,approach,0.0,0.0,0.0,transport,-0.06390143206336037,0.20345985704175618,0.8984041501882155,-0.06390143206336037,0.20345985704175618,0.8984041501882155,-0.06398798051735716,0.20333804780811074,1.078460951027773,-0.06438287363127292,0.20280751031805266,1.0781654919658499,0.0003948931139157591,0.000530537490058075,0.0002954590619230757,0.0007243663831568046,0.008228135293861238,0.01109897719918651,0.00567978930712254,-0.0025733433303387126,0.0030375119595043606,-0.0010082855580509484,-1.0,False,False,0.002055327867526876
502,25.1,approach,0.0,0.0,0.0,transport,-0.06390143206336037,0.20345985704175618,0.8984041501882155,-0.06390143206336037,0.20345985704175618,0.8984041501882155,-0.06397586527300683,0.20335509893452128,1.0784529999204016,-0.06436772997663869,0.20283000255981917,1.0781549079942399,0.0003918647036318529,0.0005250963747021054,0.0002980919261617032,0.0007198214675324487,0.008140167165321677,0.010951772329372278,0.005750159091033602,-0.0025754825743297934,0.0030407661108930923,-0.001009020089144901,-1.0,False,False,0.002057326778822329
503,25.15,approach,0.0,0.0,0.0,transport,-0.06390143206336037,0.20345985704175618,0.8984041501882155,-0.06390143206336037,0.20345985704175618,0.8984041501882155,-0.06396491516936995,0.2033705102292441,1.0784458134826191,-0.06435390436989347,0.20285064640226277,1.0781451757065488,0.0003889892005235207,0.000519863826981326,0.0003006377760703671,0.0007155096569076717,0.008056296145374786,0.010810153388498556,0.0058181097675857885,-0.002577645066375642,0.003044094994438694,-0.001009755156491139,-1.0,False,False,0.002059360715943836
504,25.2,approach,0.0,0.0,0.0,transport,-0.06390143206336037,0.20345985704175618,0.8984041501882155,-0.06390143206336037,0.20345985704175618,0.8984041501882155,-0.06395507594809466,0.2033843580560725,1.07843935610524,-0.06434134407155957,0.20286951357889638,1.0781362606763785,0.000386268123464914,0.0005148444771761185,0.00030309542886164387,0.0007114314709658835,0.007976568435976161,0.010674233076194417,0.005883607973826699,-0.002579831058671032,0.0030474988361784915,-0.0010104893793097868,-1.0,False,False,0.0020614296429773116
505,25.25,approach,0.0,0.0,0.0,transport,-0.06390143206336037,0.20345985704175618,0.8984041501882155,-0.06390143206336037,0.20345985704175618,0.8984041501882155,-0.06394629258412984,0.20339671985786067,1.0784335916759027,-0.0643299955501533,0.2028866768435924,1.0781281279909172,0.00038370296602345533,0.0005100430142682688,0.00030546368498551857,0.0007075873835675636,0.007901029748594579,0.010544125579285968,0.005946619990484514,-0.0025820408762362006,0.0030509776876793916,-0.0010112214171536175,-1.0,False,False,0.002063533544827685
506,25.3,approach,0.0,0.0,0.0,transport,-0.06390143206336037,0.20345985704175618,0.8984041501882155,-0.06390143206336037,0.20345985704175618,0.8984041501882155,-0.06393850928242864,0.2034076741611633,1.0784284835769045,-0.06431980449728143,0.2029022099701967,1.0781207422370174,0.00038129521485279205,0.0005054641909665869,0.00030774133988709096,0.0007039778558269039,0.007829725354493167,0.01041994635141763,0.006007111719745772,-0.002584274971630478,0.003054531532787428,-0.0010119499734315054,-1.0,False,False,0.002065672381303566
507,25.35,approach,0.0,0.0,0.0,transport,-0.06390143206336037,0.20345985704175618,0.8984041501882155,-0.06390143206336037,0.20345985704175618,0.8984041501882155,-0.06393166947464993,0.20341730058087773,1.0784239946830387,-0.06431071582989435,0.20291618777480425,1.0781140674968137,0.0003790463552444251,0.0005011128060734837,0.000309927186225023,0.0007006033432665618,0.007762700452630111,0.010301812213620587,0.006065048920427252,-0.002586533792605805,0.0030581602860289907,-0.0010126737639460717,-1.0,False,False,0.002067846129501264
508,25.4,approach,0.0,0.0,0.0,transport,-0.06390143206336037,0.20345985704175618,0.8984041501882155,-0.06390143206336037,0.20345985704175618,0.8984041501882155,-0.06392571581586218,0.20342567982488305,1.07842008735943,-0.06430267373009256,0.20292868624065477,1.0781080673574248,0.00037695791423038305,0.000496993584228278,0.00031202000200525326,0.0006974642453318661,0.007700000280643493,0.01018984100157605,0.006120397252327159,-0.0025888178405863186,0.0030618638522091597,-0.001013391533401731,-1.0,False,False,0.0020700548562105317
509,25.45,approach,0.0,0.0,0.0,transport,-0.06390143206336037,0.20345985704175618,0.8984041501882155,-0.06390143206336037,0.20345985704175618,0.8984041501882155,-0.06392059018124321,0.20343289369868495,1.0784167234593698,-0.0642956588128033,0.20293975832016636,1.0781027444517732,0.0003750686315600882,0.0004931353785185832,0.0003139790075965543,0.0006945803028724185,0.007641670976986925,0.010084149160603517,0.006173122038899415,-0.0025911278085021822,0.0030656421494489297,-0.0010141022248333939,-1.0,False,False,0.0020718655580508776
510,25.5,approach,0.0,0.0,0.0,transport,-0.06390143206336037,0.20345985704175618,0.8984041501882155,-0.06390143206336037,0.20345985704175618,0.8984041501882155,-0.06391623366278551,0.20343902511005268,1.0784138643221524,-0.06428955081521477,0.20294950221508104,1.0780981089662833,0.00037331715242926167,0.0004895228949716446,0.0003157553558690296,0.0006918813523714091,0.007588503000355851,0.009985335797726425,0.006222397407582569,-0.002593099325388853,0.0030686300445039514,-0.0010148167820771621,-1.0,False,False,0.0020732346354710328
511,25.55,approach,0.0,0.0,0.0,transport,-0.06390143206336037,0.20345985704175618,0.8984041501882155,-0.06390143206336037,0.20345985704175618,0.8984041501882155,-0.06391258656599622,0.20344415807366345,1.07841147077091,-0.06428423800334128,0.202958018362445,1.0780941344453598,0.00037165143734506356,0.0004861397112184418,0.0003173363255501993,0.0006893177447432379,0.00753928498437112,0.009893117171648202,0.006267236092534212,-0.0025947181490679257,0.003070720568270103,-0.0010155394297452342,-1.0,False,False,0.0020742185270341894
512,25.6,approach,0.0,0.0,0.0,transport,-0.06390143206336037,0.20345985704175618,0.8984041501882155,-0.06390143206336037,0.20345985704175618,0.8984041501882155,-0.06390958840660119,0.20344837771574129,1.0784095031104504,-0.06427963892642051,0.20296539799907648,1.0780907757557139,0.00037005051981932324,0.0004829797166648053,0.00031872735473648106,0.0006868725650260619,0.0074929919348018514,0.009807187065925538,0.006307373301810415,-0.0025960464467793386,0.0030720116980370946,-0.0010162760278857046,-1.0,False,False,0.002074854598103724
513,25.65,approach,0.0,0.0,0.0,transport,-0.06390143206336037,0.20345985704175618,0.8984041501882155,-0.06390143206336037,0.20345985704175618,0.8984041501882155,-0.0639071779072459,0.20345177027870007,1.0784079211250908,-0.06427569081522008,0.2029717266288129,1.0780879827709033,0.00036851290797418335,0.0004800436498871574,0.0003199383541874212,0.0006845467256665015,0.007449220383492217,0.00972744559247174,0.006342907387537622,-0.00259711651620629,0.003072575824430065,-0.0010170299983112941,-1.0,False,False,0.002075173249862975
514,25.7,approach,0.0,0.0,0.0,transport,-0.06390143206336037,0.20345985704175618,0.8984041501882155,-0.06390143206336037,0.20345985704175618,0.8984041501882155,-0.0639052929941992,0.20345442312578288,1.0784066840764943,-0.06427233629420094,0.2029770741817987,1.078085704332609,0.0003670433000017431,0.0004773489439841849,0.0003209797438852302,0.0006823567940481094,0.007407956420417694,0.009653929939399397,0.006374026111819475,-0.002597947303288055,0.0030724793989412922,-0.001017799695523197,-1.0,False,False,0.002075181308249847
515,25.75,approach,0.0,0.0,0.0,transport,-0.06390143206336037,0.20345985704175618,0.8984041501882155,-0.06390143206336037,0.20345985704175618,0.8984041501882155,-0.06390387079405518,0.20345642474570363,1.0784057507015063,-0.06426951583646776,0.202981496122052,1.0780838822757282,0.00036564504241257123,0.0004749286236516437,0.0003218684257781934,0.000680332843626903,0.00736931000291513,0.0095870112780988,0.006400927377945287,-0.0025983783730865527,0.003071836911621341,-0.0010187039153330682,-1.0,False,False,0.0020748459485281008
516,25.8,approach,0.0,0.0,0.0,transport,-0.06390143206336037,0.20345985704175618,0.8984041501882155,-0.06390143206336037,0.20345985704175618,0.8984041501882155,-0.06390284763043491,0.20345786475728936,1.0784050792099897,-0.06426719157089938,0.20298510853919918,1.0780824649863614,0.00036434394046447327,0.00047275621809017565,0.0003226142236283369,0.0006784724651623086,0.007333364120656882,0.00952737270474735,0.006423938685231612,-0.0025979050293086794,0.0030708796300186088,-0.001020064016188854,-1.0,False,False,0.0020740548470939723
517,25.85,approach,0.0,0.0,0.0,transport,-0.06390143206336037,0.20345985704175618,0.8984041501882155,-0.06390143206336037,0.20345985704175618,0.8984041501882155,-0.06390215902068958,0.20345883391411984,1.0784046272826606,-0.06426533073394906,0.20298804721955252,1.0780814049891279,0.0003631717132594886,0.00047078669456732114,0.00032322229353276555,0.0006767617425135951,0.00730065100419619,0.009474507498413165,0.006443245925984442,-0.0025964909065331193,0.0030696373223682303,-0.0010209680290933787,-1.0,False,False,0.0020727412025277198
518,25.9,approach,0.0,0.0,0.0,transport,-0.06390143206336037,0.20345985704175618,0.8984041501882155,-0.06390143206336037,0.20345985704175618,0.8984041501882155,-0.0639017396726026,0.2034594241091695,1.0784043520689242,-0.06426388838123123,0.2029904244192076,1.078080658454409,0.0003621487086286346,0.00046899968996191865,0.00032369361451523027,0.0006751962325307347,0.00727182122692932,0.009427537792339735,0.006458941595925971,-0.002594184841083191,0.0030681242310784886,-0.0010207071487882556,-1.0,False,False,0.002070978861051923
519,25.95,approach,0.0,0.0,0.0,transport,-0.06390143206336037,0.20345985704175618,0.8984041501882155,-0.06390143206336037,0.20345985704175618,0.8984041501882155,-0.06390152348109232,0.20345972837944787,1.0784042101847109,-0.06426281113468624,0.20299233390193422,1.0780801816011159,0.0003612876535939169,0.0004673944775136496,0.0003240285835950374,0.0006737810395345521,0.007247298002778235,0.009386079204805609,0.006471034606039261,-0.002591097814755229,0.0030663722709376082,-0.0010195033016578696,-1.0,False,False,0.002068840388863985
520,26.0,approach,0.0,0.0,0.0,transport,-0.06390143206336037,0.20345985704175618,0.8984041501882155,-0.06390143206336037,0.20345985704175618,0.8984041501882155,-0.06390144352491342,0.20345984091064198,1.0784041577103123,-0.0642620418114363,0.2029938637296736,1.078079929486713,0.0003605982865228785,0.0004659771809683855,0.0003242282235993432,0.0006725249425893921,0.007227352195456338,0.009350140174155253,0.006479522183928665,-0.0025873451117883564,0.00306441735628884,-0.0010175430002511722,-1.0,False,False,0.002066396337385818
521,26.05,approach,0.0,0.0,0.0,transport,-0.06390143206336037,0.20345985704175618,0.8984041501882155,-0.06390143206336037,0.20345985704175618,0.8984041501882155,-0.06390143206336035,0.20345985704175618,1.0784041501882156,-0.06426155297075584,0.20299521152365863,1.0780798598467993,0.00036012090739548364,0.0004646455180975506,0.0003242903414162335,0.0006713767578396984,0.007212194961518925,0.009319866241651598,0.006484414030052399,-0.002583043906730244,0.0030622956636959407,-0.0010149900180094849,-1.0,False,False,0.0020637687668901552
522,26.1,approach,0.0,0.0,0.0,transport,-0.06390143206336037,0.20345985704175618,0.8984041501882155,-0.06390143206336037,0.20345985704175618,0.8984041501882155,-0.06390143206336037,0.20345985704175618,1.0784041501882156,-0.06426128982979705,0.2029964867890902,1.0780799299140034,0.0003598577664366831,0.0004633702526659622,0.0003242202742121947,0.0006703196172951726,0.007202418147909395,0.009292910361951012,0.0064858068283246695,-0.0025783119714006693,0.0030600659517554165,-0.0010123585539740653,-1.0,False,False,0.00206104167823226
523,26.15,approach,0.0,0.0,0.0,transport,-0.06390143206336037,0.20345985704175618,0.8984041501882155,-0.06390143206336037,0.20345985704175618,0.8984041501882155,-0.06390143206336037,0.20345985704175618,1.0784041501882156,-0.06426117990710964,0.20299771205164968,1.0780800968117654,0.0003597478437492724,0.00046214499010649446,0.00032405337645013965,0.0006693333203655102,0.007197155328733662,0.009267405053319244,0.006484405484243894,-0.0025732679214912155,0.003057779222543856,-0.0010098760458814606,-1.0,False,False,0.0020582527056472334
524,26.2,approach,0.0,0.0,0.0,transport,-0.06390143206336037,0.20345985704175618,0.8984041501882155,-0.06390143206336037,0.20345985704175618,0.8984041501882155,-0.06390143206336037,0.20345985704175618,1.0784041501882156,-0.06426116396468962,0.20299890417969194,1.078080325669342,0.00035973190132924937,0.00046095286206424,0.0003238245188734723,0.0006683912782964832,0.0071949568749854476,0.00924289980212989,0.006481067529002793,-0.0025680178870871153,0.0030554627209982716,-0.0010074961505668872,-1.0,False,False,0.0020554310354865533
525,26.25,approach,0.0,0.0,0.0,transport,-0.06390143206336037,0.20345985704175618,0.8984041501882155,-0.06390143206336037,0.20345985704175618,0.8984041501882155,-0.06390143206336037,0.20345985704175618,1.0784041501882156,-0.06426119856665798,0.20300007550812915,1.0780805912374205,0.0003597665032976094,0.0004597815336270239,0.00032355895079505537,0.0006674738872787489,0.007194638026584987,0.0092190572412848,0.006476490377469446,-0.002562647264120094,0.0030531370734403567,-0.0010051765899816577,-1.0,False,False,0.002052597992178314
526,26.3,approach,0.0,0.0,0.0,transport,-0.06390143206336037,0.20345985704175618,0.8984041501882155,-0.06390143206336037,0.20345985704175618,0.8984041501882155,-0.06390143206336037,0.20345985704175618,1.0784041501882156,-0.06426125475682945,0.20300123426588446,1.0780808766044458,0.00035982269346908347,0.00045862277587171985,0.00032327358376971205,0.0006665680994819215,0.007195330065952188,0.009195630672540478,0.006471179015901107,-0.0025572183018935366,0.003050817481915876,-0.0010028864933156639,-1.0,False,False,0.002049767458913189
527,26.35,approach,0.0,0.0,0.0,transport,-0.06390143206336037,0.20345985704175618,0.8984041501882155,-0.06390143206336037,0.20345985704175618,0.8984041501882155,-0.06390143206336037,0.20345985704175618,1.0784041501882156,-0.06426131510881587,0.20300238543142032,1.0780811712299359,0.00035988304545550576,0.00045747161033585226,0.00032297895827970713,0.0006656661987520865,0.007196453869381669,0.009172455517434397,0.006465471675394241,-0.0025517722545590213,0.003048513371127294,-0.0010006053814559483,-1.0,False,False,0.00204694724913712
528,26.4,approach,0.0,0.0,0.0,transport,-0.06390143206336037,0.20345985704175618,0.8984041501882155,-0.06390143206336037,0.20345985704175618,0.8984041501882155,-0.06390143206336037,0.20345985704175618,1.0784041501882156,-0.0642613704716262,0.2030035316591508,1.0780814690376008,0.000359938408265828,0.0004563253826053715,0.00032268115061473424,0.0006647643473569603,0.007197660909110115,0.009149432206717045,0.006459579165594143,-0.00254633376890903,0.003046229095380296,-0.0009983209898485402,-1.0,False,False,0.0020441407822070277
529,26.45,approach,0.0,0.0,0.0,transport,-0.06390143206336037,0.20345985704175618,0.8984041501882155,-0.06390143206336037,0.20345985704175618,0.8984041501882155,-0.06390143206336037,0.20345985704175618,1.0784041501882156,-0.06426141708259545,0.2030046740940086,1.0780817668729714,0.000359985019235079,0.0004551829477475733,0.00032238331524414576,0.0006638612294310133,0.00719876816531656,0.00912650765210743,0.006453623012294685,-0.002540915634780787,0.003043965218543287,-0.0009960269249137356,-1.0,False,False,0.002041348684894209
530,26.5,approach,0.0,0.0,0.0,transport,-0.06390143206336037,0.20345985704175618,0.8984041501882155,-0.06390143206336037,0.20345985704175618,0.8984041501882155,-0.06390143206336037,0.20345985704175618,1.0784041501882156,-0.06426145433714085,0.20300581299582351,1.078082063353565,0.0003600222737804859,0.0004540440459326611,0.0003220868346505146,0.0006629569837630188,0.0071997003847015795,0.009103658954951466,0.006447666304882915,-0.002535522973145927,0.003041719974990366,-0.0009937206144943929,-1.0,False,False,0.002038570042107677
531,26.55,approach,0.0,0.0,0.0,transport,-0.06390143206336037,0.20345985704175618,0.8984041501882155,-0.06390143206336037,0.20345985704175618,0.8984041501882155,-0.06390143206336037,0.20345985704175618,1.0784041501882156,-0.06426148323108904,0.20300694817431159,1.0780823580782253,0.0003600511677286783,0.00045290886744459025,0.00032179210999028207,0.0006620524508260082,0.007200445475609718,0.009080880918653222,0.0064417366930102915,-0.002530156445031352,0.0030394904587662244,-0.0009914017253621163,-1.0,False,False,0.0020358032716671966
532,26.6,approach,0.0,0.0,0.0,transport,-0.06390143206336037,0.20345985704175618,0.8984041501882155,-0.06390143206336037,0.20345985704175618,0.8984041501882155,-0.06390143206336037,0.20345985704175618,1.0784041501882156,-0.06426150536258148,0.20300807926815506,1.0780826511302193,0.00036007329922110864,0.00045177777360111415,0.0003214990579962773,0.000661148683598816,0.007201023354573566,0.009058177348891805,0.006435842199805641,-0.0025248144791752535,0.0030372734657277047,-0.0009890710711859163,-1.0,False,False,0.0020330466874481025
533,26.65,approach,0.0,0.0,0.0,transport,-0.06390143206336037,0.20345985704175618,0.8984041501882155,-0.06390143206336037,0.20345985704175618,0.8984041501882155,-0.06390143206336037,0.20345985704175618,1.0784041501882156,-0.06426152236741772,0.20300920590244406,1.0780829427770162,0.0003600903040573561,0.00045065113931211376,0.0003212074111993424,0.0006602466792410309,0.007201465984422173,0.009035555472022283,0.006429981159925546,-0.0025194946997116603,0.003035066041038593,-0.0009867299113911492,-1.0,False,False,0.0020302987894071367
534,26.7,approach,0.0,0.0,0.0,transport,-0.06390143206336037,0.20345985704175618,0.8984041501882155,-0.06390143206336037,0.20345985704175618,0.8984041501882155,-0.06390143206336037,0.20345985704175618,1.0784041501882156,-0.06426153565206313,0.20301032776133798,1.0780832333071269,0.0003601035887027676,0.00044952928041819273,0.0003209168810887064,0.0006593472629181174,0.007201806081147122,0.009013022786242275,0.0064241482239868475,-0.0025141947240722986,0.0030328657222692527,-0.0009843795493627249,-1.0,False,False,0.002027558370256007
535,26.75,approach,0.0,0.0,0.0,transport,-0.06390143206336037,0.20345985704175618,0.8984041501882155,-0.06390143206336037,0.20345985704175618,0.8984041501882155,-0.06390143206336037,0.20345985704175618,1.0784041501882156,-0.06426154629745105,0.20301144461729123,1.0780835229638617,0.000360114234090686,0.00044841242446494456,0.0003206272243538866,0.0006584510467803423,0.007202071774055352,0.008990585608363855,0.006418337621774128,-0.0025089125216694237,0.0030306705876963105,-0.000982021143694805,-1.0,False,False,0.0020248245462707974
536,26.8,approach,0.0,0.0,0.0,transport,-0.06390143206336037,0.20345985704175618,0.8984041501882155,-0.06390143206336037,0.20345985704175618,0.8984041501882155,-0.06390143206336037,0.20345985704175618,1.0784041501882156,-0.0642615550665145,0.20301255632720505,1.0780838119233618,0.0003601230031541336,0.0004473007145511243,0.00032033826485378114,0.0006575584465036015,0.00720228468181372,0.008968248489298891,0.0064125444870777315,-0.002503646555315577,0.003028479244166279,-0.0009796556366568007,-1.0,False,False,0.0020220967161380375
537,26.85,approach,0.0,0.0,0.0,transport,-0.06390143206336037,0.20345985704175618,0.8984041501882155,-0.06390143206336037,0.20345985704175618,0.8984041501882155,-0.06390143206336037,0.20345985704175618,1.0784041501882156,-0.0642615624600483,0.2030136628190318,1.0780841002952561,0.0003601303966879327,0.0004461942227243776,0.00032004989295941755,0.0006566697198703119,0.007202460063082672,0.008946014291022486,0.006406765297075623,-0.002498395750867338,0.003026290740511478,-0.000977283757977927,-1.0,False,False,0.0020193744984392087
538,26.9,approach,0.0,0.0,0.0,transport,-0.06390143206336037,0.20345985704175618,0.8984041501882155,-0.06390143206336037,0.20345985704175618,0.8984041501882155,-0.06390143206336037,0.20345985704175618,1.0784041501882156,-0.0642615687788199,0.20301476407386226,1.078084388140284,0.00036013671545953585,0.00044509296789391195,0.00031976204793160434,0.0006557850037840201,0.0072026079337586535,0.008923884454487552,0.006400997859188351,-0.0024931594202646976,0.0030241044530610254,-0.000974906057991383,-1.0,False,False,0.002016657679070916
539,26.95,approach,0.0,0.0,0.0,transport,-0.06390143206336037,0.20345985704175618,0.8984041501882155,-0.06390143206336037,0.20345985704175618,0.8984041501882155,-0.06390143206336037,0.20345985704175618,1.0784041501882156,-0.06426157418568906,0.20301586010864464,1.078084675487145,0.0003601421223286966,0.00044399693311153454,0.00031947470107063225,0.0006549043514224319,0.007202734309190717,0.008901859357878239,0.006395240958632087,-0.0024879371646205333,0.0030219200110082013,-0.0009725229509841447,-1.0,False,False,0.0020139461590660056
540,27.0,approach,0.0,0.0,0.0,transport,-0.06390143206336037,0.20345985704175618,0.8984041501882155,-0.06390143206336037,0.20345985704175618,0.8984041501882155,-0.06390143206336037,0.20345985704175618,1.0784041501882156,-0.06426157876015562,0.20301695096238428,1.0780849623396611,0.00036014669679525213,0.00044290607937189086,0.0003191878485544475,0.000654027767775901,0.007202842446573932,0.00887993866223069,0.006389494021412645,-0.0024827287815326156,0.0030197372201377047,-0.0009701347561712465,-1.0,False,False,0.0020112399024446487
541,27.05,approach,0.0,0.0,0.0,transport,-0.06390143206336037,0.20345985704175618,0.8984041501882155,-0.06390143206336037,0.20345985704175618,0.8984041501882155,-0.06390143206336037,0.20345985704175618,1.0784041501882156,-0.06426158253363812,0.20301803668556678,1.0780852486888315,0.0003601504702777508,0.00044182035618939297,0.0003189014993840722,0.0006531552301666248,0.007202933935905043,0.008858121587437817,0.00638375697108895,-0.002477534188846974,0.003017555975048489,-0.0009677417327395617,-1.0,False,False,0.002008538909433008
542,27.1,transport,0.0,0.0,0.0,transport,-0.06390143206336037,0.20345985704175618,0.8984041501882155,-0.06390143206336037,0.20345985704175618,0.8984041501882155,-0.06390143206336037,0.20345985704175618,1.0784041501882156,-0.06426158551040367,0.20301911733537142,1.0780855345245648,0.0003601534470433071,0.0004407397063847518,0.00031861566365076754,0.000652286697185304,0.0072030094055550165,0.00883640712378786,0.006378029987681444,-0.0024723533697041536,0.0030153762254979755,-0.0009653441028148704,-1.0,False,False,0.0020058432079181968
543,27.15,transport,0.009864773570525415,0.001652390882835078,0.0013849228435323744,transport,-0.06372428930719794,0.20366056012524433,0.8990398275405956,-0.06372428930719794,0.20366056012524433,0.8990398275405956,-0.06372428930719794,0.20366056012524433,1.0790398275405957,-0.064239220652067,0.20303975674478295,1.0781467596089505,0.0005149313448690601,0.0006208033804613877,0.0008930679316452306,0.0012033791828239492,0.010745924064114731,0.012828855797458183,0.019085860320617876,-0.0024671863468630722,0.0030131979687514575,-0.0009629420698935044,-1.0,False,False,0.002064685493481954
544,27.2,transport,0.01972954714105083,0.003304781765670156,0.002769845687064749,transport,-0.06354714655103551,0.20386126320873252,0.8996755048929759,-0.06354714655103551,0.20386126320873252,0.8996755048929759,-0.06354714655103551,0.20386126320873252,1.0796755048929758,-0.06418735506872651,0.20309589435956074,1.0783267880747796,0.0006402085176910044,0.0007653688491717769,0.0013487168181962605,0.001677704824184543,0.013841482020629792,0.016430129278991457,0.030574905680507136,-0.0024981519347763523,0.0031345003115798133,-0.000992899519316279,-1.0,False,False,0.002182614256399553
545,27.25,transport,0.029594320711576246,0.004957172648505234,0.004154768530597123,transport,-0.06337000379487308,0.20406196629222068,0.900311182245356,-0.06337000379487308,0.20406196629222068,0.900311182245356,-0.06337000379487308,0.20406196629222068,1.080311182245356,-0.06411225464986606,0.20318894387602762,1.0786286971099075,0.000742250854992979,0.0008730224161930533,0.0016824851354484416,0.0020356474896008705,0.016347025477068677,0.019321438653198686,0.039687883411527736,-0.002548762514430485,0.0033789851293019686,-0.0010684049372519935,-1.0,False,False,0.002321561319559104
546,27.3,transport,0.03945909428210166,0.006609563531340312,0.005704051115719092,transport,-0.0631655656309203,0.20419054147999624,0.9008866732615689,-0.0631655656309203,0.20419054147999624,0.9008866732615689,-0.0631655656309203,0.20419054147999624,1.080886673261569,-0.06401359064882495,0.2033066751782001,1.0790236029421731,0.0008480250179046522,0.0008838663017961268,0.0018630703193958098,0.0022296629981807905,0.018933780378915244,0.02003195207937236,0.04515952303322912,-0.002590371756051542,0.0036739782661137288,-0.0011620867899887891,-1.0,False,False,0.002448774747412733
547,27.35,transport,0.049323867852627074,0.00826195441417539,0.007353654812528542,transport,-0.06294446702672216,0.20427509158832363,0.9014254280302413,-0.06294446702672216,0.20427509158832363,0.9014254280302413,-0.06294446702672216,0.20427509158832363,1.0814254280302413,-0.06388792167098498,0.2034317531217023,1.0794768213174712,0.00094345464426282,0.0008433384666213239,0.0019486067127700846,0.0023234445455222134,0.021382472442055822,0.019368328202470364,0.04803650176136376,-0.002605509015887431,0.003958436064835367,-0.0012361625067138947,-1.0,False,False,0.002543594959794182
548,27.4,transport,0.05918864142315249,0.009914345297010468,0.009003258509337992,transport,-0.06272336842252403,0.20435964169665102,0.9019641827989138,-0.06272336842252403,0.20435964169665102,0.9019641827989138,-0.06272336842252403,0.20435964169665102,1.0819641827989137,-0.06373456534024353,0.20355465473236048,1.0799653869999322,0.0010111969177195035,0.0008049869642905438,0.0019987957989815452,0.002380274745719368,0.0232910649692189,0.018557771498974307,0.049747229628849254,-0.002584907755303365,0.004192113306338569,-0.0012743387310103632,-1.0,False,False,0.0025982906650713145
549,27.45,transport,0.0690534149936779,0.011566736179845544,0.010618153507810675,transport,-0.06250898497563384,0.20447419378518605,0.9025573662540253,-0.06250898497563384,0.20447419378518605,0.9025573662540253,-0.06250898497563384,0.20447419378518605,1.0825573662540253,-0.06355658675992587,0.2036761246932345,1.0804839279619582,0.0010476017842920293,0.0007980690919515421,0.0020734382920670757,0.002456324515407163,0.02451160729219387,0.018390781056511485,0.05183958508186315,-0.0025281660759375276,0.004352674443914467,-0.0012911463892833625,-1.0,False,False,0.0026145946267776277
550,27.5,transport,0.07891818856420332,0.013219127062680623,0.012124301170255333,transport,-0.06231564108088022,0.2046827463859699,0.9033210825996623,-0.06231564108088022,0.2046827463859699,0.9033210825996623,-0.06231564108088022,0.2046827463859699,1.0833210825996622,-0.06336102283353306,0.2038091957990141,1.0810514723110765,0.0010453817526528478,0.0008735505869557902,0.002269610288585744,0.0026470822614351464,0.024818913580913066,0.020132433854707643,0.05674309275407907,-0.002439940759814683,0.004434938370343901,-0.0013124141836112916,-1.0,False,False,0.002603430375450925
551,27.55,transport,0.08878296213472874,0.014871517945515701,0.013630448832699987,transport,-0.06212229718612659,0.20489129898675376,0.9040847989452994,-0.06212229718612659,0.20489129898675376,0.9040847989452994,-0.06212229718612659,0.20489129898675376,1.0840847989452993,-0.06315468921356497,0.20396321362935363,1.0816787988991043,0.001032392027438378,0.0009280853574001324,0.002406000046194956,0.0027777710401019353,0.024774512948129435,0.02164206375479316,0.060666532684456875,-0.0023275194567783236,0.004452317894614362,-0.001367814835018711,-1.0,False,False,0.0025685500477519536
552,27.6,transport,0.09864773570525415,0.01652390882835078,0.015136596495144643,transport,-0.06192895329137296,0.20509985158753763,0.9048485152909365,-0.06192895329137296,0.20509985158753763,0.9048485152909365,-0.06192895329137296,0.20509985158753763,1.0848485152909364,-0.062941032370784,0.2041378581242945,1.0823573633426333,0.0010120790794110324,0.0009619934632431326,0.002491151948303072,0.0028557964766135193,0.024514718443840178,0.022732759163680005,0.06339432783664112,-0.0021936353013438416,0.004412086347469876,-0.0014530160420292292,-1.0,False,False,0.002509575835936934
553,27.65,transport,0.10851250927577957,0.01817629971118586,0.01666735159592699,transport,-0.0617324164806613,0.2053120720796967,0.9056343884341148,-0.0617324164806613,0.2053120720796967,0.9056343884341148,-0.0617324164806613,0.2053120720796967,1.0856343884341149,-0.06272169976871428,0.20433008612123865,1.0830771614860912,0.0009892832880529778,0.0009819859584580537,0.0025572269480236276,0.0029124538640685677,0.02417231780245388,0.02348427910804418,0.06554050182963067,-0.0020409658452633394,0.004317159166102153,-0.0015454703679730983,-1.0,False,False,0.0024299912226225114
554,27.7,transport,0.11837728284630498,0.019828690594020936,0.018202015739175095,transport,-0.061535372455671644,0.20552487523889124,0.9064237813204419,-0.061535372455671644,0.20552487523889124,0.9064237813204419,-0.061535372455671644,0.20552487523889124,1.0864237813204418,-0.06249809701225833,0.2045363047893896,1.0838291011482974,0.0009627245565866846,0.0009885704495016245,0.00259468017214437,0.0029387880667380577,0.023726546260852688,0.023895782353051676,0.06693239668701167,-0.001873919892333338,0.00417727799071598,-0.001630399396923057,-1.0,False,False,0.0023341986949934512
555,27.75,transport,0.1282420564168304,0.021481081476856012,0.0197366798824232,transport,-0.061338328430681995,0.20573767839808574,0.9072131742067688,-0.061338328430681995,0.20573767839808574,0.9072131742067688,-0.061338328430681995,0.20573767839808574,1.0872131742067688,-0.06227155011830521,0.20475251332991382,1.0846040354082491,0.0009332216876232133,0.0009851650681719226,0.00260913879851965,0.0029409281187640526,0.023195371631526684,0.024027472173922537,0.06768146116942653,-0.00170120933737083,0.0040017242121675465,-0.0016988302772881284,-1.0,False,False,0.0022269566312671605
556,27.8,transport,0.1381068299873558,0.023133472359691088,0.02134535643627552,transport,-0.06112894252652338,0.20591772511973022,0.907926850260698,-0.06112894252652338,0.20591772511973022,0.907926850260698,-0.06112894252652338,0.20591772511973022,1.087926850260698,-0.06204175596414295,0.20497125366062932,1.0853849702889546,0.000912813437619571,0.0009464714591009005,0.002541879971743377,0.002861850867103588,0.022852151835636575,0.02330423579632812,0.06645629704897793,-0.0015297150898398485,0.0037997487438145754,-0.0017490639147769722,-1.0,False,False,0.0021111000489115895
557,27.85,transport,0.14797160355788122,0.024785863242526168,0.023032972540096203,transport,-0.060906393122089494,0.20606283474882958,0.9085597688764391,-0.060906393122089494,0.20606283474882958,0.9085597688764391,-0.060906393122089494,0.20606283474882958,1.088559768876439,-0.06180687927677941,0.20518255795367082,1.0861487623322907,0.0009004861546899126,0.0008802767951587576,0.0024110065441482753,0.002720057923429023,0.022707256841069112,0.021831621764005216,0.06349597174968746,-0.0013646014967976054,0.0035788037709045223,-0.0017767948644554794,-1.0,False,False,0.001990026528415315
558,27.9,transport,0.15783637712840665,0.026438254125361247,0.024720588643916887,transport,-0.06068384371765562,0.20620794437792897,0.9091926874921802,-0.06068384371765562,0.20620794437792897,0.9091926874921802,-0.06068384371765562,0.20620794437792897,1.0891926874921802,-0.06156681700228168,0.2053815685851176,1.0868846906908916,0.000882973284626061,0.0008263757928113624,0.002307996801288681,0.0026056454108467496,0.022460711182475807,0.020507728485162913,0.06087850319778987,-0.0012060536452972183,0.0033475254411669975,-0.001783348076117458,-1.0,False,False,0.00187050051371354
559,27.95,transport,0.16770115069893204,0.028090645008196323,0.026373092292311218,transport,-0.06046759858326414,0.2063759127513856,0.9098507398349032,-0.06046759858326414,0.2063759127513856,0.9098507398349032,-0.06046759858326414,0.2063759127513856,1.089850739834903,-0.06132420631509106,0.20557087618439462,1.0875978492590002,0.0008566077318269139,0.0008050365669909632,0.002252890575902944,0.002541136876953019,0.0219843683803507,0.019886883325359594,0.05932098288023102,-0.0010589890461362272,0.0031161484635363027,-0.0017785526814166322,-1.0,False,False,0.0017610156375753598
560,28.0,transport,0.17756592426945747,0.029743035891031402,0.02772587826682802,transport,-0.06030516629476065,0.20673900190472863,0.9107233320636978,-0.06030516629476065,0.20673900190472863,0.9107233320636978,-0.06030516629476064,0.20673900190472863,1.0907233320636978,-0.06108867632471109,0.20577579460532366,1.08832197975736,0.000783510029950453,0.0009632072994049667,0.002401352306337756,0.002703358867744649,0.020380800406608335,0.023362514406680135,0.06250965609395198,-0.0009331294065613994,0.0028954907191177394,-0.0017748541656297308,-1.0,False,False,0.0016792140915228308
561,28.05,transport,0.18743069783998287,0.031395426773866475,0.02907866424134482,transport,-0.060142734006257144,0.20710209105807167,0.9115959242924925,-0.060142734006257144,0.20710209105807167,0.9115959242924925,-0.060142734006257144,0.20710209105807167,1.0915959242924924,-0.06086783089415671,0.20601349113369877,1.0890818313351622,0.0007250968878995678,0.0010885999243729072,0.002514092957330183,0.0028339863602853776,0.01891884636907898,0.026525929054960207,0.06547889070264823,-0.0008631090093821823,0.0027009943943405515,-0.0017996421811959208,-1.0,False,False,0.0016274703736576996
562,28.1,transport,0.1972954714105083,0.03304781765670156,0.030431450215861622,transport,-0.05998030171775364,0.20746518021141472,0.9124685165212871,-0.05998030171775364,0.20746518021141472,0.9124685165212871,-0.05998030171775364,0.20746518021141472,1.092468516521287,-0.060662452826416045,0.2062833248424823,1.089876129437686,0.0006821511086624044,0.0011818553689324218,0.0025923870836011,0.0029296045875417307,0.017750583528061414,0.029033781554319016,0.06773370372249676,-0.0008453239810471252,0.0025428390910506894,-0.001847711014370287,-1.0,False,False,0.0015975021546134741
563,28.15,transport,0.20716024498103372,0.03470020853953664,0.03192160649504178,transport,-0.059795804629277416,0.2077805675479978,0.9133325539400089,-0.059795804629277416,0.2077805675479978,0.9133325539400089,-0.059795804629277416,0.2077805675479978,1.093332553940009,-0.06046848291099513,0.20657513125123714,1.0906953842517857,0.0006726782817177146,0.0012054362967606758,0.002637169688223251,0.002976614973543993,0.01733296394277259,0.029944854110310337,0.06912849004645949,-0.0008534805506322859,0.002424876301974263,-0.0018972607637841464,-1.0,False,False,0.0015804898300204465
564,28.2,transport,0.21702501855155915,0.03635259942237172,0.033463649534701954,transport,-0.05960297334518278,0.2080779372151381,0.9141933600826387,-0.05960297334518278,0.2080779372151381,0.9141933600826387,-0.05960297334518279,0.2080779372151381,1.0941933600826388,-0.06028095163230932,0.2068775316052126,1.091529678009299,0.0006779782871265336,0.0012004056099254867,0.0026636820733398903,0.0029993049818229397,0.017310191316246837,0.0300561192780191,0.0699595166170619,-0.0008611604971591396,0.0023518262767219513,-0.001928498943075943,-1.0,False,False,0.0015709200899490328
565,28.25,transport,0.22688979212208454,0.03800499030520679,0.03500569257436213,transport,-0.059410142061088154,0.20837530688227837,0.9150541662252686,-0.059410142061088154,0.20837530688227837,0.9150541662252686,-0.059410142061088154,0.20837530688227837,1.0950541662252686,-0.06009695099423825,0.2071841464299015,1.0923722972125254,0.000686808933150096,0.0011911604523768826,0.0026818690127432543,0.0030138001153815677,0.017416191424423355,0.02995550554131532,0.07048976431939469,-0.0008566880747169498,0.002322162717309534,-0.0019351500130473799,-1.0,False,False,0.001567345973349884
566,28.3,transport,0.23675456569260997,0.03965738118804187,0.03697334347895694,transport,-0.05914815968388798,0.20850953999904867,0.9157831853985858,-0.05914815968388798,0.20850953999904867,0.9157831853985858,-0.05914815968388798,0.20850953999904867,1.0957831853985858,-0.05990682996363731,0.2074732880803607,1.093203030437331,0.0007586702797493308,0.0010362519186879748,0.0025801549612547436,0.00288211697480288,0.018975826207005414,0.026507871382943637,0.0682177637212078,-0.0008432167235115776,0.0023271538394645996,-0.0019234433096298807,-1.0,False,False,0.0015634237099876455
567,28.35,transport,0.2466193392631354,0.04130977207087695,0.03974258326426658,transport,-0.0587559382958763,0.20833652210946169,0.9162639972949057,-0.0587559382958763,0.20833652210946169,0.9162639972949057,-0.0587559382958763,0.20833652210946169,1.0962639972949058,-0.05968839193056307,0.2076951403259522,1.0939758813200573,0.0009324536346867682,0.0006413817835094759,0.002288115974848459,0.002552707403408208,0.023017833355220146,0.017264680582019798,0.061219337151494635,-0.000803582751801556,0.002364586292358738,-0.0018815316140852714,-1.0,False,False,0.0015500029290471257
568,28.4,transport,0.2564841128336608,0.042962162953712024,0.04251182304957621,transport,-0.058363716907864634,0.20816350421987473,0.9167448091912257,-0.058363716907864634,0.20816350421987473,0.9167448091912257,-0.05836371690786464,0.20816350421987473,1.0967448091912257,-0.05943025000475565,0.20782525487821116,1.0946678127065597,0.0010665330968910106,0.00033824934166357123,0.0020769964846660827,0.002359198987202019,0.026493500453968616,0.009367277878450375,0.055378557423368946,-0.0007006084450247096,0.002438716968413703,-0.0017809670617251218,-1.0,False,False,0.0015370986715037614
569,28.45,transport,0.26634888640418625,0.04461455383654711,0.04528106283488585,transport,-0.057971495519852964,0.20799048633028774,0.9172256210875456,-0.057971495519852964,0.20799048633028774,0.9172256210875456,-0.057971495519852964,0.20799048633028774,1.0972256210875455,-0.05913686595676515,0.20787512411709794,1.0952896954499696,0.001165370436912186,0.00011536221318980688,0.0019359256375759415,0.002262565970239269,0.02917508969805374,0.003304629041531726,0.051156167619716975,-0.0005618267762520593,0.002532198980436575,-0.0016501540233313683,-1.0,False,False,0.0015143863025200643
570,28.5,transport,0.2762136599747116,0.046266944719382176,0.04791465299007803,transport,-0.057612118138918075,0.2080374710800173,0.9180146839718163,-0.057612118138918075,0.2080374710800173,0.9180146839718163,-0.057612118138918075,0.2080374710800173,1.0980146839718163,-0.05882589531369506,0.20790232220304827,1.0958974546160192,0.0012137771747769838,0.00013514887696902678,0.0021172293557971678,0.0024442136555556833,0.030494956356941494,0.0032469392583872603,0.054499770436935435,-0.0004243116048984132,0.0026244498241677484,-0.0014510982997081813,-1.0,False,False,0.0014871826090279026
571,28.55,transport,0.28607843354523704,0.04791933560221726,0.05054372792527655,transport,-0.05725383400031121,0.20809177881555113,0.9188140072675799,-0.05725383400031121,0.20809177881555113,0.9188140072675799,-0.05725383400031121,0.20809177881555113,1.0988140072675798,-0.05850688103646021,0.20793256335087054,1.0965368381225502,0.0012530470361489937,0.0001592154646805899,0.0022771691450296228,0.002604030674563988,0.031441226267676925,0.00378913225005717,0.05833105303121311,-0.0003316585649855525,0.0027321177960396054,-0.0011279997319217645,-1.0,False,False,0.0014871968893934184
572,28.6,transport,0.29594320711576244,0.049571726485052335,0.05317280286047506,transport,-0.05689554986170435,0.20814608655108496,0.9196133305633435,-0.05689554986170435,0.20814608655108496,0.9196133305633435,-0.05689554986170435,0.20814608655108496,1.0996133305633435,-0.05818157067068805,0.20796612875671439,1.0972151925579263,0.0012860208089836983,0.00017995779437057768,0.0023981380054172163,0.00272714140115988,0.032226623495117124,0.004270464004288432,0.06152984881586665,-0.0002790847528882674,0.0028615335690347714,-0.0007620732807796488,-1.0,False,False,0.0015165503976876141
573,28.65,transport,0.3058079806862879,0.05122411736788742,0.05559246662315293,transport,-0.056572449069785244,0.20830024173354106,0.920488276591411,-0.056572449069785244,0.20830024173354106,0.920488276591411,-0.056572449069785244,0.20830024173354106,1.100488276591411,-0.0578561464367066,0.208018004077508,1.0979369946839193,0.0012836973669213547,0.00028223765603305195,0.0025512819074917648,0.002869943622411191,0.032182432018056095,0.0066822595365334525,0.06546168066969393,-0.00024414048029871343,0.003000199773361046,-0.00037268912072890907,-1.0,False,False,0.0015702236689749802
574,28.7,transport,0.3156727542568133,0.052876508250722494,0.0578658596248816,transport,-0.05627392335106214,0.2085241389544202,0.9214160440351938,-0.05627392335106214,0.2085241389544202,0.9214160440351938,-0.05627392335106214,0.2085241389544202,1.1014160440351939,-0.0575365152512579,0.2081024868353785,1.0987084508893121,0.0012625919001957586,0.0004216521190417155,0.0027075931458817593,0.0030171160832089617,0.03164446171288915,0.010122697538244019,0.06958098702549265,-0.000238147188652595,0.00313138864023199,-1.0029097661633231e-05,-1.0,False,False,0.001633618166113795
575,28.75,transport,0.3255375278273387,0.05452889913355757,0.060139252626610275,transport,-0.05597539763233904,0.20874803617529938,0.9223438114789768,-0.05597539763233904,0.20874803617529938,0.9223438114789768,-0.05597539763233904,0.20874803617529938,1.1023438114789768,-0.057223527113750616,0.20822057455828452,1.0995262509018167,0.0012481294814115779,0.0005274616170148627,0.0028175605771600942,0.0031264501540500195,0.031222352378377227,0.012910986798417845,0.07270721179329254,-0.00026771876237514556,0.0032447786657481947,0.00027307750768907973,-1.0,False,False,0.0016913249373275373
576,28.8,transport,0.3354023013978641,0.056181290016392646,0.06240654725237107,transport,-0.05567894145341344,0.20899138588968344,0.9232648830259415,-0.05567894145341344,0.20899138588968344,0.9232648830259415,-0.05567894145341344,0.20899138588968344,1.1032648830259415,-0.05691519985924563,0.20836789748124365,1.1003794475051065,0.0012362584058321913,0.0006234884084397874,0.002885435520834978,0.0032004391552325675,0.0308917132067435,0.015416226627978369,0.07477264248249682,-0.00031910494288412745,0.0033364927354048815,0.00045640819068172215,-1.0,False,False,0.001734836633292038
577,28.85,transport,0.34526707496838954,0.05783368089922773,0.06465086339249788,transport,-0.055390283234265404,0.20930803197754505,0.9241607246478155,-0.055390283234265404,0.20930803197754505,0.9241607246478155,-0.05539028323426541,0.20930803197754505,1.1041607246478153,-0.05661029572811811,0.20854695963516337,1.101253963969741,0.0012200124938527013,0.0007610723423816801,0.0029067606780743827,0.0032429799930148305,0.03049833249960443,0.01880268992602796,0.07562554285417633,-0.0003802925914930402,0.003405739892901698,0.0005430892225055145,-1.0,False,False,0.0017625118343364459
578,28.9,transport,0.35513184853891494,0.059486071782062805,0.0668951795326247,transport,-0.055101625015117374,0.20962467806540663,0.9250565662696895,-0.055101625015117374,0.20962467806540663,0.9250565662696895,-0.055101625015117374,0.20962467806540663,1.1050565662696894,-0.05630751571859535,0.2087563005810246,1.1021391356264654,0.0012058907034779784,0.000868377484382038,0.0029174306432240282,0.003274088178736006,0.03017341426001477,0.02155436860486526,0.07605204599896886,-0.00045883262881229287,0.003454807492277545,0.0005287434867156652,-1.0,False,False,0.0017757556300168576
579,28.95,transport,0.3649966221094404,0.06113846266489789,0.06913949567275152,transport,-0.054812966795969344,0.20994132415326822,0.9259524078915635,-0.054812966795969344,0.20994132415326822,0.9259524078915635,-0.054812966795969344,0.20994132415326822,1.1059524078915635,-0.056005209414333505,0.20898929924767004,1.1030301493699204,0.0011922426183641616,0.0009520249055981755,0.002922258521643073,0.0032965722727157985,0.029890978452520173,0.023700471444872417,0.07626544530196178,-0.0005493062196391464,0.0034841671315984524,0.000414818401594032,-1.0,False,False,0.0017787783268190037
580,29.0,transport,0.37486139567996574,0.06279085354773295,0.07228722436993469,transport,-0.05438313360007572,0.20999860483339305,0.9266444627148871,-0.05438313360007572,0.20999860483339305,0.9266444627148871,-0.05438313360007572,0.20999860483339305,1.106644462714887,-0.05568648599137695,0.20921109325722806,1.1038990409205973,0.0013033523913012282,0.0007875115761649953,0.0027454217942897152,0.0031394653632530276,0.032441516285155736,0.020186111714460275,0.07228626689933293,-0.0006397609975184538,0.00349269990109484,0.00021900367757265107,-1.0,False,False,0.0017868194762649813
581,29.05,transport,0.3847261692504912,0.06444324443056804,0.07561906400250012,transport,-0.05392452965396595,0.21000302814790875,0.9272949868136191,-0.05392452965396595,0.21000302814790875,0.9272949868136191,-0.05392452965396595,0.21000302814790875,1.107294986813619,-0.05533753838479095,0.20939345556437872,1.1047183414539303,0.001413008730824998,0.0006095725835300325,0.0025766453596887118,0.0030012120414233514,0.03523912674821994,0.0158386978136138,0.06791891786043447,-0.0006860713555700635,0.0035070594222815703,2.7123176284521846e-05,-1.0,False,False,0.0017994665753599708
582,29.1,transport,0.3945909428210166,0.06609563531340312,0.07895090363506554,transport,-0.05346592570785618,0.21000745146242447,0.9279455109123512,-0.05346592570785618,0.21000745146242447,0.9279455109123512,-0.05346592570785618,0.21000745146242447,1.1079455109123513,-0.05496209675756113,0.20953400510721412,1.1054955335160705,0.001496171049704946,0.0004734463552103496,0.0024499773962807225,0.002909479077691337,0.03743225353869534,0.012279917960915099,0.06454338916841884,-0.0006736453973008001,0.003534621280115915,-7.052735779923208e-05,-1.0,False,False,0.001815928422446417
583,29.15,transport,0.404455716391542,0.0677480261962382,0.08233005761285914,transport,-0.05299939659843396,0.20999144123646982,0.9286004041653008,-0.05299939659843396,0.20999144123646982,0.9286004041653008,-0.05299939659843396,0.20999144123646982,1.1086004041653008,-0.054569581300800106,0.20963819748536283,1.1062443594388909,0.0015701847023661467,0.00035324375110698525,0.002356044726409934,0.0028532802000653316,0.03925400318254335,0.0091487225851139,0.06209741298460525,-0.0006206741852578796,0.003578109914905689,-4.771932944833639e-05,-1.0,False,False,0.0018489783591097502
584,29.2,transport,0.41432048996206744,0.06940041707907328,0.08576664926761333,transport,-0.05252324666539037,0.2099506255294071,0.9292606013924959,-0.05252324666539037,0.2099506255294071,0.9292606013924959,-0.05252324666539037,0.2099506255294071,1.109260601392496,-0.054161867302223686,0.20971193731652168,1.106963101393353,0.0016386206368333156,0.00023868821288541842,0.002297499999142971,0.0028320585976438425,0.04092669270819471,0.006248560880885434,0.06032483907210118,-0.0005525117728873191,0.0036552832758017665,9.229736881163688e-05,-1.0,False,False,0.0018997854035512
585,29.25,transport,0.42418526353259284,0.07105280796190835,0.0892032409223675,transport,-0.05204709673234678,0.2099098098223444,0.9299207986196911,-0.05204709673234678,0.2099098098223444,0.9299207986196911,-0.05204709673234678,0.2099098098223444,1.109920798619691,-0.053741319103418894,0.20976102892922843,1.1076578650744422,0.0016942223710721127,0.00014878089311595732,0.0022629335452488686,0.0028307937803750747,0.04229541139753809,0.003957450116454098,0.059153944526761926,-0.0004797465569862342,0.003754216041737019,0.0003353259178904431,-1.0,False,False,0.0019685978722987644
586,29.3,transport,0.4340500371031183,0.07270519884474344,0.09268717045314723,transport,-0.05156270262697495,0.20984254070290176,0.9305566283473027,-0.05156270262697495,0.20984254070290176,0.9305566283473027,-0.05156270262697496,0.20984254070290176,1.1105566283473027,-0.05331356876766158,0.20980128233699602,1.1083340360212464,0.0017508661406866188,4.1258365905738614e-05,0.002222592326056372,0.0028296909978308125,0.043572329528878684,0.0016302354734665236,0.05797526545721077,-0.00040658840511801763,0.003863808584495038,0.0006381061216466486,-1.0,False,False,0.0020417962109959198
587,29.35,transport,0.4439148106736437,0.07435758972757851,0.09677532478691778,transport,-0.05097307918266609,0.20943761790683318,0.9308814291722374,-0.05097307918266609,0.20943761790683318,0.9308814291722374,-0.05097307918266609,0.20943761790683318,1.1108814291722373,-0.05286848422565782,0.20980272277604467,1.1089583966334444,0.001895405042991731,-0.00036510486921148555,0.0019230325387928904,0.0027246864017307845,0.046809791699909814,-0.007273288603256711,0.05094786301981902,-0.00034694491944692985,0.0039706420523263715,0.0008884582061732376,-1.0,False,False,0.002106223433304013
588,29.4,transport,0.4537795842441691,0.07600998061041359,0.1008634791206883,transport,-0.05038345573835722,0.20903269511076458,0.9312062299971722,-0.05038345573835722,0.20903269511076458,0.9312062299971722,-0.05038345573835722,0.20903269511076458,1.1112062299971721,-0.05239232134543759,0.20972837926183083,1.1095060209586363,0.0020088656070803637,-0.0006956841510662448,0.0017002090385358493,0.002722173440483563,0.04970056974601192,-0.01540055330560175,0.04495666727455383,-0.00024117509173763764,0.0040606078851151235,0.0010945349617358046,-1.0,False,False,0.002159583778810145
589,29.45,transport,0.46364435781469454,0.07766237149324867,0.10495163345445886,transport,-0.04979383229404835,0.208627772314696,0.9315310308221069,-0.04979383229404835,0.208627772314696,0.9315310308221069,-0.04979383229404835,0.208627772314696,1.111531030822107,-0.05188216606079777,0.2095693695517834,1.1099854543266707,0.0020883337667494187,-0.0009415972370873937,0.001545576495436185,0.0027634308352989818,0.05196978102778471,-0.02201213894269638,0.04050019726941301,-9.588290701623916e-05,0.004118409270716532,0.001297967618169985,-1.0,False,False,0.0022008376257194847
590,29.5,transport,0.47350913138521994,0.07931476237608374,0.10854835668795831,transport,-0.049280627529684574,0.20836195022989745,0.9319728186138843,-0.049280627529684574,0.20836195022989745,0.9319728186138843,-0.049280627529684574,0.20836195022989745,1.1119728186138842,-0.05135199810856946,0.2093532080917847,1.1104284884940165,0.0020713705788848874,-0.0009912578618872514,0.001544330119867654,0.0027673315202471935,0.05203077062226391,-0.024148386437718994,0.039747285744269334,7.474566746220408e-05,0.004151220587648745,0.0014616859228326537,-1.0,False,False,0.002214166132736556
591,29.55,transport,0.4833739049557454,0.08096715325891883,0.11192801536569082,transport,-0.04880117680898109,0.20815756877041147,0.9324662794153148,-0.04880117680898109,0.20815756877041147,0.9324662794153148,-0.04880117680898109,0.20815756877041147,1.1124662794153148,-0.05081866994424971,0.20911357734298,1.110869784615218,0.002017493135268618,-0.0009560085725685286,0.001596494800096826,0.0027446359664656294,0.051016425991767395,-0.02391278642746464,0.040755818425965984,0.0002175919610070536,0.004145283651333603,0.0015425316340100382,-1.0,False,False,0.00219177824951087
592,29.6,transport,0.4932386785262708,0.0826195441417539,0.1153076740434233,transport,-0.04832172608827761,0.20795318731092546,0.9329597402167454,-0.04832172608827761,0.20795318731092546,0.9329597402167454,-0.04832172608827761,0.20795318731092546,1.1129597402167455,-0.050290099953754934,0.2088677108361295,1.1113244238477316,0.001968373865477324,-0.0009145235252040473,0.0016353163690139283,0.002717555625780396,0.049938877119442004,-0.023207800641090737,0.041799112030549423,0.0002916039065985765,0.004091828770536221,0.0015451446710208778,-1.0,False,False,0.0021442987190312163
593,29.65,transport,0.5031034520967962,0.08427193502458898,0.11838065420715313,transport,-0.04788903019090282,0.20782092846623118,0.933484479926079,-0.04788903019090282,0.20782092846623118,0.933484479926079,-0.04788903019090282,0.20782092846623118,1.113484479926079,-0.049773864659613545,0.20863099190462342,1.111797556069494,0.001884834468710725,-0.0008100634383922389,0.0016869238565850875,0.0026560338564438147,0.04802139525704227,-0.020935647397966606,0.04320112156694922,0.0003054389802045202,0.004006563265760663,0.0014987414095115061,-1.0,False,False,0.00207888187094418
594,29.7,transport,0.5129682256673216,0.08592432590742405,0.12078549065298952,transport,-0.0475581964718742,0.20784579922074553,0.9340773652826085,-0.0475581964718742,0.20784579922074553,0.9340773652826085,-0.0475581964718742,0.20784579922074553,1.1140773652826086,-0.04928524434854256,0.20843086851819753,1.112298569111536,0.0017270478766683584,-0.0005850692974520011,0.001778796171072683,0.0025473743873542618,0.04431336375478684,-0.015703853677557778,0.04559618426229317,0.00027311247787924317,0.0038975506500351044,0.0014217973970292279,-1.0,False,False,0.0019904470610336224
595,29.75,transport,0.522832999237847,0.08757671679025913,0.12319032709882592,transport,-0.04722736275284558,0.20787066997525985,0.9346702506391381,-0.04722736275284558,0.20787066997525985,0.9346702506391381,-0.047227362752845586,0.20787066997525985,1.1146702506391382,-0.048831110509431466,0.2082814920226317,1.11283085140343,0.0016037477565858799,-0.0004108220473718338,0.0018393992357081945,0.002474706279477409,0.04115763191393951,-0.011203970858753576,0.04743363055204508,0.0001966452993121171,0.00375305767371524,0.0013127858679674836,-1.0,False,False,0.0018928655846690238
596,29.8,transport,0.5326977728083725,0.08922910767309422,0.12559516354466232,transport,-0.04689652903381696,0.2078955407297742,0.9352631359956677,-0.04689652903381696,0.2078955407297742,0.9352631359956677,-0.046896529033816955,0.2078955407297742,1.1152631359956677,-0.04840867531317772,0.20818010449160487,1.1133876484778225,0.0015121462793607626,-0.00028456376183066956,0.0018754875178452757,0.0024259052607893106,0.038691629512290215,-0.007719025857149675,0.04864569184475531,0.00010241763064175147,0.0035910916952129526,0.0011938725024071486,-1.0,False,False,0.001805666505753269
597,29.85,transport,0.5425625463788979,0.0908814985559293,0.12746086384196542,transport,-0.046646446886720795,0.20802667207181788,0.9358347727970431,-0.046646446886720795,0.20802667207181788,0.9358347727970431,-0.046646446886720795,0.20802667207181788,1.115834772797043,-0.04802175946691915,0.20813149194156916,1.1139586374253667,0.0013753125801983582,-0.000104819869751277,0.0018761353716763018,0.0023285952484709566,0.03524456852913846,-0.003068648395739837,0.04894248638441123,2.1745778374585733e-05,0.0034418054710467975,0.001093264991020977,-1.0,False,False,0.0017238726123924943
598,29.9,transport,0.5524273199494232,0.09253388943876435,0.12928943706766496,transport,-0.04640192561585486,0.20816512094293574,0.9364049463379214,-0.04640192561585486,0.20816512094293574,0.9364049463379214,-0.04640192561585486,0.20816512094293574,1.1164049463379213,-0.04767130703682888,0.20813676164608633,1.1145361581735491,0.0012693814209740265,2.835929684941174e-05,0.0018687881643721926,0.002259314640533589,0.03239667702128593,0.0006725800273316151,0.04892617825109191,-4.187492933401456e-05,0.0032963585699962933,0.0010095611934563247,-1.0,False,False,0.0016499146705506592
599,29.95,transport,0.5622920935199487,0.09418628032159945,0.1311180102933645,transport,-0.04615740434498892,0.20830356981405362,0.9369751198787996,-0.04615740434498892,0.20830356981405362,0.9369751198787996,-0.04615740434498892,0.20830356981405362,1.1169751198787996,-0.04734517270363715,0.208165220725237,1.1151141028100813,0.0011877683586482349,0.00013834908881663055,0.0018610170687183292,0.0022120846896634128,0.030278053836799296,0.003336163359345945,0.04877923410500973,-8.264488543978167e-05,0.003160131075278577,0.000946369425944475,-1.0,False,False,0.0016007415006205029
600,30.0,transport,0.5721568670904741,0.09583867120443453,0.13332458167017483,transport,-0.04585098556803677,0.2082913799745003,0.9373781107411918,-0.04585098556803677,0.2082913799745003,0.9373781107411918,-0.04585098556803677,0.2082913799745003,1.1173781107411918,-0.04703155220572379,0.208193105716386,1.1156688787586233,0.0011805666376870222,9.8274258114317e-05,0.0017092319825684488,0.0020796320314090256,0.02988374271200772,0.00252318498526638,0.045280158622209576,-8.30408858397446e-05,0.0030549603618992773,0.0009538421283096608,-1.0,False,False,0.0015787403254310384
601,30.05,transport,0.5820216406609995,0.0974910620872696,0.135832340696563,transport,-0.045495247067382116,0.20815916171928103,0.9376478910102638,-0.045495247067382116,0.20815916171928103,0.9376478910102638,-0.045495247067382116,0.20815916171928103,1.1176478910102638,-0.04672419432830195,0.20821725625566778,1.1161683061149983,0.0012289472609198354,-5.809453638674911e-05,0.0014795848952655621,0.001924281114488827,0.030726102766833463,-0.0006788799420992531,0.03958024503281088,-6.050022488646106e-05,0.002987875985658901,0.0010191275080577219,-1.0,False,False,0.0015767517430932303
602,30.1,transport,0.5918864142315249,0.09914345297010467,0.1383400997229512,transport,-0.04513950856672747,0.20802694346406175,0.9379176712793359,-0.04513950856672747,0.20802694346406175,0.9379176712793359,-0.045139508566727465,0.20802694346406175,1.117917671279336,-0.04641739939493634,0.20823022580897083,1.1166024636760317,0.0012778908282088733,-0.0002032823449090726,0.0013152076033042803,0.001845020249309335,0.03169371523148973,-0.0038062558321205753,0.034987303286753146,-2.0862690483681524e-05,0.00296102460621305,0.0010846576726953043,-1.0,False,False,0.0015927133407788471
603,30.15,transport,0.6017511878020503,0.10079584385293976,0.14088739722088733,transport,-0.04477702758482008,0.2078753709975531,0.938171469962608,-0.04477702758482008,0.2078753709975531,0.938171469962608,-0.04477702758482008,0.2078753709975531,1.118171469962608,-0.0461056022370805,0.20821856794125151,1.1169793576528793,0.0013285746522604183,-0.000343196943698415,0.00119211230972871,0.0018176981343995336,0.03280743620232521,-0.007097096228354527,0.03138012573152604,3.130960359073623e-05,0.002970603368458059,0.001149555774901021,-1.0,False,False,0.0016260532513100087
604,30.2,transport,0.6116159613725758,0.10244823473577484,0.14361788396881928,transport,-0.044383307406367076,0.207634126793328,0.9383512229227705,-0.044383307406367076,0.207634126793328,0.9383512229227705,-0.044383307406367076,0.207634126793328,1.1183512229227706,-0.04578179422741918,0.20816392963776534,1.1173021286452447,0.0013984868210521056,-0.0005298028444373493,0.0010490942775258638,0.0018267608616805442,0.03444589661426842,-0.011688822958470513,0.027437305397826073,8.01546371966706e-05,0.0030070865406782057,0.001235800337996091,-1.0,False,False,0.0016755249031495567
605,30.25,transport,0.6214807349431012,0.10410062561860992,0.1463483707167512,transport,-0.04398958722791407,0.2073928825891029,0.938530975882933,-0.04398958722791407,0.2073928825891029,0.938530975882933,-0.04398958722791407,0.2073928825891029,1.118530975882933,-0.045443261546177664,0.20806068088021426,1.1175763365975355,0.0014536743182635911,-0.0006677982911113545,0.0009546392853974073,0.0018629169993358357,0.035844139990102164,-0.015420940973248642,0.024576944753764707,0.00014265535983955393,0.003070120829126841,0.0013354932973129799,-1.0,False,False,0.0017342197961396437
606,30.3,transport,0.6313455085136266,0.10575301650144499,0.14907885746468308,transport,-0.04359586704946107,0.20715163838487782,0.9387107288430954,-0.04359586704946107,0.20715163838487782,0.9387107288430954,-0.04359586704946107,0.20715163838487782,1.1187107288430953,-0.04509193541116888,0.20791537486582415,1.1178136426970209,0.0014960683617078127,-0.0007637364809463254,0.0008970861460744217,0.001904278737136461,0.03694788993433187,-0.018180849906728747,0.022687844911195576,0.00022053884946107675,0.0031578409933439074,0.0014175599041753614,-1.0,False,False,0.0017945802541745226
607,30.35,transport,0.641210282084152,0.10740540738428007,0.15161975879582315,transport,-0.043227385516720035,0.2069015603089037,0.9388641591489358,-0.043227385516720035,0.2069015603089037,0.9388641591489358,-0.043227385516720035,0.2069015603089037,1.1188641591489359,-0.04473341192141777,0.20773660893296578,1.1180226437706238,0.0015060264046977342,-0.0008350486240620847,0.0008415153783121188,0.0019166559075980624,0.03729099788897697,-0.02027629113840912,0.021010329038300135,0.0003018624335982627,0.0032647991880770774,0.0014601501591979405,-1.0,False,False,0.0018449109006621633
608,30.4,transport,0.6510750556546774,0.10905779826711515,0.15411281639852534,transport,-0.04286527320230822,0.20664925291926098,0.9390109466763049,-0.04286527320230822,0.20664925291926098,0.9390109466763049,-0.04286527320230822,0.20664925291926098,1.119010946676305,-0.04437202759728124,0.2075316588911038,1.118210031126627,0.0015067543949730186,-0.0008824059718428312,0.000800915549677983,0.0019210452424735821,0.03736277438219096,-0.021747120274095977,0.019766058113623863,0.00036836935068802914,0.003364433439957795,0.0014695838101638629,-1.0,False,False,0.0018803112207670084
609,30.45,transport,0.6609398292252029,0.11071018914995023,0.15660587400122752,transport,-0.0425031608878964,0.2063969455296183,0.9391577342036741,-0.0425031608878964,0.2063969455296183,0.9391577342036741,-0.04250316088789639,0.2063969455296183,1.119157734203674,-0.04400954090127254,0.20730670538597085,1.1183820571442067,0.001506380013376149,-0.0009097598563525544,0.0007756770594673501,0.00192315330681505,0.037377334187696926,-0.022694267229710352,0.018954061540941147,0.0004072850096682946,0.0034417554277237027,0.0014596984772216486,-1.0,False,False,0.0019039338460252598
610,30.5,transport,0.6708046027957282,0.11236258003278529,0.15895506241127547,transport,-0.0421623713403637,0.20617044182719446,0.9393663011388277,-0.0421623713403637,0.20617044182719446,0.9393663011388277,-0.0421623713403637,0.20617044182719446,1.1193663011388277,-0.0436493366039698,0.20707022765799116,1.1185513376037446,0.001486965263606102,-0.0008997858307966955,0.0008149635350831463,0.001919595217744846,0.03694339121817686,-0.022725271175527695,0.01968487989242096,0.0004168848704057037,0.0035009829997900924,0.001438464945756321,-1.0,False,False,0.001918108103438457
611,30.55,transport,0.6806693763662537,0.11401497091562039,0.161105138159004,transport,-0.04185109216126354,0.20597965001530832,0.9396603697865687,-0.04185109216126354,0.20597965001530832,0.9396603697865687,-0.04185109216126354,0.20597965001530832,1.1196603697865688,-0.04329722132665119,0.2068332572541917,1.1187382651474869,0.0014461291653876523,-0.0008536072388833638,0.0009221046390819332,0.0019157796968010937,0.0359648888541253,-0.021811552853656657,0.0221806436564842,0.00039929901914438956,0.0035464073141144997,0.0014071639000523724,-1.0,False,False,0.0019236697097336959
612,30.6,transport,0.6905341499367791,0.11566736179845546,0.16325521390673253,transport,-0.041539812982163374,0.20578885820342221,0.9399544384343098,-0.041539812982163374,0.20578885820342221,0.9399544384343098,-0.041539812982163374,0.20578885820342221,1.1199544384343099,-0.04295576915078435,0.2066023499767965,1.1189526467611426,0.0014159561686209743,-0.0008134917733742808,0.0010017916731672738,0.0019157993875222705,0.035148166889756305,-0.020887981015389467,0.024323465736459937,0.0003588870385554128,0.003579020838856908,0.0013652217904694473,-1.0,False,False,0.0019255847657357308
613,30.65,transport,0.7003989235073045,0.11731975268129054,0.16537940871929122,transport,-0.0412326713544719,0.20560718134742584,0.9402562241867347,-0.0412326713544719,0.20560718134742584,0.9402562241867347,-0.04123267135447191,0.20560718134742584,1.1202562241867347,-0.04262455300825826,0.20638011687591354,1.1191922266108858,0.001391881653786349,-0.0007729355284877004,0.0010639975758488518,0.0019149033162950593,0.03446195592624879,-0.01990337258741315,0.026071548511841236,0.0003052802589565003,0.0036050837418197634,0.0013197279788245675,-1.0,False,False,0.0019288181677211819
614,30.7,transport,0.7102636970778299,0.11897214356412561,0.16688948817557775,transport,-0.041023707549211016,0.2056417885764875,0.9407411251342312,-0.041023707549211016,0.2056417885764875,0.9407411251342312,-0.041023707549211016,0.2056417885764875,1.1207411251342312,-0.04231354521547196,0.20619161787041168,1.1194742707911451,0.0012898376662609443,-0.0005498292939241922,0.0012668543430860435,0.0018896860544436013,0.032016909180944825,-0.014766565988520997,0.030977970466907756,0.0002471716006173978,0.0036314376432891766,0.001277859514686875,-1.0,False,False,0.0019253155044190687
615,30.75,transport,0.7201284706483553,0.12062453444696068,0.16839956763186428,transport,-0.040814743743950124,0.20567639580554914,0.9412260260817277,-0.040814743743950124,0.20567639580554914,0.9412260260817277,-0.040814743743950124,0.20567639580554914,1.1212260260817277,-0.042029261506965815,0.20605338779960575,1.119811060147454,0.0012145177630156906,-0.000376991994056608,0.0014149659342737042,0.0019024470966149023,0.02997602943043673,-0.010304441297250833,0.03503510581165159,0.00015830187127560056,0.0036498751032325296,0.0012168448605224028,-1.0,False,False,0.0019193926617057638
616,30.8,transport,0.7299932442188808,0.12227692532979578,0.16990964708815082,transport,-0.04060577993868924,0.20571100303461076,0.9417109270292242,-0.04060577993868924,0.20571100303461076,0.9417109270292242,-0.04060577993868923,0.20571100303461076,1.1217109270292243,-0.04176897796973246,0.20596231376453344,1.1201943204786955,0.0011631980310432277,-0.00025131072992268244,0.0015166065505287651,0.001927766109128354,0.028469631365531656,-0.006847695299899703,0.037997337635404804,4.7758485895183795e-05,0.0036642550817866048,0.0011433400989494722,-1.0,False,False,0.0019203437436480948
617,30.85,transport,0.7398580177894062,0.12392931621263086,0.17091516679255145,transport,-0.0404729061216224,0.20585270781295056,0.9422289278847877,-0.0404729061216224,0.20585270781295056,0.9422289278847877,-0.0404729061216224,0.20585270781295056,1.1222289278847877,-0.041536201971313726,0.20592295273345626,1.1206162955348544,0.001063295849691323,-7.024492050569653e-05,0.0016126323499332518,0.0019329033883975903,0.025921436962201144,-0.0021921190316576133,0.04069214812184363,-5.4939006553567974e-05,0.003685198867757649,0.001080357063988648,-1.0,False,False,0.0019186296791069372
618,30.9,transport,0.7497227913599315,0.1255817070954659,0.17166239438394476,transport,-0.04037898397233305,0.20604923751975043,0.9427638731065299,-0.04037898397233305,0.20604923751975043,0.9427638731065299,-0.04037898397233305,0.20604923751975043,1.12276387310653,-0.04132784522217843,0.20593310965639555,1.121061479436791,0.0009488612498453827,0.00011612786335488123,0.0017023936697388997,0.0019524260700145833,0.02314435997961356,0.002525695725883459,0.04295155143350993,-0.00014484368036850418,0.003694898396314216,0.0010253319127833179,-1.0,False,False,0.0018986407440066877
619,30.95,transport,0.759587564930457,0.12723409797830101,0.1724096219753381,transport,-0.040285061823043686,0.20624576722655028,0.943298818328272,-0.040285061823043686,0.20624576722655028,0.943298818328272,-0.040285061823043686,0.20624576722655028,1.123298818328272,-0.04113359698491305,0.20596754193471586,1.121527633774517,0.0008485351618693626,0.0002782252918344108,0.001771184553754912,0.0019835614327277577,0.020855667982694892,0.006253151403094459,0.044746777829618445,-0.00021397255525811728,0.0036582654318226683,0.0009953172736051,-1.0,False,False,0.0018619703169328035
620,31.0,transport,0.7694523385009824,0.12888648886113607,0.17319639430408232,transport,-0.04018647250573639,0.20645538530231633,0.9438322683151942,-0.04018647250573639,0.20645538530231633,0.9438322683151942,-0.04018647250573639,0.20645538530231633,1.1238322683151942,-0.04095559094134286,0.2060406851630509,1.1220146504714148,0.0007691184356064668,0.0004147001392654226,0.0018176178437794288,0.0020167434143990356,0.018942489583533145,0.009756867352009313,0.046092690813543946,-0.00024930967314842743,0.00357183573394766,0.0010235077044773951,-1.0,False,False,0.0018074075913565677
621,31.05,transport,0.7793171120715079,0.1305388797439712,0.17408365988382268,transport,-0.040076022725609325,0.20669826425767754,0.944361918529552,-0.040076022725609325,0.20669826425767754,0.944361918529552,-0.040076022725609325,0.20669826425767754,1.124361918529552,-0.04079207909234241,0.20615523042329864,1.122520611782342,0.000716056366733088,0.0005430338343788976,0.0018413067472098366,0.002048910198847111,0.01759136431467065,0.013151581892532627,0.046945361162742394,-0.0002773495622494289,0.0034469583758994313,0.0010528266620437594,-1.0,False,False,0.001737794081110218
622,31.1,transport,0.7891818856420332,0.13219127062680625,0.17497092546356302,transport,-0.03996557294548226,0.20694114321303878,0.9448915687439098,-0.03996557294548226,0.20694114321303878,0.9448915687439098,-0.03996557294548225,0.20694114321303878,1.1248915687439098,-0.04063875240204039,0.20630224910989572,1.1230394681762468,0.0006731794565581345,0.0006388941031430506,0.0018521005676630509,0.0020716256342545735,0.016530122937203212,0.015718255794802682,0.04741913923135499,-0.00030775203690083433,0.0033142410608670587,0.001000403892242033,-1.0,False,False,0.0016560902526618667
623,31.15,transport,0.7990466592125586,0.1338436615096413,0.17585819104330336,transport,-0.039855123165355194,0.20718402216839998,0.9454212189582676,-0.039855123165355194,0.20718402216839998,0.9454212189582676,-0.039855123165355194,0.20718402216839998,1.1254212189582675,-0.04049270326744182,0.20647220362958035,1.123566306828293,0.0006375801020866226,0.0007118185388196308,0.001854912129974462,0.0020865984349439396,0.015672584733703865,0.017635461170085187,0.047635015640414835,-0.0003423006762754234,0.003187640741969887,0.0008320555552375301,-1.0,False,False,0.0015735679075005095
624,31.2,transport,0.808911432783084,0.1354960523924764,0.17734815178858251,transport,-0.039655605252061916,0.20733509140021314,0.9458931956995347,-0.039655605252061916,0.20733509140021314,0.9458931956995347,-0.039655605252061916,0.20733509140021314,1.1258931956995346,-0.04034245685630451,0.20664743812456254,1.1240896900770903,0.0006868516042425957,0.000687653275650596,0.0018035056224443569,0.0020487226957184882,0.016741960307598003,0.01725775541265573,0.046537777424831006,-0.0003785196466972511,0.0030697760680921545,0.0005810865743544471,-1.0,False,False,0.0015170447845465045
625,31.25,transport,0.8187762063536096,0.1371484432753115,0.17890258857241664,transport,-0.0394465588727772,0.20747633887201614,0.9463590025604258,-0.0394465588727772,0.20747633887201614,0.9463590025604258,-0.039446558872777204,0.20747633887201614,1.1263590025604258,-0.04018011795958493,0.20681508198006182,1.1245990934543686,0.0007335590868077224,0.0006612568919543149,0.001759909106057167,0.002018080690304081,0.017917959670546157,0.01657801494907185,0.04538624966671012,-0.0004085655817453932,0.002991124081489892,0.0003032332564599407,-1.0,False,False,0.0014950567446313915
626,31.3,transport,0.8286409799241349,0.13880083415814656,0.18045702535625072,transport,-0.03923751249349249,0.20761758634381913,0.9468248094213169,-0.03923751249349249,0.20761758634381913,0.9468248094213169,-0.03923751249349249,0.20761758634381913,1.126824809421317,-0.04000682335936132,0.20697258328130777,1.125096157648887,0.0007693108658688302,0.0006450030625113623,0.0017286517724299788,0.001999026040180116,0.018852109321848692,0.01605008727514623,0.044514319338966324,-0.0004327528327893177,0.00295826409257828,4.666072166266537e-05,-1.0,False,False,0.0014999512120448693
627,31.35,transport,0.8385057534946603,0.14045322504098162,0.18244389265636587,transport,-0.038960798357240777,0.2076347401402715,0.9471845355016262,-0.038960798357240777,0.2076347401402715,0.9471845355016262,-0.038960798357240777,0.2076347401402715,1.1271845355016261,-0.03982253844908972,0.20710612600427075,1.125580245091698,0.0008617400918489448,0.000528614136000749,0.0016042904099280442,0.0018962533085183366,0.020920500042410917,0.013243137179274611,0.041767557054783744,-0.00045697505554466135,0.0029599204475881926,-0.0001716371073479113,-1.0,False,False,0.0015378165688176419
628,31.4,transport,0.8483705270651857,0.1421056159238167,0.1848230553895714,transport,-0.038622696897416445,0.20753931774174555,0.9474480264546861,-0.038622696897416445,0.20753931774174555,0.9474480264546861,-0.038622696897416445,0.20753931774174555,1.127448026454686,-0.03961873699808899,0.20719945511725787,1.1260225647700048,0.0009960401006725433,0.0003398626244876801,0.0014254616846811619,0.0017718757011047587,0.023996831033465532,0.008663834749496058,0.037355627259758606,-0.00046935880937028674,0.0030229550431321115,-0.00031774881996461354,-1.0,False,False,0.0016053090571466581
629,31.45,transport,0.8582353006357111,0.14375800680665177,0.18720221812277688,transport,-0.03828459543759212,0.2074438953432196,0.9477115174077458,-0.03828459543759212,0.2074438953432196,0.9477115174077458,-0.03828459543759212,0.2074438953432196,1.127711517407746,-0.03939620451523669,0.2072636065837472,1.1264103591264063,0.0011116090776445708,0.0001802887594724023,0.0013011582813395872,0.0017208113352115333,0.026682831209937363,0.00488880451923468,0.03377905275482096,-0.0004646760837113157,0.0031578167646011744,-0.00034689781529847666,-1.0,False,False,0.0016909816840095116
630,31.5,transport,0.8681000742062366,0.14541039768948688,0.1897387562284029,transport,-0.03792306028289598,0.20732137625879746,0.947966935551495,-0.03792306028289598,0.20732137625879746,0.947966935551495,-0.03792306028289598,0.20732137625879746,1.127966935551495,-0.03915438660553988,0.20729956997871915,1.1267505874195818,0.0012313263226439025,2.1806280078306983e-05,0.0012163481319131808,0.0017309369730568744,0.029462884646814236,0.0011553935010050198,0.031131528501773253,-0.00047531715593280064,0.0033356762994652322,-0.0002915706588195422,-1.0,False,False,0.0017862085126370485
631,31.55,transport,0.877964847776762,0.14706278857232194,0.19320098317862205,transport,-0.03742368710693391,0.20703947327920957,0.9481748690767273,-0.03742368710693391,0.20703947327920957,0.9481748690767273,-0.03742368710693391,0.20703947327920957,1.1281748690767273,-0.038879748170680045,0.20729333313083556,1.1270470114553253,0.001456061063746135,-0.0002538598516259871,0.0011278576214019953,0.0018591991447340064,0.034613989972119424,-0.005201933990191532,0.028485633142909528,-0.0005237711784686964,0.003531258897948106,-0.00013430469364868224,-1.0,False,False,0.0019124162717168347
632,31.6,transport,0.8878296213472874,0.14871517945515703,0.19666321012884125,transport,-0.036924313930971835,0.20675757029962166,0.9483828026019595,-0.036924313930971835,0.20675757029962166,0.9483828026019595,-0.03692431393097184,0.20675757029962166,1.1283828026019596,-0.038564180081968366,0.20723274523316995,1.1273035754368983,0.0016398661509965246,-0.0004751749335482891,0.0010792271650612584,0.002019822636882491,0.03910868479416407,-0.010715256624277969,0.026715822932685818,-0.0005780597291825233,0.003776843898472149,0.00017504599789883578,-1.0,False,False,0.002079834706748213
633,31.65,transport,0.8976943949178128,0.15036757033799208,0.20012543707906044,transport,-0.036424940755009766,0.20647566732003378,0.9485907361271918,-0.036424940755009766,0.20647566732003378,0.9485907361271918,-0.036424940755009766,0.20647566732003378,1.1285907361271919,-0.038209287533465655,0.2071170659660821,1.1275309332113859,0.0017843467784558892,-0.0006413986460483134,0.0010598029158059852,0.002172203459459861,0.042784786539172004,-0.015141558262723454,0.02574321380587108,-0.0006058030778700707,0.0040699423043603425,0.0006094439265419517,-1.0,False,False,0.002267285174167084
634,31.7,transport,0.9075591684883382,0.15201996122082717,0.20387838988398171,transport,-0.03588517253448182,0.2061906918101566,0.9487410361546952,-0.03588517253448182,0.2061906918101566,0.9487410361546952,-0.03588517253448182,0.2061906918101566,1.1287410361546952,-0.037815127616362326,0.2069517369856614,1.1277325474318287,0.0019299550818805064,-0.0007610451755048209,0.0010084887228665185,0.0023067218907758466,0.046482299979676706,-0.018527483118510046,0.024202058866187315,-0.0006039909702788278,0.004378402501869957,0.001013466666167168,-1.0,False,False,0.002451724808115143
635,31.75,transport,0.9174239420588637,0.15367235210366226,0.20772001633193116,transport,-0.03533308351171353,0.2059047791546845,0.9488737575178954,-0.03533308351171353,0.2059047791546845,0.9488737575178954,-0.03533308351171352,0.2059047791546845,1.1288737575178953,-0.03738306648652902,0.20674532027783132,1.1279082754565775,0.002049982974815498,-0.0008405411231468263,0.0009654820613178572,0.0024168357799943516,0.049640882092976124,-0.02093915661953827,0.022824201721332038,-0.000585279401699313,0.00468829626677408,0.0013119238833894536,-1.0,False,False,0.0026168078930122905
636,31.8,transport,0.9272887156293891,0.15532474298649734,0.2115616427798806,transport,-0.034780994488945234,0.20561886649921238,0.9490064788810957,-0.034780994488945234,0.20561886649921238,0.9490064788810957,-0.034780994488945234,0.20561886649921238,1.1290064788810956,-0.036918087924257915,0.20650770080775266,1.1280635164457256,0.0021370934353126814,-0.0008888343085402817,0.000942962435370065,0.002499274481487354,0.05204143995167568,-0.02252907557237893,0.021964068490363253,-0.0005604942838020587,0.004984231099438501,0.0014946640762863684,-1.0,False,False,0.0027511495825879107
637,31.85,transport,0.9371534891999145,0.1569771338693324,0.21527847704231756,transport,-0.03424875966246865,0.20537657457822164,0.9491220957343124,-0.03424875966246865,0.20537657457822164,0.9491220957343124,-0.03424875966246865,0.20537657457822164,1.1291220957343124,-0.036428255241460906,0.20625329573625956,1.1282041754711798,0.0021794955789922535,-0.0008767211580379131,0.0009179202631326433,0.0025221852781402913,0.05338656523578525,-0.022622524590620308,0.02117158577173761,-0.0005322743289616354,0.005244070131622001,0.0015785146804680034,-1.0,False,False,0.002846377506099808
638,31.9,transport,0.9470182627704399,0.1586295247521675,0.21879785311712882,transport,-0.03374794005322243,0.20520330357499286,0.9492106481882022,-0.03374794005322243,0.20520330357499286,0.9492106481882022,-0.03374794005322243,0.20520330357499286,1.1292106481882023,-0.0359237494171047,0.20600147030799762,1.128332611777227,0.0021758093638822723,-0.000798166733004757,0.0008780364109752803,0.0024783390527995993,0.05360630376476952,-0.02099984322533388,0.02012945434044955,-0.0005085448296678458,0.0054439579018875665,0.0015849808035486978,-1.0,False,False,0.002896357966542958
639,31.95,transport,0.9568830363409652,0.16028191563500255,0.22231722919194002,transport,-0.03324712044397622,0.20503003257176408,0.9492992006420922,-0.03324712044397622,0.20503003257176408,0.9492992006420922,-0.03324712044397622,0.20503003257176408,1.129299200642092,-0.035410915222254626,0.20576297293735574,1.128451692187711,0.0021637947782784037,-0.0007329403655916555,0.0008475084543810851,0.0024366944827503368,0.05353257946256962,-0.01942875472467076,0.01933177729730229,-0.0005073141833658079,0.005561680159531466,0.0015381495388476901,-1.0,False,False,0.002905213028523561
640,32.0,transport,0.9667478099114908,0.16193430651783766,0.22583429088670084,transport,-0.03274668742189864,0.20485785820363966,0.9493883582992355,-0.03274668742189864,0.20485785820363966,0.9493883582992355,-0.03274668742189864,0.20485785820363966,1.1293883582992355,-0.034892538542208584,0.20553991443968997,1.1285653341048851,0.0021458511203099467,-0.0006820562360503046,0.0008230241943503191,0.002397341561846487,0.05328455600711976,-0.01810229467432145,0.018733322230488625,-0.0005237709148804897,0.005597319803689326,0.0014685795887062793,-1.0,False,False,0.0028815914929558864
641,32.05,transport,0.9766125834820162,0.16358669740067275,0.22907230237960569,transport,-0.03229286611660484,0.2048179076883639,0.949550486724512,-0.03229286611660484,0.2048179076883639,0.949550486724512,-0.03229286611660484,0.2048179076883639,1.129550486724512,-0.034375878074861,0.20534668753590193,1.1286854589362154,0.0020830119582561576,-0.0005287798475380467,0.0008650277882966684,0.002316639812298394,0.05199344851207488,-0.014440135026521639,0.019703052392539,-0.0005388606273554534,0.00556492652527452,0.0013983919771241092,-1.0,False,False,0.0028306042567228388
642,32.1,transport,0.9864773570525416,0.1652390882835078,0.23231031387251053,transport,-0.03183904481131104,0.2047779571730881,0.9497126151497886,-0.03183904481131104,0.2047779571730881,0.9497126151497886,-0.03183904481131104,0.2047779571730881,1.1297126151497885,-0.03386638819660474,0.20519211814207233,1.1288208111800209,0.0020273433852936937,-0.00041416096898422294,0.0008918039697676239,0.002253212113986905,0.0507366652709991,-0.011374607256276481,0.020543124271461544,-0.0005619662036510056,0.005475811650158917,0.0013224834935256365,-1.0,False,False,0.0027598670723775445
643,32.15,transport,0.9963421306230669,0.16689147916634287,0.2355483253654153,transport,-0.03138522350601726,0.20473800665781236,0.949874743575065,-0.03138522350601726,0.20473800665781236,0.949874743575065,-0.03138522350601726,0.20473800665781236,1.129874743575065,-0.03336478488785627,0.20507286994172366,1.1289710095912695,0.0019795613818390095,-0.00033486328391130193,0.0009037339837953962,0.002201711106582089,0.04962329381174954,-0.00908222968519945,0.021078647900880654,-0.0005839664772357781,0.005345101364508317,0.0012475334005033084,-1.0,False,False,0.0026765969096902826
644,32.2,transport,1.0062069041935924,0.16854387004917795,0.23865184364732625,transport,-0.030953417033185004,0.2047557220829758,0.9500586930895365,-0.030953417033185004,0.2047557220829758,0.9500586930895365,-0.030953417033185007,0.2047557220829758,1.1300586930895364,-0.03287159727917939,0.2049843775679762,1.1291357172319711,0.001918180245994383,-0.00022865548500039523,0.0009229758575652891,0.0021409304567388964,0.04822735709342524,-0.006342957174957364,0.021753669965338673,-0.0006048969278484213,0.0051816895401355,0.0012003654794204056,-1.0,False,False,0.002584861272830492
645,32.25,transport,1.0160716777641179,0.17019626093201307,0.2416761020304928,transport,-0.030534584400287727,0.2048074213543604,0.9502555022666431,-0.030534584400287727,0.2048074213543604,0.9502555022666431,-0.03053458440028773,0.2048074213543604,1.1302555022666432,-0.03238900494870452,0.20492766958559772,1.129315006589381,0.0018544205484167867,-0.00012024823123732431,0.0009404956772620654,0.0020827547446722458,0.046740257577833205,-0.003539124272315952,0.022395700693440546,-0.0006478113333152898,0.004988732107064676,0.0011911858123255963,-1.0,False,False,0.0024889580406540213
646,32.3,transport,1.0259364513346432,0.1718486518148481,0.2447003604136593,transport,-0.030115751767390463,0.204859120625745,0.9504523114437496,-0.030115751767390463,0.204859120625745,0.9504523114437496,-0.030115751767390467,0.204859120625745,1.1304523114437497,-0.03191723886255736,0.20489943377801953,1.1295065630654362,0.0018014870951668926,-4.0313152274540354e-05,0.0009457483783135157,0.002035048131957032,0.045465063626281,-0.0013709791970545337,0.02274609708737163,-0.000721105852014238,0.004775062136392563,0.0012076574250697645,-1.0,False,False,0.002395434210073987
647,32.35,transport,1.0358012249051687,0.1735010426976832,0.24764608184311662,transport,-0.029707941068682013,0.20491577002446332,0.950649055153311,-0.029707941068682013,0.20491577002446332,0.950649055153311,-0.029707941068682013,0.20491577002446332,1.130649055153311,-0.031456191965438744,0.20489392408408785,1.129706702335666,0.0017482508967567312,2.18459403754645e-05,0.0009423528176450979,0.001986174029647266,0.04418595587750693,0.00032672492887575455,0.02284984175749738,-0.0008233163411913256,0.004551363368037758,0.0012488642494612723,-1.0,False,False,0.002308408608780301
648,32.4,transport,1.045665998475694,0.17515343358051827,0.250356408579487,transport,-0.029333165835357257,0.2049872561802677,0.9508456026404319,-0.029333165835357257,0.2049872561802677,0.9508456026404319,-0.029333165835357264,0.2049872561802677,1.1308456026404319,-0.031008755330033062,0.20490831742770133,1.129912577089667,0.0016755894946757985,7.893875256637095e-05,0.0009330255507649099,0.0019194708019932983,0.04246052260162961,0.0018666419235968679,0.02277800609531866,-0.0009474083818373795,0.004323772406368509,0.001312406475263885,-1.0,False,False,0.002224849054084499
649,32.45,transport,1.0555307720462193,0.17680582446335333,0.2530667353158574,transport,-0.028958390602032504,0.20505874233607208,0.9510421501275529,-0.028958390602032504,0.20505874233607208,0.9510421501275529,-0.028958390602032508,0.20505874233607208,1.131042150127553,-0.0305756687290069,0.20493973284695516,1.1301223353721437,0.0016172781269743926,0.00011900948911691689,0.000919814755409254,0.001864352698058566,0.04100729456001109,0.003008498167414997,0.02259146075771934,-0.0010800101755093765,0.004087864905577001,0.0013866332566294963,-1.0,False,False,0.002148362171031487
650,32.5,transport,1.065395545616745,0.17845821534618844,0.2557770620522279,transport,-0.028583615368707734,0.20513022849187648,0.9512386976146738,-0.028583615368707734,0.20513022849187648,0.9512386976146738,-0.028583615368707738,0.20513022849187648,1.1312386976146738,-0.03015529142603763,0.20498413222233888,1.1303337568961613,0.0015716760573298919,0.0001460962695375989,0.000904940718512437,0.0018194580108314238,0.03984106720598325,0.0038099128984264707,0.02232724485060178,-0.0012126871926513938,0.0038522850589832493,0.0014666729931345306,-1.0,False,False,0.002085765550483631
651,32.55,transport,1.0752603191872703,0.1801106062290235,0.25856979537920904,transport,-0.028195908223150126,0.20518178289731612,0.9514092701193531,-0.028195908223150126,0.20518178289731612,0.9514092701193531,-0.02819590822315013,0.20518178289731612,1.131409270119353,-0.029744194449180195,0.205035022067624,1.1305413746464177,0.0015482862260300656,0.00014676082969211635,0.0008678954729353094,0.0017810029564231348,0.03918766405775001,0.003953013499544689,0.021510264463833195,-0.0013418852659126898,0.0036325116956462083,0.0015510881472234508,-1.0,False,False,0.002040907753611736
652,32.6,transport,1.0851250927577958,0.1817629971118586,0.26137471779013643,transport,-0.027806288267432276,0.20523038911892014,0.951576000561897,-0.027806288267432276,0.20523038911892014,0.951576000561897,-0.027806288267432276,0.20523038911892014,1.1315760005618969,-0.029339576697127844,0.2050876037736719,1.1307402756824658,0.001533288429695568,0.00014278534524822528,0.0008357248794310657,0.0017520836559810793,0.03875812363495837,0.003907341025922717,0.020692518309584074,-0.0014543230726384796,0.0034460699445247305,0.0016342472802011023,-1.0,False,False,0.002011863812289929
653,32.65,transport,1.094989866328321,0.18341538799469365,0.26417964020106377,transport,-0.027416668311714434,0.20527899534052416,0.9517427310044408,-0.027416668311714434,0.20527899534052416,0.9517427310044408,-0.027416668311714437,0.20527899534052416,1.1317427310044408,-0.028940452937280592,0.2051406545815678,1.1309295702769269,0.0015237846255661547,0.00013834075895635678,0.0008131607275139174,0.001732711204866919,0.03845816770826814,0.0038278313370448958,0.020049106439499198,-0.0015360827883750933,0.0033053514788604858,0.0017045484050796744,-1.0,False,False,0.0019958495444333557
654,32.7,transport,1.1048546398988464,0.1850677788775287,0.26692751780888574,transport,-0.027034195100678983,0.20531976102098692,0.9518581072435816,-0.027034195100678983,0.20531976102098692,0.9518581072435816,-0.027034195100678983,0.20531976102098692,1.1318581072435816,-0.02854685540870798,0.20519295935074958,1.1311042564569438,0.0015126603080289971,0.00012680167023734756,0.0007538507866378108,0.0016948483352724538,0.03812515673203218,0.003582128788382488,0.01857073933309472,-0.0015894754326680356,0.0032117147538308797,0.0017584418685384915,-1.0,False,False,0.001987820886177049
655,32.75,transport,1.114719413469372,0.18672016976036385,0.26961652347259096,transport,-0.02665909754405295,0.2053524350283299,0.9519204844078137,-0.02665909754405295,0.2053524350283299,0.9519204844078137,-0.026659097544052955,0.2053524350283299,1.1319204844078137,-0.02815881769627295,0.20524272561541562,1.1312551451364516,0.0014997201522199965,0.00010970941291427172,0.000665339271362031,0.0016443457775885588,0.0377551572931005,0.003189513551606349,0.01632455901739771,-0.0016204107099947907,0.00315348297952185,0.0017987611656045401,-1.0,False,False,0.001982775823584462
656,32.8,transport,1.1245841870398974,0.1883725606431989,0.272305529136296,transport,-0.026283999987426938,0.20538510903567286,0.951982861572046,-0.026283999987426938,0.20538510903567286,0.951982861572046,-0.02628399998742694,0.20538510903567286,1.131982861572046,-0.027775646069325678,0.20528913579413113,1.1313800240949174,0.001491646081898737,9.597324154173026e-05,0.0006028374771285261,0.0016117170721210864,0.03749635417692021,0.002847668405144832,0.014554328711886555,-0.0016340145028288678,0.003115919206317953,0.0018293834946801028,-1.0,False,False,0.001981217533146042
657,32.85,transport,1.1344489606104227,0.19002495152603396,0.2749554243455786,transport,-0.025914894906136136,0.20542791756669795,0.952047367619181,-0.025914894906136136,0.20542791756669795,0.952047367619181,-0.025914894906136132,0.20542791756669795,1.132047367619181,-0.027397302369926352,0.20533338922479802,1.1314835919918065,0.0014824074637902196,9.452834189993542e-05,0.0005637756273744188,0.0015888078720048947,0.03721502326379092,0.002775635451336411,0.013346870485269058,-0.0016376187385790566,0.0030961157793601094,0.0018528798132726389,-1.0,False,False,0.0019848812552166377
658,32.9,transport,1.1443137341809482,0.19167734240886905,0.2772986014471455,transport,-0.02559278494986985,0.20555020464053947,0.9521285691239657,-0.02559278494986985,0.20555020464053947,0.9521285691239657,-0.02559278494986985,0.20555020464053947,1.1321285691239658,-0.027028840194763575,0.20538556985950063,1.1315739218279806,0.0014360552448937254,0.00016463478103884155,0.0005546472959852,0.0015482224970779165,0.03609034840113004,0.004336308314829007,0.012899542643185491,-0.001639825205265933,0.0030943296226744765,0.0018695218296813964,-1.0,False,False,0.0019896905216817604
659,32.95,transport,1.1541785077514735,0.1933297332917041,0.27964177854871236,transport,-0.025270674993603574,0.20567249171438098,0.9522097706287505,-0.025270674993603574,0.20567249171438098,0.9522097706287505,-0.025270674993603574,0.20567249171438098,1.1322097706287504,-0.026673091845239354,0.20545239560610287,1.1316578887251243,0.0014024168516357793,0.00022009610827811166,0.0005518819036260947,0.0015230853417261764,0.03516330402320002,0.00573843709760713,0.012716976015396675,-0.001656891333001807,0.003097323210388597,0.001869966183997058,-1.0,False,False,0.0019962902975493033
660,33.0,transport,1.164043281321999,0.1949821241745392,0.28198495565027926,transport,-0.024948565037337292,0.2057947787882225,0.9522909721335352,-0.024948565037337292,0.2057947787882225,0.9522909721335352,-0.024948565037337292,0.2057947787882225,1.1322909721335352,-0.026328936843760413,0.20553340274007634,1.1317384344729777,0.001380371806423121,0.00026137604814616133,0.0005525376605575172,0.0015096495052980704,0.034490536158041235,0.006847663642392532,0.012661668168219009,-0.0016880060264180994,0.0031047498243315015,0.0018579192639745234,-1.0,False,False,0.0020081006664609043
661,33.05,transport,1.1739080548925245,0.19663451505737428,0.28417847043043304,transport,-0.024647347042361645,0.20592628192384288,0.9524203025484217,-0.024647347042361645,0.20592628192384288,0.9524203025484217,-0.024647347042361642,0.20592628192384288,1.1324203025484216,-0.02599676045826913,0.20562752658362418,1.1318228541070139,0.0013494134159074897,0.0002987553402186982,0.0005974484414077441,0.0015056945110084093,0.03363179602797542,0.007857583675330848,0.013637361508878065,-0.0017231168237429048,0.0031242316102969687,0.0018438867653731577,-1.0,False,False,0.0020231129417007353
662,33.1,transport,1.1837728284630498,0.19828690594020934,0.28631776605696624,transport,-0.02435369771562499,0.20606112382278488,0.952567068940151,-0.02435369771562499,0.20606112382278488,0.952567068940151,-0.02435369771562499,0.20606112382278488,1.132567068940151,-0.025676486774701097,0.20573236769151515,1.1319190487154869,0.0013227890590761064,0.0003287561312697307,0.0006480202246641475,0.0015092321558437137,0.032861254852882826,0.00867194478321398,0.014884296662742713,-0.0017547282003467514,0.0031536378671062483,0.0018296013351463785,-1.0,False,False,0.0020338896558434573
663,33.15,transport,1.1936376020335753,0.19993929682304445,0.2884570616834995,transport,-0.024060048388888332,0.20619596572172688,0.9527138353318803,-0.024060048388888332,0.20619596572172688,0.9527138353318803,-0.024060048388888332,0.20619596572172688,1.1327138353318802,-0.02536606957556334,0.2058444317366611,1.132028316047804,0.0013060211866750097,0.0003515339850657939,0.0006855192840762303,0.0015163126892368294,0.0323287677162553,0.00927196060423463,0.01589573232786634,-0.0017833881973542463,0.003189680091855364,0.0017866997447101168,-1.0,False,False,0.0020421763264535093
664,33.2,transport,1.2035023756041006,0.2015916877058795,0.29065089822835616,transport,-0.02375696134573883,0.20630296720701605,0.9528553067536001,-0.02375696134573883,0.20630296720701605,0.9528553067536001,-0.023756961345738833,0.20630296720701605,1.1328553067536,-0.025062078779531538,0.20595807012998063,1.1321473662219914,0.0013051174337927046,0.0003448970770354165,0.0007079405316086085,0.001524291739146909,0.03218216459649016,0.009170709407099187,0.016539814115921203,-0.0018122582309674264,0.003232677064428299,0.0017168155680557715,-1.0,False,False,0.0020527177865273184
665,33.25,transport,1.213367149174626,0.2032440785887146,0.2929438135320479,transport,-0.023436729794261178,0.20635939393641614,0.9529871593593424,-0.023436729794261178,0.20635939393641614,0.9529871593593424,-0.023436729794261174,0.20635939393641614,1.1329871593593424,-0.02475991725372708,0.20606419357953096,1.1322712988751686,0.0013231874594659063,0.00029520035688518353,0.0007158604841737137,0.00153310943392649,0.03250697970540728,0.008026476128710214,0.01679586274701883,-0.0018384562559666969,0.0032845536466640578,0.0016390201894989583,-1.0,False,False,0.0020695777286138563
666,33.3,transport,1.2232319227451516,0.20489646947154969,0.2952367288357397,transport,-0.02311649824278352,0.20641582066581624,0.9531190119650849,-0.02311649824278352,0.20641582066581624,0.9531190119650849,-0.02311649824278352,0.20641582066581624,1.133119011965085,-0.024456994259698224,0.20615901830341807,1.132396681158604,0.0013404960169147023,0.00025680236239816745,0.0007223308064809864,0.0015442275799534646,0.032868380218871174,0.0070325417257055545,0.016954261798325376,-0.0018529656315909233,0.003347166136160491,0.0015797484369928186,-1.0,False,False,0.002094939229411268
667,33.35,transport,1.2330966963156769,0.20654886035438474,0.2975296441394314,transport,-0.022796266691305873,0.2064722473952163,0.9532508645708272,-0.022796266691305873,0.2064722473952163,0.9532508645708272,-0.022796266691305876,0.2064722473952163,1.1332508645708272,-0.024152812725311983,0.2062439806426053,1.1325221804900132,0.001356546034006107,0.00022826675261100604,0.0007286840808140571,0.001556696290981995,0.033214551367846956,0.006264581835964678,0.017083668244466388,-0.0018582184527717676,0.0034181059391063086,0.001555203353433171,-1.0,False,False,0.0021283269071689357
668,33.4,transport,1.2429614698862024,0.20820125123721983,0.2998066652199816,transport,-0.022479462802273,0.20655321278181088,0.9535085186343409,-0.022479462802273,0.20655321278181088,0.9535085186343409,-0.022479462802273004,0.20655321278181088,1.133508518634341,-0.02384819642406892,0.20632411543894286,1.1326626655069698,0.0013687336217959173,0.0002290973428680232,0.0008458531273711767,0.0016252337779616068,0.03346699846077959,0.0061846427841116824,0.01972676288655606,-0.0018611231479684254,0.0034934456361124296,0.0015656180603008734,-1.0,False,False,0.0021721471351738952
669,33.45,transport,1.2528262434567277,0.2098536421200549,0.30208329565780023,transport,-0.02216274315714486,0.206634781271054,0.9537692646026714,-0.02216274315714486,0.206634781271054,0.9537692646026714,-0.022162743157144858,0.206634781271054,1.1337692646026714,-0.023544335443620557,0.2064033333823235,1.1328302338940681,0.0013815922864756983,0.0002314478887305016,0.000939030708603239,0.0016864590249830726,0.03370906533848125,0.00621331664222291,0.022131981914030874,-0.0018700494507493295,0.003579600214670971,0.001600709237262133,-1.0,False,False,0.0022245468507071002
670,33.5,transport,1.2626910170272532,0.21150603300288998,0.30435992609561896,transport,-0.021846023512016716,0.20671634976029712,0.9540300105710019,-0.021846023512016716,0.20671634976029712,0.9540300105710019,-0.021846023512016713,0.20671634976029712,1.134030010571002,-0.02324117211301776,0.20648283303571013,1.1330230997727953,0.0013951486010010464,0.0002335167245869907,0.001006910798206695,0.0017363291839631843,0.03396623863207687,0.006260327559472478,0.02399553353867656,-0.0018867933478192444,0.0036760031081544916,0.0016496808101651292,-1.0,False,False,0.0022809348061894248
671,33.55,transport,1.2725557905977787,0.2131584238857251,0.30686588687289396,transport,-0.02149269525895479,0.20672297760775482,0.9542807372994209,-0.02149269525895479,0.20672297760775482,0.9542807372994209,-0.021492695258954794,0.20672297760775482,1.1342807372994208,-0.022934033382262332,0.2065545358680891,1.1332342820585422,0.0014413381233075381,0.00016844173966570897,0.001046455240878652,0.0017891050210995733,0.0349695370812593,0.004802891440893742,0.025152750532511092,-0.0019083428386101882,0.0037759670782028477,0.0017061519847302617,-1.0,False,False,0.0023406501487887844
672,33.6,transport,1.282420564168304,0.21481081476856015,0.309526664748948,transport,-0.02111465314341794,0.20667901427408325,0.9545247002055792,-0.02111465314341794,0.20667901427408325,0.9545247002055792,-0.02111465314341794,0.20667901427408325,1.1345247002055792,-0.02261668174375145,0.20660658238480684,1.133456013277604,0.0015020286003335076,7.24318892764142e-05,0.0010686869279752376,0.0018448382164377279,0.03638760477688782,0.002489568119882768,0.02580836294074018,-0.0019191508714698259,0.0038830395784129326,0.0017757916660225553,-1.0,False,False,0.0024020757779244337
673,33.65,transport,1.2922853377388295,0.21646320565139524,0.31218744262500214,transport,-0.020736611027881085,0.20663505094041165,0.9547686631117376,-0.020736611027881085,0.20663505094041165,0.9547686631117376,-0.02073661102788109,0.20663505094041165,1.1347686631117375,-0.022286889493493757,0.2066349996371621,1.1336834117417083,0.0015502784656126686,5.130324956525989e-08,0.0010852513700292388,0.0018923884008640334,0.03760141431740721,0.0005693711120963174,0.026252996682671892,-0.0019112084978928363,0.003998842032635752,0.0018537574402205017,-1.0,False,False,0.0024605774945357815
674,33.7,transport,1.3021501113093548,0.2181155965342303,0.3148536988111535,transport,-0.020357211566228696,0.2065830372754373,0.9550096848277512,-0.020357211566228696,0.2065830372754373,0.9550096848277512,-0.020357211566228703,0.2065830372754373,1.135009684827751,-0.02194518881229861,0.206641023164701,1.133914117320185,0.0015879772460699083,-5.798588926370085e-05,0.0010955675075661198,0.0019301042098871532,0.03859355854530108,-0.001039247234495555,0.02652546172085657,-0.0018956923385449334,0.0041130719863978005,0.0019252936967526868,-1.0,False,False,0.0025113725494120198
675,33.75,transport,1.3120148848798803,0.21976798741706538,0.31753961133415537,transport,-0.019972941907016133,0.2065021387863047,0.9552401534675058,-0.019972941907016133,0.2065021387863047,0.9552401534675058,-0.019972941907016137,0.2065021387863047,1.1352401534675058,-0.021592126412881794,0.2066242412117902,1.1341458996731015,0.0016191845058656576,-0.00012210242548552075,0.0010942537944043096,0.0019580752878561873,0.03944493810564949,-0.0027776875679264013,0.026520722946417052,-0.0018840832991767209,0.004213623148751223,0.0019808024661313677,-1.0,False,False,0.0025498045087156045
676,33.8,transport,1.3218796584504058,0.22142037829990047,0.3202255238571572,transport,-0.019588672247803567,0.20642124029717207,0.9554706221072603,-0.019588672247803567,0.20642124029717207,0.9554706221072603,-0.01958867224780357,0.20642124029717207,1.1354706221072604,-0.021228730290135243,0.20658662544894987,1.13437752738032,0.0016400580423316727,-0.00016538515177780266,0.0010930947269403024,0.0019778773249901167,0.04006908330156447,-0.004060018292362799,0.026494448683176408,-0.0018711589037431488,0.004293791963691538,0.0020169598558589102,-1.0,False,False,0.0025727405835932375
677,33.85,transport,1.331744432020931,0.22307276918273553,0.322911436380159,transport,-0.019204402588591015,0.20634034180803945,0.9557010907470148,-0.019204402588591015,0.20634034180803945,0.9557010907470148,-0.01920440258859101,0.20634034180803945,1.1357010907470149,-0.02085700905754185,0.20653349859781278,1.1346091128873594,0.0016526064689508374,-0.00019315678977332995,0.0010919778596554242,0.0019901842459006994,0.040486554030884636,-0.0049256728182084375,0.026471267333896265,-0.0018457347898752554,0.004354831139422806,0.0020260022888507092,-1.0,False,False,0.0025812074442010564
678,33.9,transport,1.3416092055914564,0.22472516006557058,0.3257087076015558,transport,-0.018804998363667832,0.20626661000067342,0.9559775849851312,-0.018804998363667832,0.20626661000067342,0.9559775849851312,-0.018804998363667835,0.20626661000067342,1.1359775849851312,-0.020477526896471497,0.2064704259538605,1.1348463324804903,0.0016725285328036618,-0.0002038159531870809,0.0011312525046409672,0.0020294395445719466,0.041040213877480275,-0.005337771942787173,0.027369441955436002,-0.0018106384709519528,0.004396680274191158,0.0020103030552737432,-1.0,False,False,0.00258330896788362
679,33.95,transport,1.3514739791619819,0.22637755094840567,0.3285273588027915,transport,-0.01840268842312093,0.2061942541389128,0.956262915770183,-0.01840268842312093,0.2061942541389128,0.956262915770183,-0.018402688423120935,0.2061942541389128,1.136262915770183,-0.020091198011527388,0.20640176317386025,1.135094203184509,0.0016885095884064533,-0.0002075090349474562,0.001168712585673859,0.0020639800720059854,0.04149676946701125,-0.005523436298954243,0.0283316657938526,-0.0017730643531003178,0.004431725763365445,0.0019773695790821833,-1.0,False,False,0.002583653613206857
680,34.0,transport,1.3613387527325074,0.22802994183124078,0.3313460100040272,transport,-0.018000378482574034,0.20612189827715216,0.9565482465552348,-0.018000378482574034,0.20612189827715216,0.9565482465552348,-0.018000378482574034,0.20612189827715216,1.1365482465552348,-0.01969948540850823,0.20633029244775514,1.1353527997109358,0.0016991069259341962,-0.00020839417060297682,0.001195446844298953,0.002087938129745032,0.04181639057906708,-0.005597297934161749,0.029080867414514877,-0.001736359242080712,0.004465653757347216,0.0019349566078026082,-1.0,False,False,0.0025819488835001955
681,34.05,transport,1.3712035263030327,0.22968233271407584,0.33411179510682,transport,-0.017605885519359942,0.20606061512997217,0.9568493280045833,-0.017605885519359942,0.20606061512997217,0.9568493280045833,-0.017605885519359946,0.20606061512997217,1.1368493280045833,-0.019304446785060672,0.20625893591430017,1.1356222315888578,0.0016985612657007265,-0.00019832078432799327,0.0012270964157254927,0.0021048057203270987,0.041871997782965686,-0.005393546355659251,0.029930565872948733,-0.001700756713876723,0.004494618153583296,0.0018898874045070418,-1.0,False,False,0.0025761934813617483
682,34.1,transport,1.3810682998735582,0.23133472359691093,0.3368154962914153,transport,-0.017220572514485444,0.20601233535407357,0.9571689064299251,-0.017220572514485444,0.20601233535407357,0.9571689064299251,-0.017220572514485444,0.20601233535407357,1.137168906429925,-0.018908604740986396,0.20619115532161192,1.13590440070696,0.0016880322265009524,-0.00017881996753835172,0.0012645057229649925,0.0021166965068019077,0.04167748541150457,-0.004932011204532016,0.03093349682134594,-0.001665999575211435,0.0045131397648220445,0.0018447510109010354,-1.0,False,False,0.0025646241148426564
683,34.15,transport,1.3909330734440835,0.232987114479746,0.33951919747601045,transport,-0.016835259509610952,0.20596405557817493,0.9574884848552668,-0.016835259509610952,0.20596405557817493,0.9574884848552668,-0.016835259509610956,0.20596405557817493,1.1374884848552669,-0.01851329972369935,0.20612865153181728,1.136199191797314,0.001678040214088395,-0.00016459595364234914,0.0012892930579528894,0.0021225426679666003,0.04146690462750881,-0.0045419948687397405,0.03168168296613594,-0.0016318503411038986,0.0045172930204575275,0.0018000876737800083,-1.0,False,False,0.002547657647930353
684,34.2,transport,1.400797847014609,0.23463950536258107,0.3422135481990021,transport,-0.016451367862661128,0.20591833517887126,0.9578062925563625,-0.016451367862661128,0.20591833517887126,0.9578062925563625,-0.01645136786266113,0.20591833517887126,1.1378062925563626,-0.018118857158460934,0.20607148198291297,1.1365038877604794,0.0016674892957998025,-0.000153146804041715,0.001302404795883172,0.002121375201970316,0.04123863722076439,-0.004206327058920434,0.032142015180971484,-0.0015980097865356984,0.004506882311459409,0.0017597200109740476,-1.0,False,False,0.002526374528406003
685,34.25,transport,1.4106626205851345,0.23629189624541616,0.3448016380134847,transport,-0.016083628871141103,0.20590170015457088,0.9581039773186039,-0.016083628871141103,0.20590170015457088,0.9581039773186039,-0.016083628871141106,0.20590170015457088,1.138103977318604,-0.01772691194758317,0.20602221102106252,1.1368132178823942,0.0016432830764420633,-0.00012051086649164655,0.0012907594362097097,0.0020930747861526277,0.040704565746396554,-0.003395636566841942,0.032001791162490356,-0.0015644400384111042,0.004483365223547969,0.0017269153626080084,-1.0,False,False,0.0024989708141243713
686,34.3,transport,1.4205273941556598,0.23794428712825122,0.3473897278279672,transport,-0.01571588987962109,0.20588506513027052,0.9584016620808453,-0.01571588987962109,0.20588506513027052,0.9584016620808453,-0.015715889879621095,0.20588506513027052,1.1384016620808453,-0.017338398077585186,0.2059823653168631,1.1371232473124513,0.0016225081979640912,-9.730018659256934e-05,0.001278414768393965,0.0020679324212409425,0.04022044135924149,-0.002742917815840018,0.03176888396902111,-0.0015340699676639371,0.004443361743408796,0.0016978180912289736,-1.0,False,False,0.002466655642951322
687,34.35,transport,1.4303921677261853,0.23959667801108633,0.34997781764244973,transport,-0.015348150888101068,0.20586843010597017,0.9586993468430867,-0.015348150888101068,0.20586843010597017,0.9586993468430867,-0.01534815088810107,0.20586843010597017,1.1386993468430866,-0.01695304957523157,0.205950666423929,1.1374326361759146,0.0016048986871304988,-8.223631795883923e-05,0.0012667106671719885,0.00204622054585324,0.03980494378968233,-0.0022787042178584738,0.03152199061270622,-0.0015087514115925934,0.004388439101148421,0.001674165964635343,-1.0,False,False,0.0024324758269971933
688,34.4,transport,1.4402569412967106,0.24124906889392136,0.35264134081526827,transport,-0.014971001725994288,0.20586939266274595,0.9589874969521706,-0.014971001725994288,0.20586939266274595,0.9589874969521706,-0.01497100172599429,0.20586939266274595,1.1389874969521705,-0.016569526430959814,0.2059270978652496,1.1377395001197959,0.001598524704965524,-5.770520250364397e-05,0.0012479968323746427,0.002028819167988671,0.03964095698474557,-0.001625475223661077,0.031097215525117683,-0.0014875068177250229,0.004324482516423951,0.0016594966188781108,-1.0,False,False,0.0024021461895123108
689,34.45,transport,1.450121714867236,0.24290145977675648,0.3553709830948916,transport,-0.014585604328785667,0.20588577991183746,0.9592672897142615,-0.014585604328785667,0.20588577991183746,0.9592672897142615,-0.014585604328785667,0.20588577991183746,1.1392672897142615,-0.016186288584072915,0.20591278382503828,1.1380410140272232,0.0016006842552872477,-2.7003913200818186e-05,0.0012262756870382585,0.0020165989579174638,0.039678442043482934,-0.000826359068242799,0.0305557918893129,-0.0014743776086159096,0.004263417768573,0.0016524844510560804,-1.0,False,False,0.0023809864320941216
690,34.5,transport,1.4599864884377616,0.24455385065959157,0.3581006253745149,transport,-0.014200206931577045,0.205902167160929,0.9595470824763522,-0.014200206931577045,0.205902167160929,0.9595470824763522,-0.014200206931577045,0.205902167160929,1.1395470824763523,-0.015802897967968008,0.20590712162894778,1.1383361054241636,0.001602691036390963,-4.954468018791847e-06,0.0012109770521886443,0.0020087579560038554,0.03972163304991741,-0.00021233328218572822,0.030121368982580776,-0.0014751146950827243,0.004215940825643288,0.0016511405604279696,-1.0,False,False,0.002369232853788634
691,34.55,transport,1.4698512620082869,0.24620624154242662,0.36081815540183704,transport,-0.013816623436160977,0.20592169997753537,0.959818492198963,-0.013816623436160977,0.20592169997753537,0.959818492198963,-0.013816623436160975,0.20592169997753537,1.139818492198963,-0.015419607831894408,0.20590858590524608,1.1386247187196215,0.0016029843957334321,1.3114072289294176e-05,0.0011937734793414645,0.0019987060994142965,0.03972549063614064,0.000291566971751811,0.02964773549598565,-0.00148866127264815,0.004182640935468492,0.0016560373432222446,-1.0,False,False,0.0023642434984124084
692,34.6,transport,1.4797160355788124,0.2478586324252617,0.36346908210782924,transport,-0.013443014294064665,0.20595852976243054,0.9600438049399117,-0.013443014294064665,0.20595852976243054,0.9600438049399117,-0.013443014294064665,0.20595852976243054,1.1400438049399118,-0.015037495272061111,0.20591756885919812,1.1389020270610937,0.0015944809779964465,4.096090323241208e-05,0.0011417778788180843,0.0019615565526755643,0.03953187075659486,0.0009988771436891808,0.028381724405805997,-0.001510880993130799,0.004159067666094,0.0016667285479612039,-1.0,False,False,0.002361098816909857
693,34.65,transport,1.4895808091493377,0.24951102330809677,0.36612000881382145,transport,-0.01306940515196836,0.2059953595473257,0.9602691176808603,-0.01306940515196836,0.2059953595473257,0.9602691176808603,-0.01306940515196836,0.2059953595473257,1.1402691176808604,-0.014656997811460964,0.20593402920762938,1.1391653466078535,0.0015875926594926034,6.133033969632495e-05,0.001103771073006854,0.0019345600131938957,0.03936180240185501,0.001555813762551539,0.027341812395333953,-0.0015408261931792286,0.004135750533761046,0.0016794560600862807,-1.0,False,False,0.0023584795848897826
694,34.7,transport,1.499445582719863,0.2511634141909318,0.36877093551981366,transport,-0.012695796009872057,0.20603218933222087,0.9604944304218089,-0.012695796009872057,0.20603218933222087,0.9604944304218089,-0.012695796009872057,0.2060321893322209,1.140494430421809,-0.014277964039291735,0.20595651524677686,1.139416855785468,0.0015821680294196786,7.567408544403853e-05,0.00107757463634095,0.0019157633824172732,0.039224036031778146,0.0019632024918303514,0.026581676279109345,-0.0015776634695112784,0.004109605897882444,0.0016946448449238524,-1.0,False,False,0.0023572061640089277
695,34.75,transport,1.5093103562903887,0.25281580507376694,0.37141641406729,transport,-0.012324414374442094,0.2060959102668121,0.9607161549707497,-0.012324414374442094,0.2060959102668121,0.9607161549707497,-0.012324414374442094,0.2060959102668121,1.1407161549707496,-0.013900518990190134,0.2059863935688634,1.1396590176318082,0.0015761046157480394,0.00010951669794870278,0.0010571373389414163,0.0019009573957077526,0.039070993296992824,0.002787900400704757,0.025985983705631988,-0.001618623178320482,0.004082809235055987,0.0017135960303735522,-1.0,False,False,0.002358872640282337
696,34.8,transport,1.519175129860914,0.25446819595660203,0.37406030950268093,transport,-0.0119536800022504,0.2061674451634872,0.9609368368719561,-0.0119536800022504,0.2061674451634872,0.9609368368719561,-0.011953680002250403,0.2061674451634872,1.1409368368719561,-0.013525006259321643,0.2060254117256929,1.1398937405519403,0.0015713262570712407,0.00014203343779431443,0.0010430963200158683,0.0018913724214029962,0.03893677975879462,0.003621031892476201,0.0255563848029583,-0.00166586501013852,0.004059818668421008,0.0017320180945436783,-1.0,False,False,0.0023646262232739873
697,34.85,transport,1.5290399034314395,0.2561205868394371,0.3767042049380719,transport,-0.011582945630058697,0.20623898006016234,0.9611575187731626,-0.011582945630058697,0.20623898006016234,0.9611575187731626,-0.011582945630058697,0.20623898006016234,1.1411575187731626,-0.013151437824574865,0.20607293611394623,1.1401229218806315,0.0015684921945161683,0.00016604394621611007,0.0010345968925311588,0.0018863003701341666,0.038841212585258925,0.004271366689388989,0.02527556442444734,-0.0017209811364251146,0.004042786042791762,0.0017492666015953816,-1.0,False,False,0.002374553430377163
698,34.9,transport,1.5389046770019648,0.25777297772227215,0.37945576371986206,transport,-0.011197017768687511,0.2063064490440156,0.9613693173735054,-0.011197017768687511,0.2063064490440156,0.9613693173735054,-0.011197017768687513,0.2063064490440156,1.1413693173735053,-0.01277797061083577,0.20612675733924357,1.1403469269174358,0.0015809528421482574,0.00017969170477202812,0.0010223904560695551,0.0018912914218921005,0.03908840111774704,0.004670258601387478,0.02492790985747728,-0.0017816577486914097,0.00403137128786853,0.0017685466295070931,-1.0,False,False,0.0023915370460335424
699,34.95,transport,1.54876945057249,0.25942536860510723,0.38237165976722143,transport,-0.010787898574799554,0.2063677118210442,0.9615675565088866,-0.010787898574799554,0.2063677118210442,0.9615675565088866,-0.010787898574799552,0.2063677118210442,1.1415675565088865,-0.012400781319750143,0.2061835089201612,1.1405636117291842,0.0016128827449505903,0.00018420290088297375,0.001003944779702337,0.001908723808816935,0.03980144072072436,0.004819089636012297,0.024412591829015007,-0.0018466373382994392,0.0040313963019855455,0.0017932016527259288,-1.0,False,False,0.0024192790156755393
700,35.0,transport,1.5586342241430158,0.2610777594879424,0.3852875558145809,transport,-0.01037877938091158,0.2064289745980728,0.9617657956442678,-0.01037877938091158,0.2064289745980728,0.9617657956442678,-0.010378779380911578,0.2064289745980728,1.1417657956442677,-0.012018424552569844,0.2062413748242928,1.1407719655082644,0.001639645171658266,0.00018759977377999504,0.000993830136003293,0.0019264808079222835,0.0404400387767713,0.004909313558231765,0.024043678301670646,-0.0019094923272095711,0.004055901841476549,0.0018207534504668494,-1.0,False,False,0.0024547435441969515
701,35.05,transport,1.568498997713541,0.2627301503707774,0.38820382690738203,transport,-0.00996963573701071,0.20649074209760385,0.9619638079223682,-0.00996963573701071,0.20649074209760385,0.9619638079223682,-0.009969635737010714,0.20649074209760385,1.1419638079223682,-0.011631413479771473,0.20630000743043087,1.1409736133880404,0.0016617777427607588,0.0001907346671729815,0.000990194534327804,0.00194380302381936,0.0409757763111826,0.004987345466220816,0.023836848282074996,-0.001963838025045419,0.004103676793670042,0.0018456002968102632,-1.0,False,False,0.002492969689846673
702,35.1,transport,1.5783637712840664,0.2643825412536125,0.3911420556876851,transport,-0.00955906062459116,0.20658205945363337,0.9621485384465166,-0.00955906062459116,0.20658205945363337,0.9621485384465166,-0.009559060624591158,0.20658205945363337,1.1421485384465166,-0.01124033369851404,0.20636257271259514,1.141169014827074,0.0016812730739228822,0.00021948674103822174,0.000979523619442757,0.0019581420019079095,0.0414470571036063,0.005641040464050007,0.023498501169525454,-0.002008673075667713,0.004164673468594198,0.001865561275609045,-1.0,False,False,0.0025325864013415163
703,35.15,transport,1.588228544854592,0.2660349321364476,0.3940802844679884,transport,-0.00914848551217159,0.2066733768096629,0.9623332689706651,-0.00914848551217159,0.2066733768096629,0.9623332689706651,-0.009148485512171595,0.2066733768096629,1.1423332689706651,-0.010845818495164784,0.20643117634228034,1.1413585434098923,0.0016973329829931896,0.00024220046738257506,0.0009747255607728267,0.0019722297635875997,0.041836963726848905,0.006216081941355367,0.023285082871824514,-0.0020520914526247595,0.004233145915776033,0.00187759736015286,-1.0,False,False,0.002571664162879584
704,35.2,transport,1.5980933184251171,0.2676873230192826,0.3970185132482914,transport,-0.008737910399752047,0.20676469416569243,0.9625179994948135,-0.008737910399752047,0.20676469416569243,0.9625179994948135,-0.008737910399752052,0.20676469416569243,1.1425179994948136,-0.0104483656769169,0.20650552896196495,1.1415439507210252,0.001710455277164848,0.00025916520372748497,0.0009740487737883718,0.0019853450258639723,0.04215816190825464,0.006670356468241878,0.023189121698425907,-0.002094763759093661,0.004303493517312689,0.001883012110049229,-1.0,False,False,0.0026076051932216156
705,35.25,transport,1.6079580919956427,0.2693397139021177,0.40000502388924647,transport,-0.008319682384154918,0.206843742428408,0.9626674867081458,-0.008319682384154918,0.206843742428408,0.9626674867081458,-0.008319682384154918,0.206843742428408,1.1426674867081459,-0.010047364286704007,0.20658345143645618,1.14172272261659,0.0017276819025490893,0.0002602909919518226,0.0009447640915558608,0.0019862566162458153,0.04257366585523965,0.0067642693288610944,0.022470719742413436,-0.0021322584936237826,0.004370055648271633,0.0018853399487211285,-1.0,False,False,0.0026384081847356574
706,35.3,transport,1.617822865566168,0.2709921047849528,0.4030189572353657,transport,-0.00789710774014176,0.20691582219976806,0.9627969567367949,-0.00789710774014176,0.20691582219976806,0.9627969567367949,-0.00789710774014176,0.20691582219976806,1.1427969567367948,-0.009641752259579289,0.20666227179532207,1.1418903981297412,0.0017446445194375278,0.00025355040444599575,0.0009065586070535758,0.0019824027882398296,0.04300513093124493,0.006647415266237688,0.021484682404095956,-0.0021598152384870143,0.0044286991724419335,0.0018885477946644154,-1.0,False,False,0.002662686747312296
707,35.35,transport,1.6276876391366935,0.27264449566778787,0.40603289058148495,transport,-0.007474533096128592,0.2069879019711281,0.9629264267654438,-0.007474533096128592,0.2069879019711281,0.9629264267654438,-0.007474533096128597,0.2069879019711281,1.1429264267654438,-0.009231356684982851,0.206740682553601,1.1420466646632772,0.0017568235888542547,0.0002472194175270892,0.0008797621021665591,0.001980284807588469,0.04334438326901384,0.006512603516120596,0.020720572714050256,-0.002175489395231224,0.004476407781501682,0.001894365889208788,-1.0,False,False,0.002679680738803866
708,35.4,transport,1.6375524127072192,0.274296886550623,0.4090792243373884,transport,-0.007048343227525525,0.20707413948230557,0.9630755902983327,-0.007048343227525525,0.20707413948230557,0.9630755902983327,-0.007048343227525525,0.20707413948230557,1.1430755902983327,-0.00881644022883945,0.2068198910235437,1.1421964368164839,0.0017680970013139244,0.0002542484587618743,0.00087915348184886,0.001990909372494151,0.04366026914914653,0.006669138574091349,0.02057851270111044,-0.002181066092126087,0.004511069615948356,0.00190156700368699,-1.0,False,False,0.0026918966651439348
709,35.45,transport,1.6474171862777442,0.275949277433458,0.41221838143952805,transport,-0.006611796167576271,0.20720093724545985,0.9632811733942717,-0.006611796167576271,0.20720093724545985,0.9632811733942717,-0.006611796167576275,0.20720093724545985,1.1432811733942716,-0.00839701870783381,0.20690528866363345,1.1423505992674832,0.0017852225402575344,0.0002956485818264021,0.0009305741267884304,0.0020347962570310516,0.044092881225263475,0.007620924438322962,0.021694731555754743,-0.0021833484020481217,0.004536619670832408,0.001907171292973579,-1.0,False,False,0.002707815810336889
710,35.5,transport,1.6572819598482698,0.2776016683162931,0.41535753854166785,transport,-0.0061752491076269974,0.20732773500861412,0.9634867564902106,-0.0061752491076269974,0.20732773500861412,0.9634867564902106,-0.006175249107626998,0.20732773500861412,1.1434867564902107,-0.007973998253283624,0.20699970864977504,1.1425155270288365,0.0017987491456566262,0.0003280263588390786,0.000971229461374179,0.0020703590142134394,0.04443539200413623,0.008448926899613518,0.022723144454550592,-0.0021962464183809707,0.004568329930875746,0.0019068112552781027,-1.0,False,False,0.0027282174483694386
711,35.55,transport,1.667146733418795,0.27925405919912816,0.41849669564380754,transport,-0.005738702047677734,0.20745453277176837,0.9636923395861496,-0.005738702047677734,0.20745453277176837,0.9636923395861496,-0.005738702047677735,0.20745453277176837,1.1436923395861496,-0.007548165662385437,0.2071025175256422,1.1426910813586633,0.0018094636147077021,0.0003520152461261583,0.0010012582274863124,0.0020977586478347207,0.04470592411211779,0.009096482439866493,0.023536251146261122,-0.0022191256498845,0.0046077111134726146,0.0019018836523708419,-1.0,False,False,0.0027490432938524953
712,35.6,transport,1.6770115069893206,0.28090645008196324,0.42183886789756914,transport,-0.005271807656015763,0.20754815910810084,0.9638660742967361,-0.005271807656015763,0.20754815910810084,0.9638660742967361,-0.005271807656015759,0.20754815910810084,1.1438660742967361,-0.007116571079201636,0.20720862486044495,1.1428712363884457,0.001844763423185877,0.00033953424765589824,0.000994837908290469,0.00212323763545852,0.045527160127393565,0.00891283164917267,0.02349985876145766,-0.00224360871964437,0.004647533261314032,0.0018962095411681242,-1.0,False,False,0.0027712957718116957
713,35.65,transport,1.686876280559846,0.28255884096479833,0.4252087991903998,transport,-0.004800763757482387,0.20763724978822357,0.9640354542556391,-0.004800763757482387,0.20763724978822357,0.9640354542556391,-0.004800763757482382,0.20763724978822357,1.144035454255639,-0.0066768000276596975,0.20731336218964938,1.1430497806607343,0.0018760362701773156,0.00032388759857418514,0.0009856735949047568,0.002143820817891139,0.046316146434385086,0.008572498555572405,0.0232843573438668,-0.0022601788584827834,0.004691813588626672,0.0018970497612585456,-1.0,False,False,0.002793904697552074
714,35.7,transport,1.6967410541303714,0.2842112318476334,0.42857873048323036,transport,-0.004329719858949021,0.2077263404683463,0.9642048342145421,-0.004329719858949021,0.2077263404683463,0.9642048342145421,-0.004329719858949019,0.2077263404683463,1.144204834214542,-0.00622902595528847,0.20741531722997206,1.143225236061976,0.001899306096339451,0.0003110232383742306,0.0009795981525662079,0.002159562836064773,0.046941603374213575,0.008259565573938144,0.023101071076156998,-0.0022665790489985486,0.004738844682648693,0.001905146798644985,-1.0,False,False,0.0028133458345829775
715,35.75,transport,1.7066058277008969,0.2858636227304685,0.43186036150475576,transport,-0.003873115175385466,0.20785339402354197,0.9644158086048591,-0.003873115175385466,0.20785339402354197,0.9644158086048591,-0.0038731151753854595,0.20785339402354197,1.144415808604859,-0.005775953200491883,0.20751864554165153,1.1434034659156112,0.0019028380251064235,0.00033474848189044004,0.0010123426892478804,0.002181212235522371,0.047118215598060204,0.008761535871398274,0.023811450857662564,-0.0022658839918192194,0.004780571812369542,0.0019161320471869222,-1.0,False,False,0.002827381983661252
716,35.8,transport,1.7164706012714221,0.28751601361330353,0.4350539344693995,transport,-0.003430910098916471,0.20801830631872964,0.9646682633298712,-0.003430910098916471,0.20801830631872964,0.9646682633298712,-0.0034309100989164676,0.20801830631872964,1.1446682633298713,-0.005321747679997445,0.2076309066655651,1.1435947421802535,0.001890837581080977,0.00038739965316453295,0.0010735211496177843,0.0022085725951339814,0.04690086203150831,0.009993215541562184,0.025295948285202208,-0.002268346146190952,0.004810215264075357,0.00192166344619604,-1.0,False,False,0.002835334838079387
717,35.85,transport,1.7263353748419477,0.2891684044961387,0.4382475074340433,transport,-0.002988705022447466,0.20818321861391728,0.9649207180548832,-0.002988705022447466,0.20818321861391728,0.9649207180548832,-0.0029887050224474618,0.20818321861391728,1.1449207180548833,-0.004868651025683903,0.20775526885019288,1.1438032461406076,0.001879946003236441,0.0004279497637244001,0.0011174719142756917,0.002228470653733501,0.04666085315099966,0.011046238967043487,0.026519517492595845,-0.0022822714844315077,0.004824619851746917,0.0019159265992169465,-1.0,False,False,0.0028370007586497295
718,35.9,transport,1.7362001484124732,0.29082079537897376,0.44146785623816437,transport,-0.0025424810737293122,0.2083435170227912,0.9651683107858037,-0.0025424810737293122,0.2083435170227912,0.9651683107858037,-0.0025424810737293135,0.2083435170227912,1.1451683107858037,-0.004416476908604551,0.20789040050561206,1.1440262123726928,0.0018739958348752373,0.00045311651717913626,0.0011420984131109702,0.002240884591517574,0.046523399039091785,0.011764963451966204,0.027301292903922914,-0.0023020886464641933,0.004824249848911586,0.0019029699097499544,-1.0,False,False,0.0028329565417061172
719,35.95,transport,1.7460649219829985,0.2924731862618088,0.44488151664437703,transport,-0.002067242362140946,0.20847050488855629,0.96538080172774,-0.002067242362140946,0.20847050488855629,0.96538080172774,-0.002067242362140946,0.20847050488855629,1.14538080172774,-0.00396147622534675,0.20803039066190415,1.1442549062221716,0.001894233863205804,0.00044011422665213296,0.0011258955055684083,0.0022471010547984557,0.0469846909292721,0.011602087658884597,0.02709178710094573,-0.002317922544855232,0.004812243103719249,0.0018900059406097914,-1.0,False,False,0.002827448499388429
720,36.0,transport,1.755929695553524,0.2941255771446439,0.4482951770505898,transport,-0.0015920036505525695,0.2085974927543214,0.9655932926696763,-0.0015920036505525695,0.2085974927543214,0.9655932926696763,-0.0015920036505525717,0.2085974927543214,1.1455932926696764,-0.003501266596603038,0.20817059827220666,1.144482148027362,0.0019092629460504664,0.000426894482114748,0.0011111446423144322,0.0022499258459259034,0.04738945149588357,0.011342041848345086,0.026767728950094494,-0.002320531885076388,0.004799716935553224,0.0018856588174118092,-1.0,False,False,0.002821191780616347
721,36.05,transport,1.7657944691240492,0.29577796802747897,0.45170883745680246,transport,-0.0011167649389642036,0.2087244806200865,0.9658057836116126,-0.0011167649389642036,0.2087244806200865,0.9658057836116126,-0.0011167649389642043,0.2087244806200865,1.1458057836116127,-0.0030359988206355507,0.20830957841690087,1.1447063286503223,0.0019192338816713464,0.00041490220318562976,0.0010994549612903803,0.0022504230141619118,0.04769003315277667,0.011077646957596832,0.02647271168501497,-0.002309819989008014,0.004788438815702424,0.001889994068435751,-1.0,False,False,0.0028125895374398256
722,36.1,transport,1.7756592426945748,0.29743035891031405,0.4549203165207447,transport,-0.0006726718380312409,0.20890685315651444,0.9660497417955403,-0.0006726718380312409,0.20890685315651444,0.9660497417955403,-0.0006726718380312413,0.20890685315651444,1.1460497417955402,-0.002569823786853394,0.20845308327097517,1.1449319596864123,0.0018971519488221525,0.00045376988553927355,0.0011177821091279405,0.0022482280732675952,0.04726653965208619,0.011945494792271472,0.026868262904358176,-0.002290713356722979,0.004774032634172549,0.0018983899361433491,-1.0,False,False,0.0027978370382694437
723,36.15,transport,1.7855240162651003,0.29908274979314914,0.45806172769981923,transport,-0.000239372547432281,0.2091084197821885,0.9663046052542287,-0.000239372547432281,0.2091084197821885,0.9663046052542287,-0.00023937254743228165,0.2091084197821885,1.1463046052542287,-0.002106975634724316,0.20860738400504808,1.1451647881735403,0.0018676030872920345,0.0005010357771404184,0.0011398170806884433,0.002244584843365598,0.04660902478842224,0.01310673022426656,0.027452911356329324,-0.0022765434939051314,0.004745466721142482,0.0018998588604779995,-1.0,False,False,0.002774155794490432
724,36.2,transport,1.7953887898356256,0.30073514067598417,0.46120313887889364,transport,0.00019392674316666913,0.20930998640786255,0.9665594687129172,0.00019392674316666913,0.20930998640786255,0.9665594687129172,0.00019392674316666414,0.20930998640786255,1.146559468712917,-0.00164836192231694,0.20877278122750376,1.1454061579365644,0.001842288665483604,0.0005372051803587963,0.0011533107763526118,0.002238915514177511,0.0460180475578196,0.014052048056289457,0.02789361078753494,-0.0022727201269306142,0.004698456461298767,0.001882288924247212,-1.0,False,False,0.0027412091789304326
725,36.25,transport,1.805253563406151,0.3023875315588193,0.46428161843775034,transport,0.0006185668913703463,0.209513548304645,0.9668159435006509,0.0006185668913703463,0.209513548304645,0.9668159435006509,0.0006185668913703396,0.209513548304645,1.1468159435006509,-0.0011942972316734309,0.2089472947310354,1.1456549401218152,0.0018128641230437705,0.000566253573609593,0.0011610033788356233,0.0022259937744550473,0.04533857627374559,0.014815341542824823,0.02819571128172882,-0.002275184107650744,0.00463783590564383,0.0018360082895303566,-1.0,False,False,0.0026993145027948365
726,36.3,transport,1.8151183369766763,0.30403992244165434,0.4672499534930989,transport,0.0010280515909039624,0.20972060237507298,0.967075238476981,0.0010280515909039624,0.20972060237507298,0.967075238476981,0.0010280515909039667,0.209720602375073,1.147075238476981,-0.0007460706362160431,0.2091292061946121,1.1459101244680536,0.0017741222271200098,0.000591396180460918,0.0011651140089272705,0.002203349671029,0.04444697645154795,0.015466152880752038,0.028405967103313223,-0.00227858565884049,0.004565472515615143,0.0017634350695399383,-1.0,False,False,0.0026471921117121014
727,36.35,transport,1.8249831105472019,0.30569231332448943,0.47021828854844755,transport,0.0014375362904375877,0.209927656445501,0.967334533453311,0.0014375362904375877,0.209927656445501,0.967334533453311,0.0014375362904375938,0.209927656445501,1.147334533453311,-0.0003037714531734714,0.20931683774669843,1.146170618885796,0.0017413077436110652,0.0006108186988025566,0.0011639145675148566,0.002181730794859898,0.04367213853307274,0.015969005017777982,0.028488179705146166,-0.002279588809100853,0.004477837401555067,0.0016682180228914433,-1.0,False,False,0.0025879007193744005
728,36.4,transport,1.8348478841177274,0.3073447042073245,0.4731866236037962,transport,0.0018470209899712129,0.21013471051592897,0.967593828429641,0.0018470209899712129,0.21013471051592897,0.967593828429641,0.0018470209899712209,0.21013471051592897,1.147593828429641,0.00013344719822715352,0.20950847952533022,1.146434676824312,0.0017135737917440674,0.0006262309905987473,0.0011591516053288675,0.0021615117019056175,0.04301584886289385,0.016357455384610753,0.028464190876897888,-0.0022782497346362845,0.004379394566496264,0.001555442673622806,-1.0,False,False,0.002526659355930032
729,36.45,transport,1.8447126576882527,0.3089970950901596,0.47629325897721214,transport,0.002276469060400186,0.21033165482718197,0.9678687398752022,0.002276469060400186,0.21033165482718197,0.9678687398752022,0.002276469060400188,0.21033165482718197,1.147868739875202,0.0005683240479457275,0.20970156631423698,1.1467021560441464,0.0017081450124544605,0.0006300885129449929,0.001166583831055723,0.0021623340982833642,0.04286043724346069,0.016463506037034947,0.028681261017799997,-0.002276411359688687,0.0042785128211050025,0.0014311915891156773,-1.0,False,False,0.002473038500826728
730,36.5,transport,1.8545774312587782,0.3106494859729947,0.4794020603566357,transport,0.0027062297894108207,0.21052844080330302,0.9681438958998552,0.0027062297894108207,0.21052844080330302,0.9681438958998552,0.002706229789410819,0.21052844080330302,1.148143895899855,0.0010024073240995955,0.20989426014350462,1.1469725333872105,0.0017038224653112234,0.0006341806597983946,0.0011713625126446026,0.002162703455999139,0.04275811482930183,0.016537489781320858,0.02883479711417447,-0.002276599103717319,0.0041926944521616175,0.0013046407390741473,-1.0,False,False,0.0024314879888625777
731,36.55,transport,1.8644422048293035,0.3123018768558297,0.4825108617360591,transport,0.003135990518421446,0.21072522677942407,0.9684190519245081,0.003135990518421446,0.21072522677942407,0.9684190519245081,0.003135990518421436,0.21072522677942407,1.148419051924508,0.0014357672257181006,0.2100860489217474,1.1472446091169861,0.0017002232927033354,0.0006391778576766705,0.0011744428075219915,0.002163012595186456,0.04267166388643681,0.01661933271838889,0.02893037074595206,-0.0022810637004417127,0.004128571710876404,0.001183291757180023,-1.0,False,False,0.002401696434095824
732,36.6,transport,1.874306978399829,0.3139542677386648,0.4861999434132116,transport,0.00365394763851334,0.2107947420089275,0.968623195598052,0.00365394763851334,0.2107947420089275,0.968623195598052,0.00365394763851333,0.2107947420089275,1.148623195598052,0.001877739982591063,0.2102628895575478,1.147507888016328,0.0017762076559222672,0.0005318524513797107,0.0011153075817238456,0.0021637217170528598,0.04436360825590459,0.014173861743602134,0.027571729621316265,-0.0022911921675549947,0.004083931679929467,0.0010698240655348428,-1.0,False,False,0.0023929739272776016
733,36.65,transport,1.8841717519703545,0.31560665862149995,0.4902670095842008,transport,0.004229354353863855,0.2107813552875483,0.9687810830611144,0.004229354353863855,0.2107813552875483,0.9687810830611144,0.004229354353863846,0.2107813552875483,1.1487810830611145,0.002339983355158684,0.21040722787203547,1.1477470539078858,0.0018893709987051616,0.00037412741551282047,0.0010340291532286994,0.002186071907214697,0.04703228742545565,0.010369314600010004,0.02546390089572803,-0.002287400414246313,0.004083854190806425,0.000997612730301769,-1.0,False,False,0.002414627816675093
734,36.7,transport,1.8940365255408798,0.317259049504335,0.4943340757551899,transport,0.004804761069214358,0.21076796856616908,0.9689389705241768,0.004804761069214358,0.21076796856616908,0.9689389705241768,0.004804761069214361,0.21076796856616908,1.1489389705241768,0.0028244146636855058,0.21051650008810754,1.1479576098775677,0.0019803464055288553,0.0002514684780615395,0.0009813606466091418,0.0022244273420507035,0.04929555428111354,0.0072148138826722,0.023838332325820666,-0.002255536666187921,0.004147189935606971,0.0010173887937886068,-1.0,False,False,0.0024657522936571085
735,36.75,transport,1.9039012991114053,0.31891144038717006,0.49855647990613805,transport,0.0054033245570728715,0.21072773418323312,0.9690809054629536,0.0054033245570728715,0.21072773418323312,0.9690809054629536,0.005403324557072875,0.21072773418323312,1.1490809054629536,0.003329827790361994,0.21059400860713012,1.1481424101251327,0.0020734967667108807,0.00013372557610299984,0.000938495337820866,0.0022799221193663738,0.05157819786774738,0.004224681902511573,0.02246591170771861,-0.002206147836393316,0.0042587797088188785,0.001146928337094714,-1.0,False,False,0.002543282321655519
736,36.8,transport,1.9137660726819303,0.3205638312700051,0.5033092848002024,transport,0.006080956726973386,0.21059582859635598,0.9691683705886306,0.006080956726973386,0.21059582859635598,0.9691683705886306,0.006080956726973383,0.21059582859635598,1.1491683705886306,0.0038630496287658947,0.21063178379083464,1.1482989596936177,0.002217907098207488,-3.595519447865958e-05,0.000869410895012912,0.0023824944861754265,0.05502257873222777,3.63997845170827e-05,0.020519209269957983,-0.0021507998376491507,0.004403273895538562,0.0013632237269865146,-1.0,False,False,0.0026463293459133056
737,36.85,transport,1.923630846252456,0.32221622215284024,0.5080620896942672,transport,0.006758588896873946,0.2104639230094788,0.9692558357143076,0.006758588896873946,0.2104639230094788,0.9692558357143076,0.006758588896873946,0.2104639230094788,1.1492558357143077,0.004426821419689907,0.21062527803941458,1.1484268283363526,0.002331767477184039,-0.000161355029935778,0.0008290073779551044,0.0024800056947601535,0.05791078536216103,-0.003357215627116661,0.019137520413798903,-0.0020927879375803463,0.004591438551957491,0.0015972372084585526,-1.0,False,False,0.0027633965228136275
738,36.9,transport,1.9334956198229816,0.3238686130356753,0.5128148945883318,transport,0.00743622106677449,0.21033201742260166,0.9693433008399845,0.00743622106677449,0.21033201742260166,0.9693433008399845,0.0074362210667744955,0.21033201742260166,1.1493433008399845,0.005017539683054747,0.21057908938435801,1.1485328069254497,0.0024186813837197485,-0.0002470719617563566,0.0008104939145348045,0.0025628040455205627,0.06018799294169177,-0.005865212336258474,0.01832945007263831,-0.002047691419591286,0.004808060829893579,0.0017985973077287438,-1.0,False,False,0.00287932218112575
739,36.95,transport,1.9433603933935066,0.32552100391851035,0.5178518457930342,transport,0.00816088923304764,0.21008121390691417,0.9693180249562402,0.00816088923304764,0.21008121390691417,0.9693180249562402,0.008160889233047641,0.21008121390691417,1.14931802495624,0.005636250852010102,0.21048705815701252,1.1486108441820313,0.0025246383810375393,-0.00040584425009834724,0.0007071807742087266,0.0026530384764937333,0.06286699099985789,-0.009957509548876864,0.015704360615806934,-0.002031841335751537,0.0050244194080886805,0.0019464879369891276,-1.0,False,False,0.0029838960026962987
740,37.0,transport,1.9532251669640324,0.3271733948013455,0.5229399266583852,transport,0.008894021118337253,0.20980901574162444,0.9692724623070615,0.008894021118337253,0.20980901574162444,0.9692724623070615,0.008894021118337259,0.20980901574162444,1.1492724623070616,0.006284053066299186,0.2103448476904738,1.148653955872499,0.0026099680520380725,-0.0005358319488493468,0.0006185064345625158,0.0027352512351998554,0.06515540532654313,-0.013560848307761497,0.013232362500605888,-0.002027335225207662,0.005223484179889422,0.0020541826420026332,-1.0,False,False,0.003070991491121301
741,37.05,transport,1.9630899405345574,0.32882578568418047,0.5280280075237359,transport,0.009627153003626817,0.20953681757633474,0.969226899657883,0.009627153003626817,0.20953681757633474,0.969226899657883,0.00962715300362682,0.20953681757633474,1.149226899657883,0.006957766633095779,0.21015850822311122,1.1486665986760345,0.0026693863705310418,-0.0006216906467764738,0.0005603009818484495,0.0027975096149480123,0.06686199874655269,-0.016160602282780934,0.01145887570767723,-0.0020241806529938335,0.005394215547140601,0.0021281650004616208,-1.0,False,False,0.0031353758876251003
742,37.1,transport,1.9729547141050832,0.3304781765670156,0.5326261501934976,transport,0.010289150007972106,0.20932547653632377,0.9692019399434246,0.010289150007972106,0.20932547653632377,0.9692019399434246,0.010289150007972106,0.20932547653632377,1.1492019399434246,0.00764475471760486,0.20994600713080075,1.1486608053819958,0.0026443952903672458,-0.0006205305944769757,0.000541134561428791,0.0027696048967264537,0.06662766749752655,-0.016660633735748887,0.01070682534780154,-0.0020093223913461855,0.005535296316812997,0.002155329682325853,-1.0,False,False,0.00316092212307414
743,37.15,transport,1.9828194876756087,0.3321305674498507,0.536668411724379,transport,0.010870437773908516,0.20918318365057686,0.969200356203568,0.010870437773908516,0.20918318365057686,0.969200356203568,0.010870437773908517,0.20918318365057686,1.149200356203568,0.008327025486485628,0.20973172167253606,1.1486524301158831,0.0025434122874228894,-0.0005485380219591995,0.0005479260876848357,0.0026589590111384294,0.06451366112607314,-0.015256469604477685,0.010791016431443978,-0.0019780918392947318,0.005617032670694781,0.0021217472338196115,-1.0,False,False,0.003131071291368898
744,37.2,transport,1.9926842612461337,0.33378295833268573,0.5407106732552601,transport,0.011451725539844897,0.20904089076483,0.9691987724637114,0.011451725539844897,0.20904089076483,0.9691987724637114,0.0114517255398449,0.20904089076483,1.1491987724637114,0.008996206512839767,0.20953046104110865,1.1486516169580043,0.002455519027005134,-0.0004895702762786336,0.0005471555057070532,0.0025629342353687733,0.06249400106718546,-0.013816618154121052,0.010926846956564873,-0.0019336545653010487,0.005599651137890392,0.002029610032137024,-1.0,False,False,0.0030554579428401277
745,37.25,transport,2.0025490348166595,0.3354353492155209,0.5447006499924163,transport,0.01202527585713761,0.20890749549722565,0.9691925620647198,0.01202527585713761,0.20890749549722565,0.9691925620647198,0.012025275857137613,0.20890749549722565,1.1491925620647196,0.009651260582756324,0.20934652331395476,1.1486594189864874,0.0023740152743812887,-0.0004390278167291095,0.0005331430782322677,0.0024724351333704534,0.06058138688595692,-0.012459310877659946,0.010818902134306363,-0.0018832551781642734,0.0054896808752583895,0.001913124874021308,-1.0,False,False,0.0029515105796991295
746,37.3,transport,2.0124138083871848,0.3370877400983559,0.5481583735939927,transport,0.012520059844708442,0.2088646769502725,0.9691392528123824,0.012520059844708442,0.2088646769502725,0.9691392528123824,0.012520059844708442,0.2088646769502725,1.1491392528123825,0.010285199001090636,0.2091895800964631,1.1486687072508115,0.002234860843617806,-0.0003249031461906027,0.0004705455615710008,0.002306854605356569,0.05737598523904236,-0.00963692727364518,0.009596676517902303,-0.0018314310710213306,0.005313409836160133,0.0018053240577242582,-1.0,False,False,0.0028162841199178643
747,37.35,transport,2.02227858195771,0.338740130981191,0.5516160971955689,transport,0.013014843832279275,0.20882185840331935,0.9690859435600451,0.013014843832279275,0.20882185840331935,0.9690859435600451,0.013014843832279285,0.20882185840331935,1.1490859435600451,0.01089496393204931,0.20906509300974102,1.1486743008995564,0.0021198799002299755,-0.00024323460642167172,0.00041164266048876463,0.002173132196874922,0.05459289662377298,-0.007354433862875043,0.008344726184672524,-0.0017834651260257137,0.0050629763237149345,0.0017062672317542295,-1.0,False,False,0.0026593778967934035
748,37.4,transport,2.0321433555282358,0.34039252186402613,0.5550738207971455,transport,0.01350962781985013,0.20877903985636623,0.9690326343077077,0.01350962781985013,0.20877903985636623,0.9690326343077077,0.013509627819850142,0.20877903985636623,1.1490326343077077,0.01148317020443594,0.20896888628285443,1.1486745766894249,0.002026457615414203,-0.00018984642648819938,0.00035805761828289207,0.002066585926287841,0.05229327775601665,-0.0057210630674958685,0.007166668163027801,-0.0017440878604281973,0.00475394155723075,0.0016270711101100354,-1.0,False,False,0.0024987807818288355
749,37.45,transport,2.042008129098761,0.34204491274686116,0.5583403739067334,transport,0.013975335031262418,0.20878236216352647,0.9689340217606088,0.013975335031262418,0.20878236216352647,0.9689340217606088,0.013975335031262429,0.20878236216352647,1.1489340217606088,0.012050081051359712,0.20889952642990767,1.1486634209306228,0.0019252539799027163,-0.00011716426638119781,0.00027060082998597856,0.0019477051013017843,0.04984329653652978,-0.003730482386559153,0.005188901423678338,-0.0017123471305366346,0.004420782112079426,0.0015811939807025676,-1.0,False,False,0.0023417383664835565
750,37.5,transport,2.0518729026692863,0.3436973036296962,0.5615290023489233,transport,0.014429190004980524,0.20880449234565132,0.9688169427433995,0.014429190004980524,0.20880449234565132,0.9688169427433995,0.014429190004980524,0.20880449234565132,1.1488169427433994,0.012595532388026935,0.20885685200185242,1.1486345260662842,0.0018336576169535896,-5.2359656201095284e-05,0.0001824166771151603,0.001843452639451079,0.04758217907241624,-0.0019006816851269148,0.0030704362555322717,-0.0016898598394909552,0.004079373263286185,0.001561423007998067,-1.0,False,False,0.002194470488427198
751,37.55,transport,2.0617376762398116,0.3453496945125313,0.5647176307911133,transport,0.01488304497869863,0.2088266225277762,0.96869986372619,0.01488304497869863,0.2088266225277762,0.96869986372619,0.014883044978698634,0.2088266225277762,1.14869986372619,0.013121383904306276,0.20883680589942483,1.1485869525293826,0.001761661074392358,-1.0183371648625483e-05,0.00011291119680745254,0.001765305180542974,0.045750251813433986,-0.0006045894815243091,0.0013067531981159064,-0.001679548378792212,0.0037425268982760464,0.001560580839715888,-1.0,False,False,0.0020663055728791448
752,37.6,transport,2.0716024498103374,0.3470020853953664,0.5680261127887464,transport,0.015355045792156246,0.20882430384280057,0.9685159862741977,0.015355045792156246,0.20882430384280057,0.9685159862741977,0.015355045792156241,0.20882430384280057,1.1485159862741976,0.013632462413835422,0.2088303532970524,1.1485143100451467,0.0017225833783208189,-6.04945425183856e-06,1.6762290508953726e-06,0.001722594816231531,0.0446732377569993,-0.00025004113248516813,-0.0014193251036997978,-0.0016802033571141732,0.0034300161845480593,0.0015780939561782354,-1.0,False,False,0.001963306162662374
753,37.65,transport,2.0814672233808627,0.34865447627820145,0.571576407202273,transport,0.015863657028471995,0.20877265796350364,0.9681973385950472,0.015863657028471995,0.20877265796350364,0.9681973385950472,0.015863657028471992,0.20877265796350364,1.148197338595047,0.014136770792761343,0.2088250961398306,1.1483955593221207,0.0017268862357106493,-5.243817632696879e-05,-0.00019822072707365024,0.0017390161845322201,0.04462389229273139,-0.0011539066709753687,-0.0063394290019935795,-0.0016751989946084773,0.0031654775618351273,0.0016098895885660333,-1.0,False,False,0.0018883130189782246
754,37.7,transport,2.091331996951388,0.35030686716103654,0.5751267016157996,transport,0.016372268264787743,0.20872101208420674,0.9678786909158966,0.016372268264787743,0.20872101208420674,0.9678786909158966,0.016372268264787743,0.20872101208420674,1.1478786909158967,0.01463898387275129,0.20881361154682138,1.1482207203510075,0.0017332843920364535,-9.25994626146398e-05,-0.0003420294351108577,0.0017691335672119137,0.044709949440528,-0.002081681112477418,-0.01033736812448005,-0.0016501823169873815,0.002966954438854853,0.0016543832412812532,-1.0,False,False,0.0018405947102167434
755,37.75,transport,2.1011967705219137,0.3519592580438716,0.5786769960293263,transport,0.01688087950110351,0.2086693662049098,0.9675600432367462,0.01688087950110351,0.2086693662049098,0.9675600432367462,0.016880879501103507,0.2086693662049098,1.147560043236746,0.015139502214892357,0.2087941339575498,1.1479974772060013,0.0017413772862111508,-0.00012476775264000373,-0.0004374339692552187,0.0017998084127176773,0.04483791256704436,-0.0028849068382313936,-0.013213542285228641,-0.001609788193285456,0.002838650317348184,0.0017034676098151183,-1.0,False,False,0.0018184716036149092
756,37.8,transport,2.1110615440924385,0.35361164892670666,0.5816768084495091,transport,0.017315684205478167,0.208593750920405,0.9672133691116497,0.017315684205478167,0.208593750920405,0.9672133691116497,0.01731568420547816,0.208593750920405,1.1472133691116497,0.01563061097101585,0.20876418832351343,1.1477354851280372,0.0016850732344623094,-0.00017043740310843103,-0.0005221160163875194,0.0017723221627142136,0.04352363981171607,-0.0040076607428962685,-0.015682161887031754,-0.0015690134286609374,0.0027759296575280566,0.001749219051392059,-1.0,False,False,0.0017985260780111428
757,37.85,transport,2.1209263176629642,0.35526403980954174,0.5846490878477371,transport,0.017746797386989394,0.2085169367771404,0.9668652932099995,0.017746797386989394,0.2085169367771404,0.9668652932099995,0.017746797386989394,0.2085169367771404,1.1468652932099994,0.01610816933486407,0.20872314564776362,1.1474456078243018,0.0016386280521253245,-0.00020620887062322568,-0.0005803146143024129,0.0017505396433982008,0.04232372831947086,-0.004945030927460681,-0.01740383836075665,-0.0015223702795134795,0.002725763963542664,0.0017864444464496532,-1.0,False,False,0.001774167927363717
758,37.9,transport,2.13079109123349,0.3569164306923769,0.5876213672459651,transport,0.01817791056850062,0.2084401226338758,0.9665172173083493,0.01817791056850062,0.2084401226338758,0.9665172173083493,0.018177910568500627,0.2084401226338758,1.1465172173083493,0.01657306127125589,0.2086721520119033,1.1471362739444857,0.0016048492972447377,-0.00023202937802752066,-0.0006190566361363725,0.001735687188948299,0.04139482467273116,-0.005660460277756574,-0.018567810319050082,-0.0014730125742227773,0.0026703693101124324,0.0018138492334633287,-1.0,False,False,0.0017534705605153087
759,37.95,transport,2.1406558648040153,0.35856882157521197,0.5901874950057752,transport,0.018555210774817532,0.2083352013125116,0.9661358827058253,0.018555210774817532,0.2083352013125116,0.9661358827058253,0.018555210774817532,0.2083352013125116,1.1461358827058252,0.017021633403155337,0.20860978807408176,1.1468099338557303,0.0015335773716621953,-0.0002745867615701614,-0.0006740511499050417,0.001697528319997114,0.039642990071232856,-0.006739013987834275,-0.020007824773209393,-0.0014321580001158622,0.002624746548351198,0.0018325569693731474,-1.0,False,False,0.001726867022523578
760,38.0,transport,2.1505206383745405,0.360221212458047,0.5924513780601857,transport,0.018892465132993516,0.20820936355265313,0.9657297980708093,0.018892465132993516,0.20820936355265313,0.9657297980708093,0.018892465132993516,0.20820936355265313,1.1457297980708092,0.017449251617864512,0.20853374144684675,1.1464671590700195,0.0014432135151290042,-0.0003243778941936226,-0.0007373609992102903,0.0016528120013022968,0.03741663459676359,-0.008008490428572657,-0.021602715698421093,-0.0013919423951425116,0.0025668877211665483,0.0018444139040484171,-1.0,False,False,0.0016831595894328398
761,38.05,transport,2.160385411945066,0.3618736033408821,0.5947152611145962,transport,0.0192297194911695,0.20808352579279465,0.9653237134357933,0.0192297194911695,0.20808352579279465,0.9653237134357933,0.0192297194911695,0.20808352579279465,1.1453237134357932,0.017856517525224765,0.20844449171192964,1.1461101402378577,0.001373201965944735,-0.0003609659191349812,-0.0007864268020645326,0.0016230980096891543,0.035609357466099764,-0.009004313081041881,-0.022868912684526066,-0.0013400625602433519,0.002472610948234086,0.001850008715467544,-1.0,False,False,0.0016281923933945618
762,38.1,transport,2.1702501855155916,0.3635259942237172,0.596718470067035,transport,0.019529357865249255,0.20798613982634176,0.964952073094358,0.019529357865249255,0.20798613982634176,0.964952073094358,0.01952935786524926,0.20798613982634176,1.144952073094358,0.018242073971275103,0.2083479771826735,1.14574569584076,0.0012872838939741553,-0.00036183735633174563,-0.0007936227464018231,0.0015549479604568069,0.03345680680048986,-0.00916703771175753,-0.02316134286999283,-0.0012732318943483457,0.002361909707658064,0.001845075867197977,-1.0,False,False,0.001567335188587044
763,38.15,transport,2.180114959086117,0.36517838510655226,0.5976408354940294,transport,0.019673027569805854,0.20800672467654138,0.9647232505143493,0.019673027569805854,0.20800672467654138,0.9647232505143493,0.01967302756980585,0.20800672467654138,1.1447232505143492,0.01858945473892627,0.20826278034486245,1.1453991097436467,0.0010835728308795818,-0.0002560556683210702,-0.0006758592292974708,0.001302490031795373,0.02861907197061496,-0.006825050122642451,-0.020448906528214295,-0.0011986994938033907,0.002250396268643364,0.0018234567533024363,-1.0,False,False,0.0014794830700822434
764,38.2,transport,2.189979732656642,0.3668307759893873,0.5985632009210236,transport,0.01981669727436245,0.20802730952674098,0.9644944279343405,0.01981669727436245,0.20802730952674098,0.9644944279343405,0.019816697274362458,0.20802730952674098,1.1444944279343405,0.018890868535209118,0.20820255388257428,1.1450889167952636,0.0009258287391533393,-0.00017524435583329834,-0.0005944888609230592,0.0011141303533497712,0.024544850708723767,-0.004709416362429497,-0.018093636186122808,-0.00111829932688429,0.0020966880649110637,0.0017631750884667032,-1.0,False,False,0.001373793379792947
765,38.25,transport,2.199844506227168,0.36848316687222243,0.5994855663480179,transport,0.019960366978919054,0.2080478943769406,0.9642656053543316,0.019960366978919054,0.2080478943769406,0.9642656053543316,0.01996036697891905,0.2080478943769406,1.1442656053543316,0.019151154563074205,0.20816719039512194,1.144811243822878,0.0008092124158448448,-0.00011929601818133628,-0.0005456384685462723,0.000983248499754204,0.02138996887419864,-0.003093190112673505,-0.016466228818639017,-0.0010408843396211727,0.0019071416239031594,0.0016818453018512518,-1.0,False,False,0.001275959858522637
766,38.3,transport,2.2097092797976927,0.3701355577550574,0.6008091315151984,transport,0.020161394674811508,0.20803690952254106,0.9640487954982511,0.020161394674811508,0.20803690952254106,0.9640487954982511,0.02016139467481151,0.20803690952254106,1.144048795498251,0.019382847171844055,0.20814826966581487,1.1445561739209347,0.0007785475029674568,-0.00011136014327381427,-0.0005073784226836686,0.0009359327751990493,0.02020480223474612,-0.002605617451617581,-0.015248966492538152,-0.0009752604612131901,0.0017212888527657268,0.0016119323684271355,-1.0,False,False,0.0012155385764286671
767,38.35,transport,2.2195740533682184,0.37178794863789255,0.602223593792932,transport,0.020375417582707674,0.2080187721337761,0.963834707283751,0.020375417582707674,0.2080187721337761,0.963834707283751,0.020375417582707667,0.2080187721337761,1.143834707283751,0.0195967424525702,0.20813587802708922,1.1443129535582257,0.0007786751301374663,-0.00011710589331312415,-0.00047824627447479173,0.0009212861920121688,0.019851408217272243,-0.0025899506407756068,-0.014429332743675083,-0.0009304245977996665,0.0015989501903102476,0.0015772775532103015,-1.0,False,False,0.0012032346194570333
768,38.4,transport,2.229438826938744,0.3734403395207277,0.6036380560706657,transport,0.02058944049060384,0.20800063474501113,0.9636206190692509,0.02058944049060384,0.20800063474501113,0.9636206190692509,0.020589440490603836,0.20800063474501113,1.1436206190692508,0.019791677757886247,0.2081217287818909,1.1440778049655134,0.0007977627327175885,-0.00012109403687976528,-0.00045718589626253525,0.0009274201244432051,0.01985396076067271,-0.0027048656415618044,-0.013846689779497545,-0.0009091759340867286,0.001572598935337212,0.0015784251351563803,-1.0,False,False,0.0011985383782131844
769,38.45,transport,2.239303600509269,0.37509273040356267,0.6054432872669658,transport,0.020858852255147466,0.20795774343653364,0.9634034601115358,0.020858852255147466,0.20795774343653364,0.9634034601115358,0.020858852255147456,0.20795774343653364,1.1434034601115357,0.01998050192108482,0.20810148546233914,1.1438511097643942,0.0008783503340626352,-0.00014374202580549889,-0.0004476496528584839,0.000996268684158512,0.02134348994522417,-0.0032797069071449636,-0.013486897079553195,-0.0008792817167916054,0.001553867559072409,0.001599479992865782,-1.0,False,False,0.0011994363713872084
770,38.5,transport,2.2491683740797948,0.3767451212863978,0.607753475551739,transport,0.021199838278690847,0.2078828647651099,0.9631823330962817,0.021199838278690847,0.2078828647651099,0.9631823330962817,0.021199838278690847,0.2078828647651099,1.1431823330962816,0.020182225883067416,0.20806959009747564,1.1436270587439747,0.001017612395623431,-0.00018672533236574473,-0.00044472564769315603,0.0011261359772201814,0.02438672715212052,-0.004372413944584985,-0.013375533362252057,-0.0008427626816933936,0.0015408132227703415,0.0016340857110038896,-1.0,False,False,0.0012248616640099781
771,38.55,transport,2.25903314765032,0.37839751216923284,0.610063663836512,transport,0.021540824302234217,0.20780798609368611,0.9629612060810275,0.021540824302234217,0.20780798609368611,0.9629612060810275,0.02154082430223421,0.20780798609368611,1.1429612060810275,0.02040684261827015,0.20802382342393747,1.1434001452673836,0.0011339816839640617,-0.00021583733025135055,-0.0004389391863561798,0.001234976850801271,0.02717196838333588,-0.005232080075790457,-0.0133170532589455,-0.0008174614318585089,0.0015821162663924178,0.0016822037067149515,-1.0,False,False,0.0012751307837754768
772,38.6,transport,2.2688979212208453,0.38004990305206793,0.6124161264698618,transport,0.021887916319377084,0.20772871065599258,0.9627374015721989,0.021887916319377084,0.20772871065599258,0.9627374015721989,0.021887916319377088,0.20772871065599258,1.1427374015721987,0.020655601978650896,0.2079654912270635,1.1431677304272645,0.001232314340726192,-0.00023678057107093253,-0.0004303288550657758,0.0013265920988375921,0.029621474022138786,-0.005902255358897768,-0.013254873903698616,-0.0008119746482971211,0.0016869331300111922,0.001731700854166463,-1.0,False,False,0.0013417082184005434
773,38.65,transport,2.278762694791371,0.381702293934903,0.6154649541866453,transport,0.022335589442687327,0.20757700939475884,0.9624694919949495,0.022335589442687327,0.20757700939475884,0.9624694919949495,0.022335589442687334,0.20757700939475884,1.1424694919949494,0.020936435733880536,0.20788874592175374,1.1429232239061033,0.0013991537088067982,-0.00031173652699489907,-0.00045373191115394285,0.0015035569195511254,0.03359974928072877,-0.007769636646093314,-0.013964768646301806,-0.0008268002927723675,0.0018388440668332983,0.0017708126798274702,-1.0,False,False,0.0014364528713443877
774,38.7,transport,2.2886274683618963,0.3833546848177381,0.6185137819034285,transport,0.022783262565997553,0.2074253081335251,0.9622015824177,0.022783262565997553,0.2074253081335251,0.9622015824177,0.022783262565997553,0.2074253081335251,1.1422015824177,0.02125165320013736,0.20778892632267446,1.142662483487126,0.0015316093658601926,-0.00036361818914934507,-0.0004609010694258675,0.0016402668175845108,0.03693653664234034,-0.009268755764572645,-0.014432829768065147,-0.0008624766485381487,0.002056306681943989,0.0018114425927677218,-1.0,False,False,0.001549760719617641
775,38.75,transport,2.2984922419324216,0.38500707570057313,0.6215626096202118,transport,0.02323093568930778,0.2072736068722914,0.9619336728404506,0.02323093568930778,0.2072736068722914,0.9619336728404506,0.023230935689307786,0.2072736068722914,1.1419336728404506,0.021598360062638162,0.20766954979670535,1.1423882997493642,0.0016325756266696231,-0.0003959429244139445,-0.00045462690891362456,0.0017403331872079945,0.039585649783408505,-0.01030638900766101,-0.014576212933508081,-0.000909328299865141,0.002315293551832481,0.0018492081992535234,-1.0,False,False,0.0016712008325936653
776,38.8,transport,2.308357015502947,0.3866594665834082,0.6240817842887326,transport,0.02360496215932822,0.20713773617311734,0.961695737528311,0.02360496215932822,0.20713773617311734,0.961695737528311,0.023604962159328224,0.20713773617311734,1.141695737528311,0.021967047186438254,0.20753871768622137,1.142108537840357,0.0016379149728899707,-0.0004009815131040262,-0.0004128003120460466,0.0017360748053853155,0.04013204193380124,-0.010636272471760133,-0.013851244421063669,-0.0009658433015076511,0.0025951344248934236,0.0018719169119148743,-1.0,False,False,0.0017915809708844183
777,38.85,transport,2.3182217890734726,0.38831185746624336,0.6263496501274575,transport,0.023944044897187853,0.2070093767306788,0.9614720243518003,0.023944044897187853,0.2070093767306788,0.9614720243518003,0.02394404489718785,0.2070093767306788,1.1414720243518004,0.022345553193327983,0.2074048185808485,1.141829770794601,0.0015984917038598667,-0.0003954418501697088,-0.0003577464428006216,0.0016850912442686779,0.039539954214991915,-0.010586819110851575,-0.012730269771132896,-0.0010320378256128478,0.0028775392843035366,0.0018691482270635515,-1.0,False,False,0.0019170253982514194
778,38.9,transport,2.328086562643998,0.3899642483490784,0.6286175159661822,transport,0.024283127635047468,0.20688101728824024,0.9612483111752897,0.024283127635047468,0.20688101728824024,0.9612483111752897,0.02428312763504746,0.20688101728824024,1.1412483111752898,0.022721421045111476,0.20727063241981072,1.141556112117308,0.001561706589935985,-0.00038961513157048655,-0.0003078009420180994,0.001638740017118457,0.03875148883438956,-0.010476025852165227,-0.011629192386224396,-0.001112618631483172,0.0031731174645662093,0.0018421050043647001,-1.0,False,False,0.0020388611051664783
779,38.95,transport,2.3379513362145232,0.3916166392319135,0.6307256533805878,transport,0.024599298504624126,0.2067684507249809,0.961002068753076,0.024599298504624126,0.2067684507249809,0.961002068753076,0.024599298504624112,0.2067684507249809,1.141002068753076,0.023086281220431194,0.20713858351785827,1.1412875529936852,0.0015130172841929176,-0.0003701327928773701,-0.00028548424060925726,0.001583578491349879,0.037557549190252726,-0.01004363389659646,-0.01108086728463853,-0.001194231285004125,0.0034572348506683634,0.0018025418857502836,-1.0,False,False,0.002144120384870055
780,39.0,transport,2.347816109785049,0.39326903011474856,0.6324596306264336,transport,0.02486179884852373,0.20669287861878785,0.960703052089798,0.02486179884852373,0.20669287861878785,0.960703052089798,0.024861798848523728,0.20669287861878785,1.140703052089798,0.023431575482850436,0.2070144862370476,1.14101840369527,0.0014302233656732916,-0.0003216076182597505,-0.0003153516054719141,0.0014994722307913077,0.03551035256185067,-0.008914097981408409,-0.011690018077743503,-0.001265904461240733,0.003700507885495138,0.0017586176911598393,-1.0,False,False,0.0022100470970826723
781,39.05,transport,2.3576808833555742,0.39492142099758365,0.6341936078722793,transport,0.025124299192423327,0.20661730651259483,0.9604040354265201,0.025124299192423327,0.20661730651259483,0.9604040354265201,0.025124299192423316,0.20661730651259483,1.1404040354265201,0.023756930591490935,0.20690242002815723,1.1407452236466438,0.001367368600932381,-0.00028511351556240183,-0.0003411882201236338,0.0014378442228291848,0.033854474191457595,-0.007943594489055461,-0.01228736537499664,-0.0013192958065455093,0.0038564301623179834,0.0017101572042621444,-1.0,False,False,0.0022417675804108097
782,39.1,transport,2.3675456569260995,0.3965738118804187,0.635927585118125,transport,0.02538679953632292,0.20654173440640178,0.9601050187632422,0.02538679953632292,0.20654173440640178,0.9601050187632422,0.025386799536322918,0.20654173440640178,1.1401050187632422,0.024065986984199685,0.2068016669397239,1.1404677022329273,0.0013208125521232336,-0.00025993253332212696,-0.0003626834696850434,0.0013941484924169054,0.03259737889663966,-0.007213712435109043,-0.012804097668031034,-0.0013596783892585323,0.003933977948338645,0.0016664872391027592,-1.0,False,False,0.0022536464629549385
783,39.15,transport,2.3774104304966253,0.3982262027632538,0.6367324633052472,transport,0.02551322415071377,0.20659838637945588,0.9599308992014867,0.02551322415071377,0.20659838637945588,0.9599308992014867,0.025513224150713762,0.20659838637945588,1.1399308992014867,0.024348007357763764,0.20672466415606353,1.1402029479759626,0.0011652167929499975,-0.00012627777660764727,-0.0002720487744758415,0.0012031985651302347,0.028944743330281547,-0.004065611205360531,-0.01073606062881094,-0.0013918900147169328,0.0039620726587031386,0.001637165829733066,-1.0,False,False,0.0022298932039601393
784,39.2,transport,2.3872752040671505,0.3998785936460889,0.6374567177648304,transport,0.025627840624263657,0.2066665122616042,0.9597676177412114,0.025627840624263657,0.2066665122616042,0.9597676177412114,0.025627840624263654,0.2066665122616042,1.1397676177412115,0.02459545899637154,0.20668288546313987,1.1399682922736023,0.0010323816278921122,-1.637320153566324e-05,-0.0002006745323908099,0.001051831818917818,0.025596665329997784,-0.001163037889186369,-0.00870660469502127,-0.0014182559457416504,0.0039150479269768204,0.0015970737635167063,-1.0,False,False,0.0021726836483229265
785,39.25,transport,2.397139977637676,0.40153098452892394,0.6381809722244135,transport,0.02574245709781355,0.20673463814375254,0.9596043362809362,0.02574245709781355,0.20673463814375254,0.9596043362809362,0.025742457097813545,0.20673463814375254,1.1396043362809363,0.02481151607950437,0.20667463111392576,1.139763147569128,0.0009309410183091747,6.0007029826780744e-05,-0.0001588112881918402,0.000946294377271844,0.022939962028840077,0.0010350536122533116,-0.007279119853320637,-0.0014432600821658562,0.003794580566265854,0.001549314559443436,-1.0,False,False,0.0021013675994253625
786,39.3,transport,2.407004751208201,0.403183375411759,0.6392318086021502,transport,0.0259031525598079,0.2067855535119635,0.9593710427024742,0.0259031525598079,0.2067855535119635,0.9593710427024742,0.025903152559807893,0.2067855535119635,1.1393710427024741,0.025006536405410076,0.2066913498807722,1.139570482617939,0.0008966161543978168,9.420363119130859e-05,-0.000199439915464783,0.0009233477851478053,0.021832729606070453,0.002218447960755099,-0.0078420973330795,-0.0014687576352931766,0.003633906026665844,0.0015167271177731674,-1.0,False,False,0.002041806768426978
787,39.35,transport,2.416869524778727,0.4048357662945941,0.6405595860388887,transport,0.026102922946494002,0.20682187438583527,0.9590783789351689,0.026102922946494002,0.20682187438583527,0.9590783789351689,0.02610292294649401,0.20682187438583527,1.1390783789351688,0.025192688878690535,0.20672206287713907,1.1393658842190555,0.000910234067803474,9.981150869620148e-05,-0.00028750528388665764,0.0009597643896920842,0.021927730821678648,0.0026104901012613535,-0.009842073655401684,-0.001500399656396339,0.003482094606860933,0.0015164819610970096,-1.0,False,False,0.0020137032517453407
788,39.4,transport,2.426734298349252,0.4064881571774292,0.6418873634756271,transport,0.026302693333180097,0.20685819525970706,0.9587857151678635,0.026302693333180097,0.20685819525970706,0.9587857151678635,0.026302693333180097,0.20685819525970706,1.1387857151678635,0.025376004793184383,0.20675854839591332,1.139137025355205,0.0009266885399957132,9.964686379373977e-05,-0.0003513101873413582,0.0009960421654494026,0.022200089089791236,0.0027226476513597664,-0.011603381023839177,-0.0015442949286300091,0.003380481608970508,0.0015516121967743238,-1.0,False,False,0.0020179522159475874
789,39.45,transport,2.4365990719197774,0.40814054806026423,0.6434064656103902,transport,0.02652982627315795,0.20687835130795426,0.9584683766748099,0.02652982627315795,0.20687835130795426,0.9584683766748099,0.02652982627315796,0.20687835130795426,1.1384683766748098,0.02555476052718689,0.2067919891500725,1.1388851040792993,0.0009750657459710703,8.636215788176971e-05,-0.00041672740448950307,0.001063895371233785,0.02307642959947155,0.002396058240818899,-0.01337297360790135,-0.0015992561385574562,0.0033380360316159763,0.0016088566866911645,-1.0,False,False,0.0020114352269597533
790,39.5,transport,2.446463845490303,0.40979293894309937,0.6459145369420556,transport,0.02689839794338627,0.20681495037280595,0.9580234929983115,0.02689839794338627,0.20681495037280595,0.9580234929983115,0.026898397943386276,0.20681495037280595,1.1380234929983115,0.02574708760101312,0.20680945848718946,1.138600561263022,0.0011513103423731567,5.491885616493164e-06,-0.0005770682647103786,0.0012878483790411306,0.026872748323987714,0.0004592244546691715,-0.01723222161975624,-0.001626390904625334,0.00327815351815177,0.0016709424962576358,-1.0,False,False,0.0019948396490704623
791,39.55,transport,2.4563286190608284,0.4114453298259344,0.6484226082737209,transport,0.027266969613614567,0.20675154943765764,0.957578609321813,0.027266969613614567,0.20675154943765764,0.957578609321813,0.027266969613614564,0.20675154943765764,1.137578609321813,0.025971977579582493,0.20680651326227031,1.138274246797641,0.0012949920340320706,-5.4963824612674905e-05,-0.0006956374758280148,0.0014710325924325893,0.030397640252028887,-0.0011581809906363594,-0.02043903882417819,-0.0016064274111974321,0.0032106350009102566,0.0017403317975310804,-1.0,False,False,0.0019895993075061237
792,39.6,transport,2.4661933926313537,0.4130977207087695,0.6509306796053862,transport,0.02763554128384287,0.20668814850250933,0.9571337256453146,0.02763554128384287,0.20668814850250933,0.9571337256453146,0.027635541283842865,0.20668814850250933,1.1371337256453147,0.026231602384937856,0.2067856988106796,1.1379097445303248,0.0014039388989050099,-9.755030817026888e-05,-0.0007760188850101102,0.0016070985671000583,0.03327127408520744,-0.0023672951952197208,-0.022810423046526473,-0.0015661607889416748,0.0031791111181263547,0.0018095343322253863,-1.0,False,False,0.001993444067417793
793,39.65,transport,2.4760581662018795,0.41475011159160463,0.653917804468762,transport,0.02807278914851756,0.20658262556851242,0.9566361779227647,0.02807278914851756,0.20658262556851242,0.9566361779227647,0.02807278914851756,0.20658262556851242,1.1366361779227647,0.02652974375493024,0.20674568144280053,1.137508372404462,0.0015430453935873188,-0.00016305587428810941,-0.000872194481697175,0.0017799717746958539,0.03682373527159409,-0.004061464843343465,-0.02547133215120123,-0.0015283279826571552,0.003174419644499735,0.0018661592905574993,-1.0,False,False,0.002014179821242181
794,39.7,transport,2.4859229397724047,0.41640250247443966,0.6570376372066482,transport,0.028529061759261662,0.20646543395749445,0.9561240411550413,0.028529061759261662,0.20646543395749445,0.9561240411550413,0.028529061759261662,0.20646543395749445,1.1361240411550413,0.02686676508580485,0.2066845450657769,1.1370707945400975,0.0016622966734568118,-0.0002191111082824604,-0.0009467533850562315,0.001925508213556562,0.03998636008662841,-0.005604949706121687,-0.027686624988412234,-0.0015027019845754701,0.0032114064516646328,0.0019121811517103854,-1.0,False,False,0.0020479738536276853
795,39.75,transport,2.49578771334293,0.41805489335727475,0.6601574699445345,transport,0.02898533437000576,0.2063482423464765,0.955611904387318,0.02898533437000576,0.2063482423464765,0.955611904387318,0.028985334370005764,0.2063482423464765,1.135611904387318,0.02723763931461389,0.2066045640451426,1.1366044366620125,0.0017476950553918721,-0.000256321698666101,-0.0009925322746944243,0.0020261439080574615,0.04237138568401827,-0.006726054386008151,-0.029177803055588925,-0.0014904223534071331,0.003280052268592943,0.0019485086462043633,-1.0,False,False,0.0020819415150986043
796,39.8,transport,2.5056524869134553,0.4197072842401098,0.6633463745106408,transport,0.029452264201625483,0.20621405353210528,0.9550890774049696,0.029452264201625483,0.20621405353210528,0.9550890774049696,0.029452264201625486,0.20621405353210528,1.1350890774049696,0.02763771881281,0.20650811797540292,1.1361176294045934,0.0018145453888154875,-0.00029406444329763137,-0.0010285519996238168,0.0021064111851235613,0.04429249774023189,-0.007810210260746353,-0.030307185140858728,-0.0014912693365583542,0.0033506685408716194,0.001971562320652926,-1.0,False,False,0.0021088066128043146
797,39.85,transport,2.515517260483981,0.4213596751229449,0.6666371577438591,transport,0.029934913082326525,0.2060547944037308,0.9545504827088482,0.029934913082326525,0.2060547944037308,0.9545504827088482,0.029934913082326528,0.2060547944037308,1.1345504827088482,0.02806499418299898,0.20639567158321787,1.1356143009213344,0.0018699188993275481,-0.00034087717948705354,-0.001063818212486245,0.0021781880384335113,0.04594388539033059,-0.00906647143344208,-0.03134293391490406,-0.0015012771855880062,0.0034067296067022586,0.0019820750539977184,-1.0,False,False,0.0021331796845718994
798,39.9,transport,2.5253820340545063,0.42301206600577995,0.6699279409770773,transport,0.030417561963027546,0.20589553527535634,0.954011888012727,0.030417561963027546,0.20589553527535634,0.954011888012727,0.030417561963027542,0.20589553527535634,1.134011888012727,0.02851560722483177,0.20626906307684734,1.135097141004025,0.0019019547381957727,-0.00037352780149099707,-0.0010852529912979136,0.0022214249705432587,0.04705135560057125,-0.010002726157230524,-0.03204825817214818,-0.0015181322296434954,0.0034579033634779726,0.001984943608480219,-1.0,False,False,0.0021584424350396237
799,39.95,transport,2.5352468076250316,0.42466445688861504,0.6731885932064402,transport,0.03089583153089467,0.20574001590750607,0.9534771762601449,0.03089583153089467,0.20574001590750607,0.9534771762601449,0.030895831530894674,0.20574001590750607,1.133477176260145,0.02898356309070377,0.20613193748286593,1.1345699476128888,0.0019122684401909028,-0.0003919215753598604,-0.001092771352743771,0.002237078974457575,0.04760448612125809,-0.010580943386825359,-0.03239929487759863,-0.0015437894217747486,0.003510854200961315,0.0019814418947644652,-1.0,False,False,0.0021850471675288006
800,40.0,transport,2.5451115811955574,0.4263168477714502,0.6752750557447527,transport,0.0312034415346753,0.20573023307985308,0.9530937808160579,0.0312034415346753,0.20573023307985308,0.9530937808160579,0.031203441534675302,0.20573023307985308,1.133093780816058,0.029449477208643993,0.20600558274036793,1.1340540445593585,0.0017539643260313098,-0.00027534966051484533,-0.0009602637433006045,0.0020184931878096087,0.044397568879430624,-0.008034088060256961,-0.02952333593661649,-0.0015784728482091484,0.003567271201560917,0.001969955364794634,-1.0,False,False,0.0022071587398817894
801,40.05,transport,2.554976354766082,0.42796923865428516,0.6773615182830649,transport,0.0315110515384559,0.2057204502522001,0.952710385371971,0.0315110515384559,0.2057204502522001,0.952710385371971,0.0315110515384559,0.2057204502522001,1.1327103853719709,0.02989239334658294,0.20590477210344968,1.1335680339591911,0.001618658191872964,-0.0001843218512495859,-0.000857648587220261,0.0018410839161011746,0.04123148659623821,-0.00570264976335666,-0.02687318374775316,-0.0016388464301343134,0.0036200288555235625,0.001922439147478811,-1.0,False,False,0.0022136853616309023
802,40.1,transport,2.564841128336608,0.4296216295371203,0.6794479808213774,transport,0.03181866154223653,0.2057106674245471,0.952326989927884,0.03181866154223653,0.2057106674245471,0.952326989927884,0.03181866154223653,0.2057106674245471,1.132326989927884,0.03030475785555422,0.20582898638372604,1.133115237383501,0.0015139036866823122,-0.00011831895917893687,-0.0007882474556168972,0.0017109172393596354,0.03852536391307185,-0.003882093578051471,-0.02482088062614185,-0.0017083199899035652,0.003643461965342655,0.0018461958835381117,-1.0,False,False,0.0021951783820762924
803,40.15,transport,2.5747059019071337,0.4312740204199554,0.6807573882173685,transport,0.032016313904587035,0.20575153693813056,0.9520505962962508,0.032016313904587035,0.20575153693813056,0.9520505962962508,0.032016313904587035,0.20575153693813056,1.1320505962962508,0.030679158784792316,0.2057804708198588,1.1327054065715334,0.0013371551197947189,-2.893388172825473e-05,-0.0006548102752825802,0.0014891599915793944,0.03423112098065631,-0.0015489889119096878,-0.021292821745002577,-0.0017662056880019593,0.0036060791437731643,0.0017753712831557464,-1.0,False,False,0.002140177054919253
804,40.2,transport,2.584570675477659,0.43292641130279047,0.6816409648326754,transport,0.032153708833787396,0.2058201642321307,0.9518328402861327,0.032153708833787396,0.2058201642321307,0.9518328402861327,0.03215370883378739,0.2058201642321307,1.1318328402861326,0.03100811958816698,0.20576327377912523,1.1323522320241657,0.0011455892456204084,5.6890453005470354e-05,-0.0005193917380330593,0.0012591183506173301,0.02949100097990147,0.0007938682454378121,-0.017451325708015553,-0.0018010458551453068,0.003483870576572865,0.0017147334891945026,-1.0,False,False,0.0020434458914547434
805,40.25,transport,2.5944354490481842,0.4345788021856255,0.6825245414479824,transport,0.03229110376298775,0.20588879152613085,0.9516150842760147,0.03229110376298775,0.20588879152613085,0.9516150842760147,0.032291103762987744,0.20588879152613085,1.1316150842760146,0.03129429156360554,0.20577569619335756,1.1320536319132688,0.0009968121993822049,0.00011309533277328865,-0.0004385476372541497,0.0010948740316919965,0.02565968349641526,0.0025103549401123137,-0.014742954963020694,-0.001807370320252808,0.0032665485304294887,0.0016630567245380712,-1.0,False,False,0.0019238116623720672
806,40.3,transport,2.6043002226187095,0.4362311930684606,0.6832192320944942,transport,0.03240078160206796,0.20598506270142003,0.9514216004638748,0.03240078160206796,0.20598506270142003,0.9514216004638748,0.032400781602067955,0.20598506270142003,1.1314216004638749,0.0315421303058328,0.20581466936224832,1.1317988924234597,0.0008586512962351564,0.0001703933391717094,-0.00037729195958480233,0.0009532392990890271,0.02212980076924831,0.004187330161249392,-0.012640628987878877,-0.001789419545675374,0.0029912294049489548,0.0016293340927012992,-1.0,False,False,0.0017970913254230835
807,40.35,transport,2.6141649961892353,0.43788358395129573,0.6833952796704554,transport,0.03243435385840768,0.20615723844264994,0.9512947632500433,0.03243435385840768,0.20615723844264994,0.9512947632500433,0.03243435385840768,0.20615723844264994,1.1312947632500432,0.03174850410100148,0.2058851508772822,1.1315853019195214,0.0006858497574061956,0.00027208756536772905,-0.00029053866947825746,0.0007929907007172731,0.017844471051497585,0.006851381608032336,-0.010082583468329354,-0.0017484782088249158,0.002695700666047055,0.0016106429771931001,-1.0,False,False,0.0016643638642643913
808,40.4,transport,2.6240297697597605,0.43953597483413076,0.6835713272464166,transport,0.0324679261147474,0.20632941418387982,0.9511679260362117,0.0324679261147474,0.20632941418387982,0.9511679260362117,0.0324679261147474,0.20632941418387982,1.1311679260362117,0.031915053673605365,0.20598588150580457,1.1314089504896059,0.0005528724411420355,0.00034353267807524235,-0.00024102445339413414,0.0006941004424532827,0.014388440274918368,0.008885266131952174,-0.008347517666194015,-0.0016950384159129309,0.0023822671778655374,0.0015912498711768489,-1.0,False,False,0.001520553717439619
809,40.45,transport,2.633894543330286,0.44118836571696585,0.6837473748223778,transport,0.032501498371087116,0.20650158992510972,0.9510410888223801,0.032501498371087116,0.20650158992510972,0.9510410888223801,0.03250149837108712,0.20650158992510972,1.13104108882238,0.03204897401450574,0.2061070236203536,1.1312587222509685,0.00045252435658138523,0.0003945663047561221,-0.00021763342858838186,0.0006386119098383869,0.011728893949635166,0.010314168386102995,-0.00735723334451599,-0.0016391674010380268,0.0020730492856195315,0.0015046366077044549,-1.0,False,False,0.0013721410442557708
810,40.5,transport,2.6437593169008116,0.44284075659980093,0.6852490737256437,transport,0.0327207189313878,0.2066207584416036,0.9508309965879357,0.0327207189313878,0.2066207584416036,0.9508309965879357,0.032720718931387796,0.2066207584416036,1.1308309965879357,0.03217513173711568,0.2062342776512657,1.1311098511201343,0.0005455871942721194,0.00038648079033790084,-0.00027885453219855805,0.0007244257297898856,0.013434898337641166,0.010274696425000007,-0.008554513260654595,-0.0015904567137062333,0.001798849494471314,0.0013287859569518095,-1.0,False,False,0.0012785079385041972
811,40.55,transport,2.6536240904713364,0.4444931474826359,0.6869180744993725,transport,0.03296336896206368,0.20673323725948387,0.9506103972764136,0.03296336896206368,0.20673323725948387,0.9506103972764136,0.032963368962063685,0.20673323725948387,1.1306103972764137,0.032309069667179,0.20635615115476358,1.130937410346335,0.0006542992948846832,0.0003770861047202867,-0.0003270130699213336,0.0008229453478567623,0.015764744498960176,0.00997919216436327,-0.009989076874412639,-0.0015705648645789555,0.0016780466422073692,0.0011206318164319942,-1.0,False,False,0.0012670082741373934
812,40.6,transport,2.663488864041862,0.44614553836547105,0.6885870752731015,transport,0.03320601899273958,0.20684571607736413,0.9503897979648916,0.03320601899273958,0.20684571607736413,0.9503897979648916,0.03320601899273959,0.20684571607736413,1.1303897979648916,0.03244270496997254,0.20646579241052843,1.1307435253484297,0.0007633140227670462,0.000379923666835702,-0.00035372738353811606,0.0009230998601665033,0.01793898651121173,0.009791298452010988,-0.01095224762886815,-0.001589790830005887,0.001740872871624189,0.0009290676125033138,-1.0,False,False,0.001265676913286003
813,40.65,transport,2.673353637612388,0.4477979292483062,0.6903675757807786,transport,0.03346385675613077,0.20696093290432394,0.9501388444219072,0.03346385675613077,0.20696093290432394,0.9501388444219072,0.03346385675613077,0.20696093290432394,1.1301388444219072,0.03258880863714831,0.2065682349357207,1.13053363227776,0.0008750481189824591,0.0003926979686032228,-0.0003947878558527851,0.0010371973564412306,0.020423035723164534,0.00990280987591019,-0.012093618530450989,-0.0015993785673184021,0.0018043100184353864,0.0007708474239932093,-1.0,False,False,0.0012844820146591235
814,40.7,transport,2.6832184111829127,0.44945032013114117,0.692255670770203,transport,0.03373635030543778,0.20707879184223324,0.9498585997973448,0.03373635030543778,0.20707879184223324,0.9498585997973448,0.033736350305437784,0.20707879184223324,1.1298585997973447,0.032755557133078386,0.2066679407377807,1.1303033493995678,0.0009807931723593982,0.0004108511044525476,-0.00044474960222307125,0.0011526300732040053,0.022950833365789486,0.010211138130250541,-0.013500649608304549,-0.0016195001635254122,0.0018854036158733216,0.0006496526837657269,-1.0,False,False,0.001331895789996876
815,40.75,transport,2.6930831847534384,0.4511027110139763,0.6941437657596276,transport,0.03400884385474481,0.20719665078014257,0.9495783551727822,0.03400884385474481,0.20719665078014257,0.9495783551727822,0.034008843854744814,0.20719665078014257,1.1295783551727823,0.032943690283932354,0.20676726084524394,1.1300519203064132,0.001065153570812459,0.000429389934898633,-0.00047356513363094876,0.0012422527043229501,0.025065734433328546,0.010574200847237591,-0.014499884535710272,-0.0016623693303003903,0.002004564809244097,0.0005603871133978884,-1.0,False,False,0.001399014667073748
816,40.8,transport,2.7029479583239637,0.45275510189681134,0.6960853559515608,transport,0.034288706944964616,0.20731435949856516,0.9492994183882338,0.034288706944964616,0.20731435949856516,0.9492994183882338,0.03428870694496462,0.20731435949856516,1.1292994183882339,0.03315213652468306,0.2068677058902726,1.1297838514784158,0.001136570420281563,0.0004466536082925743,-0.0004844330901818683,0.0013137607030669395,0.02690033322064536,0.010941973066424526,-0.015050038363586538,-0.0017226934381446427,0.002148736431559215,0.0004941935052319498,-1.0,False,False,0.0014784973359771485
817,40.85,transport,2.712812731894489,0.4544074927796464,0.6983853150601755,transport,0.034617939217269904,0.20743106188385532,0.949029242935302,0.034617939217269904,0.20743106188385532,0.949029242935302,0.03461793921726991,0.20743106188385532,1.129029242935302,0.03338345180913761,0.20696983247319556,1.1295044013685533,0.0012344874081322982,0.00046122941065976364,-0.00047515843325141027,0.0014008808895779423,0.029316053851737023,0.01126711987165463,-0.015092170862276433,-0.0017940313651555698,0.0023084415388774943,0.00044313272547742303,-1.0,False,False,0.001577517037948494
818,40.9,transport,2.7226775054650147,0.45605988366248157,0.7006852741687903,transport,0.034947171489575206,0.20754776426914545,0.9487590674823702,0.034947171489575206,0.20754776426914545,0.9487590674823702,0.03494717148957521,0.20754776426914545,1.1287590674823702,0.03363732709996143,0.20707376796579896,1.1292169125144718,0.0013098443896137832,0.0004739963033464911,-0.0004578450321015559,0.001466283360748842,0.031274393608752005,0.011558635918997862,-0.014906677723662831,-0.0018771708784896793,0.00250324507242562,0.00040525747420411143,-1.0,False,False,0.0016948537375150803
819,40.95,transport,2.73254227903554,0.4577122745453166,0.7029852332774051,transport,0.0352764037618805,0.20766446665443558,0.9484888920294383,0.0352764037618805,0.20766446665443558,0.9484888920294383,0.0352764037618805,0.20766446665443558,1.1284888920294383,0.0339111301836864,0.2071800946889124,1.1289233606228881,0.0013652735781941039,0.00048437196552317263,-0.000434468593449866,0.0015123991215925836,0.03278153323838143,0.011813973772732411,-0.014560409700670185,-0.0019698559296048037,0.0027323685280701356,0.00037940296478544043,-1.0,False,False,0.0018295904510781341
820,41.0,transport,2.7424070526060653,0.4593646654281517,0.7050308648486381,transport,0.035569219212506824,0.20780479588461195,0.9482300425289854,0.035569219212506824,0.20780479588461195,0.9482300425289854,0.03556921921250683,0.20780479588461195,1.1282300425289853,0.0341980677313551,0.207291875038665,1.1286262506632259,0.0013711514811517306,0.0005129208459469514,-0.0003962081342405721,0.0015166163206658154,0.03316178057640867,0.012494023913990904,-0.013866361878056566,-0.0020721350982877682,0.0029940538026170488,0.0003626331978507896,-1.0,False,False,0.0019788895122751656
821,41.05,transport,2.7522718261765906,0.4610170563109867,0.7069921084515784,transport,0.03584995126223681,0.20795296469621014,0.9479749510727008,0.03584995126223681,0.20795296469621014,0.9479749510727008,0.03584995126223681,0.20795296469621014,1.1279749510727006,0.03448949565942201,0.20741096081983249,1.1283287099910506,0.0013604556028147946,0.0005420038763776502,-0.00035375891834998896,0.001506569952425283,0.03303767061763413,0.013221793150902661,-0.013025991810504678,-0.002188450875357082,0.003279610710679773,0.00034474796549639937,-1.0,False,False,0.002134685859992062
822,41.1,transport,2.7621365997471163,0.46266944719382186,0.7089533520545188,transport,0.0361306833119668,0.20810113350780834,0.947719859616416,0.0361306833119668,0.20810113350780834,0.947719859616416,0.03613068331196681,0.20810113350780834,1.127719859616416,0.03477950508363645,0.20753610988827015,1.1280334613343748,0.001351178228330363,0.0005650236195381964,-0.0003136017179588002,0.0014977584360826462,0.032823753050895965,0.013803453759517192,-0.012177007492693015,-0.0023155199629551378,0.0035731056582303535,0.0003143535265885547,-1.0,False,False,0.0022872441068062708
823,41.15,transport,2.7720013733176416,0.4643218380766569,0.710680309816896,transport,0.03637984483698672,0.20824032610725995,0.9474708683160015,0.03637984483698672,0.20824032610725995,0.9474708683160015,0.036379844836986724,0.20824032610725995,1.1274708683160015,0.03506221384684923,0.20766446912642672,1.1277436846272713,0.001317630990137493,0.0005758569808332337,-0.00027281631126974126,0.0014636227069295916,0.032006795067005545,0.01408432437979612,-0.01125186036746495,-0.002443163534328142,0.0038581212614589373,0.0002679453169730327,-1.0,False,False,0.0024195313848049058
824,41.2,transport,2.781866146888167,0.465974228959492,0.7120114684758817,transport,0.03657567157513346,0.20836435442400916,0.9472321825305,0.03657567157513346,0.20836435442400916,0.9472321825305,0.03657567157513346,0.20836435442400916,1.1272321825305,0.03532978777334612,0.20779253504069842,1.1274653122227218,0.001245883801787341,0.0005718193833107454,-0.00023312969222177848,0.0013905226744218811,0.030269154565684547,0.013997705951648842,-0.010230041935423984,-0.0025564621726025675,0.004103442621539669,0.00020685332969906704,-1.0,False,False,0.0025040804598533894
825,41.25,transport,2.7917309204586926,0.4676266198423271,0.7133426271348674,transport,0.0367714983132802,0.2084883827407584,0.9469934967449987,0.0367714983132802,0.2084883827407584,0.9469934967449987,0.03677149831328019,0.2084883827407584,1.1269934967449986,0.03558198390146558,0.20791927961163192,1.1272018864806796,0.0011895144118146128,0.0005691031291264748,-0.00020838973568104713,0.001335009059682153,0.02883421079868151,0.013916954001199633,-0.009436309554464728,-0.002635434978788275,0.004256562020095764,0.00013355912299712868,-1.0,False,False,0.0025440538773925914
826,41.3,transport,2.801595694029218,0.46927901072516215,0.7146737857938531,transport,0.036967325051426934,0.20861241105750764,0.9467548109594972,0.036967325051426934,0.20861241105750764,0.9467548109594972,0.03696732505142693,0.20861241105750764,1.1267548109594971,0.03582209059352524,0.20804475146409063,1.1269513695897753,0.0011452344579016907,0.0005676595934170081,-0.00019655863027812082,0.0012932264583979689,0.027706822999226943,0.01386262891751422,-0.0089415104236501,-0.0026825724185988646,0.004323183542861395,5.224746893532906e-05,-1.0,False,False,0.0025542775494184454
827,41.35,transport,2.811460467599743,0.47093140160799724,0.7173429205871716,transport,0.03735492993547433,0.2086148172819059,0.9464540072410369,0.03735492993547433,0.2086148172819059,0.9464540072410369,0.03735492993547433,0.2086148172819059,1.126454007241037,0.03607238485614856,0.2081552820677742,1.126699115279792,0.0012825450793257712,0.0004595352141316955,-0.0002451080387551041,0.0013842588067959638,0.030656786838981903,0.011401316356305369,-0.009947246974766344,-0.002708591175805569,0.004331255953229459,-3.302889363822011e-05,-1.0,False,False,0.0025860027124675264
828,41.4,transport,2.821325241170269,0.4725837924908323,0.7200217512785124,transport,0.037743924576257935,0.20861634214872654,0.9461527533731846,0.037743924576257935,0.20861634214872654,0.9461527533731846,0.03774392457625793,0.20861634214872654,1.1261527533731845,0.036344954856152606,0.20824183480999062,1.1264290143642774,0.0013989697201053225,0.00037450733873592434,-0.0002762609910929026,0.0014743446543255283,0.03343079440218735,0.009221201619046826,-0.01092723813215013,-0.002717855895661734,0.0043995959754815905,-8.034113828267305e-05,-1.0,False,False,0.0026560291880516253
829,41.45,transport,2.8311900147407942,0.4742361833736674,0.7227005819698532,transport,0.03813291921704152,0.20861786701554716,0.9458514995053322,0.03813291921704152,0.20861786701554716,0.9458514995053322,0.03813291921704151,0.20861786701554716,1.1258514995053321,0.03663769484226354,0.2083070382101352,1.1261393731686618,0.001495224374777969,0.00031082880541197233,-0.0002878736633296075,0.0015540854941871152,0.0357592872177781,0.0075206441111308475,-0.0115502971789061,-0.002720533733816244,0.0045622220766821375,-5.282156122900084e-05,-1.0,False,False,0.0027538654706583186
830,41.5,transport,2.8410547883113195,0.47588857425650244,0.725742406115339,transport,0.03857067341259324,0.2086367220438339,0.9455930977182497,0.03857067341259324,0.2086367220438339,0.9455930977182497,0.03857067341259324,0.2086367220438339,1.1255930977182498,0.036951485502829756,0.20835752157388548,1.1258387748570058,0.001619187909763481,0.00027920046994842074,-0.0002456771387560064,0.0016613487430551682,0.0386595714065939,0.006593676673974369,-0.010925509008239409,-0.002727082722341901,0.004784933807087153,5.028328982249158e-05,-1.0,False,False,0.0028864628084001474
831,41.55,transport,2.850919561881845,0.4775409651393375,0.7290126444742328,transport,0.03903910963621268,0.2086664821040277,0.9453616606717435,0.03903910963621268,0.2086664821040277,0.9453616606717435,0.03903910963621268,0.2086664821040277,1.1253616606717436,0.03728794443098148,0.2083998144499806,1.1255370966673222,0.001751165205231199,0.00026666765404709247,-0.0001754359955785656,0.0017800193825551593,0.04175248266765852,0.0061792106028440985,-0.009542283705243904,-0.0027526558152849616,0.005069773603799298,0.0002166835155401066,-1.0,False,False,0.003059783636100374
832,41.6,transport,2.8607843354523705,0.47919335602217267,0.7322828828331266,transport,0.03950754585983215,0.2086962421642215,0.9451302236252374,0.03950754585983215,0.2086962421642215,0.9451302236252374,0.03950754585983214,0.2086962421642215,1.1251302236252372,0.03764498027195043,0.2084379760980197,1.1252393464085941,0.0018625655878817121,0.00025826606620180104,-0.00010912278335695191,0.0018835497636006512,0.04439202857701316,0.005928554284818088,-0.008137460841699529,-0.0028047702800496625,0.005421939728046187,0.0004300428589978867,-1.0,False,False,0.0032606080936478697
833,41.65,transport,2.870649109022896,0.4808457469050077,0.7354222568003039,transport,0.03995711359584545,0.20873982052769985,0.9449433834845294,0.03995711359584545,0.20873982052769985,0.9449433834845294,0.03995711359584546,0.20873982052769985,1.1249433834845295,0.038017462593389444,0.20847603877408133,1.1249534166751696,0.0019396510024560151,0.0002637817536185194,-1.0033190640079681e-05,0.001957530967771674,0.046242666477900596,0.006036888593602963,-0.005919258481292822,-0.0028745070205948723,0.005814547076207748,0.0006741752357975673,-1.0,False,False,0.0034671300711353534
834,41.7,transport,2.880513882593421,0.48249813778784273,0.7381350371987639,transport,0.040345173572882934,0.20882844398888936,0.9449019209591436,0.040345173572882934,0.20882844398888936,0.9449019209591436,0.040345173572882934,0.20882844398888936,1.1249019209591435,0.03839537556601448,0.20852180338314533,1.1247041300718448,0.0019497980068684528,0.0003066406057440352,0.00019779088729876548,0.001983648649276805,0.0465542195898698,0.007048104296160651,-0.0010299143205205752,-0.0029495148568823527,0.0062061276516645544,0.0009318290620918884,-1.0,False,False,0.0036526706477477554
835,41.75,transport,2.890378656163947,0.48415052867067787,0.7408478175972241,transport,0.04073323354992043,0.2089170674500789,0.9448604584337577,0.04073323354992043,0.2089170674500789,0.9448604584337577,0.040733233549920436,0.2089170674500789,1.1248604584337576,0.0387736818726753,0.20857941904029176,1.1245071677854688,0.001959551677245139,0.0003376484097871446,0.0003532906482888176,0.0020195701291597567,0.04675715967811911,0.007905281338671521,0.003126567238256328,-0.003022445502547636,0.006545806918125407,0.00117696491809364,-1.0,False,False,0.0038040666888689923
836,41.8,transport,2.900243429734472,0.48580291955351296,0.7435605979956841,transport,0.04112129352695791,0.20900569091126842,0.9448189959083718,0.04112129352695791,0.20900569091126842,0.9448189959083718,0.04112129352695791,0.20900569091126842,1.1248189959083719,0.039153052166160135,0.20864782456300116,1.1243577901101083,0.001968241360797776,0.0003578663482672606,0.00046120579826358643,0.002052986401788667,0.04695223308565227,0.008525437419533155,0.006236562458061812,-0.0030839806809098967,0.006814386198843726,0.0013917246086182068,-1.0,False,False,0.0039183210755400905
837,41.85,transport,2.9101082033049974,0.487455310436348,0.7460240580071693,transport,0.0414744815438453,0.20910424334686623,0.9449189975819692,0.0414744815438453,0.20910424334686623,0.9449189975819692,0.04147448154384531,0.20910424334686623,1.1249189975819691,0.03953132402608539,0.2087257366804981,1.1242637401191553,0.0019431575177599192,0.000378506666368128,0.0006552574628138075,0.0020853035217649235,0.04642858755370349,0.009128375677301404,0.011224149437216724,-0.003126803048050377,0.00701340466368827,0.0015646782180835433,-1.0,False,False,0.003989326176415512
838,41.9,transport,2.919972976875523,0.48910770131918313,0.7484454827829039,transport,0.0418217901736365,0.20920446980032148,0.9450428500165361,0.0418217901736365,0.20920446980032148,0.9450428500165361,0.041821790173636506,0.20920446980032148,1.1250428500165361,0.039906773739960766,0.20881212965708526,1.124232988907943,0.0019150164336757397,0.00039234014323621946,0.0008098611085931573,0.0021159143991320876,0.0458093229510223,0.009574662396467648,0.015582197947616727,-0.003147184085099236,0.0071344033575422025,0.0016895012381542205,-1.0,False,False,0.004016978735912101
839,41.95,transport,2.9298377504460484,0.49076009220201816,0.7508669075586384,transport,0.04216909880342768,0.20930469625377673,0.945166702451103,0.04216909880342768,0.20930469625377673,0.945166702451103,0.042169098803427674,0.20930469625377673,1.125166702451103,0.04028031897085801,0.2089054052281813,1.1242576720424413,0.0018887798325696661,0.0003992910255954385,0.0009090304086616374,0.002133836653287804,0.04524650126933816,0.009851331933829477,0.018674270863199283,-0.0031448794318236968,0.0071769811929318335,0.001773456222937274,-1.0,False,False,0.00400702569646187
840,42.0,transport,2.9397025240165737,0.49241248308485325,0.7530657139572863,transport,0.04248513513544974,0.209415664877971,0.9453169099450845,0.04248513513544974,0.209415664877971,0.9453169099450845,0.04248513513544974,0.209415664877971,1.1253169099450846,0.04065018350065763,0.20900526517609344,1.1243281576641928,0.001834951634792109,0.0004103997018775618,0.0009887522808917915,0.002124407326831685,0.04409632329183469,0.010205192995794143,0.021184758052865682,-0.0031220860391069005,0.007151010449047794,0.0018277439783640234,-1.0,False,False,0.003958274944622068
841,42.05,transport,2.949567297587099,0.4940648739676883,0.7550201384848867,transport,0.042766841944721745,0.20953842584302534,0.9454960490071406,0.042766841944721745,0.20953842584302534,0.9454960490071406,0.042766841944721745,0.20953842584302534,1.1254960490071406,0.041012193232773886,0.209112909459267,1.124439879392954,0.0017546487119478593,0.00042551638375834533,0.0010561696141866417,0.002091733861923696,0.042333168881282246,0.010663213338638067,0.023357826858956265,-0.003079971387954985,0.0070518519310414,0.0018592801674136327,-1.0,False,False,0.003866778909391744
842,42.1,transport,2.9594320711576247,0.4957172648505234,0.7569745630124872,transport,0.04304854875399376,0.20966118680807969,0.9456751880691966,0.04304854875399376,0.20966118680807969,0.9456751880691966,0.04304854875399376,0.20966118680807969,1.1256751880691966,0.041365503415305024,0.2092284679764174,1.1245867457515268,0.0016830453386887378,0.0004327188316622932,0.0010884423176698022,0.002050510638414607,0.04072711042439753,0.010965546976253737,0.02470617352485327,-0.003018266612157304,0.006869701020596935,0.0018722155543668389,-1.0,False,False,0.0037400985930274113
843,42.15,transport,2.96929684472815,0.4973696557333585,0.7588044409206224,transport,0.0433124763017732,0.20979424707687427,0.9458639766319374,0.0433124763017732,0.20979424707687427,0.9458639766319374,0.04331247630177319,0.20979424707687427,1.1258639766319374,0.04170965497816011,0.20935193772580535,1.1247609004852812,0.001602821323613085,0.00044230935106892577,0.0011030761466561678,0.001995357297025682,0.03893945772936336,0.011315582009137626,0.025544617608210807,-0.0029380996088060806,0.006619048706550113,0.0018732631559162524,-1.0,False,False,0.0035863842249132076
844,42.2,transport,2.9791616182986753,0.49902204661619354,0.7594837127031605,transport,0.04341215268585361,0.21002245598979735,0.9461419107262438,0.04341215268585361,0.21002245598979735,0.9461419107262438,0.04341215268585362,0.21002245598979735,1.1261419107262438,0.04202814913630964,0.2094938592419757,1.124968842343972,0.0013840035495439815,0.000528596747821658,0.0011730683822717136,0.0018897009754041904,0.03404995415387024,0.013410365279840075,0.02762020481925198,-0.002842341510413894,0.0063153964915406095,0.0018669411152041919,-1.0,False,False,0.0033765262988841413
845,42.25,transport,2.989026391869201,0.5006744374990286,0.7601629844856987,transport,0.04351182906993403,0.21025066490272046,0.9464198448205502,0.04351182906993403,0.21025066490272046,0.9464198448205502,0.04351182906993403,0.21025066490272043,1.1264198448205502,0.04231363985841109,0.20965967976502364,1.1252177753088046,0.0011981892115229403,0.0005909851376967867,0.0012020695117456182,0.0017971900096141209,0.029673598672487894,0.01513611321489472,0.029020049531562897,-0.0027347567148422775,0.005895419926247021,0.0018354424513069298,-1.0,False,False,0.003108162849235554
846,42.3,transport,2.998891165439726,0.5023268283818636,0.760842256268237,transport,0.04361150545401444,0.2104788738156435,0.9466977789148565,0.04361150545401444,0.2104788738156435,0.9466977789148565,0.043611505454014446,0.2104788738156435,1.1266977789148565,0.042570367484091015,0.20984478281380758,1.1255003435149036,0.0010411379699234308,0.0006340910018359236,0.001197435399952873,0.0017087689159409078,0.02595731191206707,0.016383881012397294,0.029600072121036547,-0.002616277131947192,0.005365179449645506,0.0017356983123296618,-1.0,False,False,0.002805682864157714
847,42.35,transport,3.0087559390102516,0.5039792192646988,0.7636164545733547,transport,0.044009962751828266,0.21053811487457974,0.9467434525547144,0.044009962751828266,0.21053811487457974,0.9467434525547144,0.044009962751828266,0.21053811487457974,1.1267434525547144,0.042833363198105885,0.2100244837242819,1.125771605121765,0.0011765995537223808,0.0005136311502978441,0.0009718474329494242,0.001610183499265341,0.028791905354745018,0.01386664121544312,0.024862180796216826,-0.002488666377421631,0.004780027637529778,0.0015637457540327699,-1.0,False,False,0.0025624756838207477
848,42.4,transport,3.0186207125807774,0.5056316101475339,0.7672108317137563,transport,0.044525394931190274,0.21053120380064175,0.94669819455236,0.044525394931190274,0.21053120380064175,0.94669819455236,0.044525394931190274,0.21053120380064175,1.12669819455236,0.04313384981548514,0.21017358208933068,1.1259754552536503,0.001391545115705134,0.000357621711311068,0.0007227392987096959,0.0016083044460994487,0.03384063466168777,0.010134401527197023,0.018531788611899636,-0.0023557074146820177,0.004333169904428931,0.0013926261797244702,-1.0,False,False,0.0024421687685860093
849,42.45,transport,3.0284854861513026,0.507284001030369,0.7708052088541577,transport,0.04504082711055226,0.21052429272670378,0.9466529365500057,0.04504082711055226,0.21052429272670378,0.9466529365500057,0.04504082711055227,0.21052429272670378,1.1266529365500058,0.04347486451525099,0.2102867744377248,1.1260954805315782,0.0015659625953012776,0.00023751828897897176,0.0005574560184276045,0.0016791101810075982,0.03813954590134255,0.007014212747462056,0.01354962592710951,-0.0022314880370146594,0.0041420498272017065,0.001311730744728655,-1.0,False,False,0.0024387203853057284
850,42.5,transport,3.038350259721828,0.5089363919132041,0.7743017736385119,transport,0.045541828719474535,0.2105325492430688,0.9466283318574602,0.045541828719474535,0.2105325492430688,0.9466283318574602,0.04554182871947454,0.2105325492430688,1.1266283318574601,0.04384693496312875,0.21037072455495134,1.1261469776304023,0.0016948937563457944,0.00016182468811745676,0.0004813542270578619,0.0017693371546685897,0.041339284084471045,0.004915496106879802,0.010657026517639778,-0.0021347408575438987,0.004170830722890128,0.0013551682637043387,-1.0,False,False,0.0025209017514002076
851,42.55,transport,3.048215033292353,0.510588782796039,0.7776081442286994,transport,0.04601477036923554,0.21057029883916023,0.9466438871178564,0.04601477036923554,0.21057029883916023,0.9466438871178564,0.04601477036923554,0.21057029883916023,1.1266438871178563,0.04423901225175068,0.21043452441588456,1.1261572206079387,0.0017757581174848644,0.0001357744232756697,0.0004866665099176881,0.001846238304690024,0.04335670812213588,0.003991485684177731,0.009938189749081339,-0.002078297028451828,0.0043427456885723964,0.0014970049788710497,-1.0,False,False,0.0026493985319453062
852,42.6,transport,3.058079806862879,0.5122411736788742,0.7809145148188869,transport,0.04648771201899657,0.2106080484352517,0.9466594423782525,0.04648771201899657,0.2106080484352517,0.9466594423782525,0.04648771201899657,0.2106080484352517,1.1266594423782526,0.04464436473978867,0.2104838999879181,1.126148112251064,0.001843347279207902,0.00012414844733357744,0.000511330127188625,0.001916976924146258,0.04497399534491783,0.003470480387342545,0.010044435406277863,-0.002071273819405079,0.004589306576734158,0.001650860452639013,-1.0,False,False,0.002797843156294448
853,42.65,transport,3.0679445804334042,0.5138935645617093,0.7842208854090743,transport,0.046960653668757575,0.21064579803134312,0.9466749976386486,0.046960653668757575,0.21064579803134312,0.9466749976386486,0.04696065366875758,0.21064579803134312,1.1266749976386485,0.0450599670899984,0.21052197539202683,1.126131036408097,0.001900686578759185,0.00012382263931629,0.0005439612305515595,0.0019808673193895936,0.04632577857937831,0.003237960868500145,0.01053770775169216,-0.0021087900607662945,0.004870837870951262,0.0017719052523808858,-1.0,False,False,0.0029510323755079023
854,42.7,transport,3.0778093540039295,0.5155459554445443,0.7875870614295332,transport,0.047444414839559,0.21064323672114604,0.9466319399255352,0.047444414839559,0.21064323672114604,0.9466319399255352,0.04744441483955901,0.21064323672114604,1.1266319399255351,0.0454848797909179,0.2105486168654997,1.1261047526421746,0.0019595350486411103,9.461985564634956e-05,0.0005271872833605418,0.0020314174744922625,0.04768895499121226,0.00242522658238431,0.010018070348762897,-0.0021655942177308323,0.0051706616631541245,0.0018463011602938104,-1.0,False,False,0.003099930839924687
855,42.75,transport,3.0876741275744553,0.5171983463273795,0.7909556909624166,transport,0.047928619880242815,0.2106390216596262,0.9465864776204292,0.047928619880242815,0.2106390216596262,0.9465864776204292,0.04792861988024283,0.2106390216596262,1.1265864776204293,0.04591897674002823,0.21056363331237465,1.1260665490967572,0.0020096431402145953,7.538834725154264e-05,0.0005199285236721085,0.0020771794875842475,0.048874801786498584,0.0018080958825300586,0.009634499565094323,-0.0022238521302818067,0.005471135096459634,0.001886649757690442,-1.0,False,False,0.003239778728049329
856,42.8,transport,3.09753890114498,0.5188507372102145,0.7943243204952997,transport,0.048412824920926585,0.21063480659810632,0.9465410153153232,0.048412824920926585,0.21063480659810632,0.9465410153153232,0.04841282492092659,0.21063480659810632,1.1265410153153232,0.0463614312903719,0.2105694106531316,1.126018844006655,0.0020513936305546904,6.539594497473322e-05,0.0005221713086682733,0.0021178185315781496,0.049876963617967174,0.0014234657146333651,0.009489324371321217,-0.002278642148708209,0.005758494993675663,0.0019058305782063828,-1.0,False,False,0.0033677209061722924
857,42.85,transport,3.107403674715506,0.5205031280930495,0.7975227598828706,transport,0.048875187009499776,0.21060674211805908,0.9465033101233536,0.048875187009499776,0.21060674211805908,0.9465033101233536,0.048875187009499776,0.21060674211805908,1.1265033101233537,0.04680919499419569,0.2105661988719777,1.1259667674764635,0.002065992015304087,4.054324608138149e-05,0.0005365426468901813,0.0021349109522495265,0.050275114382557495,0.0007466292985497391,0.00968932233397446,-0.0023295399798766007,0.00602435778956515,0.0019095897760885514,-1.0,False,False,0.0034731910817493846
858,42.9,transport,3.1172684482860316,0.5221555189758847,0.8005987478100337,transport,0.049321833138840115,0.21056151803030831,0.9464711861583719,0.049321833138840115,0.21056151803030831,0.9464711861583719,0.049321833138840115,0.21056151803030831,1.1264711861583718,0.04725914299687385,0.21055299059597163,1.1259165789867605,0.002062690141966264,8.527434336685902e-06,0.0005546071716113765,0.0021359663980746383,0.05025276289288852,-9.361683338759974e-05,0.010088373638166281,-0.0023671445440978183,0.006246861544646918,0.0019040936717329012,-1.0,False,False,0.0035465515147102646
859,42.95,transport,3.1271332218565564,0.5238079098587197,0.8036747357371966,transport,0.04976847926818041,0.21051629394255758,0.9464390621933901,0.04976847926818041,0.21051629394255758,0.9464390621933901,0.04976847926818043,0.21051629394255758,1.1264390621933902,0.04771046627067087,0.21053086087850642,1.125871905776275,0.002058012997509559,-1.4566935948839843e-05,0.0005671564171152443,0.0021347824467650607,0.05018672542613151,-0.0007339330682809564,0.010449664132594627,-0.002381248874502328,0.006407579658235072,0.0018933270470333913,-1.0,False,False,0.0035891280236826197
860,43.0,transport,3.136997995427082,0.5254603007415548,0.8068175617570905,transport,0.050224951899008864,0.21046102734224842,0.9463836218769532,0.050224951899008864,0.21046102734224842,0.9463836218769532,0.05022495189900887,0.21046102734224842,1.1263836218769532,0.048164360112778484,0.2105010049783464,1.1258302159962181,0.002060591786230387,-3.997763609797644e-05,0.0005534058807350473,0.00213398565826958,0.05028971256676007,-0.0013966707251600319,0.010234322013564778,-0.002372722456341863,0.006509324861793045,0.001877827966121924,-1.0,False,False,0.0036082779725231653
861,43.05,transport,3.1468627689976074,0.5271126916243899,0.8102235517662093,transport,0.050720114762099776,0.21036622000164065,0.946236377264307,0.050720114762099776,0.21036622000164065,0.946236377264307,0.05072011476209978,0.21036622000164065,1.126236377264307,0.04862569347827767,0.21046019261380994,1.1257764062059181,0.0020944212838221107,-9.397261216928521e-05,0.00045997105838879726,0.0021463934263131466,0.05111509298642597,-0.0026956995341148593,0.008123225361775788,-0.0023470890608365607,0.00656584102862626,0.0018599957621706932,-1.0,False,False,0.0036159102177186525
862,43.1,transport,3.1567275425681327,0.528765082507225,0.8136295417753282,transport,0.051215277625190694,0.2102714126610329,0.9460891326516608,0.051215277625190694,0.2102714126610329,0.9460891326516608,0.051215277625190694,0.2102714126610329,1.1260891326516609,0.04909696134615865,0.21040635082563838,1.1256998891458285,0.0021183162790320426,-0.00013493816460546926,0.00038924350583235956,0.002158004326481279,0.05179168293826045,-0.0037755990555404795,0.0062545289148552285,-0.0023081681084688955,0.006599626612471145,0.0018483818245747755,-1.0,False,False,0.003616462109159176
863,43.15,transport,3.1665923161386584,0.5304174733900601,0.8170355317844471,transport,0.051710440488281634,0.21017660532042515,0.9459418880390146,0.051710440488281634,0.21017660532042515,0.9459418880390146,0.051710440488281634,0.21017660532042515,1.1259418880390146,0.049577104240210765,0.21034117766254493,1.1256024901430763,0.002133336248070869,-0.00016457234211977867,0.00033939789593828706,0.002166425289478319,0.05226958284245964,-0.004594910104264716,0.004839977863722034,-0.0022585755146042846,0.006620186788666024,0.0018404228524819951,-1.0,False,False,0.0036095449530263346
864,43.2,transport,3.176457089709184,0.5320698642728952,0.8197749184367068,transport,0.05210848869297122,0.2101661229184859,0.945742149812982,0.05210848869297122,0.2101661229184859,0.945742149812982,0.05210848869297122,0.2101661229184859,1.125742149812982,0.0500546883138383,0.21027683992051957,1.1254845300501506,0.002053800379132914,-0.0001107170020336612,0.0002576197628314514,0.0020728536354666137,0.050627689055209035,-0.0035010948811803333,0.0027931933981140133,-0.0022012384742272364,0.006627573456140239,0.0018289555310938,-1.0,False,False,0.0035699281080040415
865,43.25,transport,3.186321863279709,0.5337222551557301,0.822371444095526,transport,0.05248572407631196,0.210173712349498,0.9455311615839597,0.05248572407631196,0.210173712349498,0.9455311615839597,0.05248572407631197,0.210173712349498,1.1255311615839596,0.050520724053605824,0.21022592906434878,1.125348308558492,0.001965000022706144,-5.22167148507835e-05,0.00018285302546749982,0.001974180058522417,0.04862071524947331,-0.0020625514204314355,0.0009326306761803238,-0.002139640626504338,0.006571032395122051,0.0017947194869778254,-1.0,False,False,0.0034884361438436
866,43.3,transport,3.1961866368502343,0.5353746460385652,0.8249679697543453,transport,0.05286295945965273,0.21018130178051012,0.9453201733549373,0.05286295945965273,0.21018130178051012,0.9453201733549373,0.052862959459652734,0.21018130178051012,1.1253201733549374,0.0509742205577789,0.2101916257993323,1.1251984764964846,0.0018887389018738335,-1.0324018822172043e-05,0.0001216968584527578,0.0018926836371072387,0.04684470812093819,-0.0008925456767733264,-0.0005627040710942666,-0.0020795141070485707,0.006428138734956185,0.0017410917268884801,-1.0,False,False,0.003377206146181264
867,43.35,transport,3.20605141042076,0.5370270369214004,0.8279985800687337,transport,0.053301388320746906,0.21016440189202026,0.9450308169890352,0.053301388320746906,0.21016440189202026,0.9450308169890352,0.053301388320746906,0.21016440189202024,1.1250308169890353,0.0514228763635771,0.21016939947575697,1.1250281488337053,0.001878511957169808,-4.997583736732203e-06,2.66815533001008e-06,0.0018785204997886005,0.046543355259360125,-0.0005444781462410342,-0.00335319014898694,-0.002022110467157953,0.006219759802071797,0.0016875256082086725,-1.0,False,False,0.003265572112709064
868,43.4,transport,3.2159161839912853,0.5386794278042354,0.8315717071158621,transport,0.05381629647036205,0.21011689538006928,0.944643516535441,0.05381629647036205,0.21011689538006928,0.944643516535441,0.05381629647036204,0.21011689538006928,1.124643516535441,0.051879529280598885,0.21014984407725795,1.1248165568615849,0.0019367671897631555,-3.294869718867277e-05,-0.00017304032614395837,0.0019447610954720143,0.047868402135698845,-0.0010500819137537754,-0.0076926459652870705,-0.001971592220538818,0.006002707652084159,0.0016541371928391086,-1.0,False,False,0.003186187760255481
869,43.45,transport,3.225780957561811,0.5403318186870706,0.8351448341629908,transport,0.05433120461997721,0.21006938886811832,0.9442562160818466,0.05433120461997721,0.21006938886811832,0.9442562160818466,0.0543312046199772,0.21006938886811832,1.1242562160818466,0.05234879131484686,0.2101262746895937,1.1245541978712164,0.00198241330513034,-5.688582147536647e-05,-0.00029798178936979447,0.0020054903778973236,0.04903350678756635,-0.0016091041827925867,-0.01120681559476644,-0.0019344113867521653,0.00584273859928982,0.0016515532148797878,-1.0,False,False,0.0031430056913670933
870,43.5,transport,3.235645731132336,0.5419842095699056,0.8387363566181882,transport,0.054848719553603244,0.210020577295945,0.9438614974746239,0.054848719553603244,0.210020577295945,0.9438614974746239,0.05484871955360324,0.210020577295945,1.123861497474624,0.05282902181401104,0.21009678601136234,1.124247427877558,0.002019697739592194,-7.620871541733076e-05,-0.0003859304029341093,0.002057651331865596,0.049998564775127485,-0.0021139478729736982,-0.013854007931848322,-0.0019077792691627729,0.005752378009564635,0.0016686715072457246,-1.0,False,False,0.0031266317357129137
871,43.55,transport,3.2455105047028616,0.5436366004527406,0.8425905085783997,transport,0.055403451296548986,0.20995313350213654,0.9433608705881052,0.055403451296548986,0.20995313350213654,0.9433608705881052,0.055403451296548986,0.20995313350213654,1.1233608705881053,0.05332159618433596,0.2100594820026888,1.1238932044319434,0.002081855112213024,-0.00010634850055227241,-0.0005323338438381064,0.0021514669491099958,0.051488589650758865,-0.0028730501845158907,-0.01773114578905499,-0.001886565024805956,0.005717469735498929,0.0016895905639832645,-1.0,False,False,0.0031363416601957114
872,43.6,transport,3.255375278273387,0.5452889913355757,0.8464446605386109,transport,0.0559581830394947,0.20988568970832808,0.9428602437015867,0.0559581830394947,0.20988568970832808,0.9428602437015867,0.055958183039494694,0.20988568970832808,1.1228602437015867,0.053826567135157447,0.21001336656608524,1.1234904300622843,0.0021316159043372473,-0.00012767685775716409,-0.000630186360697671,0.002226482111502273,0.052731737103174636,-0.0034758458872147235,-0.020659214607134935,-0.001871249586067031,0.005737636813743727,0.001710118363778795,-1.0,False,False,0.0031675293002956383
873,43.65,transport,3.2652400518439126,0.5469413822184108,0.8502988124988222,transport,0.056512914782440436,0.2098182459145196,0.9423596168150682,0.056512914782440436,0.2098182459145196,0.9423596168150682,0.05651291478244044,0.2098182459145196,1.1223596168150682,0.05434148982981887,0.20995959580803236,1.1230490993013356,0.00217142495262157,-0.00014134989351274885,-0.0006894824862673232,0.0022826414996956973,0.053726952945659934,-0.003902413031312557,-0.022616264944321784,-0.0018612753681124996,0.005804224854793124,0.0017261504314470789,-1.0,False,False,0.003212549703608655
874,43.7,transport,3.2751048254144384,0.548593773101246,0.8527816107792375,transport,0.056872236244032155,0.20985776762980987,0.9419600940883459,0.056872236244032155,0.20985776762980987,0.9419600940883459,0.05687223624403216,0.20985776762980987,1.1219600940883458,0.054844341642066086,0.20991222554819852,1.1225964027836568,0.0020278946019660765,-5.445791838865066e-05,-0.0006363086953109498,0.002126078770245049,0.05061492828426578,-0.0020365635644498115,-0.021780104259794264,-0.0018548220195323613,0.0059022278455027055,0.0017335639960078216,-1.0,False,False,0.0032142531474142273
875,43.75,transport,3.284969598984963,0.550246163984081,0.8546379617564062,transport,0.057142292444893265,0.20994615219915627,0.9416067566960014,0.057142292444893265,0.20994615219915627,0.9416067566960014,0.05714229244489327,0.20994615219915627,1.1216067566960013,0.0553136914365333,0.20988986665477594,1.1221659588630344,0.0018286010083599716,5.628554438033562e-05,-0.0005592021670330904,0.0019130229412884206,0.04595901605654373,0.0006785330191549921,-0.019792921753110093,-0.0018376821622170573,0.005919278966750333,0.00170609318828293,-1.0,False,False,0.0031352587845665655
876,43.8,transport,3.2948343725554885,0.551898554866916,0.8564943127335749,transport,0.05741234864575439,0.21003453676850267,0.9412534193036568,0.05741234864575439,0.21003453676850267,0.9412534193036568,0.05741234864575438,0.21003453676850267,1.1212534193036567,0.055746683544699686,0.20989881949250797,1.121770860150392,0.001665665101054696,0.00013571727599470673,-0.0005174408467352176,0.0017494583269529551,0.041973144184421635,0.0028934022745347177,-0.018250791187552906,-0.0018033452545241529,0.005776909219583898,0.0016415408452058232,-1.0,False,False,0.0029919386868837057
877,43.85,transport,3.3046991461260142,0.5535509457497512,0.8577571829064587,transport,0.05759790410045307,0.2101681237295435,0.9409580764117467,0.05759790410045307,0.2101681237295435,0.9409580764117467,0.05759790410045307,0.2101681237295435,1.1209580764117466,0.0561403107909957,0.20994108561245198,1.121415406630573,0.0014575933094573695,0.0002270381170915159,-0.000457330218826435,0.0015444337122192014,0.03702441111506763,0.005386084740710562,-0.016255674772907014,-0.0017556357379171943,0.005500803966428717,0.0015702507134071307,-1.0,False,False,0.0027916427995358308
878,43.9,transport,3.3145639196965395,0.5552033366325863,0.8576829177554035,transport,0.05759307608903583,0.2104035534363391,0.9407933973838829,0.05759307608903583,0.2104035534363391,0.9407933973838829,0.05759307608903581,0.2104035534363391,1.1207933973838828,0.05647669663004591,0.21002715707913897,1.1211182635898909,0.0011163794589899023,0.00037639635720013165,-0.0003248662060080232,0.0012220946632622873,0.029055305960802302,0.009249356477742388,-0.012440184933804055,-0.0016916549524781672,0.005103155507274399,0.0015063815821803098,-1.0,False,False,0.0025037064072412725
879,43.95,transport,3.3244286932670652,0.5568557275154213,0.8576086526043483,transport,0.05758824807761858,0.21063898314313467,0.9406287183560191,0.05758824807761858,0.21063898314313467,0.9406287183560191,0.05758824807761857,0.21063898314313467,1.120628718356019,0.056751694207063934,0.21016161935093303,1.1208891186782883,0.0008365538705546391,0.00047736379220164604,-0.0002604003222692608,0.0009977509189587443,0.022231028951453236,0.012236521279914148,-0.009790904677435819,-0.0015991062563842032,0.0045226804537949125,0.001436107164628863,-1.0,False,False,0.0021469009829804668
880,44.0,transport,3.33429346683759,0.5585081183982563,0.8575343874532931,transport,0.05758342006620133,0.21087441284993025,0.9404640393281554,0.05758342006620133,0.21087441284993025,0.9404640393281554,0.05758342006620133,0.21087441284993025,1.1204640393281553,0.0569750019232243,0.21033498197278816,1.120714605167052,0.0006084181429770325,0.0005394308771420886,-0.00025056583889671025,0.0008508475465909953,0.01663451718274797,0.014255869979944435,-0.008501587002660571,-0.0014807980121914438,0.0037891410638993457,0.001373456430998659,-1.0,False,False,0.0017556249967475843
881,44.05,transport,3.344158240408116,0.5601605092810914,0.8579340652972405,transport,0.05764180838509039,0.21113716848199035,0.9402648721867725,0.05764180838509039,0.21113716848199035,0.9402648721867725,0.05764180838509039,0.21113716848199035,1.1202648721867725,0.05716354036157115,0.21053494761400676,1.1205700011158986,0.000478268023519246,0.0006022208679835883,-0.0003051289291260417,0.0008273535758945613,0.013336129237321859,0.016043730184043814,-0.008994659605590094,-0.0013455393904302116,0.0029865290669280464,0.0012645332727984717,-1.0,False,False,0.0013730878228462233
882,44.1,transport,3.354023013978641,0.5618129001639265,0.8583703065450884,transport,0.05770507367070852,0.2114020322343369,0.940063044381897,0.05770507367070852,0.2114020322343369,0.940063044381897,0.057705073670708526,0.2114020322343369,1.120063044381897,0.05732809057637847,0.21075278477544981,1.1204316763999473,0.00037698309433005506,0.0006492474588870867,-0.00036863201805026335,0.0008363779534479685,0.010830666182747584,0.01734169240660277,-0.010139134680029471,-0.001215394085441317,0.002226165523181086,0.001052846122407482,-1.0,False,False,0.001032413675705683
883,44.15,transport,3.363887787549167,0.5634652910467617,0.8588065477929364,transport,0.05776833895632665,0.21166689598668348,0.9398612165770216,0.05776833895632665,0.21166689598668348,0.9398612165770216,0.05776833895632666,0.21166689598668348,1.1198612165770216,0.05747279555561863,0.21098142370742826,1.1202873130266051,0.00029554340070803153,0.0006854722792552226,-0.0004260964495834685,0.0008595209896663695,0.008804967598963764,0.018282224224673294,-0.011409196458513904,-0.0011022007971086022,0.0015687585457852989,0.0007665911681041162,-1.0,False,False,0.0007513448033896481
884,44.2,transport,3.373752561119692,0.5651176819295967,0.8595377224696231,transport,0.05786842035504553,0.21198740084153456,0.9396393207870135,0.05786842035504553,0.21198740084153456,0.9396393207870135,0.05786842035504554,0.21198740084153456,1.1196393207870134,0.057603227860129586,0.2112215942198077,1.1201281740299647,0.00026519249491595287,0.0007658066217268444,-0.000488853242951226,0.0009464482734858573,0.007912495988538215,0.020119542682126013,-0.01295984479183332,-0.0010074267733882964,0.0010299683995331549,0.0004270040357491644,-1.0,False,False,0.0005749314419021566
885,44.25,transport,3.383617334690217,0.5667700728124316,0.8605108393773568,transport,0.057998703052332526,0.21235354966604636,0.93940096266137,0.057998703052332526,0.21235354966604636,0.93940096266137,0.057998703052332526,0.21235354966604636,1.11940096266137,0.05772483266278095,0.2114780889820903,1.1199453391647893,0.000273870389551574,0.000875460683956053,-0.0005443765034194303,0.001066668728753729,0.007909503844058807,0.022639108924772944,-0.014544227371895424,-0.0009519556535603592,0.0006437096303763986,4.0037444547838885e-05,-1.0,False,False,0.0005637134915455258
886,44.3,transport,3.3934821082607427,0.5684224636952668,0.8614839562850907,transport,0.05812898574961953,0.2127196984905582,0.9391626045357264,0.05812898574961953,0.2127196984905582,0.9391626045357264,0.05812898574961953,0.2127196984905582,1.1191626045357264,0.05783833074560585,0.21175243696230842,1.1197355177473387,0.00029065500401367905,0.0009672615282497743,-0.000572913211612347,0.0011611652524211422,0.008083061736771507,0.02483219016935767,-0.01565469258125951,-0.0009605732554619976,0.0004401052056554068,-0.00039331670578293866,-1.0,False,False,0.0006846527084634593
887,44.35,transport,3.4033468818312684,0.5700748545781019,0.8624959444353967,transport,0.05826434638932206,0.21308951509073118,0.938935192657824,0.05826434638932206,0.21308951509073118,0.938935192657824,0.058264346389322055,0.21308951509073118,1.118935192657824,0.05794227341168486,0.21204478870535604,1.1195030371751924,0.00032207297763719306,0.0010447263853751443,-0.0005678445173684654,0.0012319219208734489,0.008520312874324143,0.02674156256845528,-0.016006501790295502,-0.001032066411174333,0.00040698394703598574,-0.0008026209034196314,-1.0,False,False,0.0008436918732970234
888,44.4,transport,3.4132116554017937,0.571727245460937,0.863697279737095,transport,0.0584244423826611,0.21347719792896158,0.9387611014532802,0.0584244423826611,0.21347719792896158,0.9387611014532802,0.058424442382661104,0.21347719792896158,1.1187611014532801,0.058027766200729074,0.21235115623561218,1.1192668547896938,0.0003966761819320305,0.0011260416933494,-0.0005057533364136724,0.0012965756151366256,0.009643379419524839,0.028648184472110927,-0.014838714438245582,-0.00115481562720902,0.0005151695560355619,-0.0011172578502555812,-1.0,False,False,0.0009736783737835736
889,44.45,transport,3.4230764289723195,0.5733796363437721,0.8648986150387933,transport,0.058584538376000146,0.21386488076719204,0.9385870102487364,0.058584538376000146,0.21386488076719204,0.9385870102487364,0.05858453837600014,0.21386488076719204,1.1185870102487363,0.05810765104764804,0.21267303564329548,1.119040631644803,0.00047688732835209774,0.0011918451238965566,-0.0004536213960666391,0.001361502366603983,0.01113544350542131,0.03027449063159715,-0.01359689081914972,-0.0012802951091353358,0.000620524737816053,-0.001329658522169416,-1.0,False,False,0.0010846908684616226
890,44.5,transport,3.4329412025428443,0.5750320272266071,0.8660999503404915,transport,0.05874463436933918,0.21425256360542244,0.9384129190441926,0.05874463436933918,0.21425256360542244,0.9384129190441926,0.058744634369339174,0.21425256360542244,1.1184129190441925,0.0581908196879095,0.2130092654825935,1.1188222881692527,0.0005538146814296763,0.0012432981228289453,-0.0004093691250601772,0.0014212965926046427,0.012739666433822655,0.03159055924253917,-0.012554252012209055,-0.0014229742719005863,0.0007556042238878863,-0.001452729706052677,-1.0,False,False,0.0011934769917356866
891,44.55,transport,3.4428059761133696,0.5766844181094422,0.868381358834844,transport,0.05905996332024233,0.2145332014365343,0.9381599059550466,0.05905996332024233,0.2145332014365343,0.9381599059550466,0.059059963320242326,0.21453320143653432,1.1181599059550467,0.05829580045107885,0.21334450042602884,1.1185956068347485,0.0007641628691634761,0.0011887010105054718,-0.0004357008797017947,0.0014787799834856446,0.017382872646656555,0.030478719078816385,-0.013247644284120064,-0.001591355396198047,0.0009456935970667335,-0.0015069176960498514,-1.0,False,False,0.0013219587046698258
892,44.6,transport,3.4526707496838953,0.5783368089922774,0.8709476326567719,transport,0.0594162343921126,0.214785606541174,0.9378860775094389,0.0594162343921126,0.214785606541174,0.9378860775094389,0.059416234392112605,0.214785606541174,1.1178860775094388,0.05843580189491275,0.21366158118460146,1.1183426256686482,0.000980432497199854,0.00112402535657255,-0.000456548159209369,0.0015598452184306792,0.0224086788206751,0.028822122302903375,-0.014190586506193092,-0.0017832627217372872,0.0012594146439293267,-0.0014913577999017488,-1.0,False,False,0.0014918624459718851
893,44.65,transport,3.462535523254421,0.5799891998751124,0.8735139064786998,transport,0.05977250546398286,0.2150380116458137,0.9376122490638311,0.05977250546398286,0.2150380116458137,0.9376122490638311,0.05977250546398287,0.2150380116458137,1.1176122490638312,0.058610986365630315,0.21395690530015793,1.118060426950918,0.001161519098352555,0.0010811063456557801,-0.0004481778870868425,0.0016488726345380816,0.02673407138140238,0.027528609224244938,-0.014607532096340137,-0.0019784202715330363,0.0017157353235615071,-0.0014299369774487623,-1.0,False,False,0.0017130262409236058
894,44.7,transport,3.4724002968249463,0.5816415907579475,0.87617364586082,transport,0.06014153760135342,0.2152906573634502,0.9373485260263552,0.06014153760135342,0.2152906573634502,0.9373485260263552,0.06014153760135342,0.2152906573634502,1.1173485260263551,0.05881759254625298,0.21423294927390074,1.1177569536504164,0.001323945055100438,0.0010577080895494695,-0.0004084276240612361,0.0017430978273520958,0.030611024714462115,0.026675041265845634,-0.014238018491257165,-0.002174099131222661,0.0022735909049640896,-0.001357170944594999,-1.0,False,False,0.001976427762394798
895,44.75,transport,3.482265070395471,0.5832939816407825,0.8789666285258054,transport,0.060528761747166614,0.21554364609583493,0.9370992091268342,0.060528761747166614,0.21554364609583493,0.9370992091268342,0.06052876174716661,0.21554364609583493,1.1170992091268341,0.05905323742084963,0.21449344861822042,1.1174430100815094,0.0014755243263169793,0.0010501974776145062,-0.00034380095467523297,0.001843444025723767,0.03422338401827249,0.02621393643868375,-0.013154890471644975,-0.002376158048485354,0.0028824992112792096,-0.0012923382008795683,-1.0,False,False,0.00226762925335606
896,44.8,transport,3.492129843965997,0.5849463725236176,0.881759611190791,transport,0.060915985892979835,0.21579663482821967,0.9368498922273132,0.060915985892979835,0.21579663482821967,0.9368498922273132,0.06091598589297982,0.21579663482821967,1.1168498922273131,0.0593152275021191,0.21474243701668153,1.1171266580156336,0.0016007583908607195,0.001054197811538149,-0.0002767657883204766,0.0019365845587909342,0.03725496944260387,0.02606372419998504,-0.011862357083924913,-0.002588363615595058,0.003510864337286972,-0.0012420849895779422,-1.0,False,False,0.0025693198199947306
897,44.85,transport,3.5019946175365226,0.5865987634064527,0.8845293440967019,transport,0.061300072144301075,0.21604868847201433,0.9366022457863278,0.061300072144301075,0.21604868847201433,0.9366022457863278,0.06130007214430107,0.21604868847201433,1.1166022457863278,0.05960441879557838,0.21498536299655932,1.1168102372018212,0.001695653348722688,0.0010633254754550125,-0.0002079914154933249,0.0020122529102240133,0.039696892843639336,0.02612502910665615,-0.010488244586115414,-0.0028085125045178637,0.004130345986637768,-0.0012075251104234242,-1.0,False,False,0.002891281600687889
898,44.9,transport,3.511859391107048,0.5882511542892878,0.8866229732001527,transport,0.06159290831466783,0.2162735497070898,0.9364031763376502,0.06159290831466783,0.2162735497070898,0.9364031763376502,0.06159290831466781,0.2162735497070898,1.1164031763376503,0.0599120216966766,0.21522448223928306,1.1164970159306573,0.0016808866179912063,0.0010490674678067524,-9.383959300701683e-05,0.0019836149434222634,0.039769790381788545,0.025763734210609845,-0.008141217283417213,-0.003048182970497257,0.004768584986694475,-0.0011862609244798843,-1.0,False,False,0.0032308572187903437
899,44.95,transport,3.5217241646775737,0.589903545172123,0.8887166023036037,transport,0.06188574448503459,0.2164984109421653,0.9362041068889728,0.06188574448503459,0.2164984109421653,0.9362041068889728,0.0618857444850346,0.2164984109421653,1.1162041068889728,0.06021949436827022,0.21545742958491862,1.1161969366452382,0.001666250116764384,0.001040981357246673,7.170243734533344e-06,0.0019647094060312484,0.03947445576716002,0.025478574057644643,-0.005858180833691051,-0.0033045524053059447,0.005426938510649744,-0.0011755957107152653,-1.0,False,False,0.0035355358283531662
900,45.0,transport,3.5315889382480985,0.5915559360549579,0.8908102314070544,transport,0.06217858065540133,0.21672327217724074,0.9360050374402953,0.06217858065540133,0.21672327217724074,0.9360050374402953,0.06217858065540134,0.21672327217724074,1.1160050374402952,0.060519788605423404,0.2156842850544481,1.115917704538965,0.0016587920499779377,0.0010389871227926561,8.73329013302282e-05,0.001959263214081693,0.039181725742622464,0.0253168518464425,-0.0038379840988600478,-0.0035385470261841572,0.006008526963569293,-0.001173176476843815,-1.0,False,False,0.0037785224618283116
901,45.05,transport,3.541453711818624,0.5932083269377929,0.8927568072233514,transport,0.06245084990824096,0.21695207235983832,0.9358301600122039,0.06245084990824096,0.21695207235983832,0.9358301600122039,0.06245084990824097,0.21695207235983832,1.1158301600122038,0.060812702779366665,0.21590792018220836,1.1156632314776211,0.0016381471288743066,0.001044152177629959,0.00016692853458266654,0.0019497807367872,0.03862122605635135,0.025355746107804666,-0.0017508905352237036,-0.0037302810896951513,0.006466145313624033,-0.0011759658809357707,-1.0,False,False,0.0039615453319589026
902,45.1,transport,3.5513184853891495,0.5948607178206281,0.8946256591100095,transport,0.06271224866861008,0.21718295444407845,0.9356680690980507,0.06271224866861008,0.21718295444407845,0.9356680690980507,0.06271224866861007,0.21718295444407845,1.1156680690980507,0.06109866407289191,0.21613113190097913,1.115434934172712,0.0016135845957181566,0.0010518225430993233,0.0002331349253388293,0.0019401901461257854,0.03799091778486807,0.025500685237401788,9.675240859152723e-05,-0.0038816294100381963,0.006805138802169295,-0.0011825416166029263,-1.0,False,False,0.004090041849448515
903,45.15,transport,3.5611832589596752,0.5965131087034632,0.8964945109966674,transport,0.06297364742897921,0.21741383652831855,0.9355059781838975,0.06297364742897921,0.21741383652831855,0.9355059781838975,0.0629736474289792,0.21741383652831855,1.1155059781838974,0.06137947969439562,0.2163556307739975,1.1152298750143168,0.001594167734583575,0.0010582057543210566,0.00027610316958059933,0.0019332364430451794,0.03749966712174563,0.02565409254678852,0.0014208802237103413,-0.003996014776654754,0.007037419414055004,-0.0011917899212526794,-1.0,False,False,0.004173135352579198
904,45.2,transport,3.5710480325302005,0.5981654995862983,0.89853480631437,transport,0.06325816262616688,0.21765060470004044,0.9353167688770679,0.06325816262616688,0.21765060470004044,0.9353167688770679,0.06325816262616686,0.21765060470004044,1.115316768877068,0.06165946875109103,0.21658274070024444,1.1150388673179887,0.0015986938750758295,0.0010678639997959982,0.0002779015590792522,0.0019425202456612798,0.03757365863542486,0.025899478520858832,0.0017378772550236121,-0.004077373621516825,0.007182698594368002,-0.001201707092767577,-1.0,False,False,0.004227269691119479
905,45.25,transport,3.5809128061007254,0.5998178904691333,0.901026655632699,transport,0.06360356274301612,0.2179028758649901,0.9350561341523675,0.06360356274301612,0.2179028758649901,0.9350561341523675,0.06360356274301611,0.21790287586499013,1.1150561341523675,0.061947168613276156,0.21681431994831588,1.1148429450889104,0.0016563941297399534,0.0010885559166742553,0.00021318906345713096,0.0019935007081867905,0.038881879838501554,0.026402703294913787,0.0003453366875749708,-0.004134736945427221,0.007274529010598735,-0.0012101298409286788,-1.0,False,False,0.004280909058528757
906,45.3,transport,3.590777579671251,0.6014702813519683,0.9035185049510283,transport,0.0639489628598654,0.21815514702993982,0.9347954994276673,0.0639489628598654,0.21815514702993982,0.9347954994276673,0.06394896285986541,0.21815514702993982,1.1147954994276672,0.06224584149584222,0.21705065014855132,1.1146287793863525,0.0017031213640231954,0.0011044968813885003,0.000166720041314683,0.002036745274639203,0.04003588493178514,0.02681654163247893,-0.0009489132248630128,-0.004186345316487821,0.007369081751737135,-0.0012148565746249594,-1.0,False,False,0.004341164246095659
907,45.35,transport,3.6006423532417764,0.6031226722348034,0.9060103542693575,transport,0.06429436297671466,0.21840741819488949,0.9345348647029669,0.06429436297671466,0.21840741819488949,0.9345348647029669,0.06429436297671466,0.21840741819488949,1.114534864702967,0.06255431721120111,0.21729100512222213,1.1143965421813602,0.001740045765513551,0.001116413072667355,0.0001383225216067263,0.002072020881865781,0.04097042961744887,0.027135360926763274,-0.0018782936677119721,-0.0042370552263465795,0.007480105600584576,-0.0012158171158976043,-1.0,False,False,0.004401745092592952
908,45.4,transport,3.610507126812302,0.6047750631176386,0.9075111463025656,transport,0.0644974452551519,0.21875191550208906,0.9344079031149779,0.0644974452551519,0.21875191550208906,0.9344079031149779,0.0644974452551519,0.21875191550208906,1.1144079031149778,0.06285664024213253,0.2175453927248363,1.114169811811495,0.0016408050130193724,0.0012065227772527498,0.00023809130348273477,0.0020505184153216715,0.038862560879015795,0.029218207597338508,0.00022721867235286908,-0.004283367473650355,0.007594740906934679,-0.0012141305872400033,-1.0,False,False,0.004427180210044716
909,45.45,transport,3.620371900382828,0.6064274540004737,0.9088971079688853,transport,0.0646840376597494,0.21910709873220166,0.9342964297692551,0.0646840376597494,0.21910709873220166,0.9342964297692551,0.06468403765974941,0.21910709873220166,1.114296429769255,0.06314231812840868,0.217822710112856,1.113973816942278,0.0015417195313407323,0.0012843886193456555,0.0003226128269770978,0.002032395698419056,0.0365479483523376,0.031234120147307087,0.0025323591551984492,-0.0043264318557391015,0.007627394753816775,-0.001226594927406987,-1.0,False,False,0.004402293060594295
910,45.5,transport,3.6302366739533527,0.6080798448833087,0.910283069635205,transport,0.06487063006434689,0.21946228196231427,0.9341849564235324,0.06487063006434689,0.21946228196231427,0.9341849564235324,0.06487063006434686,0.21946228196231427,1.1141849564235324,0.06341193181684225,0.21812321261094017,1.1138124200105395,0.0014586982475046084,0.0013390693513740948,0.00037253641299295204,0.0020148674110392747,0.03456623871876369,0.0327914369891652,0.004222789625090151,-0.004357014583075395,0.007547405167561715,-0.0012545261754773557,-1.0,False,False,0.0043351574535029445
911,45.55,transport,3.640101447523878,0.6097322357661438,0.9119767211868756,transport,0.0651037809051833,0.21975009050832894,0.9340031475443633,0.0651037809051833,0.21975009050832894,0.9340031475443633,0.06510378090518328,0.21975009050832894,1.1140031475443632,0.06367337660065434,0.21843642945382852,1.113670214944965,0.00143040430452894,0.0013136610545004257,0.00033293259939815023,0.0019704329362523606,0.033836981766820484,0.032537557947775464,0.0038145506764752923,-0.0043614486113377,0.007382255244701141,-0.0012862480707046583,-1.0,False,False,0.004240562193156055
912,45.6,transport,3.6499662210944037,0.6113846266489789,0.9139576690869499,transport,0.06538040431159843,0.21997498993175713,0.9337556649369237,0.06538040431159843,0.21997498993175713,0.9337556649369237,0.06538040431159843,0.21997498993175713,1.1137556649369238,0.06393703789714389,0.21874612564511514,1.113522571995259,0.0014433664144545416,0.001228864286641984,0.00023309294166473649,0.0019099074220530672,0.0341405542188819,0.030771209558572155,0.0017089998391739414,-0.004320887212206207,0.0071804493806391905,-0.0013040518576993407,-1.0,False,False,0.004133083934112079
913,45.65,transport,3.659830994664929,0.6130370175318139,0.915938616987024,transport,0.06565702771801356,0.22019988935518528,0.9335081823294842,0.06565702771801356,0.22019988935518528,0.9335081823294842,0.06565702771801356,0.22019988935518528,1.1135081823294841,0.06420730525688825,0.21904374014277506,1.1133562795567562,0.0014497224611253051,0.0011561492124102235,0.00015190277272791874,0.001860497424886802,0.03439979641739338,0.029075274201402768,-0.0002877933154987744,-0.004227675115437584,0.006983872305525983,-0.001296850787129541,-1.0,False,False,0.0040216657449874665
914,45.7,transport,3.6696957682354547,0.614689408414649,0.9180501374954784,transport,0.06595243489756814,0.22041135187582545,0.9332385565652306,0.06595243489756814,0.22041135187582545,0.9332385565652306,0.06595243489756812,0.22041135187582545,1.1132385565652305,0.06448598826361367,0.21932613217312225,1.1131679975690916,0.0014664466339544546,0.0010852197027031996,7.055899613894745e-05,0.0018256905831240153,0.034902592813597366,0.02735223466100778,-0.0023544598305136333,-0.004101332347317811,0.006801152562790182,-0.0012722335682253654,-1.0,False,False,0.00391525028570696
915,45.75,transport,3.6795605418059796,0.616341799297484,0.9209765024677217,transport,0.06636506309109799,0.2205389607767587,0.9328307453962087,0.06636506309109799,0.2205389607767587,0.9328307453962087,0.06636506309109798,0.22053896077675872,1.1128307453962087,0.06478498438476121,0.21958288325894243,1.1129396832388483,0.0015800787063367655,0.0009560775178162895,-0.00010893784263954487,0.001850027132733891,0.03758149654968623,0.024256572072729465,-0.006745043457656585,-0.00396659584966386,0.006636503062453631,-0.0012408399036083408,-1.0,False,False,0.0038411245900911357
916,45.8,transport,3.6894253153765053,0.6179941901803192,0.9239028674399651,transport,0.06677769128462789,0.22066656967769196,0.9324229342271869,0.06677769128462789,0.22066656967769196,0.9324229342271869,0.06677769128462789,0.22066656967769196,1.112422934227187,0.06510903996042607,0.21980800172425555,1.1126583452898415,0.0016686513242018253,0.0008585679534364177,-0.0002354110626545669,0.0018912838340261508,0.03985413799733356,0.02167372837499071,-0.010334980233226432,-0.003836337093215053,0.00654710739353896,-0.0011978543113003951,-1.0,False,False,0.0038072232404210904
917,45.85,transport,3.6992900889470306,0.6196465810631542,0.9268292324122084,transport,0.06719031947815778,0.22079417857862524,0.932015123058165,0.06719031947815778,0.22079417857862524,0.932015123058165,0.06719031947815778,0.2207941785786252,1.112015123058165,0.06545438755025319,0.2200038524163438,1.112330931123656,0.0017359319279045826,0.0007903261622814184,-0.00031580806549103,0.0019333416240629028,0.0416255903546342,0.019723537087393272,-0.012864444633531313,-0.0037283800818842705,0.006538775127108393,-0.001150389938989011,-1.0,False,False,0.003805799014291182
918,45.9,transport,3.7091548625175563,0.6212989719459894,0.9294127016813415,transport,0.0675598699684258,0.22085756769525744,0.9316357283407806,0.0675598699684258,0.22085756769525744,0.9316357283407806,0.06755986996842579,0.22085756769525744,1.1116357283407805,0.06581224753364712,0.22016923304302524,1.1119744595028884,0.0017476224347786756,0.0006883346522321976,-0.0003387311621079192,0.0019085930860684654,0.04210964836345199,0.01707430557827294,-0.01390405565750985,-0.0036584712179384632,0.006581587144708162,-0.0011111811521291408,-1.0,False,False,0.0038030193209754497
919,45.95,transport,3.719019636088082,0.6229513628288245,0.9318873438972834,transport,0.06791574860611092,0.22090057495869447,0.9312653523386083,0.06791574860611092,0.22090057495869447,0.9312653523386083,0.06791574860611092,0.22090057495869447,1.1112653523386082,0.06617503297128846,0.22030656071808,1.1116072864588622,0.0017407156348224623,0.0005940142406144766,-0.00034193412025396164,0.0018707920199642748,0.04207002144927613,0.014626838313384627,-0.014182143285603743,-0.0036037513324284017,0.0066164769476466335,-0.0010426087272469406,-1.0,False,False,0.0037752791148070804
920,46.0,transport,3.728884409658607,0.6246037537116594,0.9343619861132251,transport,0.06827162724379601,0.2209435822221315,0.9308949763364361,0.06827162724379601,0.2209435822221315,0.9308949763364361,0.06827162724379603,0.2209435822221315,1.1108949763364362,0.06653978796981795,0.22042178119657285,1.1112392556109165,0.0017318392739780752,0.0005218010255586547,-0.00034427927448033024,0.0018412147620534855,0.04193188545015131,0.012740430081030207,-0.014246202448520151,-0.003539948336716363,0.006610107429646942,-0.0008866651683129712,-1.0,False,False,0.003726988362804221
921,46.05,transport,3.738749183229132,0.6262561445944945,0.9367160156091278,transport,0.06861167602243004,0.2209745421505952,0.9305469430565029,0.06861167602243004,0.2209745421505952,0.9305469430565029,0.06861167602243003,0.2209745421505952,1.110546943056503,0.06690352080252844,0.22052060415361924,1.1108766010854338,0.001708155219901586,0.0004539379969759616,-0.00032965802893092366,0.0017979233510954256,0.041437761052241506,0.011055219080446932,-0.013846251088271977,-0.003456887353859573,0.006569753523640837,-0.0006708483340121878,-1.0,False,False,0.0036617644268378065
922,46.1,transport,3.748613956799658,0.6279085354773296,0.9386193215896913,transport,0.06889256943406372,0.22096048180948957,0.9302824033774647,0.06889256943406372,0.22096048180948957,0.9302824033774647,0.06889256943406373,0.22096048180948957,1.1102824033774648,0.06725907413971599,0.22060281651912123,1.1105344265693027,0.0016334952943477393,0.0003576652903683475,-0.00025202319183792454,0.0016910786574889582,0.03978097263070579,0.008797553117406709,-0.011883954159381815,-0.003353506532560677,0.006497101325969307,-0.0004192173264310132,-1.0,False,False,0.0035627008057203735
923,46.15,transport,3.758478730370183,0.6295609263601647,0.9405226275702548,transport,0.06917346284569739,0.22094642146838397,0.9300178636984265,0.06917346284569739,0.22094642146838397,0.9300178636984265,0.0691734628456974,0.22094642146838397,1.1100178636984266,0.06760399629771968,0.22066943640078496,1.1102230202228862,0.0015694665479777242,0.0002769850675990171,-0.0002051565244596265,0.0016068712370387055,0.038287774119628304,0.006872098985254982,-0.010331257417521833,-0.0032160354714188292,0.006356794344006433,-0.00014010581324873936,-1.0,False,False,0.003432927477008266
924,46.2,transport,3.768343503940709,0.6312133172429999,0.9424259335508185,transport,0.06945435625733107,0.22093236112727838,0.9297533240193884,0.06945435625733107,0.22093236112727838,0.9297533240193884,0.06945435625733108,0.22093236112727838,1.1097533240193884,0.0679395928494983,0.22072392224050488,1.1099386511378337,0.0015147634078327837,0.0002084388867734932,-0.00018532711844532201,0.0015402276104718444,0.037007199192228,0.005258494529868374,-0.009393924069955872,-0.0030457188576029494,0.006151239738301608,0.00016065668979008677,-1.0,False,False,0.0032894687604112893
925,46.25,transport,3.778208277511234,0.6328657081258349,0.9440639451360093,transport,0.06970007067714337,0.22089599298000634,0.9295222102654775,0.06970007067714337,0.22089599298000634,0.9295222102654775,0.06970007067714339,0.22089599298000634,1.1095222102654776,0.068263868862711,0.22076698285231278,1.1096786050387715,0.0014362018144323807,0.0001290101276935629,-0.00015639477329387752,0.0014504408260732375,0.035209556552901755,0.003441414790029129,-0.008328817447122994,-0.0028569319695282416,0.005907062655334105,0.0004764130669196739,-1.0,False,False,0.0031333983636946403
926,46.3,transport,3.7880730510817595,0.63451809900867,0.9456484181901401,transport,0.0699386856950115,0.2208551229390111,0.9292978421306294,0.0699386856950115,0.2208551229390111,0.9292978421306294,0.06993868569501148,0.2208551229390111,1.1092978421306294,0.06857604110242858,0.22079843505384925,1.1094417137929575,0.0013626445925828956,5.6687885161860185e-05,-0.0001438716623280989,0.0013713908477310838,0.033496336646009484,0.0017628017339665902,-0.00761525816284081,-0.0026496724429560864,0.005622053287578859,0.0008028038359897476,-1.0,False,False,0.002968310382326162
927,46.35,transport,3.797937824652285,0.636170489891505,0.9472328912442707,transport,0.07017730071287959,0.22081425289801587,0.9290734739957812,0.07017730071287959,0.22081425289801587,0.9290734739957812,0.0701773007128796,0.22081425289801587,1.1090734739957813,0.06887807184938817,0.22081760909712433,1.109222804088238,0.0012992288634914306,-3.3561991084618548e-06,-0.00014933009245665652,0.0013077868252566256,0.03202519220902034,0.00031635688333253587,-0.0073647959435252375,-0.0024268546927082003,0.005303053328226318,0.0011097151894829144,-1.0,False,False,0.0028005769247614956
928,46.4,transport,3.8078025982228105,0.6378228807743401,0.9481925795609879,transport,0.07032699141342073,0.22081927772444254,0.9289343097361817,0.07032699141342073,0.22081927772444254,0.9289343097361817,0.07032699141342073,0.22081927772444254,1.1089343097361817,0.06916295917643366,0.2208300548591993,1.1090274117345655,0.0011640322369870781,-1.0777134756750906e-05,-9.310199838385991e-05,0.0011677992881834508,0.028978391280651272,3.33725463641521e-05,-0.00576988704112491,-0.0021980615069292103,0.004972544372629826,0.0013473130742369223,-1.0,False,False,0.0026122341296683942
929,46.45,transport,3.817667371793336,0.6394752716571752,0.9483979980910925,transport,0.07036932845783296,0.22087970901294168,0.9288980076384662,0.07036932845783296,0.22087970901294168,0.9288980076384662,0.07036932845783296,0.22087970901294168,1.1088980076384662,0.06941638734268418,0.22084837114079958,1.1088762104251138,0.0009529411151487782,3.133787214210093e-05,2.1797213352492406e-05,0.0009537053788677747,0.02412738562798611,0.0009930830748478003,-0.0025880819219858964,-0.001965971024647147,0.004603368769828411,0.0014963363565836051,-1.0,False,False,0.002375242710178757
930,46.5,transport,3.8275321453638607,0.6411276625400102,0.948603416621197,transport,0.07041166550224517,0.2209401403014408,0.9288617055407505,0.07041166550224517,0.2209401403014408,0.9288617055407505,0.07041166550224516,0.2209401403014408,1.1088617055407506,0.0696348261876869,0.22088020014391913,1.10877785700928,0.0007768393145582558,5.99401575216707e-05,8.384853147047622e-05,0.0007836470630052913,0.019905563191219555,0.001835383212824282,-0.000290097687263291,-0.00173005634819581,0.0041408019906866225,0.0015581320980656288,-1.0,False,False,0.0021002876888834192
931,46.55,transport,3.8373969189343864,0.6427800534228453,0.9488044645712155,transport,0.070453694007595,0.22099581667177684,0.9288176028159468,0.070453694007595,0.22099581667177684,0.9288176028159468,0.070453694007595,0.22099581667177684,1.1088176028159469,0.06982269513017118,0.2209250151568266,1.108721418301788,0.0006309988774238218,7.080151495023057e-05,9.618451415893681e-05,0.0006422023813357917,0.016377356398162013,0.0023123305571542963,0.0007949161333353771,-0.0014967769400706374,0.003600001690180791,0.0015634833311133308,-1.0,False,False,0.0018147971172574231
932,46.6,transport,3.847261692504912,0.6444324443056805,0.9489508421577626,transport,0.07049186308413818,0.22099201510116856,0.9286759242294013,0.07049186308413818,0.22099201510116856,0.9286759242294013,0.07049186308413817,0.22099201510116856,1.1086759242294013,0.06998489513389869,0.2209734951802805,1.1086805201009278,0.0005069679502394814,1.8519920888054875e-05,-4.5958715264582395e-06,0.0005073269281979904,0.01338335907933974,0.001339998886839,-0.00090988144773263,-0.0012705697969649056,0.0030280904653472154,0.0015460513678197277,-1.0,False,False,0.001534718157055886
933,46.65,transport,3.8571264660754374,0.6460848351885156,0.9490972197443096,transport,0.07053003216068135,0.2209882135305603,0.9285342456428557,0.07053003216068135,0.2209882135305603,0.9285342456428557,0.07053003216068134,0.2209882135305603,1.1085342456428557,0.07012637284553495,0.2210179540187085,1.108634483774704,0.00040365931514638187,-2.974048814818886e-05,-0.00010023813184822927,0.00041698084178552086,0.010902740535652933,0.00029436700559604123,-0.002925489161440531,-0.001038903868483183,0.0024488129224875194,0.0015314807570116146,-1.0,False,False,0.0012775414732567234
934,46.7,transport,3.866991239645963,0.6477372260713506,0.9492435973308567,transport,0.07056820123722451,0.22098441195995203,0.92839256705631,0.07056820123722451,0.22098441195995203,0.92839256705631,0.07056820123722453,0.22098441195995203,1.10839256705631,0.07025042387869083,0.22105631071518178,1.10857612339611,0.00031777735853369404,-7.189875522975453e-05,-0.0001835563398000506,0.0003739583004574597,0.008836567833791498,-0.0006708411751293886,-0.0048383343678803925,-0.0007992353526295928,0.0018887036940680476,0.0015239652458913211,-1.0,False,False,0.001061633901734897
935,46.75,transport,3.876856013216488,0.6493896169541856,0.9492500073519404,transport,0.07058986979783868,0.22093610070252453,0.9281644706048001,0.07058986979783868,0.22093610070252453,0.9281644706048001,0.0705898697978387,0.22093610070252453,1.1081644706048002,0.0703577310420573,0.22108351643688362,1.1084936679273598,0.00023213875578140253,-0.0001474157343590854,-0.00032919732255964895,0.00042894134546906016,0.006788918382957254,-0.002404200253144917,-0.008233055826196711,-0.0005605785444906411,0.0013749782300186712,0.0015177129925262284,-1.0,False,False,0.0008958486462998285
936,46.8,transport,3.8867207867870133,0.6510420078370207,0.9491949926282753,transport,0.0706042971095549,0.22086825637582722,0.9278984496864352,0.0706042971095549,0.22086825637582722,0.9278984496864352,0.07060429710955492,0.22086825637582722,1.1078984496864352,0.07044917540890329,0.22109446165249086,1.1083761193018857,0.00015512170065162811,-0.00022620527666364354,-0.00047766961545048225,0.0005508174205016944,0.004931321349952444,-0.0043052012211280966,-0.011904364818491331,-0.00031891228029481435,0.0009052440686927536,0.001512946569407754,-1.0,False,False,0.0007918835774274696
937,46.85,transport,3.896585560357539,0.6526943987198558,0.9491399779046102,transport,0.07061872442127111,0.2208004120491299,0.9276324287680703,0.07061872442127111,0.2208004120491299,0.9276324287680703,0.07061872442127114,0.2208004120491299,1.1076324287680703,0.07052621263529682,0.22108863761341643,1.108222950240828,9.251178597431686e-05,-0.00028822556428653723,-0.0005905214727577324,0.0006635872333313924,0.003390980247356956,-0.0058809920672192595,-0.014873810676307997,-7.223989086309618e-05,0.00047787659155287343,0.0015082220533499718,-1.0,False,False,0.0007559271491221775
938,46.9,transport,3.9064503339280647,0.654346789602691,0.9485059312071765,transport,0.07055205661415953,0.22075517990278462,0.9274038743183811,0.07055205661415953,0.22075517990278462,0.9274038743183811,0.07055205661415954,0.22075517990278465,1.1074038743183812,0.07058188860040683,0.22107081667503248,1.1080455214379548,-2.9831986247286224e-05,-0.00031563677224782927,-0.0006416471195735962,0.000715700737358555,0.0005168795772544921,-0.006669154212635697,-0.01638151844893798,0.00016907730518214863,0.0001071931218133273,0.0014985412635720736,-1.0,False,False,0.000773071099865396
939,46.95,transport,3.91631510749859,0.655999180485526,0.9466183793576038,transport,0.07030983174997844,0.22075889925800835,0.9272564283629463,0.07030983174997844,0.22075889925800835,0.9272564283629463,0.07030983174997847,0.22075889925800835,1.1072564283629462,0.07059574454466161,0.22105229653583855,1.1078701575517493,-0.000285912794683138,-0.0002933972778302041,-0.0006137291888030916,0.0007378967448028193,-0.005441137008567187,-0.006238348340482647,-0.015781861500170358,0.00040205790837727617,-0.00023985427064122908,0.0014735586411659448,-1.0,False,False,0.0008475376202746481
940,47.0,transport,3.926179881069115,0.6576515713683609,0.9447308275080313,transport,0.07006760688579737,0.22076261861323204,0.9271089824075115,0.07006760688579737,0.22076261861323204,0.9271089824075115,0.07006760688579737,0.22076261861323204,1.1071089824075115,0.07056322486803168,0.2210419675972634,1.1077187738703194,-0.0004956179822343115,-0.000279348984031369,-0.0006097914628078183,0.0008339776179890364,-0.010562753177284778,-0.005793558452130143,-0.015223502884755824,0.0006403087654597771,-0.0006699175150842759,0.001419329165127646,-1.0,False,False,0.0009966528471527219
941,47.05,transport,3.9360446546396406,0.6593039622511961,0.9428432756584585,transport,0.06982538202161628,0.22076633796845574,0.9269615364520767,0.06982538202161628,0.22076633796845574,0.9269615364520767,0.06982538202161627,0.22076633796845574,1.1069615364520766,0.07050441192955449,0.2210417149228302,1.1076088231698962,-0.0006790299079382223,-0.0002753769543744622,-0.0006472867178195507,0.0009776984084781729,-0.014756856928308248,-0.005512592576153441,-0.015144748364854799,0.0008752923810800367,-0.0011759405692384872,0.0013506645091186807,-1.0,False,False,0.0011871987982602016
942,47.1,transport,3.9459094282101663,0.6609563531340312,0.9388899130056477,transport,0.06929198712946574,0.2208797069369475,0.9269765162607857,0.06929198712946574,0.2208797069369475,0.9269765162607857,0.06929198712946573,0.2208797069369475,1.1069765162607856,0.07039506239446688,0.22105414509935192,1.1075319640441936,-0.001103075265001155,-0.00017443816240442223,-0.0005554477834079918,0.0012472874379441377,-0.024248496001775255,-0.003240159717654012,-0.01264613818221072,0.0010843482563521122,-0.0016846928636368623,0.0012742695007411221,-1.0,False,False,0.001491546558599373
943,47.15,transport,3.9557742017806916,0.6626087440168663,0.9347975270577833,transport,0.0687389973079801,0.22100045501804436,0.9270024268695939,0.0687389973079801,0.22100045501804436,0.9270024268695939,0.0687389973079801,0.22100045501804436,1.107002426869594,0.07022602513330856,0.22108214137832538,1.1075077594082576,-0.0014870278253284602,-8.168636028102472e-05,-0.0005053325386636942,0.0015726682388187742,-0.033121301729735764,-0.0010738016261513383,-0.010590743491993848,0.0013399304730278415,-0.0024189495896136774,0.0011189788899875345,-1.0,False,False,0.0019526482777251965
944,47.2,transport,3.9656389753512173,0.6642611348997014,0.9307051411099185,transport,0.06818600748649441,0.2211212030991412,0.9270283374784021,0.06818600748649441,0.2211212030991412,0.9270283374784021,0.06818600748649441,0.22112120309914124,1.107028337478402,0.07000186082031185,0.22113279970255864,1.1075429551264833,-0.0018158533338174382,-1.1596603417401985e-05,-0.0005146176480812503,0.0018874027484517984,-0.04080035293628298,0.000781234416317167,-0.009588438597112336,0.0016769478565654956,-0.003416562794688045,0.0008753774856177854,-1.0,False,False,0.002524417832488391
945,47.25,transport,3.975503748921742,0.6659135257825364,0.9276207705161453,transport,0.06777836785994548,0.22113398293467332,0.9268925073135441,0.06777836785994548,0.22113398293467332,0.9268925073135441,0.06777836785994547,0.22113398293467332,1.106892507313544,0.06974407086091401,0.22119751588169834,1.1076019493368083,-0.001965703000968544,-6.353294702501899e-05,-0.000709442023264284,0.002090773232023919,-0.044469859207327544,2.366464229353049e-05,-0.013008956258784288,0.0020488368109978228,-0.0045823670215698305,0.0005430670064283392,-1.0,False,False,0.0031200227354660527
946,47.3,transport,3.9853685224922675,0.6675659166653715,0.9253351245495396,transport,0.0674858998721899,0.22106121159647116,0.9266285180500972,0.0674858998721899,0.22106121159647116,0.9266285180500972,0.0674858998721899,0.22106121159647116,1.1066285180500972,0.06947720903907506,0.22125602920887646,1.1076291879840419,-0.001991309166885155,-0.00019481761240530693,-0.0010006699339446534,0.002237097766510206,-0.04516341977448213,-0.0027260857045435793,-0.019468625734222478,0.002417081350446922,-0.005750942707916336,0.0001501439139155846,-1.0,False,False,0.003664853630794597
947,47.35,transport,3.995233296062793,0.6692183075482065,0.9230494785829336,transport,0.06719343188443432,0.220988440258269,0.9263645287866501,0.06719343188443432,0.220988440258269,0.9263645287866501,0.06719343188443432,0.220988440258269,1.1063645287866501,0.06919724744198563,0.22128751796819052,1.107604945329578,-0.0020038155575513167,-0.00029907770992151916,-0.0012404165429278358,0.0023755751861866295,-0.04567554309281491,-0.005351779012149338,-0.025293183947834308,0.002764294826319358,-0.006783637102679882,-0.00025602795340019585,-1.0,False,False,0.004223410261597939
948,47.4,transport,4.005098069633319,0.6708706984310417,0.9210783564005124,transport,0.06694549283558807,0.22089456445262043,0.9260733967013681,0.06694549283558807,0.22089456445262043,0.9260733967013681,0.06694549283558808,0.22089456445262043,1.106073396701368,0.06892304645640857,0.22129341904825847,1.1075321275977705,-0.0019775536208204852,-0.00039885459563804293,-0.0014587308964024714,0.0024895178528785357,-0.04503509212795104,-0.007859070311401761,-0.030630972564198444,0.0031378083677291967,-0.007816873746141133,-0.0006319971798838916,-1.0,False,False,0.004732835847287552
949,47.45,transport,4.014962843203844,0.6725230893138768,0.9205508801466002,transport,0.06690193903386697,0.2207038203653526,0.92565768063802,0.06690193903386697,0.2207038203653526,0.92565768063802,0.06690193903386697,0.2207038203653526,1.10565768063802,0.06868041456401976,0.22127945369020255,1.1073877708967845,-0.0017784755301527844,-0.0005756333248499446,-0.0017300902587644718,0.0025470652208967374,-0.04042214845083186,-0.01179197365811735,-0.03748893919500951,0.0034860657659686748,-0.008748631476624958,-0.0009527504348089303,-1.0,False,False,0.005091370065203394
950,47.5,transport,4.0248276167743695,0.6741754801967118,0.9200234038926881,transport,0.06685838523214586,0.2205130762780848,0.9252419645746718,0.06685838523214586,0.2205130762780848,0.9252419645746718,0.06685838523214586,0.2205130762780848,1.1052419645746718,0.06847699147155473,0.22123109697643406,1.1071573274418196,-0.0016186062394088624,-0.0007180206983492532,-0.001915362867147774,0.0026084583175431018,-0.036440586637477845,-0.015327548242354827,-0.042916126442253955,0.003785099067915616,-0.009374581673542947,-0.001215911203803094,-1.0,False,False,0.00529284052005426
951,47.55,transport,4.034692390344895,0.6758278710795469,0.9194959276387761,transport,0.06681483143042477,0.22032233219081698,0.9248262485113237,0.06681483143042477,0.22032233219081698,0.9248262485113237,0.06681483143042476,0.22032233219081698,1.1048262485113236,0.06830488210407928,0.22114728309313325,1.1068524489397185,-0.0014900506736545277,-0.0008249509023162682,-0.002026200428394853,0.0026469384536324646,-0.033243200822599406,-0.018175295712341555,-0.04662157860992,0.004035272322325084,-0.009690141709277924,-0.0013690777997259595,-1.0,False,False,0.0053689206733636315
952,47.6,transport,4.04455716391542,0.677480261962382,0.9210032068491969,transport,0.06705928351700023,0.21999755530028206,0.9242525223856601,0.06705928351700023,0.21999755530028206,0.9242525223856601,0.06705928351700023,0.21999755530028206,1.10425252238566,0.06818353838321678,0.2210177645730928,1.1064669426590692,-0.001124254866216548,-0.0010202092728107404,-0.0022144202734091234,0.002684852530740924,-0.02491197174158105,-0.022994555857023813,-0.0519985310811677,0.004217991718668295,-0.009775308046304545,-0.0013975461525777436,-1.0,False,False,0.00526891972171817
953,47.65,transport,4.054421937485946,0.6791326528452172,0.9230196009363086,transport,0.06737579737457304,0.21963924214688701,0.923639260662328,0.06737579737457304,0.21963924214688701,0.923639260662328,0.06737579737457304,0.21963924214688701,1.103639260662328,0.06812587514409785,0.2208342266046375,1.105984815546036,-0.0007500777695248068,-0.0011949844577504865,-0.002345554883707912,0.002737194225312952,-0.016154820172874784,-0.02757044852411572,-0.05655363993482432,0.004321370067558534,-0.009527061568104454,-0.001267642990908301,-1.0,False,False,0.0049790987324414724
954,47.7,transport,4.0642867110564715,0.6807850437280523,0.9250359950234203,transport,0.06769231123214584,0.219280928993492,0.9230259989389962,0.06769231123214584,0.219280928993492,0.9230259989389962,0.06769231123214582,0.219280928993492,1.103025998938996,0.0681236607900414,0.22060229797744393,1.105414548700294,-0.0004313495578955745,-0.0013213689839519371,-0.0023885497612978757,0.0027635571995243777,-0.008671278239040514,-0.031065952222910087,-0.05917633214079565,0.004338768062295479,-0.00891286017498042,-0.0009495851475533084,-1.0,False,False,0.0045521231345415514
955,47.75,transport,4.074151484626996,0.6824374346108871,0.9268744621695933,transport,0.06798327598556213,0.21893768030036934,0.9224662903246369,0.06798327598556213,0.21893768030036934,0.9224662903246369,0.06798327598556213,0.2189376803003693,1.102466290324637,0.06816264332635383,0.22033232241502035,1.1047855101527442,-0.00017936734079170014,-0.0013946421146510402,-0.002319219828107233,0.002712190974468198,-0.0028076960895853653,-0.033292353541492514,-0.05896516751314085,0.004271948019188074,-0.008026596579420836,-0.00045989955501001516,-1.0,False,False,0.004056251876138838
956,47.8,transport,4.084016258197522,0.6840898254937223,0.9284680655824872,transport,0.06823907996460274,0.2186151633748062,0.92198028170266,0.06823907996460274,0.2186151633748062,0.92198028170266,0.06823907996460275,0.2186151633748062,1.10198028170266,0.06823007039164565,0.2200324736972619,1.1041361738924915,9.009572957102696e-06,-0.001417310322455706,-0.0021558921898314765,0.002580062180785712,0.001528732764978502,-0.034343180804283224,-0.05610456900168259,0.00412537849535872,-0.006984841850765693,7.716035603390159e-05,-1.0,False,False,0.0035424827466975436
957,47.85,transport,4.093881031768047,0.6857422163765574,0.9300616689953809,transport,0.06849488394364331,0.2182926464492431,0.9214942730806831,0.06849488394364331,0.2182926464492431,0.9214942730806831,0.06849488394364332,0.2182926464492431,1.1014942730806832,0.06831904117354742,0.21970931247192446,1.103492234687169,0.00017584277009589921,-0.0014166660226813677,-0.0019979616064857986,0.0024555475724583626,0.0052962710399534485,-0.034796544960375986,-0.05283801623616746,0.003902798965115045,-0.005890030123102717,0.0005219592220074553,-1.0,False,False,0.003035698913092179
958,47.9,transport,4.103745805338573,0.6873946072593924,0.931640585389336,transport,0.0687484753808684,0.21797292417927788,0.9210130710694507,0.0687484753808684,0.21797292417927788,0.9210130710694507,0.06874847538086841,0.21797292417927788,1.1010130710694508,0.06842333445600911,0.21936795518488428,1.1028760035360268,0.0003251409248593018,-0.0013950310056063953,-0.0018629324665759839,0.0023499671279923113,0.008588684146419723,-0.03472776585293158,-0.04958327235436322,0.003617362418256448,-0.004802385248143221,0.0008447819998072801,-1.0,False,False,0.0025452857803440862
959,47.95,transport,4.113610578909099,0.6890469981422277,0.9328829307424965,transport,0.06895136371048806,0.2177172448677357,0.9206420184348709,0.06895136371048806,0.2177172448677357,0.9206420184348709,0.06895136371048806,0.2177172448677357,1.1006420184348709,0.06853460684008643,0.21902146472736855,1.1022979493008354,0.00041675687040163,-0.0013042198596328602,-0.0016559308659644945,0.0021486699988927196,0.010560585089579022,-0.0330142063429717,-0.04467970202311822,0.0032875955727003883,-0.003739603839623263,0.001058771593651327,-1.0,False,False,0.002083412496775159
960,48.0,transport,4.123475352479623,0.6906993890250626,0.9341252760956567,transport,0.06915425204010768,0.21746156555619356,0.9202709658002911,0.06915425204010768,0.21746156555619356,0.9202709658002911,0.06915425204010768,0.21746156555619356,1.1002709658002912,0.06864891091541603,0.21868020004712094,1.1017608214532673,0.0005053411246916523,-0.0012186344909273783,-0.001489855652976102,0.0019900023973571743,0.012392904000425031,-0.031197983423499887,-0.04053967001088399,0.0029169888369567744,-0.002730417693121262,0.001182550579482987,-1.0,False,False,0.0016684507620876863
961,48.05,transport,4.1333401260501486,0.6923517799078976,0.9353676214488169,transport,0.06935714036972732,0.2172058862446514,0.9198999131657113,0.06935714036972732,0.2172058862446514,0.9198999131657113,0.0693571403697273,0.2172058862446514,1.0998999131657112,0.06876706432395265,0.2183482305585399,1.1012559190111078,0.0005900760457746568,-0.0011423443138885159,-0.001356005845396524,0.001868660515990002,0.014164589086225476,-0.029486276049390803,-0.03721816575112058,0.0025257788923319447,-0.001791649625403118,0.0012431188152735872,-1.0,False,False,0.0013281076524235432
962,48.1,transport,4.143204899620675,0.6940041707907328,0.9344369842220639,transport,0.06924914788026522,0.21713707031348348,0.9198324460111275,0.06924914788026522,0.21713707031348348,0.9198324460111275,0.06924914788026522,0.21713707031348348,1.0998324460111275,0.06885925632972031,0.21804923937685003,1.1008189826801626,0.00038989155054490465,-0.0009121690633665525,-0.000986536669035143,0.0013990433948596016,0.009641671126251472,-0.024223204901128725,-0.02846945999960493,0.002141786945527299,-0.0009281463297018168,0.001267585427627578,-1.0,False,False,0.0010978578520856137
963,48.15,transport,4.1530696731912,0.6956565616735678,0.9324007707850537,transport,0.06898298457020884,0.21716332726040474,0.9199194379339266,0.06898298457020884,0.21716332726040474,0.9199194379339266,0.06898298457020884,0.21716332726040474,1.0999194379339265,0.06889795788306344,0.21781271491178517,1.1004970098648317,8.502668714539807e-05,-0.0006493876513804231,-0.0005775719309051297,0.0008732257409523515,0.00247456480977043,-0.01771824232890573,-0.017990894924722056,0.0017826641727331052,-0.00031502204960304306,0.0012425928573196628,-1.0,False,False,0.0009429311890512046
964,48.2,transport,4.162934446761725,0.6973089525564029,0.9303645573480435,transport,0.06871682126015244,0.21718958420732604,0.9200064298567259,0.06871682126015244,0.21718958420732604,0.9200064298567259,0.06871682126015245,0.21718958420732604,1.1000064298567258,0.06888708298931895,0.21763911745527026,1.1003015328763188,-0.00017026172916649596,-0.00044953324794422267,-0.00029510301959301266,0.0005640522933194769,-0.003622732458219702,-0.012462614089182589,-0.009811600162117351,0.0014788802171128526,-9.119237228871432e-05,0.0011666508320018773,-1.0,False,False,0.0008539739324804535
965,48.25,transport,4.172799220332251,0.698961343439238,0.9283246577402482,transport,0.06844973456713396,0.21722085209897063,0.9201088444781679,0.06844973456713396,0.21722085209897063,0.9201088444781679,0.06844973456713395,0.21722085209897063,1.100108844478168,0.06883884114590061,0.21751674999512097,1.100224785675908,-0.00038910657876665977,-0.0002958978961503378,-0.00011594119774005485,0.0005023961145541329,-0.008746968443699987,-0.008365307125992594,-0.003853767963017951,0.0012992859501476702,-0.00022091147589232242,0.0010863425099812956,-1.0,False,False,0.0008730488440554882
966,48.3,transport,4.182663993902776,0.7006137343220731,0.9262754538145234,transport,0.06818031714959094,0.21726476818994014,0.9202501877602386,0.06818031714959094,0.21726476818994014,0.9202501877602386,0.06818031714959093,0.21726476818994014,1.1002501877602386,0.06877474808832805,0.2174537352606239,1.100236590005854,-0.0005944309387371227,-0.00018896707068374874,1.359775438469768e-05,0.0006238922933127163,-0.013170479926193635,-0.005039636103616463,0.0005080416866132254,0.001272816408429035,-0.0005935786710539374,0.0010375258493792578,-1.0,False,False,0.0009491463973876669
967,48.35,transport,4.192528767473301,0.702266125204908,0.9242262498887984,transport,0.06791089973204792,0.21730868428090966,0.9203915310423094,0.06791089973204792,0.21730868428090966,0.9203915310423094,0.06791089973204793,0.21730868428090966,1.1003915310423094,0.06868308252814642,0.2174370623539963,1.1003066887500244,-0.0007721827960984889,-0.0001283780730866324,8.48422922850034e-05,0.0007873661250016355,-0.01727696712560234,-0.0029010195942846817,0.003098820729108276,0.0012981464736518608,-0.0009451850350422251,0.0010124013617006913,-1.0,False,False,0.0010759138790545125
968,48.4,transport,4.202393541043827,0.7039185160877433,0.9221770459630733,transport,0.06764148231450487,0.21735260037187917,0.9205328743243801,0.06764148231450487,0.21735260037187917,0.9205328743243801,0.06764148231450488,0.21735260037187917,1.10053287432438,0.06856469937159859,0.21743867654981242,1.1004220574531183,-0.0009232170570937087,-8.607617793324196e-05,0.00011081687126179851,0.000933819694519567,-0.020832004272830773,-0.001689239642342355,0.00452371148711439,0.0013886417202271242,-0.001327651747186788,0.0009692149976166457,-1.0,False,False,0.0012488385427609887
969,48.45,transport,4.212258314614353,0.7055709069705783,0.9215112644940873,transport,0.06756579900914521,0.21733523143916647,0.9205544963471463,0.06756579900914521,0.21733523143916647,0.9205544963471463,0.06756579900914521,0.21733523143916647,1.1005544963471463,0.0684430124485705,0.21744583564924796,1.1005508819737078,-0.0008772134394252895,-0.00011060421008149413,3.6143734385429838e-06,0.0008841661457505883,-0.019978007249067675,-0.0020689022129188883,0.0026487778805606155,0.0015171909700628055,-0.0017898100986279276,0.0008562138720850836,-1.0,False,False,0.0014112303401682157
970,48.5,transport,4.222123088184877,0.7072232978534133,0.9209911561326452,transport,0.06751051572694661,0.21731140925003728,0.9205635118318322,0.06751051572694661,0.21731140925003728,0.9205635118318322,0.06751051572694662,0.21731140925003728,1.1005635118318322,0.0683310116666784,0.21745084043155563,1.100659421674689,-0.0008204959397317829,-0.00013943118151835132,-9.59098428567895e-05,0.000837766876555023,-0.018649934432477533,-0.0026885279842137066,0.00025259716248893227,0.0016401540662758667,-0.002183869016252436,0.0007119656247155122,-1.0,False,False,0.0015299176942037919
971,48.55,transport,4.231987861755403,0.7088756887362485,0.9204710477712029,transport,0.06745523244474799,0.21728758706090806,0.920572527316518,0.06745523244474799,0.21728758706090806,0.920572527316518,0.067455232444748,0.21728758706090806,1.100572527316518,0.06822024980602592,0.21744968039423024,1.1007440993726678,-0.0007650173612779171,-0.00016209333332217746,-0.00017157205614992677,0.0008006015127487801,-0.017515584438607956,-0.0032650674129514057,-0.0017378871634221582,0.001748446999338829,-0.0024454466294620888,0.0005703652137945862,-1.0,False,False,0.001656327451719662
972,48.6,transport,4.2418526353259285,0.7105280796190835,0.9210539053603523,transport,0.0675571909408367,0.2171731799892687,0.9204719693675425,0.0675571909408367,0.2171731799892687,0.9204719693675425,0.06755719094083672,0.2171731799892687,1.1004719693675424,0.06812345396775765,0.2174454951729801,1.1008001721992666,-0.0005662630269209351,-0.0002723151837114024,-0.0003282028317241892,0.000708891016792575,-0.013261177303784122,-0.0055300080992309875,-0.005442600102507633,0.0018696991360196199,-0.002698561760052916,0.0004423483663677211,-1.0,False,False,0.001772892854709528
973,48.65,transport,4.251717408896454,0.7121804705019186,0.92263186393172,transport,0.06780101369659321,0.21697704681764254,0.9202725537599029,0.06780101369659321,0.21697704681764254,0.9202725537599029,0.06780101369659321,0.21697704681764254,1.100272553759903,0.0680728435712547,0.2174286519087363,1.100799905824066,-0.0002718298746614972,-0.00045160509109376523,-0.0005273520641631002,0.0007456130622765241,-0.006448805423288906,-0.009368967106750947,-0.01055236878727328,0.001993947722046926,-0.0029139245968745307,0.00032528790723584586,-1.0,False,False,0.0017923485833535315
974,48.7,transport,4.26158218246698,0.7138328613847538,0.924209822503088,transport,0.06804483645234975,0.2167809136460164,0.9200731381522634,0.06804483645234975,0.2167809136460164,0.9200731381522634,0.06804483645234975,0.2167809136460164,1.1000731381522635,0.06807774344640476,0.21737832574944108,1.100728547120659,-3.290699405500419e-05,-0.0005974121034246771,-0.0006554089683954434,0.0008874373259161531,-0.0005601423780990378,-0.012954765254398204,-0.014535353436051501,0.0020418835552691,-0.002932192901886503,0.00028811475117680366,-1.0,False,False,0.0017205474592629955
975,48.75,transport,4.271446956037504,0.7154852522675887,0.9257172777267454,transport,0.06827845212418503,0.2165920431318263,0.9198855193909158,0.06827845212418503,0.2165920431318263,0.9198855193909158,0.068278452124185,0.2165920431318263,1.0998855193909158,0.06812589279644941,0.21729023376725337,1.1006134536448287,0.00015255932773558523,-0.0006981906354270595,-0.0007279342539128209,0.0010201141063120292,0.00401417355560485,-0.015725652352295283,-0.01686055459486191,0.002023902476918942,-0.0027551962727083287,0.00039223271291530904,-1.0,False,False,0.0016007745278258597
976,48.8,transport,4.2813117296080305,0.7171376431504239,0.9268145723780634,transport,0.06845268702164571,0.2164454238840997,0.9197665300121999,0.06845268702164571,0.2164454238840997,0.9197665300121999,0.06845268702164571,0.2164454238840997,1.0997665300122,0.06820098962318875,0.2171762387520544,1.1004721091542404,0.00025169739845695704,-0.0007308148679547044,-0.0007055791420405022,0.0010465581098516525,0.006535884503925948,-0.016896197663073265,-0.016938472652574532,0.0019805329781183148,-0.002436148049247316,0.0006265685600783949,-1.0,False,False,0.0014749314468774576
977,48.85,transport,4.291176503178556,0.7187900340332589,0.9279118670293814,transport,0.06862692191910638,0.2162988046363731,0.919647540633484,0.06862692191910638,0.2162988046363731,0.919647540633484,0.06862692191910637,0.2162988046363731,1.099647540633484,0.0682937631143145,0.2170456798473763,1.1003183942981,0.0003331588047918721,-0.0007468752110031951,-0.0006708536646160557,0.0010577627377395212,0.008518645918352274,-0.017548682313626163,-0.01649137041512816,0.001918345870053252,-0.0020565609429479734,0.0008900546627835263,-1.0,False,False,0.0013595991953034583
978,48.9,transport,4.301041276749081,0.720442424916094,0.9290091616806994,transport,0.06880115681656705,0.2161521853886465,0.9195285512547681,0.06880115681656705,0.2161521853886465,0.9195285512547681,0.06880115681656705,0.2161521853886465,1.0995285512547681,0.06839249415100057,0.21690251124448953,1.100150990419394,0.000408662665566481,-0.0007503258558430315,-0.0006224391646258987,0.001057083051531272,0.01014787404505113,-0.017869889174595976,-0.01579686086663923,0.0018404185331552534,-0.0016729952160841656,0.0010990843995150716,-1.0,False,False,0.0012618197735178144
979,48.95,transport,4.310906050319606,0.7220948157989291,0.9310803734533227,transport,0.06911334651876255,0.2159375749913568,0.919252767814992,0.06911334651876255,0.2159375749913568,0.919252767814992,0.06911334651876257,0.2159375749913568,1.099252767814992,0.068508059426776,0.216742546790868,1.0999525770787617,0.0006052870919865672,-0.0008049717995111949,-0.0006998092637697795,0.0012264114592549465,0.01441704735523991,-0.01929872506265473,-0.01796445208804176,0.0017590413381982767,-0.0013212236190083147,0.00123648626456034,-1.0,False,False,0.0011532199078094997
980,49.0,transport,4.320770823890132,0.7237472066817642,0.9334463635933999,transport,0.06946729140857366,0.2157023855123043,0.9189295270543262,0.06946729140857366,0.2157023855123043,0.9189295270543262,0.06946729140857368,0.2157023855123043,1.0989295270543262,0.06865124462475508,0.2165589242533928,1.099701280718135,0.0008160467838185942,-0.0008565387410884862,-0.0007717536638087719,0.0014125136055869987,0.019184639635953515,-0.020803225571273676,-0.02046100048870958,0.0016575746929624426,-0.0008925346939359853,0.0013324761087703094,-1.0,False,False,0.0010513907983345208
981,49.05,transport,4.330635597460657,0.7253995975645992,0.9358123537334773,transport,0.06982123629838478,0.21546719603325185,0.9186062862936604,0.06982123629838478,0.21546719603325185,0.9186062862936604,0.06982123629838478,0.21546719603325185,1.0986062862936603,0.06882160327004956,0.21635180331691556,1.0993970668270472,0.0009996330283352228,-0.0008846072836637131,-0.0007907805333868811,0.0015514928583893583,0.023399833472594056,-0.021834564402818946,-0.02189988848949387,0.0015289344024748844,-0.00032654701483545215,0.0014062066289563658,-1.0,False,False,0.0010176624242532954
982,49.1,transport,4.340500371031183,0.7270519884474343,0.937582830338556,transport,0.07009024958180589,0.21527796639391275,0.9183295515335513,0.07009024958180589,0.21527796639391275,0.9183295515335513,0.07009024958180592,0.21527796639391275,1.0983295515335514,0.06900663501162395,0.2161309036192977,1.0990602047918365,0.0010836145701819677,-0.0008529372253849588,-0.000730653258285141,0.0015606334069860018,0.025372926235127102,-0.021476738460056155,-0.021350305869916042,0.0013753228013952483,0.0003589457219983917,0.0014567746564138721,-1.0,False,False,0.0010929780327531664
983,49.15,transport,4.350365144601708,0.7287043793302694,0.938416462836422,transport,0.0702256509986843,0.21516103940174028,0.9181259786245356,0.0702256509986843,0.21516103940174028,0.9181259786245356,0.07022565099868432,0.21516103940174028,1.0981259786245356,0.06918504636951207,0.21591469091226484,1.0987242919510862,0.0010406046291722426,-0.0007536515105245611,-0.0005983133265505813,0.0014173310940985792,0.024380319741207357,-0.019397284351148625,-0.018684523346017556,0.0012065658749072,0.001074130149377703,0.0014727006253924056,-1.0,False,False,0.0012268218904409522
984,49.2,transport,4.360229918172234,0.7303567702131045,0.9392500953342879,transport,0.0703610524155627,0.2150441124095678,0.9179224057155199,0.0703610524155627,0.2150441124095678,0.9179224057155199,0.07036105241556272,0.2150441124095678,1.09792240571552,0.06934870803924265,0.21571508284731447,1.0984123820270655,0.0010123443763200707,-0.0006709704377466652,-0.0004899763115455702,0.0013096256146214558,0.023520120921012855,-0.017411570053940673,-0.016037724711326362,0.001034856878922887,0.0016911081731527558,0.0014455421786659759,-1.0,False,False,0.0013637251450104347
985,49.25,transport,4.370094691742759,0.7320091610959396,0.9400667030145607,transport,0.07049404024794159,0.21492828474860867,0.9177203086989529,0.07049404024794159,0.21492828474860867,0.9177203086989529,0.0704940402479416,0.21492828474860867,1.0977203086989529,0.0694998422148765,0.2155341155479763,1.0981282288334118,0.000994198033065108,-0.0006058307993676293,-0.0004079201344588945,0.0012336367060483864,0.022906644173979196,-0.015735961974115975,-0.013841466562252158,0.0008669743180804081,0.0021767981218542153,0.001396026702114217,-1.0,False,False,0.001486658033290421
986,49.3,transport,4.379959465313284,0.7336615519787746,0.9391267281656548,transport,0.07037799984014384,0.21492588361880505,0.917670490958002,0.07037799984014384,0.21492588361880505,0.917670490958002,0.07037799984014385,0.21492588361880505,1.097670490958002,0.06961752192602658,0.21538349048395913,1.0978915186585854,0.0007604779141172774,-0.00045760686515408655,-0.00022102770058340937,0.0009146496298154308,0.017563152505347124,-0.012164638583425091,-0.009154757508196276,0.0007100611272370057,0.0025527361185997033,0.0013490589075986277,-1.0,False,False,0.0015243548524126948
987,49.35,transport,4.38982423888381,0.7353139428616097,0.9381867533167488,transport,0.07026195943234609,0.2149234824890014,0.917620673217051,0.07026195943234609,0.2149234824890014,0.917620673217051,0.0702619594323461,0.2149234824890014,1.097620673217051,0.06969422224187403,0.21527134776815285,1.0977212434735653,0.0005677371904720674,-0.0003478652791514547,-0.0001005702565142208,0.0006733870702497726,0.012888750126390514,-0.009200159899154792,-0.005416908830686573,0.000589311063967314,0.0026989700771026665,0.0012895362953739054,-1.0,False,False,0.0014651808753015866
988,49.4,transport,4.399689012454336,0.7369663337444449,0.9372467784678428,transport,0.07014591902454832,0.21492108135919774,0.9175708554761,0.07014591902454832,0.21492108135919774,0.9175708554761,0.07014591902454832,0.21492108135919774,1.0975708554761,0.06974903917463926,0.21519387102393012,1.0976019739013356,0.00039687984990906255,-0.00027278966473237576,-3.111842523573216e-05,0.0004825931752913564,0.009033935653485758,-0.007005328179102155,-0.0030077599493072427,0.0005160813159477728,0.00260939975459065,0.0012295173790841515,-1.0,False,False,0.0014046002029339077
989,49.45,transport,4.409553786024861,0.73861872462728,0.936629327817354,transport,0.07007703032227881,0.21487162866379922,0.9174298180794956,0.07007703032227881,0.21487162866379922,0.9174298180794956,0.07007703032227881,0.21487162866379922,1.0974298180794957,0.06977800112458667,0.21514270120989334,1.0975028885959692,0.00029902919769214664,-0.00027107254609412545,-7.307051647353902e-05,0.00041016836384108224,0.006559822952791061,-0.006444847202617954,-0.003443116436798732,0.0004676755939296521,0.0025004642760343065,0.0011918745166529397,-1.0,False,False,0.0013396189215719198
990,49.5,transport,4.419418559595385,0.7402711155101148,0.9362008315289607,transport,0.07003576596721653,0.21479461028927888,0.9172353386406226,0.07003576596721653,0.21479461028927888,0.9172353386406226,0.07003576596721654,0.21479461028927888,1.0972353386406226,0.06978141309388418,0.21510434113227248,1.0974024751114155,0.0002543528733323641,-0.00030973084299359965,-0.00016713647079291682,0.00043423862005015986,0.005155296852597524,-0.006961818412289378,-0.005350999106932264,0.0004525840797373443,0.002363287300992111,0.00117828528119118,-1.0,False,False,0.0012515716586544035
991,49.55,transport,4.429283333165912,0.74192350639295,0.9357723352405675,transport,0.06999450161215424,0.21471759191475853,0.9170408592017494,0.06999450161215424,0.21471759191475853,0.9170408592017494,0.06999450161215424,0.21471759191475853,1.0970408592017493,0.06977211519925229,0.21506733116011945,1.0972960864974994,0.0002223864129019537,-0.00034973924536091383,-0.0002552272957501156,0.00048673835772921855,0.004261770365401318,-0.007734984350278862,-0.007232318193324261,0.00047954180169012476,0.002148011370358922,0.0011923981215300184,-1.0,False,False,0.0011570257939162183
992,49.6,transport,4.439148106736437,0.7435758972757851,0.9354606872895039,transport,0.06997065228502436,0.21461829796673973,0.9168162331820138,0.06997065228502436,0.21461829796673973,0.9168162331820138,0.06997065228502437,0.21461829796673973,1.0968162331820137,0.06976192914060943,0.21502382728058342,1.0971788275457997,0.00020872314441494622,-0.00040552931384368884,-0.0003625943637859397,0.0005826611777442581,0.00397074171544165,-0.00898066386759433,-0.009597066309714464,0.0005418175663117098,0.0018826964930314688,0.0012315528373207883,-1.0,False,False,0.0010718353191965081
993,49.65,transport,4.449012880306962,0.7452282881586202,0.935496712552081,transport,0.069998620030052,0.21445272476819072,0.916501908336533,0.069998620030052,0.21445272476819072,0.916501908336533,0.06999862003005199,0.21445272476819072,1.096501908336533,0.06975657701806459,0.21496235774809908,1.0970320575413721,0.00024204301198739453,-0.0005096329799083588,-0.0005301492048390699,0.0007741891069071573,0.00473381778885118,-0.011422050247854032,-0.013538384185332042,0.0006348437599391894,0.0015954613594301662,0.0012832771551538823,-1.0,False,False,0.0010063493540751313
994,49.7,transport,4.458877653877488,0.7468806790414554,0.9355327378146582,transport,0.07002658777507964,0.2142871515696417,0.9161875834910522,0.07002658777507964,0.2142871515696417,0.9161875834910522,0.07002658777507963,0.2142871515696417,1.0961875834910522,0.0697632624057254,0.214878429851489,1.0968468342443454,0.00026332536935422257,-0.0005912782818472961,-0.0006592507532932057,0.0009238840903747004,0.0054002151403007015,-0.01350412356914743,-0.016889481006399087,0.0007666314734359193,0.0012907499976335063,0.0013405956576598005,-1.0,False,False,0.0009750349978898017
995,49.75,transport,4.468742427448013,0.7485330699242903,0.9355687630772352,transport,0.07005455552010727,0.21412157837109275,0.9158732586455715,0.07005455552010727,0.21412157837109275,0.9158732586455715,0.07005455552010727,0.21412157837109275,1.0958732586455715,0.06978249321077702,0.2147743822577529,1.0966274232682618,0.00027206230933024544,-0.0006528038866601416,-0.0007541646226902898,0.0010338931727767043,0.005825862287637262,-0.015137029607925068,-0.019471511975477362,0.0009200512645575293,0.0010116151160010568,0.0013902926008952656,-1.0,False,False,0.00097103119258485
996,49.8,transport,4.478607201018538,0.7501854608071253,0.9356837195091458,transport,0.07009431069597614,0.21393676106639586,0.9155892289635171,0.07009431069597614,0.21393676106639586,0.9155892289635171,0.07009431069597614,0.21393676106639586,1.0955892289635172,0.06981247347594001,0.21465176241398903,1.0963851598480603,0.0002818372200361352,-0.0007150013475931694,-0.0007959308845431057,0.001106419955815745,0.006236349703982458,-0.016752423827140484,-0.020763886094892214,0.0010788033749469838,0.00076869624057878,0.0014201745230126024,-1.0,False,False,0.0009857251620990983
997,49.85,transport,4.488471974589064,0.7518378516899605,0.9358102083395486,transport,0.0701357880983217,0.21374913206256158,0.9153096256177249,0.0701357880983217,0.21374913206256158,0.9153096256177249,0.0701357880983217,0.21374913206256158,1.0953096256177248,0.06985127208829865,0.21451242615374086,1.0961310132491338,0.0002845160100230504,-0.000763294091179284,-0.0008213876314089319,0.0011568253414497025,0.006466292447633859,-0.01805260702854916,-0.02151068460670924,0.0012371284188824746,0.0005575850086286526,0.0014301148954287235,-1.0,False,False,0.001012272450205198
998,49.9,transport,4.4983367481595895,0.7534902425727956,0.9359366971699515,transport,0.07017726550066726,0.21356150305872731,0.9150300222719326,0.07017726550066726,0.21356150305872731,0.9150300222719326,0.07017726550066726,0.21356150305872731,1.0950300222719327,0.06989673444188615,0.21435975235105037,1.0958711994909032,0.0002805310587811055,-0.0007982492923230555,-0.0008411772189704791,0.0011930962749711427,0.0065198682473721625,-0.0190184619002709,-0.022019819544021324,0.0013908041008425622,0.00037356994865464423,0.0014229868236633185,-1.0,False,False,0.0010445401622738723
999,49.95,transport,4.508201521730115,0.7551426334556306,0.9361077273399955,transport,0.0702253749467279,0.21336329062134324,0.9147610943475375,0.0702253749467279,0.21336329062134324,0.9147610943475375,0.07022537494672791,0.21336329062134324,1.0947610943475374,0.0699475156206148,0.21419591743533026,1.0956099184538972,0.00027785932611311404,-0.0008326268139870197,-0.0008488241063597801,0.0012210551093278666,0.0065728100968351355,-0.019929234594142642,-0.02220210286731472,0.0015339829377068429,0.00020936403268302745,0.0014026117249814696,-1.0,False,False,0.0010792591963249636
1000,50.0,transport,4.51806629530064,0.7567950243384657,0.9363244736120325,transport,0.07028029135435153,0.2131542156160279,0.9145031234050682,0.07028029135435153,0.2131542156160279,0.9145031234050682,0.07028029135435153,0.2131542156160279,1.0945031234050682,0.07000309365887032,0.2140214482930232,1.0953506466208678,0.0002771976954812072,-0.0008672326769952887,-0.0008475232157996171,0.0012438756689266942,0.0066555146747346305,-0.020834036386047083,-0.022135900976580913,0.001661512040709718,6.024722535847606e-05,0.0013765717060223402,-1.0,False,False,0.001113645819865406
1001,50.05,transport,4.527931068871165,0.7584474152213008,0.9365412198840696,transport,0.07033520776197516,0.21294514061071257,0.9142451524625991,0.07033520776197516,0.21294514061071257,0.9142451524625991,0.07033520776197517,0.21294514061071257,1.094245152462599,0.07006285017625347,0.21383716499804217,1.095094810335444,0.0002723575857217081,-0.0008920243873296041,-0.0008496578728451887,0.0012616674137738218,0.006642282062097049,-0.021526153646212465,-0.022109883165377653,0.0017674525670516505,-7.621535118311152e-05,0.0013531927770577751,-1.0,False,False,0.001144843564377291
1002,50.1,transport,4.537795842441691,0.7600998061041359,0.9367605401527674,transport,0.07039037018423269,0.21273708204313668,0.9139922631755667,0.07039037018423269,0.21273708204313668,0.9139922631755667,0.0703903701842327,0.21273708204313668,1.0939922631755667,0.07012587106244253,0.21364487090216228,1.0948426956301514,0.00026449912179017654,-0.0009077888590255934,-0.0008504324545846043,0.0012717215724401148,0.006550400159584802,-0.022001659098109805,-0.022050943197546857,0.0018498331025495543,-0.0002029415972055293,0.0013340162474347749,-1.0,False,False,0.0011711833013958513
1003,50.15,transport,4.547660616012217,0.761752196986971,0.9369997735298168,transport,0.07044743583975208,0.21253688690255979,0.9137786868980885,0.07044743583975208,0.21253688690255979,0.9137786868980885,0.07044743583975209,0.21253688690255979,1.0937786868980885,0.07019106367216202,0.21344730642466453,1.09459835811522,0.00025637216759007153,-0.000910419522104744,-0.0008196712171315568,0.001251579521539958,0.006431295546191207,-0.02215967999204982,-0.02128017464125609,0.001909768238461468,-0.00032296527834330076,0.0013172547233630844,-1.0,False,False,0.0011914865323168263
1004,50.2,transport,4.557525389582742,0.763404587869806,0.9372390069068661,transport,0.07050450149527145,0.21233669176198292,0.9135651106206104,0.07050450149527145,0.21233669176198292,0.9135651106206104,0.07050450149527145,0.21233669176198292,1.0935651106206103,0.07025755389516336,0.2132467630796445,1.0943645469756746,0.0002469476001080856,-0.000910071317661576,-0.000799436355064298,0.0012362489256731066,0.006268756462188552,-0.022212293253632276,-0.02066494989219514,0.001948654724894066,-0.00043540183291863394,0.0013006654580669946,-1.0,False,False,0.001206510255308064
1005,50.25,transport,4.567390163153267,0.7650569787526411,0.9374782402839154,transport,0.07056156715079083,0.21213649662140605,0.9133515343431323,0.07056156715079083,0.21213649662140605,0.9133515343431323,0.07056156715079083,0.21213649662140605,1.0933515343431324,0.07032478318851794,0.21304467072027802,1.0941399151580835,0.00023678396227289067,-0.0009081740988719778,-0.0007883808149511395,0.0012257206647660803,0.006080265112549388,-0.022205329164768917,-0.020260252650845523,0.001970824010319147,-0.000538679931795248,0.0012838787466442241,-1.0,False,False,0.0012184004886696429
1006,50.3,transport,4.577254936723793,0.7667093696354762,0.9377151760509781,transport,0.07061747554520466,0.21194512047524827,0.913145707287379,0.07061747554520466,0.21194512047524827,0.913145707287379,0.07061747554520466,0.21194512047524827,1.093145707287379,0.0703921215967199,0.21284300698596656,1.0939229709179477,0.00022535394848476054,-0.0008978865107182876,-0.0007772636305687364,0.0012087693492277287,0.00585384713373438,-0.021991004900595024,-0.019884157414091774,0.0019823640335202733,-0.0006335014044233655,0.0012676386757907608,-1.0,False,False,0.001228016520112783
1007,50.35,transport,4.587119710294318,0.7683617605183113,0.9379512852929544,transport,0.07067296763513653,0.2117569168083915,0.9129426678788735,0.07067296763513653,0.2117569168083915,0.9129426678788735,0.07067296763513652,0.2117569168083915,1.0929426678788734,0.07045903101516207,0.21264347389446442,1.0937125322502463,0.00021393661997444469,-0.0008865570860729088,-0.0007698643713729414,0.001193500521383058,0.005616920768332367,-0.021721803551500996,-0.01960606078148519,0.0019863320902617295,-0.0007208144674613975,0.0012518025504744954,-1.0,False,False,0.0012364299992352118
1008,50.4,transport,4.596984483864843,0.7700141514011463,0.9381873945349306,transport,0.07072845972506839,0.21156871314153475,0.9127396284703679,0.07072845972506839,0.21156871314153475,0.9127396284703679,0.0707284597250684,0.21156871314153475,1.0927396284703679,0.0705252685943397,0.21244667407051585,1.0935070737117276,0.0002031911307286971,-0.0008779609289810975,-0.0007674452413597432,0.001183669813296712,0.0053885741981266055,-0.02149521505859342,-0.01945807559756929,0.001985865225255378,-0.0008011755821300083,0.0012367269568321017,-1.0,False,False,0.0012453800195997798
1009,50.45,transport,4.606849257435369,0.7716665422839815,0.938472193440125,transport,0.07078981259837484,0.21139120323661428,0.9125109155961649,0.07078981259837484,0.21139120323661428,0.9125109155961649,0.07078981259837484,0.21139120323661428,1.092510915596165,0.07059135727876185,0.21225372921095176,1.0933017543397625,0.000198455319612989,-0.0008625259743374747,-0.0007908387435975328,0.001186912586783217,0.005290880080702776,-0.021109416678031234,-0.019923162311252796,0.00198512966231297,-0.0008753189986320152,0.0012235041672640228,-1.0,False,False,0.0012536172580803375
1010,50.5,transport,4.616714031005894,0.7733189331668164,0.9388449132825959,transport,0.0708617485304541,0.2112330034996086,0.9122358430838363,0.0708617485304541,0.2112330034996086,0.9122358430838363,0.07086174853045409,0.2112330034996086,1.0922358430838361,0.07065852767890371,0.21206716007175444,1.093086442536574,0.00020322085155037584,-0.0008341565721458333,-0.0008505994527379102,0.0012085674703370842,0.0054078250338446265,-0.020414514226863023,-0.021318225118527323,0.0019834973292254996,-0.0009394577590309206,0.0012121808375730756,-1.0,False,False,0.0012567119011111247
1011,50.55,transport,4.62657880457642,0.7749713240496516,0.9392176331250669,transport,0.07093368446253338,0.2110748037626029,0.9119607705715076,0.07093368446253338,0.2110748037626029,0.9119607705715076,0.07093368446253338,0.2110748037626029,1.0919607705715075,0.07072687608270957,0.21188776613840873,1.0928553095319493,0.00020680837982381406,-0.0008129623758058313,-0.0008945389604417819,0.0012263268251936253,0.005503135672593473,-0.01984712618303075,-0.02251343930133043,0.0019755904828586465,-0.0009849897834373724,0.0012017223390366376,-1.0,False,False,0.0012555103284577808
1012,50.6,transport,4.636443578146945,0.7766237149324867,0.9395903529675379,transport,0.07100562039461265,0.2109166040255972,0.9116856980591789,0.07100562039461265,0.2109166040255972,0.9116856980591789,0.07100562039461263,0.2109166040255972,1.091685698059179,0.07079580979104093,0.21171465352597232,1.0926097027319912,0.00020981060357169734,-0.0007980495003751253,-0.0009240046728122842,0.0012388253023727935,0.0055748862380611275,-0.01942324225623071,-0.023392229455407865,0.001963872213401091,-0.001012788485535416,0.0011927657575796842,-1.0,False,False,0.00125317249859755
1013,50.65,transport,4.646308351717471,0.7782761058153217,0.9398112550800034,transport,0.07104994992897735,0.21085644050172506,0.9114299369345586,0.07104994992897735,0.21085644050172506,0.9114299369345586,0.07104994992897733,0.21085644050172506,1.0914299369345586,0.0708617822241449,0.21155751121481978,1.0923553595117488,0.0001881677048324315,-0.0007010707130947202,-0.0009254225771901936,0.0011761437736409544,0.005082802758727967,-0.01716426048494535,-0.023595315948652384,0.001953741126812062,-0.0010281071379698154,0.0011864470351530894,-1.0,False,False,0.0012412408003101428
1014,50.7,transport,4.656173125287996,0.7799284966981568,0.9400286444462554,transport,0.07109364070877076,0.21079854533173006,0.9111746226352468,0.07109364070877076,0.21079854533173006,0.9111746226352468,0.07109364070877076,0.21079854533173006,1.0911746226352468,0.0709222888494497,0.21142292488743183,1.0920974820097764,0.0001713518593210589,-0.0006243795557017706,-0.0009228593745296276,0.0011273334530778106,0.004637169692517373,-0.015179317661794256,-0.023614737530039953,0.0019254170082573373,-0.0010392647099350836,0.0011727800750418495,-1.0,False,False,0.0012211531768727304
1015,50.75,transport,4.666037898858521,0.7815808875809919,0.9402460338125075,transport,0.07113733148856419,0.21074065016173507,0.9109193083359352,0.07113733148856419,0.21074065016173507,0.9109193083359352,0.07113733148856417,0.21074065016173507,1.0909193083359352,0.0709773744341627,0.21130936068333295,1.0918383993451317,0.00015995705440147168,-0.000568710521597876,-0.0009190910091965154,0.0010925869300951723,0.004300852782289366,-0.013645494513935263,-0.023563473476824193,0.0018813288251689065,-0.0010473028918247442,0.0011526572907458478,-1.0,False,False,0.0012008870196081503
1016,50.8,transport,4.6759026724290464,0.783233278463827,0.940334272107736,transport,0.07115964965244354,0.21073507841199818,0.9107391099848918,0.07115964965244354,0.21073507841199818,0.9107391099848918,0.07115964965244352,0.21073507841199818,1.0907391099848918,0.07102507277525168,0.21121924861149938,1.0915880513268772,0.0001345768771918443,-0.00048417019950119933,-0.0008489413419854319,0.0009865257827810514,0.003645504365616392,-0.01148564542669539,-0.021985787204799045,0.0018388929432919378,-0.0010491772089527254,0.0011341157184250061,-1.0,False,False,0.00118118965212012
1017,50.85,transport,4.685767445999573,0.7848856693466622,0.9403358192284031,transport,0.07116762169311724,0.2107646281577572,0.9106093323522528,0.07116762169311724,0.2107646281577572,0.9106093323522528,0.07116762169311723,0.2107646281577572,1.0906093323522528,0.07106280970546805,0.21115710234933055,1.0913603728015315,0.00010481198764918098,-0.0003924741915733443,-0.0007510404492787615,0.000853863748064623,0.0028509783573110736,-0.009092409074843433,-0.019574379492488525,0.0017982529672568369,-0.0010492386566171798,0.0011163424583499264,-1.0,False,False,0.0011603743180098136
1018,50.9,transport,4.695632219570098,0.7865380602294971,0.9403373663490702,transport,0.07117559373379095,0.21079417790351623,0.9104795547196138,0.07117559373379095,0.21079417790351623,0.9104795547196138,0.07117559373379094,0.21079417790351623,1.0904795547196138,0.071090833399264,0.2111218205479093,1.0911595371646283,8.47603345269371e-05,-0.0003276426443930558,-0.0006799824450145486,0.0007595460106286888,0.0022556805664578072,-0.007258488916286332,-0.017616361638355116,0.0017526883215150464,-0.0010509577252874086,0.001099748034265325,-1.0,False,False,0.00113874161427731
1019,50.95,transport,4.705496993140623,0.7881904511123322,0.9404736129279909,transport,0.0712017735031296,0.21082701557401318,0.9103568874991469,0.0712017735031296,0.21082701557401318,0.9103568874991469,0.0712017735031296,0.21082701557401318,1.090356887499147,0.07111270437556041,0.2111077957574026,1.0909812856362369,8.90691275691885e-05,-0.000280780183389423,-0.000624398137089921,0.0006903939849618463,0.00221880207731201,-0.005896099477922245,-0.016052993309627617,0.0016949200957476495,-0.0010543483152084655,0.0010965971710684935,-1.0,False,False,0.0011155949839941244
1020,51.0,transport,4.7153617667111485,0.7898428419951673,0.9410892952520157,transport,0.07129276003615014,0.21087155595413504,0.9102595283667891,0.07129276003615014,0.21087155595413504,0.9102595283667891,0.07129276003615014,0.21087155595413504,1.090259528366789,0.07113598117070274,0.2111099461160718,1.090819271681242,0.00015677886544739061,-0.00023839016193677454,-0.0005597433144528541,0.0006282690984235014,0.0036011132117944045,-0.0047247960653512555,-0.014435145388955739,0.0016301172672922109,-0.0010432347033094457,0.0011102196728296758,-1.0,False,False,0.0010745636520024698
1021,51.05,transport,4.725226540281674,0.7914952328780024,0.9417049775760403,transport,0.07138374656917067,0.21091609633425687,0.9101621692344313,0.07138374656917067,0.21091609633425687,0.9101621692344313,0.07138374656917067,0.21091609633425687,1.0901621692344312,0.07116517313531828,0.21111969407077605,1.0906670777241787,0.00021857343385238426,-0.00020359773651917878,-0.0005049084897474909,0.000586650634808186,0.004955307969358447,-0.003876995636298841,-0.013142048936214401,0.0015508221707091663,-0.0009678577049405403,0.001130022223960077,-1.0,False,False,0.0010078641663962707
1022,51.1,transport,4.735091313852199,0.7931476237608374,0.9423206599000651,transport,0.07147473310219121,0.2109606367143787,0.9100648101020735,0.07147473310219121,0.2109606367143787,0.9100648101020735,0.0714747331021912,0.2109606367143787,1.0900648101020736,0.07119964676250472,0.21113313090345331,1.0905203225434135,0.0002750863396864811,-0.00017249418907461234,-0.0004555124413399003,0.0005593910293900415,0.00619119933745832,-0.003181147127946926,-0.012045352442102697,0.001447638791846393,-0.0008161000448422031,0.0011408257346206172,-1.0,False,False,0.0009266933239397125
1023,51.15,transport,4.744956087422725,0.7948000146436726,0.9426454400639097,transport,0.07152116836451466,0.21107086487597518,0.9100982840090138,0.07152116836451466,0.21107086487597518,0.9100982840090138,0.07152116836451465,0.21107086487597518,1.0900982840090139,0.0712352835523923,0.21114804032217585,1.0903923492937155,0.0002858848121223556,-7.71754462006724e-05,-0.00029406528470166116,0.0004173254928292501,0.006430432040198664,-0.0012453205495627229,-0.008440770687991872,0.0013219179968371102,-0.0006073259515713191,0.0011483597279267005,-1.0,False,False,0.0008489525129825834
1024,51.2,transport,4.7548208609932505,0.7964524055265076,0.9429149360830281,transport,0.07155913693516616,0.21119357659154575,0.9101566219206596,0.07155913693516616,0.21119357659154575,0.9101566219206596,0.07155913693516615,0.21119357659154575,1.0901566219206595,0.07126892247179835,0.21116475281548258,1.0902985617190561,0.00029021446336779944,2.8823776063169326e-05,-0.00014193979839660642,0.00032434881097865735,0.0064770676554770645,0.0009107253873980037,-0.004714547461119878,0.0011900511670419125,-0.00037125249660929717,0.0011527494440602953,-1.0,False,False,0.0007848629196501804
1025,51.25,transport,4.764685634563775,0.7981047964093426,0.9431844321021465,transport,0.07159710550581765,0.2113162883071163,0.9102149598323053,0.07159710550581765,0.2113162883071163,0.9102149598323053,0.07159710550581765,0.2113162883071163,1.0902149598323052,0.07129839007712892,0.21118988105433512,1.090239239125286,0.00029871542868872836,0.00012640725278117992,-2.4279292980766698e-05,0.0003252678664731913,0.006563660680385941,0.003030709832674283,-0.0016720377350187832,0.0010628844126467677,-0.00012174016878748758,0.0011486928515592636,-1.0,False,False,0.00073435509022043
1026,51.3,transport,4.774550408134301,0.7997571872921778,0.9435731556038265,transport,0.07165279277339313,0.21141585932890128,0.9102368712563302,0.07165279277339313,0.21141585932890128,0.9102368712563302,0.07165279277339313,0.21141585932890128,1.0902368712563302,0.07132387702162561,0.2112279125003294,1.090202942610845,0.0003289157517675223,0.00018794682857187217,3.3928645485126196e-05,0.0003803429177932388,0.007088053925284332,0.004519565491323263,-4.7357379115986475e-05,0.0009421284150863066,0.00013936564561087446,0.0011180701500536766,-1.0,False,False,0.0006994263399103946
1027,51.35,transport,4.784415181704826,0.8014095781750128,0.9441011234092418,transport,0.07172917348817788,0.21148840462033533,0.9102162406355403,0.07172917348817788,0.21148840462033533,0.9102162406355403,0.07172917348817788,0.21148840462033533,1.0902162406355402,0.07134837160002463,0.21127618265549775,1.0901726789170831,0.00038080188815324545,0.00021222196483758338,4.356171845709689e-05,0.0004381162673258512,0.00810592933104537,0.0052098424001184584,0.00026596049390370524,0.000823947699329473,0.0004160431040280463,0.001051098065930187,-1.0,False,False,0.0006927289528273661
1028,51.4,transport,4.794279955275352,0.8030619690578479,0.9446290912146571,transport,0.07180555420296264,0.21156094991176935,0.9101956100147505,0.07180555420296264,0.21156094991176935,0.9101956100147505,0.07180555420296265,0.21156094991176935,1.0901956100147505,0.07137422372960645,0.21133024294688255,1.0901383905951252,0.000431330473356209,0.00023070696488680653,5.7219419625331724e-05,0.0004924893327527341,0.009143652058760388,0.0056953451254321275,0.00045862195334755995,0.0007016622494748507,0.0007129314341711585,0.0009585887888838173,-1.0,False,False,0.0007266714995376442
1029,51.45,transport,4.804144728845878,0.8047143599406831,0.9451800773822274,transport,0.0718854682159367,0.211627342880212,0.9101630795429125,0.0718854682159367,0.211627342880212,0.9101630795429125,0.07188546821593671,0.211627342880212,1.0901630795429125,0.07140291023671388,0.21138661954297233,1.090097110351335,0.0004825579792228224,0.00024072333723967887,6.596919157741965e-05,0.0005432880107648247,0.010224889726605235,0.005941998666589288,0.0004937789557457606,0.0005724710530851475,0.0010265146911157005,0.0008548393739553499,-1.0,False,False,0.000801933173502906
1030,51.5,transport,4.814009502416402,0.806366750823518,0.9459878975248962,transport,0.07200480601645293,0.21162508954101006,0.9099977730713241,0.07200480601645293,0.21162508954101006,0.9099977730713241,0.07200480601645291,0.21162508954101006,1.0899977730713242,0.07143846249664733,0.21143910264442536,1.0900325421064987,0.0005663435198055844,0.00018598689658469447,-3.476903517452001e-05,0.0005971138869042917,0.012037915594780568,0.004769399960754539,-0.00198674560021761,0.00043750779874672524,0.0013482594155214552,0.0007504470224814713,-1.0,False,False,0.0009138153925959328
1031,51.55,transport,4.8238742759869275,0.808019141706353,0.946795717667565,transport,0.07212414381696916,0.21162283620180808,0.9098324665997356,0.07212414381696916,0.21162283620180808,0.9098324665997356,0.07212414381696915,0.21162283620180808,1.0898324665997356,0.0714837011084794,0.21148167735345264,1.0899331390073494,0.000640442708489744,0.0001411588483554438,-0.00010067240761379992,0.0006634965086430173,0.013713626406436363,0.003674671147654296,-0.004001510135260844,0.00029239591180009445,0.0016768508289077791,0.0006655150000825829,-1.0,False,False,0.0010507436471390856
1032,51.6,transport,4.833739049557454,0.8096715325891882,0.9476035378102339,transport,0.07224348161748542,0.2116205828626061,0.9096671601281471,0.07224348161748542,0.2116205828626061,0.9096671601281471,0.07224348161748541,0.2116205828626061,1.0896671601281471,0.0715387863801214,0.21151271095208907,1.0898033616293858,0.0007046952373640086,0.00010787191051703227,-0.00013620150123871966,0.0007257978889345106,0.015195610180120112,0.0027781101830692823,-0.005319577584046442,0.00013488355579744995,0.0020038261657936976,0.0006186565862160973,-1.0,False,False,0.0011991205214287152
1033,51.65,transport,4.843603823127979,0.8113239234720233,0.94805634338077,transport,0.07231294024534607,0.21163149989779967,0.9094859444357921,0.07231294024534607,0.21163149989779967,0.9094859444357921,0.07231294024534606,0.21163149989779967,1.089485944435792,0.07159849763765437,0.21153386852688283,1.0896506702703426,0.0007144426076916843,9.763137091683971e-05,-0.00016472583455051648,0.0007396585190753633,0.01548307730449311,0.0023757789142120345,-0.006348343871875883,-3.0916164120080245e-05,0.0023181112930378556,0.0006139742042890384,-1.0,False,False,0.0013331343129043653
1034,51.7,transport,4.853468596698504,0.8129763143548584,0.9483593257865568,transport,0.07236134887670248,0.21164797509124297,0.9092980147378976,0.07236134887670248,0.21164797509124297,0.9092980147378976,0.07236134887670247,0.21164797509124297,1.0892980147378977,0.0716579004999778,0.21154915326213455,1.0894832147796438,0.0007034483767246608,9.882182910841975e-05,-0.00018520004174615856,0.0007341011020885835,0.015257024780961914,0.002282131287202893,-0.00705311064889802,-0.00018998886420933778,0.0025808780741437757,0.0006418418674816544,-1.0,False,False,0.0014348037488772264
1035,51.75,transport,4.86333337026903,0.8146287052376934,0.9486623081923437,transport,0.07240975750805889,0.21166445028468625,0.909110085040003,0.07240975750805889,0.21166445028468625,0.909110085040003,0.0724097575080589,0.21166445028468625,1.089110085040003,0.07171601164965877,0.21156237202719572,1.0893079004597683,0.0006937458584001382,0.00010207825749053434,-0.00019781541976526817,0.0007285837131013552,0.015037140161621998,0.0023059404510339387,-0.0074625947928153025,-0.0003307131488608067,0.0027664825138607025,0.0006869137535688968,-1.0,False,False,0.0015038210937956494
1036,51.8,transport,4.873198143839555,0.8162810961205285,0.9488784929601762,transport,0.07244584979812398,0.21168516918807917,0.9089490510656212,0.07244584979812398,0.21168516918807917,0.9089490510656212,0.072445849798124,0.21168516918807917,1.0889490510656212,0.07177228775002556,0.21157601992562675,1.0891326301652786,0.0006735620480984444,0.00010914926245242373,-0.00018357909965738273,0.0007066121142207333,0.014596762969304733,0.0024559432176690654,-0.007176987882941965,-0.00045223640615467506,0.002880327261868656,0.0007383147201996513,-1.0,False,False,0.0015420833518604812
1037,51.85,transport,4.88306291741008,0.8179334870033635,0.9489137453676169,transport,0.07245626829390436,0.21171473423609186,0.9088440820586081,0.07245626829390436,0.21171473423609186,0.9088440820586081,0.07245626829390438,0.21171473423609186,1.088844082058608,0.07182449580113846,0.2115918545474568,1.0889702765087894,0.0006317724927659141,0.00012287968863505805,-0.00012619445018136055,0.0006558665563598144,0.013679610877576354,0.0027742862093022014,-0.005770962133411217,-0.0005541646021626337,0.002929649318086431,0.0007887589765490217,-1.0,False,False,0.0015462604594243608
1038,51.9,transport,4.892927690980606,0.8195858778861987,0.9489489977750575,transport,0.07246668678968475,0.21174429928410457,0.908739113051595,0.07246668678968475,0.21174429928410457,0.908739113051595,0.07246668678968475,0.21174429928410457,1.088739113051595,0.07187469398534148,0.21161241534081662,1.0888270971435443,0.0005919928043432721,0.00013188394328794706,-8.798409194921142e-05,0.000612854024485046,0.012843819770925746,0.0030488947329554428,-0.004623269143886333,-0.0006308966627181744,0.002911308172742322,0.0008306261239641867,-1.0,False,False,0.0015347424364654026
1039,51.95,transport,4.902792464551132,0.8212382687690338,0.9489842501824981,transport,0.07247710528546514,0.21177386433211726,0.908634144044582,0.07247710528546514,0.21177386433211726,0.908634144044582,0.07247710528546515,0.21177386433211726,1.088634144044582,0.07192484438112152,0.2116391299910154,1.0886964918766244,0.0005522609043436266,0.00013473434110186644,-6.23478320425086e-05,0.0005718677305977277,0.012048226002473461,0.003228979826012668,-0.003859061979247791,-0.0006927229571133683,0.0028643276744742202,0.0008587777728145139,-1.0,False,False,0.0015337434921125805
1040,52.0,transport,4.912657238121657,0.8228906596518688,0.9496209016893611,transport,0.0725716415216549,0.2117751093533464,0.9085503058755028,0.0725716415216549,0.2117751093533464,0.9085503058755028,0.07257164152165492,0.2117751093533464,1.0885503058755028,0.07197562536023379,0.21166726926312873,1.0885766317645533,0.0005960161614211312,0.00010784009021766461,-2.63258890504936e-05,0.0006062654551989853,0.0129359428106679,0.0027195872466201365,-0.002923720022431908,-0.0007577507679447931,0.0028420574400712492,0.0008706317702711688,-1.0,False,False,0.0015442442325520095
1041,52.05,transport,4.922522011692182,0.8245430505347039,0.9502924396526933,transport,0.07267105732931711,0.21177471156303404,0.908467693481551,0.07267105732931711,0.21177471156303404,0.908467693481551,0.07267105732931713,0.21177471156303404,1.088467693481551,0.07203129415943477,0.2116909003591455,1.0884658222846284,0.0006397631698823597,8.381120388853414e-05,1.8711969225204683e-06,0.0006452323091825868,0.013908639381666754,0.0021488459981061636,-0.002178765660048043,-0.0008249707970610499,0.002843917943865428,0.0008776758579551307,-1.0,False,False,0.0015720010848794513
1042,52.1,transport,4.9323867852627075,0.826195441417539,0.9509639776160255,transport,0.0727704731369793,0.21177431377272166,0.9083850810875993,0.0727704731369793,0.21177431377272166,0.9083850810875993,0.07277047313697933,0.21177431377272166,1.0883850810875992,0.07209321059413214,0.21170793060621867,1.0883608572501386,0.0006772625428471957,6.638316650298126e-05,2.4223837460590758e-05,0.0006809391096420658,0.014783579550891324,0.001668268271522999,-0.001614823940583321,-0.0008918838193932701,0.0028780421010956535,0.0008978677856310883,-1.0,False,False,0.0016160951462903409
1043,52.15,transport,4.942251558833234,0.8278478323003742,0.9514046736333439,transport,0.07283570262852769,0.21180880755574025,0.9083437217403031,0.07283570262852769,0.21180880755574025,0.9083437217403031,0.07283570262852769,0.21180880755574025,1.0883437217403031,0.07215920771640659,0.21172390509857458,1.0882638803643003,0.0006764949121211006,8.490245716566425e-05,7.984137600280938e-05,0.000686460806368816,0.014849840687911064,0.0020175389904314445,-0.000342710196710172,-0.0009534764321765232,0.002942762484871349,0.0009370622916170117,-1.0,False,False,0.001674735871895631
1044,52.2,transport,4.952116332403759,0.8295002231832093,0.9516684680879226,transport,0.07287473405317668,0.21187003986680922,0.9083339759214282,0.07287473405317668,0.21187003986680922,0.9083339759214282,0.0728747340531767,0.21187003986680922,1.088333975921428,0.07222445813477868,0.21174638995413828,1.0881805080517766,0.0006502759183980161,0.00012364991267094227,0.0001534678696515357,0.0006794854361701181,0.014310526735402118,0.0029226953646926956,0.0014019111425556119,-0.001018426995755896,0.0030361834891106266,0.0009815076348270151,-1.0,False,False,0.0017443920887593974
1045,52.25,transport,4.961981105974283,0.8311526140660441,0.9519322625425012,transport,0.07291376547782569,0.2119312721778782,0.9083242301025533,0.07291376547782569,0.2119312721778782,0.9083242301025533,0.0729137654778257,0.2119312721778782,1.0883242301025533,0.0722848803722183,0.21177739924622013,1.0881123107951036,0.0006288851056074074,0.0001538729316580556,0.00021191930744968168,0.0006812364846526039,0.01378614686094043,0.003697644474798256,0.002874441015534579,-0.001096072067985467,0.0031544905576960237,0.0010096684507768805,-1.0,False,False,0.001818772791936672
1046,52.3,transport,4.9718458795448095,0.8328050049488793,0.9521349732666091,transport,0.07294449602902393,0.21199012057750755,0.908313556465603,0.07294449602902393,0.21199012057750755,0.908313556465603,0.07294449602902393,0.21199012057750755,1.088313556465603,0.0723382246760773,0.21181461625908105,1.0880571521249898,0.0006062713529466357,0.00017550431842650038,0.0002564043406132477,0.0006812561229636098,0.013192313136112799,0.004254426625748264,0.004024913409987896,-0.0011830010792015352,0.0032875417362874223,0.0010120848055043387,-1.0,False,False,0.001891131443252556
1047,52.35,transport,4.981710653115335,0.8344573958317144,0.9520723232510534,transport,0.07293916581736815,0.21203861275792715,0.9082988521892525,0.07293916581736815,0.21203861275792715,0.9082988521892525,0.07293916581736813,0.21203861275792715,1.0882988521892525,0.0723815087218976,0.2118555277477284,1.0880121480451108,0.0005576570954705373,0.000183085010198758,0.00028670414414166956,0.0006532234099878253,0.012018822825816677,0.004479929976922148,0.004834001285254352,-0.0012679368150222046,0.0034229656199051984,0.0009905327559916206,-1.0,False,False,0.0019523121484416595
1048,52.4,transport,4.99157542668586,0.8361097867145495,0.9520096732354976,transport,0.07293383560571234,0.21208710493834673,0.908284147912902,0.07293383560571234,0.21208710493834673,0.908284147912902,0.07293383560571236,0.21208710493834673,1.088284147912902,0.07241286630805271,0.21189819478708016,1.0879755737074555,0.0005209692976596431,0.00018891015126656918,0.00030857420544649905,0.0006342823461381201,0.011046537676295265,0.004631543812366745,0.00543999735582279,-0.00134072623855134,0.0035428312674568333,0.0009470431159148675,-1.0,False,False,0.0019969892824803605
1049,52.45,transport,5.001440200256386,0.8377621775973847,0.9519470232199417,transport,0.07292850539405656,0.21213559711876634,0.9082694436365516,0.07292850539405656,0.21213559711876634,0.9082694436365516,0.07292850539405656,0.21213559711876634,1.0882694436365516,0.07243287219050731,0.21194124381129942,1.0879462333944958,0.0004956332035492422,0.00019435330746692125,0.00032321024205583804,0.0006228084305415347,0.010312781720076825,0.004748046633723524,0.005877398581923821,-0.0013968440489860398,0.003635804869102275,0.0008840896074438269,-1.0,False,False,0.0020254054967600017
1050,52.5,transport,5.011304973826911,0.8394145684802196,0.9521875435378413,transport,0.07297053143132942,0.21209221605074852,0.9081750502913613,0.07297053143132942,0.21209221605074852,0.9081750502913613,0.07297053143132941,0.21209221605074852,1.0881750502913612,0.07244593784531946,0.21197340993414168,1.087913817401056,0.0005245935860099527,0.00011880611660683438,0.00026123289030510755,0.0005979598203919212,0.010753184816441885,0.003019444788981973,0.004576337937307606,-0.0014365176919849468,0.0037008258449158227,0.0008058378816113348,-1.0,False,False,0.0020336254827628595
1051,52.55,transport,5.021169747397436,0.8410669593630546,0.9525000618073138,transport,0.07302380379629597,0.21202701660223006,0.9080617321072733,0.07302380379629597,0.21202701660223006,0.9080617321072733,0.07302380379629596,0.21202701660223006,1.0880617321072732,0.07245871258524547,0.21198511645963422,1.08786822016791,0.0005650912110504863,4.190014259583541e-05,0.0001935119393632334,0.000598774222417913,0.011557319019530055,0.00107213336176748,0.002958294124342231,-0.0014418075911938185,0.003730189843569018,0.0007412186030317326,-1.0,False,False,0.0020221901291226623
1052,52.6,transport,5.031034520967962,0.8427193502458898,0.9528125800767864,transport,0.07307707616126252,0.21196181715371157,0.9079484139231851,0.07307707616126252,0.21196181715371157,0.9079484139231851,0.07307707616126251,0.21196181715371157,1.0879484139231852,0.0724758554505823,0.211977464275492,1.087807603681558,0.0006012207106802087,-1.5647121780426598e-05,0.00014081024162715394,0.0006176881895567732,0.012367271520340728,-0.0004659861184530545,0.0016038751055047484,-0.0014042201191288941,0.00372395867813879,0.0007192421663340811,-1.0,False,False,0.0019996639511867613
1053,52.65,transport,5.040899294538487,0.8443717411287249,0.952973096206795,transport,0.07310970573335673,0.2118907310941675,0.90781434840533,0.07310970573335673,0.2118907310941675,0.90781434840533,0.07310970573335675,0.2118907310941675,1.08781434840533,0.07249814317685485,0.2119548891685474,1.0877314975352943,0.0006115625565018962,-6.415807437989973e-05,8.285087003567781e-05,0.0006204750484015779,0.01267700565548896,-0.0017346636264897741,0.00013489447543868494,-0.0013378264114678315,0.003694663747298534,0.0007445159218448297,-1.0,False,False,0.001969889324456906
1054,52.7,transport,5.050764068109013,0.8460241320115599,0.9529313507107171,transport,0.07311486697593889,0.2118118120164674,0.9076526754506355,0.07311486697593889,0.2118118120164674,0.9076526754506355,0.07311486697593887,0.2118118120164674,1.0876526754506355,0.07252295873758315,0.2119210533096678,1.0876382658995574,0.0005919082383557261,-0.00010924129320039055,1.4409551078120586e-05,0.0006020769534999208,0.012334475981680415,-0.002861543041600134,-0.0015764416931762781,-0.0012567451356782565,0.003645077850032762,0.0008098487103075003,-1.0,False,False,0.0019287091954347678
1055,52.75,transport,5.060628841679538,0.847676522894395,0.9528896052146392,transport,0.07312002821852102,0.2117328929387673,0.9074910024959411,0.07312002821852102,0.2117328929387673,0.9074910024959411,0.07312002821852102,0.2117328929387673,1.087491002495941,0.07254782259523963,0.21188093283489898,1.0875296620300365,0.000572205623281391,-0.00014803989613168533,-3.8659534095542014e-05,0.0005923087419057815,0.01194138961875757,-0.0037632074180099506,-0.0029452680723274227,-0.0011662110545257386,0.0035637246776216397,0.0009052595432421722,-1.0,False,False,0.0018753282302594037
1056,52.8,transport,5.070493615250063,0.8493289137772301,0.952806342926388,transport,0.07311923998255879,0.2116574945924832,0.9073353404566213,0.07311923998255879,0.2116574945924832,0.9073353404566213,0.0731192399825588,0.2116574945924832,1.0873353404566213,0.07257187820055812,0.2118374843020693,1.0874104546378882,0.0005473617820006826,-0.0001799897095861036,-7.511418126693314e-05,0.000581070870186464,0.01142834774638335,-0.004468764848315487,-0.0038864314683051404,-0.0010635175779139725,0.0034503900085564626,0.001015461981146116,-1.0,False,False,0.0018139493378964374
1057,52.85,transport,5.0803583888205885,0.8509813046600652,0.95193489503738,transport,0.07300550242957966,0.21164893642485913,0.9072937940967127,0.07300550242957966,0.21164893642485913,0.9072937940967127,0.07300550242957969,0.21164893642485913,1.0872937940967127,0.07258916133557747,0.2118000764857153,1.0872978892338752,0.0004163410940022233,-0.00015114006085617526,-4.0951371624853294e-06,0.00044294468582313534,0.008672484580431461,-0.003770957544203535,-0.0023332108235107896,-0.0009486790039997067,0.003313786373223382,0.0011315815577451064,-1.0,False,False,0.001748201074093342
1058,52.9,transport,5.090223162391115,0.8526336955429004,0.951063447148372,transport,0.07289176487660054,0.21164037825723506,0.9072522477368041,0.07289176487660054,0.21164037825723506,0.9072522477368041,0.07289176487660055,0.21164037825723506,1.087252247736804,0.07259107307210352,0.21177383999920202,1.087205433611762,0.00030069180449703026,-0.00013346174196696148,4.681412504203841e-05,0.00033229378592442515,0.006052070820461719,-0.003193964569604968,-0.0009128299414218333,-0.0008438879034759032,0.0031631559480145323,0.0012276504538148412,-1.0,False,False,0.0016712227744203163
1059,52.95,transport,5.10008793596164,0.8542860864257353,0.950191999259364,transport,0.07277802732362143,0.21163182008961098,0.9072107013768955,0.07277802732362143,0.21163182008961098,0.9072107013768955,0.07277802732362144,0.21163182008961098,1.0872107013768955,0.07258206225167617,0.21175753625480465,1.0871409273297312,0.00019596507194527546,-0.00012571616519366224,6.97740471642394e-05,0.00024305407067398533,0.0037390850303584133,-0.002840398191820692,0.00010535530266864157,-0.0007544998586521987,0.002993085790323541,0.0012822283969799104,-1.0,False,False,0.0015963177871747228
1060,53.0,transport,5.109952709532164,0.8559384773085703,0.9499148484118031,transport,0.07275019195809353,0.21155438858253353,0.9070987160061218,0.07275019195809353,0.21155438858253353,0.9070987160061218,0.07275019195809353,0.21155438858253353,1.0870987160061218,0.07257428176268788,0.21174150924250967,1.0870941085047394,0.00017591019540565134,-0.00018712065997614213,4.607501382425383e-06,0.0002568652707287431,0.0033625941283471628,-0.00406295344542229,-0.0008442264721875148,-0.0006835749145070027,0.002833973298743354,0.0013016307421339086,-1.0,False,False,0.0015361979366637685
1061,53.05,transport,5.119817483102691,0.8575908681914055,0.9499290739716835,transport,0.07276447336082337,0.21144318933841746,0.9069521952691956,0.07276447336082337,0.21144318933841746,0.9069521952691956,0.07276447336082338,0.21144318933841746,1.0869521952691956,0.07256901207089152,0.21171428363008366,1.0870392166523657,0.00019546128993186418,-0.0002710942916661907,-8.702138317007169e-05,0.0003453548203871699,0.0038038319627101136,-0.005966398081844182,-0.002838264710876004,-0.0006163656732879907,0.0027054528659103765,0.0013191794986163361,-1.0,False,False,0.0014782762604034004
1062,53.1,transport,5.129682256673216,0.8592432590742406,0.9499432995315638,transport,0.07277875476355321,0.2113319900943014,0.9068056745322695,0.07277875476355321,0.2113319900943014,0.9068056745322695,0.07277875476355321,0.21133199009430137,1.0868056745322694,0.07256467955146546,0.21167240797855538,1.086966018902627,0.00021407521208774427,-0.00034041788425401287,-0.00016034437035750138,0.0004329236069513128,0.004194853853233815,-0.007645870715645708,-0.004670842401925945,-0.0005182427560511438,0.0025735273358537753,0.0013599942300256043,-1.0,False,False,0.0014099667919401147
1063,53.15,transport,5.139547030243741,0.8608956499570756,0.9499099033762846,transport,0.07278587974062746,0.21122874654499166,0.906660903997189,0.07278587974062746,0.21122874654499166,0.906660903997189,0.07278587974062746,0.21122874654499166,1.086660903997189,0.07256064434975572,0.21161827102900638,1.0868759294092232,0.00022523539087174194,-0.0003895244840147194,-0.00021502541203410885,0.0004986945285127139,0.004424003783239927,-0.008873228671274491,-0.006102298108756621,-0.0003760589183214116,0.002410280330178892,0.0014146214466772573,-1.0,False,False,0.0013287458414879187
1064,53.2,transport,5.149411803814267,0.8625480408399108,0.9497610323601537,transport,0.07277565155740483,0.21114479425278312,0.9065203774149758,0.07277565155740483,0.21114479425278312,0.9065203774149758,0.07277565155740483,0.21114479425278312,1.0865203774149759,0.07255637579009887,0.21155725821435314,1.086774238933459,0.00021927576730595977,-0.00041246396157001985,-0.00025386151848305616,0.0005316521910875336,0.004300144152982188,-0.009469535524465056,-0.007111039884946102,-0.00019783723812636593,0.002215176835430553,0.0014546869285410394,-1.0,False,False,0.001239794921716849
1065,53.25,transport,5.159276577384792,0.8642004317227457,0.9496121613440229,transport,0.07276542337418218,0.2110608419605746,0.9063798508327626,0.07276542337418218,0.2110608419605746,0.9063798508327626,0.07276542337418217,0.2110608419605746,1.0863798508327627,0.07255166868931141,0.21149343607520818,1.0866656622251167,0.00021375468487075389,-0.00043259411463358877,-0.00028581139235406283,0.0005608180501010839,0.00418095168166599,-0.009928325075571065,-0.007887762013925048,-4.911713410648651e-08,0.001997025885649121,0.0014697800520126819,-1.0,False,False,0.0011509735587096014
1066,53.3,transport,5.169141350955318,0.8658528226055809,0.949463290327892,transport,0.07275519519095953,0.21097688966836606,0.9062393242505494,0.07275519519095953,0.21097688966836606,0.9062393242505494,0.07275519519095953,0.21097688966836606,1.0862393242505495,0.07254662941029438,0.2114284830373964,1.086553014623713,0.0002085657806651514,-0.0004515933690303342,-0.0003136903731635332,0.0005880798466467869,0.004070530032962427,-0.010330928136842443,-0.008526759491345182,0.0002052528552313813,0.0017646994297745844,0.0014637854075537163,-1.0,False,False,0.0010701510324148678
1067,53.35,transport,5.179006124525843,0.867505213488416,0.9491776371983576,transport,0.07272180332541169,0.21095548151588572,0.9061415107067367,0.07272180332541169,0.21095548151588572,0.9061415107067367,0.07272180332541169,0.21095548151588572,1.0861415107067367,0.07254060591305544,0.21136933416040493,1.0864431985111311,0.00018119741235624043,-0.0004138526445192081,-0.0003016878043944349,0.0005432513644165785,0.0035034783023460414,-0.009460030430213373,-0.008230078339526159,0.0004131024574371168,0.0015241689944290636,0.001444696564955749,-1.0,False,False,0.0010020576788405556
1068,53.4,transport,5.1888708980963685,0.869157604371251,0.9488789431841822,transport,0.07268620302119048,0.21094003635732958,0.9060477694483463,0.07268620302119048,0.21094003635732958,0.9060477694483463,0.07268620302119048,0.21094003635732958,1.0860477694483464,0.07253315403205844,0.21132135907550484,1.086341777371892,0.000153048989132043,-0.00038132271817525876,-0.0002940079235456139,0.0005052441662983469,0.002911942162700798,-0.008585956061507027,-0.007908581255695601,0.0006032729148802427,0.0012870364820128685,0.0014128259804495104,-1.0,False,False,0.0009489797198780974
1069,53.45,transport,5.198735671666894,0.8708099952540861,0.9485802491700068,transport,0.0726506027169693,0.21092459119877344,0.9059540281899559,0.0726506027169693,0.21092459119877344,0.9059540281899559,0.07265060271696928,0.21092459119877344,1.0859540281899558,0.07252438740997444,0.21128419288753458,1.086248911960608,0.00012621530699484518,-0.0003596016887611464,-0.00029488377065223226,0.0004818714729819039,0.0023489736982168496,-0.00793535753462804,-0.007754983638723623,0.0007606210905638149,0.0010631044778004028,0.001376050311881762,-1.0,False,False,0.0009112470218281814
1070,53.5,transport,5.208600445237419,0.8724623861369212,0.948631532172602,transport,0.07266310712788109,0.21090607576330894,0.905817204780557,0.07266310712788109,0.21090607576330894,0.905817204780557,0.07266310712788109,0.21090607576330894,1.085817204780557,0.07251436228784156,0.21125400976484537,1.0861559621129857,0.00014874484003953026,-0.00034793400153643184,-0.00033875733242871853,0.0005078775710127003,0.0027743943581329256,-0.007562342484512818,-0.00863414360102066,0.000886849064364307,0.0008529701058508631,0.001344405175058413,-1.0,False,False,0.0008882276547909846
1071,53.55,transport,5.218465218807944,0.8741147770197563,0.9489883100922302,transport,0.07271760214175892,0.2108848802833145,0.9056427749641164,0.07271760214175892,0.2108848802833145,0.9056427749641164,0.07271760214175892,0.2108848802833145,1.0856427749641164,0.07251110986221093,0.21122822751456435,1.0860490506113938,0.00020649227954798455,-0.00034334723124984645,-0.0004062756472773543,0.0005706016861966776,0.0040647970783472265,-0.007382589630617331,-0.010263742977385526,0.0009942173485775016,0.0006436981928476535,0.001324000742920546,-1.0,False,False,0.0008842559339868737
1072,53.6,transport,5.2283299923784705,0.8757671679025915,0.9493450880118585,transport,0.07277209715563675,0.21086368480332007,0.9054683451476758,0.07277209715563675,0.21086368480332007,0.9054683451476758,0.07277209715563675,0.21086368480332007,1.0854683451476759,0.07251845316959415,0.21120479967797953,1.085920716629051,0.00025364398604259264,-0.00034111487465945944,-0.0004523714813751134,0.0006207532412569654,0.005219745868516312,-0.007290854224885623,-0.011614109274358242,0.001073071725377558,0.0004912150123429504,0.0013171405054162363,-1.0,False,False,0.0008909727796073438
1073,53.65,transport,5.238194765948996,0.8774195587854264,0.9497543309316452,transport,0.072833926035017,0.21083980622875453,0.9052825426038583,0.072833926035017,0.21083980622875453,0.9052825426038583,0.07283392603501697,0.21083980622875453,1.0852825426038584,0.07253504738555064,0.2111818356496946,1.0857709758240315,0.00029887864946633036,-0.0003420294209400543,-0.0004884332201731123,0.0006669929403405125,0.006309457308456279,-0.007299868984499969,-0.012763480503852342,0.001120909485998068,0.0004204611112224241,0.001319888008186337,-1.0,False,False,0.0009009474245786245
1074,53.7,transport,5.248059539519521,0.8790719496682615,0.9504498010769201,transport,0.07293576543509717,0.21080128980586169,0.9050346951883458,0.07293576543509717,0.21080128980586169,0.9050346951883458,0.07293576543509715,0.21080128980586169,1.0850346951883458,0.0725625736972326,0.2111563754078963,1.0855942870191555,0.00037319173786455606,-0.0003550856020346216,-0.0005595918308096692,0.00076059245006217,0.00801436099093028,-0.007610916876658047,-0.014725612713712977,0.0011457137903535422,0.00041628551677073516,0.001326978269053441,-1.0,False,False,0.0009149023005713138
1075,53.75,transport,5.257924313090046,0.8807243405510966,0.9511452712221952,transport,0.07303760483517732,0.21076277338296884,0.9047868477728331,0.07303760483517732,0.21076277338296884,0.9047868477728331,0.07303760483517731,0.21076277338296884,1.084786847772833,0.07260083783855104,0.2111261956023859,1.0853875939585897,0.0004367669966262727,-0.00036342221941707,-0.0006007461857566732,0.0008268839692539425,0.00950062275889424,-0.007872040498549393,-0.016148784926448556,0.001149832092996943,0.00048346604686848224,0.001338779898938718,-1.0,False,False,0.0009348425960075697
1076,53.8,transport,5.267789086660572,0.8823767314339317,0.9518407413674701,transport,0.07313944423525749,0.210724256960076,0.9045390003573205,0.07313944423525749,0.210724256960076,0.9045390003573205,0.07313944423525749,0.210724256960076,1.0845390003573205,0.07264730110052131,0.21109122672140132,1.0851560217545946,0.000492143134736181,-0.0003669697613253309,-0.0006170213972740424,0.0008703947814004498,0.010772127934129128,-0.008038772846198361,-0.016971872025384194,0.0011363373376465213,0.0006133019554938363,0.0013521541641760158,-1.0,False,False,0.0009624984126647122
1077,53.85,transport,5.277653860231097,0.8840291223167667,0.9520108744673417,transport,0.07316457604942637,0.21075185275921682,0.9043674333107175,0.07316457604942637,0.21075185275921682,0.9043674333107175,0.07316457604942637,0.21075185275921682,1.0843674333107174,0.07269258357003645,0.2110597402858786,1.0849177387603242,0.00047199247938992106,-0.00030788752666177643,-0.0005503054496067694,0.0007876596457490124,0.010345498978101275,-0.006787479243690053,-0.015771768877543835,0.001109043817261487,0.0007867214175836952,0.0013626092616878594,-1.0,False,False,0.0009858969217182404
1078,53.9,transport,5.287518633801623,0.8856815131996019,0.9520292573854343,transport,0.07316754991717266,0.21079854590129055,0.9042179008035581,0.07316754991717266,0.21079854590129055,0.9042179008035581,0.07316754991717266,0.21079854590129055,1.0842179008035582,0.07272905225354166,0.21104117567953384,1.084692357940885,0.0004384976636309934,-0.00024262977824329734,-0.00047445713732674477,0.0006901151972392152,0.00949932694272404,-0.0052238876917609645,-0.013996759135319614,0.0010690065502837038,0.0009510691882302838,0.0013567104907324674,-1.0,False,False,0.0009961003104253388
1079,53.95,transport,5.297383407372148,0.887333904082437,0.952047640303527,transport,0.07317052378491894,0.21084523904336425,0.9040683682963988,0.07317052378491894,0.21084523904336425,0.9040683682963988,0.07317052378491894,0.21084523904336425,1.0840683682963987,0.07275619589768284,0.21103700881811582,1.0844863328675884,0.00041432788723609615,-0.00019176977475157675,-0.00041796457118969954,0.0006189811204064201,0.008829430627545487,-0.003918732723391938,-0.012479792889723562,0.0010163258376652724,0.0010730513216472256,0.0013358540214121267,-1.0,False,False,0.0009967913028859643
1080,54.0,transport,5.307248180942673,0.8889862949652718,0.9521699891292328,transport,0.07318962306800934,0.21086188024636937,0.9038863684817168,0.07318962306800934,0.21086188024636937,0.9038863684817168,0.07318962306800934,0.21086188024636937,1.0838863684817168,0.07277801004101958,0.2110406134978587,1.084293684726282,0.00041161302698976276,-0.00017873325148931585,-0.00040731624456524784,0.0006060341428189958,0.00866854340653006,-0.003502571434929047,-0.011999287717432416,0.0009520109112999455,0.0011559354217326057,0.001316001569750623,-1.0,False,False,0.0009967540339544726
1081,54.05,transport,5.317112954513199,0.890638685848107,0.9524503490742758,transport,0.07323323033633065,0.21083284743334857,0.9036550236873073,0.07323323033633065,0.21083284743334857,0.9036550236873073,0.07323323033633065,0.21083284743334857,1.0836550236873073,0.07279972706028053,0.21104311692844638,1.0841003517877095,0.00043350327605012895,-0.000210269495097809,-0.00044532810040220916,0.0006560910515490375,0.009104405906221469,-0.004155321290202352,-0.012773220779496164,0.0008782590578768477,0.001216186729450465,0.0013128691035986446,-1.0,False,False,0.0010056562791416943
1082,54.1,transport,5.326977728083724,0.8922910767309421,0.9527307090193189,transport,0.07327683760465195,0.21080381462032777,0.9034236788928979,0.07327683760465195,0.21080381462032777,0.9034236788928979,0.07327683760465196,0.21080381462032777,1.083423678892898,0.07282392374745827,0.21103940761904255,1.0838973093469744,0.00045291385719369026,-0.00023559299871478423,-0.00047363045407644577,0.000696391290949385,0.009542210887428793,-0.004786046162372215,-0.01353345789623095,0.0008095990368062262,0.0012739795088436544,0.0013292493437114725,-1.0,False,False,0.0010238311662532894
1083,54.15,transport,5.33684250165425,0.8939434676137772,0.9530078984372938,transport,0.07331999979883105,0.21077485093963297,0.9031934067781657,0.07331999979883105,0.21077485093963297,0.9031934067781657,0.07331999979883107,0.21077485093963297,1.0831934067781657,0.07285067880738778,0.21102914516861593,1.083683900081595,0.0004693209914432839,-0.0002542942289829597,-0.000490493303429318,0.000724921670673701,0.00992152102745586,-0.0052911335881916655,-0.014078051376174017,0.0007554493627130553,0.0013363652736506609,0.0013551181290659914,-1.0,False,False,0.0010465661606838482
1084,54.2,transport,5.346707275224776,0.8955958584966124,0.9531103840465408,transport,0.07333863731741513,0.21074969661946336,0.9030222419415387,0.07333863731741513,0.21074969661946336,0.9030222419415387,0.07333863731741515,0.21074969661946336,1.0830222419415387,0.07287741166986313,0.2110138644859383,1.0834703167704793,0.00046122564755202156,-0.00026416786647495694,-0.00044807482894060335,0.0006951868899568398,0.009759170200547285,-0.0055889709830514445,-0.013233162801125076,0.0007160132409873849,0.001402088542860357,0.0013793751017995737,-1.0,False,False,0.0010657328768915286
1085,54.25,transport,5.3565720487953,0.8972482493794472,0.9532128696557879,transport,0.07335727483599921,0.21072454229929377,0.9028510771049116,0.07335727483599921,0.21072454229929377,0.9028510771049116,0.07335727483599923,0.21072454229929377,1.0828510771049116,0.07290264800161389,0.2109955164632064,1.08326593966566,0.00045462683438533824,-0.0002709741639126406,-0.000414862560748519,0.0006724756503860991,0.009597263322722038,-0.005786443732890834,-0.012384793311355224,0.0006924370881718464,0.0014552516709214567,0.001394962262125531,-1.0,False,False,0.0010782303166338059
1086,54.3,transport,5.366436822365825,0.8989006402622823,0.9533153552650349,transport,0.0733759123545833,0.21069938797912416,0.9026799122682846,0.0733759123545833,0.21069938797912416,0.9026799122682846,0.07337591235458331,0.2106993879791242,1.0826799122682846,0.07292654441416442,0.21097537783652784,1.083071789489747,0.0004493679404188877,-0.00027598985740365234,-0.0003918772214623889,0.0006570157562548128,0.009465287059388372,-0.005922569681644507,-0.011720547947509097,0.0006825985048258816,0.001490142496330041,0.0014013768531960604,-1.0,False,False,0.0010853696824683098
1087,54.35,transport,5.376301595936352,0.9005530311451175,0.953382539843394,transport,0.07338762167598567,0.21070341600642428,0.9025644514707374,0.07338762167598567,0.21070341600642428,0.9025644514707374,0.07338762167598568,0.21070341600642428,1.0825644514707373,0.0729487345569384,0.21095691722454207,1.0828928225908827,0.00043888711904728483,-0.0002535012181177909,-0.0003283711201453876,0.0006039142020174438,0.009221545236425266,-0.005439236602071129,-0.01014676038019413,0.0006824137735553159,0.0015105936270649516,0.0014016161122141068,-1.0,False,False,0.0010869802589743034
1088,54.4,transport,5.386166369506877,0.9022054220279526,0.9534297637887654,transport,0.07339541351402475,0.21072394491522603,0.9024804879935814,0.07339541351402475,0.21072394491522603,0.9024804879935814,0.07339541351402475,0.21072394491522603,1.0824804879935814,0.07296846785208688,0.21094408366627176,1.082735885239266,0.00042694566193786365,-0.00022013875104573422,-0.0002553972456844633,0.0005440325551497322,0.008933579141726933,-0.004659446186320859,-0.008246691946025564,0.0006822229601505111,0.00152084662956715,0.0013956008367642552,-1.0,False,False,0.0010830405337187358
1089,54.45,transport,5.396031143077402,0.9038578129107877,0.9534769877341368,transport,0.07340320535206381,0.21074447382402775,0.9023965245164254,0.07340320535206381,0.21074447382402775,0.9023965245164254,0.07340320535206381,0.21074447382402775,1.0823965245164253,0.07298564085214919,0.21093788259235985,1.082600982005199,0.00041756449991461886,-0.0001934087683320984,-0.0002044574887736239,0.0005035572737755871,0.00869474999953851,-0.00399219684488028,-0.006787214456811519,0.0006720827710741499,0.0015234552344852211,0.0013853866204262006,-1.0,False,False,0.0010754423852449417
1090,54.5,transport,5.4058959166479275,0.9055102037936227,0.9534486078478702,transport,0.07339806813833541,0.21080294310147638,0.9023231265092404,0.07339806813833541,0.21080294310147638,0.9023231265092404,0.0733980681383354,0.21080294310147638,1.0823231265092403,0.07299980743719398,0.2109395472326886,1.0824846678309736,0.0003982607011414202,-0.00013660413121222015,-0.00016154132173329394,0.0004509632727453985,0.008248545723724132,-0.002698789817669467,-0.005557109919172021,0.0006494252802237254,0.00151976520964975,0.001376541248517423,-1.0,False,False,0.001064003072931206
1091,54.55,transport,5.415760690218453,0.9071625946764578,0.9532047916245473,transport,0.07335608904114624,0.21096952507468086,0.9022798352585587,0.07335608904114624,0.21096952507468086,0.9022798352585587,0.07335608904114622,0.21096952507468086,1.0822798352585588,0.07301112054905648,0.21094566591335706,1.0823856504125173,0.000344968492089745,2.3859161323802613e-05,-0.00010581515395857721,0.00036162047359216966,0.007125632079044986,0.000599556839845361,-0.004096651448297628,0.0006109747980904775,0.0015085760997683452,0.001370882235691391,-1.0,False,False,0.0010520723668316133
1092,54.6,transport,5.425625463788978,0.9088149855592929,0.9529609754012245,transport,0.07331410994395707,0.21113610704788535,0.9022365440078771,0.07331410994395707,0.21113610704788535,0.9022365440078771,0.07331410994395705,0.21113610704788535,1.0822365440078772,0.07301668509404079,0.21096565512685947,1.0823025414138898,0.00029742484991626683,0.00017045192102588258,-6.599740601265225e-05,0.000349100352806362,0.006059787898011482,0.0038088226905658162,-0.0029821280928032934,0.0005713260336914059,0.0014916804410690712,0.0013696353840205494,-1.0,False,False,0.001028620307172247
1093,54.65,transport,5.435490237359504,0.910467376442128,0.9527171591779016,transport,0.07327213084676788,0.21130268902108984,0.9021932527571954,0.07327213084676788,0.21130268902108984,0.9021932527571954,0.07327213084676788,0.21130268902108984,1.0821932527571954,0.07301362584631209,0.21101058248335824,1.082232161440284,0.0002585050004557943,0.00029210653773159567,-3.8908683088534346e-05,0.0003920012120719454,0.005108915054541918,0.006740677884607416,-0.002185773133889235,0.0005341496274364581,0.0014740153009026992,0.0013319917467922724,-1.0,False,False,0.0009843448719302668
1094,54.7,transport,5.4453550109300295,0.9121197673249631,0.9522147195466362,transport,0.07319348696483315,0.2114833194801109,0.9022312660917174,0.07319348696483315,0.2114833194801109,0.9022312660917174,0.07319348696483312,0.2114833194801109,1.0822312660917175,0.07299831102731624,0.21108315910281678,1.0821818803551009,0.00019517593751687545,0.0004001603772941231,4.938573661661394e-05,0.0004479519227807062,0.003597222370420594,0.00945473993505308,-1.7906971327974475e-05,0.0004935466129547866,0.001457433382202985,0.0012280223877694087,-1.0,False,False,0.0009118922408908931
1095,54.75,transport,5.455219784500555,0.9137721582077981,0.9516772614875323,transport,0.07310987855501967,0.2116658521485674,0.9022802883243609,0.07310987855501967,0.2116658521485674,0.9022802883243609,0.07310987855501964,0.2116658521485674,1.082280288324361,0.07297167860705883,0.21118126884663374,1.08215888462211,0.00013819994796081259,0.0004845833019336554,0.0001214037022509995,0.0005183233170999978,0.0022313505540680345,0.011653860915012415,0.0019681593852016732,0.00044888971199016984,0.001421126759702581,0.0010512309904653137,-1.0,False,False,0.0008229629835036616
1096,54.8,transport,5.46508455807108,0.9154245490906332,0.9511398034284285,transport,0.07302627014520618,0.2118483848170239,0.9023293105570045,0.07302627014520618,0.2118483848170239,0.9023293105570045,0.07302627014520617,0.2118483848170239,1.0823293105570044,0.0729383050276117,0.21130023114598592,1.0821572246283222,8.796511759447123e-05,0.0005481536710379709,0.00017208592868223072,0.0005812261830270888,0.0010918307629467772,0.01334231940780306,0.0034085186978893844,0.00039785364182521726,0.0013781960802541112,0.0008070689765612401,-1.0,False,False,0.0007459009771500709
1097,54.85,transport,5.474949331641605,0.9170769399734683,0.950328634203138,transport,0.07290439223766496,0.21203935674791868,0.9024311108498482,0.07290439223766496,0.21203935674791868,0.9024311108498482,0.07290439223766494,0.21203935674791868,1.082431110849848,0.07290062511418696,0.21143642353407618,1.0821631351591119,3.7671234779795837e-06,0.0006029332138424992,0.00026797569073622185,0.000659813323902525,-0.0006782557989351568,0.014782512038655216,0.005477724430518194,0.0003319355579268608,0.001361443700652461,0.0005116277027206785,-1.0,False,False,0.0006939779018641459
1098,54.9,transport,5.484814105212131,0.9187293308563034,0.9492456280026531,transport,0.07274450687631957,0.2122387101548273,0.9025853278140368,0.07274450687631957,0.2122387101548273,0.9025853278140368,0.07274450687631955,0.2122387101548273,1.0825853278140367,0.07285957964711912,0.21158789272657436,1.0821937359869132,-0.00011507277079957079,0.0006508174282529311,0.0003915918271235608,0.0007682117068668104,-0.0031223647573483393,0.01604573241502205,0.00844385309849649,0.0002494658186203318,0.0013535347590538668,0.00017925338065466432,-1.0,False,False,0.0006929865965935029
1099,54.95,transport,5.494678878782657,0.9203817217391386,0.9481626218021681,transport,0.07258462151497418,0.2124380635617359,0.9027395447782254,0.07258462151497418,0.2124380635617359,0.9027395447782254,0.07258462151497415,0.2124380635617359,1.0827395447782253,0.0728071164646112,0.2117489938524823,1.082263791266422,-0.00022249494963705319,0.0006890697092535869,0.00047575351180340064,0.0008664077970667658,-0.005499162642899347,0.01700341670323069,0.010916175826243268,0.00014490980951902108,0.0013662728217326337,-0.00018226742970946043,-1.0,False,False,0.0007215966220506192
1100,55.0,transport,5.504543652353181,0.9220341126219734,0.9471156710745626,transport,0.07243035934641354,0.21262670466365793,0.9028890716951014,0.07243035934641354,0.21262670466365793,0.9028890716951014,0.07243035934641352,0.21262670466365793,1.0828890716951014,0.07274043596560538,0.21191536502764502,1.0823710602198118,-0.0003100766191918569,0.0007113396360129143,0.0005180114752896259,0.0009329991833137754,-0.007535142363953584,0.01755421622351261,0.012505608573589733,4.7313513730312284e-05,0.0013264251222949248,-0.0005667138309436617,-1.0,False,False,0.0007594837518202266
1101,55.05,transport,5.514408425923707,0.9236865035048086,0.9463265370433968,transport,0.07231630613564588,0.21273874682338517,0.9030050621636181,0.07231630613564588,0.21273874682338517,0.9030050621636181,0.07231630613564587,0.21273874682338517,1.083005062163618,0.07266626016157637,0.21207883571752836,1.0825025284289886,-0.0003499540259305073,0.0006599111058568086,0.0005025337346293846,0.0009002725378121243,-0.008482596599190262,0.016467635914803047,0.01268003887612501,-2.0894235559124873e-05,0.0011999516148072991,-0.0009310971110241216,-1.0,False,False,0.0007936091200766035
1102,55.1,transport,5.524273199494233,0.9253388943876437,0.945537403012231,transport,0.07220225292487822,0.21285078898311238,0.9031210526321347,0.07220225292487822,0.21285078898311238,0.9031210526321347,0.07220225292487821,0.21285078898311238,1.0831210526321347,0.07258955195862432,0.21223446490645853,1.0826454625405637,-0.00038729903374611074,0.0006163240766538514,0.00047559009157094323,0.0008695066671419786,-0.00928014473396327,0.015439065311680378,0.012370484062920184,-4.035551776999722e-05,0.0010245296379908337,-0.0012115990239922327,-1.0,False,False,0.0008141020761258201
1103,55.15,transport,5.534137973064758,0.9269912852704788,0.9447482689810651,transport,0.07208819971411057,0.2129628311428396,0.9032370431006513,0.07208819971411057,0.2129628311428396,0.9032370431006513,0.07208819971411058,0.2129628311428396,1.0832370431006513,0.07251181240548224,0.21238279511553873,1.0827933864368542,-0.00042361269137165813,0.000580036027300862,0.00044365666379708735,0.0008442278961214607,-0.010027044890274783,0.014567324727621234,0.011831611201751357,-1.4529753550521376e-05,0.0008244335681676568,-0.001403975405535862,-1.0,False,False,0.000822585599475963
1104,55.2,transport,5.544002746635283,0.9286436761533138,0.9443396763409699,transport,0.07203153529016891,0.21299394836981123,0.9033026328110029,0.07203153529016891,0.21299394836981123,0.9033026328110029,0.07203153529016891,0.21299394836981123,1.083302632811003,0.07243921391643461,0.21251581906851633,1.082935774382864,-0.0004076786262657006,0.0004781293012948995,0.00036685842813888314,0.0007275950778882233,-0.00960554230626659,0.012223065085449902,0.010184927482974615,4.0941649915981146e-05,0.0006068560799597041,-0.0015286064743350453,-1.0,False,False,0.000825873871625036
1105,55.25,transport,5.5538675202058085,0.9302960670361489,0.9440622535606609,transport,0.07199465236515983,0.21299717135891064,0.9033508497452603,0.07199465236515983,0.21299717135891064,0.9033508497452603,0.07199465236515983,0.21299717135891064,1.0833508497452602,0.07237669866303052,0.21262636377181288,1.0830621920946173,-0.0003820462978706973,0.00037080758709776007,0.0002886576506428984,0.0006056243717360176,-0.008891231025495716,0.009627045807886203,0.008301507247923112,0.00012701076517020697,0.00040177122515870086,-0.0015970969774866716,-1.0,False,False,0.0008292386764491864
1106,55.3,transport,5.563732293776334,0.931948457918984,0.9437848307803517,transport,0.07195776944015073,0.21300039434801007,0.9033990666795177,0.07195776944015073,0.21300039434801007,0.9033990666795177,0.07195776944015071,0.21300039434801007,1.0833990666795177,0.07232396240864994,0.21271538937566625,1.0831707145872673,-0.00036619296849922656,0.00028500497234382194,0.00022835209225036124,0.0005171748277653271,-0.008378584457596205,0.00748061152394397,0.006737491698007858,0.00023125854941627642,0.00022603107988265384,-0.0016266458017422708,-1.0,False,False,0.0008366228419649355
1107,55.35,transport,5.57359706734686,0.9336008488018191,0.9437270878432548,transport,0.07195344643569418,0.21296592029297923,0.9034223321249152,0.07195344643569418,0.21296592029297923,0.9034223321249152,0.07195344643569417,0.21296592029297923,1.0834223321249152,0.07228253983667633,0.21278056428307304,1.0832604754148065,-0.00032909340098216666,0.00018535600990618462,0.00016185671010870983,0.0004109220261625868,-0.007410319459115466,0.005010618346259488,0.005032350752958159,0.00032913036401656674,7.11492298333921e-05,-0.0016390125409423745,-1.0,False,False,0.0008456994155824621
1108,55.4,transport,5.583461840917385,0.9352532396846542,0.9440521258184246,transport,0.0720058574306351,0.212865761062964,0.9034021208747336,0.0720058574306351,0.212865761062964,0.9034021208747336,0.0720058574306351,0.212865761062964,1.0834021208747335,0.072257097242999,0.2128164378628182,1.083325467212264,-0.0002512398123638987,4.93232001458066e-05,7.665366246945027e-05,0.0002672639245376202,-0.005533648120824575,0.0017039355978193393,0.002832909198540179,0.00040954743957005886,-5.872573301342943e-05,-0.0016400159112306553,-1.0,False,False,0.0008500703656586357
1109,55.45,transport,5.593326614487911,0.9369056305674892,0.9443771637935943,transport,0.07205826842557603,0.2127656018329488,0.903381909624552,0.07205826842557603,0.2127656018329488,0.903381909624552,0.07205826842557601,0.2127656018329488,1.083381909624552,0.07224820009497175,0.21282169607814455,1.0833633611768074,-0.00018993166939573758,-5.609424519575912e-05,1.8548447744626273e-05,0.00019890864309342828,-0.0039765763484597705,-0.001016720597388221,0.0011288482457594284,0.0004624185917066472,-0.00014158209841482345,-0.0016299086053323739,-1.0,False,False,0.0008482899380234083
1110,55.5,transport,5.603191388058436,0.9385580214503243,0.944702201768764,transport,0.07211067942051695,0.21266544260293357,0.9033616983743704,0.07211067942051695,0.21266544260293357,0.9033616983743704,0.07211067942051695,0.21266544260293357,1.0833616983743704,0.07224794862967507,0.21281660975935637,1.0833788482821956,-0.0001372692091581168,-0.000151167156422799,-1.7149907825197985e-05,0.0002049108691657487,-0.002750413489095993,-0.0031250695042195353,-3.325604874149235e-05,0.0004857825235212502,-0.00017775885401461077,-0.0016157971424246825,-1.0,False,False,0.0008382591919680456
1111,55.55,transport,5.613056161628961,0.9402104123331594,0.9452323293139155,transport,0.07218655185140731,0.2126345698998735,0.9032977671544465,0.07218655185140731,0.2126345698998735,0.9032977671544465,0.07218655185140731,0.2126345698998735,1.0832977671544466,0.0722511322979806,0.21280337318899784,1.0833793606222857,-6.458044657328688e-05,-0.00016880328912433074,-8.159346783909172e-05,0.00019829946669824012,-0.0012279355653552204,-0.0036407971896573743,-0.0016216225549792185,0.0004915435282867269,-0.00018076355125916645,-0.0015926152674174937,-1.0,False,False,0.0008181798615167379
1112,55.6,transport,5.622920935199486,0.9418628032159945,0.9457654509976557,transport,0.07226276679991435,0.2126047087229678,0.9032331976590194,0.07226276679991435,0.2126047087229678,0.9032331976590194,0.07226276679991435,0.2126047087229678,1.0832331976590195,0.07225647564251204,0.21278181072560373,1.083375851774718,6.291157402305014e-06,-0.00017710200263593157,-0.00014265411569858166,0.00022749702135382437,0.00023269003867509852,-0.003973289320600704,-0.0029232592653238854,0.0004998281641549186,-0.0001832279373277583,-0.0015473436827241488,-1.0,False,False,0.0007906286094769711
1113,55.65,transport,5.632785708770013,0.9435151940988297,0.9462985726813959,transport,0.0723389817484214,0.21257484754606207,0.9031686281635924,0.0723389817484214,0.21257484754606207,0.9031686281635924,0.07233898174842142,0.21257484754606207,1.0831686281635924,0.07226183692148087,0.21275390066599195,1.083360522558326,7.714482694054503e-05,-0.00017905311992988393,-0.00019189439473366043,0.00027355950506335896,0.0016501221181874914,-0.004139263590833275,-0.004144472222513684,0.0005178583898433898,-0.00018808083878151644,-0.001482168235608228,-1.0,False,False,0.0007605672106718805
1114,55.7,transport,5.642650482340538,0.9451675849816646,0.9471519005566789,transport,0.07246048721191531,0.21252330401546315,0.903081670014033,0.07246048721191531,0.21252330401546315,0.903081670014033,0.0724604872119153,0.21252330401546315,1.0830816700140329,0.07227480944777,0.21272052757563834,1.0833230499398308,0.0001856777641452978,-0.0001972235601751804,-0.00024137992579786882,0.000362819009100067,0.0039730058086884235,-0.0046119330105759415,-0.005577050885863244,0.0005473736493376822,-0.00021562964997067053,-0.0014027600899159819,-1.0,False,False,0.0007185494671531868
1115,55.75,transport,5.652515255911062,0.9468199758644996,0.9482129064112571,transport,0.0726113670063314,0.212457697835483,0.9029801911257366,0.0726113670063314,0.212457697835483,0.9029801911257366,0.0726113670063314,0.212457697835483,1.0829801911257366,0.07230413937591278,0.21268049774227188,1.0832571338546677,0.0003072276304186272,-0.00022279990678888972,-0.0002769427289310844,0.0004698147405792826,0.0067311511712281336,-0.005256594803106918,-0.006857176281882538,0.0005685943056776778,-0.000204879576175791,-0.0013038321294558829,-1.0,False,False,0.000652904558166707
1116,55.8,transport,5.6623800294815885,0.9484723667473348,0.9492739122658356,transport,0.07276224680074753,0.2123920916555028,0.9028787122374401,0.07276224680074753,0.2123920916555028,0.9028787122374401,0.07276224680074751,0.2123920916555028,1.0828787122374401,0.07234931281939608,0.21263341137060057,1.083163341981308,0.0004129339813514349,-0.0002413197150977764,-0.0002846297438678924,0.0005565642541018254,0.009162148496694722,-0.005768121735381659,-0.00756843234455129,0.0005631821760765894,-8.5958363054069e-05,-0.0011749784868967405,-1.0,False,False,0.0005772950289771858
1117,55.85,transport,5.672244803052114,0.9501247576301699,0.950042409549946,transport,0.0728714685275005,0.21234858386218539,0.9028106822939772,0.0728714685275005,0.21234858386218539,0.9028106822939772,0.0728714685275005,0.21234858386218539,1.0828106822939771,0.0724027893475605,0.2125829873867394,1.083052872850173,0.0004686791799399931,-0.00023440352455400548,-0.0002421905561957871,0.0005772880143766969,0.010443114162088374,-0.005696550168303727,-0.007053193746617836,0.0005318377238997825,0.00013611675143609418,-0.0010157258819891628,-1.0,False,False,0.000526193842432753
1118,55.9,transport,5.682109576622639,0.9517771485130049,0.9498179882431577,transport,0.07283928219302144,0.21238008891006857,0.9028561945934578,0.07283928219302144,0.21238008891006857,0.9028561945934578,0.07283928219302142,0.21238008891006857,1.0828561945934578,0.07244679304635572,0.21254119948474468,1.0829554002566515,0.0003924891466657032,-0.00016111057467610435,-9.920566319365776e-05,0.000435713335959011,0.008729856909218403,-0.004057969533416417,-0.003933565134301986,0.0004821868023936954,0.00040990771141288795,-0.0008408278034045801,-1.0,False,False,0.0005132884606634885
1119,55.95,transport,5.691974350193165,0.9534295393958401,0.9495935669363694,transport,0.07280709585854238,0.21241159395795176,0.9029017068929384,0.07280709585854238,0.21241159395795176,0.9029017068929384,0.07280709585854238,0.21241159395795176,1.0829017068929383,0.07247393293034501,0.21251542705543922,1.0828931605556376,0.00033316292819736415,-0.00010383309748746017,8.546337300741058e-06,0.000349072898890963,0.007206056243733161,-0.002592110535858394,-0.00107386727426384,0.00042703451268905394,0.0006262875274135008,-0.0006922901367056154,-1.0,False,False,0.0005140582634689312
1120,56.0,transport,5.70183912376369,0.955081930278675,0.9493691456295812,transport,0.07277490952406332,0.21244309900583494,0.902947219192419,0.07277490952406332,0.21244309900583494,0.902947219192419,0.07277490952406333,0.21244309900583494,1.082947219192419,0.07248810054219085,0.2125008063583583,1.0828660033226676,0.0002868089818724856,-5.770735252336179e-05,8.121586975140538e-05,0.000303620730710972,0.0060195318743663795,-0.0014465609920855105,0.0010811727356285772,0.0003726113881991073,0.0007514697123184735,-0.0005945398370295271,-1.0,False,False,0.0005166296180428
1121,56.05,transport,5.711703897334215,0.95673432116151,0.9495670247951163,transport,0.0728030230795339,0.2124375491172198,0.9029173708318455,0.0728030230795339,0.2124375491172198,0.9029173708318455,0.07280302307953389,0.2124375491172198,1.0829173708318456,0.07249727484619463,0.21249459773149218,1.082856055404007,0.00030574823333925916,-5.7048614272386944e-05,6.131542783860411e-05,0.0003170112115864496,0.006298450746860806,-0.0012651448227701811,0.0010273501835600385,0.0003393552250368147,0.0008144709666811833,-0.000537679946278294,-1.0,False,False,0.0005270397232688716
1122,56.1,transport,5.721568670904741,0.9583867120443453,0.949840287818531,transport,0.07284190062565098,0.21242538463958618,0.9028740700181976,0.07284190062565098,0.21242538463958618,0.9028740700181976,0.07284190062565098,0.21242538463958618,1.0828740700181976,0.07250721254410133,0.2124928447142025,1.0828436650635203,0.0003346880815496417,-6.746007461630454e-05,3.0404954677321072e-05,0.0003427702362626413,0.006892515589126957,-0.0013842618381199046,0.0003602922838119582,0.00031625522391786053,0.0008676913168569655,-0.000508112085675005,-1.0,False,False,0.0005476685180146654
1123,56.15,transport,5.731433444475266,0.9600391029271803,0.9501135508419455,transport,0.07288077817176805,0.2124132201619526,0.9028307692045499,0.07288077817176805,0.2124132201619526,0.9028307692045499,0.07288077817176804,0.2124132201619526,1.0828307692045498,0.07251950490178018,0.21249155812241782,1.0828213035785876,0.0003612732699878607,-7.833796046521901e-05,9.465625962157276e-06,0.0003697902239546462,0.007471312553334053,-0.0015924910449977014,-0.0002579171794092616,0.0002878390482242932,0.0009370393795194935,-0.0004887423718530806,-1.0,False,False,0.0005757638538566932
1124,56.2,transport,5.741298218045792,0.9616914938100154,0.9502745171014159,transport,0.0729037139952567,0.21240802703969638,0.9027944716525425,0.0729037139952567,0.21240802703969638,0.9027944716525425,0.0729037139952567,0.21240802703969638,1.0827944716525424,0.0725330025363432,0.2124890185079579,1.082790014750025,0.0003707114589135002,-8.099146826151538e-05,4.456902517491201e-06,0.0003794818410424697,0.007684181869530571,-0.0016706216544287722,-0.0005366385209049085,0.00025336161369287675,0.0010212158391526274,-0.0004679125604238289,-1.0,False,False,0.0006058521070319467
1125,56.25,transport,5.751162991616317,0.9633438846928505,0.9503085984644465,transport,0.0729086371552123,0.21241071090048075,0.9027660871346848,0.0729086371552123,0.21241071090048075,0.9027660871346848,0.0729086371552123,0.21241071090048075,1.0827660871346847,0.07254518882916743,0.21248620267293997,1.0827548380567247,0.000363448326044874,-7.549177245921856e-05,1.1249077960018283e-05,0.00037137613704814966,0.007512692377381891,-0.001566152149543032,-0.0004785523068040476,0.0002183199315607611,0.0011065846271865584,-0.000442757239057576,-1.0,False,False,0.0006309736632120373
1126,56.3,transport,5.761027765186842,0.9649962755756855,0.9503426798274772,transport,0.0729135603151679,0.2124133947612651,0.9027377026168272,0.0729135603151679,0.2124133947612651,0.9027377026168272,0.0729135603151679,0.2124133947612651,1.0827377026168272,0.07255526696154725,0.21248423713682585,1.0827197748339437,0.0003582933536206423,-7.08423755607368e-05,1.7927782883564447e-05,0.00036566948850421657,0.007367429720009366,-0.0014561582334970957,-0.00034270879794906506,0.00018707940747608422,0.0011759602280217926,-0.00041788741555376,-1.0,False,False,0.0006493942790802301
1127,56.35,transport,5.7708925387573675,0.9666486664585205,0.9503747459081721,transport,0.07291834546709519,0.2124137919762565,0.902709194832536,0.07291834546709519,0.2124137919762565,0.902709194832536,0.07291834546709518,0.2124137919762565,1.082709194832536,0.07256368011818551,0.21248308042019154,1.082686172812838,0.00035466534890966905,-6.928844393502831e-05,2.3022019697949148e-05,0.00036210276382696614,0.007261570110958515,-0.0014089032113867583,-0.00021160002815268086,0.00016005200600216222,0.0012263077233864664,-0.0003967422863092782,-1.0,False,False,0.0006621866572444867
1128,56.4,transport,5.780757312327894,0.9683010573413557,0.9503865533881265,transport,0.07292174329502575,0.2123912027127115,0.9026794479139478,0.07292174329502575,0.2123912027127115,0.9026794479139478,0.07292174329502575,0.2123912027127115,1.0826794479139479,0.07257090411867467,0.21248003948491181,1.0826542171735536,0.0003508391763510782,-8.88367722003125e-05,2.523074039428863e-05,0.00036279014597769487,0.007161263536804852,-0.0018375541496007397,-0.0001344979778039601,0.00013744481947755975,0.0012614948360733513,-0.00037908360066027456,-1.0,False,False,0.0006680933581805002
1129,56.45,transport,5.790622085898419,0.9699534482241908,0.9503983608680808,transport,0.07292514112295631,0.2123686134491665,0.9026497009953597,0.07292514112295631,0.2123686134491665,0.9026497009953597,0.0729251411229563,0.2123686134491665,1.0826497009953597,0.07257751679333399,0.2124734420058138,1.082623901189561,0.0003476243296223064,-0.00010482855664731283,2.579980579864305e-05,0.0003640018280357456,0.007084740085632479,-0.0022285207149064234,-9.032356387717044e-05,0.00012498224314674218,0.001280927609093894,-0.0003591640852571443,-1.0,False,False,0.0006674493763695209
1130,56.5,transport,5.800486859468944,0.9716058391070259,0.9504101683480353,transport,0.07292853895088687,0.21234602418562148,0.9026199540767715,0.07292853895088687,0.21234602418562148,0.9026199540767715,0.07292853895088687,0.21234602418562148,1.0826199540767716,0.07258383990641666,0.21246368579253627,1.0825949164791302,0.00034469904447020916,-0.00011766160691478733,2.5037597641386355e-05,0.0003650870667335357,0.007020443151057598,-0.00254835640384643,-7.894225579008207e-05,0.00012418061757426743,0.0012867444110037944,-0.0003329003980676822,-1.0,False,False,0.0006620550915198272
1131,56.55,transport,5.8103516330394696,0.9732582299898609,0.9506276596014283,transport,0.07295960716035901,0.21233130191735136,0.9025839568304457,0.07295960716035901,0.21233130191735136,0.9025839568304457,0.072959607160359,0.21233130191735136,1.0825839568304456,0.07259259405771076,0.2124522616620991,1.0825653948362781,0.0003670131026482365,-0.00012095974474773952,1.8561994167498597e-05,0.00038687779077170803,0.007515345078846769,-0.002647677503698209,-0.00021919297369166202,0.00013190430567800853,0.0012827699644292945,-0.0003006164488696133,-1.0,False,False,0.000662540480611508
1132,56.6,transport,5.820216406609995,0.974910620872696,0.950928571841376,transport,0.07300189789112174,0.21231977033591123,0.9025454245834368,0.07300189789112174,0.21231977033591123,0.9025454245834368,0.07300189789112173,0.21231977033591126,1.0825454245834367,0.07260587730696236,0.21244036923850906,1.0825323361860493,0.0003960205841593706,-0.0001205989025978016,1.3088397387450712e-05,0.000414183177509535,0.0081860766682193,-0.002649826523756782,-0.00039940505682789507,0.0001379983668658783,0.0012914489426069195,-0.00026259404634822127,-1.0,False,False,0.0006760495134678564
1133,56.65,transport,5.83008118018052,0.9765630117555311,0.9512294840813238,transport,0.07304418862188447,0.21230823875447113,0.9025068923364279,0.07304418862188447,0.21230823875447113,0.9025068923364279,0.07304418862188448,0.21230823875447113,1.0825068923364278,0.07262349778465862,0.21242841080564928,1.0824946716513724,0.0004206908372258594,-0.00012017205117814678,1.2220685055464031e-05,0.00043768875648499643,0.008766226298442537,-0.0026426096807585786,-0.0005088769924288528,0.00013540980037879993,0.0013273533403924773,-0.0002190184338150703,-1.0,False,False,0.0007009822722545103
1134,56.7,transport,5.839945953751046,0.9782154026383663,0.9515422040560854,transport,0.07308820718427111,0.21229468039420102,0.9024691097666191,0.07308820718427111,0.21229468039420102,0.9024691097666191,0.07308820718427113,0.21229468039420102,1.082469109766619,0.0726447876664941,0.21241629673998014,1.0824532390376471,0.00044341951777703004,-0.00012161634577911862,1.5870728971911774e-05,0.00046006878218846786,0.00929418799225007,-0.0026746082289652584,-0.0005112376950666686,0.00012453362723474637,0.0013859500737599514,-0.00017069959810417476,-1.0,False,False,0.0007338255237789852
1135,56.75,transport,5.849810727321571,0.9798677935212011,0.9518786364037033,transport,0.07313569558980257,0.21227705184298643,0.9024328327036304,0.07313569558980257,0.21227705184298643,0.9024328327036304,0.07313569558980258,0.21227705184298643,1.0824328327036303,0.07266951044805349,0.21240353565444292,1.0824094986807031,0.00046618514174909254,-0.0001264838114564959,2.333402292720166e-05,0.00048360233412810476,0.00981815846616968,-0.0027848979398742424,-0.00040812668033574084,0.00010822633133477958,0.0014588879001569517,-0.00011803708476348712,-1.0,False,False,0.0007722427466705621
1136,56.8,transport,5.859675500892097,0.9815201844040363,0.9522150687513213,transport,0.07318318399533404,0.21225942329177183,0.9023965556406417,0.07318318399533404,0.21225942329177183,0.9023965556406417,0.07318318399533404,0.21225942329177183,1.0823965556406416,0.0726973443256222,0.21238995341595995,1.0823646728803855,0.00048583966971182946,-0.00013053012418812182,3.1882760256118914e-05,0.0005040781768613031,0.01027347094561093,-0.002882247253421788,-0.00025886080122994315,8.936193734190135e-05,0.001540720282569817,-6.025690146084223e-05,-1.0,False,False,0.0008137931662374865
1137,56.85,transport,5.869540274462622,0.9831725752868714,0.9525515010989393,transport,0.07323067240086549,0.21224179474055724,0.902360278577653,0.07323067240086549,0.21224179474055724,0.902360278577653,0.07323067240086549,0.21224179474055724,1.082360278577653,0.07272786605267692,0.21237579331152442,1.0823196309977576,0.0005028063481885697,-0.00013399857096718648,4.064757989530321e-05,0.0005219406734019858,0.010666561504865668,-0.0029631735080543065,-8.788605465159804e-05,6.996465650870812e-05,0.0016260795514983553,2.7402003318136057e-06,-1.0,False,False,0.0008560779764417813
1138,56.9,transport,5.8794050480331475,0.9848249661697065,0.9523079973813673,transport,0.0731959736352782,0.21226201104864226,0.9023830764888146,0.0731959736352782,0.21226201104864226,0.9023830764888146,0.0731959736352782,0.21226201104864226,1.0823830764888145,0.07275379104951597,0.21236593858134573,1.08228353699128,0.0004421825857622297,-0.00010392753270346833,9.953949753449542e-05,0.00046501019642005906,0.009362151652025641,-0.002275645257643344,0.001268909821137143,5.1188349674832104e-05,0.0017099546217166136,7.009244982293742e-05,-1.0,False,False,0.0008783797452127614
1139,56.95,transport,5.889269821603674,0.9864773570525417,0.9520361459702721,transport,0.07315725750143559,0.21228407724077009,0.9024087620273589,0.07315725750143559,0.21228407724077009,0.9024087620273589,0.07315725750143558,0.21228407724077009,1.0824087620273588,0.0727749809216977,0.21236418955609623,1.082262239012186,0.00038227657973788354,-8.011231532614738e-05,0.00014652301517270594,0.0004171598739791634,0.008069329038392081,-0.001637226811512793,0.002504500721576264,3.659402110055173e-05,0.001751950886470272,0.00012463096010166682,-1.0,False,False,0.0009001708089315885
1140,57.0,transport,5.899134595174198,0.9881297479353766,0.9517642945591769,transport,0.07311854136759298,0.21230614343289794,0.9024344475659032,0.07311854136759298,0.21230614343289794,0.9024344475659032,0.07311854136759298,0.21230614343289794,1.0824344475659031,0.07278882803110952,0.21236391599800686,1.0822533756631036,0.00032971333648346146,-5.77725651089156e-05,0.00018107190279947893,0.00038057270989620907,0.006871208917905713,-0.0011609224639658189,0.003444171074340474,1.0999523306698707e-05,0.0017935229374654383,0.00015615512890255622,-1.0,False,False,0.0009187827718702202
1141,57.05,transport,5.908999368744723,0.9897821388182116,0.9518856103081116,transport,0.07313383783900362,0.21232774347147476,0.9024196739262587,0.07313383783900362,0.21232774347147476,0.9024196739262587,0.07313383783900364,0.21232774347147476,1.0824196739262586,0.07279511834363102,0.2123636063575742,1.08225069731261,0.00033871949537261914,-3.586288609944144e-05,0.00016897661364856376,0.00038022380133942066,0.006900196157882399,-0.0007234505306419337,0.003325965263099029,-9.36499479237624e-06,0.00182926296232818,0.00017423099342244242,-1.0,False,False,0.0009289163381166678
1142,57.1,transport,5.9188641423152495,0.9914345297010468,0.9522982772114034,transport,0.07318915961387343,0.21234899807332897,0.9023749185651783,0.07318915961387343,0.21234899807332897,0.9023749185651783,0.07318915961387341,0.21234899807332897,1.0823749185651783,0.07279888944693373,0.2123632593991784,1.0822449280220507,0.0003902701669396824,-1.4261325849446171e-05,0.0001299905431275672,0.0004115965620856321,0.007880825404847913,-0.0002921656849047549,0.0024844250513655908,-1.98776667351468e-05,0.00184876168292384,0.00018228376504257274,-1.0,False,False,0.0009326120181957582
1143,57.15,transport,5.928728915885775,0.9930869205838819,0.952710944114695,transport,0.07324448138874322,0.2123702526751832,0.902330163204098,0.07324448138874322,0.2123702526751832,0.902330163204098,0.07324448138874322,0.2123702526751832,1.082330163204098,0.07280799495098539,0.21236412871129193,1.082229568448899,0.0004364864377578298,6.123963891269124e-06,0.00010059475519907934,0.0004479701084378556,0.008911838836189734,0.00013986552009570552,0.0017047036409456595,-2.6560519118002165e-05,0.0018555685342966303,0.0001876716794966657,-1.0,False,False,0.0009488572918671107
1144,57.2,transport,5.9385936894563,0.994739311466717,0.9528695104323435,transport,0.07326517976231033,0.21238715296683944,0.9023060412679862,0.07326517976231033,0.21238715296683944,0.9023060412679862,0.07326517976231033,0.21238715296683944,1.0823060412679861,0.07282154498429223,0.2123657099340156,1.082205451481361,0.0004436347780180927,2.144303282383686e-05,0.00010058978662508267,0.0004554008400268122,0.009143696226498743,0.00046048511095020395,0.0015294563817436213,-4.620514752167708e-05,0.0018868769129016438,0.00019718326810054705,-1.0,False,False,0.0009712195429911535
1145,57.25,transport,5.948458463026825,0.996391702349552,0.9519813910891033,transport,0.07314325816676973,0.21238611707768873,0.9023669120917099,0.07314325816676973,0.21238611707768873,0.9023669120917099,0.07314325816676974,0.21238611707768873,1.0823669120917099,0.0728295521196883,0.21236616993610347,1.0821886331611845,0.0003137060470814329,1.9947141585263672e-05,0.00017827893052535515,0.00036137618834414806,0.0064342636495501315,0.00040814287346258027,0.003229212206976584,-7.45119168658681e-05,0.001929466282425769,0.00021137039049695989,-1.0,False,False,0.0009751423990633877
1146,57.3,transport,5.958323236597351,0.9980440932323871,0.9510932717458631,transport,0.07302133657122913,0.212385081188538,0.9024277829154337,0.07302133657122913,0.212385081188538,0.9024277829154337,0.07302133657122913,0.212385081188538,1.0824277829154336,0.07283024976935741,0.21236658631250555,1.0821870825488236,0.0001910868018717149,1.8494876032448815e-05,0.00024070036661005823,0.0003078845445540131,0.0038356890308163805,0.0003782250486905614,0.0047829950849820335,-8.838570752404538e-05,0.0019355943603229305,0.00022197574821574068,-1.0,False,False,0.000974077083818572
1147,57.35,transport,5.968188010167876,0.9996964841152222,0.9502051524026228,transport,0.07289941497568851,0.21238404529938726,0.9024886537391575,0.07289941497568851,0.21238404529938726,0.9024886537391575,0.07289941497568851,0.21238404529938726,1.0824886537391576,0.07282620460409962,0.21236606311590947,1.0821953879792352,7.321037158888877e-05,1.798218347778824e-05,0.0002932657599223898,0.0003028001376711523,0.0013833041266220203,0.00034917973763426424,0.006031423806680536,-9.256573725246983e-05,0.001933218615474904,0.00022226567425082968,-1.0,False,False,0.0009577189111932188
1148,57.4,transport,5.97,1.0,0.9500420201007855,transport,0.07287702006820722,0.21238385502430443,0.9024998346662079,0.07287702006820722,0.21238385502430443,0.9024998346662079,0.07287702006820722,0.21238385502430443,1.0824998346662078,0.07281906566950229,0.21236447607154194,1.0822130028363115,5.795439870492913e-05,1.937895276249435e-05,0.00028683182989630573,0.00029326908255232796,0.001016309282151906,0.00035583816789919176,0.006088933739452074,-8.401048415852905e-05,0.0019009859689384794,0.00021930945232474368,-1.0,False,False,0.0009298823107918402
1149,57.45,hold,5.97,1.0,0.9500420201007855,transport,0.07287702006820722,0.21238385502430443,0.9024998346662079,0.07287702006820722,0.21238385502430443,0.9024998346662079,0.07287702006820722,0.21238385502430443,1.0824998346662078,0.0728124907667435,0.21236304877761722,1.0822321458318944,6.452930146372271e-05,2.080624668721054e-05,0.0002676888343133843,0.0002761417075790319,0.0011590879740985827,0.000387579055249887,0.005736636597926115,-6.484408631094322e-05,0.0018461494074583247,0.00021506291522729946,-1.0,False,False,0.0009052589561956547
1150,57.5,hold,5.97,1.0,0.9500420201007855,transport,0.07287702006820722,0.21238385502430443,0.9024998346662079,0.07287702006820722,0.21238385502430443,0.9024998346662079,0.07287702006820722,0.21238385502430443,1.0824998346662078,0.07280763537970006,0.21236226024107938,1.0822479209237728,6.938468850715973e-05,2.1594783225054037e-05,0.0002519137424350504,0.0002621852461322062,0.0012905860292744542,0.0004161249337442108,0.005353776686267686,-4.7292130657725294e-05,0.0017975758226151935,0.00021085475431431293,-1.0,False,False,0.0008877563420185434
1151,57.55,hold,5.97,1.0,0.9500420201007855,transport,0.07287702006820722,0.21238385502430443,0.9024998346662079,0.07287702006820722,0.21238385502430443,0.9024998346662079,0.07287702006820722,0.21238385502430443,1.0824998346662078,0.07280418040406743,0.21236202501124246,1.0822593557507862,7.283966413978993e-05,2.1830013061968634e-05,0.0002404789154215603,0.0002522147396656529,0.0013876937701431946,0.00043189566450108074,0.005038274848701008,-3.569243806041081e-05,0.0017630245383043663,0.00020716133417836259,-1.0,False,False,0.0008755241170427553
1152,57.6,hold,5.97,1.0,0.9500420201007855,transport,0.07287702006820722,0.21238385502430443,0.9024998346662079,0.07287702006820722,0.21238385502430443,0.9024998346662079,0.07287702006820722,0.21238385502430443,1.0824998346662078,0.07280171333489233,0.21236218861015024,1.082267041527787,7.530673331489213e-05,2.1666414154186686e-05,0.00023279313842072824,0.0002456281394316078,0.0014567932827957986,0.0004366002612393727,0.004809578308431206,-2.9142367414937677e-05,0.0017388840329757244,0.00020396803763706811,-1.0,False,False,0.000866775156592195
1153,57.65,hold,5.97,1.0,0.9500420201007855,transport,0.07287702006820722,0.21238385502430443,0.9024998346662079,0.07287702006820722,0.21238385502430443,0.9024998346662079,0.07287702006820722,0.21238385502430443,1.0824998346662078,0.07279992556324143,0.21236262246653928,1.0822719515483752,7.709450496579118e-05,2.123255776514954e-05,0.00022788311783261683,0.00024150589971734675,0.0015061346662978425,0.0004333282830837337,0.004655862768414565,-2.6217336245353158e-05,0.001721638450481492,0.0002011725265675774,-1.0,False,False,0.0008603470513323097
1154,57.7,hold,5.97,1.0,0.9500420201007855,transport,0.07287702006820722,0.21238385502430443,0.9024998346662079,0.07287702006820722,0.21238385502430443,0.9024998346662079,0.07287702006820722,0.21238385502430443,1.0824998346662078,0.0727986055952478,0.2123632331587245,1.082274974541817,7.84144729594205e-05,2.0621865579939502e-05,0.00022486012439082437,0.0002390317268702165,0.0015418900993158235,0.0004246511553029908,0.004557662356652337,-2.577718558916124e-05,0.0017089915576034061,0.00019867457735751344,-1.0,False,False,0.0008555168781004045
1155,57.75,hold,5.97,1.0,0.9500420201007855,transport,0.07287702006820722,0.21238385502430443,0.9024998346662079,0.07287702006820722,0.21238385502430443,0.9024998346662079,0.07287702006820722,0.21238385502430443,1.0824998346662078,0.07279761004518906,0.21236395579928938,1.0822767853166912,7.94100230181588e-05,1.9899225015052036e-05,0.00022304934951655753,0.00023759828120528066,0.00156828945918841,0.00041243731159879005,0.004497202487816487,-2.7010154521577083e-05,0.0016995104661717915,0.00019639537108575287,-1.0,False,False,0.0008518193917910749
1156,57.8,hold,5.97,1.0,0.9500420201007855,transport,0.07287702006820722,0.21238385502430443,0.9024998346662079,0.07287702006820722,0.21238385502430443,0.9024998346662079,0.07287702006820722,0.21238385502430443,1.0824998346662078,0.07279676281504355,0.21236472015171184,1.0822778501300283,8.025725316367083e-05,1.9134872592585506e-05,0.0002219845361794981,0.00023682167201786861,0.001588200460363176,0.0003979845003010407,0.0044609869903311505,-2.9356754861977753e-05,0.0016922704891855565,0.00019427783533105102,-1.0,False,False,0.0008485690537128792
1157,57.85,hold,5.97,1.0,0.9500420201007855,transport,0.07287702006820722,0.21238385502430443,0.9024998346662079,0.07287702006820722,0.21238385502430443,0.9024998346662079,0.07287702006820722,0.21238385502430443,1.0824998346662078,0.07279587739901414,0.21236545512842822,1.0822785462752955,8.114266919308222e-05,1.8399895876208827e-05,0.0002212883909122887,0.00023641328406962073,0.0016051450632734166,0.0003826974518517101,0.004439690723589962,-3.218185139775217e-05,0.0016859048850485997,0.00019226752894486882,-1.0,False,False,0.0008450006351744038
1158,57.9,hold,5.97,1.0,0.9500420201007855,transport,0.07287702006820722,0.21238385502430443,0.9024998346662079,0.07287702006820722,0.21238385502430443,0.9024998346662079,0.07287702006820722,0.21238385502430443,1.0824998346662078,0.07279500148233684,0.21236616886532708,1.0822792070732077,8.201858587038313e-05,1.7686158977348043e-05,0.00022062759300012225,0.00023604318130498293,0.0016228533838616443,0.00036799791752417654,0.004425767818245774,-3.4829995890608317e-05,0.0016788903173016322,0.0001903115015906005,-1.0,False,False,0.0008414448036576175
1159,57.95,hold,5.97,1.0,0.9500420201007855,transport,0.07287702006820722,0.21238385502430443,0.9024998346662079,0.07287702006820722,0.21238385502430443,0.9024998346662079,0.07287702006820722,0.21238385502430443,1.0824998346662078,0.07279414306603013,0.21236686360148552,1.0822798710102346,8.287700217708693e-05,1.699142281891275e-05,0.00021996365597320988,0.00023567205156397434,0.0016403717174076626,0.00035372317954696086,0.004412551860002445,-3.7411291903060634e-05,0.0016718917859246606,0.00018840297716707854,-1.0,False,False,0.0008379504815532769
1160,58.0,hold,5.97,1.0,0.9500420201007855,transport,0.07287702006820722,0.21238385502430443,0.9024998346662079,0.07287702006820722,0.21238385502430443,0.9024998346662079,0.07287702006820722,0.21238385502430443,1.0824998346662078,0.07279330185753799,0.2123675397785549,1.0822805381274445,8.371821066922858e-05,1.6315245749520813e-05,0.0002192965387632917,0.0002352995919144028,0.0016575400435417387,0.000339828456378255,0.004399273119464198,-3.994764506863899e-05,0.0016650077343784036,0.00018654079514959,-1.0,False,False,0.0008345167335287448
1161,58.05,hold,5.97,1.0,0.9500420201007855,transport,0.07287702006820722,0.21238385502430443,0.9024998346662079,0.07287702006820722,0.21238385502430443,0.9024998346662079,0.07287702006820722,0.21238385502430443,1.0824998346662078,0.07279247747981887,0.2123681978073413,1.0822812081733826,8.454258838834494e-05,1.5657216963116394e-05,0.00021862649282522462,0.00023492582033375815,0.0016743642133845715,0.00032630491499041625,0.004385930775265834,-4.244014388382455e-05,0.0016582366083170133,0.0001847238457329021,-1.0,False,False,0.0008311421913280645
1162,58.1,hold,5.97,1.0,0.9500420201007855,transport,0.07287702006820722,0.21238385502430443,0.9024998346662079,0.07287702006820722,0.21238385502430443,0.9024998346662079,0.07287702006820722,0.21238385502430443,1.0824998346662078,0.07279166956437441,0.21236883808962478,1.082281880903054,8.535050383280673e-05,1.5016934679645821e-05,0.00021795376315369985,0.00023455076146656567,0.0016908517677668988,0.0003131443392623279,0.004372529856504492,-4.488963552253409e-05,0.0016515759772634025,0.00018295103380839092,-1.0,False,False,0.0008278255190391703
1163,58.15,hold,5.97,1.0,0.9500420201007855,transport,0.07287702006820722,0.21238385502430443,0.9024998346662079,0.07287702006820722,0.21238385502430443,0.9024998346662079,0.07287702006820722,0.21238385502430443,1.0824998346662078,0.07279087775120306,0.2123694610186393,1.0822825560791496,8.614231700415642e-05,1.4394005665135934e-05,0.00021727858705822278,0.00023417444474568575,0.0017070100766561347,0.00030033869359291643,0.004359075263073997,-4.729694944768814e-05,0.0016450234656598965,0.00018122128983961478,-1.0,False,False,0.0008245654133124802
1164,58.2,hold,5.97,1.0,0.9500420201007855,transport,0.07287702006820722,0.21238385502430443,0.9024998346662079,0.07287702006820722,0.21238385502430443,0.9024998346662079,0.07287702006820722,0.21238385502430443,1.0824998346662078,0.0727901016885631,0.21237006697928967,1.082283233471799,8.691837964411309e-05,1.37880450147565e-05,0.0002166011944086943,0.0002337969040097839,0.0017228463400831284,0.0002878801133027187,0.004345571741164456,-4.966289943624933e-05,0.0016385767535866886,0.00017953356886560073,-1.0,False,False,0.0008213606024197487
1165,58.25,hold,5.97,1.0,0.9500420201007855,transport,0.07287702006820722,0.21238385502430443,0.9024998346662079,0.07287702006820722,0.21238385502430443,0.9024998346662079,0.07287702006820722,0.21238385502430443,1.0824998346662078,0.07278934103328472,0.21237065634819835,1.0822839128589368,8.767903492250262e-05,1.3198676106079832e-05,0.0002159218072710356,0.00023341817639396654,0.0017383675928822617,0.00027576090029513,0.004332023888173886,-5.198828390410848e-05,0.0016322335751690997,0.00017788684958909944,-1.0,False,False,0.0008182098475615442
1166,58.3,hold,5.97,1.0,0.9500420201007855,transport,0.07287702006820722,0.21238385502430443,0.9024998346662079,0.07287702006820722,0.21238385502430443,0.9024998346662079,0.07287702006820722,0.21238385502430443,1.0824998346662078,0.07278859545008795,0.21237122949398674,1.0822845940255592,8.842461811926772e-05,1.2625530317694755e-05,0.00021524064064859516,0.00023303830262890054,0.0017535806984500524,0.00026397352212159664,0.004318436145420712,-5.4273886187930425e-05,0.001625991721378104,0.00017628013465694902,-1.0,False,False,0.0008151119400820645
1167,58.35,hold,5.97,1.0,0.9500420201007855,transport,0.07287702006820722,0.21238385502430443,0.9024998346662079,0.07287702006820722,0.21238385502430443,0.9024998346662079,0.07287702006820722,0.21238385502430443,1.0824998346662078,0.07278786461171846,0.2123717867772908,1.082285276763818,8.9155456488757e-05,1.2068247013635736e-05,0.00021455790238977812,0.00023265732630975178,0.0017684923623853543,0.0002525106063538951,0.004304812812971903,-5.6520474872339504e-05,0.0016198490347230658,0.00017471244971193264,-1.0,False,False,0.0008120657019497549
1168,58.4,hold,5.97,1.0,0.9500420201007855,transport,0.07287702006820722,0.21238385502430443,0.9024998346662079,0.07287702006820722,0.21238385502430443,0.9024998346662079,0.07287702006820722,0.21238385502430443,1.0824998346662078,0.07278714819826251,0.21237232855139368,1.0822859608725497,8.987186994470486e-05,1.152647291075004e-05,0.00021387379365811476,0.00023227529399149203,0.00178310912977514,0.0002413649402727147,0.004291158047795562,-5.872880393920773e-05,0.0016138034104495136,0.00017318284309359653,-1.0,False,False,0.0008090699833665705
