frame,time_s,status,world_source_id,detection_count,error_px,ambiguity_gap_px,x_m,y_m,z_m,relative_rx_rad,relative_ry_rad,relative_rz_rad,distance_m
0,0.0,tracked,1,1,0.5635521026113784,0.4882198796736156,-0.2244272781672443,0.2415496084651197,-0.10291881243815537,0.15594729673992255,1.3803221999912443,-0.6135760698940663,0.3454071488676667
1,0.03333333333333333,tracked,0,1,0.5429070433870267,0.46940071680212414,-0.22359705428494195,0.24245199258769307,-0.10187172033638942,0.1626179085533436,1.3805678602584601,-0.6145907884161318,0.34519046742188814
2,0.06666666666666667,tracked,0,1,0.4548658404294067,0.47878319292056093,-0.22377158929356583,0.2421967050737319,-0.10346463252783267,0.1570657361121609,1.3794492395328812,-0.6109550280342207,0.34559788527660296
3,0.1,tracked,1,1,0.47776521209361505,0.5173900958353508,-0.2246229284491683,0.2416736029360228,-0.10323050917926724,0.1597775092270383,1.3804158411416552,-0.6139323914900556,0.34571394008134726
4,0.13333333333333333,tracked,1,1,0.5048274987852978,0.4980394935055533,-0.22372201117118937,0.24137079693743668,-0.1029096999302187,0.1525057170150218,1.3791453362321588,-0.6201468626810935,0.34482141209098766
5,0.16666666666666669,tracked,0,1,0.5401210606914583,0.49462881585173035,-0.2239704101995456,0.24236219236128265,-0.10220623051359207,0.15652477654694089,1.3830900870974046,-0.6140187486863091,0.34546821921403653
6,0.2,tracked,0,1,0.5892474415021398,0.43319369479497616,-0.2250756603379573,0.24160892199167971,-0.10270833118961231,0.1492647043022062,1.3873052955894971,-0.6153789839465227,0.34580764213403986
7,0.23333333333333334,tracked,0,1,0.4746018424100111,0.47247023060767673,-0.22472674617050242,0.24243475468349984,-0.1024632693337133,0.15257917294307793,1.382437644827171,-0.6081153462254671,0.346085888596145
8,0.26666666666666666,tracked,1,1,0.5235106684455088,0.46059759437664505,-0.22449908460785856,0.24157904934142233,-0.10351071725852257,0.15878937627516712,1.37914229080428,-0.6135309841974276,0.3456511892903677
9,0.30000000000000004,tracked,1,1,0.5207643914423405,0.43382935025877223,-0.22394712746208179,0.24199482249834786,-0.10331444114917887,0.159025402075955,1.3792433663907628,-0.6132638228612945,0.34552522883935977
10,0.33333333333333337,tracked,1,1,0.5455671752993067,0.4437834098213198,-0.2233428646084311,0.24182149565625927,-0.10186099584770614,0.1621397215294715,1.3824671004092108,-0.6160970355982945,0.3445799376168273
11,0.3666666666666667,tracked,1,1,0.544965531934486,0.4133933001666178,-0.22401182273399836,0.24177320073658126,-0.10242587033996753,0.15629906736940283,1.3830960062399908,-0.6167526594965654,0.3451472674582827
12,0.4,tracked,1,1,0.587602807922288,0.3767229097820214,-0.2247182951690888,0.24229291859974128,-0.1025151927256564,0.1548748075050468,1.3851548734336936,-0.6126752023922669,0.34599643831528243
13,0.43333333333333335,tracked,1,1,0.5742970774542252,0.4066094653516017,-0.2239009498986826,0.24194968144296747,-0.10270806278261774,0.15629375825218889,1.3820261519463484,-0.6130400700581271,0.34528282592165505
14,0.4666666666666667,tracked,0,1,0.4478405280348422,0.49869030294102645,-0.22162995712374556,0.24253614520967823,-0.0987498762246376,0.16985320006196217,1.3859373401428934,-0.6132500729727329,0.3430672786527807
15,0.5,tracked,1,1,0.5427901717121424,0.385893178637589,-0.2238694768859179,0.2416969080320366,-0.10298213538423778,0.15612068082174266,1.3800123087984455,-0.6118349513085645,0.3451670005109393
16,0.5333333333333333,tracked,1,1,0.47789086634948785,0.42768983121508375,-0.22429027843847985,0.24150089768601637,-0.10271464070219383,0.15715630645674672,1.382293274915977,-0.6168401874177438,0.3452232755764642
17,0.5666666666666667,tracked,0,1,0.5389334651680069,0.44693898012126787,-0.22425444562867894,0.24223189368679432,-0.10215750616075486,0.15721281813411558,1.3828680403458735,-0.6143636879499812,0.34554667234441894
18,0.6000000000000001,tracked,0,1,0.5589866996380982,0.4296910008549887,-0.2242192267666927,0.2428166194693977,-0.10075590845282661,0.15939960780770726,1.385827209988031,-0.6084783234965131,0.3455226843935926
19,0.6333333333333334,tracked,0,1,0.4882241944364906,0.4892062367079238,-0.22486356257898638,0.24119958713695386,-0.10280671843112854,0.1535994668382556,1.3813939821064003,-0.6135308756996822,0.3454129180637691
20,0.6666666666666667,tracked,1,1,0.5547205975362408,0.42139384176851735,-0.22483911444034735,0.24186250569173826,-0.10261028208673983,0.14788786562878756,1.3852050167045695,-0.612460835261147,0.34580192167153445
21,0.7000000000000001,tracked,1,1,0.5502618047829263,0.4612300238418422,-0.22467863617609307,0.24160953634576088,-0.10255401791447305,0.14726527183909457,1.382790877497421,-0.6192593319343211,0.3455039568479134
22,0.7333333333333334,tracked,1,1,0.543199147050587,0.4500572453917616,-0.22497617205003637,0.24155182541711054,-0.10301784584847429,0.14971037954965416,1.3820669416381766,-0.6193535449540655,0.3457950822609914
23,0.7666666666666667,tracked,1,1,0.5932726369629998,0.41819440636589256,-0.22514227999236136,0.24192674135664086,-0.103043413273604,0.14446185016077287,1.3844558446170705,-0.6141040500701954,0.3461727017583515
24,0.8,tracked,1,1,0.5293065913904353,0.4470352479343239,-0.2245845029634703,0.24245537370686693,-0.10205096123809743,0.15314743534088904,1.384330158669925,-0.6153191790409299,0.3458861169522494
25,0.8333333333333334,tracked,1,1,0.4639514396950666,0.4545246724026927,-0.2250491362296262,0.24215775361454303,-0.10172993885806925,0.15306814405135558,1.386896193508392,-0.6228354672104317,0.34588505578213274
26,0.8666666666666667,tracked,1,1,0.49904750679078497,0.47953901091465795,-0.22452269694711047,0.24211226520875545,-0.10151725439638837,0.15440432887845015,1.3855578317674193,-0.6201339886722869,0.3454483222554421
27,0.9,tracked,1,1,0.42633785840362987,0.47050236217915303,-0.2244907943351054,0.24248336659331046,-0.10121503102414414,0.14940844166907996,1.3894647117784178,-0.6167977245496802,0.3455991642363315
28,0.9333333333333333,tracked,0,1,0.5282622534391137,0.42574950469736816,-0.22358583450525515,0.2435001756556695,-0.10036690665458553,0.15675127486618626,1.379485196679262,-0.603327183235228,0.34548006727908853
29,0.9666666666666667,tracked,0,1,0.6222901957117222,0.45600009269073305,-0.2239291645786861,0.2437328346807861,-0.10143749854692063,0.15450338149048257,1.3770727641600053,-0.6051412061554203,0.3461784677906704
30,1.0,tracked,1,1,0.4259062164130844,0.47291806631030703,-0.2241680660720743,0.24226943332854378,-0.1018328087638552,0.15475302013070424,1.383860341713026,-0.6204252001501772,0.34542107797956323
31,1.0333333333333334,tracked,0,1,0.4488860408486236,0.4683760085860913,-0.22385268809384684,0.24397837987665819,-0.10008458381882651,0.15728007260115226,1.3789959670493404,-0.6019899788078408,0.3459080798886717
32,1.0666666666666667,tracked,1,1,0.5222136240640715,0.438131917036478,-0.22448589577853806,0.242463696231684,-0.10240208354337399,0.15867953330181234,1.378455629209635,-0.612236775349582,0.34593171017969304
33,1.1,tracked,1,1,0.5004445047002607,0.4327995042225601,-0.22425604229056006,0.24261763452630977,-0.10192624504547293,0.16181442125276888,1.3800753164203317,-0.6157741946056823,0.34574997977734906
34,1.1333333333333333,tracked,1,1,0.5339027289064986,0.4629539240740347,-0.2251188886842917,0.24253326327523184,-0.1028697018471828,0.16355172198562395,1.3776610777196516,-0.6131186519621766,0.34653004688700767
35,1.1666666666666667,tracked,1,1,0.4365666200618682,0.4604405781227445,-0.22547234177105752,0.24175376344837107,-0.10164457034391683,0.14419488137901512,1.383528731686035,-0.6256029820780182,0.345852971254513
36,1.2000000000000002,tracked,1,1,0.4555856217377973,0.5095028753644306,-0.22612941225760905,0.24096327531821093,-0.10232679255785054,0.1347611956941023,1.3829638988742627,-0.6220779348824385,0.34593147242659056
37,1.2333333333333334,tracked,1,1,0.5534289810046616,0.43510290274810137,-0.22275782123985663,0.24114700853657867,-0.09995237495070836,0.15056423660989587,1.386575500285981,-0.6187234544675461,0.34316672902243256
38,1.2666666666666668,tracked,1,1,0.5055908164725079,0.4521373673841099,-0.22479956941491078,0.2405622385208908,-0.1004234270709784,0.136506567429811,1.3900220275670505,-0.6249253512122843,0.34422362167055204
39,1.3,tracked,0,1,0.4472737136675538,0.4931336288728169,-0.22506456266611177,0.24444917821076992,-0.09738592766526688,0.16615255315297406,1.386938056572002,-0.6000834076155533,0.34625637467523035
40,1.3333333333333335,tracked,1,1,0.43802514879739113,0.4936208800793254,-0.22615493405167542,0.24073009579879456,-0.10330050621087694,0.1357136095963273,1.3727765070612314,-0.6236407577662614,0.34607517651897235
41,1.3666666666666667,tracked,1,1,0.4723541209177449,0.47705045447599065,-0.22654384597213398,0.24029368983180488,-0.10283640037828695,0.13410840330130636,1.3775872041150745,-0.6219844439363068,0.3458879829707776
42,1.4000000000000001,tracked,1,1,0.44172028304489264,0.4816645160001579,-0.22653935256695204,0.24053358886378284,-0.10287248890012596,0.13893265598357016,1.373227345751544,-0.6240976080901773,0.346062472113998
43,1.4333333333333333,tracked,0,1,0.4552206567776286,0.4578455815500426,-0.2263935056853523,0.24434370740880126,-0.09854101128827375,0.16656350345294857,1.3801434317953176,-0.6001649294182075,0.3473732828996744
44,1.4666666666666668,tracked,1,1,0.40341410783516807,0.49123555309778855,-0.2264628826068833,0.24070538903892963,-0.10182117927539935,0.13587352725269744,1.38165748042026,-0.6265265102726705,0.3458208699023737
45,1.5,tracked,0,1,0.5278820799824702,0.47773771149231714,-0.22625249735219047,0.24430656178344456,-0.09814431654825673,0.16755024045739703,1.3778348566513,-0.6015049279560252,0.3471429036568015
46,1.5333333333333334,tracked,0,1,0.4670951827102611,0.49134852712154625,-0.22550666627604807,0.24419805687996654,-0.0978716797852271,0.16983335822164258,1.3807923454641693,-0.6041922996635206,0.34650369871455966
47,1.5666666666666669,tracked,0,1,0.5235424152361224,0.4483848566253028,-0.22529487824485178,0.24460636522561574,-0.09677993137406071,0.1654632454402127,1.383915568136599,-0.5982847423258087,0.34634724077003676
48,1.6,tracked,0,1,0.5496314992609802,0.47851913389578205,-0.2252949730306951,0.24397836609893414,-0.09699420161252914,0.1653379454644057,1.3842308169047233,-0.6006162879325243,0.34596407782262467
49,1.6333333333333335,tracked,0,1,0.47681229898627575,0.4111256792829938,-0.225137415063816,0.24458243642362246,-0.09659583193613691,0.1691679855994003,1.3852176640462537,-0.6018696669565765,0.34617651366891816
50,1.6666666666666667,tracked,0,1,0.4676772493646482,0.5009892707719148,-0.22544716177419563,0.24431907932943436,-0.09674548660325788,0.16780549947892426,1.3851374314643021,-0.6046508714500185,0.3462339158062421
51,1.7000000000000002,tracked,1,1,0.447753906859806,0.49425836454681327,-0.22564244165332076,0.24038810684973586,-0.10161920791301343,0.1344208206260813,1.3818142778129838,-0.6253116127976728,0.3450035026009744
52,1.7333333333333334,tracked,1,1,0.45867436132397993,0.5164252566227099,-0.2251404357954259,0.24024659020955746,-0.10137301092024043,0.14042422935926815,1.37874765634657,-0.6265041470487235,0.3445041759986496
53,1.7666666666666668,tracked,0,1,0.48769189402366775,0.4785510468354771,-0.22595966345281432,0.24334758367460263,-0.09730472212295355,0.166576967408165,1.3863549735448892,-0.6038936063566079,0.3460404960917176
54,1.8016666666666667,tracked,0,1,0.5111962672292518,0.49246117828957603,-0.22570063181598046,0.24310072300694502,-0.09736133686149051,0.16587827217071877,1.3902086293792815,-0.6033484432777779,0.34571370618488473
55,1.8350000000000002,tracked,0,1,0.5058658575052813,0.49536265048369554,-0.22596098228548725,0.24324609380350348,-0.09809658581450548,0.1651400896764344,1.38603585883337,-0.6020850559055049,0.3461935409775112
56,1.8683333333333334,tracked,0,1,0.46380991840671343,0.5307254187538131,-0.22386380563995373,0.24381141872388454,-0.09501632296824192,0.16875995651992778,1.3950435293746242,-0.5999876115226277,0.34436479640950757
57,1.9016666666666668,tracked,0,1,0.5011169602318093,0.49923033251102567,-0.2248771743681892,0.2431872762250481,-0.096680227064944,0.16073938132961998,1.3905454065932525,-0.6020709373565339,0.3450461725260953
58,1.935,tracked,0,1,0.4815776958366014,0.4921564725648145,-0.22535524233078064,0.24318481289905497,-0.09760904807562087,0.1566550562440316,1.3867847223123149,-0.6013085846936638,0.3456173675279385
59,1.9683333333333335,tracked,1,1,0.4850912326312321,0.5061450491951558,-0.22389419475468725,0.24121378631149507,-0.10025659138224918,0.14589043618461905,1.3833635571508982,-0.621536001473572,0.3440408191874399
60,2.001666666666667,tracked,0,1,0.5541744747905759,0.4806513151631906,-0.22438389262337893,0.24350340637309678,-0.09617598291311152,0.15993384279044054,1.3916091375882718,-0.6000956886039188,0.3448069893047771
61,2.035,tracked,1,1,0.5037147488908073,0.4924317960387513,-0.224223983399804,0.24048034416687736,-0.10071077239810106,0.13651287939045723,1.3849862812165732,-0.6217921453643989,0.3438747596717699
62,2.0683333333333334,tracked,0,1,0.5763526205897858,0.44678381751204355,-0.22421452301737027,0.24318861193159771,-0.09612941163151584,0.15528597601060043,1.3936212982772191,-0.5989004009693327,0.34446148853789954
63,2.101666666666667,tracked,1,1,0.5053114315865923,0.48914492272025445,-0.22433604708763802,0.24070346105209464,-0.10014348247018573,0.13874115866772568,1.3856451868384954,-0.6225686272336245,0.34393827246559894
64,2.1350000000000007,tracked,1,1,0.5268698775277887,0.47132212942455043,-0.2247226905697008,0.2411205162849329,-0.10200041478140265,0.14330924512715337,1.3821598568248767,-0.6139372456625314,0.34502677525950975
65,2.1683333333333334,tracked,0,1,0.49799447570018557,0.5052370238317647,-0.22424062878087453,0.2425504967135006,-0.09778244324063923,0.15951917636390955,1.389665737474736,-0.6067724854952893,0.3444938450221087
66,2.2016666666666667,tracked,0,1,0.4718114298862782,0.44735703299881224,-0.22439571178646306,0.24253720426105496,-0.09773874398756593,0.15639358260259031,1.3913176269442775,-0.6060355570193571,0.34457305900953583
67,2.2350000000000003,tracked,0,1,0.49190476132135713,0.4440804777723257,-0.2247857284538626,0.2425727381941179,-0.09861666119096218,0.15858293742346932,1.3863770596419316,-0.6079159143015669,0.34510201809896557
68,2.2683333333333335,tracked,0,1,0.5206285742988576,0.4593135177887242,-0.22452014521690114,0.2432379960880353,-0.09791314274313184,0.1581989113879052,1.3883476894172586,-0.6031469030270762,0.3451970478885623
69,2.3016666666666667,tracked,0,1,0.53644237885274,0.46705987949059524,-0.22426863590834203,0.24382211875550636,-0.09779760817406968,0.16107479499792782,1.388689593576335,-0.6038587003038944,0.34541282375033733
70,2.335,tracked,0,1,0.5556506404375874,0.43461533087761917,-0.22487397612305318,0.24356709246441682,-0.09850049444224884,0.15488257209696582,1.3866964253695309,-0.6024889462854219,0.3458259404300504
71,2.3683333333333336,tracked,0,1,0.581896616295791,0.4748206158407149,-0.22448031757387468,0.24302560480559066,-0.09745084327771675,0.15311182897099831,1.3927564935810164,-0.6026736839800144,0.3448905977621438
72,2.401666666666667,tracked,0,1,0.42983122936066237,0.5437929080905606,-0.22412596463039233,0.24323471749150433,-0.09702631813618362,0.159558948063023,1.38545282880642,-0.6046598324711626,0.34468780399912574
73,2.435,tracked,1,1,0.49096426846603214,0.46655914990501224,-0.22487493275019638,0.2412115628283167,-0.10100696529911346,0.14164300574738875,1.3862651525553211,-0.6182190294885737,0.34489731872025425
74,2.468333333333334,tracked,0,1,0.4787835114001915,0.45731834315343123,-0.22526876679447333,0.24267407721785678,-0.09873252641889935,0.15602889748692825,1.3850070947819466,-0.6043323880082861,0.345521109079749
75,2.501666666666667,tracked,1,1,0.4719022571657367,0.44093890602959057,-0.22491326215534052,0.24169447722802292,-0.10167931952798398,0.14366771278493157,1.3849015587989937,-0.618958431372903,0.345457493529317
76,2.535,tracked,0,1,0.5929772850578223,0.43377684278027506,-0.22479461055244138,0.24308761341834756,-0.0984771482012014,0.1543694885555431,1.387536608837681,-0.6000325168057836,0.34543009922224954
77,2.5683333333333334,tracked,0,1,0.6102757141657633,0.42102826039120056,-0.2249774317974841,0.24277898077145105,-0.09836043856160681,0.15438938445545627,1.38467898628314,-0.5951379947251312,0.34529878974107026
78,2.601666666666667,tracked,0,1,0.5272710196586511,0.46561465194903895,-0.22571268357958751,0.2421452810486691,-0.09878349432669453,0.14158347273909824,1.388379675954503,-0.5992414349533434,0.3454543839846732
79,2.6350000000000007,tracked,0,1,0.5249478241827968,0.47150467425820175,-0.226322861980358,0.24185100535597787,-0.09986913480010995,0.13756681088389067,1.3835952497500774,-0.5974820557364604,0.3459592327607401
80,2.6683333333333334,tracked,0,1,0.5020611652659238,0.4660883240874002,-0.2254919518063434,0.2422374666034769,-0.09825939913752813,0.1370805961193863,1.3926837790945377,-0.5913184521896476,0.34522531783571864
81,2.7016666666666667,tracked,0,1,0.5522607928326738,0.46927316363129623,-0.22463352309390816,0.24248475316068208,-0.09692169244306914,0.14599808472709447,1.3969554308891152,-0.5894380360289823,0.3444602875209378
82,2.7350000000000003,tracked,0,1,0.4997314349960865,0.510247439713792,-0.2245816271803309,0.24271990896792672,-0.09624681649897976,0.14869873018644914,1.3970665807187492,-0.5921288123476003,0.3444028326865969
83,2.7683333333333335,tracked,0,1,0.4675936650184534,0.49816549875828325,-0.22584114602266006,0.24230516961476223,-0.09826502112699159,0.14141288708679015,1.3933647229399158,-0.5928867050149652,0.34550258007134366
84,2.8016666666666667,tracked,1,1,0.5286201200646917,0.4325461063320206,-0.22629678289974303,0.2410614333964521,-0.1013884060581805,0.12580035873000583,1.393496643703963,-0.6051636256661785,0.34583299077003055
85,2.835,tracked,0,1,0.46451531595994294,0.47875375555169825,-0.22585145022432968,0.2417889848910319,-0.0991046570558683,0.145327684474288,1.3879397614287121,-0.5926003058021317,0.34538749808473057
86,2.8683333333333336,tracked,0,1,0.4962921096329261,0.4879820442295337,-0.22644089510125623,0.24209315606444465,-0.09944828688572194,0.1429551426339157,1.3890328433420283,-0.5915571223996857,0.34608458063312575
87,2.901666666666667,tracked,1,1,0.5270169424101581,0.4593364313090924,-0.22549578930441902,0.2411433204730426,-0.10178768589202758,0.13869897652766008,1.3839511049484472,-0.606192527729505,0.3454839866072544
88,2.935,tracked,1,1,0.5545164257454039,0.44962338369898014,-0.22602566926547385,0.2404412587843908,-0.10274222954610207,0.12904788474670678,1.3843106946240469,-0.6036352651536179,0.34562344802520517
89,2.968333333333334,tracked,0,1,0.6007547319938632,0.42788865908535445,-0.2262643121675646,0.24273278248857605,-0.09954071464269526,0.14420085735447766,1.3885498460950205,-0.5918774411447807,0.346443496874867
90,3.001666666666667,tracked,1,1,0.5829966436313985,0.456315406565051,-0.2258074792414303,0.2415776500823876,-0.10198940329688433,0.1294413826855393,1.3866090468954353,-0.6091969314747687,0.34605002107434124
91,3.035,tracked,1,1,0.5677612569406628,0.46004194741982973,-0.2257903512158784,0.24178274100075875,-0.10194959995918168,0.1263740159299784,1.3864059979048764,-0.6081206730820232,0.34617033015535414
92,3.0683333333333334,tracked,0,1,0.514823768027244,0.4641725253183099,-0.22744753885647523,0.24240270429435798,-0.09956403395092944,0.14843573531951115,1.3791514346508356,-0.6098152010726122,0.34699344494913387
93,3.101666666666667,tracked,0,1,0.5198128966751964,0.4437640142662118,-0.2276592709388802,0.24293850613488194,-0.09943130512526382,0.15360844961094622,1.3776896715239324,-0.6150390977824632,0.3474686257007729
94,3.1350000000000007,tracked,1,1,0.588088535282647,0.4390559232667277,-0.22696016072989053,0.24147911671063396,-0.10340646925665048,0.14106614251326757,1.3694141386247272,-0.6282055206366363,0.3471541102306184
95,3.1683333333333334,tracked,0,1,0.5581363288257495,0.44980515065310245,-0.22779521675696923,0.2430222879474218,-0.10018892420925174,0.15272550889400835,1.3779532546113051,-0.6142773687653037,0.34783374441069026
96,3.2016666666666667,tracked,1,1,0.5363062803368901,0.4244967862053324,-0.227543618774243,0.2417754641716082,-0.10292953612062572,0.14510983193893975,1.3752680354727906,-0.6213985908708574,0.3476002918961401
97,3.2350000000000003,tracked,0,1,0.5976281913656165,0.3982659084692737,-0.2276394120755718,0.24299754174538446,-0.10014697939994938,0.15169770021514262,1.38624505812605,-0.605066519558969,0.34770235073600775
98,3.2683333333333335,tracked,0,1,0.5832405894541322,0.4359159459667783,-0.2273323775520073,0.24293258618203875,-0.10074994324575093,0.1559085793400186,1.3852113759519933,-0.6082046649442737,0.3476302667728518
99,3.3016666666666667,tracked,0,1,0.5416534319398061,0.43838587263384465,-0.22773744440686208,0.24267390694280178,-0.10085338746907258,0.15501190905391854,1.3845621665574437,-0.6086971781720684,0.34774469724186896
100,3.3350000000000004,tracked,0,1,0.5816667171760274,0.4399303248287224,-0.22705406544338846,0.2426514874554409,-0.1003523852322295,0.1631845916212144,1.388201246170098,-0.6097422786988281,0.34713670825844145
101,3.3683333333333336,tracked,0,1,0.5223679081648017,0.5077570945735109,-0.2287018634283118,0.2427666926082057,-0.10317302077526219,0.16305423882795114,1.382312690253301,-0.6088837212667654,0.34912015351652487
102,3.401666666666667,tracked,0,1,0.5024537254946273,0.4394085550494461,-0.2279995538438557,0.24260527071761595,-0.1014511583153575,0.16832975934313152,1.3879471879897762,-0.6110116848540592,0.34804231273868513
103,3.435,tracked,1,1,0.4364584000108527,0.47178684201645427,-0.22721192642526675,0.24236036897772362,-0.10214202439383896,0.165168330850653,1.3882696972402195,-0.6198146546239671,0.34755834202068975
104,3.468333333333334,tracked,0,1,0.5143771119885349,0.4472600140206352,-0.22870727265935428,0.2425609201256305,-0.10239449090888958,0.1658228972037197,1.3917886093626541,-0.6082325024891416,0.34875126997326245
105,3.501666666666667,tracked,0,1,0.48021412504377325,0.4855204003321868,-0.22939474419597927,0.24296032202204834,-0.10228072080656958,0.1746807291039032,1.388769560418072,-0.6071481293310986,0.34944672353666106
106,3.535,tracked,0,1,0.4892135792827474,0.4772575752837877,-0.2282478969670547,0.24255128276368265,-0.10116821021430772,0.17438427606164872,1.3915554540892645,-0.6075313357886954,0.348085095915004
107,3.5683333333333334,tracked,1,1,0.5469181684189319,0.4737441064346217,-0.2276571169536758,0.24175832606783762,-0.10418659785370854,0.16001407398918296,1.3788306656375255,-0.6212976881703484,0.34803692087925514
108,3.601666666666667,tracked,0,1,0.5244530163556811,0.4934691994013367,-0.2271711440045365,0.24324145733583133,-0.1003539972334187,0.17766126593882145,1.3825202711798823,-0.6069375572637574,0.3476263223576631
109,3.6350000000000007,tracked,1,1,0.49133476599864284,0.5250457684398417,-0.22811876302967365,0.24159442696867525,-0.10484071012370394,0.16670161964672417,1.3813654780556026,-0.6225854004175168,0.34842160048962734
110,3.6683333333333334,tracked,0,1,0.534424453072595,0.49732585382734773,-0.22842198087666213,0.24156140134302517,-0.10224927242891418,0.17532558122356248,1.3815139269824854,-0.613132679870976,0.34782671789077185
111,3.701666666666667,tracked,0,1,0.5731580503547206,0.4912401690552345,-0.22748102434691145,0.2416133082077139,-0.10048347387995205,0.18391652111062912,1.390115018851524,-0.6191699857978852,0.34672977325862697
112,3.7350000000000003,tracked,0,1,0.49443637419836434,0.49411605537676523,-0.22903520550572962,0.2412919763306443,-0.10245165122381489,0.1823273549126067,1.3869901492122974,-0.6159325921787888,0.34810240453218105
113,3.7683333333333335,tracked,0,1,0.5076289474684662,0.48912181161476853,-0.22924389425621047,0.24108090619594397,-0.10173650422137126,0.17960310390611728,1.386586384118486,-0.6175202555645324,0.3478837200519668
114,3.8016666666666667,tracked,1,1,0.582244720340377,0.5155687299741022,-0.22803700287008435,0.24073271654926484,-0.10302414557745926,0.17839097233976764,1.3835617099286037,-0.6304414499771823,0.3472277207642343
115,3.8350000000000004,tracked,0,1,0.5992135635482218,0.5313620341102351,-0.22867809861993318,0.24110187881964643,-0.0998864361346346,0.18856680412218976,1.3836668202012805,-0.6231381913189368,0.3469886005079559
116,3.8683333333333336,tracked,0,1,0.535154216674749,0.44126649296442255,-0.22907511851211335,0.24112103171252763,-0.10039367693885981,0.18083428187442127,1.3797983633244402,-0.6239206562288341,0.3474099195831298
117,3.901666666666667,tracked,1,1,0.5407857739222134,0.4406340217210901,-0.22799657020277703,0.24076120087698,-0.09954470398090387,0.16811306600402767,1.3778525689100656,-0.6408537740584284,0.3462044770978578
118,3.935,tracked,0,1,0.529881556180219,0.4625041454728078,-0.22803925009997528,0.24096107018561166,-0.09604133929169228,0.18069617238109822,1.3701547085583832,-0.630109298396443,0.3453810588091019
119,3.968333333333334,tracked,1,1,0.473098515873092,0.49641452185981433,-0.22636548008166132,0.24014856416289695,-0.09512739568864259,0.16244975030694325,1.3622336150791003,-0.6441211674403169,0.34345579752364874
120,4.001666666666667,tracked,1,1,0.5288258407932717,0.48238979285514916,-0.22595916887161738,0.2406143436481875,-0.09248141941580734,0.16185011492364285,1.3586503167809623,-0.6431234694843356,0.3427909294359503
121,4.035,tracked,0,1,0.4692760502586554,0.5293591437011422,-0.2262944576922771,0.24119526007375774,-0.08715252657954431,0.17924857210871836,1.371849388097418,-0.6394404219440648,0.342023241832317
122,4.068333333333333,tracked,0,1,0.4749150278563512,0.5236257987579371,-0.22502823396002833,0.24050166681559274,-0.08329212111144324,0.17645216578999307,1.3616978792830021,-0.6465079236398357,0.3397297974265592
123,4.101666666666667,tracked,0,1,0.5508745587501231,0.40741708600152315,-0.22549717952537063,0.24062133158726481,-0.08103683515561266,0.16022665027582145,1.3585630406683504,-0.6448377091540862,0.33957999328694793
124,4.135000000000001,tracked,0,1,0.5466521829805401,0.48129869211239773,-0.22484806647108044,0.24157888184585913,-0.07765272400390061,0.15555797898860332,1.3502701046800065,-0.6472143900588028,0.3390382790997278
125,4.168333333333334,tracked,0,1,0.49634725167042143,0.49516797387036443,-0.22315550320180383,0.24291057100631622,-0.0726524938232978,0.15667972257576362,1.3489325690218148,-0.6450672890238632,0.33776072740123175
126,4.201666666666667,tracked,1,1,0.5546549849294167,0.46883908791581264,-0.22141514743858823,0.2439089360507753,-0.07042470632168135,0.14394290856058065,1.3337638703035728,-0.6541302742729518,0.3368618052869278
127,4.235,tracked,1,1,0.6069740503292406,0.4784132056408662,-0.21941442581707388,0.24507136660261575,-0.06543428628032616,0.15115133209089604,1.3394896493135475,-0.6503091165883341,0.3353868077401459
128,4.2683333333333335,tracked,1,1,0.6340416367488392,0.48414206445870367,-0.21929439491372785,0.24628148276135464,-0.06302709098857406,0.1479503897045476,1.3376070016842836,-0.652580055863351,0.3357335470133889
129,4.301666666666667,tracked,1,1,0.5690507983763287,0.4939445569761334,-0.21896754951819047,0.2473855390996365,-0.06029693305690875,0.14854151375091565,1.31885905287195,-0.6490557321178569,0.33583048228784756
130,4.335,tracked,0,1,0.6333099192626677,0.5102258159472723,-0.2189936369025053,0.24770793154825388,-0.054494801337408916,0.15668843948468775,1.3425365338619484,-0.6441599532369416,0.3350926972175079
131,4.368333333333333,tracked,1,1,0.5816774723581526,0.48779946570973065,-0.217809141097847,0.24939190200329414,-0.05326577693284884,0.13860351572548646,1.3348481240933652,-0.6562693348976445,0.33537201094137614
132,4.401666666666667,tracked,1,1,0.6339186934137349,0.49723560281655677,-0.21611258293285612,0.2509389976116123,-0.0489949539813459,0.13929112236754668,1.3388396548368544,-0.6484198484106131,0.33477684289667586
133,4.4350000000000005,tracked,1,1,0.6856342461741187,0.534846387225677,-0.21496663227238255,0.2521267024447248,-0.045737127997621585,0.14473969030526299,1.3451316309426555,-0.642973397022515,0.3344703454024756
134,4.468333333333334,tracked,1,1,0.6208038127634279,0.4986700600119054,-0.21504737443451763,0.25355381025315094,-0.04345928020110218,0.1445263932318303,1.338389290607729,-0.6399856682949552,0.3352963122085723
135,4.501666666666667,tracked,0,1,0.6942756164072329,0.5377076718186934,-0.21641387633366163,0.2538844942321479,-0.039403386685989306,0.14321652919271838,1.3479038845796965,-0.6260264945117933,0.33592399313475735
136,4.535,tracked,1,1,0.6661151960562657,0.49548260140942335,-0.21352796256924547,0.2560070581508222,-0.037045011887377244,0.13212650762420233,1.353332390460135,-0.6343436390983995,0.3354193457863566
137,4.568333333333333,tracked,1,1,0.649227517654562,0.5265060059455829,-0.21283633542522018,0.25713731230076065,-0.034372433419635695,0.1326385466307812,1.3481872732987235,-0.6338391321828968,0.33555978190731234
138,4.601666666666667,tracked,1,1,0.5438830425110208,0.5370059075409037,-0.21268345668549746,0.25860132946460035,-0.03114048329717467,0.13778515487919196,1.3512903970013732,-0.6316061172093291,0.3362716610845051
139,4.635000000000001,tracked,1,1,0.6202865474568124,0.5229814698169772,-0.21211249803502266,0.2591759405692573,-0.02894456233071252,0.1290229526248452,1.3508379462896578,-0.6312181599395855,0.33615720679636363
140,4.668333333333334,tracked,1,1,0.7004060384709847,0.5233630050040663,-0.21165024283433806,0.2602023962925715,-0.026297309242966693,0.1252657839500044,1.357613952637269,-0.6248476221505543,0.3364411698969835
141,4.701666666666667,tracked,1,1,0.6763860341176989,0.5241668519864134,-0.21120036505434403,0.26091954451648325,-0.023636250965863914,0.12225646266562827,1.3586276236713244,-0.6256107034184674,0.33651638187389715
142,4.735,tracked,1,1,0.6626495276605523,0.5355251544450609,-0.2103651234484321,0.2615984710204818,-0.020336615564237548,0.12611517648025222,1.3652700934312723,-0.6284624738923643,0.3363046582138516
143,4.7683333333333335,tracked,1,1,0.6914610738498256,0.5340639790339713,-0.21098753215856228,0.2616633129543154,-0.01960499136431859,0.12453459539640555,1.3649261655454905,-0.628091232898892,0.33670132723080165
144,4.801666666666667,tracked,1,1,0.7193864944362196,0.524870813823479,-0.2109746228086555,0.26229651453015784,-0.01855041175941108,0.12341317581624822,1.3714851348068315,-0.6293346428477441,0.33712589752252414
145,4.835,tracked,1,1,0.7080509883986327,0.543531294704693,-0.21107228147355567,0.2623069041779068,-0.017847372051547628,0.12317228628518871,1.3664193538388496,-0.632588229513699,0.3371571572353105
146,4.868333333333334,tracked,1,1,0.7019823648345259,0.5339243653282494,-0.21067893887281372,0.2629618249337948,-0.016841190859791633,0.12437556076709366,1.3663348548267935,-0.6303782599773715,0.33736947456262617
147,4.901666666666667,tracked,1,1,0.7440943800238631,0.5072479576527793,-0.2107128875574399,0.26322265101503195,-0.016593418207572486,0.1214818061604756,1.3537177918296,-0.6290949502495403,0.3375817330928719
148,4.9350000000000005,tracked,1,1,0.6206530323337602,0.5253316244141455,-0.211410395742768,0.2629266451966895,-0.016793925025588463,0.11250375126859123,1.3504653207421327,-0.6386438390720431,0.3377969983588734
149,4.968333333333334,tracked,1,1,0.6365517894752318,0.5577455411021016,-0.21117982904627886,0.2628366436812923,-0.015402182015949173,0.1190652340305941,1.3528043999739825,-0.6320228377729359,0.3375162939304036
150,5.001666666666667,tracked,1,1,0.6279259630502269,0.5543370171168646,-0.21071848367954116,0.2630596641120927,-0.013620588325309158,0.1228145327526467,1.3634488930960669,-0.6286424344091749,0.3373250460213407
151,5.035,tracked,1,1,0.6545197404526024,0.5279498613256186,-0.20871571758721846,0.2627487110142654,-0.009856331968113252,0.13161965026120448,1.3806686322930264,-0.62960956995007,0.3357026708077717
152,5.068333333333333,tracked,1,1,0.723054042372029,0.5407903939740707,-0.21129040913216574,0.2624309597749631,-0.010405989496152013,0.12067941882300401,1.3697047176486759,-0.6263884020480991,0.337078522390615
153,5.101666666666667,tracked,1,1,0.6990750091359075,0.5684619337817567,-0.21185177978834735,0.26210620380333555,-0.009144356169061785,0.12213868628468286,1.359240355630049,-0.6226994698293988,0.3371415992152744
154,5.135000000000001,tracked,1,1,0.6768361388970544,0.5545448826666038,-0.21253783897248754,0.2617116572256528,-0.007122016794916752,0.12390927262950076,1.362790429168532,-0.6173495125955805,0.3372181010060399
155,5.168333333333334,tracked,1,1,0.6991755365977046,0.5551936999986717,-0.21081093494538514,0.26090217470904176,-0.0028537899681756462,0.1297975807404206,1.359121497108114,-0.6207727963732381,0.3354390245299989
156,5.201666666666667,tracked,1,1,0.8313323299437094,0.5418374393623542,-0.2121072658454847,0.2601977171256993,-0.0014555501270520632,0.12066234067476674,1.3316070313664,-0.6067600065869019,0.3356999595591946
157,5.235,tracked,1,1,0.7608277207009411,0.567397506562114,-0.21274924480881588,0.25979881958221784,0.0017237140596669254,0.11451335092098655,1.3410345048818673,-0.607049339585009,0.33579850954582086
158,5.2683333333333335,tracked,1,1,0.7835199614085605,0.5582225245428069,-0.21427676396388956,0.2592499576581051,0.004448402922647421,0.10716217191660952,1.3511066851663032,-0.605049920383727,0.33637012413281886
159,5.301666666666667,tracked,1,1,0.881153187859117,0.5729612791919676,-0.21370093190860376,0.258239815794966,0.009373431289491196,0.10658747111801405,1.3587452214768043,-0.6038249746936168,0.33532633653586247
160,5.335,tracked,1,1,0.8295585488967733,0.6220326452287489,-0.21149576864241498,0.2566761678896221,0.015775590167385334,0.10557430932531559,1.37151048931988,-0.6015231844740844,0.33295943380729837
161,5.368333333333334,tracked,1,1,0.782071008397984,0.6064542811191858,-0.2111004212252273,0.2548753758457442,0.020209150104799123,0.1075489576313063,1.3885822310025855,-0.6025745476862625,0.3315618415951028
162,5.401666666666667,tracked,1,1,0.7868001530291499,0.6594835572779424,-0.20919438691386108,0.2525811815937698,0.025404097364001343,0.10960774327888848,1.4049474337522048,-0.6028219877124705,0.32894515192422397
163,5.436666666666668,tracked,1,1,0.712093962868767,0.6476103338056431,-0.2093056407732409,0.25035618228959555,0.027942916870449697,0.10602998741285197,1.4091278601128385,-0.6005627173073551,0.32751774894400304
164,5.470000000000001,tracked,1,1,0.7629150738250857,0.6758440520918608,-0.2087896961748267,0.24748883460793067,0.031135017850917768,0.10462198471871134,1.41888514416743,-0.5993933116503359,0.32528948618260795
165,5.503333333333334,tracked,1,1,0.6903809770598968,0.6809951365371891,-0.20776902034511802,0.2442142366072593,0.03388842775583378,0.09456254451637713,1.4300516102747256,-0.5983884715129482,0.32242361066243097
166,5.536666666666667,missing_tag,0,0,,,,,,,,,
167,5.57,tracked,1,1,0.6198730967293139,0.6209171355450734,-0.21134695551796315,0.23664771961480155,0.03509159821642588,0.126846944899329,1.4259832852398353,-0.591817750970502,0.3192195154920524
168,5.6033333333333335,missing_tag,1,0,,,,,,,,,
169,5.636666666666667,missing_tag,1,0,,,,,,,,,
170,5.67,missing_tag,1,0,,,,,,,,,
171,5.703333333333334,tracked,1,1,0.4926061619814263,0.6666356004113361,-0.214549536057302,0.21694978961118677,0.03901122520366801,0.11987769693855645,1.4305014185990483,-0.5719304011873595,0.3076046006265723
172,5.736666666666667,missing_tag,1,0,,,,,,,,,
173,5.770000000000001,missing_tag,1,0,,,,,,,,,
174,5.803333333333334,missing_tag,1,0,,,,,,,,,
175,5.836666666666667,missing_tag,1,0,,,,,,,,,
176,5.87,missing_tag,1,0,,,,,,,,,
177,5.903333333333333,missing_tag,1,0,,,,,,,,,
178,5.936666666666668,missing_tag,1,0,,,,,,,,,
179,5.970000000000001,missing_tag,1,0,,,,,,,,,
180,6.003333333333334,missing_tag,1,0,,,,,,,,,
181,6.036666666666667,missing_tag,1,0,,,,,,,,,
182,6.07,missing_tag,1,0,,,,,,,,,
183,6.1033333333333335,missing_tag,1,0,,,,,,,,,
184,6.136666666666667,missing_tag,1,0,,,,,,,,,
185,6.170000000000001,missing_tag,0,0,,,,,,,,,
186,6.203333333333334,missing_tag,1,0,,,,,,,,,
187,6.236666666666667,missing_tag,1,0,,,,,,,,,
188,6.270000000000001,missing_tag,1,0,,,,,,,,,
189,6.303333333333334,missing_tag,1,0,,,,,,,,,
190,6.336666666666667,missing_tag,0,0,,,,,,,,,
191,6.37,missing_tag,1,0,,,,,,,,,
192,6.403333333333333,missing_tag,1,0,,,,,,,,,
193,6.436666666666668,missing_tag,1,0,,,,,,,,,
194,6.470000000000001,missing_tag,1,0,,,,,,,,,
195,6.503333333333334,tracked,1,1,0.37880192496466697,0.5493740382219363,-0.26391735074165334,0.10134446567694907,0.02471072880700792,0.17991834426430356,1.4106214644128008,-0.5283577052541277,0.2837845817940303
196,6.536666666666667,tracked,1,1,0.46769134993174055,0.5288314272357807,-0.26423901543118655,0.09810344751544303,0.025264307269313613,0.19290952321768198,1.4072100501382454,-0.5279292089122735,0.282992630491072
197,6.57,tracked,0,1,0.3768219892936651,0.5506330186294035,-0.26965227124940777,0.09301050508353532,0.021094433326842965,0.20509753762162392,1.4200532310800809,-0.5221160644840704,0.2860214617178913
198,6.6033333333333335,tracked,0,1,0.4424218908173214,0.5608645169803625,-0.26898864780021825,0.0899851610380318,0.02156369133917313,0.20088839562037578,1.4278060656149025,-0.5197530501991597,0.2844595131764826
199,6.636666666666667,tracked,0,1,0.3971694306046599,0.5362590786620963,-0.2744932597870622,0.0854437416359574,0.01678716289927995,0.21528537054719968,1.4061247130704546,-0.515396870108957,0.2879739423827906
200,6.670000000000001,missing_tag,1,0,,,,,,,,,
201,6.703333333333334,missing_tag,1,0,,,,,,,,,
202,6.736666666666667,missing_tag,1,0,,,,,,,,,
203,6.770000000000001,missing_tag,1,0,,,,,,,,,
204,6.803333333333334,missing_tag,1,0,,,,,,,,,
205,6.836666666666667,missing_tag,1,0,,,,,,,,,
206,6.87,missing_tag,1,0,,,,,,,,,
207,6.903333333333334,missing_tag,1,0,,,,,,,,,
208,6.936666666666668,missing_tag,1,0,,,,,,,,,
209,6.970000000000001,missing_tag,1,0,,,,,,,,,
210,7.003333333333334,missing_tag,1,0,,,,,,,,,
211,7.036666666666667,missing_tag,1,0,,,,,,,,,
212,7.07,tracked,0,1,0.25283191163538743,0.3836413237375986,-0.28346184680097325,0.05808448808086758,-0.014107882878092615,0.2110843352000773,1.4649472498312506,-0.4745428593354831,0.28969545855386974
213,7.1033333333333335,missing_tag,1,0,,,,,,,,,
214,7.136666666666667,missing_tag,1,0,,,,,,,,,
215,7.170000000000001,tracked,1,1,0.4163265133345908,0.44174990741746223,-0.28493777651981417,0.05688465273401114,-0.018786784612151386,0.2044474000009562,1.444599882912113,-0.47654276174065247,0.2911672088006958
216,7.203333333333334,tracked,1,1,0.2609801597575587,0.42757892998822034,-0.2820970202915959,0.05741522358057852,-0.016586621185563033,0.20999547116104025,1.4504532299920219,-0.47629887080904343,0.28835802877422756
217,7.236666666666667,missing_tag,1,0,,,,,,,,,
218,7.270000000000001,missing_tag,1,0,,,,,,,,,
219,7.303333333333334,missing_tag,1,0,,,,,,,,,
220,7.336666666666667,missing_tag,1,0,,,,,,,,,
221,7.37,missing_tag,0,0,,,,,,,,,
222,7.403333333333334,missing_tag,1,0,,,,,,,,,
223,7.436666666666668,missing_tag,0,0,,,,,,,,,
224,7.470000000000001,missing_tag,1,0,,,,,,,,,
225,7.503333333333334,missing_tag,1,0,,,,,,,,,
226,7.536666666666667,tracked,0,1,0.4664613460247488,0.35481051827509463,-0.28790785539659447,0.048435586783249635,-0.03418336021966334,0.2070921704132849,1.4447930564616212,-0.49844710022902916,0.29394802496701916
227,7.57,tracked,1,1,0.4678626615705907,0.411331612238171,-0.28421212448081257,0.04991869202256616,-0.03530586728178514,0.20956948126948782,1.4330465110357073,-0.48999406629088826,0.29071448498425345
228,7.6033333333333335,missing_tag,0,0,,,,,,,,,
229,7.636666666666667,missing_tag,1,0,,,,,,,,,
230,7.670000000000001,missing_tag,0,0,,,,,,,,,
231,7.703333333333334,missing_tag,0,0,,,,,,,,,
232,7.736666666666667,missing_tag,0,0,,,,,,,,,
233,7.770000000000001,missing_tag,0,0,,,,,,,,,
234,7.803333333333334,missing_tag,0,0,,,,,,,,,
235,7.836666666666667,missing_tag,1,0,,,,,,,,,
236,7.87,missing_tag,0,0,,,,,,,,,
237,7.903333333333334,missing_tag,0,0,,,,,,,,,
238,7.936666666666668,missing_tag,1,0,,,,,,,,,
239,7.970000000000001,missing_tag,1,0,,,,,,,,,
240,8.003333333333334,missing_tag,1,0,,,,,,,,,
241,8.036666666666667,missing_tag,0,0,,,,,,,,,
242,8.07,missing_tag,1,0,,,,,,,,,
243,8.103333333333333,missing_tag,1,0,,,,,,,,,
244,8.136666666666667,missing_tag,0,0,,,,,,,,,
245,8.17,missing_tag,0,0,,,,,,,,,
246,8.203333333333333,missing_tag,1,0,,,,,,,,,
247,8.236666666666666,missing_tag,1,0,,,,,,,,,
248,8.270000000000001,missing_tag,0,0,,,,,,,,,
249,8.303333333333335,missing_tag,0,0,,,,,,,,,
250,8.336666666666668,missing_tag,1,0,,,,,,,,,
251,8.370000000000001,missing_tag,1,0,,,,,,,,,
252,8.403333333333334,missing_tag,1,0,,,,,,,,,
253,8.436666666666667,missing_tag,1,0,,,,,,,,,
254,8.47,missing_tag,1,0,,,,,,,,,
255,8.503333333333334,missing_tag,1,0,,,,,,,,,
256,8.536666666666667,missing_tag,1,0,,,,,,,,,
257,8.57,missing_tag,1,0,,,,,,,,,
258,8.603333333333333,missing_tag,1,0,,,,,,,,,
259,8.636666666666667,missing_tag,1,0,,,,,,,,,
260,8.67,missing_tag,1,0,,,,,,,,,
261,8.703333333333333,missing_tag,1,0,,,,,,,,,
262,8.736666666666666,missing_tag,1,0,,,,,,,,,
263,8.770000000000001,missing_tag,1,0,,,,,,,,,
264,8.803333333333335,missing_tag,0,0,,,,,,,,,
265,8.836666666666668,missing_tag,1,0,,,,,,,,,
266,8.870000000000001,missing_tag,1,0,,,,,,,,,
267,8.903333333333334,tracked,1,1,0.3495681810919833,0.24209098013322194,-0.2859052114548464,0.03932063908435829,-0.08959635823259054,0.22028054915574496,1.4393366650928994,-0.4305498228932263,0.3021843973529829
268,8.936666666666667,missing_tag,1,0,,,,,,,,,
269,8.97,missing_tag,1,0,,,,,,,,,
270,9.005,missing_tag,1,0,,,,,,,,,
271,9.038333333333334,missing_tag,1,0,,,,,,,,,
272,9.071666666666667,missing_tag,0,0,,,,,,,,,
273,9.105,missing_tag,1,0,,,,,,,,,
274,9.138333333333334,missing_tag,1,0,,,,,,,,,
275,9.171666666666667,missing_tag,1,0,,,,,,,,,
276,9.205,tracked,1,1,0.2988934638427331,0.24281540418750025,-0.2874088527240096,0.03971341692606192,-0.09293720255318344,0.20766536534251984,1.3906330470041772,-0.431540948832555,0.3046610046042751
277,9.238333333333333,missing_tag,1,0,,,,,,,,,
278,9.271666666666667,tracked,1,1,0.37697805684652314,0.2532383723136254,-0.2869387910989577,0.039712063629014915,-0.09294790010600934,0.20387250907576535,1.3854784883391347,-0.4418202904129641,0.3042206928680607
279,9.305,tracked,1,1,0.4642691954368328,0.03521989919146251,-0.2874937108340261,0.04015592388621758,-0.09259265998601351,-0.7814657109418456,0.06865453799750494,0.16413788821340142,0.3046941625229466
280,9.338333333333335,missing_tag,1,0,,,,,,,,,
281,9.371666666666668,tracked,1,1,0.3298473643738635,0.3389953936822997,-0.28770782644992277,0.03987061791564969,-0.09378951906539551,0.19595615703162747,1.3792804017260785,-0.44453595699398873,0.30522439853332956
282,9.405000000000001,tracked,1,1,0.3987817078524469,0.2613849508627793,-0.2862294295459442,0.04029075801792664,-0.09095374022867564,0.19587605931427526,1.3803107785597744,-0.4493879033539636,0.3030234551671556
283,9.438333333333334,tracked,1,1,0.3160986608806071,0.3210096908878287,-0.2864187296324663,0.04079827631164748,-0.09134213271919583,0.19935184160372443,1.3812706689540928,-0.451478291567203,0.30338683762478647
284,9.471666666666668,tracked,1,1,0.3615640585812371,0.27605143181391656,-0.2871874219811136,0.040002639875525714,-0.09183181127807127,0.19295483844389005,1.3748406108524291,-0.449683340006428,0.3041544149010178
285,9.505,tracked,1,1,0.3920373227466529,0.31252804142320945,-0.2868296625190747,0.04071160642916269,-0.09233499417425695,0.1949060052388353,1.372852744485665,-0.45327546761157156,0.3040632193278388
286,9.538333333333334,tracked,1,1,0.3707455948780722,0.317991996450869,-0.2895206817481425,0.039787802033567715,-0.0944959704959023,0.18386247117177013,1.3710606363356825,-0.4548890752076593,0.3071396796093498
287,9.571666666666667,tracked,1,1,0.4000039879808671,0.31942557366698787,-0.29036443856705185,0.03906768475640143,-0.09539994945957098,0.18061303586308322,1.3650201787862186,-0.4563939823506048,0.30812163431585504
288,9.605,tracked,1,1,0.37123333607062214,0.27099515830869325,-0.28881755223050887,0.040572638152573726,-0.09228856311522121,0.1874082287912116,1.3783655964322936,-0.4579452719958143,0.30590667911138286
289,9.638333333333334,tracked,1,1,0.34377843494390325,0.30802140588507254,-0.28633130629817216,0.040455215425396485,-0.09109847386607028,0.1884126702114965,1.3729698829796277,-0.4583795810325501,0.3031850480519447
290,9.671666666666667,tracked,1,1,0.34631266934571203,0.30931251195061427,-0.28761073666721965,0.03983864940410703,-0.09286197401174678,0.18351069786753801,1.3687183648251446,-0.4546633848700013,0.30484487866776183
291,9.705,tracked,1,1,0.3582328264775954,0.2590639392432384,-0.2863639620704629,0.040123253298378125,-0.09182244117984417,0.1860145049591464,1.3716075016124798,-0.4559217704355031,0.30339010355014095
292,9.738333333333333,tracked,0,1,0.3594745924954355,0.39988513916064355,-0.2949447992303533,0.0350801150497555,-0.09503842583725353,0.1567652055907793,1.3807202555015181,-0.46880161408536186,0.3118579026585035
293,9.771666666666667,tracked,1,1,0.33958664721664933,0.3509868787275626,-0.2866372080183577,0.040426673135323,-0.09244757810835202,0.18963004004131492,1.3692524118107772,-0.4553743016591118,0.303877869578305
294,9.805000000000001,tracked,1,1,0.30701353190989566,0.31052040509037393,-0.284534131936695,0.040727599296942085,-0.09039342991824928,0.19646543888819876,1.3709182960790574,-0.45331158443640046,0.30131276400751145
295,9.838333333333335,tracked,1,1,0.41337566623150435,0.3064766754099819,-0.2873794846451525,0.03918851298587914,-0.0935018606038493,0.1773289454600768,1.3598423755687827,-0.45715968397243684,0.3047380935842113
296,9.871666666666668,tracked,0,1,0.3580928355982545,0.32012118955522023,-0.29250001317906177,0.03560389704715214,-0.09311851399232579,0.16048484703542978,1.3836097656473807,-0.4684610533098474,0.30902257659082855
297,9.905000000000001,tracked,0,1,0.30758286515949396,0.3853850096727762,-0.29164238270399157,0.03597814039850372,-0.09225717350355395,0.1646339562542173,1.3860315871825184,-0.46818888950463833,0.3079952792473625
298,9.938333333333334,tracked,1,1,0.39862309474225466,0.3396505433341176,-0.28721538291688553,0.03984686732966891,-0.0928676040583607,0.1893613485882333,1.3666726715963693,-0.45709397725444845,0.30447469665576793
299,9.971666666666668,missing_tag,1,0,,,,,,,,,
300,10.005,tracked,0,1,0.4054154859962132,0.34814253415722823,-0.29106839264176254,0.03593359990200054,-0.09186258394837621,0.17214207090363928,1.3891097846358331,-0.4648110498245087,0.30732843527185827
301,10.038333333333334,tracked,1,1,0.3045367789805356,0.3490415392220558,-0.28720924978943707,0.03943668322087801,-0.09221723258060849,0.18387763495035628,1.3747283687843628,-0.4553206953984706,0.30421772323929647
302,10.071666666666667,tracked,1,1,0.32402095387744184,0.33356966062524757,-0.2859813037396791,0.040391695214779755,-0.09139648991390531,0.1950178613520928,1.372912213902583,-0.4546514054921041,0.30293582406105896
303,10.105,tracked,1,1,0.3577704486619193,0.2133923300691586,-0.28190145973057035,0.041247168290296565,-0.08791445660376845,0.19909049336298015,1.3731902599390116,-0.45689513193961173,0.2981588730360549
304,10.138333333333334,missing_tag,0,0,,,,,,,,,
305,10.171666666666667,missing_tag,1,0,,,,,,,,,
306,10.205,tracked,1,1,0.45092717930801923,0.2584546746633343,-0.28737523285727024,0.039695605764313774,-0.09210211884660235,0.20411859577570587,1.36396121595204,-0.4607802415849443,0.3043732344881852
307,10.238333333333333,missing_tag,1,0,,,,,,,,,
308,10.271666666666667,missing_tag,1,0,,,,,,,,,
309,10.305000000000001,missing_tag,1,0,,,,,,,,,
310,10.338333333333335,missing_tag,1,0,,,,,,,,,
311,10.371666666666668,missing_tag,1,0,,,,,,,,,
312,10.405000000000001,missing_tag,1,0,,,,,,,,,
313,10.438333333333334,missing_tag,1,0,,,,,,,,,
314,10.471666666666668,missing_tag,1,0,,,,,,,,,
315,10.505,missing_tag,0,0,,,,,,,,,
316,10.538333333333334,missing_tag,0,0,,,,,,,,,
317,10.571666666666667,missing_tag,1,0,,,,,,,,,
318,10.605,missing_tag,1,0,,,,,,,,,
319,10.638333333333334,missing_tag,1,0,,,,,,,,,
320,10.671666666666667,missing_tag,0,0,,,,,,,,,
321,10.705,missing_tag,1,0,,,,,,,,,
322,10.738333333333333,missing_tag,1,0,,,,,,,,,
323,10.771666666666667,missing_tag,1,0,,,,,,,,,
324,10.805000000000001,missing_tag,1,0,,,,,,,,,
325,10.838333333333335,missing_tag,0,0,,,,,,,,,
326,10.871666666666668,missing_tag,0,0,,,,,,,,,
327,10.905000000000001,missing_tag,1,0,,,,,,,,,
328,10.938333333333334,missing_tag,0,0,,,,,,,,,
329,10.971666666666668,missing_tag,1,0,,,,,,,,,
330,11.005,missing_tag,1,0,,,,,,,,,
331,11.038333333333334,missing_tag,1,0,,,,,,,,,
332,11.071666666666667,missing_tag,1,0,,,,,,,,,
333,11.105,missing_tag,1,0,,,,,,,,,
334,11.138333333333334,missing_tag,1,0,,,,,,,,,
335,11.171666666666667,missing_tag,0,0,,,,,,,,,
336,11.205,missing_tag,1,0,,,,,,,,,
337,11.238333333333333,missing_tag,0,0,,,,,,,,,
338,11.271666666666668,missing_tag,1,0,,,,,,,,,
339,11.305000000000001,missing_tag,1,0,,,,,,,,,
340,11.338333333333335,missing_tag,1,0,,,,,,,,,
341,11.371666666666668,missing_tag,1,0,,,,,,,,,
342,11.405000000000001,missing_tag,1,0,,,,,,,,,
343,11.438333333333334,missing_tag,0,0,,,,,,,,,
344,11.471666666666668,missing_tag,1,0,,,,,,,,,
345,11.505,missing_tag,1,0,,,,,,,,,
346,11.538333333333334,missing_tag,0,0,,,,,,,,,
347,11.571666666666667,missing_tag,0,0,,,,,,,,,
348,11.605,missing_tag,1,0,,,,,,,,,
349,11.638333333333334,missing_tag,1,0,,,,,,,,,
350,11.671666666666667,missing_tag,1,0,,,,,,,,,
351,11.705,missing_tag,1,0,,,,,,,,,
352,11.738333333333333,missing_tag,1,0,,,,,,,,,
353,11.771666666666668,missing_tag,0,0,,,,,,,,,
354,11.805000000000001,missing_tag,1,0,,,,,,,,,
355,11.838333333333335,missing_tag,1,0,,,,,,,,,
356,11.871666666666668,missing_tag,1,0,,,,,,,,,
357,11.905000000000001,missing_tag,1,0,,,,,,,,,
358,11.938333333333334,missing_tag,1,0,,,,,,,,,
359,11.971666666666668,missing_tag,1,0,,,,,,,,,
360,12.005,missing_tag,1,0,,,,,,,,,
361,12.038333333333334,missing_tag,1,0,,,,,,,,,
362,12.071666666666667,missing_tag,1,0,,,,,,,,,
363,12.105,missing_tag,1,0,,,,,,,,,
364,12.138333333333334,missing_tag,1,0,,,,,,,,,
365,12.171666666666667,missing_tag,1,0,,,,,,,,,
366,12.205,tracked,1,1,0.4188789883178786,0.3257794219940352,-0.2865251100945244,0.03686355887488785,-0.09734944662769018,0.24931831171253027,1.3753569105342318,-0.4638965289170446,0.3048482826691323
367,12.238333333333333,tracked,1,1,0.3952552805056654,0.27620648373807666,-0.2865080350914351,0.03662459591124201,-0.09530407671757596,0.24332315076961605,1.382638062097885,-0.4659385245676963,0.30415634505399747
368,12.271666666666668,tracked,1,1,0.3813161366607438,0.2887599054829435,-0.28263374834168065,0.03780617453351029,-0.09268624388136054,0.2575511065169808,1.3836326860766213,-0.46548654334501993,0.2998364259714983
369,12.305000000000001,tracked,1,1,0.34586280881956627,0.22934353346225506,-0.28303144689059445,0.03801481757292974,-0.09259242722545546,0.2547035978393641,1.3897458204930788,-0.46458830978521365,0.30020873382296487
370,12.338333333333335,missing_tag,1,0,,,,,,,,,
371,12.371666666666668,missing_tag,1,0,,,,,,,,,
372,12.405000000000001,tracked,1,1,0.398487647672065,0.3107334751429348,-0.2865083820051795,0.035798140081029245,-0.09591226338680642,0.24041484679001865,1.3771829214222326,-0.46857847105882117,0.3042494405261363
373,12.438333333333334,tracked,1,1,0.360952069293318,0.31074729702062154,-0.28518794657910296,0.036236279795385906,-0.09572133560343177,0.24430075853682118,1.378569952943548,-0.4663039683059165,0.30299803124297625
374,12.471666666666668,tracked,1,1,0.3762534289375228,0.32326683379575605,-0.2862043850635652,0.03606799179672929,-0.09678469222679897,0.24516484620887943,1.3767394323878503,-0.4648581116426342,0.3042714687763193
375,12.505,tracked,1,1,0.36600634434757606,0.3288834415198947,-0.2865809906613861,0.03593568043210213,-0.0976553667621326,0.24382111185567867,1.3787058615387084,-0.46600048783364934,0.3048878613425373
376,12.538333333333334,missing_tag,0,0,,,,,,,,,
377,12.571666666666667,tracked,1,1,0.3705248551501803,0.3480852944013536,-0.2860232627784779,0.035579831748722424,-0.09743479944638006,0.2454510811183229,1.3754110092703697,-0.46398625397845,0.3042511650279583
378,12.606666666666667,missing_tag,1,0,,,,,,,,,
379,12.64,missing_tag,1,0,,,,,,,,,
380,12.673333333333334,missing_tag,1,0,,,,,,,,,
381,12.706666666666667,tracked,1,1,0.45315926225860514,0.21310812993838701,-0.2882582966416245,0.03656678136367619,-0.09930084523517196,0.2524694684954621,1.3804166291128497,-0.4578771680198623,0.3070677986153046
382,12.74,tracked,1,1,0.4316670778407412,0.27145854229611277,-0.28605645565704285,0.03706475469222251,-0.0954371886919071,0.24610291365402148,1.3839112822222344,-0.4658082092222343,0.3038261819673858
383,12.773333333333333,tracked,1,1,0.3700375536733693,0.2861523369750584,-0.2860137619244154,0.03766765615995693,-0.09487847333370003,0.25048988531428307,1.388811282425094,-0.4683006673730311,0.3036851149346549
384,12.806666666666667,tracked,1,1,0.3505557696092907,0.32519288602498075,-0.28605404528750134,0.037711158956575674,-0.09632320032092101,0.25438525697921327,1.3822528818383557,-0.46596547214754047,0.30418285167848674
385,12.840000000000002,tracked,1,1,0.3830330050770236,0.26264812415965216,-0.28560690318289206,0.037739269461060654,-0.09367096240861733,0.2501580070391671,1.3903602793365215,-0.46736515841017734,0.30293531455367334
386,12.873333333333337,missing_tag,1,0,,,,,,,,,
387,12.906666666666668,missing_tag,1,0,,,,,,,,,
388,12.940000000000001,tracked,1,1,0.4049859378787231,0.3214170778946996,-0.28969178251875793,0.03723317683306798,-0.09968597132478468,0.25204201731862774,1.3850560724322465,-0.4635053154516059,0.3086177752413876
389,12.973333333333334,missing_tag,1,0,,,,,,,,,
390,13.006666666666668,missing_tag,1,0,,,,,,,,,
391,13.040000000000003,missing_tag,1,0,,,,,,,,,
392,13.073333333333334,tracked,1,1,0.3798757187608309,0.11760984470132702,-0.2860809690895555,0.03921713890228545,-0.09423869823952125,0.2587286769472383,1.3977962964628925,-0.4622578342661014,0.3037453491080644
393,13.106666666666667,missing_tag,1,0,,,,,,,,,
394,13.14,missing_tag,1,0,,,,,,,,,
395,13.173333333333334,missing_tag,0,0,,,,,,,,,
396,13.206666666666667,missing_tag,1,0,,,,,,,,,
397,13.24,missing_tag,1,0,,,,,,,,,
398,13.273333333333333,missing_tag,1,0,,,,,,,,,
399,13.306666666666667,tracked,1,1,0.4903987076930361,0.1865409911151315,-0.2826345677367691,0.04038902862333557,-0.09194852115129476,-0.8198840546042236,0.028448219395463412,0.1862867647938188,0.2999468337135717
400,13.340000000000002,missing_tag,1,0,,,,,,,,,
401,13.373333333333337,missing_tag,1,0,,,,,,,,,
402,13.406666666666668,missing_tag,1,0,,,,,,,,,
403,13.440000000000001,missing_tag,1,0,,,,,,,,,
404,13.473333333333334,tracked,1,1,0.2514797890257908,0.2621473609354058,-0.28891207773492267,0.037990327264750545,-0.09822685045400414,0.25042463725691666,1.3861484544044413,-0.45885065719207163,0.3075092970576762
405,13.506666666666668,missing_tag,1,0,,,,,,,,,
406,13.540000000000003,missing_tag,1,0,,,,,,,,,
407,13.573333333333334,missing_tag,1,0,,,,,,,,,
408,13.606666666666667,missing_tag,1,0,,,,,,,,,
409,13.64,missing_tag,1,0,,,,,,,,,
410,13.673333333333334,missing_tag,1,0,,,,,,,,,
411,13.706666666666667,missing_tag,1,0,,,,,,,,,
412,13.74,missing_tag,1,0,,,,,,,,,
413,13.773333333333333,missing_tag,1,0,,,,,,,,,
414,13.806666666666668,missing_tag,1,0,,,,,,,,,
415,13.840000000000002,missing_tag,1,0,,,,,,,,,
416,13.873333333333337,missing_tag,1,0,,,,,,,,,
417,13.906666666666668,missing_tag,1,0,,,,,,,,,
418,13.940000000000001,missing_tag,1,0,,,,,,,,,
419,13.973333333333334,missing_tag,1,0,,,,,,,,,
420,14.006666666666668,missing_tag,1,0,,,,,,,,,
421,14.040000000000003,missing_tag,0,0,,,,,,,,,
422,14.073333333333334,missing_tag,1,0,,,,,,,,,
423,14.106666666666667,missing_tag,1,0,,,,,,,,,
424,14.14,missing_tag,1,0,,,,,,,,,
425,14.173333333333334,missing_tag,1,0,,,,,,,,,
426,14.206666666666667,missing_tag,1,0,,,,,,,,,
427,14.24,missing_tag,1,0,,,,,,,,,
428,14.273333333333333,missing_tag,1,0,,,,,,,,,
429,14.306666666666668,missing_tag,1,0,,,,,,,,,
430,14.340000000000002,missing_tag,1,0,,,,,,,,,
431,14.373333333333337,missing_tag,1,0,,,,,,,,,
432,14.406666666666668,missing_tag,1,0,,,,,,,,,
433,14.440000000000001,missing_tag,1,0,,,,,,,,,
434,14.473333333333334,missing_tag,1,0,,,,,,,,,
435,14.506666666666668,missing_tag,1,0,,,,,,,,,
436,14.540000000000003,missing_tag,1,0,,,,,,,,,
437,14.573333333333334,missing_tag,1,0,,,,,,,,,
438,14.606666666666667,missing_tag,1,0,,,,,,,,,
439,14.64,tracked,1,1,0.2788284005347679,0.3421383749008864,-0.28078907548285176,0.04163550128513613,-0.07215018185616467,0.23891257643147654,1.3736326465827937,-0.47449209751767624,0.2928850774956908
440,14.673333333333334,tracked,1,1,0.40462185932645645,0.3662168042775882,-0.27926094410146207,0.043069100036197155,-0.06549816759305238,0.23954382815220096,1.3710407752289389,-0.4810760855491111,0.2900545332112833
441,14.706666666666667,tracked,1,1,0.3666013013871147,0.37587434697724836,-0.27848468483904926,0.04395266331639969,-0.061245640393617184,0.23090698567051365,1.3653803746843576,-0.4814300436804839,0.2885075125013795
442,14.74,tracked,1,1,0.4098843032166688,0.41716046720828937,-0.278078774216753,0.04499854975172296,-0.055907704734053876,0.22730284298630835,1.369863140928983,-0.48735285429805997,0.2871904343780975
443,14.773333333333333,missing_tag,1,0,,,,,,,,,
444,14.806666666666668,tracked,1,1,0.4134238834465878,0.39868717290112193,-0.2727479339420067,0.04885655190142038,-0.039896512419047514,0.23017750163123435,1.374499078711171,-0.5016460304274282,0.2799466553408571
445,14.840000000000002,tracked,1,1,0.511143942167927,0.43481503836681823,-0.27533404373807463,0.04863695052442818,-0.038363526988238694,0.21808207042309907,1.36220903646368,-0.5061812821862625,0.28221649278604005
446,14.873333333333337,tracked,1,1,0.44812582019477526,0.46822859059995464,-0.27476224751633727,0.05039228229178466,-0.031035930320508,0.2111199453825961,1.3706154715696042,-0.5113613061488345,0.28106387840785113
447,14.906666666666668,tracked,0,1,0.502063107306839,0.4769127927062293,-0.28116912139405037,0.047116655018072634,-0.02846822648861569,0.185509620655883,1.4116992557063694,-0.5312140044989105,0.2865074064051424
448,14.940000000000001,missing_tag,1,0,,,,,,,,,
449,14.973333333333334,tracked,1,1,0.29800049822544344,0.43265208474702693,-0.27459768217598624,0.054575239915861384,-0.02091488720078294,0.1975982121638609,1.3975127274584334,-0.523295592906676,0.2807485999518417
450,15.006666666666668,tracked,1,1,0.3136531769187067,0.4199290561353823,-0.27319998768543263,0.05606313178393291,-0.019268428692609973,0.19459714803493414,1.3964195406751208,-0.526236362736888,0.2795578300835542
451,15.040000000000003,missing_tag,1,0,,,,,,,,,
452,15.073333333333334,tracked,1,1,0.36096207721726925,0.4271851813877957,-0.273907445589198,0.05697093134171466,-0.020343342018165955,0.20201421205792924,1.394185082983609,-0.5202941161411281,0.28050815911771604
453,15.106666666666667,missing_tag,1,0,,,,,,,,,
454,15.14,tracked,1,1,0.40816745562262263,0.3375541169204667,-0.27332801888177405,0.05841171611367141,-0.02125226491767257,0.20369353144303498,1.3937187136707891,-0.5166029547478929,0.28030660578964334
455,15.173333333333334,missing_tag,1,0,,,,,,,,,
456,15.206666666666667,tracked,1,1,0.3966509224176287,0.3520008526695791,-0.27044969596105245,0.058975225756785876,-0.01936791160371537,0.202573854289569,1.3965636977914444,-0.5188730098805879,0.2774819476981861
457,15.24,missing_tag,0,0,,,,,,,,,
458,15.273333333333333,missing_tag,1,0,,,,,,,,,
459,15.306666666666668,missing_tag,1,0,,,,,,,,,
460,15.340000000000002,missing_tag,1,0,,,,,,,,,
461,15.373333333333337,missing_tag,1,0,,,,,,,,,
462,15.406666666666668,missing_tag,1,0,,,,,,,,,
463,15.440000000000001,missing_tag,1,0,,,,,,,,,
464,15.473333333333334,missing_tag,1,0,,,,,,,,,
465,15.506666666666668,missing_tag,1,0,,,,,,,,,
466,15.540000000000003,missing_tag,1,0,,,,,,,,,
467,15.573333333333334,missing_tag,1,0,,,,,,,,,
468,15.606666666666667,missing_tag,1,0,,,,,,,,,
469,15.64,missing_tag,1,0,,,,,,,,,
470,15.673333333333334,missing_tag,1,0,,,,,,,,,
471,15.706666666666667,missing_tag,1,0,,,,,,,,,
472,15.74,missing_tag,1,0,,,,,,,,,
473,15.773333333333335,missing_tag,1,0,,,,,,,,,
474,15.806666666666668,missing_tag,1,0,,,,,,,,,
475,15.840000000000002,missing_tag,1,0,,,,,,,,,
476,15.873333333333337,missing_tag,1,0,,,,,,,,,
477,15.906666666666668,missing_tag,1,0,,,,,,,,,
478,15.940000000000001,missing_tag,1,0,,,,,,,,,
479,15.973333333333334,missing_tag,1,0,,,,,,,,,
480,16.006666666666668,missing_tag,1,0,,,,,,,,,
481,16.040000000000003,missing_tag,1,0,,,,,,,,,
482,16.073333333333334,missing_tag,1,0,,,,,,,,,
483,16.10666666666667,missing_tag,1,0,,,,,,,,,
484,16.14,missing_tag,1,0,,,,,,,,,
485,16.173333333333336,missing_tag,1,0,,,,,,,,,
486,16.206666666666667,missing_tag,1,0,,,,,,,,,
487,16.240000000000002,missing_tag,1,0,,,,,,,,,
488,16.275000000000002,missing_tag,1,0,,,,,,,,,
489,16.308333333333334,missing_tag,1,0,,,,,,,,,
490,16.34166666666667,missing_tag,1,0,,,,,,,,,
491,16.375,missing_tag,1,0,,,,,,,,,
492,16.408333333333335,missing_tag,1,0,,,,,,,,,
493,16.441666666666666,missing_tag,1,0,,,,,,,,,
494,16.475,missing_tag,1,0,,,,,,,,,
495,16.508333333333333,missing_tag,1,0,,,,,,,,,
496,16.541666666666668,missing_tag,0,0,,,,,,,,,
497,16.575,missing_tag,0,0,,,,,,,,,
498,16.608333333333334,missing_tag,0,0,,,,,,,,,
499,16.64166666666667,missing_tag,0,0,,,,,,,,,
500,16.675,missing_tag,0,0,,,,,,,,,
501,16.708333333333336,missing_tag,0,0,,,,,,,,,
502,16.741666666666667,missing_tag,0,0,,,,,,,,,
503,16.775000000000002,missing_tag,0,0,,,,,,,,,
504,16.808333333333334,missing_tag,0,0,,,,,,,,,
505,16.84166666666667,missing_tag,0,0,,,,,,,,,
506,16.875,missing_tag,0,0,,,,,,,,,
507,16.908333333333335,missing_tag,0,0,,,,,,,,,
508,16.941666666666666,missing_tag,0,0,,,,,,,,,
509,16.975,missing_tag,0,0,,,,,,,,,
510,17.008333333333333,missing_tag,0,0,,,,,,,,,
511,17.041666666666668,missing_tag,0,0,,,,,,,,,
512,17.075000000000003,missing_tag,0,0,,,,,,,,,
513,17.108333333333334,missing_tag,0,0,,,,,,,,,
514,17.14166666666667,missing_tag,0,0,,,,,,,,,
515,17.175,missing_tag,0,0,,,,,,,,,
516,17.208333333333336,missing_tag,0,0,,,,,,,,,
517,17.241666666666667,missing_tag,0,0,,,,,,,,,
518,17.275000000000002,missing_tag,0,0,,,,,,,,,
519,17.308333333333334,missing_tag,0,0,,,,,,,,,
520,17.34166666666667,missing_tag,0,0,,,,,,,,,
521,17.375,missing_tag,0,0,,,,,,,,,
522,17.408333333333335,missing_tag,0,0,,,,,,,,,
523,17.441666666666666,missing_tag,0,0,,,,,,,,,
524,17.475,missing_tag,0,0,,,,,,,,,
525,17.508333333333333,missing_tag,0,0,,,,,,,,,
526,17.541666666666668,missing_tag,0,0,,,,,,,,,
527,17.575000000000003,missing_tag,0,0,,,,,,,,,
528,17.608333333333334,missing_tag,0,0,,,,,,,,,
529,17.64166666666667,missing_tag,0,0,,,,,,,,,
530,17.675,missing_tag,0,0,,,,,,,,,
531,17.708333333333336,missing_tag,0,0,,,,,,,,,
532,17.741666666666667,missing_tag,0,0,,,,,,,,,
533,17.775000000000002,missing_tag,0,0,,,,,,,,,
534,17.808333333333334,missing_tag,0,0,,,,,,,,,
535,17.84166666666667,missing_tag,0,0,,,,,,,,,
536,17.875,missing_tag,0,0,,,,,,,,,
537,17.908333333333335,missing_tag,0,0,,,,,,,,,
538,17.941666666666666,missing_tag,0,0,,,,,,,,,
539,17.975,missing_tag,0,0,,,,,,,,,
540,18.008333333333333,missing_tag,0,0,,,,,,,,,
541,18.041666666666668,missing_tag,0,0,,,,,,,,,
542,18.075000000000003,missing_tag,0,0,,,,,,,,,
543,18.108333333333334,missing_tag,0,0,,,,,,,,,
544,18.14166666666667,missing_tag,0,0,,,,,,,,,
545,18.175,missing_tag,0,0,,,,,,,,,
546,18.208333333333336,missing_tag,0,0,,,,,,,,,
547,18.241666666666667,missing_tag,0,0,,,,,,,,,
548,18.275000000000002,missing_tag,0,0,,,,,,,,,
549,18.308333333333334,missing_tag,0,0,,,,,,,,,
550,18.34166666666667,missing_tag,0,0,,,,,,,,,
551,18.375,missing_tag,0,0,,,,,,,,,
552,18.408333333333335,missing_tag,0,0,,,,,,,,,
553,18.441666666666666,missing_tag,0,0,,,,,,,,,
554,18.475,missing_tag,0,0,,,,,,,,,
555,18.508333333333333,missing_tag,0,0,,,,,,,,,
556,18.541666666666668,missing_tag,0,0,,,,,,,,,
557,18.575000000000003,missing_tag,0,0,,,,,,,,,
558,18.608333333333334,missing_tag,0,0,,,,,,,,,
559,18.64166666666667,missing_tag,0,0,,,,,,,,,
560,18.675,missing_tag,0,0,,,,,,,,,
561,18.708333333333336,missing_tag,0,0,,,,,,,,,
562,18.741666666666667,missing_tag,0,0,,,,,,,,,
563,18.775000000000002,missing_tag,0,0,,,,,,,,,
564,18.808333333333334,missing_tag,0,0,,,,,,,,,
565,18.84166666666667,missing_tag,0,0,,,,,,,,,
566,18.875,missing_tag,0,0,,,,,,,,,
567,18.908333333333335,missing_tag,0,0,,,,,,,,,
568,18.941666666666666,missing_tag,0,0,,,,,,,,,
569,18.975,missing_tag,0,0,,,,,,,,,
570,19.008333333333333,missing_tag,0,0,,,,,,,,,
571,19.041666666666668,missing_tag,0,0,,,,,,,,,
572,19.075000000000003,missing_tag,0,0,,,,,,,,,
573,19.108333333333334,missing_tag,0,0,,,,,,,,,
574,19.14166666666667,missing_tag,0,0,,,,,,,,,
575,19.175,missing_tag,0,0,,,,,,,,,
576,19.208333333333336,missing_tag,0,0,,,,,,,,,
577,19.241666666666667,missing_tag,0,0,,,,,,,,,
578,19.275000000000002,missing_tag,0,0,,,,,,,,,
579,19.308333333333334,missing_tag,0,0,,,,,,,,,
580,19.34166666666667,missing_tag,0,0,,,,,,,,,
581,19.375,missing_tag,0,0,,,,,,,,,
582,19.408333333333335,missing_tag,0,0,,,,,,,,,
583,19.441666666666666,missing_tag,0,0,,,,,,,,,
584,19.475,missing_tag,0,0,,,,,,,,,
585,19.508333333333333,missing_tag,0,0,,,,,,,,,
586,19.541666666666668,missing_tag,0,0,,,,,,,,,
587,19.575000000000003,missing_tag,0,0,,,,,,,,,
588,19.608333333333334,missing_tag,0,0,,,,,,,,,
589,19.64166666666667,missing_tag,0,0,,,,,,,,,
590,19.675,missing_tag,0,0,,,,,,,,,
591,19.708333333333336,missing_tag,0,0,,,,,,,,,
592,19.741666666666667,missing_tag,0,0,,,,,,,,,
593,19.775000000000002,missing_tag,0,0,,,,,,,,,
594,19.808333333333334,missing_tag,0,0,,,,,,,,,
595,19.84166666666667,missing_tag,0,0,,,,,,,,,
596,19.875,missing_tag,0,0,,,,,,,,,
597,19.91,missing_tag,0,0,,,,,,,,,
598,19.943333333333335,missing_tag,0,0,,,,,,,,,
599,19.976666666666667,missing_tag,0,0,,,,,,,,,
600,20.01,missing_tag,0,0,,,,,,,,,
601,20.043333333333333,missing_tag,0,0,,,,,,,,,
602,20.076666666666668,missing_tag,0,0,,,,,,,,,
603,20.110000000000003,missing_tag,0,0,,,,,,,,,
604,20.143333333333334,missing_tag,0,0,,,,,,,,,
605,20.17666666666667,missing_tag,0,0,,,,,,,,,
606,20.21,missing_tag,0,0,,,,,,,,,
607,20.243333333333336,missing_tag,0,0,,,,,,,,,
608,20.276666666666667,missing_tag,0,0,,,,,,,,,
609,20.310000000000002,missing_tag,1,0,,,,,,,,,
610,20.343333333333334,missing_tag,1,0,,,,,,,,,
611,20.37666666666667,missing_tag,1,0,,,,,,,,,
612,20.41,missing_tag,1,0,,,,,,,,,
613,20.443333333333335,missing_tag,1,0,,,,,,,,,
614,20.476666666666667,missing_tag,1,0,,,,,,,,,
615,20.51,missing_tag,1,0,,,,,,,,,
616,20.543333333333333,missing_tag,1,0,,,,,,,,,
617,20.576666666666668,missing_tag,1,0,,,,,,,,,
618,20.610000000000003,missing_tag,1,0,,,,,,,,,
619,20.643333333333334,missing_tag,1,0,,,,,,,,,
620,20.67666666666667,missing_tag,1,0,,,,,,,,,
621,20.71,missing_tag,1,0,,,,,,,,,
622,20.743333333333336,missing_tag,0,0,,,,,,,,,
623,20.776666666666667,missing_tag,1,0,,,,,,,,,
624,20.810000000000002,missing_tag,1,0,,,,,,,,,
625,20.843333333333334,missing_tag,1,0,,,,,,,,,
626,20.87666666666667,missing_tag,1,0,,,,,,,,,
627,20.91,missing_tag,1,0,,,,,,,,,
628,20.943333333333335,missing_tag,1,0,,,,,,,,,
629,20.976666666666667,missing_tag,1,0,,,,,,,,,
630,21.01,missing_tag,1,0,,,,,,,,,
631,21.043333333333333,missing_tag,1,0,,,,,,,,,
632,21.076666666666668,missing_tag,1,0,,,,,,,,,
633,21.110000000000003,missing_tag,1,0,,,,,,,,,
634,21.143333333333334,missing_tag,1,0,,,,,,,,,
635,21.17666666666667,missing_tag,1,0,,,,,,,,,
636,21.21,missing_tag,1,0,,,,,,,,,
637,21.243333333333336,missing_tag,1,0,,,,,,,,,
638,21.276666666666667,missing_tag,1,0,,,,,,,,,
639,21.310000000000002,missing_tag,1,0,,,,,,,,,
640,21.343333333333334,missing_tag,1,0,,,,,,,,,
641,21.37666666666667,missing_tag,1,0,,,,,,,,,
642,21.41,missing_tag,1,0,,,,,,,,,
643,21.443333333333335,missing_tag,1,0,,,,,,,,,
644,21.476666666666667,missing_tag,1,0,,,,,,,,,
645,21.51,missing_tag,1,0,,,,,,,,,
646,21.543333333333333,missing_tag,1,0,,,,,,,,,
647,21.576666666666668,missing_tag,1,0,,,,,,,,,
648,21.610000000000003,missing_tag,1,0,,,,,,,,,
649,21.643333333333334,missing_tag,1,0,,,,,,,,,
650,21.67666666666667,missing_tag,1,0,,,,,,,,,
651,21.71,missing_tag,1,0,,,,,,,,,
652,21.743333333333336,missing_tag,1,0,,,,,,,,,
653,21.776666666666667,missing_tag,1,0,,,,,,,,,
654,21.810000000000002,missing_tag,1,0,,,,,,,,,
655,21.843333333333334,missing_tag,1,0,,,,,,,,,
656,21.87666666666667,missing_tag,1,0,,,,,,,,,
657,21.91,missing_tag,1,0,,,,,,,,,
658,21.943333333333335,missing_tag,0,0,,,,,,,,,
659,21.976666666666667,missing_tag,1,0,,,,,,,,,
660,22.01,missing_tag,1,0,,,,,,,,,
661,22.043333333333333,missing_tag,1,0,,,,,,,,,
662,22.076666666666668,missing_tag,1,0,,,,,,,,,
663,22.110000000000003,missing_tag,1,0,,,,,,,,,
664,22.143333333333334,missing_tag,1,0,,,,,,,,,
665,22.17666666666667,missing_tag,1,0,,,,,,,,,
666,22.21,missing_tag,1,0,,,,,,,,,
667,22.243333333333336,missing_tag,1,0,,,,,,,,,
668,22.276666666666667,missing_tag,1,0,,,,,,,,,
669,22.310000000000002,missing_tag,1,0,,,,,,,,,
670,22.343333333333334,missing_tag,1,0,,,,,,,,,
671,22.37666666666667,missing_tag,1,0,,,,,,,,,
672,22.41,missing_tag,1,0,,,,,,,,,
673,22.443333333333335,missing_tag,1,0,,,,,,,,,
674,22.476666666666667,missing_tag,1,0,,,,,,,,,
675,22.51,missing_tag,0,0,,,,,,,,,
676,22.543333333333337,missing_tag,1,0,,,,,,,,,
677,22.576666666666668,missing_tag,1,0,,,,,,,,,
678,22.610000000000003,missing_tag,1,0,,,,,,,,,
679,22.643333333333334,missing_tag,1,0,,,,,,,,,
680,22.67666666666667,missing_tag,1,0,,,,,,,,,
681,22.71,missing_tag,0,0,,,,,,,,,
682,22.743333333333336,missing_tag,1,0,,,,,,,,,
683,22.776666666666667,missing_tag,1,0,,,,,,,,,
684,22.810000000000002,missing_tag,1,0,,,,,,,,,
685,22.843333333333334,missing_tag,1,0,,,,,,,,,
686,22.87666666666667,missing_tag,1,0,,,,,,,,,
687,22.91,missing_tag,1,0,,,,,,,,,
688,22.943333333333335,missing_tag,1,0,,,,,,,,,
689,22.976666666666667,missing_tag,1,0,,,,,,,,,
690,23.01,tracked,1,1,0.4834902110039801,0.4198598537313724,-0.11788081401063258,-0.1296330036367546,0.013779849165120983,0.09103991858391419,1.5538882949908521,-0.2672470933167159,0.17575689513276474
691,23.043333333333337,tracked,1,1,0.5287426229954142,0.4035266660843563,-0.12086602036181468,-0.1334579087072847,0.00502706278872872,0.10400283387760544,1.5248225943237241,-0.24842981832171554,0.18012462251148884
692,23.076666666666668,tracked,1,1,0.441552288338134,0.40059707665074096,-0.1230524119461407,-0.1352878728363097,0.0029929960475726936,0.09760428738475549,1.5352888050574354,-0.25320682283646967,0.18290342437383997
693,23.110000000000003,tracked,1,1,0.5268735596856964,0.40919888317397823,-0.12122775713818557,-0.1333963698876472,0.008640907110656959,0.08771362261420168,1.5574418139054462,-0.2673021367922551,0.1804589312714998
694,23.143333333333334,tracked,1,1,0.5746812628103772,0.3973723171447686,-0.12352868329814967,-0.13403870143732893,0.005997632502165229,0.08753067746378544,1.5632426384344023,-0.26564854689316164,0.18237785138555337
695,23.17666666666667,tracked,1,1,0.5739722262342833,0.40496229125698213,-0.12092251316485728,-0.1308777739573806,0.01129471816075489,0.07464539840413166,1.5752420189006826,-0.2720984468546105,0.17854639891209
696,23.21,tracked,1,1,0.4994661526630661,0.4105647634847867,-0.11987000264765868,-0.13008030026865158,0.010326811643034062,0.09049893508312644,1.5628915830996002,-0.26012287308541593,0.1771901382454536
697,23.243333333333336,missing_tag,1,0,,,,,,,,,
698,23.276666666666667,missing_tag,1,0,,,,,,,,,
699,23.310000000000002,missing_tag,1,0,,,,,,,,,
700,23.343333333333334,missing_tag,1,0,,,,,,,,,
701,23.37666666666667,missing_tag,1,0,,,,,,,,,
702,23.41,missing_tag,0,0,,,,,,,,,
703,23.443333333333335,missing_tag,1,0,,,,,,,,,
704,23.476666666666667,missing_tag,0,0,,,,,,,,,
705,23.511666666666667,missing_tag,1,0,,,,,,,,,
706,23.545,missing_tag,1,0,,,,,,,,,
707,23.578333333333333,missing_tag,1,0,,,,,,,,,
708,23.611666666666668,missing_tag,1,0,,,,,,,,,
709,23.645000000000003,missing_tag,1,0,,,,,,,,,
710,23.678333333333335,missing_tag,1,0,,,,,,,,,
711,23.71166666666667,missing_tag,1,0,,,,,,,,,
712,23.745,missing_tag,1,0,,,,,,,,,
713,23.778333333333336,missing_tag,0,0,,,,,,,,,
714,23.811666666666667,missing_tag,1,0,,,,,,,,,
715,23.845000000000002,missing_tag,1,0,,,,,,,,,
716,23.878333333333334,missing_tag,1,0,,,,,,,,,
717,23.91166666666667,missing_tag,1,0,,,,,,,,,
718,23.945,missing_tag,0,0,,,,,,,,,
719,23.978333333333335,missing_tag,1,0,,,,,,,,,
720,24.011666666666667,missing_tag,1,0,,,,,,,,,
721,24.045,missing_tag,1,0,,,,,,,,,
722,24.078333333333333,missing_tag,1,0,,,,,,,,,
723,24.111666666666668,missing_tag,1,0,,,,,,,,,
724,24.145000000000003,missing_tag,1,0,,,,,,,,,
725,24.178333333333335,missing_tag,1,0,,,,,,,,,
726,24.21166666666667,missing_tag,1,0,,,,,,,,,
727,24.245,missing_tag,1,0,,,,,,,,,
728,24.278333333333336,missing_tag,1,0,,,,,,,,,
729,24.311666666666667,missing_tag,1,0,,,,,,,,,
730,24.345000000000002,missing_tag,1,0,,,,,,,,,
731,24.378333333333334,missing_tag,1,0,,,,,,,,,
732,24.41166666666667,missing_tag,1,0,,,,,,,,,
733,24.445,missing_tag,1,0,,,,,,,,,
734,24.478333333333335,missing_tag,1,0,,,,,,,,,
735,24.511666666666667,missing_tag,1,0,,,,,,,,,
736,24.545,missing_tag,1,0,,,,,,,,,
737,24.578333333333333,missing_tag,1,0,,,,,,,,,
738,24.611666666666668,missing_tag,1,0,,,,,,,,,
739,24.645000000000003,missing_tag,1,0,,,,,,,,,
740,24.678333333333335,missing_tag,1,0,,,,,,,,,
741,24.71166666666667,missing_tag,1,0,,,,,,,,,
742,24.745,missing_tag,0,0,,,,,,,,,
743,24.778333333333336,missing_tag,1,0,,,,,,,,,
744,24.811666666666667,missing_tag,1,0,,,,,,,,,
745,24.845000000000002,missing_tag,1,0,,,,,,,,,
746,24.878333333333334,missing_tag,1,0,,,,,,,,,
747,24.91166666666667,missing_tag,1,0,,,,,,,,,
748,24.945,missing_tag,1,0,,,,,,,,,
749,24.978333333333335,missing_tag,1,0,,,,,,,,,
750,25.011666666666667,missing_tag,1,0,,,,,,,,,
751,25.045,missing_tag,1,0,,,,,,,,,
752,25.078333333333337,missing_tag,1,0,,,,,,,,,
753,25.111666666666668,missing_tag,1,0,,,,,,,,,
754,25.145000000000003,missing_tag,1,0,,,,,,,,,
755,25.178333333333335,missing_tag,1,0,,,,,,,,,
756,25.21166666666667,missing_tag,1,0,,,,,,,,,
757,25.245,missing_tag,0,0,,,,,,,,,
758,25.278333333333336,missing_tag,1,0,,,,,,,,,
759,25.311666666666667,missing_tag,0,0,,,,,,,,,
760,25.345000000000002,missing_tag,1,0,,,,,,,,,
761,25.378333333333334,missing_tag,0,0,,,,,,,,,
762,25.41166666666667,missing_tag,0,0,,,,,,,,,
763,25.445,missing_tag,1,0,,,,,,,,,
764,25.478333333333335,missing_tag,1,0,,,,,,,,,
765,25.511666666666667,missing_tag,0,0,,,,,,,,,
766,25.545,missing_tag,0,0,,,,,,,,,
767,25.578333333333337,missing_tag,0,0,,,,,,,,,
768,25.611666666666668,missing_tag,0,0,,,,,,,,,
769,25.645000000000003,missing_tag,0,0,,,,,,,,,
770,25.678333333333335,missing_tag,0,0,,,,,,,,,
771,25.71166666666667,missing_tag,1,0,,,,,,,,,
772,25.745,missing_tag,0,0,,,,,,,,,
773,25.778333333333336,missing_tag,0,0,,,,,,,,,
774,25.811666666666667,missing_tag,0,0,,,,,,,,,
775,25.845000000000002,missing_tag,1,0,,,,,,,,,
776,25.878333333333334,missing_tag,1,0,,,,,,,,,
777,25.91166666666667,missing_tag,1,0,,,,,,,,,
778,25.945,missing_tag,1,0,,,,,,,,,
779,25.978333333333335,missing_tag,0,0,,,,,,,,,
780,26.011666666666667,missing_tag,0,0,,,,,,,,,
781,26.045,missing_tag,1,0,,,,,,,,,
782,26.078333333333337,missing_tag,1,0,,,,,,,,,
783,26.111666666666668,missing_tag,1,0,,,,,,,,,
784,26.145000000000003,missing_tag,1,0,,,,,,,,,
785,26.178333333333335,missing_tag,0,0,,,,,,,,,
786,26.21166666666667,missing_tag,0,0,,,,,,,,,
787,26.245,missing_tag,1,0,,,,,,,,,
788,26.278333333333336,missing_tag,1,0,,,,,,,,,
789,26.311666666666667,missing_tag,1,0,,,,,,,,,
790,26.345000000000002,missing_tag,1,0,,,,,,,,,
791,26.378333333333334,missing_tag,1,0,,,,,,,,,
792,26.41166666666667,missing_tag,1,0,,,,,,,,,
793,26.445,missing_tag,1,0,,,,,,,,,
794,26.478333333333335,missing_tag,1,0,,,,,,,,,
795,26.511666666666667,missing_tag,1,0,,,,,,,,,
796,26.545,missing_tag,1,0,,,,,,,,,
797,26.578333333333337,missing_tag,1,0,,,,,,,,,
798,26.611666666666668,missing_tag,1,0,,,,,,,,,
799,26.645000000000003,missing_tag,1,0,,,,,,,,,
800,26.678333333333335,missing_tag,1,0,,,,,,,,,
801,26.71166666666667,missing_tag,1,0,,,,,,,,,
802,26.745,missing_tag,1,0,,,,,,,,,
803,26.778333333333336,missing_tag,1,0,,,,,,,,,
804,26.811666666666667,missing_tag,1,0,,,,,,,,,
805,26.845000000000002,missing_tag,1,0,,,,,,,,,
806,26.878333333333334,missing_tag,1,0,,,,,,,,,
807,26.91166666666667,missing_tag,1,0,,,,,,,,,
808,26.945,missing_tag,1,0,,,,,,,,,
809,26.978333333333335,missing_tag,1,0,,,,,,,,,
810,27.011666666666667,missing_tag,1,0,,,,,,,,,
811,27.045,missing_tag,1,0,,,,,,,,,
812,27.078333333333337,missing_tag,1,0,,,,,,,,,
813,27.113333333333337,missing_tag,0,0,,,,,,,,,
814,27.14666666666667,missing_tag,1,0,,,,,,,,,
815,27.180000000000003,missing_tag,1,0,,,,,,,,,
816,27.213333333333335,missing_tag,1,0,,,,,,,,,
817,27.246666666666673,missing_tag,1,0,,,,,,,,,
818,27.28,missing_tag,0,0,,,,,,,,,
819,27.313333333333336,missing_tag,1,0,,,,,,,,,
820,27.346666666666668,missing_tag,0,0,,,,,,,,,
821,27.380000000000003,missing_tag,0,0,,,,,,,,,
822,27.413333333333334,missing_tag,1,0,,,,,,,,,
823,27.44666666666667,missing_tag,1,0,,,,,,,,,
824,27.48,missing_tag,1,0,,,,,,,,,
825,27.513333333333335,missing_tag,1,0,,,,,,,,,
826,27.546666666666667,missing_tag,1,0,,,,,,,,,
827,27.580000000000005,missing_tag,1,0,,,,,,,,,
828,27.613333333333337,missing_tag,1,0,,,,,,,,,
829,27.64666666666667,missing_tag,0,0,,,,,,,,,
830,27.680000000000003,missing_tag,1,0,,,,,,,,,
831,27.713333333333335,missing_tag,1,0,,,,,,,,,
832,27.746666666666673,missing_tag,1,0,,,,,,,,,
833,27.78,missing_tag,1,0,,,,,,,,,
834,27.813333333333336,missing_tag,1,0,,,,,,,,,
835,27.846666666666668,missing_tag,1,0,,,,,,,,,
836,27.880000000000003,missing_tag,1,0,,,,,,,,,
837,27.913333333333334,missing_tag,1,0,,,,,,,,,
838,27.94666666666667,missing_tag,1,0,,,,,,,,,
839,27.98,missing_tag,1,0,,,,,,,,,
840,28.013333333333335,missing_tag,0,0,,,,,,,,,
841,28.046666666666667,missing_tag,1,0,,,,,,,,,
842,28.080000000000005,missing_tag,1,0,,,,,,,,,
843,28.113333333333337,missing_tag,1,0,,,,,,,,,
844,28.14666666666667,missing_tag,1,0,,,,,,,,,
845,28.180000000000003,missing_tag,1,0,,,,,,,,,
846,28.213333333333335,missing_tag,1,0,,,,,,,,,
847,28.246666666666673,missing_tag,1,0,,,,,,,,,
848,28.28,missing_tag,1,0,,,,,,,,,
849,28.313333333333336,missing_tag,1,0,,,,,,,,,
850,28.346666666666668,missing_tag,1,0,,,,,,,,,
851,28.380000000000003,missing_tag,1,0,,,,,,,,,
852,28.413333333333334,missing_tag,1,0,,,,,,,,,
853,28.44666666666667,missing_tag,1,0,,,,,,,,,
854,28.48,missing_tag,0,0,,,,,,,,,
855,28.513333333333335,missing_tag,1,0,,,,,,,,,
856,28.546666666666667,missing_tag,1,0,,,,,,,,,
857,28.580000000000005,missing_tag,1,0,,,,,,,,,
858,28.613333333333337,missing_tag,1,0,,,,,,,,,
859,28.64666666666667,missing_tag,0,0,,,,,,,,,
860,28.680000000000003,missing_tag,1,0,,,,,,,,,
861,28.713333333333335,missing_tag,1,0,,,,,,,,,
862,28.746666666666673,missing_tag,1,0,,,,,,,,,
863,28.78,missing_tag,1,0,,,,,,,,,
864,28.813333333333336,missing_tag,1,0,,,,,,,,,
865,28.846666666666668,missing_tag,1,0,,,,,,,,,
866,28.880000000000003,missing_tag,1,0,,,,,,,,,
867,28.913333333333334,missing_tag,1,0,,,,,,,,,
868,28.94666666666667,missing_tag,1,0,,,,,,,,,
869,28.98,missing_tag,1,0,,,,,,,,,
870,29.013333333333335,missing_tag,1,0,,,,,,,,,
871,29.046666666666667,missing_tag,1,0,,,,,,,,,
872,29.080000000000005,missing_tag,1,0,,,,,,,,,
873,29.113333333333337,missing_tag,1,0,,,,,,,,,
874,29.14666666666667,missing_tag,1,0,,,,,,,,,
875,29.180000000000003,missing_tag,0,0,,,,,,,,,
876,29.213333333333335,missing_tag,1,0,,,,,,,,,
877,29.246666666666673,missing_tag,1,0,,,,,,,,,
878,29.28,missing_tag,1,0,,,,,,,,,
879,29.313333333333336,missing_tag,1,0,,,,,,,,,
880,29.346666666666668,missing_tag,1,0,,,,,,,,,
881,29.380000000000003,missing_tag,1,0,,,,,,,,,
882,29.413333333333334,missing_tag,1,0,,,,,,,,,
883,29.44666666666667,missing_tag,0,0,,,,,,,,,
884,29.48,missing_tag,1,0,,,,,,,,,
885,29.513333333333335,missing_tag,1,0,,,,,,,,,
886,29.546666666666667,missing_tag,1,0,,,,,,,,,
887,29.580000000000005,missing_tag,1,0,,,,,,,,,
888,29.613333333333337,missing_tag,1,0,,,,,,,,,
889,29.64666666666667,missing_tag,1,0,,,,,,,,,
890,29.680000000000003,missing_tag,1,0,,,,,,,,,
891,29.713333333333335,missing_tag,1,0,,,,,,,,,
892,29.746666666666673,missing_tag,1,0,,,,,,,,,
893,29.78,missing_tag,1,0,,,,,,,,,
894,29.813333333333336,missing_tag,1,0,,,,,,,,,
895,29.846666666666668,missing_tag,1,0,,,,,,,,,
896,29.880000000000003,missing_tag,1,0,,,,,,,,,
897,29.913333333333334,missing_tag,1,0,,,,,,,,,
898,29.94666666666667,missing_tag,1,0,,,,,,,,,
899,29.98,missing_tag,1,0,,,,,,,,,
900,30.013333333333335,missing_tag,,0,,,,,,,,,
901,30.046666666666667,missing_tag,,0,,,,,,,,,
902,30.080000000000005,missing_tag,,0,,,,,,,,,
903,30.113333333333337,missing_tag,,0,,,,,,,,,
904,30.14666666666667,missing_tag,,0,,,,,,,,,
905,30.180000000000003,missing_tag,,0,,,,,,,,,
906,30.213333333333335,missing_tag,,0,,,,,,,,,
907,30.246666666666673,missing_tag,,0,,,,,,,,,
908,30.28,missing_tag,,0,,,,,,,,,
909,30.313333333333336,missing_tag,,0,,,,,,,,,
910,30.346666666666668,missing_tag,,0,,,,,,,,,
911,30.380000000000003,missing_tag,,0,,,,,,,,,
912,30.413333333333334,missing_tag,,0,,,,,,,,,
913,30.44666666666667,missing_tag,,0,,,,,,,,,
914,30.48,missing_tag,,0,,,,,,,,,
915,30.513333333333335,missing_tag,,0,,,,,,,,,
916,30.546666666666667,missing_tag,,0,,,,,,,,,
917,30.580000000000005,missing_tag,,0,,,,,,,,,
918,30.613333333333337,missing_tag,,0,,,,,,,,,
919,30.64666666666667,missing_tag,,0,,,,,,,,,
920,30.680000000000003,missing_tag,,0,,,,,,,,,
921,30.713333333333335,missing_tag,,0,,,,,,,,,
922,30.748333333333335,missing_tag,,0,,,,,,,,,
923,30.78166666666667,missing_tag,,0,,,,,,,,,
924,30.815,missing_tag,,0,,,,,,,,,
925,30.848333333333336,missing_tag,,0,,,,,,,,,
926,30.881666666666668,missing_tag,,0,,,,,,,,,
927,30.915000000000003,missing_tag,,0,,,,,,,,,
928,30.948333333333334,missing_tag,,0,,,,,,,,,
929,30.98166666666667,missing_tag,,0,,,,,,,,,
930,31.015,missing_tag,,0,,,,,,,,,
931,31.048333333333336,missing_tag,,0,,,,,,,,,
932,31.081666666666667,missing_tag,,0,,,,,,,,,
933,31.115000000000002,missing_tag,,0,,,,,,,,,
934,31.148333333333337,missing_tag,,0,,,,,,,,,
935,31.18166666666667,missing_tag,,0,,,,,,,,,
936,31.215000000000003,missing_tag,,0,,,,,,,,,
937,31.248333333333335,missing_tag,,0,,,,,,,,,
938,31.28166666666667,missing_tag,,0,,,,,,,,,
939,31.315,missing_tag,,0,,,,,,,,,
940,31.348333333333336,missing_tag,,0,,,,,,,,,
941,31.381666666666668,missing_tag,,0,,,,,,,,,
942,31.415000000000003,missing_tag,,0,,,,,,,,,
943,31.448333333333334,missing_tag,,0,,,,,,,,,
944,31.48166666666667,missing_tag,,0,,,,,,,,,
945,31.515,missing_tag,,0,,,,,,,,,
946,31.548333333333336,missing_tag,,0,,,,,,,,,
947,31.581666666666667,missing_tag,,0,,,,,,,,,
948,31.615000000000002,missing_tag,,0,,,,,,,,,
949,31.648333333333337,missing_tag,,0,,,,,,,,,
950,31.68166666666667,missing_tag,,0,,,,,,,,,
951,31.715000000000003,missing_tag,,0,,,,,,,,,
952,31.748333333333335,missing_tag,,0,,,,,,,,,
953,31.78166666666667,missing_tag,,0,,,,,,,,,
954,31.815,missing_tag,,0,,,,,,,,,
955,31.848333333333336,missing_tag,,0,,,,,,,,,
956,31.881666666666668,missing_tag,,0,,,,,,,,,
957,31.915000000000003,missing_tag,,0,,,,,,,,,
958,31.948333333333334,missing_tag,,0,,,,,,,,,
959,31.98166666666667,missing_tag,,0,,,,,,,,,
960,32.015,missing_tag,,0,,,,,,,,,
961,32.04833333333333,missing_tag,,0,,,,,,,,,
962,32.08166666666667,missing_tag,,0,,,,,,,,,
963,32.115,missing_tag,,0,,,,,,,,,
964,32.14833333333333,missing_tag,,0,,,,,,,,,
965,32.18166666666667,missing_tag,,0,,,,,,,,,
966,32.215,missing_tag,,0,,,,,,,,,
967,32.248333333333335,missing_tag,,0,,,,,,,,,
968,32.281666666666666,missing_tag,,0,,,,,,,,,
969,32.315000000000005,missing_tag,,0,,,,,,,,,
970,32.348333333333336,missing_tag,,0,,,,,,,,,
971,32.38166666666667,missing_tag,,0,,,,,,,,,
972,32.415,missing_tag,,0,,,,,,,,,
973,32.44833333333334,missing_tag,,0,,,,,,,,,
974,32.48166666666667,missing_tag,,0,,,,,,,,,
975,32.515,missing_tag,,0,,,,,,,,,
976,32.54833333333333,missing_tag,,0,,,,,,,,,
977,32.58166666666667,missing_tag,,0,,,,,,,,,
978,32.615,missing_tag,,0,,,,,,,,,
979,32.64833333333333,missing_tag,,0,,,,,,,,,
980,32.68166666666667,missing_tag,,0,,,,,,,,,
981,32.715,missing_tag,,0,,,,,,,,,
982,32.748333333333335,missing_tag,,0,,,,,,,,,
983,32.781666666666666,missing_tag,,0,,,,,,,,,
984,32.815000000000005,missing_tag,,0,,,,,,,,,
985,32.848333333333336,missing_tag,,0,,,,,,,,,
986,32.88166666666667,missing_tag,,0,,,,,,,,,
987,32.915,missing_tag,,0,,,,,,,,,
988,32.94833333333334,missing_tag,,0,,,,,,,,,
989,32.98166666666667,missing_tag,,0,,,,,,,,,
990,33.015,missing_tag,,0,,,,,,,,,
991,33.04833333333333,missing_tag,,0,,,,,,,,,
992,33.08166666666667,missing_tag,,0,,,,,,,,,
993,33.115,missing_tag,,0,,,,,,,,,
994,33.14833333333333,missing_tag,,0,,,,,,,,,
995,33.18166666666667,missing_tag,,0,,,,,,,,,
996,33.215,missing_tag,,0,,,,,,,,,
997,33.248333333333335,missing_tag,,0,,,,,,,,,
998,33.281666666666666,missing_tag,,0,,,,,,,,,
999,33.315000000000005,missing_tag,,0,,,,,,,,,
1000,33.348333333333336,missing_tag,,0,,,,,,,,,
1001,33.38166666666667,missing_tag,,0,,,,,,,,,
1002,33.415,missing_tag,,0,,,,,,,,,
1003,33.44833333333334,missing_tag,,0,,,,,,,,,
1004,33.48166666666667,missing_tag,,0,,,,,,,,,
1005,33.515,missing_tag,,0,,,,,,,,,
1006,33.54833333333333,missing_tag,,0,,,,,,,,,
1007,33.58166666666667,missing_tag,,0,,,,,,,,,
1008,33.615,missing_tag,,0,,,,,,,,,
1009,33.64833333333333,missing_tag,,0,,,,,,,,,
1010,33.68166666666667,missing_tag,,0,,,,,,,,,
1011,33.715,missing_tag,1,0,,,,,,,,,
1012,33.748333333333335,missing_tag,1,0,,,,,,,,,
1013,33.781666666666666,missing_tag,1,0,,,,,,,,,
1014,33.815000000000005,missing_tag,1,0,,,,,,,,,
1015,33.848333333333336,missing_tag,1,0,,,,,,,,,
1016,33.88166666666667,missing_tag,1,0,,,,,,,,,
1017,33.915,missing_tag,1,0,,,,,,,,,
1018,33.94833333333334,missing_tag,1,0,,,,,,,,,
1019,33.98166666666667,missing_tag,1,0,,,,,,,,,
1020,34.015,missing_tag,0,0,,,,,,,,,
1021,34.04833333333333,missing_tag,1,0,,,,,,,,,
1022,34.08166666666667,missing_tag,1,0,,,,,,,,,
1023,34.115,missing_tag,1,0,,,,,,,,,
1024,34.14833333333333,missing_tag,1,0,,,,,,,,,
1025,34.18166666666667,missing_tag,1,0,,,,,,,,,
1026,34.215,missing_tag,1,0,,,,,,,,,
1027,34.248333333333335,missing_tag,1,0,,,,,,,,,
1028,34.281666666666666,missing_tag,1,0,,,,,,,,,
1029,34.31666666666667,missing_tag,1,0,,,,,,,,,
1030,34.35,missing_tag,1,0,,,,,,,,,
1031,34.38333333333333,missing_tag,1,0,,,,,,,,,
1032,34.41666666666667,missing_tag,1,0,,,,,,,,,
1033,34.45,missing_tag,1,0,,,,,,,,,
1034,34.483333333333334,missing_tag,1,0,,,,,,,,,
1035,34.516666666666666,missing_tag,1,0,,,,,,,,,
1036,34.550000000000004,missing_tag,1,0,,,,,,,,,
1037,34.583333333333336,missing_tag,1,0,,,,,,,,,
1038,34.61666666666667,missing_tag,1,0,,,,,,,,,
1039,34.650000000000006,missing_tag,1,0,,,,,,,,,
1040,34.68333333333334,missing_tag,1,0,,,,,,,,,
1041,34.71666666666667,missing_tag,1,0,,,,,,,,,
1042,34.75,missing_tag,1,0,,,,,,,,,
1043,34.78333333333334,missing_tag,1,0,,,,,,,,,
1044,34.81666666666667,missing_tag,1,0,,,,,,,,,
1045,34.85,missing_tag,1,0,,,,,,,,,
1046,34.88333333333333,missing_tag,1,0,,,,,,,,,
1047,34.91666666666667,missing_tag,1,0,,,,,,,,,
1048,34.95,missing_tag,1,0,,,,,,,,,
1049,34.983333333333334,missing_tag,1,0,,,,,,,,,
1050,35.016666666666666,missing_tag,1,0,,,,,,,,,
1051,35.050000000000004,missing_tag,1,0,,,,,,,,,
1052,35.083333333333336,missing_tag,1,0,,,,,,,,,
1053,35.11666666666667,missing_tag,1,0,,,,,,,,,
1054,35.150000000000006,missing_tag,1,0,,,,,,,,,
1055,35.18333333333334,missing_tag,1,0,,,,,,,,,
1056,35.21666666666667,missing_tag,1,0,,,,,,,,,
1057,35.25,missing_tag,1,0,,,,,,,,,
1058,35.28333333333334,missing_tag,1,0,,,,,,,,,
1059,35.31666666666667,missing_tag,1,0,,,,,,,,,
1060,35.35,missing_tag,1,0,,,,,,,,,
1061,35.38333333333333,missing_tag,1,0,,,,,,,,,
1062,35.41666666666667,missing_tag,1,0,,,,,,,,,
1063,35.45,missing_tag,1,0,,,,,,,,,
1064,35.483333333333334,missing_tag,1,0,,,,,,,,,
1065,35.516666666666666,missing_tag,0,0,,,,,,,,,
1066,35.550000000000004,missing_tag,0,0,,,,,,,,,
1067,35.583333333333336,missing_tag,1,0,,,,,,,,,
1068,35.61666666666667,missing_tag,1,0,,,,,,,,,
1069,35.650000000000006,missing_tag,1,0,,,,,,,,,
1070,35.68333333333334,missing_tag,1,0,,,,,,,,,
1071,35.71666666666667,missing_tag,1,0,,,,,,,,,
1072,35.75,missing_tag,1,0,,,,,,,,,
1073,35.78333333333334,missing_tag,0,0,,,,,,,,,
1074,35.81666666666667,missing_tag,0,0,,,,,,,,,
1075,35.85,missing_tag,1,0,,,,,,,,,
1076,35.88333333333333,missing_tag,1,0,,,,,,,,,
1077,35.91666666666667,missing_tag,1,0,,,,,,,,,
1078,35.95,missing_tag,1,0,,,,,,,,,
1079,35.983333333333334,missing_tag,1,0,,,,,,,,,
1080,36.016666666666666,missing_tag,1,0,,,,,,,,,
1081,36.050000000000004,missing_tag,1,0,,,,,,,,,
1082,36.083333333333336,missing_tag,1,0,,,,,,,,,
1083,36.11666666666667,missing_tag,1,0,,,,,,,,,
1084,36.150000000000006,missing_tag,1,0,,,,,,,,,
1085,36.18333333333334,missing_tag,1,0,,,,,,,,,
1086,36.21666666666667,missing_tag,1,0,,,,,,,,,
1087,36.25,missing_tag,0,0,,,,,,,,,
1088,36.28333333333334,missing_tag,0,0,,,,,,,,,
1089,36.31666666666667,missing_tag,1,0,,,,,,,,,
1090,36.35,missing_tag,0,0,,,,,,,,,
1091,36.38333333333333,missing_tag,1,0,,,,,,,,,
1092,36.41666666666667,missing_tag,1,0,,,,,,,,,
1093,36.45,missing_tag,1,0,,,,,,,,,
1094,36.483333333333334,missing_tag,0,0,,,,,,,,,
1095,36.516666666666666,missing_tag,0,0,,,,,,,,,
1096,36.550000000000004,missing_tag,0,0,,,,,,,,,
1097,36.583333333333336,missing_tag,1,0,,,,,,,,,
1098,36.61666666666667,missing_tag,0,0,,,,,,,,,
1099,36.650000000000006,missing_tag,1,0,,,,,,,,,
1100,36.68333333333334,missing_tag,1,0,,,,,,,,,
1101,36.71666666666667,missing_tag,1,0,,,,,,,,,
1102,36.75,missing_tag,1,0,,,,,,,,,
1103,36.78333333333334,missing_tag,1,0,,,,,,,,,
1104,36.81666666666667,missing_tag,1,0,,,,,,,,,
1105,36.85,missing_tag,1,0,,,,,,,,,
1106,36.88333333333333,missing_tag,0,0,,,,,,,,,
1107,36.91666666666667,missing_tag,0,0,,,,,,,,,
1108,36.95,missing_tag,0,0,,,,,,,,,
1109,36.983333333333334,missing_tag,0,0,,,,,,,,,
1110,37.016666666666666,missing_tag,0,0,,,,,,,,,
1111,37.050000000000004,missing_tag,1,0,,,,,,,,,
1112,37.083333333333336,missing_tag,0,0,,,,,,,,,
1113,37.11666666666667,missing_tag,1,0,,,,,,,,,
1114,37.150000000000006,missing_tag,1,0,,,,,,,,,
1115,37.18333333333334,missing_tag,0,0,,,,,,,,,
1116,37.21666666666667,missing_tag,0,0,,,,,,,,,
1117,37.25,missing_tag,1,0,,,,,,,,,
1118,37.28333333333334,missing_tag,1,0,,,,,,,,,
1119,37.31666666666667,missing_tag,1,0,,,,,,,,,
1120,37.35,missing_tag,1,0,,,,,,,,,
1121,37.38333333333333,missing_tag,0,0,,,,,,,,,
1122,37.41666666666667,missing_tag,0,0,,,,,,,,,
1123,37.45,missing_tag,0,0,,,,,,,,,
1124,37.483333333333334,missing_tag,0,0,,,,,,,,,
1125,37.516666666666666,missing_tag,0,0,,,,,,,,,
1126,37.550000000000004,missing_tag,0,0,,,,,,,,,
1127,37.583333333333336,missing_tag,0,0,,,,,,,,,
1128,37.61666666666667,missing_tag,0,0,,,,,,,,,
1129,37.650000000000006,missing_tag,1,0,,,,,,,,,
1130,37.68333333333334,missing_tag,1,0,,,,,,,,,
1131,37.71666666666667,missing_tag,0,0,,,,,,,,,
1132,37.75,missing_tag,0,0,,,,,,,,,
1133,37.78333333333334,missing_tag,1,0,,,,,,,,,
1134,37.81666666666667,missing_tag,1,0,,,,,,,,,
1135,37.85,missing_tag,1,0,,,,,,,,,
1136,37.88333333333333,missing_tag,0,0,,,,,,,,,
1137,37.91666666666667,missing_tag,0,0,,,,,,,,,
1138,37.95,missing_tag,0,0,,,,,,,,,
1139,37.985,missing_tag,0,0,,,,,,,,,
1140,38.01833333333334,missing_tag,1,0,,,,,,,,,
1141,38.05166666666667,missing_tag,1,0,,,,,,,,,
1142,38.085,missing_tag,0,0,,,,,,,,,
1143,38.11833333333333,missing_tag,1,0,,,,,,,,,
1144,38.15166666666667,missing_tag,0,0,,,,,,,,,
1145,38.185,missing_tag,0,0,,,,,,,,,
1146,38.218333333333334,missing_tag,0,0,,,,,,,,,
1147,38.25166666666667,missing_tag,0,0,,,,,,,,,
1148,38.28500000000001,missing_tag,1,0,,,,,,,,,
1149,38.318333333333335,missing_tag,1,0,,,,,,,,,
1150,38.35166666666667,missing_tag,0,0,,,,,,,,,
1151,38.385000000000005,missing_tag,1,0,,,,,,,,,
1152,38.41833333333334,missing_tag,0,0,,,,,,,,,
1153,38.45166666666667,missing_tag,1,0,,,,,,,,,
1154,38.485,missing_tag,0,0,,,,,,,,,
1155,38.51833333333334,missing_tag,1,0,,,,,,,,,
1156,38.55166666666667,missing_tag,1,0,,,,,,,,,
1157,38.585,missing_tag,1,0,,,,,,,,,
1158,38.61833333333333,missing_tag,0,0,,,,,,,,,
1159,38.65166666666667,missing_tag,0,0,,,,,,,,,
1160,38.685,missing_tag,1,0,,,,,,,,,
1161,38.718333333333334,missing_tag,0,0,,,,,,,,,
1162,38.75166666666667,missing_tag,0,0,,,,,,,,,
1163,38.78500000000001,missing_tag,0,0,,,,,,,,,
1164,38.818333333333335,missing_tag,0,0,,,,,,,,,
1165,38.85166666666667,missing_tag,0,0,,,,,,,,,
1166,38.885000000000005,missing_tag,0,0,,,,,,,,,
1167,38.91833333333334,missing_tag,0,0,,,,,,,,,
1168,38.95166666666667,missing_tag,1,0,,,,,,,,,
1169,38.985,missing_tag,0,0,,,,,,,,,
1170,39.01833333333334,missing_tag,0,0,,,,,,,,,
1171,39.05166666666667,missing_tag,0,0,,,,,,,,,
1172,39.085,missing_tag,0,0,,,,,,,,,
1173,39.11833333333335,missing_tag,0,0,,,,,,,,,
1174,39.15166666666667,missing_tag,0,0,,,,,,,,,
1175,39.185,missing_tag,0,0,,,,,,,,,
1176,39.218333333333334,missing_tag,0,0,,,,,,,,,
1177,39.25166666666667,missing_tag,0,0,,,,,,,,,
1178,39.28500000000001,missing_tag,0,0,,,,,,,,,
1179,39.318333333333335,missing_tag,0,0,,,,,,,,,
1180,39.35166666666667,missing_tag,0,0,,,,,,,,,
1181,39.385000000000005,missing_tag,0,0,,,,,,,,,
1182,39.41833333333334,missing_tag,1,0,,,,,,,,,
1183,39.45166666666667,missing_tag,0,0,,,,,,,,,
1184,39.485,missing_tag,0,0,,,,,,,,,
1185,39.51833333333334,missing_tag,0,0,,,,,,,,,
1186,39.55166666666667,missing_tag,0,0,,,,,,,,,
1187,39.585,missing_tag,0,0,,,,,,,,,
1188,39.61833333333335,missing_tag,0,0,,,,,,,,,
1189,39.65166666666667,missing_tag,0,0,,,,,,,,,
1190,39.685,missing_tag,1,0,,,,,,,,,
1191,39.718333333333334,missing_tag,0,0,,,,,,,,,
1192,39.75166666666667,missing_tag,0,0,,,,,,,,,
1193,39.78500000000001,missing_tag,0,0,,,,,,,,,
1194,39.818333333333335,missing_tag,0,0,,,,,,,,,
1195,39.85166666666667,missing_tag,0,0,,,,,,,,,
1196,39.885000000000005,missing_tag,0,0,,,,,,,,,
1197,39.91833333333334,missing_tag,0,0,,,,,,,,,
1198,39.95166666666667,missing_tag,0,0,,,,,,,,,
1199,39.985,missing_tag,0,0,,,,,,,,,
1200,40.01833333333334,missing_tag,0,0,,,,,,,,,
1201,40.05166666666667,missing_tag,0,0,,,,,,,,,
1202,40.085,missing_tag,0,0,,,,,,,,,
1203,40.11833333333335,missing_tag,0,0,,,,,,,,,
1204,40.15166666666667,missing_tag,0,0,,,,,,,,,
1205,40.185,missing_tag,0,0,,,,,,,,,
1206,40.218333333333334,missing_tag,0,0,,,,,,,,,
1207,40.25166666666667,missing_tag,0,0,,,,,,,,,
1208,40.28500000000001,missing_tag,0,0,,,,,,,,,
1209,40.318333333333335,missing_tag,0,0,,,,,,,,,
1210,40.35166666666667,missing_tag,0,0,,,,,,,,,
1211,40.385000000000005,missing_tag,0,0,,,,,,,,,
1212,40.41833333333334,missing_tag,0,0,,,,,,,,,
1213,40.45166666666667,missing_tag,0,0,,,,,,,,,
1214,40.485,missing_tag,0,0,,,,,,,,,
1215,40.51833333333334,missing_tag,0,0,,,,,,,,,
1216,40.55166666666667,missing_tag,0,0,,,,,,,,,
1217,40.585,missing_tag,0,0,,,,,,,,,
1218,40.61833333333335,missing_tag,0,0,,,,,,,,,
1219,40.65166666666667,missing_tag,0,0,,,,,,,,,
1220,40.685,missing_tag,0,0,,,,,,,,,
1221,40.718333333333334,missing_tag,0,0,,,,,,,,,
1222,40.75166666666667,missing_tag,0,0,,,,,,,,,
1223,40.78500000000001,missing_tag,1,0,,,,,,,,,
1224,40.818333333333335,missing_tag,1,0,,,,,,,,,
1225,40.85166666666667,missing_tag,0,0,,,,,,,,,
1226,40.885000000000005,missing_tag,0,0,,,,,,,,,
1227,40.91833333333334,missing_tag,0,0,,,,,,,,,
1228,40.95166666666667,missing_tag,0,0,,,,,,,,,
1229,40.985,missing_tag,0,0,,,,,,,,,
1230,41.01833333333334,missing_tag,0,0,,,,,,,,,
1231,41.05166666666667,missing_tag,0,0,,,,,,,,,
1232,41.085,missing_tag,0,0,,,,,,,,,
1233,41.11833333333335,missing_tag,0,0,,,,,,,,,
1234,41.15166666666667,missing_tag,0,0,,,,,,,,,
1235,41.185,missing_tag,0,0,,,,,,,,,
1236,41.218333333333334,missing_tag,0,0,,,,,,,,,
1237,41.25166666666667,missing_tag,1,0,,,,,,,,,
1238,41.28500000000001,missing_tag,1,0,,,,,,,,,
1239,41.318333333333335,missing_tag,0,0,,,,,,,,,
1240,41.35166666666667,missing_tag,0,0,,,,,,,,,
1241,41.385000000000005,missing_tag,0,0,,,,,,,,,
1242,41.41833333333334,missing_tag,0,0,,,,,,,,,
1243,41.45166666666667,missing_tag,0,0,,,,,,,,,
1244,41.485,missing_tag,0,0,,,,,,,,,
1245,41.51833333333334,missing_tag,1,0,,,,,,,,,
1246,41.55166666666667,missing_tag,1,0,,,,,,,,,
1247,41.586666666666666,missing_tag,0,0,,,,,,,,,
1248,41.620000000000005,missing_tag,0,0,,,,,,,,,
1249,41.653333333333336,missing_tag,1,0,,,,,,,,,
1250,41.68666666666667,missing_tag,1,0,,,,,,,,,
1251,41.720000000000006,missing_tag,1,0,,,,,,,,,
1252,41.75333333333334,missing_tag,0,0,,,,,,,,,
1253,41.78666666666667,missing_tag,0,0,,,,,,,,,
1254,41.82,missing_tag,0,0,,,,,,,,,
1255,41.85333333333334,missing_tag,0,0,,,,,,,,,
1256,41.88666666666667,missing_tag,1,0,,,,,,,,,
1257,41.92,missing_tag,1,0,,,,,,,,,
1258,41.95333333333333,missing_tag,0,0,,,,,,,,,
1259,41.98666666666667,missing_tag,1,0,,,,,,,,,
1260,42.02,missing_tag,1,0,,,,,,,,,
1261,42.053333333333335,missing_tag,1,0,,,,,,,,,
1262,42.086666666666666,missing_tag,0,0,,,,,,,,,
1263,42.120000000000005,missing_tag,1,0,,,,,,,,,
1264,42.153333333333336,missing_tag,0,0,,,,,,,,,
1265,42.18666666666667,missing_tag,1,0,,,,,,,,,
1266,42.220000000000006,missing_tag,0,0,,,,,,,,,
1267,42.25333333333334,missing_tag,1,0,,,,,,,,,
1268,42.28666666666667,missing_tag,0,0,,,,,,,,,
1269,42.32,missing_tag,0,0,,,,,,,,,
1270,42.35333333333334,missing_tag,0,0,,,,,,,,,
1271,42.38666666666667,missing_tag,0,0,,,,,,,,,
1272,42.42,missing_tag,0,0,,,,,,,,,
1273,42.45333333333333,missing_tag,1,0,,,,,,,,,
1274,42.48666666666667,missing_tag,0,0,,,,,,,,,
1275,42.52,missing_tag,0,0,,,,,,,,,
1276,42.553333333333335,missing_tag,0,0,,,,,,,,,
1277,42.586666666666666,missing_tag,1,0,,,,,,,,,
1278,42.620000000000005,missing_tag,0,0,,,,,,,,,
1279,42.653333333333336,missing_tag,1,0,,,,,,,,,
1280,42.68666666666667,missing_tag,0,0,,,,,,,,,
1281,42.720000000000006,missing_tag,1,0,,,,,,,,,
1282,42.75333333333334,missing_tag,1,0,,,,,,,,,
1283,42.78666666666667,missing_tag,0,0,,,,,,,,,
1284,42.82,missing_tag,1,0,,,,,,,,,
1285,42.85333333333334,missing_tag,0,0,,,,,,,,,
1286,42.88666666666667,missing_tag,1,0,,,,,,,,,
1287,42.92,missing_tag,1,0,,,,,,,,,
1288,42.95333333333333,missing_tag,1,0,,,,,,,,,
1289,42.98666666666667,missing_tag,0,0,,,,,,,,,
1290,43.02,missing_tag,1,0,,,,,,,,,
1291,43.053333333333335,missing_tag,0,0,,,,,,,,,
1292,43.086666666666666,missing_tag,1,0,,,,,,,,,
1293,43.120000000000005,missing_tag,1,0,,,,,,,,,
1294,43.153333333333336,missing_tag,1,0,,,,,,,,,
1295,43.18666666666667,missing_tag,1,0,,,,,,,,,
1296,43.220000000000006,missing_tag,1,0,,,,,,,,,
1297,43.25333333333334,missing_tag,0,0,,,,,,,,,
1298,43.28666666666667,missing_tag,1,0,,,,,,,,,
1299,43.32,missing_tag,1,0,,,,,,,,,
1300,43.35333333333334,missing_tag,1,0,,,,,,,,,
1301,43.38666666666667,missing_tag,1,0,,,,,,,,,
1302,43.42,missing_tag,0,0,,,,,,,,,
1303,43.45333333333333,missing_tag,0,0,,,,,,,,,
1304,43.48666666666667,missing_tag,0,0,,,,,,,,,
1305,43.52,missing_tag,0,0,,,,,,,,,
1306,43.553333333333335,missing_tag,0,0,,,,,,,,,
1307,43.586666666666666,missing_tag,1,0,,,,,,,,,
1308,43.620000000000005,missing_tag,1,0,,,,,,,,,
1309,43.653333333333336,missing_tag,1,0,,,,,,,,,
1310,43.68666666666667,missing_tag,0,0,,,,,,,,,
1311,43.720000000000006,missing_tag,0,0,,,,,,,,,
1312,43.75333333333334,missing_tag,0,0,,,,,,,,,
1313,43.78666666666667,missing_tag,0,0,,,,,,,,,
1314,43.82,missing_tag,1,0,,,,,,,,,
1315,43.85333333333334,missing_tag,1,0,,,,,,,,,
1316,43.88666666666667,missing_tag,1,0,,,,,,,,,
1317,43.92,missing_tag,1,0,,,,,,,,,
1318,43.95333333333333,missing_tag,1,0,,,,,,,,,
1319,43.98666666666667,missing_tag,0,0,,,,,,,,,
1320,44.02,missing_tag,0,0,,,,,,,,,
1321,44.053333333333335,missing_tag,1,0,,,,,,,,,
1322,44.086666666666666,missing_tag,1,0,,,,,,,,,
1323,44.120000000000005,missing_tag,1,0,,,,,,,,,
1324,44.153333333333336,missing_tag,1,0,,,,,,,,,
1325,44.18666666666667,missing_tag,1,0,,,,,,,,,
1326,44.220000000000006,missing_tag,0,0,,,,,,,,,
1327,44.25333333333334,missing_tag,1,0,,,,,,,,,
1328,44.28666666666667,missing_tag,0,0,,,,,,,,,
1329,44.32,missing_tag,1,0,,,,,,,,,
1330,44.35333333333334,missing_tag,0,0,,,,,,,,,
1331,44.38666666666667,missing_tag,0,0,,,,,,,,,
1332,44.42,missing_tag,1,0,,,,,,,,,
1333,44.45333333333333,missing_tag,1,0,,,,,,,,,
1334,44.48666666666667,missing_tag,1,0,,,,,,,,,
1335,44.52,missing_tag,1,0,,,,,,,,,
1336,44.553333333333335,missing_tag,1,0,,,,,,,,,
1337,44.586666666666666,missing_tag,1,0,,,,,,,,,
1338,44.620000000000005,missing_tag,1,0,,,,,,,,,
1339,44.653333333333336,missing_tag,1,0,,,,,,,,,
1340,44.68666666666667,missing_tag,1,0,,,,,,,,,
1341,44.720000000000006,missing_tag,0,0,,,,,,,,,
1342,44.75333333333334,missing_tag,1,0,,,,,,,,,
1343,44.78666666666667,missing_tag,1,0,,,,,,,,,
1344,44.82,missing_tag,1,0,,,,,,,,,
1345,44.85333333333334,missing_tag,0,0,,,,,,,,,
1346,44.88666666666667,missing_tag,1,0,,,,,,,,,
1347,44.92,missing_tag,1,0,,,,,,,,,
1348,44.95333333333333,missing_tag,1,0,,,,,,,,,
1349,44.98666666666667,missing_tag,1,0,,,,,,,,,
1350,45.02,missing_tag,1,0,,,,,,,,,
1351,45.053333333333335,missing_tag,1,0,,,,,,,,,
1352,45.08666666666667,missing_tag,0,0,,,,,,,,,
1353,45.120000000000005,missing_tag,1,0,,,,,,,,,
1354,45.153333333333336,missing_tag,1,0,,,,,,,,,
1355,45.18666666666667,missing_tag,1,0,,,,,,,,,
1356,45.22166666666667,missing_tag,1,0,,,,,,,,,
1357,45.255,missing_tag,0,0,,,,,,,,,
1358,45.288333333333334,missing_tag,1,0,,,,,,,,,
1359,45.32166666666667,missing_tag,1,0,,,,,,,,,
1360,45.355000000000004,missing_tag,1,0,,,,,,,,,
1361,45.388333333333335,missing_tag,1,0,,,,,,,,,
1362,45.42166666666667,missing_tag,1,0,,,,,,,,,
1363,45.455000000000005,missing_tag,0,0,,,,,,,,,
1364,45.48833333333334,missing_tag,1,0,,,,,,,,,
1365,45.52166666666667,missing_tag,1,0,,,,,,,,,
1366,45.555,missing_tag,1,0,,,,,,,,,
1367,45.58833333333334,missing_tag,1,0,,,,,,,,,
1368,45.62166666666667,missing_tag,1,0,,,,,,,,,
1369,45.655,missing_tag,1,0,,,,,,,,,
1370,45.68833333333334,missing_tag,1,0,,,,,,,,,
1371,45.72166666666667,missing_tag,1,0,,,,,,,,,
1372,45.755,missing_tag,1,0,,,,,,,,,
1373,45.788333333333334,missing_tag,1,0,,,,,,,,,
1374,45.82166666666667,missing_tag,1,0,,,,,,,,,
1375,45.855000000000004,missing_tag,1,0,,,,,,,,,
1376,45.888333333333335,missing_tag,1,0,,,,,,,,,
1377,45.92166666666667,missing_tag,1,0,,,,,,,,,
1378,45.955000000000005,missing_tag,1,0,,,,,,,,,
1379,45.98833333333334,missing_tag,1,0,,,,,,,,,
1380,46.02166666666667,missing_tag,1,0,,,,,,,,,
1381,46.055,missing_tag,1,0,,,,,,,,,
1382,46.08833333333334,missing_tag,1,0,,,,,,,,,
1383,46.12166666666667,missing_tag,1,0,,,,,,,,,
1384,46.155,missing_tag,1,0,,,,,,,,,
1385,46.18833333333334,missing_tag,1,0,,,,,,,,,
1386,46.22166666666667,missing_tag,1,0,,,,,,,,,
1387,46.255,missing_tag,1,0,,,,,,,,,
1388,46.288333333333334,missing_tag,0,0,,,,,,,,,
1389,46.32166666666667,missing_tag,0,0,,,,,,,,,
1390,46.355000000000004,missing_tag,0,0,,,,,,,,,
1391,46.388333333333335,missing_tag,1,0,,,,,,,,,
1392,46.42166666666667,missing_tag,0,0,,,,,,,,,
1393,46.455000000000005,missing_tag,1,0,,,,,,,,,
1394,46.48833333333334,missing_tag,1,0,,,,,,,,,
1395,46.52166666666667,missing_tag,1,0,,,,,,,,,
1396,46.555,missing_tag,1,0,,,,,,,,,
1397,46.58833333333334,missing_tag,1,0,,,,,,,,,
1398,46.62166666666667,missing_tag,1,0,,,,,,,,,
1399,46.655,missing_tag,1,0,,,,,,,,,
1400,46.68833333333334,missing_tag,1,0,,,,,,,,,
1401,46.72166666666667,missing_tag,1,0,,,,,,,,,
1402,46.755,missing_tag,0,0,,,,,,,,,
1403,46.788333333333334,missing_tag,1,0,,,,,,,,,
1404,46.82166666666667,missing_tag,1,0,,,,,,,,,
1405,46.855000000000004,missing_tag,1,0,,,,,,,,,
1406,46.888333333333335,missing_tag,0,0,,,,,,,,,
1407,46.92166666666667,missing_tag,1,0,,,,,,,,,
1408,46.955000000000005,missing_tag,1,0,,,,,,,,,
1409,46.98833333333334,missing_tag,1,0,,,,,,,,,
1410,47.02166666666667,missing_tag,1,0,,,,,,,,,
1411,47.055,missing_tag,0,0,,,,,,,,,
1412,47.08833333333334,missing_tag,1,0,,,,,,,,,
1413,47.12166666666667,missing_tag,0,0,,,,,,,,,
1414,47.155,missing_tag,0,0,,,,,,,,,
1415,47.18833333333334,missing_tag,1,0,,,,,,,,,
1416,47.22166666666667,missing_tag,1,0,,,,,,,,,
1417,47.255,missing_tag,0,0,,,,,,,,,
1418,47.288333333333334,missing_tag,0,0,,,,,,,,,
1419,47.32166666666667,missing_tag,1,0,,,,,,,,,
1420,47.355000000000004,missing_tag,1,0,,,,,,,,,
1421,47.388333333333335,missing_tag,0,0,,,,,,,,,
1422,47.42166666666667,missing_tag,0,0,,,,,,,,,
1423,47.455000000000005,missing_tag,1,0,,,,,,,,,
1424,47.48833333333334,missing_tag,1,0,,,,,,,,,
1425,47.52166666666667,missing_tag,1,0,,,,,,,,,
1426,47.555,missing_tag,1,0,,,,,,,,,
1427,47.58833333333334,missing_tag,1,0,,,,,,,,,
1428,47.62166666666667,missing_tag,1,0,,,,,,,,,
1429,47.655,missing_tag,1,0,,,,,,,,,
1430,47.68833333333334,missing_tag,1,0,,,,,,,,,
1431,47.72166666666667,missing_tag,0,0,,,,,,,,,
1432,47.755,missing_tag,1,0,,,,,,,,,
1433,47.788333333333334,missing_tag,1,0,,,,,,,,,
1434,47.82166666666667,missing_tag,1,0,,,,,,,,,
1435,47.855000000000004,missing_tag,1,0,,,,,,,,,
1436,47.888333333333335,missing_tag,1,0,,,,,,,,,
1437,47.92166666666667,missing_tag,1,0,,,,,,,,,
1438,47.955000000000005,missing_tag,1,0,,,,,,,,,
1439,47.98833333333334,missing_tag,1,0,,,,,,,,,
1440,48.02166666666667,missing_tag,1,0,,,,,,,,,
1441,48.055,missing_tag,0,0,,,,,,,,,
1442,48.08833333333334,missing_tag,1,0,,,,,,,,,
1443,48.12166666666667,missing_tag,1,0,,,,,,,,,
1444,48.155,missing_tag,1,0,,,,,,,,,
1445,48.18833333333334,missing_tag,1,0,,,,,,,,,
1446,48.22166666666667,missing_tag,1,0,,,,,,,,,
1447,48.255,missing_tag,0,0,,,,,,,,,
1448,48.288333333333334,missing_tag,1,0,,,,,,,,,
1449,48.32166666666667,missing_tag,1,0,,,,,,,,,
1450,48.355000000000004,missing_tag,1,0,,,,,,,,,
1451,48.388333333333335,missing_tag,1,0,,,,,,,,,
1452,48.42166666666667,missing_tag,1,0,,,,,,,,,
1453,48.455000000000005,missing_tag,1,0,,,,,,,,,
1454,48.48833333333334,missing_tag,1,0,,,,,,,,,
1455,48.52166666666667,missing_tag,1,0,,,,,,,,,
1456,48.555,missing_tag,1,0,,,,,,,,,
1457,48.58833333333334,missing_tag,1,0,,,,,,,,,
1458,48.62166666666667,missing_tag,1,0,,,,,,,,,
1459,48.655,missing_tag,1,0,,,,,,,,,
1460,48.68833333333334,missing_tag,1,0,,,,,,,,,
1461,48.72166666666667,missing_tag,1,0,,,,,,,,,
1462,48.755,missing_tag,1,0,,,,,,,,,
1463,48.788333333333334,missing_tag,1,0,,,,,,,,,
1464,48.82333333333334,missing_tag,1,0,,,,,,,,,
1465,48.85666666666667,missing_tag,0,0,,,,,,,,,
1466,48.89,missing_tag,0,0,,,,,,,,,
1467,48.92333333333334,missing_tag,0,0,,,,,,,,,
1468,48.95666666666667,missing_tag,1,0,,,,,,,,,
1469,48.99,missing_tag,1,0,,,,,,,,,
1470,49.02333333333333,missing_tag,1,0,,,,,,,,,
1471,49.05666666666667,missing_tag,0,0,,,,,,,,,
1472,49.09,missing_tag,1,0,,,,,,,,,
1473,49.123333333333335,missing_tag,0,0,,,,,,,,,
1474,49.156666666666666,missing_tag,0,0,,,,,,,,,
1475,49.190000000000005,missing_tag,1,0,,,,,,,,,
1476,49.223333333333336,missing_tag,1,0,,,,,,,,,
1477,49.25666666666667,missing_tag,0,0,,,,,,,,,
1478,49.290000000000006,missing_tag,1,0,,,,,,,,,
1479,49.32333333333334,missing_tag,1,0,,,,,,,,,
1480,49.35666666666667,missing_tag,0,0,,,,,,,,,
1481,49.39,missing_tag,0,0,,,,,,,,,
1482,49.42333333333334,missing_tag,1,0,,,,,,,,,
1483,49.45666666666667,missing_tag,1,0,,,,,,,,,
1484,49.49,missing_tag,1,0,,,,,,,,,
1485,49.52333333333333,missing_tag,1,0,,,,,,,,,
1486,49.55666666666667,missing_tag,1,0,,,,,,,,,
1487,49.59,missing_tag,1,0,,,,,,,,,
1488,49.623333333333335,missing_tag,1,0,,,,,,,,,
1489,49.65666666666667,missing_tag,1,0,,,,,,,,,
1490,49.690000000000005,missing_tag,1,0,,,,,,,,,
1491,49.723333333333336,missing_tag,1,0,,,,,,,,,
1492,49.75666666666667,missing_tag,1,0,,,,,,,,,
1493,49.790000000000006,missing_tag,0,0,,,,,,,,,
1494,49.82333333333334,missing_tag,1,0,,,,,,,,,
1495,49.85666666666667,missing_tag,1,0,,,,,,,,,
1496,49.89,missing_tag,1,0,,,,,,,,,
1497,49.92333333333334,missing_tag,1,0,,,,,,,,,
1498,49.95666666666667,missing_tag,0,0,,,,,,,,,
1499,49.99,missing_tag,1,0,,,,,,,,,
1500,50.02333333333333,missing_tag,0,0,,,,,,,,,
1501,50.05666666666667,missing_tag,0,0,,,,,,,,,
1502,50.09,missing_tag,1,0,,,,,,,,,
1503,50.123333333333335,missing_tag,1,0,,,,,,,,,
1504,50.15666666666667,missing_tag,1,0,,,,,,,,,
1505,50.190000000000005,missing_tag,0,0,,,,,,,,,
1506,50.223333333333336,missing_tag,1,0,,,,,,,,,
1507,50.25666666666667,missing_tag,1,0,,,,,,,,,
1508,50.290000000000006,missing_tag,1,0,,,,,,,,,
1509,50.32333333333334,missing_tag,1,0,,,,,,,,,
1510,50.35666666666667,missing_tag,0,0,,,,,,,,,
1511,50.39,missing_tag,1,0,,,,,,,,,
1512,50.42333333333334,missing_tag,0,0,,,,,,,,,
1513,50.45666666666667,missing_tag,0,0,,,,,,,,,
1514,50.49,missing_tag,1,0,,,,,,,,,
1515,50.52333333333333,missing_tag,0,0,,,,,,,,,
1516,50.55666666666667,missing_tag,0,0,,,,,,,,,
1517,50.59,missing_tag,0,0,,,,,,,,,
1518,50.623333333333335,missing_tag,1,0,,,,,,,,,
1519,50.65666666666667,missing_tag,1,0,,,,,,,,,
1520,50.690000000000005,missing_tag,0,0,,,,,,,,,
1521,50.723333333333336,missing_tag,0,0,,,,,,,,,
1522,50.75666666666667,missing_tag,1,0,,,,,,,,,
1523,50.790000000000006,missing_tag,1,0,,,,,,,,,
1524,50.82333333333334,missing_tag,0,0,,,,,,,,,
1525,50.85666666666667,missing_tag,1,0,,,,,,,,,
1526,50.89,missing_tag,0,0,,,,,,,,,
1527,50.92333333333334,missing_tag,1,0,,,,,,,,,
1528,50.95666666666667,missing_tag,1,0,,,,,,,,,
1529,50.99,missing_tag,1,0,,,,,,,,,
1530,51.02333333333333,missing_tag,1,0,,,,,,,,,
1531,51.05666666666667,missing_tag,0,0,,,,,,,,,
1532,51.09,missing_tag,1,0,,,,,,,,,
1533,51.123333333333335,missing_tag,1,0,,,,,,,,,
1534,51.15666666666667,missing_tag,1,0,,,,,,,,,
1535,51.190000000000005,missing_tag,1,0,,,,,,,,,
1536,51.223333333333336,missing_tag,1,0,,,,,,,,,
1537,51.25666666666667,missing_tag,1,0,,,,,,,,,
1538,51.290000000000006,missing_tag,1,0,,,,,,,,,
1539,51.32333333333334,missing_tag,1,0,,,,,,,,,
1540,51.35666666666667,missing_tag,1,0,,,,,,,,,
1541,51.39,missing_tag,1,0,,,,,,,,,
1542,51.42333333333334,missing_tag,1,0,,,,,,,,,
1543,51.45666666666667,missing_tag,1,0,,,,,,,,,
1544,51.49,missing_tag,1,0,,,,,,,,,
1545,51.52333333333333,missing_tag,1,0,,,,,,,,,
1546,51.55666666666667,missing_tag,1,0,,,,,,,,,
1547,51.59,missing_tag,1,0,,,,,,,,,
1548,51.623333333333335,missing_tag,1,0,,,,,,,,,
1549,51.65666666666667,missing_tag,1,0,,,,,,,,,
1550,51.690000000000005,missing_tag,0,0,,,,,,,,,
1551,51.723333333333336,missing_tag,0,0,,,,,,,,,
1552,51.75666666666667,missing_tag,1,0,,,,,,,,,
1553,51.790000000000006,missing_tag,1,0,,,,,,,,,
1554,51.82333333333334,missing_tag,1,0,,,,,,,,,
1555,51.85666666666667,missing_tag,1,0,,,,,,,,,
1556,51.89,missing_tag,1,0,,,,,,,,,
1557,51.92333333333334,missing_tag,1,0,,,,,,,,,
1558,51.95666666666667,missing_tag,1,0,,,,,,,,,
1559,51.99,missing_tag,1,0,,,,,,,,,
1560,52.02333333333333,missing_tag,0,0,,,,,,,,,
1561,52.05666666666667,missing_tag,1,0,,,,,,,,,
1562,52.09,missing_tag,1,0,,,,,,,,,
1563,52.123333333333335,missing_tag,1,0,,,,,,,,,
1564,52.15666666666667,missing_tag,0,0,,,,,,,,,
1565,52.190000000000005,missing_tag,0,0,,,,,,,,,
1566,52.223333333333336,missing_tag,1,0,,,,,,,,,
1567,52.25666666666667,missing_tag,0,0,,,,,,,,,
1568,52.290000000000006,missing_tag,1,0,,,,,,,,,
1569,52.32333333333334,missing_tag,1,0,,,,,,,,,
1570,52.35666666666667,missing_tag,1,0,,,,,,,,,
1571,52.39,missing_tag,0,0,,,,,,,,,
1572,52.425000000000004,missing_tag,1,0,,,,,,,,,
1573,52.458333333333336,missing_tag,1,0,,,,,,,,,
1574,52.49166666666667,missing_tag,1,0,,,,,,,,,
1575,52.525000000000006,missing_tag,0,0,,,,,,,,,
1576,52.55833333333334,missing_tag,1,0,,,,,,,,,
1577,52.59166666666667,missing_tag,0,0,,,,,,,,,
1578,52.625,missing_tag,0,0,,,,,,,,,
1579,52.65833333333334,missing_tag,1,0,,,,,,,,,
1580,52.69166666666667,missing_tag,1,0,,,,,,,,,
1581,52.725,missing_tag,1,0,,,,,,,,,
1582,52.75833333333334,missing_tag,0,0,,,,,,,,,
1583,52.79166666666667,missing_tag,0,0,,,,,,,,,
1584,52.825,missing_tag,1,0,,,,,,,,,
1585,52.858333333333334,missing_tag,0,0,,,,,,,,,
1586,52.89166666666667,missing_tag,1,0,,,,,,,,,
1587,52.925000000000004,missing_tag,1,0,,,,,,,,,
1588,52.958333333333336,missing_tag,1,0,,,,,,,,,
1589,52.99166666666667,missing_tag,1,0,,,,,,,,,
1590,53.025000000000006,missing_tag,1,0,,,,,,,,,
1591,53.05833333333334,missing_tag,1,0,,,,,,,,,
1592,53.09166666666667,missing_tag,1,0,,,,,,,,,
1593,53.125,missing_tag,1,0,,,,,,,,,
1594,53.15833333333334,missing_tag,1,0,,,,,,,,,
1595,53.19166666666667,missing_tag,1,0,,,,,,,,,
1596,53.225,missing_tag,1,0,,,,,,,,,
1597,53.25833333333334,missing_tag,1,0,,,,,,,,,
1598,53.29166666666667,missing_tag,1,0,,,,,,,,,
1599,53.325,missing_tag,1,0,,,,,,,,,
1600,53.358333333333334,missing_tag,1,0,,,,,,,,,
1601,53.39166666666667,missing_tag,1,0,,,,,,,,,
1602,53.425000000000004,missing_tag,1,0,,,,,,,,,
1603,53.458333333333336,missing_tag,0,0,,,,,,,,,
1604,53.49166666666667,missing_tag,1,0,,,,,,,,,
1605,53.525000000000006,missing_tag,0,0,,,,,,,,,
1606,53.55833333333334,missing_tag,1,0,,,,,,,,,
1607,53.59166666666667,missing_tag,1,0,,,,,,,,,
1608,53.625,missing_tag,1,0,,,,,,,,,
1609,53.65833333333334,missing_tag,1,0,,,,,,,,,
1610,53.69166666666667,missing_tag,1,0,,,,,,,,,
1611,53.725,missing_tag,0,0,,,,,,,,,
1612,53.75833333333334,missing_tag,1,0,,,,,,,,,
1613,53.79166666666667,missing_tag,0,0,,,,,,,,,
1614,53.825,missing_tag,1,0,,,,,,,,,
1615,53.858333333333334,missing_tag,1,0,,,,,,,,,
1616,53.89166666666667,missing_tag,1,0,,,,,,,,,
1617,53.925000000000004,missing_tag,1,0,,,,,,,,,
1618,53.958333333333336,missing_tag,0,0,,,,,,,,,
1619,53.99166666666667,missing_tag,0,0,,,,,,,,,
1620,54.025000000000006,missing_tag,1,0,,,,,,,,,
1621,54.05833333333334,missing_tag,0,0,,,,,,,,,
1622,54.09166666666667,missing_tag,1,0,,,,,,,,,
1623,54.125,missing_tag,0,0,,,,,,,,,
1624,54.15833333333334,missing_tag,0,0,,,,,,,,,
1625,54.19166666666667,missing_tag,0,0,,,,,,,,,
1626,54.225,missing_tag,0,0,,,,,,,,,
1627,54.25833333333334,missing_tag,1,0,,,,,,,,,
1628,54.29166666666667,missing_tag,0,0,,,,,,,,,
1629,54.325,missing_tag,1,0,,,,,,,,,
1630,54.358333333333334,missing_tag,1,0,,,,,,,,,
1631,54.39166666666667,missing_tag,1,0,,,,,,,,,
1632,54.425000000000004,missing_tag,1,0,,,,,,,,,
1633,54.458333333333336,missing_tag,1,0,,,,,,,,,
1634,54.49166666666667,missing_tag,0,0,,,,,,,,,
1635,54.525000000000006,missing_tag,1,0,,,,,,,,,
1636,54.55833333333334,missing_tag,0,0,,,,,,,,,
1637,54.59166666666667,missing_tag,1,0,,,,,,,,,
1638,54.625,missing_tag,1,0,,,,,,,,,
1639,54.65833333333334,missing_tag,1,0,,,,,,,,,
1640,54.69166666666667,missing_tag,1,0,,,,,,,,,
1641,54.725,missing_tag,0,0,,,,,,,,,
1642,54.75833333333334,missing_tag,1,0,,,,,,,,,
1643,54.79166666666667,missing_tag,0,0,,,,,,,,,
1644,54.825,missing_tag,1,0,,,,,,,,,
1645,54.858333333333334,missing_tag,1,0,,,,,,,,,
1646,54.89166666666667,missing_tag,0,0,,,,,,,,,
1647,54.925000000000004,missing_tag,0,0,,,,,,,,,
1648,54.958333333333336,missing_tag,1,0,,,,,,,,,
1649,54.99166666666667,missing_tag,1,0,,,,,,,,,
1650,55.025000000000006,missing_tag,0,0,,,,,,,,,
1651,55.05833333333334,missing_tag,0,0,,,,,,,,,
1652,55.09166666666667,missing_tag,0,0,,,,,,,,,
1653,55.125,missing_tag,1,0,,,,,,,,,
1654,55.15833333333334,missing_tag,0,0,,,,,,,,,
1655,55.19166666666667,missing_tag,0,0,,,,,,,,,
1656,55.225,missing_tag,0,0,,,,,,,,,
1657,55.25833333333334,missing_tag,0,0,,,,,,,,,
1658,55.29166666666667,missing_tag,1,0,,,,,,,,,
1659,55.325,missing_tag,0,0,,,,,,,,,
1660,55.358333333333334,missing_tag,0,0,,,,,,,,,
1661,55.39166666666667,missing_tag,1,0,,,,,,,,,
1662,55.425000000000004,missing_tag,0,0,,,,,,,,,
1663,55.458333333333336,missing_tag,1,0,,,,,,,,,
1664,55.49166666666667,missing_tag,0,0,,,,,,,,,
1665,55.525000000000006,missing_tag,0,0,,,,,,,,,
1666,55.55833333333334,missing_tag,0,0,,,,,,,,,
1667,55.59166666666667,missing_tag,0,0,,,,,,,,,
1668,55.62500000000001,missing_tag,0,0,,,,,,,,,
1669,55.65833333333334,missing_tag,0,0,,,,,,,,,
1670,55.69166666666667,missing_tag,0,0,,,,,,,,,
1671,55.725,missing_tag,1,0,,,,,,,,,
1672,55.75833333333334,missing_tag,1,0,,,,,,,,,
1673,55.79166666666667,missing_tag,1,0,,,,,,,,,
1674,55.825,missing_tag,1,0,,,,,,,,,
1675,55.858333333333334,missing_tag,1,0,,,,,,,,,
1676,55.89166666666667,missing_tag,0,0,,,,,,,,,
1677,55.925000000000004,missing_tag,1,0,,,,,,,,,
1678,55.958333333333336,missing_tag,0,0,,,,,,,,,
1679,55.99166666666667,missing_tag,1,0,,,,,,,,,
1680,56.025000000000006,missing_tag,1,0,,,,,,,,,
1681,56.06,missing_tag,1,0,,,,,,,,,
1682,56.093333333333334,missing_tag,1,0,,,,,,,,,
1683,56.12666666666667,missing_tag,0,0,,,,,,,,,
1684,56.16000000000001,missing_tag,1,0,,,,,,,,,
1685,56.193333333333335,missing_tag,0,0,,,,,,,,,
1686,56.226666666666674,missing_tag,1,0,,,,,,,,,
1687,56.260000000000005,missing_tag,1,0,,,,,,,,,
1688,56.29333333333334,missing_tag,1,0,,,,,,,,,
1689,56.32666666666667,missing_tag,1,0,,,,,,,,,
1690,56.36000000000001,missing_tag,1,0,,,,,,,,,
1691,56.39333333333334,missing_tag,1,0,,,,,,,,,
1692,56.42666666666667,missing_tag,0,0,,,,,,,,,
1693,56.46,missing_tag,1,0,,,,,,,,,
1694,56.49333333333335,missing_tag,0,0,,,,,,,,,
1695,56.52666666666667,missing_tag,1,0,,,,,,,,,
1696,56.56,missing_tag,0,0,,,,,,,,,
1697,56.593333333333334,missing_tag,0,0,,,,,,,,,
1698,56.62666666666667,missing_tag,0,0,,,,,,,,,
1699,56.66000000000001,missing_tag,1,0,,,,,,,,,
1700,56.693333333333335,missing_tag,0,0,,,,,,,,,
1701,56.726666666666674,missing_tag,1,0,,,,,,,,,
1702,56.760000000000005,missing_tag,1,0,,,,,,,,,
1703,56.79333333333334,missing_tag,1,0,,,,,,,,,
1704,56.82666666666667,missing_tag,1,0,,,,,,,,,
1705,56.86000000000001,missing_tag,1,0,,,,,,,,,
1706,56.89333333333334,missing_tag,0,0,,,,,,,,,
1707,56.92666666666667,missing_tag,1,0,,,,,,,,,
1708,56.96,missing_tag,0,0,,,,,,,,,
1709,56.99333333333335,missing_tag,1,0,,,,,,,,,
1710,57.02666666666667,missing_tag,1,0,,,,,,,,,
1711,57.06,missing_tag,1,0,,,,,,,,,
1712,57.093333333333334,missing_tag,1,0,,,,,,,,,
1713,57.12666666666667,missing_tag,0,0,,,,,,,,,
1714,57.16000000000001,missing_tag,1,0,,,,,,,,,
1715,57.193333333333335,missing_tag,1,0,,,,,,,,,
1716,57.226666666666674,missing_tag,1,0,,,,,,,,,
1717,57.260000000000005,missing_tag,0,0,,,,,,,,,
1718,57.29333333333334,missing_tag,1,0,,,,,,,,,
1719,57.32666666666667,missing_tag,0,0,,,,,,,,,
1720,57.36000000000001,missing_tag,1,0,,,,,,,,,
1721,57.39333333333334,missing_tag,0,0,,,,,,,,,
1722,57.42666666666667,missing_tag,1,0,,,,,,,,,
1723,57.46,missing_tag,1,0,,,,,,,,,
1724,57.49333333333335,missing_tag,0,0,,,,,,,,,
1725,57.52666666666667,missing_tag,1,0,,,,,,,,,
1726,57.56,missing_tag,1,0,,,,,,,,,
1727,57.593333333333334,missing_tag,1,0,,,,,,,,,
1728,57.62666666666667,missing_tag,1,0,,,,,,,,,
1729,57.66000000000001,missing_tag,1,0,,,,,,,,,
1730,57.693333333333335,missing_tag,1,0,,,,,,,,,
1731,57.726666666666674,missing_tag,1,0,,,,,,,,,
1732,57.760000000000005,missing_tag,1,0,,,,,,,,,
1733,57.79333333333334,missing_tag,1,0,,,,,,,,,
1734,57.82666666666667,missing_tag,1,0,,,,,,,,,
1735,57.86000000000001,missing_tag,1,0,,,,,,,,,
1736,57.89333333333334,missing_tag,1,0,,,,,,,,,
1737,57.92666666666667,missing_tag,1,0,,,,,,,,,
1738,57.96,missing_tag,0,0,,,,,,,,,
1739,57.99333333333335,missing_tag,0,0,,,,,,,,,
1740,58.02666666666667,missing_tag,0,0,,,,,,,,,
1741,58.06,missing_tag,1,0,,,,,,,,,
1742,58.093333333333334,missing_tag,1,0,,,,,,,,,
1743,58.12666666666667,missing_tag,1,0,,,,,,,,,
1744,58.16000000000001,missing_tag,1,0,,,,,,,,,
1745,58.193333333333335,missing_tag,0,0,,,,,,,,,
1746,58.226666666666674,missing_tag,0,0,,,,,,,,,
1747,58.260000000000005,missing_tag,1,0,,,,,,,,,
1748,58.29333333333334,missing_tag,1,0,,,,,,,,,
1749,58.32666666666667,missing_tag,1,0,,,,,,,,,
1750,58.36000000000001,missing_tag,1,0,,,,,,,,,
1751,58.39333333333334,missing_tag,1,0,,,,,,,,,
1752,58.42666666666667,missing_tag,0,0,,,,,,,,,
1753,58.46,missing_tag,1,0,,,,,,,,,
1754,58.49333333333335,missing_tag,1,0,,,,,,,,,
1755,58.52666666666667,missing_tag,1,0,,,,,,,,,
1756,58.56,missing_tag,1,0,,,,,,,,,
1757,58.593333333333334,missing_tag,1,0,,,,,,,,,
1758,58.62666666666667,missing_tag,1,0,,,,,,,,,
1759,58.66000000000001,missing_tag,1,0,,,,,,,,,
1760,58.693333333333335,missing_tag,1,0,,,,,,,,,
1761,58.726666666666674,missing_tag,1,0,,,,,,,,,
1762,58.760000000000005,missing_tag,1,0,,,,,,,,,
1763,58.79333333333334,missing_tag,1,0,,,,,,,,,
1764,58.82666666666667,missing_tag,0,0,,,,,,,,,
1765,58.86000000000001,missing_tag,1,0,,,,,,,,,
1766,58.89333333333334,missing_tag,1,0,,,,,,,,,
1767,58.92666666666667,missing_tag,0,0,,,,,,,,,
1768,58.96,missing_tag,1,0,,,,,,,,,
1769,58.99333333333335,missing_tag,1,0,,,,,,,,,
1770,59.02666666666667,missing_tag,1,0,,,,,,,,,
1771,59.06,missing_tag,0,0,,,,,,,,,
1772,59.093333333333334,missing_tag,1,0,,,,,,,,,
1773,59.12666666666667,missing_tag,1,0,,,,,,,,,
1774,59.16000000000001,missing_tag,1,0,,,,,,,,,
1775,59.193333333333335,missing_tag,1,0,,,,,,,,,
1776,59.226666666666674,missing_tag,1,0,,,,,,,,,
1777,59.260000000000005,missing_tag,1,0,,,,,,,,,
1778,59.29333333333334,missing_tag,1,0,,,,,,,,,
1779,59.32666666666667,missing_tag,1,0,,,,,,,,,
1780,59.36000000000001,missing_tag,1,0,,,,,,,,,
1781,59.39333333333334,missing_tag,1,0,,,,,,,,,
1782,59.42666666666667,missing_tag,0,0,,,,,,,,,
1783,59.46,missing_tag,1,0,,,,,,,,,
1784,59.49333333333335,missing_tag,0,0,,,,,,,,,
1785,59.52666666666667,missing_tag,1,0,,,,,,,,,
1786,59.56,missing_tag,1,0,,,,,,,,,
1787,59.593333333333334,missing_tag,0,0,,,,,,,,,
1788,59.62666666666667,missing_tag,1,0,,,,,,,,,
1789,59.66000000000001,missing_tag,1,0,,,,,,,,,
1790,59.695,missing_tag,1,0,,,,,,,,,
1791,59.72833333333334,missing_tag,1,0,,,,,,,,,
1792,59.76166666666667,missing_tag,0,0,,,,,,,,,
1793,59.795,missing_tag,0,0,,,,,,,,,
1794,59.82833333333334,missing_tag,1,0,,,,,,,,,
1795,59.86166666666667,missing_tag,1,0,,,,,,,,,
1796,59.895,missing_tag,0,0,,,,,,,,,
1797,59.928333333333335,missing_tag,1,0,,,,,,,,,
1798,59.96166666666667,missing_tag,1,0,,,,,,,,,
1799,59.995000000000005,missing_tag,1,0,,,,,,,,,
1800,60.028333333333336,missing_tag,1,0,,,,,,,,,
1801,60.06166666666667,missing_tag,0,0,,,,,,,,,
1802,60.095000000000006,missing_tag,0,0,,,,,,,,,
1803,60.12833333333334,missing_tag,0,0,,,,,,,,,
1804,60.16166666666667,missing_tag,1,0,,,,,,,,,
1805,60.19500000000001,missing_tag,0,0,,,,,,,,,
1806,60.22833333333334,missing_tag,0,0,,,,,,,,,
1807,60.26166666666667,missing_tag,1,0,,,,,,,,,
1808,60.295,missing_tag,1,0,,,,,,,,,
1809,60.32833333333334,missing_tag,0,0,,,,,,,,,
1810,60.36166666666667,missing_tag,0,0,,,,,,,,,
1811,60.395,missing_tag,0,0,,,,,,,,,
1812,60.428333333333335,missing_tag,0,0,,,,,,,,,
1813,60.46166666666667,missing_tag,1,0,,,,,,,,,
1814,60.495000000000005,missing_tag,0,0,,,,,,,,,
1815,60.528333333333336,missing_tag,0,0,,,,,,,,,
1816,60.56166666666667,missing_tag,0,0,,,,,,,,,
1817,60.595000000000006,missing_tag,0,0,,,,,,,,,
1818,60.62833333333334,missing_tag,1,0,,,,,,,,,
1819,60.66166666666667,missing_tag,1,0,,,,,,,,,
1820,60.69500000000001,missing_tag,0,0,,,,,,,,,
1821,60.72833333333334,missing_tag,0,0,,,,,,,,,
1822,60.76166666666667,missing_tag,0,0,,,,,,,,,
1823,60.795,missing_tag,1,0,,,,,,,,,
1824,60.82833333333334,missing_tag,1,0,,,,,,,,,
1825,60.86166666666667,missing_tag,1,0,,,,,,,,,
1826,60.895,missing_tag,0,0,,,,,,,,,
1827,60.928333333333335,missing_tag,1,0,,,,,,,,,
1828,60.96166666666667,missing_tag,0,0,,,,,,,,,
1829,60.995000000000005,missing_tag,1,0,,,,,,,,,
1830,61.028333333333336,missing_tag,1,0,,,,,,,,,
1831,61.06166666666667,missing_tag,1,0,,,,,,,,,
1832,61.095000000000006,missing_tag,1,0,,,,,,,,,
1833,61.12833333333334,missing_tag,1,0,,,,,,,,,
1834,61.16166666666667,missing_tag,1,0,,,,,,,,,
1835,61.19500000000001,missing_tag,1,0,,,,,,,,,
1836,61.22833333333334,missing_tag,0,0,,,,,,,,,
1837,61.26166666666667,missing_tag,1,0,,,,,,,,,
1838,61.295,missing_tag,1,0,,,,,,,,,
1839,61.32833333333334,missing_tag,1,0,,,,,,,,,
1840,61.36166666666667,missing_tag,0,0,,,,,,,,,
1841,61.395,missing_tag,0,0,,,,,,,,,
1842,61.428333333333335,missing_tag,0,0,,,,,,,,,
1843,61.46166666666667,missing_tag,1,0,,,,,,,,,
1844,61.495000000000005,missing_tag,1,0,,,,,,,,,
1845,61.528333333333336,missing_tag,1,0,,,,,,,,,
1846,61.56166666666667,missing_tag,0,0,,,,,,,,,
1847,61.595000000000006,missing_tag,1,0,,,,,,,,,
1848,61.62833333333334,missing_tag,1,0,,,,,,,,,
1849,61.66166666666667,missing_tag,1,0,,,,,,,,,
1850,61.69500000000001,missing_tag,0,0,,,,,,,,,
1851,61.72833333333334,missing_tag,0,0,,,,,,,,,
1852,61.76166666666667,missing_tag,0,0,,,,,,,,,
1853,61.795,missing_tag,0,0,,,,,,,,,
1854,61.82833333333334,missing_tag,0,0,,,,,,,,,
1855,61.86166666666667,missing_tag,1,0,,,,,,,,,
1856,61.895,missing_tag,1,0,,,,,,,,,
1857,61.928333333333335,missing_tag,1,0,,,,,,,,,
1858,61.96166666666667,missing_tag,1,0,,,,,,,,,
1859,61.995000000000005,missing_tag,1,0,,,,,,,,,
1860,62.028333333333336,missing_tag,0,0,,,,,,,,,
1861,62.06166666666667,missing_tag,0,0,,,,,,,,,
1862,62.095000000000006,missing_tag,1,0,,,,,,,,,
1863,62.12833333333334,missing_tag,1,0,,,,,,,,,
1864,62.16166666666667,missing_tag,1,0,,,,,,,,,
1865,62.19500000000001,missing_tag,1,0,,,,,,,,,
1866,62.22833333333334,missing_tag,1,0,,,,,,,,,
1867,62.26166666666667,missing_tag,1,0,,,,,,,,,
1868,62.295,missing_tag,1,0,,,,,,,,,
1869,62.32833333333334,missing_tag,0,0,,,,,,,,,
1870,62.36166666666667,missing_tag,1,0,,,,,,,,,
1871,62.395,missing_tag,1,0,,,,,,,,,
1872,62.428333333333335,missing_tag,1,0,,,,,,,,,
1873,62.46166666666667,missing_tag,1,0,,,,,,,,,
1874,62.495000000000005,missing_tag,1,0,,,,,,,,,
1875,62.528333333333336,missing_tag,1,0,,,,,,,,,
1876,62.56166666666667,missing_tag,1,0,,,,,,,,,
1877,62.595000000000006,missing_tag,1,0,,,,,,,,,
1878,62.62833333333334,missing_tag,1,0,,,,,,,,,
1879,62.66166666666667,missing_tag,1,0,,,,,,,,,
1880,62.69500000000001,missing_tag,1,0,,,,,,,,,
1881,62.72833333333334,missing_tag,1,0,,,,,,,,,
1882,62.76166666666667,missing_tag,1,0,,,,,,,,,
1883,62.795,missing_tag,1,0,,,,,,,,,
1884,62.82833333333334,missing_tag,1,0,,,,,,,,,
1885,62.86166666666667,missing_tag,0,0,,,,,,,,,
1886,62.895,missing_tag,1,0,,,,,,,,,
1887,62.928333333333335,missing_tag,0,0,,,,,,,,,
1888,62.96166666666667,missing_tag,1,0,,,,,,,,,
1889,62.995000000000005,missing_tag,1,0,,,,,,,,,
1890,63.028333333333336,missing_tag,0,0,,,,,,,,,
1891,63.06166666666667,missing_tag,1,0,,,,,,,,,
1892,63.095000000000006,missing_tag,0,0,,,,,,,,,
1893,63.12833333333334,missing_tag,1,0,,,,,,,,,
1894,63.16166666666667,missing_tag,0,0,,,,,,,,,
1895,63.19500000000001,missing_tag,1,0,,,,,,,,,
1896,63.22833333333334,missing_tag,1,0,,,,,,,,,
1897,63.26166666666667,missing_tag,1,0,,,,,,,,,
1898,63.296666666666674,missing_tag,1,0,,,,,,,,,
1899,63.330000000000005,missing_tag,1,0,,,,,,,,,
1900,63.36333333333334,missing_tag,1,0,,,,,,,,,
1901,63.39666666666667,missing_tag,1,0,,,,,,,,,
1902,63.43000000000001,missing_tag,1,0,,,,,,,,,
1903,63.46333333333334,missing_tag,1,0,,,,,,,,,
1904,63.49666666666667,missing_tag,1,0,,,,,,,,,
1905,63.53,missing_tag,1,0,,,,,,,,,
1906,63.56333333333334,missing_tag,1,0,,,,,,,,,
1907,63.59666666666667,missing_tag,1,0,,,,,,,,,
1908,63.63,missing_tag,1,0,,,,,,,,,
1909,63.663333333333334,missing_tag,1,0,,,,,,,,,
1910,63.69666666666667,missing_tag,1,0,,,,,,,,,
1911,63.730000000000004,missing_tag,1,0,,,,,,,,,
1912,63.763333333333335,missing_tag,1,0,,,,,,,,,
1913,63.796666666666674,missing_tag,1,0,,,,,,,,,
1914,63.830000000000005,missing_tag,0,0,,,,,,,,,
1915,63.86333333333334,missing_tag,1,0,,,,,,,,,
1916,63.89666666666667,missing_tag,0,0,,,,,,,,,
1917,63.93000000000001,missing_tag,0,0,,,,,,,,,
1918,63.96333333333334,missing_tag,1,0,,,,,,,,,
1919,63.99666666666667,missing_tag,1,0,,,,,,,,,
1920,64.03,missing_tag,1,0,,,,,,,,,
1921,64.06333333333333,missing_tag,1,0,,,,,,,,,
1922,64.09666666666666,missing_tag,1,0,,,,,,,,,
1923,64.13000000000001,missing_tag,1,0,,,,,,,,,
1924,64.16333333333334,missing_tag,1,0,,,,,,,,,
1925,64.19666666666667,missing_tag,1,0,,,,,,,,,
1926,64.23,missing_tag,1,0,,,,,,,,,
1927,64.26333333333334,missing_tag,0,0,,,,,,,,,
1928,64.29666666666667,missing_tag,1,0,,,,,,,,,
1929,64.33,missing_tag,1,0,,,,,,,,,
1930,64.36333333333334,missing_tag,1,0,,,,,,,,,
1931,64.39666666666668,missing_tag,1,0,,,,,,,,,
1932,64.43,missing_tag,1,0,,,,,,,,,
1933,64.46333333333334,missing_tag,1,0,,,,,,,,,
1934,64.49666666666667,missing_tag,1,0,,,,,,,,,
1935,64.53,missing_tag,1,0,,,,,,,,,
1936,64.56333333333333,missing_tag,1,0,,,,,,,,,
1937,64.59666666666666,missing_tag,1,0,,,,,,,,,
1938,64.63000000000001,missing_tag,1,0,,,,,,,,,
1939,64.66333333333334,missing_tag,1,0,,,,,,,,,
1940,64.69666666666667,missing_tag,1,0,,,,,,,,,
1941,64.73,missing_tag,1,0,,,,,,,,,
1942,64.76333333333334,missing_tag,1,0,,,,,,,,,
1943,64.79666666666667,missing_tag,0,0,,,,,,,,,
1944,64.83,missing_tag,1,0,,,,,,,,,
1945,64.86333333333334,missing_tag,0,0,,,,,,,,,
1946,64.89666666666668,missing_tag,1,0,,,,,,,,,
1947,64.93,missing_tag,1,0,,,,,,,,,
1948,64.96333333333334,missing_tag,0,0,,,,,,,,,
1949,64.99666666666667,missing_tag,1,0,,,,,,,,,
1950,65.03,missing_tag,1,0,,,,,,,,,
1951,65.06333333333333,missing_tag,0,0,,,,,,,,,
1952,65.09666666666666,missing_tag,0,0,,,,,,,,,
1953,65.13000000000001,missing_tag,1,0,,,,,,,,,
1954,65.16333333333334,missing_tag,1,0,,,,,,,,,
1955,65.19666666666667,missing_tag,1,0,,,,,,,,,
1956,65.23,missing_tag,1,0,,,,,,,,,
1957,65.26333333333334,missing_tag,1,0,,,,,,,,,
1958,65.29666666666667,missing_tag,1,0,,,,,,,,,
1959,65.33,missing_tag,1,0,,,,,,,,,
1960,65.36333333333334,missing_tag,0,0,,,,,,,,,
1961,65.39666666666668,missing_tag,1,0,,,,,,,,,
1962,65.43,missing_tag,1,0,,,,,,,,,
1963,65.46333333333334,missing_tag,1,0,,,,,,,,,
1964,65.49666666666667,missing_tag,1,0,,,,,,,,,
1965,65.53,missing_tag,1,0,,,,,,,,,
1966,65.56333333333333,missing_tag,0,0,,,,,,,,,
1967,65.59666666666666,missing_tag,0,0,,,,,,,,,
1968,65.63000000000001,missing_tag,1,0,,,,,,,,,
1969,65.66333333333334,missing_tag,0,0,,,,,,,,,
1970,65.69666666666667,missing_tag,1,0,,,,,,,,,
1971,65.73,missing_tag,1,0,,,,,,,,,
1972,65.76333333333334,missing_tag,0,0,,,,,,,,,
1973,65.79666666666667,missing_tag,1,0,,,,,,,,,
1974,65.83,missing_tag,0,0,,,,,,,,,
1975,65.86333333333334,missing_tag,0,0,,,,,,,,,
1976,65.89666666666668,missing_tag,1,0,,,,,,,,,
1977,65.93,missing_tag,0,0,,,,,,,,,
1978,65.96333333333334,missing_tag,1,0,,,,,,,,,
1979,65.99666666666667,missing_tag,1,0,,,,,,,,,
1980,66.03,missing_tag,0,0,,,,,,,,,
1981,66.06333333333333,missing_tag,0,0,,,,,,,,,
1982,66.09666666666666,missing_tag,1,0,,,,,,,,,
1983,66.13000000000001,missing_tag,0,0,,,,,,,,,
1984,66.16333333333334,missing_tag,1,0,,,,,,,,,
1985,66.19666666666667,missing_tag,1,0,,,,,,,,,
1986,66.23,missing_tag,1,0,,,,,,,,,
1987,66.26333333333334,missing_tag,1,0,,,,,,,,,
1988,66.29666666666667,missing_tag,1,0,,,,,,,,,
1989,66.33,missing_tag,1,0,,,,,,,,,
1990,66.36333333333334,missing_tag,1,0,,,,,,,,,
1991,66.39666666666668,missing_tag,1,0,,,,,,,,,
1992,66.43,missing_tag,1,0,,,,,,,,,
1993,66.46333333333334,missing_tag,1,0,,,,,,,,,
1994,66.49666666666667,missing_tag,0,0,,,,,,,,,
1995,66.53,missing_tag,1,0,,,,,,,,,
1996,66.56333333333333,missing_tag,1,0,,,,,,,,,
1997,66.59666666666666,missing_tag,1,0,,,,,,,,,
1998,66.63000000000001,missing_tag,1,0,,,,,,,,,
1999,66.66333333333334,missing_tag,1,0,,,,,,,,,
2000,66.69666666666667,missing_tag,1,0,,,,,,,,,
2001,66.73,missing_tag,0,0,,,,,,,,,
2002,66.76333333333334,missing_tag,1,0,,,,,,,,,
2003,66.79666666666667,missing_tag,1,0,,,,,,,,,
2004,66.83,missing_tag,0,0,,,,,,,,,
2005,66.86333333333334,missing_tag,1,0,,,,,,,,,
2006,66.89833333333334,missing_tag,1,0,,,,,,,,,
2007,66.93166666666667,missing_tag,0,0,,,,,,,,,
2008,66.965,missing_tag,0,0,,,,,,,,,
2009,66.99833333333333,missing_tag,1,0,,,,,,,,,
2010,67.03166666666667,missing_tag,1,0,,,,,,,,,
2011,67.065,missing_tag,0,0,,,,,,,,,
2012,67.09833333333334,missing_tag,0,0,,,,,,,,,
2013,67.13166666666667,missing_tag,1,0,,,,,,,,,
2014,67.165,missing_tag,1,0,,,,,,,,,
2015,67.19833333333334,missing_tag,1,0,,,,,,,,,
2016,67.23166666666667,missing_tag,0,0,,,,,,,,,
2017,67.265,missing_tag,1,0,,,,,,,,,
2018,67.29833333333333,missing_tag,1,0,,,,,,,,,
2019,67.33166666666668,missing_tag,1,0,,,,,,,,,
2020,67.36500000000001,missing_tag,0,0,,,,,,,,,
2021,67.39833333333334,missing_tag,0,0,,,,,,,,,
2022,67.43166666666667,missing_tag,1,0,,,,,,,,,
2023,67.465,missing_tag,1,0,,,,,,,,,
2024,67.49833333333333,missing_tag,0,0,,,,,,,,,
2025,67.53166666666667,missing_tag,0,0,,,,,,,,,
2026,67.565,missing_tag,0,0,,,,,,,,,
2027,67.59833333333334,missing_tag,0,0,,,,,,,,,
2028,67.63166666666667,missing_tag,1,0,,,,,,,,,
2029,67.665,missing_tag,0,0,,,,,,,,,
2030,67.69833333333334,missing_tag,0,0,,,,,,,,,
2031,67.73166666666667,missing_tag,1,0,,,,,,,,,
2032,67.765,missing_tag,0,0,,,,,,,,,
2033,67.79833333333333,missing_tag,0,0,,,,,,,,,
2034,67.83166666666668,missing_tag,1,0,,,,,,,,,
2035,67.86500000000001,missing_tag,1,0,,,,,,,,,
2036,67.89833333333334,missing_tag,0,0,,,,,,,,,
2037,67.93166666666667,missing_tag,0,0,,,,,,,,,
2038,67.965,missing_tag,0,0,,,,,,,,,
2039,67.99833333333333,missing_tag,0,0,,,,,,,,,
2040,68.03166666666667,missing_tag,1,0,,,,,,,,,
2041,68.065,missing_tag,1,0,,,,,,,,,
2042,68.09833333333334,missing_tag,0,0,,,,,,,,,
2043,68.13166666666667,missing_tag,0,0,,,,,,,,,
2044,68.165,missing_tag,0,0,,,,,,,,,
2045,68.19833333333334,missing_tag,1,0,,,,,,,,,
2046,68.23166666666667,missing_tag,1,0,,,,,,,,,
2047,68.265,missing_tag,0,0,,,,,,,,,
2048,68.29833333333333,missing_tag,0,0,,,,,,,,,
2049,68.33166666666668,missing_tag,0,0,,,,,,,,,
2050,68.36500000000001,missing_tag,0,0,,,,,,,,,
2051,68.39833333333334,missing_tag,0,0,,,,,,,,,
2052,68.43166666666667,missing_tag,0,0,,,,,,,,,
2053,68.465,missing_tag,0,0,,,,,,,,,
2054,68.49833333333333,missing_tag,1,0,,,,,,,,,
2055,68.53166666666667,missing_tag,0,0,,,,,,,,,
2056,68.565,missing_tag,0,0,,,,,,,,,
2057,68.59833333333334,missing_tag,0,0,,,,,,,,,
2058,68.63166666666667,missing_tag,0,0,,,,,,,,,
2059,68.665,missing_tag,0,0,,,,,,,,,
2060,68.69833333333334,missing_tag,0,0,,,,,,,,,
2061,68.73166666666667,missing_tag,0,0,,,,,,,,,
2062,68.765,missing_tag,0,0,,,,,,,,,
2063,68.79833333333333,missing_tag,0,0,,,,,,,,,
2064,68.83166666666668,missing_tag,0,0,,,,,,,,,
2065,68.86500000000001,missing_tag,0,0,,,,,,,,,
2066,68.89833333333334,missing_tag,0,0,,,,,,,,,
2067,68.93166666666667,missing_tag,0,0,,,,,,,,,
2068,68.965,missing_tag,0,0,,,,,,,,,
2069,68.99833333333333,missing_tag,0,0,,,,,,,,,
2070,69.03166666666667,missing_tag,0,0,,,,,,,,,
2071,69.065,missing_tag,0,0,,,,,,,,,
2072,69.09833333333334,missing_tag,0,0,,,,,,,,,
2073,69.13166666666667,missing_tag,0,0,,,,,,,,,
2074,69.165,missing_tag,0,0,,,,,,,,,
2075,69.19833333333334,missing_tag,0,0,,,,,,,,,
2076,69.23166666666667,missing_tag,0,0,,,,,,,,,
2077,69.265,missing_tag,0,0,,,,,,,,,
2078,69.29833333333333,missing_tag,0,0,,,,,,,,,
2079,69.33166666666668,missing_tag,0,0,,,,,,,,,
2080,69.36500000000001,missing_tag,0,0,,,,,,,,,
2081,69.39833333333334,missing_tag,0,0,,,,,,,,,
2082,69.43166666666667,missing_tag,1,0,,,,,,,,,
2083,69.465,missing_tag,0,0,,,,,,,,,
2084,69.49833333333333,missing_tag,0,0,,,,,,,,,
2085,69.53166666666667,missing_tag,0,0,,,,,,,,,
2086,69.565,missing_tag,0,0,,,,,,,,,
2087,69.59833333333334,missing_tag,0,0,,,,,,,,,
2088,69.63166666666667,missing_tag,0,0,,,,,,,,,
2089,69.665,missing_tag,0,0,,,,,,,,,
2090,69.69833333333334,missing_tag,0,0,,,,,,,,,
2091,69.73166666666667,missing_tag,0,0,,,,,,,,,
2092,69.765,missing_tag,0,0,,,,,,,,,
2093,69.79833333333333,missing_tag,0,0,,,,,,,,,
2094,69.83166666666668,missing_tag,0,0,,,,,,,,,
2095,69.86500000000001,missing_tag,0,0,,,,,,,,,
2096,69.89833333333334,missing_tag,0,0,,,,,,,,,
2097,69.93166666666667,missing_tag,0,0,,,,,,,,,
2098,69.965,missing_tag,0,0,,,,,,,,,
2099,69.99833333333333,missing_tag,0,0,,,,,,,,,
2100,70.03166666666667,missing_tag,0,0,,,,,,,,,
2101,70.065,missing_tag,0,0,,,,,,,,,
2102,70.09833333333334,missing_tag,0,0,,,,,,,,,
2103,70.13166666666667,missing_tag,0,0,,,,,,,,,
2104,70.165,missing_tag,0,0,,,,,,,,,
2105,70.19833333333334,missing_tag,0,0,,,,,,,,,
2106,70.23166666666667,missing_tag,0,0,,,,,,,,,
2107,70.265,missing_tag,0,0,,,,,,,,,
2108,70.29833333333333,missing_tag,1,0,,,,,,,,,
2109,70.33166666666668,missing_tag,1,0,,,,,,,,,
2110,70.36500000000001,missing_tag,1,0,,,,,,,,,
2111,70.39833333333334,missing_tag,0,0,,,,,,,,,
2112,70.43166666666667,missing_tag,0,0,,,,,,,,,
2113,70.465,missing_tag,0,0,,,,,,,,,
2114,70.5,missing_tag,0,0,,,,,,,,,
2115,70.53333333333333,missing_tag,1,0,,,,,,,,,
2116,70.56666666666668,missing_tag,0,0,,,,,,,,,
2117,70.60000000000001,missing_tag,1,0,,,,,,,,,
2118,70.63333333333334,missing_tag,0,0,,,,,,,,,
2119,70.66666666666667,missing_tag,0,0,,,,,,,,,
2120,70.7,missing_tag,1,0,,,,,,,,,
2121,70.73333333333333,missing_tag,1,0,,,,,,,,,
2122,70.76666666666667,missing_tag,1,0,,,,,,,,,
2123,70.80000000000001,missing_tag,1,0,,,,,,,,,
2124,70.83333333333334,missing_tag,1,0,,,,,,,,,
2125,70.86666666666667,missing_tag,1,0,,,,,,,,,
2126,70.9,missing_tag,0,0,,,,,,,,,
2127,70.93333333333334,missing_tag,0,0,,,,,,,,,
2128,70.96666666666667,missing_tag,0,0,,,,,,,,,
2129,71.0,missing_tag,0,0,,,,,,,,,
2130,71.03333333333333,missing_tag,0,0,,,,,,,,,
2131,71.06666666666668,missing_tag,1,0,,,,,,,,,
2132,71.10000000000001,missing_tag,1,0,,,,,,,,,
2133,71.13333333333334,missing_tag,1,0,,,,,,,,,
2134,71.16666666666667,missing_tag,1,0,,,,,,,,,
2135,71.2,missing_tag,0,0,,,,,,,,,
2136,71.23333333333333,missing_tag,1,0,,,,,,,,,
2137,71.26666666666667,missing_tag,1,0,,,,,,,,,
2138,71.30000000000001,missing_tag,1,0,,,,,,,,,
2139,71.33333333333334,missing_tag,1,0,,,,,,,,,
2140,71.36666666666667,missing_tag,1,0,,,,,,,,,
2141,71.4,missing_tag,1,0,,,,,,,,,
2142,71.43333333333334,missing_tag,1,0,,,,,,,,,
2143,71.46666666666667,missing_tag,1,0,,,,,,,,,
2144,71.5,missing_tag,1,0,,,,,,,,,
2145,71.53333333333333,missing_tag,1,0,,,,,,,,,
2146,71.56666666666668,missing_tag,1,0,,,,,,,,,
2147,71.60000000000001,missing_tag,1,0,,,,,,,,,
2148,71.63333333333334,missing_tag,1,0,,,,,,,,,
2149,71.66666666666667,missing_tag,0,0,,,,,,,,,
2150,71.7,missing_tag,1,0,,,,,,,,,
2151,71.73333333333333,missing_tag,1,0,,,,,,,,,
2152,71.76666666666667,missing_tag,1,0,,,,,,,,,
2153,71.80000000000001,missing_tag,1,0,,,,,,,,,
2154,71.83333333333334,missing_tag,1,0,,,,,,,,,
2155,71.86666666666667,missing_tag,1,0,,,,,,,,,
2156,71.9,missing_tag,1,0,,,,,,,,,
2157,71.93333333333334,missing_tag,1,0,,,,,,,,,
2158,71.96666666666667,missing_tag,1,0,,,,,,,,,
2159,72.0,missing_tag,1,0,,,,,,,,,
2160,72.03333333333333,missing_tag,0,0,,,,,,,,,
2161,72.06666666666668,missing_tag,0,0,,,,,,,,,
2162,72.10000000000001,missing_tag,0,0,,,,,,,,,
2163,72.13333333333334,missing_tag,0,0,,,,,,,,,
2164,72.16666666666667,missing_tag,1,0,,,,,,,,,
2165,72.2,missing_tag,0,0,,,,,,,,,
2166,72.23333333333333,missing_tag,0,0,,,,,,,,,
2167,72.26666666666667,missing_tag,0,0,,,,,,,,,
2168,72.30000000000001,missing_tag,0,0,,,,,,,,,
2169,72.33333333333334,missing_tag,1,0,,,,,,,,,
2170,72.36666666666667,missing_tag,1,0,,,,,,,,,
2171,72.4,missing_tag,1,0,,,,,,,,,
2172,72.43333333333334,missing_tag,1,0,,,,,,,,,
2173,72.46666666666667,missing_tag,1,0,,,,,,,,,
2174,72.5,missing_tag,1,0,,,,,,,,,
2175,72.53333333333333,missing_tag,1,0,,,,,,,,,
2176,72.56666666666668,missing_tag,1,0,,,,,,,,,
2177,72.60000000000001,missing_tag,1,0,,,,,,,,,
2178,72.63333333333334,missing_tag,0,0,,,,,,,,,
2179,72.66666666666667,missing_tag,1,0,,,,,,,,,
2180,72.7,missing_tag,1,0,,,,,,,,,
2181,72.73333333333333,missing_tag,1,0,,,,,,,,,
2182,72.76666666666667,missing_tag,0,0,,,,,,,,,
2183,72.80000000000001,missing_tag,1,0,,,,,,,,,
2184,72.83333333333334,missing_tag,0,0,,,,,,,,,
2185,72.86666666666667,missing_tag,1,0,,,,,,,,,
2186,72.9,missing_tag,1,0,,,,,,,,,
2187,72.93333333333334,missing_tag,0,0,,,,,,,,,
2188,72.96666666666667,missing_tag,0,0,,,,,,,,,
2189,73.0,missing_tag,1,0,,,,,,,,,
2190,73.03333333333333,missing_tag,0,0,,,,,,,,,
2191,73.06666666666668,missing_tag,0,0,,,,,,,,,
2192,73.10000000000001,missing_tag,1,0,,,,,,,,,
2193,73.13333333333334,missing_tag,1,0,,,,,,,,,
2194,73.16666666666667,missing_tag,1,0,,,,,,,,,
2195,73.2,missing_tag,1,0,,,,,,,,,
2196,73.23333333333333,missing_tag,0,0,,,,,,,,,
2197,73.26666666666667,missing_tag,0,0,,,,,,,,,
2198,73.30000000000001,missing_tag,0,0,,,,,,,,,
2199,73.33333333333334,tracked,0,1,0.9525132787973601,0.6586794386434337,-0.14397576982216814,0.3181512186387222,0.07883842513278444,0.42397212838704745,1.0072158407919558,-1.070951718121857,0.3580010020860383
2200,73.36666666666667,missing_tag,1,0,,,,,,,,,
2201,73.4,missing_tag,1,0,,,,,,,,,
2202,73.43333333333334,missing_tag,0,0,,,,,,,,,
2203,73.46666666666667,missing_tag,1,0,,,,,,,,,
2204,73.5,missing_tag,1,0,,,,,,,,,
2205,73.53333333333333,missing_tag,0,0,,,,,,,,,
2206,73.56666666666668,missing_tag,1,0,,,,,,,,,
2207,73.60000000000001,tracked,1,1,1.0179331572363997,0.5995055292910316,-0.10621157613947263,0.3284057442434121,0.03378166713737796,0.32597520915527756,1.0692621743331643,-1.1201334948104638,0.34680316145139306
2208,73.63333333333334,missing_tag,1,0,,,,,,,,,
2209,73.66666666666667,missing_tag,1,0,,,,,,,,,
2210,73.7,missing_tag,1,0,,,,,,,,,
2211,73.73333333333333,tracked,1,1,0.9440191558540033,0.6419876577259683,-0.08702431673541128,0.3265379738627904,0.01588194461173026,0.334236207590426,1.0956076992921155,-1.11639227911751,0.33830831536090217
2212,73.76666666666667,tracked,1,1,0.7541404384995248,0.5843179910282436,-0.08055147142954205,0.32561028403331627,0.01441315967704676,0.33874817573608657,1.1005053714097595,-1.1112971351297254,0.335735514638528
2213,73.80000000000001,missing_tag,1,0,,,,,,,,,
2214,73.83333333333334,missing_tag,1,0,,,,,,,,,
2215,73.86666666666667,tracked,1,1,0.8123084520701132,0.695255256182947,-0.06504671801808937,0.32333461594738133,0.005822246665823427,0.2851292284953293,1.175794026425709,-1.0766418579733477,0.3298639840161443
2216,73.9,missing_tag,1,0,,,,,,,,,
2217,73.93333333333334,tracked,1,1,0.8778611762447999,0.5615355624551781,-0.06253700631591597,0.3230551640584275,-0.007448619679897739,0.29238302848243963,1.1914823921569304,-1.058220547504156,0.32913674683770905
2218,73.96666666666667,tracked,1,1,0.769328490593141,0.6276228236424835,-0.056760178343024825,0.32153515256993126,-0.0076923907047600215,0.29624020747344915,1.186108356218178,-1.0559184486031998,0.32659722144938047
2219,74.0,tracked,1,1,0.7907301229454157,0.6111297513558042,-0.05688521190887724,0.3222899394586102,-0.0156775513263272,0.28528618017535373,1.1898445891549987,-1.049045542068126,0.3276469411206857
2220,74.03333333333333,tracked,1,1,0.728207836721478,0.5885850493732435,-0.049355750579890556,0.32083048797135244,-0.012877911380410834,0.3120001087297927,1.2301488180160591,-1.035968496770474,0.32486002020679955
2221,74.06666666666668,tracked,1,1,0.7769515700767715,0.6957329989931287,-0.04423765417942288,0.3200988857608474,-0.012745507693869174,0.31372105684788365,1.255841680990769,-1.0271289229929454,0.32339250869339675
2222,74.10000000000001,missing_tag,1,0,,,,,,,,,
2223,74.135,tracked,1,1,0.7559532758840595,0.7563866248736548,-0.038585008522095066,0.3213908522768234,-0.01813856152323723,0.3028533645991705,1.267843180332202,-1.0116821728274872,0.32420655487513717
2224,74.16833333333334,missing_tag,1,0,,,,,,,,,
2225,74.20166666666667,tracked,1,1,0.7525456042709008,0.845880253125035,-0.025523250963324473,0.32020611717784303,-0.012023237844815682,0.31571576225345854,1.3250738191975,-0.9820012339906552,0.3214466550862217
2226,74.235,tracked,1,1,0.6583171711207728,0.7133595428831735,-0.03180372459597952,0.32304352358960753,-0.02422131119956905,0.29115198606375364,1.3007367702621468,-0.9667572798457791,0.3255077064334923
2227,74.26833333333335,tracked,1,1,0.6235615882968705,0.6418140358776033,-0.02768979570410829,0.32268445436413945,-0.023177694065220633,0.2902298679872074,1.3112418965515604,-0.95317189833838,0.3246986100626219
2228,74.30166666666668,tracked,1,1,0.6242649811862154,0.7160719074728629,-0.023613929170492542,0.32211552972672153,-0.021904357199066304,0.29710729771302863,1.321741933871759,-0.9418165234668675,0.32372184511753255
2229,74.33500000000001,tracked,1,1,0.6327713936739342,0.7279469235465891,-0.020124742123694528,0.32185950488602144,-0.02228977457810022,0.2978913546718045,1.3423376463520231,-0.9272560864294506,0.32325745185805477
2230,74.36833333333334,tracked,1,1,0.6330190114743508,0.7062498951004739,-0.018853681089145202,0.3219426872275335,-0.02452138425307937,0.28592203612867745,1.361699663626703,-0.9011320995210022,0.32342518985939206
2231,74.40166666666667,tracked,1,1,0.625986646266637,0.6201679859631035,-0.018957133241048085,0.3218364530173315,-0.026616823219617225,0.27979864290794154,1.3717208578842852,-0.8845594347747592,0.3234911601107521
2232,74.435,tracked,1,1,0.6609444135146387,0.6811849151786808,-0.01856594906726794,0.32172915893715226,-0.027906332370765285,0.2799592215005913,1.3940861105671012,-0.8767852506771465,0.32347041528022835
2233,74.46833333333333,tracked,1,1,0.6194834148117473,0.7073105717545113,-0.019347348760157534,0.3213986599220633,-0.02895126843139867,0.28574180682260664,1.4059831717086348,-0.8726402653274239,0.3232794370935649
2234,74.50166666666667,tracked,1,1,0.6221032080717375,0.7170911860691993,-0.01999533469064052,0.3214283523369008,-0.029144519139117364,0.2820760223147426,1.418228858689883,-0.8633480423102591,0.3233657404414635
2235,74.53500000000001,tracked,1,1,0.6790589286174444,0.7483916393318255,-0.019202686618250864,0.3214831880839877,-0.028972708207771147,0.27438647794026494,1.4330420183429498,-0.8592295838316737,0.32335677078870023
2236,74.56833333333334,tracked,1,1,0.6435715238152605,0.7005528848836261,-0.019837931090235295,0.3214895435966676,-0.029138481527857363,0.26906134307195095,1.4345997439228588,-0.8550800127708706,0.32341632806289144
2237,74.60166666666667,tracked,1,1,0.6629571965847693,0.8032732646678223,-0.018977835447097968,0.32094073861204,-0.028340328298580353,0.27244190427564347,1.4511654728290622,-0.8463386887012718,0.32274802888192855
2238,74.635,tracked,1,1,0.5972819699918125,0.7693193147562437,-0.017198261199143194,0.3213658453939032,-0.027590140758979198,0.2578231572713114,1.4732641528253654,-0.8229167475915388,0.32300619597944613
2239,74.66833333333334,tracked,1,1,0.7096763530853175,0.759122893905224,-0.01716781194213668,0.32181539280880006,-0.027033235217642226,0.2559218920484404,1.4791153906562162,-0.8099414089140097,0.3234048184889879
2240,74.70166666666667,tracked,1,1,0.6028208441895346,0.7689465881022717,-0.017801756326462137,0.32195549600368234,-0.027471921511417974,0.2501550881723148,1.479461030610491,-0.8015958742890593,0.32361543598353487
2241,74.735,tracked,1,1,0.6382244887029895,0.7295337517764646,-0.01811029685808474,0.3220043011084258,-0.027864684163747933,0.2487632253160823,1.4810769641891,-0.7967477825658281,0.3237146790124895
2242,74.76833333333335,tracked,1,1,0.6050027244092436,0.73732859265097,-0.017773313880977692,0.3218373684992919,-0.027276668255520997,0.24969319796176062,1.4850079132686722,-0.7927150360215898,0.323479827933648
2243,74.80166666666668,tracked,1,1,0.6204227140327123,0.7552481128257305,-0.0182727239821307,0.32160124924416766,-0.027966464595356677,0.24999197433123743,1.4883938868866549,-0.7993526333125515,0.3233316858878816
2244,74.83500000000001,tracked,1,1,0.6256206834857008,0.7697391273990817,-0.01863958595934123,0.3212411411832356,-0.028206487466752306,0.24665131041441432,1.492968183552138,-0.7927832762327592,0.3230153415685627
2245,74.86833333333334,tracked,1,1,0.5824292138642099,0.8001986584908555,-0.01802498297929378,0.3212008809714983,-0.027876038743761322,0.24470844292143734,1.4962815666329474,-0.7926322221914425,0.322911720884074
2246,74.90166666666667,tracked,1,1,0.6324432074125254,0.7817143847459912,-0.018017866977408314,0.32087330543604736,-0.02727664136260688,0.2515894641424414,1.4970016633968928,-0.7896451576630302,0.3225342413386442
2247,74.935,tracked,1,1,0.6040421680963152,0.8191775922558931,-0.018890703786079266,0.32081053048295993,-0.02829685353248851,0.2544352711439404,1.491237946719199,-0.7910546219010314,0.3226096202504362
2248,74.96833333333333,tracked,1,1,0.6247849951721709,0.7382781526051427,-0.019118477921865884,0.32069479805724954,-0.02854098267229832,0.2514648944876838,1.4948627024930081,-0.7914377702006692,0.3225294674768948
2249,75.00166666666667,tracked,1,1,0.6262486524574228,0.7411078641437291,-0.018726645430943933,0.3208129788996415,-0.028225143952564313,0.248221647072134,1.4899760998424796,-0.7927524325182034,0.32259620802281774
2250,75.03500000000001,tracked,1,1,0.6554887901835662,0.695647189818086,-0.018796594274074818,0.32068522576608904,-0.027935356659623323,0.2505883839389292,1.488331630922032,-0.7959506239593535,0.3224479960127711
2251,75.06833333333334,tracked,1,1,0.6416138724463687,0.7304713756452577,-0.01898720488974054,0.32048538959071854,-0.02805166316416613,0.25458235568368226,1.4871750674694766,-0.7978339151510446,0.3222705302954576
2252,75.10166666666667,tracked,1,1,0.6569213778771679,0.6864919087458414,-0.018759221000764326,0.3204711213045085,-0.0276123960510804,0.25024653381497936,1.4842938488465551,-0.8026809541632698,0.32220504710262726
2253,75.135,tracked,1,1,0.6575525121185016,0.6660663659546048,-0.01910751419676393,0.32034431320980594,-0.027882581212776925,0.2541384140292002,1.4836555765205508,-0.8044604913665474,0.3221226698630956
2254,75.16833333333334,tracked,1,1,0.683858255547724,0.6778271660744386,-0.019570696166619828,0.32011886573921844,-0.028481759882443447,0.2540035206998717,1.486881169435434,-0.8051274174957157,0.32197874308191693
2255,75.20166666666667,tracked,1,1,0.6536843968869431,0.676258991035572,-0.02022111511859015,0.3202052378613576,-0.029357898300648,0.257576693673199,1.4846196478975937,-0.804217938149184,0.32218344781058983
2256,75.235,tracked,1,1,0.6951449470291501,0.6987286408882755,-0.020129663842583356,0.3199088209780121,-0.029279262458171196,0.25466108149251293,1.4823717702149155,-0.8118411809120742,0.32187595796525664
2257,75.26833333333335,tracked,1,1,0.6464334583547289,0.6709849563561903,-0.019903649563220605,0.3197062348846787,-0.02861735620637562,0.25977868879116406,1.4830073734046372,-0.8091699576152869,0.32160097165014195
2258,75.30166666666668,tracked,1,1,0.683896182621354,0.726496868316434,-0.020325999453771393,0.31993073700398145,-0.02920274955599056,0.2564153377813559,1.480277788872853,-0.8133264389236791,0.3219031272220501
2259,75.33500000000001,tracked,1,1,0.6405788130435233,0.7683836236740182,-0.020392604985073615,0.32026916628039037,-0.029629932681217608,0.252070621997361,1.4738260217962869,-0.8131066063299156,0.32228268665677196
2260,75.36833333333334,tracked,1,1,0.6336251347122752,0.7636912537654981,-0.02086514180079657,0.3197355472111023,-0.02947153246413675,0.2578408137023918,1.479656024790745,-0.8115603531465526,0.3217681549167584
2261,75.40166666666667,tracked,1,1,0.6497117467302576,0.7672334245126442,-0.020709310367948985,0.3198524177178747,-0.028695173624601333,0.26401172469636897,1.4769134388648837,-0.8069791754492808,0.3218040671670137
2262,75.435,tracked,1,1,0.6301523131009545,0.7712375218212257,-0.020457079088354035,0.3193621779225068,-0.028296447178804585,0.26681403197487136,1.483820594054567,-0.8051046169076788,0.3212652824305436
2263,75.46833333333333,tracked,1,1,0.6215387946542806,0.7612345436027789,-0.020510879813754046,0.31963116854505746,-0.029328403554310045,0.2632866545610747,1.483779578840854,-0.8085841679363485,0.3216285673743202
2264,75.50166666666667,tracked,1,1,0.6325743694507129,0.7284886259743655,-0.02135725268554778,0.31994015839828127,-0.030615587505481434,0.26436117610314536,1.479668245033437,-0.8139257569769018,0.32211046458706905
2265,75.53500000000001,tracked,1,1,0.6042574886351073,0.7566756228753859,-0.02059123320626699,0.31965060359187425,-0.029316428708857645,0.26210080864197777,1.4828764275278172,-0.8108794394361131,0.3216519240636467
2266,75.56833333333334,tracked,1,1,0.6642390530173014,0.7253332964576681,-0.020845905142327537,0.31986261046960773,-0.029760608050744597,0.259096423550373,1.4810454268649687,-0.8104935116336077,0.3219197650489714
2267,75.60166666666667,tracked,1,1,0.5934014085920597,0.7285627288626074,-0.021397264392290283,0.3198311812415622,-0.030346031478480584,0.257263248043214,1.4809273695795655,-0.8098483456227897,0.32197936120866427
2268,75.635,tracked,1,1,0.6473349496822014,0.750429623137802,-0.019246766046833452,0.3194563011760079,-0.028530077397664,0.25432202582098357,1.4864452663346455,-0.8146984716821285,0.3213047333617021
2269,75.66833333333334,tracked,1,1,0.6944419717919322,0.7941085684172778,-0.020694360493152986,0.31978379540608876,-0.029858739196830908,0.25745739562253434,1.4835298767955238,-0.8124862418295637,0.32184076290452734
2270,75.70166666666667,tracked,1,1,0.6732135974135219,0.662364634083927,-0.019954403530589415,0.31962991141321373,-0.029035413682785116,0.2646476054914218,1.4863486638926846,-0.8133777593852087,0.32156572226842045
2271,75.735,tracked,0,1,0.6195817216602533,0.7187047060109222,-0.027556599241507607,0.32141063041870344,-0.009874806139147818,0.3267119795481943,1.4726872567491385,-0.7343229195974916,0.3227408733088996
2272,75.76833333333335,tracked,0,1,0.5958835961172807,0.7096230026236979,-0.028203857055200177,0.32236519226607574,-0.010225981019038821,0.33105854628744097,1.470093550889792,-0.7320181382671601,0.3237581588552417
2273,75.80166666666668,tracked,1,1,0.6134854439941873,0.6552453692321325,-0.02145895350098964,0.31989661188240814,-0.030175447551520573,0.2697502520945512,1.474093094742543,-0.8144176903848472,0.3220324309974638
2274,75.83500000000001,tracked,1,1,0.5913347149518955,0.729819882303685,-0.021992369599641737,0.31989400116152944,-0.030494688925741364,0.26385973245666283,1.4753585083617407,-0.8182506850163639,0.32209588999615874
2275,75.86833333333334,tracked,1,1,0.5913809731283791,0.6856393941133431,-0.022354184988737702,0.3201167003458737,-0.03101793127079322,0.25640802439589516,1.4732079112203502,-0.8171920958564022,0.3223918787549715
2276,75.90166666666667,tracked,1,1,0.5532441342343317,0.7675733791274497,-0.021848804925804877,0.31990860606851335,-0.030397526762621918,0.2605597172543277,1.4704869338963218,-0.8179605695761063,0.32209144066036505
2277,75.935,tracked,1,1,0.6019549580644767,0.7377812063217928,-0.021619727474210704,0.31978858643475716,-0.030053720791543503,0.25968102891196915,1.4716814710857251,-0.8227301214268268,0.3219244923323097
2278,75.96833333333333,tracked,1,1,0.5958983432239756,0.7306552976244468,-0.021990514534083516,0.3197325122248414,-0.029956314189161726,0.2546387331209494,1.4756479105741407,-0.8226688667592783,0.3218848285689803
2279,76.00166666666667,tracked,1,1,0.5714060226197744,0.8143148439116934,-0.021741729341987814,0.31965750233069423,-0.02985514624992819,0.2623286021074852,1.4723852744172399,-0.8306106831552905,0.32178401350701474
2280,76.03500000000001,tracked,1,1,0.6072296366683823,0.7502069432995957,-0.02299291377676116,0.32007460007625366,-0.0316923411977863,0.2557706168345941,1.470732502823627,-0.8333267810895288,0.32246058393006144
2281,76.06833333333334,tracked,0,1,0.5549111635034073,0.6825311094797794,-0.028882436567542635,0.32261460124660823,-0.009327572379193794,0.32945401143022196,1.465040507114511,-0.7452067467350295,0.3240391638152328
2282,76.10166666666667,tracked,1,1,0.6364588329165962,0.6416120524315657,-0.02243087131566468,0.3195846069062557,-0.030457824107107345,0.267455032378128,1.4770241963796822,-0.8250818190853144,0.32181538808569327
2283,76.135,tracked,1,1,0.614532503896546,0.6904898334099311,-0.022769313505180522,0.3197364060644366,-0.03138826153841745,0.27105655910468185,1.4735799030395602,-0.8276629656840625,0.3220792355351453
2284,76.16833333333334,tracked,1,1,0.666375815812962,0.6960468888753781,-0.022596681760589987,0.31972321563985057,-0.031045940613354084,0.2708883727181488,1.474308170072549,-0.8289842207116256,0.32202079913298093
2285,76.20166666666667,tracked,1,1,0.6447811163507842,0.7570211897341892,-0.02269695603760502,0.31977608313398254,-0.03133130479721358,0.2633150344078018,1.477253185004395,-0.8280481475707702,0.32210797229839033
2286,76.235,tracked,1,1,0.5980140164994118,0.7034015615241261,-0.02338205545394917,0.31973336475835695,-0.03215190505493759,0.2630103103700672,1.474952873350635,-0.8268257009985129,0.3221954221518577
2287,76.26833333333335,tracked,0,1,0.5592522852493138,0.7403169377480912,-0.028866416634506176,0.32236631896589746,-0.00934468654859788,0.3318100285769764,1.4677074636657956,-0.7445756572053662,0.32379103875745413
2288,76.30166666666668,tracked,1,1,0.6024684751092839,0.715730507656305,-0.022985473120845423,0.3197756700989664,-0.03132693661390373,0.26365020304222303,1.474210434367891,-0.8260448369066363,0.3221275960228239
2289,76.33500000000001,tracked,1,1,0.6128160449504965,0.7266262757472071,-0.023269253271900714,0.3200268220925917,-0.0321725977714154,0.2575475002912524,1.4750522329909999,-0.8281056868455979,0.32248054368267937
2290,76.36833333333334,tracked,0,1,0.6355400721082727,0.6538126229989019,-0.029991252938559754,0.322108656328132,-0.010470304273909714,0.33076165173923694,1.46501035781969,-0.7453065337615015,0.32367126688343467
2291,76.40166666666667,tracked,1,1,0.6496893084045084,0.6807229738729915,-0.0230419570999017,0.32002306669051533,-0.03154094955518871,0.26072124812786646,1.4725848799330976,-0.8259999772116635,0.3223980869977964
2292,76.435,tracked,1,1,0.6406568777861257,0.6240355043275894,-0.02326034887076789,0.32013157574928597,-0.03181559727796701,0.26020103006656603,1.4722924674250468,-0.8273445948081798,0.3225484488436806
2293,76.46833333333333,tracked,1,1,0.6003570321711662,0.6444008116809934,-0.02291885012380862,0.31996696048609813,-0.031132882827823893,0.2625056420510533,1.4740156685594157,-0.8256216827197752,0.32229394329847544
2294,76.50166666666667,tracked,1,1,0.6047963766506264,0.680784828191807,-0.02252766192463762,0.3200035800552636,-0.03135624292936673,0.25973941620219243,1.4767428671571603,-0.8283868296494431,0.3223243719773944
2295,76.53500000000001,tracked,0,1,0.6412516929541116,0.6220783362635697,-0.030297553899115648,0.32230795904337606,-0.011988193546298709,0.33068577427912343,1.4623989811365739,-0.7467405185920174,0.32395073548223335
2296,76.56833333333334,tracked,1,1,0.597238347287559,0.6607091378598066,-0.022392237834697848,0.3202432722752847,-0.031913210006553894,0.2545770650187549,1.4757111623660997,-0.8312557720853665,0.32260753048518603
2297,76.60166666666667,tracked,1,1,0.6132190809079098,0.6717854035089547,-0.02353678636580281,0.32030170665457947,-0.03244210612711912,0.25656775992500586,1.4708888844489036,-0.8267602778567343,0.32279971166069676
2298,76.635,tracked,1,1,0.6168339291043021,0.6580729058422885,-0.02320428093560245,0.3201600468369791,-0.03183599460554237,0.26096730319116307,1.4716718155424067,-0.8252145584790964,0.32257468096073366
2299,76.66833333333334,tracked,0,1,0.6132952167075333,0.6710613579836441,-0.028881726780032868,0.32277549042178977,-0.009542477301366481,0.3314955755283978,1.4686145162577127,-0.7447946403609319,0.32420553701605787
2300,76.70166666666667,tracked,1,1,0.6494936038814151,0.7054950499993088,-0.023075438401774784,0.3202444962695963,-0.03243510583016307,0.2547194698572767,1.4699240607615796,-0.828704466237915,0.3227089235497145
2301,76.735,tracked,1,1,0.6101366135444768,0.7156286293006131,-0.02276461294658766,0.3201503765309498,-0.031943048772086646,0.2577072294269384,1.4703388579091305,-0.8288763831538191,0.322544337355925
2302,76.76833333333335,tracked,1,1,0.6142174326787108,0.7665716269632113,-0.023307418252689505,0.32002435804019713,-0.03205983866115175,0.261177733239524,1.470181960044214,-0.8246685006566975,0.3224696245224117
2303,76.80166666666668,tracked,1,1,0.625290348400202,0.7276276493544805,-0.02304236675369048,0.3199899179768244,-0.03219840866921131,0.25913108640751475,1.4712367140937666,-0.8267306073474995,0.32243020297927416
2304,76.83500000000001,tracked,1,1,0.6260580246647021,0.6816325235101635,-0.022683505209628918,0.3199285987121785,-0.031225371124343038,0.26467728629669224,1.466984170746069,-0.8237855040722153,0.32224815512953114
2305,76.86833333333334,tracked,1,1,0.6202735365630339,0.6972910006874218,-0.02267489927440236,0.320001178269118,-0.03169931676831472,0.26120816434319677,1.46843389583772,-0.826760950341594,0.3223658664224643
2306,76.90166666666667,tracked,1,1,0.6242142060394796,0.6753355967462417,-0.02275566510824284,0.3197550657748628,-0.03191323852667599,0.26571688685437644,1.4746035169607645,-0.8285460721994958,0.3221483775785094
2307,76.935,tracked,0,1,0.6069905713404248,0.7402753091485909,-0.029323524539357826,0.32243918886907125,-0.009511109860668499,0.33131254455061776,1.4646283433758849,-0.7447344209718284,0.3239094947986808
2308,76.96833333333333,tracked,1,1,0.6004736692817508,0.7259596239214897,-0.022400488839708965,0.3197119482233307,-0.030856698966685747,0.2613235252143035,1.475039902432766,-0.8264732282688928,0.32197771290593435
2309,77.00166666666667,tracked,1,1,0.6260814526864399,0.7593281797714825,-0.022624740935489607,0.3196499965929206,-0.0315860075200578,0.2603721849374452,1.4785382062734127,-0.8262151457059984,0.32200260106916734
2310,77.03500000000001,tracked,1,1,0.6015269999882635,0.6644253368243083,-0.022895085078072475,0.319754452437448,-0.03217457499633919,0.26300594819337403,1.4727297863537991,-0.8276090925353861,0.3221836402589359
2311,77.06833333333334,tracked,1,1,0.5949465203423004,0.7299663676322902,-0.02228541439654258,0.31949621592330035,-0.030947563597046812,0.2620654984938384,1.477633086230668,-0.8265318490828119,0.32176423570174334
2312,77.10166666666667,tracked,1,1,0.553652903294384,0.7645518992885301,-0.0223967637756482,0.31975781663322245,-0.031813178865124525,0.25419242827659755,1.4777261013843492,-0.8279536418792041,0.32211605777292773
2313,77.135,tracked,1,1,0.6788526885770753,0.7031527575620041,-0.02310104143806102,0.3200023808683321,-0.03246678428268196,0.25806670366543244,1.470835574968734,-0.8282702602462831,0.32247367948188005
2314,77.16833333333334,tracked,0,1,0.5980064766428631,0.7299023530385559,-0.028016779443155226,0.3231690888931329,-0.008129007362022544,0.3334708590615897,1.4693382002950353,-0.7435349739288356,0.3244830977217085
2315,77.20166666666667,tracked,0,1,0.6780133591531753,0.7044060753858777,-0.028701582449152108,0.3229876841223882,-0.008336612863869886,0.33065606150702154,1.4663425948567688,-0.7409358388812723,0.3243675755125212
2316,77.235,tracked,1,1,0.6438392523120021,0.7271939625160851,-0.02293687753564333,0.3203169009950785,-0.032995171210082164,0.25485215648358567,1.469732344380465,-0.8298312164674988,0.32282766104743665
2317,77.26833333333335,tracked,1,1,0.6071969856173941,0.7322456892214771,-0.02347684921876908,0.32026729315100444,-0.033160872329615954,0.25250419024930126,1.4717427419961877,-0.826530710769914,0.32283423759752206
2318,77.30166666666668,tracked,1,1,0.5946595215399013,0.7200181817304874,-0.02324146168874086,0.32022393821997086,-0.033305341269258215,0.25219518706289945,1.474591403216524,-0.8284213657551762,0.3227890672058127
2319,77.33500000000001,tracked,1,1,0.5628698731056669,0.720943953673598,-0.023883481296301412,0.3202103850628312,-0.03391072673774048,0.25374203193927275,1.476348952671869,-0.8280015446079445,0.3228855041168605
2320,77.36833333333334,tracked,1,1,0.6174793822025747,0.7466225931406497,-0.024286051725156965,0.3202918261557275,-0.03405521567507358,0.2474748690022043,1.4767054261744903,-0.8265718202272904,0.32301149193990536
2321,77.40166666666667,tracked,1,1,0.6714839994433406,0.7336849034749386,-0.022997803347035717,0.3204548446843042,-0.03325309661978898,0.24585181719579335,1.4721796309582693,-0.8289362286568739,0.3229953171103808
2322,77.435,tracked,1,1,0.7064248528022372,0.7318604739285774,-0.02306639992916376,0.3202427620450128,-0.0325841136308469,0.25057899607659684,1.4751177233425834,-0.8268054158828485,0.32272156715815997
2323,77.46833333333333,tracked,1,1,0.626050432650983,0.7506383562905432,-0.023454064311613065,0.3202141659662202,-0.03373369903889745,0.25386406733281874,1.4709356859921348,-0.8302573834875976,0.32283922882608646
2324,77.50166666666667,tracked,1,1,0.6369003896614204,0.7293031319401465,-0.023701968510494387,0.3201805891948945,-0.03356177683917655,0.2560136490389312,1.4697613420935869,-0.8275727792187287,0.32280611188926545
2325,77.53500000000001,tracked,1,1,0.6698510716632367,0.7055612611793687,-0.02371634092958913,0.3201400016272984,-0.03310785036169317,0.25200064757410123,1.4760240533627988,-0.8262173439394966,0.3227200260668485
2326,77.56833333333334,tracked,1,1,0.7140488814723486,0.6864002435533715,-0.02312680733050837,0.32025320516923983,-0.03275051842032367,0.25469328069270053,1.4718309376756866,-0.8265313579744662,0.32275309618231957
2327,77.60166666666667,tracked,1,1,0.6713999016892507,0.7208588742621205,-0.023711523709666837,0.3200219173081789,-0.032855689115173725,0.2524872660821664,1.473803352695724,-0.8253617296118695,0.3225767509004174
2328,77.635,tracked,1,1,0.6262302233090872,0.6492456516083968,-0.02280831242914738,0.31998737238204134,-0.03192133800398367,0.25596814797472517,1.4762915312921745,-0.8276178400722907,0.32238348192764676
2329,77.66833333333334,tracked,1,1,0.6453910626718051,0.6413319293277804,-0.022806920494030436,0.3196293916720003,-0.03159806612659638,0.2583138972835333,1.4720800035978407,-0.8260671842741837,0.32199618231583854
2330,77.70333333333333,tracked,1,1,0.6542461107385922,0.6430727779374041,-0.022537951987743443,0.31982535769421955,-0.031682724282094565,0.2517972142360849,1.4755713014261695,-0.8276337088929697,0.32218009516724105
2331,77.735,tracked,1,1,0.601564228245832,0.7033088497707414,-0.022668321089858223,0.3196430088758596,-0.031936116217788524,0.2585583612988177,1.4761833231571764,-0.8293724889889689,0.322033261361807
2332,77.77000000000001,tracked,1,1,0.6519442249971337,0.7095386853170857,-0.022588826779351923,0.31962970045041106,-0.03191832383430998,0.25365092598499084,1.476383664786593,-0.8291217668294315,0.3220127014601737
2333,77.80333333333334,tracked,1,1,0.6415378078383515,0.7410572926427405,-0.0217375274224908,0.31942398703557606,-0.03131845178122761,0.25524985034150777,1.4821767287334862,-0.8315815068609357,0.3216909215599975
2334,77.83666666666667,tracked,1,1,0.6438211278916143,0.7217454629288297,-0.02139598482323929,0.3190655429813485,-0.030925131928224325,0.25362163726265446,1.4846744069610887,-0.8323029571468764,0.3212739838040377
2335,77.87,tracked,1,1,0.6356729337264889,0.7930968835333719,-0.02246124141883754,0.31998377589700994,-0.031975534826303165,0.2521948597760389,1.4714054147007802,-0.8294694915117882,0.32236091424180335
2336,77.90333333333334,tracked,1,1,0.650831351994864,0.6924855287437256,-0.021726288720670672,0.31973000645876526,-0.030685910028241226,0.25374264293326587,1.4763991401657817,-0.8286247808091216,0.3219331199581015
2337,77.93666666666667,tracked,1,1,0.6280846565138374,0.6872352044283581,-0.022588095604670455,0.3197392530205937,-0.03197463300420361,0.2508328346772093,1.4754585430871883,-0.8289377716315326,0.3221269767358308
2338,77.97,tracked,1,1,0.6503222276839543,0.6708321464001129,-0.022310107245807842,0.3199028890775105,-0.03173860129000278,0.25312423197061457,1.4747155081549157,-0.8301861658082359,0.32224670384241827
2339,78.00333333333334,tracked,1,1,0.6848947370420144,0.6544328882353605,-0.022560076523142458,0.319858990853373,-0.031734564749183736,0.2545068487129072,1.47230304062062,-0.828888488908347,0.3222201323354708
2340,78.03666666666668,tracked,1,1,0.6373210492393201,0.7090147391689513,-0.022229357378680537,0.3200073975674,-0.032009177485788354,0.2508969587989792,1.4759474207918275,-0.831626001126099,0.3223716275832068
2341,78.07000000000002,tracked,0,1,0.6405861531562336,0.7217658429858271,-0.028557387838272497,0.32274877823703463,-0.008613887094635009,0.33077115955359987,1.4690876745492183,-0.7440183693977039,0.32412420043021034
2342,78.10333333333334,tracked,0,1,0.621950320328259,0.7203210732491638,-0.028373673068860406,0.3225892824291877,-0.008712565699845742,0.3313373067669441,1.4707879143244245,-0.7445455417050757,0.32395187800454395
2343,78.13666666666667,tracked,0,1,0.6354009232017319,0.76762191188234,-0.0285353561153725,0.32287327566791924,-0.008556179134791897,0.3327432584100651,1.4679288801440886,-0.7454618996155266,0.3242447021780771
2344,78.17,tracked,0,1,0.6309841078823706,0.778449116812356,-0.029004391119765716,0.3226111020486334,-0.009029452885412848,0.32812624728312906,1.4721317741861542,-0.7434484646721933,0.3240381287575152
2345,78.20333333333333,tracked,1,1,0.6489639419386186,0.7196961417227374,-0.022844598542369365,0.3199724841020095,-0.03162619364236113,0.2571932271595628,1.467710822173583,-0.8265939275545526,0.3223421821438778
2346,78.2366666666667,tracked,1,1,0.5342856243208425,0.827298110567739,-0.022041023582810404,0.3198713185218516,-0.03132900742798206,0.25845962618552176,1.4748786133153935,-0.8298043110255917,0.3221567535221144
2347,78.27000000000001,tracked,1,1,0.5959733847678111,0.783399940395013,-0.023025016309643542,0.32002310430630404,-0.03206050532663196,0.25325195690010094,1.469922902415298,-0.8272416930508195,0.3224481581087135
2348,78.30333333333334,tracked,0,1,0.5767583758877882,0.792654119829927,-0.02838107769423015,0.3227413651047444,-0.008743014238283164,0.3312338953140908,1.4680309145513146,-0.7455535814924396,0.32410478956462624
2349,78.33666666666667,tracked,0,1,0.6686133787122834,0.6793220944971992,-0.028855075740364333,0.32274002628531473,-0.009669354390443141,0.3307074401753306,1.4661737189610045,-0.7466344163319703,0.324171615625051
2350,78.37,tracked,1,1,0.5968227415636449,0.7662889276140772,-0.022739239540952916,0.3198758734068881,-0.03132608527571007,0.2597011608609649,1.4736437202713244,-0.8257046519697209,0.32220951416961824
2351,78.40333333333334,tracked,1,1,0.5911998874676759,0.6918983303252549,-0.023015582191374506,0.32015063245710773,-0.032536239397128575,0.2557448909945548,1.475755682055014,-0.8314101952371105,0.32262168457870477
2352,78.43666666666667,tracked,1,1,0.6428154504941092,0.6913953923217496,-0.022780394334639575,0.320106235347801,-0.032053947584482045,0.253395262745042,1.4736769191248162,-0.828976626003956,0.3225126413496565
2353,78.47,tracked,1,1,0.6454553277264486,0.7335517188798685,-0.02237235295958151,0.3199855113727423,-0.03179398819766621,0.2518767551604467,1.4748634451877343,-0.8274089689939536,0.32233849809003084
2354,78.50333333333334,tracked,1,1,0.5604975265471273,0.7734084119493161,-0.021177996265435928,0.3198025321187872,-0.030936555570849733,0.2563894427491171,1.4807989875876788,-0.8302608639080566,0.3219926048001646
2355,78.53666666666668,tracked,1,1,0.6137178094767088,0.7170364264770224,-0.021820568906543325,0.319852489913954,-0.031059105292227107,0.25501977678752596,1.4731551302673191,-0.829701331857431,0.3220969117410393
2356,78.57000000000002,tracked,1,1,0.6033040750181436,0.6184738987455335,-0.021522978182750563,0.3198842629468745,-0.03129773980314854,0.2527318271157418,1.4721205095498788,-0.8325908737551583,0.32213153957305374
2357,78.60333333333334,tracked,1,1,0.5993995670568366,0.7823632215824579,-0.02206921678135698,0.3197645342269746,-0.031331691629909564,0.25595493777036693,1.471233239584664,-0.8266279647688036,0.3220529189110515
2358,78.63666666666667,tracked,1,1,0.5535108648038346,0.7599944244732021,-0.02259117135105887,0.31970368594659376,-0.03220736160136478,0.25641627431788505,1.474075465184792,-0.8295803368676603,0.32211507566733383
2359,78.67,tracked,1,1,0.562350389909049,0.8451934106607071,-0.022974399506481114,0.3202797642948136,-0.03261116126144098,0.252712736800833,1.466943506662406,-0.832409601305127,0.322754455102086
2360,78.70333333333333,tracked,1,1,0.6567077565113546,0.7131190917853303,-0.02243850510744022,0.32022804026498347,-0.032273701503519714,0.25388628875513797,1.4716010562829547,-0.8310535657985313,0.3226314865169653
2361,78.7366666666667,tracked,1,1,0.6145866975605574,0.7507448862718757,-0.022359645319127097,0.32026932983340417,-0.03189008213120098,0.25189446145231675,1.468211856692817,-0.8302823558186738,0.3226288497779914
2362,78.77000000000001,tracked,1,1,0.6387822429468074,0.7971096915717791,-0.022390231163682384,0.3202136122627323,-0.03230578756186836,0.25030610760899796,1.4713730170336656,-0.8338278004675507,0.32261702348125276
2363,78.80333333333334,tracked,1,1,0.6021798125751195,0.7542283070494861,-0.02269599216067464,0.32019820596333415,-0.03259253322979622,0.24812162139402144,1.4736376475639708,-0.8330492039706813,0.3226519368989291
2364,78.83666666666667,tracked,1,1,0.6132922484412408,0.724535428388359,-0.02272788179371449,0.3204344949369275,-0.03314683187575013,0.2441532989149988,1.4716948013271949,-0.8357922324838545,0.32294509536407595
2365,78.87,tracked,1,1,0.6504782492843166,0.729861206975102,-0.02215026111910695,0.32034874480018083,-0.03218696009663119,0.24679971877454038,1.4686697494202114,-0.8339785806222988,0.32272271807692454
2366,78.90333333333334,tracked,1,1,0.6168287660192747,0.7130973674375912,-0.022002191439311314,0.32011556078485587,-0.03135972043046198,0.25201009971410104,1.4682025523341105,-0.8322346200178622,0.32239959793742234
2367,78.93666666666667,tracked,1,1,0.6413819876861108,0.7845743893938851,-0.022985291641258843,0.3205430498648081,-0.03248584803505722,0.24424920637135678,1.4630658976688995,-0.8320032659765253,0.3230038711393772
2368,78.97,tracked,1,1,0.6514345143124777,0.756015730447171,-0.021901642543174504,0.3202104099845078,-0.03142697325650534,0.25101111405584103,1.470917199519923,-0.8337466613118338,0.32249347785125926
2369,79.00333333333334,tracked,1,1,0.6578625611617243,0.723134777048115,-0.022590283064019057,0.32016569247938415,-0.031855976288175325,0.2565439226478052,1.467909229309935,-0.8311068482967154,0.3225386717201348
2370,79.03666666666668,tracked,1,1,0.6470751017530642,0.8229628377452062,-0.022767870783704514,0.3202030175998662,-0.032171203895331346,0.25631512090435443,1.4691640673743758,-0.8291716034773704,0.322619489151165
2371,79.07000000000002,tracked,1,1,0.6469783451608262,0.6688040407967619,-0.022589183593509254,0.32021841668040596,-0.03232672000823111,0.25302600995646285,1.4706361069911997,-0.831512561530517,0.3226377572808519
2372,79.10333333333334,tracked,0,1,0.6327978087852217,0.7793651643357478,-0.02837865525695965,0.3224688247086396,-0.008621899944401212,0.33257307289455,1.4647501826088205,-0.7507533073565197,0.32382993706854213
2373,79.13666666666667,tracked,1,1,0.6032696269598028,0.7781726438372096,-0.02359114912891941,0.3203996546453524,-0.032758399673627814,0.2517601395424093,1.4632441829385452,-0.8367087208856943,0.32293280069274655
2374,79.17,tracked,1,1,0.5926439902680918,0.7777037469963801,-0.023349866922527607,0.320548913110253,-0.03193631309415318,0.2480948888608241,1.4518996231047456,-0.8398793144335855,0.3229810367119284
2375,79.20333333333333,tracked,1,1,0.6162109278036019,0.7828415635072616,-0.02325410373743647,0.3208622129984794,-0.03109935993585089,0.24226883592082962,1.4474213822910025,-0.8423418918374896,0.32320347037018743
2376,79.2366666666667,tracked,1,1,0.6923758460320533,0.7019775870300669,-0.024168517391519095,0.32104349185506786,-0.030357404344339145,0.24595410075520815,1.4474432167222235,-0.840022351416501,0.3233799822096675
2377,79.27000000000001,tracked,1,1,0.6556215541554538,0.7572406557027629,-0.02375527066608124,0.3212730744659488,-0.02789603659481249,0.24615933833737627,1.4532617398998557,-0.8439212512502995,0.323355671233583
2378,79.30333333333334,tracked,1,1,0.5752368108235048,0.728558724735166,-0.0240411394595213,0.3214035796752071,-0.02645592015045667,0.23863600915304098,1.4586205267729435,-0.8427587939965755,0.32338545595860785
2379,79.33666666666667,tracked,1,1,0.5826830942198258,0.7146339012053158,-0.024927049176148297,0.3217626231251819,-0.02577761717956406,0.2440878164746516,1.4529324568149373,-0.8424184046013198,0.3237545813860927
2380,79.37,tracked,1,1,0.6401584250792854,0.6024887295394036,-0.025053076857483758,0.32237177898495833,-0.024949970302877156,0.23617049459220874,1.459347486162758,-0.8427265104133366,0.32430498233001026
2381,79.40333333333334,tracked,1,1,0.6430981795681446,0.6988996350055942,-0.025291506161101818,0.3229179878154754,-0.023744626858062945,0.2376989082213273,1.4574735105044865,-0.8433196116231172,0.3247760681505354
2382,79.43666666666667,tracked,1,1,0.697771762691858,0.6630529041542523,-0.02536863110147297,0.32285337966662897,-0.021533672857812103,0.2387790016775802,1.4623703511372992,-0.8379832344232281,0.3245636628966255
2383,79.47,tracked,1,1,0.635290701327096,0.6262375748431869,-0.02543568481404468,0.32340688575886783,-0.0209162681825244,0.2309960903648222,1.4682306795393152,-0.8402486469088868,0.3250791874188382
2384,79.50333333333334,tracked,1,1,0.6032485842092143,0.7320740464700215,-0.025303419199976973,0.32372005579234353,-0.02034032091312865,0.23094069764626476,1.4706145184645318,-0.8392754439496084,0.3253439198759627
2385,79.53666666666668,tracked,0,1,0.6605533077582731,0.7492204800175147,-0.03209857425448848,0.3252219616040638,0.0034159357121300027,0.31325206246891557,1.4685225660545003,-0.7542823176860778,0.3268199984633062
2386,79.57000000000002,tracked,1,1,0.6794611092929975,0.6850902942846914,-0.025194370867418492,0.32388708247263787,-0.01917562538952916,0.23492484984404305,1.4724237469960944,-0.8347736751999415,0.32543094985744964
2387,79.60333333333334,tracked,1,1,0.6466471770707265,0.781274031320583,-0.025249510490965577,0.3241496063883062,-0.018767430436752552,0.23652426123159825,1.4724872540782485,-0.8336336766302697,0.32567272152718835
2388,79.63666666666667,tracked,1,1,0.63655201887635,0.7018972535834531,-0.025341885163707667,0.3244980567488072,-0.018596997664939885,0.24078173472721748,1.469991930197354,-0.8366406544204829,0.3260169448043344
2389,79.67,tracked,1,1,0.6103508545800285,0.6914545264854888,-0.026003726457031806,0.3252314160965736,-0.018683345922104466,0.22889215509709632,1.4652630083029985,-0.8360872726754514,0.32680381763480015
2390,79.70333333333333,tracked,1,1,0.5923068384638936,0.6621259222080893,-0.02596881034347215,0.3251585363618893,-0.017418421812780194,0.23264225598245028,1.4678232153038875,-0.8369982111941419,0.326658620425222
2391,79.7366666666667,tracked,1,1,0.6332975823668655,0.7637478321431724,-0.025988654584209958,0.32565306451061515,-0.016281014514381797,0.23584742461235794,1.4625907732943382,-0.8350538465591794,0.32709387035814314
2392,79.77000000000001,tracked,0,1,0.5970298365545035,0.7557656044594054,-0.03169084354913099,0.32651874820635507,0.009069469493222015,0.31263516909551353,1.467586512552633,-0.7490633629201568,0.32817839321318687
2393,79.80333333333334,tracked,1,1,0.6777793934563079,0.7351781412000828,-0.02535947413397721,0.32571375047145257,-0.014053866989518937,0.23704718808880676,1.468575218454211,-0.8360932775958578,0.327001622858191
2394,79.83666666666667,tracked,1,1,0.6855822480956832,0.7365718086793727,-0.026771801175367205,0.3262582048215222,-0.014100257846387632,0.23272023028321898,1.4692508526752637,-0.8350884178798162,0.3276583019288086
2395,79.87,tracked,1,1,0.6403933934817321,0.7100860133791194,-0.02675492099504212,0.3262619265097196,-0.01280848491147446,0.2341875393670692,1.47355040587758,-0.833368076695212,0.32760758198340295
2396,79.90333333333334,tracked,1,1,0.6328310494372807,0.7393310621110566,-0.02640526692505485,0.32658027167048986,-0.011304127307695144,0.22959183128687352,1.4751868616796917,-0.8325666419113399,0.3278409603145143
2397,79.93666666666667,tracked,1,1,0.6684902043627788,0.6924120478314181,-0.027607238887372265,0.32685960728869445,-0.011090682772718075,0.23066088627856327,1.468253312625361,-0.8303526160238265,0.3282108556404999
2398,79.97,tracked,1,1,0.7405317269119197,0.7764915655536854,-0.027621656491126134,0.3270419573395319,-0.009514913756597965,0.23402839805155315,1.4692271986145957,-0.8278819673406599,0.328344226919831
2399,80.00333333333334,tracked,1,1,0.7146983597866632,0.7208422637309004,-0.028640843537922345,0.32737387192740086,-0.008897412783328562,0.23666065718082321,1.470586067470187,-0.8282786654296541,0.3287447549293204
2400,80.03666666666668,tracked,1,1,0.7006225016110796,0.7798381466783648,-0.02860431509555328,0.32779127236007316,-0.0065741100818166864,0.2323563221680388,1.459808663242477,-0.8337140866227013,0.32910263444841825
2401,80.07000000000002,tracked,0,1,0.6821034362337286,0.8058749763082853,-0.036506642583789994,0.3274332481747539,0.018797218482263456,0.3105360281692131,1.461497560040435,-0.7503820076466781,0.3299978823957519
2402,80.10333333333334,tracked,1,1,0.7135965584975401,0.7790435620382936,-0.029367328170896434,0.3288152069023409,-0.002234954208121309,0.2283720730754433,1.4651698724465916,-0.8290592625170317,0.33013160296227134
2403,80.13666666666667,tracked,1,1,0.7610602916545691,0.8261504248672958,-0.03035931687534882,0.3283747346887895,0.0004787711488200008,0.2330073521507288,1.4673163793123467,-0.8239722168026011,0.329775505040753
2404,80.17,tracked,1,1,0.7715711428483144,0.8146540260993412,-0.0316380264541572,0.32906937865493197,0.00145594447025843,0.22461598350772102,1.4672715942128483,-0.8268843193628816,0.33058998844574444
2405,80.20333333333333,tracked,1,1,0.7637727231715953,0.7442628735047746,-0.0335064993503853,0.32888575903573003,0.0043689787661017054,0.21774513795202843,1.4624143508145224,-0.8191188403563906,0.330617023110856
2406,80.2366666666667,tracked,0,1,0.7905949273140451,0.7439121322791022,-0.04319504585482509,0.32747235821271814,0.027955798211654836,0.2925497021295757,1.4628746433701205,-0.7356696801009733,0.33148979476516316
2407,80.27000000000001,tracked,0,1,0.7823075999678463,0.7733223282380345,-0.044105588190689826,0.3273273278597439,0.031711684417914277,0.29135508213815225,1.4599937780630756,-0.732728924056037,0.33180432999294684
2408,80.30333333333334,tracked,0,1,0.7307962227394581,0.7354144445335163,-0.046946823800940896,0.3277193395014121,0.03243342489565393,0.2827383581939032,1.4561745498459018,-0.7289867794111403,0.33264981106067143
2409,80.33666666666667,tracked,1,1,0.7453892167196278,0.785527195258738,-0.039134785710278064,0.3301885164496622,0.013846406777218712,0.20039769038602878,1.4509027364158333,-0.8119936562814211,0.3327877864772961
2410,80.37,tracked,1,1,0.8142418246914565,0.7394035180155105,-0.0426195021428451,0.3306267789046968,0.014983684711475431,0.19879067546059434,1.4634922179725733,-0.8031494957755663,0.33369896568513985
2411,80.40333333333334,tracked,1,1,0.7476859770905189,0.7609022599346964,-0.043942644913350315,0.3308678530769799,0.017427332519683536,0.19060975524965498,1.4631320759409205,-0.7991138337098207,0.3342277728742816
2412,80.43666666666667,tracked,1,1,0.7629416740442642,0.7658311695623555,-0.043973707005530605,0.33129982482069736,0.020722871904059414,0.18735010841672167,1.4628563554098701,-0.8016576946964568,0.33484727601398384
2413,80.47,tracked,0,1,0.8140031225040306,0.742247589589465,-0.05191629061835673,0.3271670715383093,0.0494665102526452,0.26934066940877643,1.471808062403073,-0.7172632418353629,0.3349336196429047
2414,80.50333333333334,tracked,0,1,0.8026001641110783,0.8182748850931703,-0.05623256801422777,0.32826466004558363,0.04971661682874412,0.26182032581726583,1.4579004121904247,-0.7151190033786462,0.33673658953136276
2415,80.53666666666668,tracked,1,1,0.8372168362995878,0.8260969544526433,-0.048270581503783216,0.33232339321301474,0.030124910447261954,0.17365033779095293,1.458564023901589,-0.7991628999071365,0.3371593049951031
2416,80.57000000000002,tracked,1,1,0.747983828726152,0.7887274381486808,-0.04934107558675638,0.33236850459571426,0.0339104221417173,0.17282855943796863,1.4527137407634079,-0.7974660428124182,0.3377177539263798
2417,80.60333333333334,tracked,1,1,0.7490189571904455,0.7853706447901332,-0.051318764040080844,0.3325841783833121,0.0361449573026037,0.1693323970863317,1.4719798277325151,-0.7926984641688054,0.3384557713969601
2418,80.63666666666667,tracked,0,1,0.8498051493121053,0.7884209095193038,-0.06245360958316093,0.328444776270745,0.05872045807198778,0.23769393954058926,1.4710547660042912,-0.7155994161899265,0.33944736941931025
2419,80.67,tracked,1,1,0.8760335552511194,0.7687887333791166,-0.05289563305338635,0.332590144639604,0.04323841580531945,0.170048417533423,1.4865536586714463,-0.7939123308216333,0.33953455333568766
2420,80.70333333333333,tracked,1,1,0.8839514942238241,0.7900656917815984,-0.0539727009497884,0.3329996535705646,0.04580189900785242,0.16468500982620482,1.482077920985756,-0.7951596598705508,0.3404403555377312
2421,80.7366666666667,tracked,1,1,0.7417261977632912,0.7754680957613336,-0.05772054659324938,0.3340398641527506,0.04488587463884425,0.1476697413826502,1.479737506423791,-0.7937383638039293,0.34194887641913024
2422,80.77000000000001,tracked,1,1,0.836938167266345,0.7498235778191864,-0.0585812223966225,0.333069109181232,0.04772599014957263,0.14945646740585464,1.47762022056938,-0.7954986487996485,0.3415326649736729
2423,80.80333333333334,tracked,1,1,0.7959138029921413,0.7146626951257868,-0.060283665434224254,0.3327286469161912,0.049162580074281204,0.15132236324862725,1.476064998885163,-0.7976653601411618,0.34170079320426666
2424,80.83666666666667,tracked,0,1,0.8177466369063552,0.7455746338336994,-0.07311295392339234,0.32667118714288784,0.07031217637812653,0.2217168664496082,1.471809090835996,-0.7133728138728951,0.34205755464216325
2425,80.87,tracked,1,1,0.8659585607043926,0.7765096319194053,-0.06322937970584602,0.3314040126732488,0.05342730744009988,0.1522616609729617,1.4767389030845093,-0.789762092492685,0.3415860817630248
2426,80.90333333333334,tracked,0,1,0.8535009073360392,0.7611871104213063,-0.07562678713410032,0.3246483722527078,0.0743841975695062,0.21855330370831913,1.4681487143184115,-0.7160661107239186,0.341539141807522
2427,80.93666666666667,tracked,1,1,0.8033155301081661,0.7383621570113771,-0.06577566143895458,0.3304980890931445,0.05721945142654461,0.13976065909983007,1.478094878214778,-0.7951507646942619,0.3418032916071856
2428,80.97,tracked,0,1,0.8365492998005059,0.6316879255109072,-0.08040122475473888,0.3231765566009554,0.07713940951105919,0.21365401497024233,1.4643223211820309,-0.7127536386793619,0.3418448949132156
2429,81.00333333333334,tracked,0,1,0.8139954469343125,0.6811007762490184,-0.08087719206473526,0.32153654750311567,0.08075792055552489,0.21590795693335285,1.4674706842487706,-0.7137547287742465,0.3412458253355664
2430,81.03666666666668,tracked,1,1,0.8130291501204009,0.7401146332468952,-0.0716478003280967,0.32696322999039457,0.06359842061068444,0.14187172681477916,1.474425368121668,-0.7956128653155818,0.34070973006619576
2431,81.07000000000002,tracked,0,1,0.882620497831187,0.6356765415902857,-0.08611636625023211,0.31913612708147376,0.0823882586509207,0.21440103255002832,1.4552389746971395,-0.7159977322965336,0.34066364835162216
2432,81.10333333333334,tracked,0,1,0.9882730841688572,0.7357268646848629,-0.09022309114703819,0.3183698609631466,0.08136090062544649,0.21235933634173323,1.4535577207287957,-0.7184526099564026,0.34076263101520365
2433,81.13666666666667,tracked,0,1,0.9418228561650662,0.7477858063102195,-0.09146268818953862,0.3166998583446797,0.08485153461094674,0.21063332919856215,1.4518081977210915,-0.7183229991162863,0.34038802348530073
2434,81.17,missing_tag,1,0,,,,,,,,,
2435,81.20333333333333,tracked,1,1,0.9390302387555455,0.7486589821570847,-0.08425663498182218,0.3210593725534303,0.07202479271910595,0.12353499005291003,1.4557131161164567,-0.7960276128141845,0.33965551962111934
2436,81.2366666666667,tracked,0,1,0.9706155083659371,0.7381681959130204,-0.09742768750815084,0.3118376177971768,0.09167517133536035,0.1954110639965837,1.441524621198509,-0.720235813645291,0.339321663331376
2437,81.27000000000001,tracked,0,1,0.8621567453637263,0.7746440699223346,-0.10088843256620317,0.3100619999754829,0.09406656143829994,0.19313104938420575,1.4483195073469297,-0.7160613909169888,0.3393603359782742
2438,81.30333333333334,tracked,1,1,0.9067176981313614,0.7625437144542784,-0.08943993064415212,0.31603276447508744,0.0815024148572947,0.12699028853781846,1.453381864548648,-0.7975952097185093,0.3384063430891439
2439,81.33666666666667,missing_tag,1,0,,,,,,,,,
2440,81.37166666666667,tracked,1,1,0.9543534855235769,0.7300851891059505,-0.09468904729425665,0.31326059427421604,0.08672988456740338,0.12452905396902368,1.457772348897008,-0.791256575615259,0.3385561821612538
2441,81.405,tracked,1,1,0.8805959626149573,0.6431447059842108,-0.10161702584459403,0.31346396107752394,0.08507578737404664,0.10274408928862358,1.4375663267728465,-0.7919784380772142,0.34032861242220924
2442,81.43833333333333,tracked,1,1,0.8324553314927847,0.5908985964925282,-0.10894696775496582,0.31208796555713775,0.08519893437766479,0.11391014469558623,1.4027553338500218,-0.7858457086518472,0.34136080391234785
2443,81.47166666666668,tracked,1,1,0.7707957011906849,0.6862061238665514,-0.11151930149721317,0.3114679262677907,0.08796217031701958,0.10485712896808774,1.3989209380104497,-0.7869274169811967,0.34232465162016096
2444,81.50500000000001,tracked,1,1,0.9387056864763833,0.6297416193921016,-0.11410121654130856,0.31072513304067007,0.09067699469677692,0.10176417816634174,1.399684331452564,-0.7872342716269817,0.34320768244109573
2445,81.53833333333334,tracked,1,1,0.9100713486413674,0.605391655348829,-0.11566622046438613,0.3082773102815464,0.09528700739268076,0.11129994287013323,1.4138847951163125,-0.7794297917241888,0.3427727940907703
2446,81.57166666666667,missing_tag,1,0,,,,,,,,,
2447,81.605,tracked,1,1,0.8628672239476654,0.6328565769111896,-0.11769471131499071,0.3057560952273619,0.1031943026767449,0.12155306694432304,1.4069243927660344,-0.7877876680078569,0.34349366652842706
2448,81.63833333333334,missing_tag,1,0,,,,,,,,,
2449,81.67166666666667,tracked,1,1,0.9507674634876278,0.6361316274186579,-0.12625820131663007,0.30399232966028406,0.10692707418840197,0.10007290337971207,1.3765338838426537,-0.7917095883565377,0.34610095216062253
2450,81.705,tracked,1,1,0.9006569042371434,0.6086937947323331,-0.12803101822421642,0.30137263845114903,0.11065243337540276,0.10389309018173139,1.386788110877958,-0.7887888312442147,0.3456318414822838
2451,81.73833333333334,tracked,1,1,0.8899059149123825,0.6323086312516304,-0.13057268263365468,0.2997227521795263,0.1137045787536014,0.11110936844858876,1.3865283200948133,-0.7967783543322464,0.346138245291896
2452,81.77166666666668,missing_tag,1,0,,,,,,,,,
2453,81.805,tracked,1,1,0.8734804563960638,0.5922136009050821,-0.14031237179409634,0.29538400945171495,0.11652085502606985,0.10558197901649242,1.3721374914328195,-0.7957891983103041,0.3471546980443473
2454,81.83833333333334,tracked,0,1,0.8491041411550172,0.5783804120568864,-0.15501386081009594,0.28276123797434294,0.13080764040284654,0.1806051439279991,1.3594401977281865,-0.7299467237046117,0.34798542143571937
2455,81.87166666666667,tracked,1,1,0.8505885963556438,0.6037552040612476,-0.14637830195621093,0.29274132813671383,0.1197704495057837,0.11568813728833652,1.345713491783032,-0.8090962699529558,0.3485241068529526
2456,81.905,missing_tag,1,0,,,,,,,,,
2457,81.93833333333333,tracked,1,1,0.7071617153033325,0.5796669576923987,-0.15579620040198916,0.28780647954887834,0.1201930365716069,0.1195558545123725,1.3245258418069874,-0.8092705032516321,0.34864221168745374
2458,81.97166666666668,tracked,1,1,0.703619587116836,0.5700625475341441,-0.16060035806901507,0.2857708590571009,0.119858414886784,0.12700284633476422,1.3080337291373931,-0.8129349220664333,0.34903223134447303
2459,82.00500000000001,tracked,1,1,0.681176032871284,0.5872293727117331,-0.16438546180409702,0.28442899419441203,0.11934293763012799,0.1289764808021098,1.3012425344527128,-0.8155589774809657,0.349521343487318
2460,82.03833333333334,tracked,1,1,0.7382508577014679,0.6089381616604312,-0.16289418978307602,0.2802407107543079,0.12292035563164433,0.1476270218351489,1.3192674441558614,-0.8184778980926951,0.3466681220674528
2461,82.07166666666667,tracked,1,1,0.7000870740375499,0.5777206674943943,-0.16778305401078902,0.27846829079643987,0.12195724792645157,0.1368778367133556,1.3027452124486498,-0.8189740310998453,0.34723092102241115
2462,82.105,tracked,1,1,0.660919491489927,0.5873491087049847,-0.16880365855502627,0.27623418798973554,0.1236707992343532,0.1504594596203435,1.3071087204408585,-0.8286662615992947,0.34654648799140086
2463,82.13833333333334,tracked,1,1,0.6130990385743064,0.5778917287142927,-0.17618683832299636,0.2737169950196806,0.12122115303907116,0.16314720029954496,1.2738269490628833,-0.8304051364061515,0.34735768784493515
2464,82.17166666666667,missing_tag,1,0,,,,,,,,,
2465,82.205,missing_tag,1,0,,,,,,,,,
2466,82.23833333333334,missing_tag,1,0,,,,,,,,,
2467,82.27166666666668,missing_tag,1,0,,,,,,,,,
2468,82.305,missing_tag,1,0,,,,,,,,,
2469,82.33833333333334,tracked,1,1,0.517765141869313,0.5609918471882047,-0.18435782864042338,0.2569371800530583,0.12569601360269533,0.16604438450821077,1.294511556946069,-0.833718186640871,0.3402998843817588
2470,82.37166666666667,tracked,1,1,0.5192833101235731,0.5874627412925654,-0.19128792055170807,0.2539650870027612,0.12361676054284682,0.19096705183420876,1.2634556480625894,-0.8402804813175102,0.34113111475270647
2471,82.405,missing_tag,1,0,,,,,,,,,
2472,82.43833333333333,missing_tag,1,0,,,,,,,,,
2473,82.47166666666668,missing_tag,1,0,,,,,,,,,
2474,82.50500000000001,missing_tag,1,0,,,,,,,,,
2475,82.53833333333334,missing_tag,1,0,,,,,,,,,
2476,82.57166666666667,missing_tag,1,0,,,,,,,,,
2477,82.605,missing_tag,0,0,,,,,,,,,
2478,82.63833333333334,missing_tag,0,0,,,,,,,,,
2479,82.67166666666667,missing_tag,0,0,,,,,,,,,
2480,82.705,missing_tag,0,0,,,,,,,,,
2481,82.73833333333334,missing_tag,1,0,,,,,,,,,
2482,82.77166666666668,missing_tag,1,0,,,,,,,,,
2483,82.805,missing_tag,0,0,,,,,,,,,
2484,82.83833333333334,missing_tag,0,0,,,,,,,,,
2485,82.87166666666667,missing_tag,1,0,,,,,,,,,
2486,82.905,tracked,0,1,0.4887842848630931,0.624292807195847,-0.227507030761874,0.18057946687491097,0.14376350193635073,0.33900111506521535,1.2708416042816408,-0.7604233177196772,0.3240930998832195
2487,82.93833333333333,tracked,0,1,0.484066318653694,0.6153451459678838,-0.22937366815998578,0.17656080519268447,0.14331781510258274,0.3386269846308886,1.2684135511258463,-0.7543044333995562,0.3229953462532153
2488,82.97166666666668,tracked,0,1,0.5047014171486193,0.6035907516717225,-0.22955372158068021,0.17293694805173,0.1426941351103947,0.3437357645828197,1.2681519288937122,-0.753811233586968,0.3208795962473943
2489,83.00500000000001,tracked,0,1,0.40323287827360865,0.5949000383782665,-0.23217925168470804,0.1688017899764839,0.14039873727344238,0.35286209743919605,1.2616621256588147,-0.7529636611732864,0.31955133334115987
2490,83.03833333333334,tracked,1,1,0.5045968081457705,0.5784180110138711,-0.22366630287231276,0.1785938833185285,0.13911109758772544,0.28184577621940554,1.2630410752961139,-0.81070303088335,0.3182362136392133
2491,83.07166666666667,tracked,1,1,0.46731504241540156,0.5851860815939258,-0.22729135290560148,0.17479905765389764,0.13647538941217974,0.279448717483595,1.2662206627647519,-0.8051479811719064,0.31755566689567266
2492,83.105,tracked,1,1,0.4402907445785729,0.5606147831422073,-0.22934886593409404,0.17005024036967262,0.1349172839704595,0.2795982522565189,1.2720533608728137,-0.8014214724183548,0.3157857819297824
2493,83.13833333333334,tracked,1,1,0.48119750362099983,0.5908923459204096,-0.22823076771390638,0.1669604298292348,0.13455377974316218,0.2883803930575603,1.273505999254339,-0.8045322164155443,0.31316096197197585
2494,83.17166666666667,tracked,1,1,0.4188133100628563,0.5477972182660986,-0.22876434168121523,0.1628332408803377,0.1342304432990249,0.28728567202117344,1.2794831973627823,-0.7973526331455729,0.3112323894916572
2495,83.205,tracked,1,1,0.5027277089555727,0.5510793538844531,-0.23502583101235414,0.15905312062032462,0.1297334844055874,0.28565039651168866,1.2742680775561632,-0.7871106146232706,0.3120349554106494
2496,83.23833333333334,tracked,1,1,0.43681985583551597,0.548577819043329,-0.23732604230188598,0.15535128661464842,0.1276891970192588,0.2848177722597072,1.268749055435574,-0.7880687868287717,0.31106623674536954
2497,83.27166666666668,tracked,1,1,0.37617710400948673,0.5483242163783408,-0.23829603180143144,0.15217192803673243,0.12713958246725204,0.28745330691832155,1.2753933209314845,-0.7906022345895034,0.3100093029002073
2498,83.305,tracked,1,1,0.42378284358486856,0.5023479298169535,-0.24134683701047271,0.14964248052138954,0.12478129156605,0.286086634285093,1.2677820631676082,-0.7861524686559019,0.3101798485337913
2499,83.33833333333334,missing_tag,1,0,,,,,,,,,
2500,83.37166666666667,missing_tag,1,0,,,,,,,,,
2501,83.405,missing_tag,1,0,,,,,,,,,
2502,83.43833333333333,missing_tag,1,0,,,,,,,,,
2503,83.47166666666668,tracked,1,1,0.3808067097225918,0.526650977551761,-0.2511871654246268,0.13540603540443882,0.11666491251610411,0.2871640924919312,1.2866154172631217,-0.7649440872011446,0.3082863738642972
2504,83.50500000000001,missing_tag,1,0,,,,,,,,,
2505,83.53833333333334,missing_tag,1,0,,,,,,,,,
2506,83.57166666666667,missing_tag,1,0,,,,,,,,,
2507,83.605,tracked,1,1,0.37574880507254,0.4953085836753343,-0.26190322829618445,0.12483081308024593,0.10761052384341074,0.28377146249025803,1.3020809526242216,-0.7489452795177803,0.3094447571507585
2508,83.63833333333334,missing_tag,1,0,,,,,,,,,
2509,83.67166666666667,missing_tag,1,0,,,,,,,,,
2510,83.705,missing_tag,1,0,,,,,,,,,
2511,83.73833333333334,missing_tag,1,0,,,,,,,,,
2512,83.77166666666668,missing_tag,1,0,,,,,,,,,
2513,83.805,missing_tag,1,0,,,,,,,,,
2514,83.83833333333334,missing_tag,0,0,,,,,,,,,
2515,83.87166666666667,tracked,1,1,0.5516703527818053,0.42448455443272026,-0.27069470041094523,0.10482610789770905,0.0946819155232329,0.26870067985777135,1.3000767014433003,-0.7445416177055738,0.30533391369892426
2516,83.905,tracked,1,1,0.3185725671653722,0.44927349542181616,-0.26959028316904265,0.10214113518233589,0.09335791166072088,0.2768603570101706,1.304846141184997,-0.745524419392743,0.30303041422463156
2517,83.93833333333333,tracked,1,1,0.5114511801094762,0.4336257252167234,-0.27302608680062107,0.09823659982108451,0.08886501202980973,0.2774743745780174,1.310828536093256,-0.739993056573948,0.3034644361059899
2518,83.97166666666668,tracked,0,1,0.43844351502280626,0.4253526598092742,-0.27932095906931237,0.08807502651449256,0.07986835383666513,0.3443976150944773,1.30518940525829,-0.6731006318268627,0.30357266414403616
2519,84.00500000000001,tracked,0,1,0.41379437053123636,0.4035504426243832,-0.28362527129330506,0.08539930427835085,0.07590533073502681,0.34906902957325553,1.3100113547984493,-0.6706316070190499,0.30577435294906774
2520,84.03833333333334,missing_tag,1,0,,,,,,,,,
2521,84.07166666666667,missing_tag,1,0,,,,,,,,,
2522,84.105,missing_tag,1,0,,,,,,,,,
2523,84.13833333333334,missing_tag,0,0,,,,,,,,,
2524,84.17166666666667,missing_tag,1,0,,,,,,,,,
2525,84.20500000000001,missing_tag,1,0,,,,,,,,,
2526,84.23833333333334,missing_tag,1,0,,,,,,,,,
2527,84.27166666666668,missing_tag,0,0,,,,,,,,,
2528,84.305,tracked,0,1,0.44653712937828965,0.4004886527668053,-0.29283210561341666,0.06811557494952977,0.05892871212630285,0.3514822969404018,1.291339263874251,-0.6577984707973525,0.30637063622605365
2529,84.33833333333334,tracked,1,1,0.38172270871714997,0.3968567369273083,-0.28930442116607374,0.07345189758873763,0.0666120435551979,0.26181196964143066,1.298385412285286,-0.7312306064715831,0.3058257571105203
2530,84.37166666666667,tracked,1,1,0.3389232388908442,0.384251507108312,-0.28743459248407605,0.07156697348665872,0.0653786797234257,0.26396813315411655,1.3108651052458513,-0.7288999860022517,0.3033394936583518
2531,84.405,tracked,1,1,0.39400723935181764,0.38917860948728306,-0.2885412025015274,0.06981326901871693,0.06249450183139188,0.268432842031519,1.3074991070583506,-0.7270097196019026,0.3033735005422541
2532,84.43833333333333,tracked,0,1,0.42722025405118863,0.3854462965083954,-0.29492973203781614,0.0617666757276549,0.049580487728209055,0.3469645490738631,1.2998839390197963,-0.6542631001934355,0.30537991720758323
2533,84.47166666666668,tracked,0,1,0.3197108463078567,0.3818372470557078,-0.29867397745165,0.05957792672339185,0.0452298967907121,0.34249108404565387,1.2950126438856497,-0.6475072898577361,0.3078983886335637
2534,84.50500000000001,tracked,1,1,0.3843759755447623,0.37646909135617956,-0.2968243771772934,0.06307738195492166,0.05350795653306473,0.26194105382758837,1.3049989356768106,-0.7196991784723531,0.30813401047810274
2535,84.53833333333334,tracked,1,1,0.322144948885791,0.3704801115488248,-0.2999053641763224,0.061356620099659864,0.04956996069917807,0.26357785259085154,1.3043498100081672,-0.7195539396665351,0.3101048907958477
2536,84.57166666666667,tracked,1,1,0.32853287824620736,0.3689204882962672,-0.3013631707068364,0.05978023262433571,0.04831256910018966,0.2609130548078688,1.3010280937032652,-0.7187742727784964,0.3110105162275998
2537,84.605,tracked,1,1,0.29573732368416344,0.35536471732164127,-0.3019461068406512,0.05857717249780331,0.046643257481461586,0.2660318331582249,1.3086759056988257,-0.7218860025658386,0.3110921568322565
2538,84.63833333333334,tracked,1,1,0.330645112506553,0.3608934476701879,-0.30036885597717067,0.058489606392659765,0.046135636100527955,0.2701362517264161,1.3006816479800356,-0.7255234850214008,0.3094688685722732
2539,84.67166666666667,missing_tag,1,0,,,,,,,,,
2540,84.70500000000001,missing_tag,1,0,,,,,,,,,
2541,84.73833333333334,tracked,1,1,0.3973091270222328,0.36263073537368057,-0.3038423678830702,0.05457362222380127,0.04054737202070863,0.2779716012561407,1.2922535208983463,-0.721424286125438,0.31135599262131264
2542,84.77166666666668,missing_tag,1,0,,,,,,,,,
2543,84.805,tracked,1,1,0.3503520170059805,0.3537774127155755,-0.3034076432966356,0.05303288441148116,0.03731817859064407,0.28506029979935715,1.288844837406741,-0.7212322772333641,0.31026010264477
2544,84.83833333333334,tracked,1,1,0.37947089448090554,0.3580682355101714,-0.3044372002962406,0.05207822052430042,0.03576163337297772,0.2879967273592736,1.295936861192307,-0.7166593304383736,0.31092289140347046
2545,84.87166666666667,tracked,1,1,0.35265557972112604,0.3555608618454764,-0.3044890577014578,0.05096946963437257,0.03302831178711052,0.2906260189432209,1.3002914603692068,-0.7125415072271698,0.3104872662030401
2546,84.905,tracked,1,1,0.3360282523001492,0.3549643508618814,-0.30431338761258625,0.05022914444172563,0.03126869672901933,0.2912073612697647,1.2977247892010755,-0.7069876254673554,0.3100118323979381
2547,84.93833333333333,tracked,0,1,0.3947395562210609,0.33588356909357503,-0.3110349282468643,0.044829889489527264,0.012458800967338757,0.3602072965888433,1.2829279255941954,-0.6206829440531968,0.31449589393618327
2548,84.97333333333334,tracked,1,1,0.4001947646691148,0.34635959673096045,-0.3082759380298556,0.046752633456947135,0.023781971912028077,0.28826423589491557,1.3032839308611952,-0.6964272527305482,0.31270664350373417
2549,85.00666666666667,tracked,1,1,0.37092187970074464,0.336975727411586,-0.30860394198291374,0.045513547370492874,0.020431995509393952,0.2853224338106581,1.3018408910719204,-0.6905787104031059,0.3126105283609872
2550,85.04,tracked,1,1,0.3927674419499794,0.3362603765014683,-0.3113185743776893,0.043171524960016805,0.017159302947317767,0.27565011443618276,1.3058610938304842,-0.6875077703748569,0.31476574940353347
2551,85.07333333333334,tracked,1,1,0.3889637992664756,0.33455189616172454,-0.31246408763936134,0.04177762074708766,0.013288050145090269,0.286300481566681,1.3103888347886237,-0.6784008238566429,0.3155245599572946
2552,85.10666666666667,tracked,1,1,0.4115433465823058,0.33036159250758107,-0.31142624140722974,0.03999373568083492,0.01322480944670884,0.2763521565461915,1.3136288309544157,-0.6789434227060815,0.31426214903428057
2553,85.14,tracked,1,1,0.456233536154344,0.3188466890670844,-0.31150373965254624,0.038834503968278866,0.0096963245359451,0.28540790881260975,1.3201704155925147,-0.6722915001683651,0.3140648296538311
2554,85.17333333333333,tracked,1,1,0.45231538064425614,0.3219818049912666,-0.313413694743275,0.03585606485634327,0.00557631630512645,0.2780226986601881,1.314016352749637,-0.6641344827142895,0.315507364007796
2555,85.20666666666668,tracked,1,1,0.46483564690488055,0.3139476048620672,-0.3133701299425263,0.03454429029315842,0.002987327998873357,0.2814518412265619,1.3199496909393016,-0.6606808190472968,0.31528252482595137
2556,85.24000000000001,tracked,1,1,0.4184986488743251,0.31613415316277826,-0.3136449435462288,0.03334247501515922,0.0003547381214364931,0.28572288623103814,1.3238797191872873,-0.6569513522561761,0.31541242380633705
2557,85.27333333333334,tracked,1,1,0.41435580039816783,0.31728295960622893,-0.31511971449455617,0.03179065618116267,-0.0025860826008637927,0.28288183763967534,1.3280757623949115,-0.6517151173088274,0.3167298029974097
2558,85.30666666666667,tracked,1,1,0.42127892400788464,0.3133891507934174,-0.3164252624428218,0.029811638771226973,-0.006485041268913194,0.281868432952789,1.3271171988777448,-0.6472015663500936,0.3178926489846758
2559,85.34,tracked,1,1,0.3196110136417962,0.3141079647547542,-0.31469371831654924,0.028450732997746503,-0.007137576763408926,0.27668206864389083,1.3290676208340826,-0.6436687909619982,0.3160577883205194
2560,85.37333333333333,tracked,1,1,0.3433814365337006,0.3094715346204045,-0.31747577895735374,0.02637987598404104,-0.011539408408833718,0.26963849617858054,1.3290244948434478,-0.634438334184841,0.3187788042325552
2561,85.40666666666667,tracked,1,1,0.3597748975416033,0.3079557894306426,-0.3179095685534728,0.024557774822181327,-0.014667353870152555,0.27004758606992446,1.3314520585229994,-0.629662311883951,0.3191938429099541
2562,85.44000000000001,tracked,0,1,0.3676981492711419,0.3074213467296853,-0.3153247623242309,0.026204022824609124,-0.030596594984759695,0.3508409149190957,1.3115787888385695,-0.5496304461250768,0.3178875715904709
2563,85.47333333333334,tracked,0,1,0.3802028470541614,0.2970901418885631,-0.3215705073983054,0.023169338099304215,-0.03825908925736288,0.33068635565390464,1.3111294865370888,-0.540756275565777,0.32466623995599897
2564,85.50666666666667,missing_tag,1,0,,,,,,,,,
2565,85.54,tracked,0,1,0.31305103041315824,0.29747920591993543,-0.31869710977226545,0.02213128948862031,-0.040320134616226966,0.32375160087430394,1.3243365484208445,-0.5367621243439559,0.32199899845666474
2566,85.57333333333334,tracked,0,1,0.2976016972428478,0.2994052716955351,-0.31874941443417937,0.021261851086546657,-0.042793064650470836,0.32396186277534167,1.3221426718010565,-0.5277020429492523,0.3223111879782303
2567,85.60666666666667,tracked,1,1,0.365027652165322,0.2968161481453769,-0.3223561561902134,0.01827957987790277,-0.030264872272389,0.24787342299856682,1.3645850021721095,-0.5987898840798932,0.3242893722709795
2568,85.64,tracked,0,1,0.31853816266724133,0.2937490325718244,-0.3203639130896657,0.01916848981652511,-0.04818783838026708,0.30709205162468767,1.33300669504602,-0.5175601779907,0.3245343365188526
2569,85.67333333333333,tracked,0,1,0.3492033790144552,0.2882654509055883,-0.317918698504898,0.01963070947104406,-0.048042081642997225,0.31828336435128496,1.3364524388404435,-0.516600193244295,0.32212684647818035
2570,85.70666666666668,missing_tag,1,0,,,,,,,,,
2571,85.74000000000001,tracked,1,1,0.41262492894973496,0.2607800243285617,-0.3219006880199621,0.01586082782392964,-0.03756442460940984,0.24815368073429384,1.370676591683887,-0.5885244908746546,0.3244729646722841
2572,85.77333333333334,missing_tag,1,0,,,,,,,,,
2573,85.80666666666667,tracked,1,1,0.41141247198220904,0.25724917613948445,-0.32296033348726194,0.013622551994420168,-0.041451270884329205,0.24687029795060703,1.3728422918636827,-0.5862405099259721,0.3258943982135473
2574,85.84,tracked,0,1,0.3514862496133749,0.2818748955051443,-0.31982754100759336,0.016571023710060057,-0.05803943896676017,0.3105108615367995,1.3418896068982067,-0.5117481135232758,0.325473242048159
2575,85.87333333333333,tracked,0,1,0.3346806021080253,0.28685656205662646,-0.32273965106358815,0.01517590455394588,-0.06261713883241338,0.30305583957467547,1.342097525211195,-0.5089599295347703,0.3291080316905603
2576,85.90666666666667,tracked,0,1,0.26500902134483645,0.27257785317324695,-0.32003180584431146,0.015613508603160131,-0.062102385181517394,0.30737457986427646,1.344406602221194,-0.5027238773764131,0.3263753125591848
2577,85.94000000000001,tracked,1,1,0.32707204473727863,0.2588831167279327,-0.3257953101459883,0.0100936298526631,-0.050354768664115646,0.23592534664950235,1.3790134282214128,-0.5768932162682551,0.3298182350991829
2578,85.97333333333334,tracked,1,1,0.3241152552495095,0.2750720616308205,-0.32999026770806317,0.00834059804268611,-0.054989064761760686,0.23041106321559052,1.3783009858671644,-0.5755850301618183,0.3346444973417641
2579,86.00666666666667,tracked,1,1,0.36774864846832794,0.2596228440728828,-0.3287447330022328,0.008640610222776374,-0.056367236804698295,0.24107315171062454,1.3808771829955802,-0.5736108385925172,0.3336540498880962
2580,86.04,tracked,0,1,0.2981621391795816,0.27849529223254693,-0.3214353937252933,0.01320806289629653,-0.07180065199383562,0.3101602088530863,1.3436667321279538,-0.49411947401635253,0.3296217512415507
2581,86.07333333333334,tracked,1,1,0.3447688354854892,0.27402082875202227,-0.3310004790379041,0.006830534207865391,-0.059936109953490135,0.2347196767825113,1.3793347695289142,-0.568116283816903,0.33645253840214023
2582,86.10666666666667,tracked,1,1,0.32032361922005326,0.2522265155514173,-0.3310122358650543,0.006275067415875829,-0.06112229117849072,0.23371172569433477,1.378969421069251,-0.5667667437004623,0.3366666173566431
2583,86.14,tracked,0,1,0.36009938689537535,0.2785343414524838,-0.32524675827207905,0.01028394147709194,-0.07996030047332575,0.2947322523164468,1.333130109582975,-0.4859540956912246,0.3350893356563068
2584,86.17333333333333,tracked,0,1,0.319562511105825,0.26055388132747026,-0.32234661186186697,0.011705632148111239,-0.07734252708563483,0.29895338062595184,1.3412707943747806,-0.48236837361885054,0.3317020146137255
2585,86.20666666666668,tracked,0,1,0.31377669793937124,0.2713241648885589,-0.32576999465817114,0.010177607840753722,-0.08192080660942502,0.2960464688137988,1.3413958501515542,-0.47969265867607697,0.3360664988904485
2586,86.24000000000001,tracked,1,1,0.3503575075294609,0.2761527723688035,-0.33251789506368074,0.005486940988126798,-0.06655982849550102,0.23325117008628937,1.380021008680964,-0.5598098232804715,0.3391584700819643
2587,86.27333333333334,tracked,0,1,0.37148331115734295,0.27211827728572574,-0.32541877317458456,0.011117806921776607,-0.08251471438702185,0.2988810115146203,1.3436210644676143,-0.4853796529512626,0.33590126771950923
2588,86.30666666666667,tracked,0,1,0.3457160678135466,0.27080726846720016,-0.32569249922659727,0.010881268926966253,-0.08412171981753874,0.2996251317508595,1.3396402627020845,-0.4849313107143103,0.33655678541813494
2589,86.34,tracked,1,1,0.33160555067926495,0.27736670233950206,-0.3339878780972077,0.00569766747048997,-0.06925355290542445,0.2369931011505788,1.3863521720120648,-0.5653068643169298,0.3411398843883605
2590,86.37333333333333,tracked,0,1,0.3337267740189949,0.27174245960324855,-0.3239391427957678,0.011267888944902466,-0.08529161782221051,0.30816026812055236,1.3374878994378911,-0.4823026236070216,0.3351689031328257
2591,86.40666666666667,tracked,0,1,0.30197126831897564,0.24061808164827841,-0.3233259533118162,0.011477853438735808,-0.08617325610167048,0.3057410942639046,1.3423644800220718,-0.4814810307202267,0.3348092640171713
2592,86.44000000000001,tracked,0,1,0.28732331350504403,0.2571219792185727,-0.32488741908355034,0.011051007306932176,-0.08755991440925848,0.3105425902714314,1.337034232823853,-0.4835498327823682,0.33666110326651194
2593,86.47333333333334,tracked,1,1,0.35747279807418303,0.2581251772590288,-0.3343832917256159,0.00527808927387774,-0.07439558583386341,0.24419982323663586,1.3761637362885926,-0.5625319252989293,0.342599981324
2594,86.50666666666667,tracked,0,1,0.3292951782542697,0.2667310194563759,-0.32360500883960286,0.011768217831427119,-0.08863725260719252,0.31080686203298713,1.3332104469464088,-0.4844145411283219,0.3357309268547636
2595,86.54,tracked,1,1,0.35022951416348136,0.2143028991465531,-0.33577702352007277,0.005191091972530093,-0.07812173993673815,0.24704331723400902,1.3700909134803265,-0.5574728326633152,0.34478422703280687
2596,86.57333333333334,tracked,1,1,0.37680815373981413,0.2695360603607754,-0.3365022362166158,0.004804692363847424,-0.07788260572206462,0.24594985149588638,1.3759741044537899,-0.5607774377265005,0.34543094870256325
2597,86.60666666666667,tracked,0,1,0.3965503307383298,0.2594971692614829,-0.32479644714527167,0.010718026669904651,-0.09219597039666999,0.31097637039550696,1.3302009373009884,-0.4794436940981373,0.33779832020196854
2598,86.64,missing_tag,1,0,,,,,,,,,
2599,86.67333333333333,tracked,0,1,0.36879511323797926,0.24001232740200057,-0.3232574337165119,0.010920493918611718,-0.09107949143326682,0.3157974900694367,1.3336809890287455,-0.4814757466784708,0.3360209805951915
2600,86.70666666666668,missing_tag,1,0,,,,,,,,,
2601,86.74000000000001,missing_tag,1,0,,,,,,,,,
2602,86.77333333333334,tracked,1,1,0.3568574303714014,0.24745379398048573,-0.33952808412357816,0.004344320635634863,-0.08155702363700362,0.2542168621828731,1.373546047921286,-0.560844014347252,0.34921303116427305
2603,86.80666666666667,missing_tag,0,0,,,,,,,,,
2604,86.84,missing_tag,1,0,,,,,,,,,
2605,86.87333333333333,missing_tag,1,0,,,,,,,,,
2606,86.90666666666667,missing_tag,1,0,,,,,,,,,
2607,86.94000000000001,missing_tag,1,0,,,,,,,,,
2608,86.97333333333334,missing_tag,0,0,,,,,,,,,
2609,87.00666666666667,tracked,1,1,0.3346221895391457,0.2601557541654962,-0.3369109229957857,0.005032772397608687,-0.0827987602579775,0.2670043601877863,1.3743829174964792,-0.557303773282193,0.3469725256156983
2610,87.04,missing_tag,1,0,,,,,,,,,
2611,87.07333333333334,tracked,0,1,0.3237064332762102,0.26180194133219137,-0.3254572166851954,0.010321058314037207,-0.09956386801393574,0.32657904122089765,1.3260705412640437,-0.47648800673549957,0.3405024052060314
2612,87.10666666666667,missing_tag,1,0,,,,,,,,,
2613,87.14,tracked,1,1,0.3016518735726326,0.24514091417275258,-0.3409753402662944,0.0033108950411379345,-0.0894295121575926,0.26230749441176016,1.3748187883456489,-0.5536159660013961,0.35252344934831453
2614,87.17333333333333,tracked,1,1,0.32844203470554933,0.23829078103040402,-0.3364349592974755,0.006196958223156773,-0.08581474018612423,0.28132413278891716,1.3942429617385375,-0.5518379691889073,0.3472622262238229
2615,87.20666666666668,tracked,1,1,0.3271935986364218,0.23880300858133202,-0.3370808071407743,0.0047295810120783766,-0.08768424975654404,0.2773711642578092,1.39541249652749,-0.5512459910485188,0.34833083000876297
2616,87.24000000000001,tracked,1,1,0.36039971066112964,0.24415809246213505,-0.3397768322504181,0.003542801946566504,-0.0894572756856078,0.27118439126634103,1.3991379466789666,-0.5480949472053898,0.35137366343090115
2617,87.27333333333334,tracked,1,1,0.15688626908817896,0.21675492766433938,-0.33675144921699784,0.004807458448331553,-0.08783367391573293,0.28327213528370876,1.4098323877919048,-0.5418107117120634,0.3480508647884904
2618,87.30666666666667,missing_tag,1,0,,,,,,,,,
2619,87.34,tracked,1,1,0.3491684423806365,0.23845885378303744,-0.3352298384979556,0.005758366181589564,-0.0858139041790878,0.2960197744885944,1.4195460798859472,-0.5475186970726402,0.34608702597887764
2620,87.37333333333333,missing_tag,1,0,,,,,,,,,
2621,87.40666666666667,missing_tag,1,0,,,,,,,,,
2622,87.44000000000001,tracked,1,1,0.2917560619888672,0.24541313480988797,-0.3385486995187362,0.004476346707361023,-0.08900459231894592,0.2884418022230853,1.4192861258385425,-0.5420346840270671,0.3500815291893215
2623,87.47333333333334,missing_tag,1,0,,,,,,,,,
2624,87.50666666666667,tracked,1,1,0.28989677974421607,0.23761608247181037,-0.338447789357121,0.004774063203979884,-0.08890578396764387,0.28600180378572115,1.415481455613099,-0.5443148749544048,0.34996276405226184
2625,87.54,tracked,0,1,0.3095236591460567,0.23486774305577968,-0.3244744190557439,0.010139266030705335,-0.10254219019564642,0.3377571142797935,1.3631043527516054,-0.46849409809839593,0.34044287936058243
2626,87.57333333333334,tracked,1,1,0.3084836888320761,0.2546316911487948,-0.33767525745769034,0.004648814158281278,-0.08854052759607506,0.28547886325021765,1.412790022594348,-0.5487642969802515,0.3491212053129787
2627,87.60666666666667,tracked,1,1,0.2714411847228591,0.22622352362895665,-0.3369104686289193,0.005608951863205425,-0.08812148945112763,0.29048131219956547,1.4171330128078707,-0.5440378408663815,0.34828942148139813
2628,87.64,tracked,1,1,0.250404268140224,0.25676804464412495,-0.33983568746870746,0.004384063496365942,-0.0907788234409313,0.2847369857336334,1.407857859907083,-0.5447003698376937,0.3517787788872276
2629,87.67333333333333,tracked,1,1,0.25508211377304224,0.2564464590602076,-0.3384676944033001,0.005023362777004853,-0.08865372891764306,0.2861119449459721,1.4114313573077037,-0.5507839067402843,0.34992155975200795
2630,87.70666666666668,tracked,0,1,0.28201924000989087,0.19627208576130217,-0.3228018122083216,0.010517723267278706,-0.10188471396190607,0.3392475896458295,1.3547286508050467,-0.4676131072723367,0.3386622615627596
2631,87.74000000000001,tracked,1,1,0.3341837023658716,0.191949124281812,-0.3379141318185903,0.005246226914372681,-0.08896942370848732,0.2821424696366233,1.4111192461843793,-0.5527781152692609,0.3494696578167682
2632,87.77333333333334,missing_tag,1,0,,,,,,,,,
2633,87.80666666666667,missing_tag,1,0,,,,,,,,,
2634,87.84,missing_tag,1,0,,,,,,,,,
2635,87.87333333333333,missing_tag,0,0,,,,,,,,,
2636,87.90666666666667,missing_tag,0,0,,,,,,,,,
2637,87.94000000000001,missing_tag,0,0,,,,,,,,,
2638,87.97333333333334,missing_tag,1,0,,,,,,,,,
2639,88.00666666666667,missing_tag,0,0,,,,,,,,,
2640,88.04,missing_tag,1,0,,,,,,,,,
2641,88.07333333333334,missing_tag,0,0,,,,,,,,,
2642,88.10666666666667,missing_tag,0,0,,,,,,,,,
2643,88.14,missing_tag,0,0,,,,,,,,,
2644,88.17333333333333,missing_tag,0,0,,,,,,,,,
2645,88.20666666666668,missing_tag,0,0,,,,,,,,,
2646,88.24000000000001,missing_tag,0,0,,,,,,,,,
2647,88.27333333333334,tracked,0,1,0.3548040328514692,0.24694745818464625,-0.3210031753957091,0.012308706529130464,-0.10228890116885325,0.3502463563575493,1.348811818626164,-0.46753191279551226,0.3371313722762687
2648,88.30666666666667,tracked,0,1,0.37500796680965837,0.2525388940548839,-0.3212653823408276,0.012213414083591528,-0.10230346886378688,0.34514543442989853,1.3548680631605914,-0.4687649441251548,0.3373819988021578
2649,88.34,tracked,0,1,0.42480426017987893,0.21310769260043028,-0.3209969667642937,0.01176730026946568,-0.10226303582122259,0.3496095119521143,1.3525387209012527,-0.4641939493631634,0.3370982802134735
2650,88.37333333333333,tracked,0,1,0.4231001215354225,0.2122075964583851,-0.3220299455497419,0.01137110797914434,-0.10188507998875351,0.3485932315632776,1.356699171855281,-0.4663341476545856,0.3379543718488604
2651,88.40666666666667,missing_tag,0,0,,,,,,,,,
2652,88.44000000000001,missing_tag,0,0,,,,,,,,,
2653,88.47333333333334,missing_tag,0,0,,,,,,,,,
2654,88.50666666666667,missing_tag,1,0,,,,,,,,,
2655,88.54,missing_tag,0,0,,,,,,,,,
2656,88.575,tracked,1,1,0.41680174433650585,0.22667987591738858,-0.338051868780275,0.005552045922844001,-0.08883158534943114,0.299541660761557,1.4163782387751176,-0.546003621095649,0.34957251287173435
2657,88.60833333333333,missing_tag,0,0,,,,,,,,,
2658,88.64166666666667,missing_tag,0,0,,,,,,,,,
2659,88.67500000000001,missing_tag,1,0,,,,,,,,,
2660,88.70833333333334,missing_tag,1,0,,,,,,,,,
2661,88.74166666666667,missing_tag,1,0,,,,,,,,,
2662,88.775,tracked,1,1,0.30053626312165477,0.22972037335014178,-0.3391083952225056,0.0051618225427615405,-0.08814777713901267,0.29028949143350985,1.4206344177629855,-0.548732692709015,0.35041572273072313
2663,88.80833333333334,missing_tag,0,0,,,,,,,,,
2664,88.84166666666667,missing_tag,0,0,,,,,,,,,
2665,88.875,missing_tag,0,0,,,,,,,,,
2666,88.90833333333335,missing_tag,0,0,,,,,,,,,
2667,88.94166666666668,missing_tag,0,0,,,,,,,,,
2668,88.97500000000001,missing_tag,0,0,,,,,,,,,
2669,89.00833333333334,missing_tag,0,0,,,,,,,,,
2670,89.04166666666667,missing_tag,1,0,,,,,,,,,
2671,89.075,missing_tag,0,0,,,,,,,,,
2672,89.10833333333333,missing_tag,1,0,,,,,,,,,
2673,89.14166666666667,missing_tag,0,0,,,,,,,,,
2674,89.17500000000001,missing_tag,0,0,,,,,,,,,
2675,89.20833333333334,missing_tag,1,0,,,,,,,,,
2676,89.24166666666667,missing_tag,1,0,,,,,,,,,
2677,89.275,missing_tag,1,0,,,,,,,,,
2678,89.30833333333334,missing_tag,0,0,,,,,,,,,
2679,89.34166666666667,missing_tag,0,0,,,,,,,,,
2680,89.375,missing_tag,0,0,,,,,,,,,
2681,89.40833333333335,missing_tag,1,0,,,,,,,,,
2682,89.44166666666668,missing_tag,0,0,,,,,,,,,
2683,89.47500000000001,missing_tag,0,0,,,,,,,,,
2684,89.50833333333334,missing_tag,0,0,,,,,,,,,
2685,89.54166666666667,missing_tag,0,0,,,,,,,,,
2686,89.575,tracked,0,1,0.33299767308348005,0.230152156285641,-0.3240097924182409,0.011319262071050884,-0.10225468584641517,0.3331701657748652,1.3551502436103149,-0.4873836593639257,0.33995072003791044
2687,89.60833333333333,missing_tag,0,0,,,,,,,,,
2688,89.64166666666667,missing_tag,0,0,,,,,,,,,
2689,89.67500000000001,missing_tag,0,0,,,,,,,,,
2690,89.70833333333334,missing_tag,0,0,,,,,,,,,
2691,89.74166666666667,missing_tag,0,0,,,,,,,,,
2692,89.775,missing_tag,0,0,,,,,,,,,
2693,89.80833333333334,missing_tag,0,0,,,,,,,,,
2694,89.84166666666667,missing_tag,0,0,,,,,,,,,
2695,89.875,missing_tag,0,0,,,,,,,,,
2696,89.90833333333335,missing_tag,1,0,,,,,,,,,
2697,89.94166666666668,missing_tag,0,0,,,,,,,,,
2698,89.97500000000001,missing_tag,1,0,,,,,,,,,
2699,90.00833333333334,missing_tag,0,0,,,,,,,,,
2700,90.04166666666667,missing_tag,1,0,,,,,,,,,
2701,90.075,missing_tag,1,0,,,,,,,,,
2702,90.10833333333333,missing_tag,1,0,,,,,,,,,
2703,90.14166666666667,missing_tag,0,0,,,,,,,,,
2704,90.17500000000001,missing_tag,1,0,,,,,,,,,
2705,90.20833333333334,missing_tag,0,0,,,,,,,,,
2706,90.24166666666667,missing_tag,0,0,,,,,,,,,
2707,90.275,missing_tag,1,0,,,,,,,,,
2708,90.30833333333334,missing_tag,1,0,,,,,,,,,
2709,90.34166666666667,missing_tag,1,0,,,,,,,,,
2710,90.375,missing_tag,1,0,,,,,,,,,
2711,90.40833333333335,missing_tag,1,0,,,,,,,,,
2712,90.44166666666668,missing_tag,1,0,,,,,,,,,
2713,90.47500000000001,missing_tag,0,0,,,,,,,,,
2714,90.50833333333334,tracked,1,1,0.3422403939075265,0.28138468187126653,-0.32353607261848216,0.0077309294881283686,-0.09592358722109262,0.3136272321911377,1.329085419651951,-0.5452356237515993,0.3375450964560213
2715,90.54166666666667,missing_tag,0,0,,,,,,,,,
2716,90.575,missing_tag,0,0,,,,,,,,,
2717,90.60833333333333,missing_tag,0,0,,,,,,,,,
2718,90.64166666666667,missing_tag,1,0,,,,,,,,,
2719,90.67500000000001,missing_tag,1,0,,,,,,,,,
2720,90.70833333333334,missing_tag,1,0,,,,,,,,,
2721,90.74166666666667,missing_tag,1,0,,,,,,,,,
2722,90.775,missing_tag,1,0,,,,,,,,,
2723,90.80833333333334,missing_tag,1,0,,,,,,,,,
2724,90.84166666666667,missing_tag,0,0,,,,,,,,,
2725,90.875,missing_tag,0,0,,,,,,,,,
2726,90.90833333333335,missing_tag,0,0,,,,,,,,,
2727,90.94166666666668,missing_tag,0,0,,,,,,,,,
2728,90.97500000000001,missing_tag,1,0,,,,,,,,,
2729,91.00833333333334,missing_tag,1,0,,,,,,,,,
2730,91.04166666666667,missing_tag,0,0,,,,,,,,,
2731,91.075,missing_tag,0,0,,,,,,,,,
2732,91.10833333333333,missing_tag,0,0,,,,,,,,,
2733,91.14166666666667,missing_tag,1,0,,,,,,,,,
2734,91.17500000000001,missing_tag,0,0,,,,,,,,,
2735,91.20833333333334,missing_tag,0,0,,,,,,,,,
2736,91.24166666666667,missing_tag,1,0,,,,,,,,,
2737,91.275,missing_tag,1,0,,,,,,,,,
2738,91.30833333333334,missing_tag,1,0,,,,,,,,,
2739,91.34166666666667,missing_tag,1,0,,,,,,,,,
2740,91.375,missing_tag,0,0,,,,,,,,,
