time,object_x,object_y,object_z,object_rel_start_x,object_rel_start_y,object_rel_start_z,object_rel_goal_x,object_rel_goal_y,object_rel_goal_z,speed,phase,valid_measurement,valid_processed,goal_planar_distance,inside_goal_region,interpolated,outlier_rejected,rejection_reason,transport_progress,raw_object_x,raw_object_y,raw_object_z,goal_x,goal_y,goal_z
40.985,-0.3960999512034588,0.022178119644765258,-0.1002239650975897,-0.0034395271617138623,0.00130167569444219,-0.001534883766440412,-0.31262273085135855,-0.23301633005792596,-0.04068135302461315,0.07710385539882363,unclassified_motion,1,1,0.38990970995683766,0,0,0,,,-0.39907623981525386,0.02158629240547666,-0.11122441966021214,-0.08347722035210026,0.25519444970269123,-0.05954261207297655
41.01833333333334,-0.3940149533757927,0.021830877349184,-0.09876185449245872,-0.0013545293340477271,0.0009544333988609315,-7.277316130943623e-05,-0.3105377330236924,-0.23336357235350724,-0.03921924241948217,0.13717382559989427,unclassified_motion,1,1,0.38844850435171546,0,0,0,,,-0.39082450898267795,0.022184040416749002,-0.08712889166381961,-0.08347722035210026,0.25519444970269123,-0.05954261207297655
41.05166666666667,-0.39097095552251043,0.022094845049706883,-0.09265322790313131,0.001689468519234516,0.0012184010993838146,0.006035853428017976,-0.3074937351704102,-0.23309960465298435,-0.03311061583015476,0.032437353938983934,unclassified_motion,1,1,0.38585984872545104,0,0,0,,,-0.38837160534359166,0.023130001385573324,-0.0850622254042195,-0.08347722035210026,0.25519444970269123,-0.05954261207297655
41.085,-0.39210782160724483,0.020821903206203918,-0.09861630816983984,0.0005526024345001157,-5.454074411915047e-05,7.277316130945011e-05,-0.3086306012551446,-0.2343725464964873,-0.039073696096863286,0.18457141166958713,unclassified_motion,1,1,0.38753495143323546,0,0,0,,,-0.3966780662975078,0.019476848360384574,-0.11641817026601392,-0.08347722035210026,0.25519444970269123,-0.05954261207297655
41.11833333333335,-0.39364866601410764,0.019667402815593715,-0.10441522299437371,-0.0009882419723626912,-0.0012090411347293537,-0.005726141663224424,-0.3101714456620074,-0.23552704688709752,-0.04487261092139716,0.0680097651146889,unclassified_motion,1,1,0.38946028747411027,0,0,0,,,-0.38935109409253643,0.021377620404000947,-0.08630374384769487,-0.08347722035210026,0.25519444970269123,-0.05954261207297655
41.15166666666667,-0.3935455829462297,0.01902462919532039,-0.10252266996391533,-0.0008851589044847619,-0.0018518147550026787,-0.0038335886327660468,-0.31006836259412945,-0.23616982050737084,-0.04298005789093878,0.16189511367017084,unclassified_motion,1,1,0.3897673326489642,0,0,0,,,-0.39825006979159033,0.016940827426248094,-0.12072002400826733,-0.08347722035210026,0.25519444970269123,-0.05954261207297655
41.185,-0.39113192183313583,0.01939019515623046,-0.0939234086984504,0.0015285022086091171,-0.0014862487940926067,0.004765672632698892,-0.3076547014810356,-0.23580425454646076,-0.034380796625473845,0.18023029753433487,unclassified_motion,1,1,0.38762747813538345,0,0,0,,,-0.38894483181973616,0.020162860323947658,-0.08663922175138866,-0.08347722035210026,0.25519444970269123,-0.05954261207297655
41.218333333333334,-0.3896154031968699,0.02011785794828338,-0.09122102186259251,0.003045020844875068,-0.0007585860020396899,0.007468059468556776,-0.3061381828447696,-0.23507659175440784,-0.03167840978961596,0.1918178246058567,unclassified_motion,1,1,0.38598133502329635,0,0,0,,,-0.38935239120535525,0.020322221357698525,-0.08754112391844697,-0.08347722035210026,0.25519444970269123,-0.05954261207297655
41.25166666666667,-0.38636953494109433,0.02144242961228085,-0.08223421541332783,0.006290889100650621,0.0005659856619577817,0.016454865917821457,-0.30289231458899407,-0.23375202009041038,-0.02269160334035128,0.09778347155123034,unclassified_motion,1,1,0.382601308326861,0,0,0,,,-0.3872084819826715,0.020724334816403168,-0.08573766207753421,-0.08347722035210026,0.25519444970269123,-0.05954261207297655
41.28500000000001,-0.38676591991948495,0.02093098469444222,-0.08541453390261959,0.0058945041222600025,5.454074411915047e-05,0.013274547428529695,-0.3032886995673847,-0.23426346500824902,-0.02587192182964304,0.02326463867771475,stationary_pre_pickup,1,1,0.3832276168583711,0,0,0,,,-0.3853904129272883,0.022438192815460275,-0.08346886719809461,-0.08347722035210026,0.25519444970269123,-0.05954261207297655
41.318333333333335,-0.3851333097454619,0.021666969104617274,-0.08132489942799143,0.007527114296283055,0.0007905251542942061,0.01736418190315786,-0.30165608939336164,-0.23352748059807396,-0.021782287355014876,0.09733471545953833,unclassified_motion,1,1,0.38148588501093933,0,0,0,,,-0.38634120704461283,0.020242761674583405,-0.08568344860595349,-0.08347722035210026,0.25519444970269123,-0.05954261207297655
41.35166666666667,-0.38706907907431193,0.019222963849167,-0.09166734400168143,0.005591344967433021,-0.0016534801011560685,0.007021737329467856,-0.30359185872221167,-0.23597148585352423,-0.03212473192870488,0.265561590736319,unclassified_motion,1,1,0.38451340525179006,0,0,0,,,-0.3872569709607228,0.019338509019487766,-0.08741651030879267,-0.08347722035210026,0.25519444970269123,-0.05954261207297655
41.385000000000005,-0.3882190783528241,0.017349976717339337,-0.0982150438864428,0.00444134568892085,-0.0035264672329837314,0.00047403744470649045,-0.30474185800072384,-0.23784447298535188,-0.038672431813466246,0.07908328721216853,unclassified_motion,1,1,0.38657158890354726,0,0,0,,,-0.38444256460215,0.020987860277258553,-0.08534899085575924,-0.08347722035210026,0.25519444970269123,-0.05954261207297655
41.41833333333334,-0.38798256415842175,0.017770031886809583,-0.09665240452818698,0.004677859883323199,-0.0031064120635134855,0.002036676802962309,-0.3045053438063215,-0.23742441781588164,-0.03710979245521043,0.11360881683569876,unclassified_motion,1,1,0.3861267390142988,0,0,0,,,-0.39436080266470747,0.010922667050197512,-0.12772561412908853,-0.08347722035210026,0.25519444970269123,-0.05954261207297655
41.45166666666667,-0.38939802423432573,0.01506978012799521,-0.10534070675318438,0.003262399807419214,-0.005806663822327859,-0.006651625422035096,-0.3059208038822255,-0.24012466957469603,-0.04579809468020783,0.15762378557748682,unclassified_motion,1,1,0.3889053807628586,0,0,0,,,-0.3859437244278625,0.01885248198956475,-0.08760205236149275,-0.08347722035210026,0.25519444970269123,-0.05954261207297655
41.485,-0.38959177690017294,0.014109241327581424,-0.10637003874353804,0.003068647141572012,-0.006767202622741645,-0.00768095741238875,-0.3061145565480727,-0.2410852083751098,-0.04682742667056149,0.09927187938762184,unclassified_motion,1,1,0.38965138191451765,0,0,0,,,-0.3871389585605882,0.018270956328157832,-0.08934926475423424,-0.08347722035210026,0.25519444970269123,-0.05954261207297655
41.51833333333334,-0.38768617577931486,0.015333279475069055,-0.09895324048332951,0.004974248262430092,-0.005543164475254013,-0.0002641591521802267,-0.3042089554272146,-0.23986117022762218,-0.03941062841035296,0.09352702630978295,unclassified_motion,1,1,0.387397043800132,0,0,0,,,-0.3928574399904359,0.0073364630115464215,-0.1305077455461846,-0.08347722035210026,0.25519444970269123,-0.05954261207297655
41.55166666666667,-0.38775216691976366,0.014966237486518081,-0.10047442153575653,0.004908257121981285,-0.005910206463804987,-0.0017853402046072442,-0.3042749465676634,-0.24022821221617316,-0.04093180946277998,0.08296642561292263,unclassified_motion,1,1,0.38767620129862645,0,0,0,,,-0.3853161006411392,0.018479841668315063,-0.088122993300871,-0.08347722035210026,0.25519444970269123,-0.05954261207297655
41.585,-0.38630118912258626,0.016598535843005018,-0.09374997702323828,0.006359234919158685,-0.004277908107318051,0.004939104307911002,-0.302823968770486,-0.2385959138596862,-0.034207364950261734,0.26285393785461925,unclassified_motion,1,1,0.38552609013197414,0,0,0,,,-0.38574898112175776,0.017484051012791244,-0.08859033384488336,-0.08347722035210026,0.25519444970269123,-0.05954261207297655
41.620000000000005,-0.3843657252094221,0.019310823491508273,-0.08319603089909744,0.008294698832322867,-0.0015656204588147954,0.015493050432051847,-0.3008885048573218,-0.23588362621118295,-0.02365341882612089,0.09247030615239585,unclassified_motion,1,1,0.3823283634126713,0,0,0,,,-0.3848572174482929,0.018547350582536853,-0.08674414185616586,-0.08347722035210026,0.25519444970269123,-0.05954261207297655
41.653333333333336,-0.38481551466659686,0.018244906393243616,-0.08706206705522114,0.00784490937514809,-0.0026315375570794518,0.011627014275928146,-0.3013382943144966,-0.23694954330944762,-0.02751945498224459,0.04900830710127188,unclassified_motion,1,1,0.38334038881250954,0,0,0,,,-0.3849931652969361,0.01849373335301292,-0.08674365984842235,-0.08347722035210026,0.25519444970269123,-0.05954261207297655
41.68666666666667,-0.38416251378241145,0.018793848040501982,-0.08641568478125783,0.008497910259333497,-0.002082595909821086,0.012273396549891458,-0.3006852934303112,-0.23640060166218924,-0.02687307270828128,0.004757660595799584,stationary_pre_pickup,1,1,0.38248776470825496,0,0,0,,,-0.3842172014404143,0.01838107578680806,-0.08711923561718113,-0.08347722035210026,0.25519444970269123,-0.05954261207297655
41.720000000000006,-0.3847299985691007,0.018534372402655687,-0.08696460982131372,0.007930425472644276,-0.0023420715476673813,0.011724471509835563,-0.3012527782170004,-0.23666007730003555,-0.027421997748337174,0.024956716606998296,stationary_pre_pickup,1,1,0.3830942815693286,0,0,0,,,-0.38455843270083134,0.018402326556587405,-0.086961640799386,-0.08347722035210026,0.25519444970269123,-0.05954261207297655
41.75333333333334,-0.3853230737739796,0.018285765756806776,-0.08749416541224762,0.00733735026776533,-0.0025906781935162923,0.011194915918901663,-0.30184585342187936,-0.23690868394588446,-0.027951553339271074,0.03155875599991514,unclassified_motion,1,1,0.3837142735903288,0,0,0,,,-0.38426644636244156,0.019326084200119317,-0.08619310758669911,-0.08347722035210026,0.25519444970269123,-0.05954261207297655
41.78666666666667,-0.3861731161572461,0.01784019634215864,-0.0883291603873263,0.006487307884498861,-0.0030362476081644274,0.010359920943822987,-0.30269589580514583,-0.2373542533605326,-0.02878654831434975,0.02921019830041687,stationary_pre_pickup,1,1,0.38465809094001335,0,0,0,,,-0.3877596769459272,0.016975689529510053,-0.08953746658631645,-0.08347722035210026,0.25519444970269123,-0.05954261207297655
41.82,-0.38639669624409634,0.01753196465238045,-0.08893335868818839,0.0062637277976486105,-0.0033444792979426194,0.009755722642960901,-0.3029194758919961,-0.2376624850503108,-0.029390746615211835,0.0198409342318691,stationary_pre_pickup,1,1,0.3850242403732144,0,0,0,,,-0.3860125188019232,0.01757549642220093,-0.08885191708164007,-0.08347722035210026,0.25519444970269123,-0.05954261207297655
41.85333333333334,-0.38630235826352505,0.017266707667966712,-0.0895140735024992,0.006358065778219901,-0.003609736282356356,0.009175007828650092,-0.3028251379114248,-0.23792774203472453,-0.029971461429522644,0.01567192723483029,stationary_pre_pickup,1,1,0.38511384625953904,0,0,0,,,-0.38634603164860526,0.017215927472739145,-0.08969753108176365,-0.08347722035210026,0.25519444970269123,-0.05954261207297655
41.88666666666667,-0.38596884099218587,0.01739835180398319,-0.08987711945952097,0.00669158304955908,-0.00347809214633988,0.008811961871628318,-0.3024916206400856,-0.23779609789870804,-0.030334507386544418,0.013206837090640028,stationary_pre_pickup,1,1,0.38477027527255453,0,0,0,,,-0.38531754023649395,0.01784389888476212,-0.08892954519474155,-0.08347722035210026,0.25519444970269123,-0.05954261207297655
41.92,-0.3857471287804108,0.017623436930215654,-0.09009688297473703,0.0069132952613341625,-0.0032530070201074145,0.008592198356412256,-0.30226990842831053,-0.23757101277247558,-0.03055427090176048,0.014474417262074657,stationary_pre_pickup,1,1,0.3844568683883785,0,0,0,,,-0.3860131782248891,0.017356107705190922,-0.0906087749367772,-0.08347722035210026,0.25519444970269123,-0.05954261207297655
41.95333333333333,-0.38537512963331044,0.017928190182449094,-0.09042294739725376,0.007285294408434506,-0.002948253767873974,0.008266133933895525,-0.3018979092812102,-0.23726625952024213,-0.03088033532427721,0.01651570309333336,stationary_pre_pickup,1,1,0.38397607417011376,0,0,0,,,-0.3864193625121387,0.01738511321375758,-0.09141422853701797,-0.08347722035210026,0.25519444970269123,-0.05954261207297655
41.98666666666667,-0.38523909513017757,0.018157167164227977,-0.09091501381013588,0.007421328911567382,-0.0027192767860950914,0.007774067521013409,-0.3017618747780773,-0.23703728253846326,-0.03137240173715933,0.01312719981212422,stationary_pre_pickup,1,1,0.3837276408897322,0,0,0,,,-0.3839043350554255,0.018952282613061654,-0.08932432375391872,-0.08347722035210026,0.25519444970269123,-0.05954261207297655
42.02,-0.38503980022438433,0.01824648320649504,-0.09116599881176579,0.007620623817360617,-0.0026299607438280276,0.007523082519383495,-0.3015625798722841,-0.23694796649619618,-0.03162338673878924,0.012534608756972819,stationary_pre_pickup,1,1,0.3835157472724037,0,0,0,,,-0.38527501109282025,0.018064144202962994,-0.09182562741114324,-0.08347722035210026,0.25519444970269123,-0.05954261207297655
42.053333333333335,-0.3851363230829615,0.018073989207183346,-0.09174012866217975,0.007524100958783475,-0.0028024547431397227,0.006948952668969541,-0.3016591027308612,-0.2371204604955079,-0.032197516589203196,0.015001767791152554,stationary_pre_pickup,1,1,0.3836982239286364,0,0,0,,,-0.38532424282903655,0.018173207446042183,-0.09174337610754922,-0.08347722035210026,0.25519444970269123,-0.05954261207297655
42.086666666666666,-0.3850907502516248,0.017937904709454767,-0.092115956245162,0.007569673790120135,-0.0029385392408683014,0.006573125085987286,-0.30161352989952456,-0.23725654499323645,-0.03257334417218545,0.009461100773934214,stationary_pre_pickup,1,1,0.3837465173269707,0,0,0,,,-0.3854263859863953,0.01748058001357151,-0.09234573734852078,-0.08347722035210026,0.25519444970269123,-0.05954261207297655
42.120000000000005,-0.38494094620090813,0.017848599980047626,-0.09229588092977488,0.007719477840836819,-0.003027843970275442,0.006393200401374408,-0.3014637258488079,-0.2373458497226436,-0.03275326885679833,0.008655920254578708,stationary_pre_pickup,1,1,0.38368402414383757,0,0,0,,,-0.38498581464513293,0.017955333355286617,-0.09238098189139521,-0.08347722035210026,0.25519444970269123,-0.05954261207297655
42.153333333333336,-0.3849123067132954,0.017724852305157534,-0.0926216897507435,0.007748117328449544,-0.0031515916451655343,0.006067391580405784,-0.30143508636119515,-0.2374695973975337,-0.03307907767776695,0.0044626359303270476,stationary_pre_pickup,1,1,0.38373808903694706,0,0,0,,,-0.3837235108068759,0.018439822774091064,-0.091488289633479,-0.08347722035210026,0.25519444970269123,-0.05954261207297655
42.18666666666667,-0.38479314554863064,0.017924784575970586,-0.09254258422629824,0.007867278493114305,-0.002951659374352482,0.006146497104851045,-0.3013159251965304,-0.23726966512672065,-0.03299997215332169,0.0044172698350834335,stationary_pre_pickup,1,1,0.3835207696675465,0,0,0,,,-0.38606309352694973,0.017023320854731114,-0.09401216595546918,-0.08347722035210026,0.25519444970269123,-0.05954261207297655
42.220000000000006,-0.38497942335749175,0.01783033365719724,-0.09288831730534004,0.007681000684253203,-0.003046110293125827,0.0058007640258092436,-0.3015022030053915,-0.23736411604549398,-0.03334570523236349,0.017634124289511183,stationary_pre_pickup,1,1,0.38372555557737226,0,0,0,,,-0.38482609996940265,0.017925223564187513,-0.09253645348663128,-0.08347722035210026,0.25519444970269123,-0.05954261207297655
42.25333333333334,-0.38538282188247225,0.017580385207387823,-0.09349951982405923,0.0072776021592727,-0.0032960587429352456,0.00518956150709006,-0.301905601530372,-0.2376140644953034,-0.03395690775108268,0.008863806566037098,stationary_pre_pickup,1,1,0.38419713153717583,0,0,0,,,-0.38465427795537427,0.018299891055814206,-0.09244062502014187,-0.08347722035210026,0.25519444970269123,-0.05954261207297655
42.28666666666667,-0.3851212863392409,0.017795740024708687,-0.09346091239677405,0.0075391377025040285,-0.003080703925614381,0.005228168934375235,-0.30164406598714066,-0.23739870967798254,-0.0339183003237975,0.003975939172671873,stationary_pre_pickup,1,1,0.3838584242947203,0,0,0,,,-0.3855753843269026,0.01736878056178315,-0.09430634884712605,-0.08347722035210026,0.25519444970269123,-0.05954261207297655
42.32,-0.385309984182431,0.017759771017262463,-0.09368055459610478,0.00735043985931394,-0.0031166729330606054,0.005008526735044511,-0.30183276383033075,-0.23743467868542878,-0.034137942523128226,0.01039823311459548,stationary_pre_pickup,1,1,0.38402896240245865,0,0,0,,,-0.3857220471417534,0.01724698645424587,-0.09421960425348463,-0.08347722035210026,0.25519444970269123,-0.05954261207297655
42.35333333333334,-0.38562106554578407,0.017652647912764233,-0.09391948973861831,0.007039358495960879,-0.0032237960375588355,0.004769591592530972,-0.3021438451936838,-0.237541801789927,-0.034376877665641764,0.0029278707801948718,stationary_pre_pickup,1,1,0.3843397075323206,0,0,0,,,-0.384928996162945,0.018303224585063966,-0.09318500209909795,-0.08347722035210026,0.25519444970269123,-0.05954261207297655
42.38666666666667,-0.38549976128663355,0.017788368903088193,-0.09371614235467782,0.007160662755111402,-0.003088075047234875,0.004972938976471469,-0.3020225409345333,-0.23740608079960304,-0.03417353028170127,0.008779121170023208,stationary_pre_pickup,1,1,0.38416046443274127,0,0,0,,,-0.3854388645450828,0.01789544560612611,-0.0932833460428173,-0.08347722035210026,0.25519444970269123,-0.05954261207297655
42.42,-0.38516469964025535,0.01783474650414132,-0.093601501075242,0.007495724401489601,-0.0030416974461817473,0.00508758025590729,-0.3016874792881551,-0.2373597031985499,-0.03405888900226545,0.008020497776096524,stationary_pre_pickup,1,1,0.3838684199849536,0,0,0,,,-0.3860990863314363,0.017270653777868978,-0.09464634757457535,-0.08347722035210026,0.25519444970269123,-0.05954261207297655
42.45333333333333,-0.38502377100626584,0.017546466201488118,-0.09374478266551023,0.007636653035479113,-0.0033299777488349502,0.0049442986656390575,-0.3015465506541656,-0.2376479835012031,-0.03420217059253368,0.008505340653953572,stationary_pre_pickup,1,1,0.3839360445095164,0,0,0,,,-0.3845704614322173,0.01779503959847938,-0.09349013559266649,-0.08347722035210026,0.25519444970269123,-0.05954261207297655
42.48666666666667,-0.38483452785629674,0.01746037330183269,-0.09387047329021118,0.007825896185448211,-0.0034160706484903797,0.004818608040938102,-0.3013573075041965,-0.23773407640085853,-0.034327861217234634,0.00490179420683701,stationary_pre_pickup,1,1,0.3838407454509592,0,0,0,,,-0.3842361584153343,0.017772079745118963,-0.0932245263688636,-0.08347722035210026,0.25519444970269123,-0.05954261207297655
42.52,-0.3847238798406327,0.017517048277944064,-0.09387123086693558,0.007936544201112228,-0.0033593956723790043,0.004817850464213708,-0.30124665948853246,-0.23767740142474716,-0.03432861879395903,0.007221045204811086,stationary_pre_pickup,1,1,0.38371877332366766,0,0,0,,,-0.38517111859491,0.017119875583902572,-0.09416158857588137,-0.08347722035210026,0.25519444970269123,-0.05954261207297655
42.553333333333335,-0.3851338385437823,0.01744142708045126,-0.09424704070065384,0.007526585497962646,-0.003435016869871809,0.004442040630495442,-0.30165661819168205,-0.23775302262223996,-0.034704428627677295,0.0033968322796646107,stationary_pre_pickup,1,1,0.3840875096444215,0,0,0,,,-0.38523873223432553,0.01739270124799552,-0.09449027824574198,-0.08347722035210026,0.25519444970269123,-0.05954261207297655
42.586666666666666,-0.38494211531603206,0.01752423654609386,-0.09393126163326136,0.007718308725712886,-0.0033522074042292085,0.0047578196978879245,-0.3014648949639318,-0.23767021315659737,-0.03438864956028481,0.013367297210551214,stationary_pre_pickup,1,1,0.38388567714557525,0,0,0,,,-0.38485661534749643,0.017712691918489558,-0.09402263793710743,-0.08347722035210026,0.25519444970269123,-0.05954261207297655
42.620000000000005,-0.3845857562700528,0.01747820069521884,-0.093545323197275,0.008074667771692134,-0.003398243255104228,0.005143758133874285,-0.30110853591795256,-0.2377162490074724,-0.03400271112429845,0.011207103766816112,stationary_pre_pickup,1,1,0.3836344163977413,0,0,0,,,-0.3849643775426537,0.017475844102174197,-0.09368486247666334,-0.08347722035210026,0.25519444970269123,-0.05954261207297655
42.653333333333336,-0.3845964237688212,0.017052619251015533,-0.09346618848200956,0.008064000272923755,-0.0038238246993075355,0.005222892849139724,-0.30111920341672094,-0.2381418304516757,-0.03392357640903301,0.011686306795356243,stationary_pre_pickup,1,1,0.38390663718825596,0,0,0,,,-0.3837438024424083,0.017314018702882857,-0.09254867371782115,-0.08347722035210026,0.25519444970269123,-0.05954261207297655
42.68666666666667,-0.384586837945685,0.016723349251222454,-0.09373813104862405,0.00807358609605996,-0.004153094699100614,0.004950950282525235,-0.30110961759358473,-0.23847110045146877,-0.0341955189756475,0.00810834999061388,stationary_pre_pickup,1,1,0.38410345944535484,0,0,0,,,-0.38485149536948243,0.016474335716296466,-0.09416727486953784,-0.08347722035210026,0.25519444970269123,-0.05954261207297655
42.720000000000006,-0.38417320706671754,0.016862853403044487,-0.09374381783061245,0.008487216975027412,-0.004013590547278581,0.0049452635005368395,-0.3006959867146173,-0.23833159629964673,-0.0342012057576359,0.005806429565428466,stationary_pre_pickup,1,1,0.38369261945079824,0,0,0,,,-0.3849903567442496,0.01640515878446429,-0.09420980115875789,-0.08347722035210026,0.25519444970269123,-0.05954261207297655
42.75333333333334,-0.384403749394444,0.01682378627065916,-0.09406406626026924,0.008256674647300954,-0.00405265767966391,0.004625015070880048,-0.30092652904234374,-0.23837066343203206,-0.03452145418729269,0.005239151538825222,stationary_pre_pickup,1,1,0.3838975762706762,0,0,0,,,-0.38382020361550817,0.017181177586274174,-0.09394017138793319,-0.08347722035210026,0.25519444970269123,-0.05954261207297655
42.78666666666667,-0.3839310083975976,0.01699728510301491,-0.09353106871954306,0.008729415644147365,-0.0038791588473081583,0.0051580126116062275,-0.3004537880454973,-0.23819716459967633,-0.03398845664656651,0.008050954463085984,stationary_pre_pickup,1,1,0.38341931090415093,0,0,0,,,-0.3833411693132164,0.017495380945426457,-0.09302542352235407,-0.08347722035210026,0.25519444970269123,-0.05954261207297655
42.82,-0.38413250536735993,0.016765837439085204,-0.09360455780225485,0.008527918674385015,-0.004110606511237864,0.005084523528894436,-0.3006552850152597,-0.238428612263606,-0.0340619457292783,0.020607837107854327,transport,1,1,0.3837209970193917,0,0,0,,0.0,-0.38532575145009457,0.016062890291659415,-0.09442283899023465,-0.08347722035210026,0.25519444970269123,-0.05954261207297655
42.85333333333334,-0.38480616853822436,0.016224233301650376,-0.09425492327649225,0.00785425550352059,-0.004652210648672692,0.004434158054657036,-0.3013289481861241,-0.23897021640104085,-0.0347123112035157,0.04121478240230371,transport,1,1,0.3845853602800244,0,0,0,,0.016949152542375515,-0.3836479899719711,0.016677805208761484,-0.09316007524011215,-0.08347722035210026,0.25519444970269123,-0.05954261207297655
42.88666666666667,-0.385829828992765,0.01556618198368172,-0.09540164202180591,0.006830595048979926,-0.005310261966641349,0.0032874393093433735,-0.30235260864066477,-0.2396282677190095,-0.03585902994882936,0.014121207206500824,transport,1,1,0.38579632792683277,0,0,0,,0.033898305084747414,-0.3859623943231385,0.015644653634678665,-0.0954893316363078,-0.08347722035210026,0.25519444970269123,-0.05954261207297655
42.92,-0.3851740146756815,0.0159704349221417,-0.09508349769708906,0.007486409366063429,-0.00490600902818137,0.0036055836340602304,-0.30169679432358126,-0.23922401478054953,-0.035540885624112506,0.011273961813973192,transport,1,1,0.3850312778890176,0,0,0,,0.05084745762711932,-0.3858998417373327,0.015531969419942344,-0.0961230292071472,-0.08347722035210026,0.25519444970269123,-0.05954261207297655
42.95333333333333,-0.385259281630923,0.016050439008000277,-0.09533185967768769,0.007401142410821959,-0.004826004942322791,0.003357221653461598,-0.30178206127882273,-0.23914401069469096,-0.03578924760471114,0.006649173154770768,transport,1,1,0.38504840002373414,0,0,0,,0.06779661016949122,-0.3862089455305588,0.015500348304129252,-0.09590258852316982,-0.08347722035210026,0.25519444970269123,-0.05954261207297655
42.98666666666667,-0.3849776660794236,0.016279541128310277,-0.0953332899183419,0.007682757962321374,-0.004596902822012791,0.0033557914128073824,-0.3015004457273233,-0.23891490857438094,-0.035790677845365354,0.006548085722000678,transport,1,1,0.3846853939427379,0,0,0,,0.08474576271186673,-0.38225954699262554,0.017790177727085396,-0.09280745058764546,-0.08347722035210026,0.25519444970269123,-0.05954261207297655
43.02,-0.38524448170001535,0.01632480135472123,-0.09567108321061561,0.007415942341729598,-0.004551642595601837,0.0030179981205336742,-0.3017672613479151,-0.23886964834797,-0.03612847113763906,0.00811395397750191,transport,1,1,0.384866455960121,0,0,0,,0.10169491525423864,-0.38637186554390013,0.01574641621584487,-0.09675808663541431,-0.08347722035210026,0.25519444970269123,-0.05954261207297655
43.053333333333335,-0.38488775103848133,0.016752682046432155,-0.09557957940001849,0.007772673003263619,-0.004123761903890914,0.003109501931130798,-0.3014105306863811,-0.23844176765625907,-0.03603696732704194,0.008449787754182207,transport,1,1,0.38432119974272466,0,0,0,,0.11864406779661053,-0.38584041825072596,0.016096850488556427,-0.0966770247672225,-0.08347722035210026,0.25519444970269123,-0.05954261207297655
43.086666666666666,-0.3850009262905326,0.016832380908619066,-0.09569037729266192,0.00765949775121233,-0.004044063041704002,0.002998704038487371,-0.30152370593843236,-0.23836206879407215,-0.036147765219685365,0.02261012038910501,transport,1,1,0.38436053528248215,0,0,0,,0.13559322033898244,-0.3850333495225689,0.016869309985533147,-0.09551930771516765,-0.08347722035210026,0.25519444970269123,-0.05954261207297655
43.120000000000005,-0.3837625540839721,0.017456067519647317,-0.09486455585983856,0.008897869957772864,-0.0034203764306757513,0.003824525471310722,-0.30028533373187183,-0.2377383821830439,-0.035321943786862015,0.028015313956878795,transport,1,1,0.38300237599455267,0,0,0,,0.15254237288135794,-0.3824979681259015,0.018385645192360987,-0.09357017072744862,-0.08347722035210026,0.25519444970269123,-0.05954261207297655
43.153333333333336,-0.3835977189987194,0.017562546924121247,-0.09469733960633538,0.009062705043025532,-0.0033138970262018216,0.00399174172481391,-0.30012049864661916,-0.23763190277857,-0.035154727533358826,0.010060840788257105,transport,1,1,0.38280704659927445,0,0,0,,0.16949152542372986,-0.3842630503201242,0.017046379901584342,-0.09528002948630099,-0.08347722035210026,0.25519444970269123,-0.05954261207297655
43.18666666666667,-0.38421337331647326,0.017199804804845353,-0.09528995027292292,0.008447050725271688,-0.0036766391454777156,0.003399131058226368,-0.300736152964373,-0.2379946448978459,-0.03574733819994637,0.031538088138339936,transport,1,1,0.38351490805425353,0,0,0,,0.18644067796610175,-0.3838149832116919,0.01714908890067639,-0.09555992550907737,-0.08347722035210026,0.25519444970269123,-0.05954261207297655
43.220000000000006,-0.38509458413763176,0.016685563332531468,-0.09588518036262825,0.007565839904113192,-0.0041908806177916,0.002803900968521039,-0.3016173637855315,-0.23850888637015977,-0.0363425682896517,0.01578359653816068,transport,1,1,0.3845250616207836,0,0,0,,0.20338983050847728,-0.38523650673675336,0.016930611746323616,-0.0954131114012061,-0.08347722035210026,0.25519444970269123,-0.05954261207297655
43.25333333333334,-0.3851002791120872,0.01675402943056987,-0.09563907912779651,0.0075601449296577306,-0.004122414519753197,0.003050002203352775,-0.30162305875998696,-0.23844042027212137,-0.03609646705481996,0.007167945433189508,transport,1,1,0.384487065576043,0,0,0,,0.22033898305084917,-0.3856478467849181,0.01646282134061301,-0.09626992995244799,-0.08347722035210026,0.25519444970269123,-0.05954261207297655
43.28666666666667,-0.3850924482893193,0.01679110654073124,-0.09541912334495278,0.007567975752425626,-0.004085337409591827,0.0032699579861965034,-0.30161522793721907,-0.23840334316196,-0.03587651127197623,0.014473415185781916,transport,1,1,0.3844579297587967,0,0,0,,0.23728813559322107,-0.3847960654322439,0.01675822545914334,-0.09523552738327794,-0.08347722035210026,0.25519444970269123,-0.05954261207297655
43.32,-0.3843868717486697,0.01708533077727179,-0.09508023169790605,0.008273552293075248,-0.003791113173051277,0.003608849633243233,-0.30090965139656944,-0.23810911892541944,-0.0355376196249295,0.01753562319217482,transport,1,1,0.3837219967880972,0,0,0,,0.254237288135593,-0.38431383562598453,0.017215719693150774,-0.09484422705812101,-0.08347722035210026,0.25519444970269123,-0.05954261207297655
43.35333333333334,-0.38416534633180593,0.017276516568535398,-0.09489805021966691,0.008495077709939014,-0.00359992738178767,0.003791031111482379,-0.3006881259797057,-0.23791793313415582,-0.03535543814669036,0.006576369562701341,transport,1,1,0.38342964414872255,0,0,0,,0.2711864406779685,-0.3842424275136783,0.017269910276719223,-0.09500653970965274,-0.08347722035210026,0.25519444970269123,-0.05954261207297655
43.38666666666667,-0.3840440149527667,0.017358524740647367,-0.09508574882189227,0.00861640908897826,-0.0035179192096757017,0.0036033325092570123,-0.30056679460066643,-0.23783592496204387,-0.035543136748915724,0.005509445192344203,transport,1,1,0.38328360937962136,0,0,0,,0.2881355932203404,-0.3836039873716632,0.017534487664502912,-0.09483557290838603,-0.08347722035210026,0.25519444970269123,-0.05954261207297655
43.42,-0.38414747513540526,0.01727225001273467,-0.09526488672649325,0.00851294890633969,-0.003604193937588398,0.003424194604656039,-0.300670254783305,-0.23792219968995656,-0.0357222746535167,0.004653493114826675,transport,1,1,0.3834182771031724,0,0,0,,0.3050847457627123,-0.38479299466579797,0.01700880473361175,-0.09558370604424664,-0.08347722035210026,0.25519444970269123,-0.05954261207297655
43.45333333333333,-0.38415623198746085,0.0172946061016233,-0.09536782360101954,0.008504192054284099,-0.0035818378486997676,0.0033212577301297425,-0.3006790116353606,-0.23789984360106792,-0.035825211528042994,0.0010702632389833352,transport,1,1,0.38341127216532106,0,0,0,,0.3220338983050842,-0.3836015721690002,0.01747960802037643,-0.09509168176564206,-0.08347722035210026,0.25519444970269123,-0.05954261207297655
43.48666666666667,-0.3841017626083762,0.01729194284987399,-0.09521376427070641,0.008558661433368753,-0.00358450110044908,0.0034753170604428785,-0.30062454225627594,-0.23790250685281725,-0.03567115219772986,0.024524891725996506,transport,1,1,0.38337021033675817,0,0,0,,0.3389830508474597,-0.3843351115954308,0.01722710819110318,-0.09496321566354655,-0.08347722035210026,0.25519444970269123,-0.05954261207297655
43.52,-0.38344807566458095,0.017510476423527613,-0.09391004583235771,0.009212348377164004,-0.0033659675267954554,0.004779035498791578,-0.2999708553124807,-0.23768397327916363,-0.03436743375938116,0.0557657758829966,transport,1,1,0.3827220730382184,0,0,0,,0.3559322033898316,-0.3833961440682052,0.017744286497147998,-0.0941538305504457,-0.08347722035210026,0.25519444970269123,-0.05954261207297655
43.553333333333335,-0.38308312752944856,0.01781441600617484,-0.09167669847818545,0.009577296512296385,-0.0030620279441482268,0.007012382852963836,-0.2996059071773483,-0.2373800336965164,-0.0321340864052089,0.13649041581059404,transport,1,1,0.38224727600510267,0,0,0,,0.3728813559322035,-0.3826071551529724,0.017941253744174636,-0.091577068971017,-0.08347722035210026,0.25519444970269123,-0.05954261207297655
43.586666666666666,-0.3800089459006422,0.019771740473672555,-0.08579478595025436,0.012651478141102734,-0.0011047034766505127,0.012894295380894927,-0.29653172554854196,-0.23542270922901867,-0.02625217387727781,0.23231710497234645,transport,1,1,0.37862239273123677,0,0,0,,0.3898305084745754,-0.3805937692641654,0.019291762349934204,-0.0862688565427684,-0.08347722035210026,0.25519444970269123,-0.05954261207297655
43.620000000000005,-0.3764577302285365,0.02264064166125455,-0.07853577681555092,0.016202693813208435,0.0017641977109314824,0.020153304515598366,-0.29298050987643626,-0.2325538080414367,-0.01899316474257437,0.29507982816032985,transport,1,1,0.37405728545508904,0,0,0,,0.40677966101695096,-0.37800852748977687,0.0218983369206659,-0.07956088100886215,-0.08347722035210026,0.25519444970269123,-0.05954261207297655
43.653333333333336,-0.37183923421709575,0.026557819045865325,-0.06923603956364949,0.0208211898246492,0.005681375095542257,0.0294530417674998,-0.2883620138649955,-0.2286366306568259,-0.009693427490672937,0.3708056813986536,transport,1,1,0.3680045650781817,0,0,0,,0.42372881355932285,-0.36863583043211506,0.02805972622829967,-0.0658769319002247,-0.08347722035210026,0.25519444970269123,-0.05954261207297655
43.68666666666667,-0.36615345786632025,0.031523272627505414,-0.057895574194548875,0.026506966175424695,0.010646828677182345,0.04079350713660041,-0.28267623751422,-0.2236711770751858,0.0016470378784276749,0.40869419263457424,transport,1,1,0.3604644929939631,0,0,0,,0.44067796610169474,-0.3675441585511359,0.030915576142795366,-0.0595925233741208,-0.08347722035210026,0.25519444970269123,-0.05954261207297655
43.720000000000006,,,,,,,,,,,invalid,0,0,,,0,0,,,,,,-0.08347722035210026,0.25519444970269123,-0.05954261207297655
43.75333333333334,,,,,,,,,,,invalid,0,0,,,0,0,,,,,,-0.08347722035210026,0.25519444970269123,-0.05954261207297655
43.78666666666667,,,,,,,,,,,invalid,0,0,,,0,0,,,,,,-0.08347722035210026,0.25519444970269123,-0.05954261207297655
43.82,,,,,,,,,,,invalid,0,0,,,0,0,,,,,,-0.08347722035210026,0.25519444970269123,-0.05954261207297655
43.85333333333334,-0.35131209185147316,0.05442931522804841,-0.002329829931345862,0.041348332190271786,0.03355287127772534,0.09635925139980342,-0.2678348714993729,-0.2007651344746428,0.05721278214163069,0.3081406756270281,transport,1,1,0.3347269896672615,0,0,0,,0.5254237288135615,-0.35291384992103664,0.05357385838145782,-0.0030807080072493367,-0.08347722035210026,0.25519444970269123,-0.05954261207297655
43.88666666666667,-0.35201276630527106,0.058111513625401665,0.007233183263072767,0.040647657736473886,0.0372350696750786,0.10592226459422205,-0.2685355459531708,-0.19708293607728955,0.06677579533604931,0.2767676881996633,transport,1,1,0.3330961169590731,0,0,0,,0.5423728813559333,-0.3502145103906098,0.059118078004267535,0.007910906419809498,-0.08347722035210026,0.25519444970269123,-0.05954261207297655
43.92,-0.35249419849564323,0.06117732022114843,0.014802393125122413,0.04016622554610172,0.04030087627082536,0.1134914744562717,-0.269016978143543,-0.1940171294815428,0.07434500519809896,0.21411236701013897,transport,1,1,0.3316817466514267,0,0,0,,0.5593220338983053,-0.35127167344730936,0.06175455558964958,0.01556231906944486,-0.08347722035210026,0.25519444970269123,-0.05954261207297655
43.95333333333333,-0.35275638842258866,0.06362673501528851,0.020377799654803075,0.039904035619156286,0.042750291064965446,0.11906688098595236,-0.2692791680704884,-0.19156771468740272,0.07992041172777962,0.1396955630397923,transport,1,1,0.33046854565493594,0,0,0,,0.5762711864406772,-0.35274958109659177,0.0635293259396627,0.02049039925488934,-0.08347722035210026,0.25519444970269123,-0.05954261207297655
43.98666666666667,-0.3537058391078369,0.06482227354654724,0.023286431693471298,0.038954584933908076,0.04394582959622417,0.12197551302462059,-0.2702286187557366,-0.190372176156144,0.08282904376644784,0.07923629937118244,transport,1,1,0.33055267636045416,0,0,0,,0.5932203389830527,-0.35411109645726735,0.06505478193389254,0.023547987957106397,-0.08347722035210026,0.25519444970269123,-0.05954261207297655
44.02,-0.35319095220470414,0.06625112305075313,0.024941537418095197,0.039469471837040804,0.04537467910043007,0.12363061874924448,-0.2697137318526039,-0.18894332665193808,0.08448414949107175,0.06698869008974044,transport,1,1,0.3293100026360561,0,0,0,,0.6101694915254245,-0.3542907740711364,0.06556954628469557,0.024109182601263757,-0.08347722035210026,0.25519444970269123,-0.05954261207297655
44.053333333333335,-0.35164658878930233,0.06788728618064195,0.02579831578279208,0.04101383525244262,0.047010842230318886,0.12448739711394137,-0.26816936843720207,-0.1873071635220493,0.08534092785576863,0.08167257401173596,transport,1,1,0.327106685463143,0,0,0,,0.6271186440677965,-0.35067384188620276,0.06815751375090222,0.026191263635191444,-0.08347722035210026,0.25519444970269123,-0.05954261207297655
44.086666666666666,-0.34947869846610974,0.06999643640316089,0.026297289545603158,0.04318172557563521,0.049119992452837824,0.12498637087675245,-0.2660014781140095,-0.18519801329953034,0.08583990161857971,0.09345905712705133,transport,1,1,0.32412203024313374,0,0,0,,0.6440677966101684,-0.3493023550809925,0.07010450720951403,0.02642863827403092,-0.08347722035210026,0.25519444970269123,-0.05954261207297655
44.120000000000005,-0.3474730983519416,0.07240818394174589,0.026780092142779544,0.045187325689803326,0.051531739991422826,0.12546917347392883,-0.26399587799984137,-0.18278626576094534,0.0863227042157561,0.09622260522218688,transport,1,1,0.32109911639825184,0,0,0,,0.6610169491525439,-0.34767375694905905,0.07218970115202678,0.026529988215252466,-0.08347722035210026,0.25519444970269123,-0.05954261207297655
44.153333333333336,-0.34557500928378504,0.07498268821371404,0.0273213404924605,0.04708541475795991,0.054106244263390973,0.12601042182360978,-0.2620977889316848,-0.1802117614889772,0.08686395256543705,0.09153429540257833,transport,1,1,0.31807472383362684,0,0,0,,0.6779661016949158,-0.34577635078331975,0.07509435240326198,0.027027134633385755,-0.08347722035210026,0.25519444970269123,-0.05954261207297655
44.18666666666667,-0.34414351919256175,0.07746122509109522,0.02756658854197114,0.048516904849183196,0.05658478114077216,0.12625566987312042,-0.2606662988404615,-0.17773322461159602,0.08710920061494769,0.09256296416190322,transport,1,1,0.3154932938780487,0,0,0,,0.6949152542372877,-0.3440642962195244,0.07738590380693909,0.027698937176474297,-0.08347722035210026,0.25519444970269123,-0.05954261207297655
44.220000000000006,-0.3424167103953514,0.0802432054115653,0.027978358660603192,0.05024371364639357,0.05936676146124223,0.12666743999175248,-0.2589394900432511,-0.17495124429112593,0.08752097073357974,0.09812931178650863,transport,1,1,0.3125021558051595,0,0,0,,0.7118644067796632,-0.34144316730670915,0.08072018153415841,0.028757428592683616,-0.08347722035210026,0.25519444970269123,-0.05954261207297655
44.25333333333334,-0.34075985761934696,0.08304389472045444,0.02799296614902984,0.05190056642239799,0.062167450770131374,0.12668204748017914,-0.2572826372672467,-0.1721505549822368,0.08753557822200639,0.1018334907878408,transport,1,1,0.3095644828139717,0,0,0,,0.7288135593220352,-0.34233823146297726,0.08231834140892352,0.026995508886075405,-0.08347722035210026,0.25519444970269123,-0.05954261207297655
44.28666666666667,-0.3390261280236081,0.0861247957718712,0.027979299538691573,0.05363429601813685,0.06524835182154813,0.12666838086984086,-0.25554890767150784,-0.16906965393082002,0.08752191161166813,0.10872270659428863,transport,1,1,0.30641441234443934,0,0,0,,0.745762711864407,-0.33809226705358714,0.08660895831195695,0.028710397483131676,-0.08347722035210026,0.25519444970269123,-0.05954261207297655
44.32,-0.3372463227316159,0.08937921855003186,0.028227197343277263,0.05541410131012903,0.0685027745997088,0.12691627867442656,-0.25376910237951567,-0.16581523115265936,0.08776980941625381,0.13544666434527974,transport,1,1,0.3031393214426577,0,0,0,,0.762711864406779,-0.3370123792760968,0.08944497911651014,0.02803788228523222,-0.08347722035210026,0.25519444970269123,-0.05954261207297655
44.35333333333334,-0.3341214034347468,0.09347585407387368,0.02983469773561929,0.05853902060699817,0.07259941012355062,0.12852377906676857,-0.2506441830826465,-0.16171859562881755,0.08937730980859585,0.17282623536604605,transport,1,1,0.29828746317155913,0,0,0,,0.7796610169491545,-0.3346502706582771,0.0932926918867194,0.029539709323070415,-0.08347722035210026,0.25519444970269123,-0.05954261207297655
44.38666666666667,-0.3308973827915303,0.09812573478459422,0.03221970482317822,0.061763041250214645,0.07724929083427115,0.1309087861543275,-0.24742016243943005,-0.157068714918097,0.09176231689615477,0.19204781298408652,transport,1,1,0.29306538176245994,0,0,0,,0.7966101694915263,-0.33167628338484645,0.09774436638787959,0.03155068924577917,-0.08347722035210026,0.25519444970269123,-0.05954261207297655
44.42,-0.3276842694972407,0.10338610961458139,0.034761334801102994,0.06497615454450423,0.08250966566425832,0.13345041613225228,-0.24420704914514046,-0.15180834008810984,0.09430394687407954,0.21527637280099293,transport,1,1,0.28754626579471393,0,0,0,,0.8135593220338982,-0.3262631568849931,0.10365446288952326,0.035559204917604725,-0.08347722035210026,0.25519444970269123,-0.05954261207297655
44.45333333333333,-0.3235483334972676,0.10922836933798218,0.0375765643037734,0.06911209054447737,0.08835192538765911,0.1362656456349227,-0.24007111314516733,-0.14596608036470904,0.09711917637674995,0.23510824837510746,transport,1,1,0.2809630509227084,0,0,0,,0.8305084745762702,-0.3232621036668496,0.10967278073431302,0.03829926571480804,-0.08347722035210026,0.25519444970269123,-0.05954261207297655
44.48666666666667,-0.31911774328657916,0.11543787938194944,0.03996134340759493,0.07354268075516579,0.09456143543162637,0.13865042473874423,-0.2356405229344789,-0.1397565703207418,0.09950395548057148,0.22814796274000668,transport,1,1,0.2739677991966412,0,0,0,,0.8474576271186457,-0.32150421252653516,0.11469421291234695,0.038212578955811254,-0.08347722035210026,0.25519444970269123,-0.05954261207297655
44.52,-0.3153957134312952,0.12157438463160558,0.04110511370610981,0.07726471061044976,0.10069794068128252,0.1397941950372591,-0.23191849307919493,-0.13362006507108565,0.10064772577908636,0.2396436205293988,transport,1,1,0.26765744753644677,0,0,0,,0.8644067796610175,-0.3132707260326584,0.12202328860889253,0.04260361681488619,-0.08347722035210026,0.25519444970269123,-0.05954261207297655
44.553333333333335,-0.310253916269848,0.12844725654735414,0.0426869561193167,0.08240650777189695,0.10757081259703108,0.14137603745046598,-0.22677669591774774,-0.12674719315533708,0.10222956819229326,0.2558777847691265,transport,0,1,0.25979322697893215,0,1,0,,0.8813559322033895,,,,-0.08347722035210026,0.25519444970269123,-0.05954261207297655
44.586666666666666,-0.30538456548232756,0.13515826464912584,0.04360475175224948,0.08727585855941739,0.11428182069880277,0.14229383308339877,-0.2219073451302273,-0.12003618505356539,0.10314736382522603,0.23464248462088486,transport,1,1,0.2522925990689375,0,0,0,,0.8983050847457613,-0.30719369959780407,0.134700056461763,0.042397595585877024,-0.08347722035210026,0.25519444970269123,-0.05954261207297655
44.620000000000005,-0.3015289645897559,0.14141872875442787,0.04324760715092518,0.09113145945198903,0.12054228480410481,0.14193668848207447,-0.21805174423765566,-0.11377572094826335,0.10279021922390173,0.22225207696122123,transport,1,1,0.24595015316600455,0,0,0,,0.9152542372881369,-0.2994223741229888,0.1426229207468815,0.0451346074399498,-0.08347722035210026,0.25519444970269123,-0.05954261207297655
44.653333333333336,-0.29730662988734574,0.14754299173849017,0.042654380389110534,0.09535379415439921,0.1266665477881671,0.14134346172025983,-0.21382940953524548,-0.10765145796420106,0.10219699246208708,0.24164499884381715,transport,1,1,0.2393989406493059,0,0,0,,0.9322033898305088,-0.2976676772187306,0.1470426150929222,0.04226423352963201,-0.08347722035210026,0.25519444970269123,-0.05954261207297655
44.68666666666667,-0.2920055050359216,0.15441166702287593,0.043340509822746065,0.10065491900582335,0.13353522307255286,0.14202959115389535,-0.20852828468382134,-0.1007827826798153,0.10288312189572262,0.27425329164710516,transport,0,1,0.23160573135797766,0,1,0,,0.9491525423728807,,,,-0.08347722035210026,0.25519444970269123,-0.05954261207297655
44.720000000000006,-0.28617023375892187,0.16194318878965408,0.04435829009581841,0.10649019028282308,0.14106674483933102,0.1430473714269677,-0.2026930134068216,-0.09325126091303715,0.10390090216879497,0.3413298854072824,transport,1,1,0.22311489270286125,0,0,0,,0.9661016949152562,-0.28734665116744096,0.1612510674817753,0.042808823738188666,-0.08347722035210026,0.25519444970269123,-0.05954261207297655
44.75333333333334,-0.2769513721227197,0.17098474225458035,0.04740389597566138,0.11570905191902525,0.1501082983042573,0.14609297730681067,-0.19347415177061944,-0.08420970744811088,0.10694650804863792,0.3320851840603331,transport,1,1,0.21100597676809324,0,0,0,,0.983050847457628,-0.27748418472928793,0.17132203905374976,0.048376254275349105,-0.08347722035210026,0.25519444970269123,-0.05954261207297655
44.78666666666667,-0.2722085913743558,0.1790583298358473,0.04586837393986784,0.12045183266738912,0.15818188588552423,0.14455745527101713,-0.18873137102225557,-0.07613611986684393,0.10541098601284439,0.2698683108969275,transport,0,1,0.2035098011308515,0,1,0,,1.0,,,,-0.08347722035210026,0.25519444970269123,-0.05954261207297655
44.82,-0.2689183647886767,0.1864198440912921,0.042830882998445674,0.12374205925306825,0.16554340014096902,0.14151996432959496,-0.18544114443657644,-0.06877460561139914,0.10237349507142222,0.2554062139219195,placement_lowering,1,1,0.19778363033110377,0,0,0,,,-0.2643686065462235,0.18725770440383166,0.0454044774654217,-0.08347722035210026,0.25519444970269123,-0.05954261207297655
44.85333333333334,-0.26965908165545044,0.19177552723265062,0.03483685656930626,0.12300134238629451,0.17089908328232756,0.13352593790045555,-0.18618186130335018,-0.0634189224700406,0.0943794686422828,0.2893326852892567,placement_lowering,1,1,0.19668666758486947,0,0,0,,,-0.27567035856977185,0.19097436409057764,0.03032082666436501,-0.08347722035210026,0.25519444970269123,-0.05954261207297655
44.88666666666667,-0.2710278237969709,0.19639663291245638,0.026457934717617797,0.12163260024477407,0.1755201889621333,0.12514701604876707,-0.18755060344487062,-0.05879781679023485,0.08600054679059435,0.2643741241912157,placement_lowering,1,1,0.19655129638807559,0,0,0,,,-0.2676288995406776,0.19733262421829312,0.030998496369968615,-0.08347722035210026,0.25519444970269123,-0.05954261207297655
44.92,-0.270395189521731,0.20140036294695393,0.020090357000439006,0.12226523452001392,0.18052391899663087,0.1187794383315883,-0.18691796916963077,-0.0537940867557373,0.07963296907341555,0.22586373404790241,placement_lowering,1,1,0.19450483533419632,0,0,0,,,-0.27176053049076626,0.20051723733923402,0.017078279479340593,-0.08347722035210026,0.25519444970269123,-0.05954261207297655
44.95333333333333,-0.26447020057982523,0.2075723875484804,0.018787806304682228,0.12819022346191972,0.18669594359815733,0.11747688763583151,-0.18099298022772498,-0.04762206215421083,0.07833041837765878,0.2567733324101755,placement_lowering,1,1,0.18715319846460857,0,0,0,,,-0.26596462033616936,0.20692684878885612,0.017121534602968443,-0.08347722035210026,0.25519444970269123,-0.05954261207297655
44.98666666666667,-0.2589107381789682,0.21392323697526938,0.018012248877885422,0.13374968586277675,0.19304679302494632,0.11670133020903471,-0.17543351782686795,-0.04127121272742185,0.07755486095086198,0.32190472881608384,placement_lowering,1,1,0.18022272935759823,0,0,0,,,-0.25777511039162476,0.21496130153291074,0.019782393423217425,-0.08347722035210026,0.25519444970269123,-0.05954261207297655
45.02,-0.24886804494702686,0.22176755393788647,0.022739403653285136,0.1437923790947181,0.2008911099875634,0.12142848498443443,-0.1653908245949266,-0.03342689576480476,0.08228201572626169,0.39701054688860876,placement_lowering,1,1,0.16873494664905933,0,0,0,,,-0.24859252326591783,0.2215307327971489,0.022935675257847912,-0.08347722035210026,0.25519444970269123,-0.05954261207297655
45.053333333333335,-0.23927113467951028,0.22955567424068207,0.02640477789265747,0.15338928936223467,0.208679230290359,0.12509385922380675,-0.15579391432741002,-0.025638775462009156,0.08594738996563402,0.347041026520848,placement_lowering,1,1,0.15788948840454103,0,0,0,,,-0.24120776337572675,0.22849018955096684,0.023815854396259058,-0.08347722035210026,0.25519444970269123,-0.05954261207297655
45.08666666666667,-0.23166325735934995,0.2364690878900415,0.027549585160543948,0.160997166682395,0.21559264393971844,0.12623866649169324,-0.1481860370072497,-0.01872536181264972,0.08709219723352049,0.27936893740695146,placement_lowering,1,1,0.14936445607616497,0,0,0,,,-0.22914510755683679,0.23772182799988895,0.030624097789345533,-0.08347722035210026,0.25519444970269123,-0.05954261207297655
45.120000000000005,-0.22645717161243956,0.2430069845646193,0.0250856225534776,0.1662032524293054,0.22213054061429624,0.12377470388462689,-0.1429799512603393,-0.012187465138071923,0.08462823462645415,0.26904905992873396,placement_lowering,1,1,0.14349843472630885,0,0,0,,,-0.2248120421377281,0.24360849953772962,0.026846037610533138,-0.08347722035210026,0.25519444970269123,-0.05954261207297655
45.153333333333336,-0.22055730531990744,0.24925603930968993,0.021644209171540616,0.1721031187218375,0.22837959535936686,0.1203332905026899,-0.1370800849678072,-0.005938410393001303,0.08118682124451716,0.279606555335327,placement_lowering,1,1,0.13720865283493217,0,0,0,,,-0.2230092586063175,0.24806661910943337,0.019605753603238733,-0.08347722035210026,0.25519444970269123,-0.05954261207297655
45.18666666666667,-0.21517909556690726,0.25495102429332295,0.0162759228960155,0.1774813284748377,0.23407458034299988,0.11496500422716478,-0.131701875214807,-0.00024342540936828083,0.07581853496899205,0.299250155618705,placement_lowering,1,1,0.13170210017697714,0,0,0,,,-0.21723065313284104,0.2548317687472332,0.013929123965788423,-0.08347722035210026,0.25519444970269123,-0.05954261207297655
45.220000000000006,-0.20762150103427934,0.2612449123661198,0.012320325631585409,0.1850389230074656,0.24036846841579673,0.1110094069627347,-0.12414428068217909,0.0060504626634285685,0.07186293770456195,0.32520457489951143,placement_lowering,1,1,0.12429163497410921,0,0,0,,,-0.20457004553782804,0.2618739564316703,0.01493344128832479,-0.08347722035210026,0.25519444970269123,-0.05954261207297655
45.255,-0.198934062334321,0.2678899099404405,0.008299615583685093,0.19372636170742394,0.24701346599011742,0.10698869691483438,-0.11545684198222075,0.012695460237749256,0.06784222765666165,0.3253081423047363,placement_lowering,1,1,0.11615273165602161,0,0,0,,,-0.19979895846535523,0.2675351434301277,0.00779423994477932,-0.08347722035210026,0.25519444970269123,-0.05954261207297655
45.288333333333334,-0.19196908352292474,0.2735601749623136,0.002406731570528675,0.2006913405188202,0.25268373101199054,0.10109581290167796,-0.10849186317082449,0.01836572525962238,0.061949343643505225,0.32058531043654537,placement_lowering,1,1,0.11003537721382535,0,0,0,,,-0.1914596173389439,0.27362893978477615,0.0030158071298240605,-0.08347722035210026,0.25519444970269123,-0.05954261207297655
45.32166666666667,-0.18541395495374996,0.27850551198028406,-0.004400510655642509,0.207246469087995,0.257629068029961,0.09428857067550678,-0.1019367346016497,0.02331106227759283,0.05514210141733404,0.3246401235860141,placement_lowering,1,1,0.10456817625720063,0,0,0,,,-0.18518306390670872,0.2785125144036838,-0.003937169692584133,-0.08347722035210026,0.25519444970269123,-0.05954261207297655
45.355000000000004,-0.17630965491309514,0.28281244026933944,-0.009322857483542968,0.2163507691286498,0.2619359963190164,0.08936622384760631,-0.09283243456099488,0.02761799056664821,0.050219754589433584,0.3389645574255075,placement_lowering,1,1,0.09685357148531419,0,0,0,,,-0.17781666482697325,0.2830686095766896,-0.011342739828374969,-0.08347722035210026,0.25519444970269123,-0.05954261207297655
45.388333333333335,-0.16592264628515116,0.28621336117115864,-0.012846287856584324,0.2267377777565938,0.2653369172208356,0.08584279347456496,-0.0824454259330509,0.031018911468467414,0.04669632421639223,0.36953651780719193,placement_lowering,1,1,0.0880875764564493,0,0,0,,,-0.1655300266240511,0.2861468564348761,-0.011773749602238025,-0.08347722035210026,0.25519444970269123,-0.05954261207297655
45.42166666666667,-0.15264191603947666,0.2889876717545248,-0.012259813469163416,0.2400185080022683,0.2681112278042017,0.08642926786198588,-0.0691646956873764,0.03379322205183355,0.04728279860381313,0.40254159816645535,placement_lowering,1,1,0.07697880868246737,0,0,0,,,-0.15269665482211364,0.28884584615459585,-0.01291688310576844,-0.08347722035210026,0.25519444970269123,-0.05954261207297655
45.455000000000005,-0.13963490559906103,0.29114937685904796,-0.010662929614362526,0.25302551844268395,0.2702729329087249,0.08802615171678677,-0.05615768524696077,0.03595492715635673,0.04887968245861402,0.40840527029431756,placement_lowering,1,1,0.06668164964302874,0,0,0,,,-0.13968167167541354,0.2913646586849594,-0.011588197615273728,-0.08347722035210026,0.25519444970269123,-0.05954261207297655
45.48833333333334,-0.12608315612034604,0.2935127514986709,-0.008327074587933248,0.2665772679213989,0.27263630754834783,0.09036200674321604,-0.042605935768245784,0.03831830179597967,0.0512155374850433,0.42252061049314765,placement_lowering,1,1,0.05730233865398222,1,0,0,,,-0.12454475217159364,0.29320389226694304,-0.005404828007736392,-0.08347722035210026,0.25519444970269123,-0.05954261207297655
45.52166666666667,-0.11240435912303101,0.2952274002502063,-0.0047210796760886456,0.2802560649187139,0.2743509562998832,0.09396800165506064,-0.028927138770930755,0.040032950547515045,0.054821532396887904,0.40053339513881037,placement_lowering,1,1,0.049390449350177716,1,0,0,,,-0.11569232995243726,0.29502069183984553,-0.007751073158092909,-0.08347722035210026,0.25519444970269123,-0.05954261207297655
45.555,-0.10022196773919906,0.2965780443864954,-0.002426921481668487,0.2924384563025459,0.2757016004361723,0.0962621598494808,-0.0167447473870988,0.04138359468380415,0.05711569059130806,0.3218572755090886,placement_lowering,1,1,0.044642899480333204,1,0,0,,,-0.09846043309267934,0.2975397764773651,-0.0015075583552869101,-0.08347722035210026,0.25519444970269123,-0.05954261207297655
45.58833333333334,-0.09131849136477926,0.29768563563160516,-0.0015981613623975578,0.3013419326769657,0.2768091916812821,0.09709091996875173,-0.007841271012679008,0.04249118592891393,0.05794445071057899,0.24595213263400245,placement_lowering,1,1,0.04320863817270585,1,0,0,,,-0.08936110346863035,0.2969173612857356,0.0006366602367781256,-0.08347722035210026,0.25519444970269123,-0.05954261207297655
45.62166666666667,-0.08413883831018117,0.2985925806341609,4.894840307460024e-05,0.3085215857315638,0.2777161366838378,0.09873802973422388,-0.0006616179580809095,0.04339813093146966,0.05959156047605115,0.18231151291546424,placement_lowering,1,1,0.043403173923889926,1,0,0,,,-0.08456044772848027,0.2984929088466632,-0.001805001505440728,-0.08347722035210026,0.25519444970269123,-0.05954261207297655
45.655,-0.07935586604152008,0.29905950352103006,5.418549520274765e-05,0.3133045580002249,0.278183059570707,0.09874326682635204,0.00412135431058018,0.04386505381833883,0.059596797568179295,0.1462025902683391,placement_lowering,1,1,0.04405823995394164,1,0,0,,,-0.08141728300069351,0.29931445397476897,-0.0003635641044220589,-0.08347722035210026,0.25519444970269123,-0.05954261207297655
45.68833333333334,-0.07452120777715905,0.2996812150845988,0.0011965264187896332,0.3181392162645859,0.2788047711342757,0.09988560774993892,0.008956012574941205,0.044486765381907545,0.06073913849176618,0.1637835516278219,placement_lowering,1,1,0.04537931748481231,1,0,0,,,-0.07410201253159768,0.2999084727952847,0.0023041976656798923,-0.08347722035210026,0.25519444970269123,-0.05954261207297655
45.72166666666667,-0.06919029256197788,0.2996466360164339,0.0039961194922941085,0.32347013147976705,0.2787701920661108,0.1026852008234434,0.014286927790122375,0.04445218631374265,0.06353873156527066,0.17511983054118843,placement_lowering,1,1,0.046691682061710524,1,0,0,,,-0.06799026268472891,0.2993502121552748,0.0029338570194244427,-0.08347722035210026,0.25519444970269123,-0.05954261207297655
45.755,-0.0642308013884415,0.2994078147443016,0.0067038276275037945,0.32842962265330344,0.27853137079397855,0.10539290895865308,0.01924641896365875,0.044213365041610386,0.06624643970048034,0.14509850552512385,placement_lowering,1,1,0.04822080765838933,1,0,0,,,-0.06527789398406472,0.29954153055087007,0.006519500655201493,-0.08347722035210026,0.25519444970269123,-0.05954261207297655
45.788333333333334,-0.06082739270951136,0.29921941222514425,0.008838725829482839,0.3318330313322336,0.2783429682748212,0.10752780716063212,0.022649827642588896,0.044024962522453026,0.06838133790245939,0.10342699326706412,placement_lowering,1,1,0.04950971639327353,1,0,0,,,-0.06050340835687247,0.29915519259590584,0.009647131665459411,-0.08347722035210026,0.25519444970269123,-0.05954261207297655
45.82166666666667,-0.058247763130862704,0.2991970240141196,0.01012459917365122,0.33441266091088223,0.2783205800637965,0.1088136805048005,0.025229457221237553,0.044002574311428344,0.06966721124662777,0.07598966833039167,placement_lowering,1,1,0.05072230335573326,1,0,0,,,-0.057928156350637625,0.2989976354187171,0.010510692708539418,-0.08347722035210026,0.25519444970269123,-0.05954261207297655
45.855000000000004,-0.05592536952114569,0.29893388698862927,0.010084830146450797,0.33673505452059926,0.2780574430383062,0.10877391147760009,0.027551850830954565,0.04373943728593804,0.06962744221942735,0.059855971559893466,placement_lowering,1,1,0.05169374099735556,1,0,0,,,-0.05615819781305581,0.2991742247126536,0.00975692792481705,-0.08347722035210026,0.25519444970269123,-0.05954261207297655
45.888333333333335,-0.054500876445526605,0.2983911705174854,0.00901342081822761,0.33815954759621836,0.27751472656716236,0.10770250214937689,0.02897634390657365,0.0431967208147942,0.06855603289120415,0.044772310670588865,placement_lowering,1,1,0.05201524002966152,1,0,0,,,-0.0548131350183723,0.2987350261370251,0.008780899461442896,-0.08347722035210026,0.25519444970269123,-0.05954261207297655
45.92166666666667,-0.053559681300528156,0.2983306737078236,0.00836762088147203,0.3391007427412168,0.27745422975750056,0.10705670221262131,0.0299175390515721,0.043136224005132395,0.06791023295444858,0.020655259853731723,placement_lowering,1,1,0.052495647098814796,1,0,0,,,-0.05327813368188257,0.29797584661950005,0.008708055082922907,-0.08347722035210026,0.25519444970269123,-0.05954261207297655
45.955000000000005,-0.053378300213292755,0.29877982897549143,0.008317041672008347,0.3392821238284522,0.27790338502516837,0.10700612300315764,0.0300989201388075,0.043585379272800207,0.0678596537449849,0.014879734806007312,placement_lowering,1,1,0.052968200647899616,1,0,0,,,-0.05295560555476305,0.29765698605314433,0.007146587176444647,-0.08347722035210026,0.25519444970269123,-0.05954261207297655
45.98833333333334,-0.05332219884230961,0.29835348713386095,0.007404755078975226,0.33933822519943535,0.2774770431835379,0.10609383641012451,0.030155021509790644,0.04315903743116972,0.06694736715195178,0.03218510847414258,placement_lowering,1,1,0.05265005065753542,1,0,0,,,-0.053717998872317894,0.2997422546543364,0.008325966708897238,-0.08347722035210026,0.25519444970269123,-0.05954261207297655
46.02166666666667,-0.0538515160074778,0.2983494419925632,0.0062689327064494125,0.33880890803426716,0.2774729980422401,0.1049580140375987,0.02962570434462246,0.04315499228987196,0.06581154477942597,0.049589771335318764,placement_lowering,1,1,0.05234535048553874,1,0,0,,,-0.05428917462787236,0.2989965094383778,0.007014282690468822,-0.08347722035210026,0.25519444970269123,-0.05954261207297655
46.055,-0.05404623775380745,0.2973759692710189,0.004330708610995053,0.3386141862879375,0.2764995253206958,0.10301978994214434,0.029430982598292806,0.04218151956832766,0.0638733206839716,0.09220187466639086,placement_lowering,1,1,0.0514340677935765,1,0,0,,,-0.053356131521008904,0.29518862941530405,0.0027220282399791186,-0.08347722035210026,0.25519444970269123,-0.05954261207297655
46.08833333333334,-0.05438280305227189,0.2954234076411519,0.000889424869259317,0.33827762098947306,0.2745469636908288,0.0995785062004086,0.029094417299828368,0.04022895793846065,0.06043203694223587,0.11944465338795063,placement_lowering,1,1,0.04964729775960609,1,0,0,,,-0.05500251154273263,0.2973584507743829,0.0022377902755499083,-0.08347722035210026,0.25519444970269123,-0.05954261207297655
46.12166666666667,-0.054934753240330585,0.293569524121932,-0.0026069074455603225,0.33772567080141436,0.2726930801716089,0.09608217388558897,0.028542467111769672,0.03837507441924076,0.05693570462741623,0.12276047994106311,placement_lowering,1,1,0.04782592148102031,1,0,0,,,-0.054452626263377185,0.2931586029431184,-0.002761308059380443,-0.08347722035210026,0.25519444970269123,-0.05954261207297655
46.155,-0.05619228639296728,0.2920191963597907,-0.006329681398437758,0.3364681376487777,0.2711427524094676,0.09235939993271153,0.02728493395913298,0.03682474665709945,0.05321293067453879,0.1386215925899239,placement_lowering,1,1,0.045831534858804424,1,0,0,,,-0.05643635456914688,0.29147170658918586,-0.006988721879632242,-0.08347722035210026,0.25519444970269123,-0.05954261207297655
46.18833333333334,-0.05760633038720533,0.28975922454212855,-0.01059117302251993,0.33505409365453964,0.2688827805918055,0.08809790830862936,0.02587088996489493,0.03456477483943732,0.048951439050456624,0.130556871993777,placement_lowering,1,1,0.04317437442831917,1,0,0,,,-0.057285926627079035,0.28981056394051996,-0.009912160113647608,-0.08347722035210026,0.25519444970269123,-0.05954261207297655
46.22166666666667,-0.05944317863583936,0.2883974083348721,-0.013545659295840203,0.3332172454059056,0.26752096438454903,0.08514342203530909,0.024034041716260897,0.03320295863218087,0.04599695277713635,0.12284746683138048,placement_lowering,1,1,0.04098867676748401,1,0,0,,,-0.05975979382824753,0.2885678597066937,-0.014344325342666539,-0.08347722035210026,0.25519444970269123,-0.05954261207297655
46.255,-0.06143040105049038,0.2864173386769651,-0.017016250160952047,0.3312300229912546,0.26554089472664205,0.08167283117019725,0.022046819301609878,0.031222888974273888,0.0425263619120245,0.1382717998158073,placement_lowering,1,1,0.038222127586225126,1,0,0,,,-0.06151121907268649,0.2865577482415762,-0.016901107254850667,-0.08347722035210026,0.25519444970269123,-0.05954261207297655
46.288333333333334,-0.06367801444546568,0.2840145945067689,-0.02046164402122068,0.3289824095962793,0.26313815055644585,0.07822743730992861,0.019799205906634573,0.028820144804077685,0.03908096805175587,0.14004447743391313,placement_lowering,1,1,0.03496583047864471,1,0,0,,,-0.06316597578266749,0.28419989098976584,-0.019215798575103023,-0.08347722035210026,0.25519444970269123,-0.05954261207297655
46.32166666666667,-0.06591551732911331,0.28155926342745224,-0.023607858950628884,0.3267449067126316,0.2606828194771292,0.0750812223805204,0.017561703022986944,0.026364813724761016,0.03593475312234767,0.13599131348721352,placement_lowering,1,1,0.03167833353901268,1,0,0,,,-0.06634820908619427,0.28126845142886703,-0.02496099082122861,-0.08347722035210026,0.25519444970269123,-0.05954261207297655
46.355000000000004,-0.068125034767085,0.2792287079802049,-0.026747600127094935,0.32453538927465997,0.2583522640298818,0.07194148120405436,0.015352185585015263,0.024034258277513654,0.032795011945881615,0.12683506813179393,placement_lowering,1,1,0.02851903177155536,1,0,0,,,-0.06806221355776096,0.2790201312916556,-0.026484624977970227,-0.08347722035210026,0.25519444970269123,-0.05954261207297655
46.388333333333335,-0.07023680541198815,0.27718623151978733,-0.02941315281316823,0.32242361862975677,0.25630978756946426,0.06927592851798106,0.013240414940112105,0.0219917818170961,0.03012945925980832,0.11255911815555171,placement_lowering,1,1,0.02566996406848094,1,0,0,,,-0.07048713249052073,0.27759639771144207,-0.0293255923855865,-0.08347722035210026,0.25519444970269123,-0.05954261207297655
46.42166666666667,-0.07247603982554705,0.27562466079226244,-0.03168609509388452,0.3201843842161979,0.2547482168419394,0.06700298623726476,0.011001180526553203,0.020430211089571215,0.027856516979092028,0.11259715707831598,placement_lowering,1,1,0.023203868171971932,1,0,0,,,-0.07202810138384029,0.27539074007988223,-0.03157794366990818,-0.08347722035210026,0.25519444970269123,-0.05954261207297655
46.455000000000005,-0.07501859000166076,0.2742830053595924,-0.034418451309,0.31764183404008417,0.2534065614092693,0.06427063002214928,0.008458630350439492,0.01908855565690115,0.025124160763976548,0.10719828606373565,placement_lowering,1,1,0.02087873043247575,1,0,0,,,-0.07469080380499143,0.274091771512465,-0.033995641821511234,-0.08347722035210026,0.25519444970269123,-0.05954261207297655
46.48833333333334,-0.07707352865011154,0.27294957615668675,-0.03645895901056983,0.3155868953916334,0.2520731322063637,0.06223012232057946,0.00640369170198872,0.017755126453995518,0.02308365306240672,0.09492627219604499,placement_lowering,1,1,0.018874633315947905,1,0,0,,,-0.07788199526986109,0.273205018569126,-0.03720832514392765,-0.08347722035210026,0.25519444970269123,-0.05954261207297655
46.52166666666667,-0.07904150437055002,0.271654666795749,-0.03853632364919173,0.31361891967119493,0.25077822284542595,0.060152757681957554,0.004435715981550237,0.016460217093057783,0.021006288423784818,0.07515534599839145,placement_lowering,1,1,0.017047413968680758,1,0,0,,,-0.07920184971697061,0.2719424329948597,-0.03836094134180088,-0.08347722035210026,0.25519444970269123,-0.05954261207297655
46.555,-0.08088944218516186,0.2709497222611564,-0.03901689949922381,0.3117709818565831,0.2500732783108333,0.05967218183192548,0.0025877781669383926,0.01575527255846515,0.02052571257375274,0.05779008827737142,placement_lowering,1,1,0.01596637746117785,1,0,0,,,-0.07992416801461377,0.27042503473272833,-0.03899498968540936,-0.08347722035210026,0.25519444970269123,-0.05954261207297655
46.58833333333334,-0.08218352182369797,0.26993859577695906,-0.03995966913577194,0.31047690221804697,0.249062151826636,0.05872941219537735,0.00129369852840229,0.014744146074267828,0.01958294293720461,0.0651909488888399,placement_lowering,1,1,0.014800793875388497,1,0,0,,,-0.08243416479138942,0.269476893376177,-0.04101362553008979,-0.08347722035210026,0.25519444970269123,-0.05954261207297655
46.62166666666667,-0.08339182828846588,0.2687515867683888,-0.04180876804893774,0.3092685957532791,0.24787514281806572,0.05688031328221155,8.539206363437912e-05,0.013557137065697555,0.01773384402403881,0.0810552639147522,placement_lowering,1,1,0.013557405991657927,1,0,0,,,-0.08434851948277652,0.27027693128528785,-0.03917779822529312,-0.08347722035210026,0.25519444970269123,-0.05954261207297655
46.655,-0.0844382509188416,0.26746787891459756,-0.04420367178491727,0.30822217312290334,0.2465914349642745,0.054485409546232016,-0.0009610305667413499,0.012273429211906328,0.01533894028805928,0.0940284388451336,placement_lowering,1,1,0.012310996887737678,1,0,0,,,-0.08395845695599259,0.26690467020467357,-0.04551226300507366,-0.08347722035210026,0.25519444970269123,-0.05954261207297655
46.68833333333334,-0.08532278971482539,0.26608747221558543,-0.04714438034371126,0.3073376343269196,0.24521102826526237,0.051544700987438026,-0.001845569362725133,0.010893022512894202,0.01239823172926529,0.10100558661596304,placement_lowering,1,1,0.011048260756293253,1,0,0,,,-0.08526912485279042,0.2659854054427704,-0.04709100853820201,-0.08347722035210026,0.25519444970269123,-0.05954261207297655
46.72166666666667,,,,,,,,,,,invalid,0,0,,,0,0,,,,,,-0.08347722035210026,0.25519444970269123,-0.05954261207297655
46.755,,,,,,,,,,,invalid,0,0,,,0,0,,,,,,-0.08347722035210026,0.25519444970269123,-0.05954261207297655
46.788333333333334,,,,,,,,,,,invalid,0,0,,,0,0,,,,,,-0.08347722035210026,0.25519444970269123,-0.05954261207297655
46.82166666666667,,,,,,,,,,,invalid,0,0,,,0,0,,,,,,-0.08347722035210026,0.25519444970269123,-0.05954261207297655
46.855000000000004,-0.08730888287932725,0.26425071836730535,-0.052281611692845,0.3053515411624177,0.24337427441698228,0.046407469638304284,-0.0038316625272269977,0.00905626866461412,0.007261000380131548,0.13830067192670328,placement_lowering,1,1,0.009833495810149471,1,0,0,,,-0.08802541975620129,0.26481217235932514,-0.051325750263386385,-0.08347722035210026,0.25519444970269123,-0.05954261207297655
46.888333333333335,-0.08776880450877017,0.26254048079628256,-0.05653788542128463,0.3048916195329748,0.2416640368459595,0.04215119590986466,-0.004291584156669914,0.007346031093591332,0.003004726651691922,0.12048511212100627,placement_lowering,1,1,0.008507753369826307,1,0,0,,,-0.08664050761983322,0.2617905232624105,-0.0577273389557005,-0.08347722035210026,0.25519444970269123,-0.05954261207297655
46.92166666666667,-0.0882170019430941,0.2612824213417363,-0.05968991996065848,0.30444342209865083,0.24040597739141323,0.03899916137049081,-0.0047397815909938495,0.0060879716390450644,-0.00014730788768192726,0.08495977314278554,placement_lowering,0,1,0.0077154992196319504,1,1,0,,,,,,-0.08347722035210026,0.25519444970269123,-0.05954261207297655
46.955000000000005,-0.08865347518229896,0.26047654000366594,-0.06173771531096677,0.304006948859446,0.23960009605334287,0.036951366020182515,-0.005176254830198707,0.005282090300974707,-0.0021951032379902216,0.03947229847507076,placement_lowering,1,1,0.007395545416993023,1,0,0,,,-0.08917862207417697,0.26021302580398326,-0.06275754990907549,-0.08347722035210026,0.25519444970269123,-0.05954261207297655
46.98833333333334,-0.08950704284809298,0.26054790874364486,-0.06186270785837824,0.303153381193652,0.2396714647933218,0.03682637347277105,-0.006029822495992723,0.005353459040953634,-0.0023200957854016893,0.015576406764047448,placement_lowering,1,1,0.008063391534357495,1,0,0,,,-0.08988232186354589,0.2616750256907811,-0.05875000694522802,-0.08347722035210026,0.25519444970269123,-0.05954261207297655
47.02166666666667,-0.08968176702285667,0.2605155470452197,-0.06187708969858933,0.30297865701888826,0.2396391030948966,0.03681199163255996,-0.006204546670756414,0.005321097342528447,-0.0023344776256127783,0.010287710321347671,placement_lowering,1,1,0.008173767571827438,1,0,0,,,-0.08887962469319291,0.25941112740998484,-0.06490141672177586,-0.08347722035210026,0.25519444970269123,-0.05954261207297655
47.055,-0.08932672343823221,0.26022343770964435,-0.06243941406828806,0.3033337006035127,0.23934699375932128,0.036249667262861225,-0.005849503086131955,0.005028988006953117,-0.0028968019953115112,0.03627625093142281,placement_lowering,1,1,0.007714104402245639,1,0,0,,,-0.08989412669047113,0.2607626245966508,-0.06100015130229014,-0.08347722035210026,0.25519444970269123,-0.05954261207297655
47.08833333333334,-0.08885769891390655,0.2595663546463942,-0.06394316932333242,0.3038027251278384,0.23868991069607115,0.03474591200781686,-0.00538047856180629,0.004371904943702987,-0.004400557250355874,0.031764512418628606,placement_lowering,0,1,0.0069327557573328445,1,1,0,,,,,,-0.08347722035210026,0.25519444970269123,-0.05954261207297655
47.12166666666667,-0.08856416060886835,0.25934503505133566,-0.06420895670468005,0.3040962634328766,0.2384685911010126,0.03448012462646924,-0.005086940256768091,0.004150585348644431,-0.004666344631703498,0.030536145376323116,placement_lowering,1,1,0.006565388024504693,1,0,0,,,-0.08811376652137817,0.25891354177080433,-0.06535994136610239,-0.08347722035210026,0.25519444970269123,-0.05954261207297655
47.155,-0.08812023908344199,0.25870475935660797,-0.06563374798735967,0.30454018495830293,0.2378283154062849,0.033055333343789614,-0.004643018731341736,0.0035103096539167433,-0.006091135914383122,0.02930353069624999,placement_lowering,0,1,0.005820644019863378,1,1,0,,,,,,-0.08347722035210026,0.25519444970269123,-0.05954261207297655
47.18833333333334,-0.08815275033383538,0.25849834659140586,-0.06592076596804917,0.30450767370790954,0.2376219026410828,0.03276831536310011,-0.0046755299817351215,0.0033038968887146303,-0.006378153895072625,0.006593640373840477,placement_lowering,0,1,0.005725060284517731,1,1,0,,,,,,-0.08347722035210026,0.25519444970269123,-0.05954261207297655
47.22166666666667,-0.08828070144872598,0.2583957432025214,-0.06590205364799304,0.304379722593019,0.23751929925219833,0.03278702768315625,-0.00480348109662572,0.003201293499830171,-0.006359441575016486,0.01065344192412033,placement_lowering,0,1,0.005772496056100474,1,1,0,,,,,,-0.08347722035210026,0.25519444970269123,-0.05954261207297655
47.255,-0.08810929383064586,0.2580438294065354,-0.06646478025933567,0.3045511302110991,0.23716738545621235,0.03222430107181362,-0.004632073478545606,0.0028493797038441904,-0.006922168186359115,0.0033044988372311615,placement_lowering,1,1,0.0054382965538231545,1,0,0,,,-0.08831898729895554,0.2582215639137643,-0.06607395016900185,-0.08347722035210026,0.25519444970269123,-0.05954261207297655
47.288333333333334,-0.08822221602616186,0.2582179400900587,-0.06578587462926896,0.3044382080155831,0.23734149613973565,0.03290320670188032,-0.0047449956740616,0.003023490387367489,-0.006243262556292414,0.02901240726470819,placement_lowering,0,1,0.005626408985255774,1,1,0,,,,,,-0.08347722035210026,0.25519444970269123,-0.05954261207297655
47.32166666666667,-0.08838460568999981,0.25847924864140565,-0.06460048676069169,0.3042758183517451,0.23760280469108258,0.0340885945704576,-0.004907385337899556,0.003284798938714417,-0.005057874687715139,0.03413291881387682,placement_lowering,1,1,0.005905280257736368,1,0,0,,,-0.08787478523282327,0.2578258123563636,-0.06615351602237639,-0.08347722035210026,0.25519444970269123,-0.05954261207297655
47.355000000000004,-0.08843416087966237,0.2584990524482598,-0.06353774595411452,0.30422626316208257,0.23762260849793676,0.03515133537703477,-0.004956940527562112,0.0033046027455685967,-0.003995133881137966,0.019289690814976668,placement_lowering,1,1,0.005957487616420806,1,0,0,,,-0.08903424693462733,0.25941950496024446,-0.0616734251784449,-0.08347722035210026,0.25519444970269123,-0.05954261207297655
47.388333333333335,-0.08835444319281921,0.25799281875481567,-0.06341043668834379,0.30430598084892574,0.2371163748044926,0.0352786446428055,-0.004877222840718953,0.0027983690521244386,-0.003867824615367235,0.02624323025520891,placement_lowering,0,1,0.005623003822683966,1,1,0,,,,,,-0.08347722035210026,0.25519444970269123,-0.05954261207297655
47.42166666666667,-0.08815977324262407,0.2570025009309144,-0.06440143894189425,0.30450065079912086,0.23612605698059136,0.03428764238925504,-0.004682552890523814,0.0018080512282231953,-0.004858826868917698,0.038356194658626504,placement_lowering,0,1,0.0050194970680768735,1,1,0,,,,,,-0.08347722035210026,0.25519444970269123,-0.05954261207297655
47.455000000000005,-0.08664582147348858,0.25609937395392796,-0.06322568033117115,0.30601460256825636,0.2352229300036049,0.035463400999978134,-0.003168601121388323,0.0009049242512367273,-0.0036830682581946023,0.07966821905041571,placement_lowering,1,1,0.0032952876910733743,1,0,0,,,-0.08690250983034255,0.2554316155873396,-0.06554858390587255,-0.08347722035210026,0.25519444970269123,-0.05954261207297655
47.48833333333334,-0.08431107084984661,0.255017924887376,-0.06132606117937494,0.3083493531918983,0.23414148093705295,0.03736302015177435,-0.0008338504977463551,-0.00017652481531521547,-0.0017834491063983895,0.11233300655599648,placement_lowering,1,1,0.0008523307239645389,1,0,0,,,-0.08542224785298212,0.25479483762971655,-0.06379870673448813,-0.08347722035210026,0.25519444970269123,-0.05954261207297655
47.52166666666667,-0.0811555213716981,0.253758153731259,-0.05870258148650563,0.3115049026700468,0.23288170978093592,0.039986499844643655,0.0023216989804021593,-0.0014362959714322443,0.000840030586470919,0.12878060962875887,placement_lowering,1,1,0.002730060855210543,1,0,0,,,-0.08045668211952922,0.25419810618123684,-0.056279784092735076,-0.08347722035210026,0.25519444970269123,-0.05954261207297655
47.555,,,,,,,,,,,invalid,0,0,,,0,0,,,,,,-0.08347722035210026,0.25519444970269123,-0.05954261207297655
47.58833333333334,,,,,,,,,,,invalid,0,0,,,0,0,,,,,,-0.08347722035210026,0.25519444970269123,-0.05954261207297655
47.62166666666667,,,,,,,,,,,invalid,0,0,,,0,0,,,,,,-0.08347722035210026,0.25519444970269123,-0.05954261207297655
47.655,,,,,,,,,,,invalid,0,0,,,0,0,,,,,,-0.08347722035210026,0.25519444970269123,-0.05954261207297655
47.68833333333334,,,,,,,,,,,invalid,0,0,,,0,0,,,,,,-0.08347722035210026,0.25519444970269123,-0.05954261207297655
47.72166666666667,,,,,,,,,,,invalid,0,0,,,0,0,,,,,,-0.08347722035210026,0.25519444970269123,-0.05954261207297655
47.755,,,,,,,,,,,invalid,0,0,,,0,0,,,,,,-0.08347722035210026,0.25519444970269123,-0.05954261207297655
47.788333333333334,,,,,,,,,,,invalid,0,0,,,0,0,,,,,,-0.08347722035210026,0.25519444970269123,-0.05954261207297655
47.82166666666667,,,,,,,,,,,invalid,0,0,,,0,0,,,,,,-0.08347722035210026,0.25519444970269123,-0.05954261207297655
47.855000000000004,,,,,,,,,,,invalid,0,0,,,0,0,,,,,,-0.08347722035210026,0.25519444970269123,-0.05954261207297655
47.888333333333335,,,,,,,,,,,invalid,0,0,,,0,0,,,,,,-0.08347722035210026,0.25519444970269123,-0.05954261207297655
47.92166666666667,,,,,,,,,,,invalid,0,0,,,0,0,,,,,,-0.08347722035210026,0.25519444970269123,-0.05954261207297655
47.955000000000005,,,,,,,,,,,invalid,0,0,,,0,0,,,,,,-0.08347722035210026,0.25519444970269123,-0.05954261207297655
47.98833333333334,,,,,,,,,,,invalid,0,0,,,0,0,,,,,,-0.08347722035210026,0.25519444970269123,-0.05954261207297655
48.02166666666667,,,,,,,,,,,invalid,0,0,,,0,0,,,,,,-0.08347722035210026,0.25519444970269123,-0.05954261207297655
48.055,,,,,,,,,,,invalid,0,0,,,0,0,,,,,,-0.08347722035210026,0.25519444970269123,-0.05954261207297655
48.08833333333334,-0.08958325619498196,0.25365839992077627,-0.0692145136346362,0.303077167846763,0.2327819559704532,0.02947456769651309,-0.006106035842881705,-0.001536049781914961,-0.009671901561659646,0.060025925750334504,placement_lowering,1,1,0.006296278475979052,1,0,0,,,-0.08995228093859736,0.253629637763724,-0.06922792234703683,-0.08347722035210026,0.25519444970269123,-0.05954261207297655
48.12166666666667,-0.08994876696101349,0.25426283655506915,-0.06734247844571004,0.30271165708073144,0.23338639260474608,0.03134660288543925,-0.006471546608913234,-0.000931613147622079,-0.0077998663727334855,0.04941596884369277,placement_lowering,1,1,0.006538258068335839,1,0,0,,,-0.08917462929379381,0.2539199393134284,-0.06822534413459136,-0.08347722035210026,0.25519444970269123,-0.05954261207297655
48.155,-0.09010922536193697,0.25467370123885547,-0.06612492185846082,0.30255119867980795,0.2337972572885324,0.03256415947268847,-0.006632005009836711,-0.0005207484638357629,-0.006582309785484269,0.02837604276154018,placement_lowering,1,1,0.006652418313146471,1,0,0,,,-0.09075146028231845,0.25572722851502,-0.06371904873589439,-0.08347722035210026,0.25519444970269123,-0.05954261207297655
48.18833333333334,-0.09006463139775218,0.254890993972135,-0.06556184387288845,0.3025957926439928,0.23401455002181193,0.033127237458260836,-0.006587411045651928,-0.00030345573055623465,-0.0060192317999119005,0.0060101136017695015,stationary_post_release,1,1,0.0065943968385883825,1,0,0,,,-0.08922311462207974,0.25374409406786647,-0.06809404149377658,-0.08347722035210026,0.25519444970269123,-0.05954261207297655
48.22166666666667,-0.08987407177030982,0.2548781330491757,-0.065873028488226,0.30278635227143513,0.23400168909885266,0.032816052842923285,-0.006396851418209559,-0.00031631665351550264,-0.006330416415249451,0.025817319529961868,stationary_post_release,1,1,0.006404667383396338,1,0,0,,,-0.09069213139115398,0.2558946555829205,-0.0634621027869062,-0.08347722035210026,0.25519444970269123,-0.05954261207297655
48.255,-0.08937455278556855,0.2544483954244873,-0.06707520810972874,0.3032858712561764,0.2335719514741642,0.03161387322142055,-0.005897332433468294,-0.0007460542782039559,-0.007532596036752187,0.020302679456804213,stationary_post_release,1,1,0.0059443356918047205,1,0,0,,,-0.08921814424856671,0.2538986316898152,-0.06831352601974064,-0.08347722035210026,0.25519444970269123,-0.05954261207297655
48.288333333333334,-0.08905297574714527,0.2545662023489791,-0.06690283196225995,0.3036074482945997,0.23368975839865602,0.03178624936888934,-0.005575755395045012,-0.0006282473537121414,-0.007360219889283398,0.016159103974800897,stationary_post_release,1,1,0.005611037601265907,1,0,0,,,-0.08856992589624177,0.25471276356507794,-0.06705362201575174,-0.08347722035210026,0.25519444970269123,-0.05954261207297655
48.32166666666667,-0.08841277299168544,0.25427620289045055,-0.06752891260049126,0.3042476510500595,0.2333997589401275,0.031160168730658022,-0.004935552639585186,-0.0009182468122406751,-0.007986300527514714,0.014623948999123351,stationary_post_release,1,1,0.005020244721754753,1,0,0,,,-0.08887593286677091,0.2540791236036386,-0.06760692516122913,-0.08347722035210026,0.25519444970269123,-0.05954261207297655
48.355000000000004,-0.08817368824050005,0.2546367246971645,-0.06648765916226054,0.3044867358012449,0.2337602807468414,0.032201422168888744,-0.004696467888399794,-0.0005577250055267546,-0.006945047089283993,0.0210701349886036,stationary_post_release,1,1,0.004729468025958124,1,0,0,,,-0.0880139834346581,0.2547669143934692,-0.06618723157152834,-0.08347722035210026,0.25519444970269123,-0.05954261207297655
48.388333333333335,-0.0879981954718865,0.25471162333395303,-0.06625940551352869,0.3046622285698585,0.23383517938362997,0.0324296758176206,-0.004520975119786247,-0.0004828263687381984,-0.006716793440552135,0.006121251651622911,stationary_post_release,1,1,0.004546684213366394,1,0,0,,,-0.08805678425447223,0.2547310745905721,-0.06634925503818623,-0.08347722035210026,0.25519444970269123,-0.05954261207297655
48.42166666666667,-0.08785912176941654,0.2545773812134551,-0.06674075673835003,0.3048013022723284,0.233700937263132,0.031948324592799254,-0.004381901417316286,-0.00061706848923615,-0.007198144665373482,0.017804837064663657,stationary_post_release,1,1,0.004425136557382909,1,0,0,,,-0.0877036379771047,0.2548657399763067,-0.06582528532096822,-0.08347722035210026,0.25519444970269123,-0.05954261207297655
48.455000000000005,-0.08821510483280962,0.2552873836302638,-0.06524432245130045,0.30444531920893536,0.23441093967994076,0.03344475887984884,-0.004737884480709359,9.293392757259156e-05,-0.005701710378323899,0.02977153674997032,stationary_post_release,1,1,0.0047387958457229045,1,0,0,,,-0.08821556842123505,0.2548983092618085,-0.0664082648801986,-0.08347722035210026,0.25519444970269123,-0.05954261207297655
48.48833333333334,-0.08842215218580494,0.2554485928831089,-0.06504862925398368,0.30423827185594,0.23457214893278583,0.03364045207716561,-0.004944931833704688,0.00025414318041766526,-0.005506017181007128,0.034679326931541715,unclassified_motion,1,1,0.004951458330243607,1,0,0,,,-0.08843788270690002,0.2547380649029156,-0.06650534846548019,-0.08347722035210026,0.25519444970269123,-0.05954261207297655
48.52166666666667,-0.08895986193843622,0.25631051639204067,-0.0633094651638396,0.30370056210330876,0.2354340724417176,0.03537961616730968,-0.005482641586335962,0.0011160666893494375,-0.0037668530908630538,0.044836476888892036,unclassified_motion,1,1,0.005595083879558548,1,0,0,,,-0.08906087871368058,0.25803408407387524,-0.05931505752015252,-0.08347722035210026,0.25519444970269123,-0.05954261207297655
48.555,-0.08882270280276426,0.25663219298898654,-0.062333236171616735,0.3038377212389807,0.23575574903866348,0.03635584515953255,-0.005345482450664005,0.0014377432862953121,-0.002790624098640185,0.010273334444055003,stationary_post_release,1,1,0.005535457378360355,1,0,0,,,-0.08858296179940703,0.2548187925394289,-0.06666467996736543,-0.08347722035210026,0.25519444970269123,-0.05954261207297655
48.58833333333334,-0.08831404169082722,0.2560979372524385,-0.06322700784920116,0.3043463823509177,0.23522149330211545,0.03546207348194813,-0.004836821338726968,0.0009034875497472838,-0.0036843957762246055,0.03370462466104293,unclassified_motion,1,1,0.004920480709779573,1,0,0,,,-0.08930244833824046,0.25796590607764247,-0.05931377255771999,-0.08347722035210026,0.25519444970269123,-0.05954261207297655
48.62166666666667,-0.08819760555994657,0.2555722614520031,-0.06421331466013916,0.30446281848179835,0.23469581750168006,0.03447576667101013,-0.004720385207846317,0.000377811749311896,-0.004670702587162609,0.01895284068734582,stationary_post_release,1,1,0.004735480781121642,1,0,0,,,-0.0872704458253309,0.2549600275020379,-0.06512117323466599,-0.08347722035210026,0.25519444970269123,-0.05954261207297655
48.655,-0.08857991508178353,0.25669226841843434,-0.06214415446573476,0.3040805089599614,0.23581582446811128,0.03654492686541452,-0.005102694729683277,0.0014978187157431155,-0.002601542392758213,0.027075159666105852,stationary_post_release,1,1,0.005317984055031365,1,0,0,,,-0.08783889240177462,0.25487654730381815,-0.06574540798744134,-0.08347722035210026,0.25519444970269123,-0.05954261207297655
48.68833333333334,-0.08869600155059244,0.25653958233103513,-0.06277319133905943,0.3039644224911525,0.23566313838071207,0.03591588999208986,-0.005218781198492187,0.0013451326283439036,-0.0032305792660828753,0.0036079787811568484,stationary_post_release,1,1,0.005389346805093445,1,0,0,,,-0.08973312827065184,0.25781667240916817,-0.06015753093741351,-0.08347722035210026,0.25519444970269123,-0.05954261207297655
48.72166666666667,-0.08867065863483305,0.2567876811657427,-0.06194286457735121,0.3039897654069119,0.23591123721541962,0.03674621675379808,-0.00519343828273279,0.0015932314630514588,-0.0024002525043746586,0.009824977227528493,stationary_post_release,1,1,0.005432328017656114,1,0,0,,,-0.08920898062067224,0.25829782450450206,-0.05978010286236942,-0.08347722035210026,0.25519444970269123,-0.05954261207297655
48.755,-0.08816734318139738,0.2561634583349273,-0.06286304722054932,0.30449308086034754,0.23528701438460425,0.035826034110599966,-0.004690122829297122,0.0009690086322360902,-0.00332043514757277,0.05625904568835824,unclassified_motion,1,1,0.004789178414221181,1,0,0,,,-0.08754191897439409,0.2547060002372085,-0.06540755174483665,-0.08347722035210026,0.25519444970269123,-0.05954261207297655
48.788333333333334,-0.08744126387211147,0.2549583308994495,-0.0649775127165014,0.30521916016963346,0.23408188694912646,0.033711568614647885,-0.003964043520011215,-0.00023611880324170276,-0.005434900643524851,0.04975175688227897,unclassified_motion,1,1,0.003971069518125715,1,0,0,,,-0.08681765059474852,0.2547489899124076,-0.06448869668178955,-0.08347722035210026,0.25519444970269123,-0.05954261207297655
48.82166666666667,-0.08703720682015746,0.2545448055153515,-0.06552834449825833,0.3056232172215875,0.23366836156502846,0.03316073683289096,-0.003559986468057205,-0.0006496441873397041,-0.005985732425281776,0.010228933641851007,stationary_post_release,1,1,0.0036187762051409977,1,0,0,,,-0.08772902691119687,0.2548180297868893,-0.06575551377203638,-0.08347722035210026,0.25519444970269123,-0.05954261207297655
48.855000000000004,-0.08691400040016863,0.25500370338423894,-0.06454744108719827,0.30574642364157634,0.23412725943391588,0.03414164024395101,-0.003436780048068369,-0.00019074631845228396,-0.005004829014221723,0.021616919474622985,stationary_post_release,1,1,0.0034420693277160937,1,0,0,,,-0.0870738470229677,0.25497063755449045,-0.06479499300036987,-0.08347722035210026,0.25519444970269123,-0.05954261207297655
48.89,-0.0867430662511416,0.2550610060871001,-0.06421669009115856,0.30591735779060336,0.23418456213677702,0.03447239123999073,-0.0032658458990413447,-0.00013344361559114448,-0.00467407801818201,0.01738507032551698,stationary_post_release,1,1,0.0032685710386692233,1,0,0,,,-0.08628416531697701,0.25526799650751,-0.06357441319904845,-0.08347722035210026,0.25519444970269123,-0.05954261207297655
48.92333333333334,-0.08633278049520515,0.2551288361557433,-0.0635439947650446,0.3063276435465398,0.2342523922054202,0.03514508656610468,-0.002855560143104896,-6.56135469479513e-05,-0.004001382692068053,0.014363017667615588,stationary_post_release,1,1,0.002856313860280825,1,0,0,,,-0.0864099206902601,0.2550084152114267,-0.06359880624958984,-0.08347722035210026,0.25519444970269123,-0.05954261207297655
48.95666666666667,-0.08628961755493691,0.2552115152342297,-0.0633868686545646,0.30637080648680803,0.23433507128390663,0.03530221267658469,-0.0028123972028366584,1.7065531538462686e-05,-0.003844256581588046,0.002456163418470005,stationary_post_release,1,1,0.0028124489788954664,1,0,0,,,-0.08653954412815329,0.25503943126273315,-0.06381578519355435,-0.08347722035210026,0.25519444970269123,-0.05954261207297655
48.99,-0.08646952265372167,0.2551198539151951,-0.0636336221805428,0.3061909013880233,0.23424340996487203,0.03505545915060648,-0.0029923023016214106,-7.459578749613449e-05,-0.004091010107566254,0.010561846972578918,stationary_post_release,1,1,0.0029932319649170125,1,0,0,,,-0.08618659919748263,0.2552926517017254,-0.06321361042250244,-0.08347722035210026,0.25519444970269123,-0.05954261207297655
49.02333333333333,-0.0865773564269485,0.2549258626732765,-0.06396254073159725,0.3060830676147964,0.23404941872295343,0.03472654059955203,-0.003100136074848242,-0.0002685870294147352,-0.004419928658620703,0.012125070140002041,stationary_post_release,1,1,0.003111749134320647,1,0,0,,,-0.08655572199615005,0.25518440818963206,-0.06378597243856157,-0.08347722035210026,0.25519444970269123,-0.05954261207297655
49.05666666666667,-0.08670006545701327,0.2547591781231356,-0.06431931404005842,0.3059603585847317,0.23388273417281252,0.03436976729109087,-0.003222845104913011,-0.00043527157955564055,-0.004776701967081867,0.004008229098343157,stationary_post_release,1,1,0.003252105766765684,1,0,0,,,-0.08682268532054574,0.2545153775510498,-0.0644922684230904,-0.08347722035210026,0.25519444970269123,-0.05954261207297655
49.09,-0.08646344354659562,0.2547213372804222,-0.06409137093617323,0.3061969804951493,0.2338448933300991,0.034597710394976056,-0.0029862231944953604,-0.0004731124222690508,-0.004548758863196681,0.019341040706218306,stationary_post_release,1,1,0.003023468923512753,1,0,0,,,-0.08657365139925306,0.2544550258397903,-0.0644620752893784,-0.08347722035210026,0.25519444970269123,-0.05954261207297655
49.123333333333335,-0.08594819209570052,0.254866448661813,-0.0632773261138806,0.3067122319460444,0.23399000471148995,0.03541175521726869,-0.002470971743600267,-0.0003280010408782119,-0.003734714040904044,0.029926103403439104,stationary_post_release,1,1,0.0024926463929904165,1,0,0,,,-0.0861705106585004,0.2550812287949933,-0.06357984686478212,-0.08347722035210026,0.25519444970269123,-0.05954261207297655
49.156666666666666,-0.08551855226629322,0.2551577096336923,-0.06238929040093541,0.3071418717754517,0.2342812656833692,0.03629979093021388,-0.0020413319141929648,-3.674006899895277e-05,-0.0028466783279588598,0.03493489424470167,unclassified_motion,1,1,0.0020416625128979473,1,0,0,,,-0.08491295216530145,0.2552721427063619,-0.061488685981395654,-0.08347722035210026,0.25519444970269123,-0.05954261207297655
49.190000000000005,-0.0848862829809783,0.25530207274149197,-0.061250804746418856,0.3077741410607666,0.2344256287911689,0.03743827658473043,-0.0014090626288780495,0.00010762303880074153,-0.0017081926734423061,0.02685450198683829,stationary_post_release,1,1,0.0014131667313453942,1,0,0,,,-0.08513762263996437,0.2552005426752275,-0.06157259175405582,-0.08347722035210026,0.25519444970269123,-0.05954261207297655
49.223333333333336,-0.08460675130125207,0.2552205424104096,-0.060849860114565654,0.3080536727404929,0.23434409846008653,0.03783922121658363,-0.0011295309491518163,2.6092707718361474e-05,-0.0013072480415891041,0.013343951189915363,stationary_post_release,1,1,0.0011298322859999526,1,0,0,,,-0.08498532093817426,0.2552575676216801,-0.06128114147047119,-0.08347722035210026,0.25519444970269123,-0.05954261207297655
49.25666666666667,-0.0843248200343431,0.25517779692076253,-0.06057205792291143,0.30833560400740184,0.23430135297043947,0.03811702340823785,-0.00084759968224285,-1.665278192869435e-05,-0.0010294458499348833,0.011287438999639242,stationary_post_release,1,1,0.0008477632549740197,1,0,0,,,-0.08369070686346636,0.2551953753703151,-0.05970272429826137,-0.08347722035210026,0.25519444970269123,-0.05954261207297655
49.290000000000006,-0.08408476935194803,0.25516836861300146,-0.060310357687220005,0.3085756546897969,0.2342919246626784,0.03837872364392928,-0.0006075489998477734,-2.6081089689766745e-05,-0.0007677456142434549,0.0073597231978523555,stationary_post_release,1,1,0.0006081085515394726,1,0,0,,,-0.08458870213372681,0.25507914696992856,-0.061141885112584005,-0.08347722035210026,0.25519444970269123,-0.05954261207297655
49.32333333333334,-0.08398862160866964,0.2551850004246431,-0.06021477036755403,0.3086718024330753,0.23430855647432003,0.03847431096359526,-0.0005114012565693854,-9.44927804813478e-06,-0.0006721582945774796,0.006792256763629244,stationary_post_release,1,1,0.0005114885473560257,1,0,0,,,-0.08364469392079732,0.2552192512226498,-0.05975242187684888,-0.08347722035210026,0.25519444970269123,-0.05954261207297655
49.35666666666667,-0.08436208735636705,0.25516005442506945,-0.060668224898170156,0.30829833668537787,0.23428361047474638,0.03802085643297913,-0.0008848670042667928,-3.4395277621779297e-05,-0.001125612825193606,0.00987332033502956,stationary_post_release,1,1,0.0008855352338347513,1,0,0,,,-0.0844894555530742,0.25518463804337604,-0.06072084106747212,-0.08347722035210026,0.25519444970269123,-0.05954261207297655
49.39,-0.0844309358726208,0.2551467021779113,-0.06070071963369282,0.30822948816912416,0.23427025822758824,0.037988361697456466,-0.0009537155205205372,-4.774752477992861e-05,-0.0011581075607162705,0.008571060240179978,stationary_post_release,1,1,0.0009549100063379634,1,0,0,,,-0.08425112372228863,0.2552157895594867,-0.06053366275642361,-0.08347722035210026,0.25519444970269123,-0.05954261207297655
49.42333333333334,-0.08470225666877546,0.2551111204946785,-0.061124725565055604,0.3079581673729695,0.23423467654435542,0.03756435576609368,-0.0012250363166751987,-8.332920801273902e-05,-0.0015821134920790542,0.0012849432070162477,stationary_post_release,1,1,0.0012278671483842087,1,0,0,,,-0.08503779983262069,0.25497540963345855,-0.06154000536137855,-0.08347722035210026,0.25519444970269123,-0.05954261207297655
49.45666666666667,-0.0844106057741148,0.2551340424484026,-0.060782966502530233,0.30824981826763015,0.23425759849807953,0.03790611482861905,-0.0009333854220145432,-6.040725428863025e-05,-0.0012403544295536834,0.007173681293982014,stationary_post_release,1,1,0.000935338111273115,1,0,0,,,-0.0843476762092182,0.2551572435697616,-0.060684947617865526,-0.08347722035210026,0.25519444970269123,-0.05954261207297655
49.49,-0.08436055326705441,0.2551291178123372,-0.06079060947269165,0.30829987077469057,0.23425267386201415,0.037898471858457634,-0.0008833329149541547,-6.533189035401454e-05,-0.001247997399715102,0.009340689536891794,stationary_post_release,1,1,0.0008857456150264775,1,0,0,,,-0.08433572558387288,0.2551806288393273,-0.06080697190974763,-0.08347722035210026,0.25519444970269123,-0.05954261207297655
49.52333333333333,-0.08400054804493955,0.25515547699252566,-0.06031481669121144,0.3086598759968054,0.2342790330422026,0.038374264639937844,-0.0005233276928392899,-3.897271016556347e-05,-0.0007722046182348924,0.011751823283182498,stationary_post_release,1,1,0.00052477685374847,1,0,0,,,-0.08364808197117399,0.255194917012131,-0.059775529043589244,-0.08347722035210026,0.25519444970269123,-0.05954261207297655
49.55666666666667,-0.08389508346750997,0.2551281753048539,-0.06016042018757428,0.308765340574235,0.2342517313545308,0.038528661143575005,-0.000417863115409714,-6.627439783735145e-05,-0.0006178081145977316,0.01576210528686846,stationary_post_release,1,1,0.00042308613665377346,1,0,0,,,-0.08438543534065833,0.25504244401834547,-0.060960046831887174,-0.08347722035210026,0.25519444970269123,-0.05954261207297655
49.59,-0.0833929461734439,0.2551401536414751,-0.05945762327540099,0.30926747786830106,0.234263709691152,0.0392314580557483,8.427417865636277e-05,-5.429606121615249e-05,8.498879757556227e-05,0.018299900631389577,stationary_post_release,1,1,0.00010025068304900836,1,0,0,,,-0.08326023381829009,0.25514393657200163,-0.059120847738693326,-0.08347722035210026,0.25519444970269123,-0.05954261207297655
49.623333333333335,-0.08317289304665315,0.2551648162577157,-0.05917783061268601,0.3094875309950918,0.23428837230739263,0.03951125071846328,0.0003043273054471052,-2.9633444975529777e-05,0.0003647814602905433,0.014421122857124427,stationary_post_release,1,1,0.0003057666592384026,1,0,0,,,-0.08330008040947903,0.25519528027314287,-0.059378520293206616,-0.08347722035210026,0.25519444970269123,-0.05954261207297655
49.65666666666667,-0.08285122099358581,0.2552224240372388,-0.058667641553966136,0.3098092030481591,0.23434598008691576,0.04002143977718315,0.0006259993585144424,2.7974334547598012e-05,0.0008749705190104137,0.009471919160431413,stationary_post_release,1,1,0.0006266240980475251,1,0,0,,,-0.08228162743265113,0.25522589421458464,-0.057958172975488484,-0.08347722035210026,0.25519444970269123,-0.05954261207297655
49.690000000000005,-0.08284596680571801,0.2552080510112385,-0.05863932032134164,0.30981445723602696,0.23433160706091544,0.040049761009807644,0.0006312535463822433,1.3601308547273039e-05,0.0009032917516349076,0.0012168733028106807,stationary_post_release,1,1,0.0006314000597199505,1,0,0,,,-0.08340026931513167,0.2551959256417291,-0.05942720518786706,-0.08347722035210026,0.25519444970269123,-0.05954261207297655
49.723333333333336,-0.08292081896008296,0.25519651341884203,-0.05863499174262152,0.309739605081662,0.23432006946851897,0.04005408958852777,0.0005564013920172917,2.0637161508019197e-06,0.0009076203303550329,0.012939481533317709,stationary_post_release,1,1,0.0005564052192091038,1,0,0,,,-0.0828909632086534,0.2552250400877244,-0.05850001072160825,-0.08347722035210026,0.25519444970269123,-0.05954261207297655
49.75666666666667,-0.0834114228256493,0.2551899749532411,-0.05929052450547531,0.30924900121609566,0.23431353100291802,0.039398556825673975,6.57975264509586e-05,-4.4747494501451435e-06,0.0002520875675012385,0.015675662275349354,stationary_post_release,1,1,6.594951000353355e-05,1,0,0,,,-0.08299028495521654,0.2551398160758982,-0.058731786399350984,-0.08347722035210026,0.25519444970269123,-0.05954261207297655
49.790000000000006,-0.08354741588494072,0.2551923859865404,-0.05947133888169872,0.3091130081568042,0.23431594203621736,0.03921774244945057,-7.019553284046132e-05,-2.0637161508019197e-06,7.127319127783055e-05,0.016937943320343415,stationary_post_release,1,1,7.022586243761884e-05,1,0,0,,,-0.08371137729558832,0.255212714986534,-0.0597015181748806,-0.08347722035210026,0.25519444970269123,-0.05954261207297655
49.82333333333334,-0.08401861933240079,0.2551721341136733,-0.060242405912456935,0.30864180470934416,0.23429569016335022,0.03844667541869235,-0.0005413989803005337,-2.2315589017940507e-05,-0.0006997938394803851,0.012684458959760253,stationary_post_release,1,1,0.0005418586913427479,1,0,0,,,-0.08431086164334023,0.2551941080906118,-0.06067061542210393,-0.08347722035210026,0.25519444970269123,-0.05954261207297655
49.85666666666667,-0.08396339226863746,0.25516608207011127,-0.060207112528485755,0.3086970317731075,0.2342896381197882,0.03848196880266353,-0.0004861719165372008,-2.8367632579962e-05,-0.0006645004555092052,0.0019581511818002424,stationary_post_release,1,1,0.00048699882444175026,1,0,0,,,-0.0837381481917219,0.25516704086331365,-0.059803889719171964,-0.08347722035210026,0.25519444970269123,-0.05954261207297655
49.89,-0.0838963242762749,0.25515813579024654,-0.06019893697370362,0.30876409976547003,0.23428169183992348,0.03849014435744567,-0.0004191039241746436,-3.63139124446854e-05,-0.0006563249007270691,0.004626365203720378,stationary_post_release,1,1,0.0004206742201462144,1,0,0,,,-0.08418879132378329,0.2551184178785529,-0.060742106291913685,-0.08347722035210026,0.25519444970269123,-0.05954261207297655
49.92333333333334,-0.08373563549022281,0.2551602060990912,-0.05999922337383706,0.30892478855152217,0.23428376214876812,0.038689857957312224,-0.000258415138122553,-3.424360360004819e-05,-0.0004566113008605127,0.007188703612603416,stationary_post_release,1,1,0.0002606741414072661,1,0,0,,,-0.08311874043325923,0.25517354851706664,-0.05902894389401253,-0.08347722035210026,0.25519444970269123,-0.05954261207297655
49.95666666666667,-0.08362149945175444,0.25518526656873636,-0.05980725746818824,0.3090389245899905,0.2343088226184133,0.038881823862961046,-0.00014427909965418484,-9.183133954870915e-06,-0.0002646453952116906,0.006190541146703536,stationary_post_release,1,1,0.0001445710501665368,1,0,0,,,-0.08422175038975843,0.255217938372425,-0.06074100431404306,-0.08347722035210026,0.25519444970269123,-0.05954261207297655
49.99,-0.08354694302439404,0.2552113185492861,-0.05963575917347067,0.3091134810173509,0.23433487459896302,0.039053322157678615,-6.972267229378437e-05,1.6868846594852993e-05,-9.314710049412173e-05,0.0015222795805546487,stationary_post_release,1,1,7.173429456840801e-05,1,0,0,,,-0.08340757136135821,0.2551811596265089,-0.059422946066703355,-0.08347722035210026,0.25519444970269123,-0.05954261207297655
50.02333333333333,-0.08366598783577867,0.25527420422935865,-0.05978700547035958,0.3089944362059663,0.23439776027903558,0.038902075860789705,-0.00018876748367840923,7.975452666741933e-05,-0.00024439339738303173,0.0016096198785286843,stationary_post_release,1,1,0.00020492424799965132,1,0,0,,,-0.08333076169597256,0.2552625171663314,-0.05922842827833402,-0.08347722035210026,0.25519444970269123,-0.05954261207297655
50.05666666666667,-0.08359707251556017,0.25530314950314104,-0.05965961530801759,0.3090633515261848,0.23442670555281797,0.0390294660231317,-0.0001198521634599159,0.00010869980044980743,-0.00011700323504103965,0.002163264634923933,stationary_post_release,1,1,0.00016180292860096926,1,0,0,,,-0.0838704988424965,0.2552859714664948,-0.06012489370152073,-0.08347722035210026,0.25519444970269123,-0.05954261207297655
50.09,-0.0835908445155764,0.2553276544472987,-0.05967612136874953,0.30906957952616854,0.23445121049697565,0.03901295996239976,-0.00011362416347614201,0.00013320474460748466,-0.00013350929577297943,0.0004816317201107992,stationary_post_release,1,1,0.00017508270763155984,1,0,0,,,-0.08363620185565926,0.25542744263833567,-0.0597017877905367,-0.08347722035210026,0.25519444970269123,-0.05954261207297655
50.123333333333335,-0.08359109822908582,0.25532368021853596,-0.0596835688352251,0.3090693258126591,0.2344472362682129,0.03900551249592419,-0.00011387787698556584,0.000129230515844736,-0.00014095676224854664,0.0029846916069718944,stationary_post_release,1,1,0.00017224603650660943,1,0,0,,,-0.08366719220665925,0.25523558195197926,-0.059814705102922694,-0.08347722035210026,0.25519444970269123,-0.05954261207297655
50.15666666666667,-0.08349021360554419,0.2552836086379551,-0.059510211138947194,0.30917021043620074,0.234407164687632,0.03917887019220209,-1.2993253443935315e-05,8.915893526384444e-05,3.240093402935573e-05,0.004117081437043368,stationary_post_release,1,1,9.010072348455777e-05,1,0,0,,,-0.08306877015251912,0.2552948837590594,-0.05891728786814623,-0.08347722035210026,0.25519444970269123,-0.05954261207297655
50.190000000000005,-0.08346422709865634,0.25523130291597623,-0.05945839094641323,0.30919619694308864,0.23435485896565317,0.039230690384736054,1.2993253443921438e-05,3.685321328500413e-05,8.422112656331776e-05,0.00127139076997184,stationary_post_release,1,1,3.907664218542813e-05,1,0,0,,,-0.08382763864010198,0.25527527955453866,-0.05997140746135572,-0.08347722035210026,0.25519444970269123,-0.05954261207297655
50.223333333333336,-0.08352270328176355,0.2552155002370316,-0.05954880932480563,0.3091377207599814,0.23433905628670854,0.03914027200634366,-4.548292966329026e-05,2.1050534340372185e-05,-6.197251829077877e-06,0.0027303342058570173,stationary_post_release,1,1,5.011807944016807e-05,1,0,0,,,-0.08346000187036651,0.25517223309470355,-0.05944724553239555,-0.08347722035210026,0.25519444970269123,-0.05954261207297655
50.25666666666667,-0.08335717891841206,0.25525723844085085,-0.05931347667446458,0.3093032451233329,0.2343807944905278,0.03937560465668471,0.00012004143368819775,6.278873815962482e-05,0.0002291353985119718,0.0028591245174083733,stationary_post_release,1,1,0.00013547092470931135,1,0,0,,,-0.08335175196242858,0.2552003291107974,-0.05931028455527898,-0.08347722035210026,0.25519444970269123,-0.05954261207297655
50.290000000000006,-0.08341840338646017,0.25505644228347346,-0.05953641482114748,0.3092420206552848,0.2341799983331504,0.03915266651000181,5.8816965640084984e-05,-0.00013800741921776716,6.197251829070938e-06,0.0076167000071363945,stationary_post_release,1,1,0.00015001827624078163,1,0,0,,,-0.08350088117109447,0.2551625723402526,-0.05966611807579691,-0.08347722035210026,0.25519444970269123,-0.05954261207297655
50.32333333333334,-0.08345764111743112,0.2550092272731697,-0.05974503007342802,0.3092027829243138,0.23413278332284665,0.03894405125772127,1.9579234669137024e-05,-0.00018522242952151435,-0.00020241800045146807,0.002149999565540986,stationary_post_release,1,1,0.0001862543820372597,1,0,0,,,-0.08284707867411786,0.25521749153562684,-0.058708341315821,-0.08347722035210026,0.25519444970269123,-0.05954261207297655
50.35666666666667,-0.08336057987290761,0.2549952016699802,-0.05965239095955902,0.3092998441688373,0.23411875771965712,0.039036690371590264,0.00011664047919264509,-0.0001992480327110413,-0.00010977888658247198,0.007844845174628313,stationary_post_release,1,1,0.00023087827945805135,1,0,0,,,-0.08430670816836684,0.25444883743991425,-0.06123691698379456,-0.08347722035210026,0.25519444970269123,-0.05954261207297655
50.39,-0.08314724934104643,0.2550749225006001,-0.05932926657591665,0.3095131747006985,0.23419847855027703,0.03935981475523263,0.00032997101105382287,-0.00011952720209112977,0.00021334549705989692,0.010704452398231687,stationary_post_release,1,1,0.0003509524471714307,1,0,0,,,-0.0827787668686359,0.25538614740107335,-0.05880977156946992,-0.08347722035210026,0.25519444970269123,-0.05954261207297655
50.42333333333334,-0.08302185520201982,0.2551608595729085,-0.05904651055748056,0.3096385688397251,0.23428441562258545,0.03964257077366873,0.00045536515008043343,-3.3590129782712363e-05,0.0004961015154959919,0.015300761079071419,stationary_post_release,1,1,0.0004566023617181531,1,0,0,,,-0.08281808802099956,0.2552060450200152,-0.05859832266788128,-0.08347722035210026,0.25519444970269123,-0.05954261207297655
50.45666666666667,-0.0827433228200251,0.2552982088666275,-0.058419601761993456,0.30991710122171984,0.23442176491630445,0.04026947956915583,0.000733897532075159,0.00010375916393629003,0.0011230103109830941,0.0070794805489760295,stationary_post_release,1,1,0.0007411960278406563,1,0,0,,,-0.08279162837772751,0.2552848272446127,-0.0586198195840221,-0.08347722035210026,0.25519444970269123,-0.05954261207297655
50.49,-0.08290050049727231,0.2551569478173948,-0.05859043047216744,0.3097599235444726,0.23428050386707172,0.040098650858981844,0.0005767198548279479,-3.7501885296442605e-05,0.0009521816008091072,0.004475428081820067,stationary_post_release,1,1,0.0005779378706691203,1,0,0,,,-0.08301113393401104,0.2551203828573515,-0.058708743675015315,-0.08347722035210026,0.25519444970269123,-0.05954261207297655
50.52333333333333,-0.0829245233738654,0.25522431664345363,-0.05864482632854455,0.30973590066787954,0.23434787269313057,0.04004425500260474,0.0005526969782348595,2.9866940762401928e-05,0.0008977857444320003,0.0020471752201514444,stationary_post_release,1,1,0.0005535033729801921,1,0,0,,,-0.08297469867082935,0.2551813949018434,-0.058604691616908226,-0.08347722035210026,0.25519444970269123,-0.05954261207297655
50.55666666666667,-0.0828832772454226,0.25528620052205786,-0.05863072237468595,0.30977714679632234,0.2344097565717348,0.040058358956463334,0.0005939431066776524,9.175081936663165e-05,0.000911889698290598,0.0029243683356118674,stationary_post_release,1,1,0.0006009880421641927,1,0,0,,,-0.08277696571764552,0.25524746190311576,-0.05856952686760873,-0.08347722035210026,0.25519444970269123,-0.05954261207297655
50.59,-0.08291628527214812,0.25532185018096915,-0.05881343214469289,0.30974413876959683,0.23444540623064608,0.0398756491864564,0.0005609350799521406,0.000127400478277917,0.0007291799282836617,0.00896526531930775,stationary_post_release,1,1,0.0005752208669601238,1,0,0,,,-0.08299650843268158,0.2554661673410761,-0.058896619241351506,-0.08347722035210026,0.25519444970269123,-0.05954261207297655
50.623333333333335,-0.08317310222602844,0.255302051744953,-0.059153194198909666,0.3094873218157165,0.23442560779462995,0.03953588713223962,0.00030411812607181177,0.0001076020422617896,0.0003894178740668844,0.00980976047756687,stationary_post_release,1,1,0.0003225926752180501,1,0,0,,,-0.08293236607189969,0.2553035385401081,-0.05885689140751202,-0.08347722035210026,0.25519444970269123,-0.05954261207297655
50.65666666666667,-0.08334744011275559,0.2552797988539604,-0.05930336306147233,0.30931298392898937,0.23440335490363734,0.039385718269676954,0.0001297802393446651,8.53491512691762e-05,0.00023924901150421812,0.0037312496126891406,stationary_post_release,1,1,0.00015532993319617206,1,0,0,,,-0.0834822118764932,0.2551547527596317,-0.05960332471697624,-0.08347722035210026,0.25519444970269123,-0.05954261207297655
50.690000000000005,-0.0833877774531592,0.2552810322983417,-0.05927708640760229,0.3092726465885858,0.23440458834801864,0.039411994923546995,8.944289894105562e-05,8.65825956504751e-05,0.00026552566537425826,0.001648939474244208,stationary_post_release,1,1,0.00012448525230144154,1,0,0,,,-0.08366901141243872,0.2552889987581243,-0.05947966547662862,-0.08347722035210026,0.25519444970269123,-0.05954261207297655
50.723333333333336,-0.08333615664299227,0.2553309369190134,-0.059206708872563005,0.3093242673987527,0.2344544929686903,0.03948237245858628,0.00014106370910799138,0.00013648721632214533,0.0003359032004135454,0.007951420870887278,stationary_post_release,1,1,0.00019628481919565786,1,0,0,,,-0.08307613583017107,0.2553768979605117,-0.05885950961217145,-0.08347722035210026,0.25519444970269123,-0.05954261207297655
50.75666666666667,-0.08310298933082622,0.2553512350231295,-0.05883553491570974,0.30955743471091873,0.23447479107280644,0.03985354641543955,0.00037423102127404073,0.00015678532043827964,0.0007070771572668111,0.0019063393876415711,stationary_post_release,1,1,0.0004057468348474767,1,0,0,,,-0.08317575351344121,0.25539849463608966,-0.059000661429055114,-0.08347722035210026,0.25519444970269123,-0.05954261207297655
50.790000000000006,-0.08323637245570563,0.2552628665219134,-0.05916719652921657,0.3094240515860393,0.2343864225715903,0.039521884801932715,0.00024084789639462756,6.841681922215015e-05,0.0003754155437599785,0.00820773353715822,stationary_post_release,1,1,0.0002503768566585051,1,0,0,,,-0.08311059075068608,0.2552424911044969,-0.0590476348893181,-0.08347722035210026,0.25519444970269123,-0.05954261207297655
50.82333333333334,-0.08335831290686777,0.2552158963541539,-0.059300187167812296,0.30930211113487716,0.23433945240383086,0.03938889416333699,0.0001189074452324912,2.144665146269764e-05,0.00024242490516425408,0.004051559367746096,stationary_post_release,1,1,0.00012082607082364436,1,0,0,,,-0.08322796330068874,0.2551991126508756,-0.0588983691996692,-0.08347722035210026,0.25519444970269123,-0.05954261207297655
50.85666666666667,-0.08342533505824914,0.2552337259162287,-0.05935798465250103,0.30923508898349583,0.23435728196590566,0.03933109667864826,5.1885293851111625e-05,3.9276213537497995e-05,0.00018462742047552216,0.0014064055884632938,stationary_post_release,1,1,6.507460847257817e-05,1,0,0,,,-0.0839571792591383,0.2551423450323472,-0.06041435918867959,-0.08347722035210026,0.25519444970269123,-0.05954261207297655
50.89,-0.08337183423208279,0.2552873084681462,-0.05924095464969117,0.3092885898096622,0.23441086451782311,0.03944812668145812,0.00010538612001746717,9.285876545495064e-05,0.00030165742328538275,0.0012939259639063953,stationary_post_release,1,1,0.0001404599039375776,1,0,0,,,-0.08299726850640723,0.25537130797770813,-0.058539388166660156,-0.08347722035210026,0.25519444970269123,-0.05954261207297655
50.92333333333334,-0.0834140837568075,0.25531904694363655,-0.059352084082996914,0.30924634028493747,0.2344426029933135,0.03933699724815237,6.313659529275095e-05,0.00012459724094532332,0.00019052798997963583,0.000665760236830474,stationary_post_release,1,1,0.00013968071490491296,1,0,0,,,-0.08342229325937335,0.25536229693016466,-0.059328873952207296,-0.08347722035210026,0.25519444970269123,-0.05954261207297655
50.95666666666667,-0.08335439002812808,0.2553052499520976,-0.059277611760318503,0.3093060340136169,0.23442880600177451,0.03941146957083078,0.00012283032397217286,0.00011080024940635091,0.00026500031265804663,0.0026312638798045352,stationary_post_release,1,1,0.00016542062675379545,1,0,0,,,-0.08318337721830371,0.2552640347944668,-0.05906879224133842,-0.08347722035210026,0.25519444970269123,-0.05954261207297655
50.99,-0.08325836611552731,0.2552483654145743,-0.059313001232255684,0.30940205792621767,0.23437192146425123,0.0393760800988936,0.00021885423657294623,5.3915711883067985e-05,0.00022961084072086607,0.0035125448626250333,stationary_post_release,1,1,0.0002253976061403162,1,0,0,,,-0.08373101791889356,0.25524899495749553,-0.059990641456407166,-0.08347722035210026,0.25519444970269123,-0.05954261207297655
