frame,time_s,status,world_source_id,detection_count,error_px,ambiguity_gap_px,x_m,y_m,z_m,relative_rx_rad,relative_ry_rad,relative_rz_rad,distance_m
0,0.0,tracked,1,1,0.19921915777459373,0.43444938994400595,-0.19334265511295845,0.2770744634645823,-0.09487894794112944,1.8252996476624392,-0.16611499226649093,1.897122104946234,0.35093255100194126
1,0.03333333333333333,tracked,1,1,0.19204356883334128,0.4281752977725668,-0.19342763704369842,0.2765596426474332,-0.09557570199320009,1.8230387414459759,-0.15212525258909718,1.892415811777318,0.3507623148587625
2,0.06666666666666667,tracked,1,1,0.37014381429297033,0.4995630790385894,-0.19210687123468367,0.2749452878979299,-0.09997994774298907,1.7898038846085262,-0.14964170808399702,1.9378894484018627,0.3499942160429879
3,0.1,tracked,1,1,0.1324830050499025,0.44522639841348766,-0.19481332743891583,0.2774121604912026,-0.09622227433106578,1.8278583207035588,-0.15506549677601383,1.8941760744978418,0.3523754608562603
4,0.13333333333333333,tracked,1,1,0.15959355443466983,0.45378879531523797,-0.19587571336142923,0.2766731053820732,-0.09645036198967982,1.8368799607475355,-0.1528768015051344,1.8809654015941173,0.35244570454830176
5,0.16666666666666669,tracked,1,1,0.18726809840429,0.48932445949768444,-0.19527597761945975,0.2763126647726713,-0.09761831394077758,1.8153523722450073,-0.15103783362166434,1.8988521530902192,0.35215157441881556
6,0.2,tracked,1,1,0.09931908226184243,0.4495096171151534,-0.19564801310093421,0.27637183161114004,-0.09772533104198716,1.819639194576606,-0.14686522251436027,1.8972031909748648,0.35243407137464117
7,0.23333333333333334,tracked,1,1,0.058643361923167776,0.46428280941503397,-0.1959930193083615,0.2762109726352365,-0.09865637745432465,1.818302584079559,-0.13895462037879477,1.8939705908063416,0.3527589061017755
8,0.26666666666666666,tracked,1,1,0.11196672316094435,0.5044262850832366,-0.19546044805905205,0.2768805172374206,-0.0980208586237526,1.8217726445563238,-0.14648800732088585,1.8940032100336266,0.35281113404546155
9,0.30000000000000004,tracked,1,1,0.20877629282337182,0.5035532415922888,-0.19450128285180196,0.2771224069787268,-0.0961974724709383,1.8279134006593356,-0.15186584788926394,1.885860765422323,0.3519680826303384
10,0.33333333333333337,tracked,1,1,0.3032178911529032,0.5145329177214134,-0.19097231420858907,0.2782613631014209,-0.09134114762083911,1.8341298692502521,-0.17082241690357314,1.8913749692613289,0.34963268759933874
11,0.3666666666666667,tracked,1,1,0.27521418232191447,0.5216601524147568,-0.19237302493542396,0.2770182247784674,-0.09447157143966112,1.8277448665243192,-0.14996538378776308,1.884681489512144,0.35024470787222145
12,0.4,tracked,1,1,0.32672786539729165,0.5125437215462623,-0.19265293676215195,0.2775284346282729,-0.09387676316920235,1.8345330050317836,-0.15505055354484415,1.8850645525047607,0.3506423145221178
13,0.43333333333333335,tracked,1,1,0.15309339934653493,0.5108745489685154,-0.19201448487089973,0.2779715580239456,-0.09517999623096018,1.8174840768572162,-0.15620746388071716,1.9028285652898913,0.35099427510006814
14,0.4666666666666667,tracked,1,1,0.26704696147577534,0.4993194291852817,-0.19140275882497132,0.277740172938252,-0.09567366990247139,1.8084246098377297,-0.16548626172392406,1.912022354171816,0.3506109964935317
15,0.5,tracked,1,1,0.2258577587267929,0.5181977657857901,-0.19196581454190476,0.27745437179741445,-0.09561287390674816,1.812324232713542,-0.16420104089556053,1.9040589094889404,0.3506759530377619
16,0.5333333333333333,tracked,1,1,0.25725809729926635,0.48731290741822036,-0.1912819393680935,0.2786052851267887,-0.09372858522402244,1.8188594034274754,-0.16305040481127683,1.9028457536767032,0.35070604915954195
17,0.5666666666666667,tracked,1,1,0.22581633137118817,0.5180059537868313,-0.19217993695623498,0.27894869038407355,-0.09498175801436864,1.81728708227835,-0.16846036419516097,1.9107912805652676,0.35180539278270345
18,0.6000000000000001,tracked,1,1,0.21966929773689947,0.49301313823078863,-0.19293798875790547,0.27865861102320477,-0.09528136930468528,1.82067087628216,-0.1638361737056982,1.901746445449709,0.35207133984450256
19,0.6333333333333334,tracked,1,1,0.24963270983091668,0.5210994602948148,-0.19216492698223303,0.27832423779250026,-0.0951166424646363,1.8182708370033662,-0.1676078876280918,1.9027075513399554,0.35133874847304936
20,0.6666666666666667,tracked,0,1,0.2535371432534387,0.49580697669735296,-0.19141111061300187,0.27905246986261345,-0.09429070975774545,1.820732168903358,-0.15438974711383263,1.898201828213462,0.35128226848098526
21,0.7000000000000001,tracked,1,1,0.2693585987873795,0.49276888650137834,-0.1908900154022849,0.2788892635979069,-0.09298166668210261,1.8221619561561078,-0.16833266828894014,1.9012733917686735,0.35051934278930885
22,0.7333333333333334,tracked,0,1,0.23159114375500017,0.49796567830911515,-0.1909257776835554,0.27908254963267826,-0.09303274220946428,1.8261757531209757,-0.1564655364138382,1.897006857942469,0.35070616364209994
23,0.7666666666666667,tracked,1,1,0.2228156040668274,0.5018797839234131,-0.19184423066857326,0.2782755168912799,-0.09386845653283077,1.8237706977161419,-0.1545052894665932,1.8927396836365553,0.35078876731415115
24,0.8,tracked,1,1,0.23013294969557685,0.5166839403124968,-0.1928550470093408,0.277666002066854,-0.09464859223640443,1.8221603108383428,-0.15387930541809666,1.8950297679228683,0.3510695570297977
25,0.8333333333333334,tracked,1,1,0.2240888954125733,0.5254494029389782,-0.19111909038841407,0.277932564443211,-0.09212557355888418,1.8373190540226196,-0.15033173514001222,1.8800376240549586,0.34965717265977514
26,0.8666666666666667,tracked,1,1,0.28214062843184373,0.5215339165981642,-0.19045301859524355,0.27766753894984214,-0.09181688217936146,1.8315496270574227,-0.153275682594709,1.8853180513498529,0.34900136723462993
27,0.9,tracked,1,1,0.23576688487062064,0.4984965092755161,-0.1926882444542911,0.27765974562910956,-0.0944914331348587,1.8229344910855851,-0.14861506298171703,1.8930961812216067,0.35093065530041395
28,0.9333333333333333,tracked,1,1,0.30398338703980904,0.47178094841017154,-0.19367181854254828,0.27784741395266643,-0.09609512869493508,1.8165085662422296,-0.15878637782976987,1.9038546963930307,0.3520543033349518
29,0.9666666666666667,tracked,1,1,0.24275676063352183,0.47256363104019705,-0.1945516374540167,0.2773551943680476,-0.09663610012565843,1.8242573263662678,-0.14561071031287803,1.892362780159145,0.3522992752284241
30,1.0,tracked,1,1,0.19181659793267597,0.4900051469698094,-0.19442978435293667,0.27736590789849014,-0.09669886532087502,1.8246582939956784,-0.1452825365355961,1.891266656017536,0.3522576591959753
31,1.0333333333333334,tracked,1,1,0.2405480788683644,0.4622824679320101,-0.19447303061607046,0.2773901649557336,-0.09704575364324153,1.8187093108409662,-0.14924187379533066,1.896898993199556,0.3523960010433616
32,1.0666666666666667,tracked,1,1,0.1540864145782166,0.47698586272536103,-0.1955682201991965,0.27712915174500424,-0.0982748549337939,1.8224489224798708,-0.14012203884968533,1.8935223128716703,0.3531365778435381
33,1.1,tracked,1,1,0.19571149300489052,0.48584020908528613,-0.19471637329833685,0.2773938496124339,-0.0976877336079412,1.8179942188214562,-0.14785900970709065,1.900402822473553,0.3527105146302261
34,1.1333333333333333,tracked,1,1,0.202439647752938,0.4874586855554077,-0.194658196697161,0.2772742620133352,-0.09792443375674087,1.8176112939279798,-0.1446000317864876,1.8959274478492036,0.3526500030384356
35,1.1666666666666667,tracked,1,1,0.2712038028305012,0.4715242746615053,-0.19456221123689493,0.277053058157967,-0.09813545981719324,1.8115531144378434,-0.1484608367099619,1.8993679906925047,0.352481800309752
36,1.2000000000000002,tracked,1,1,0.2695937083273379,0.49321769917776753,-0.19212231177210992,0.2777092362780198,-0.09378498632759497,1.8302060539500784,-0.14713021235832027,1.8819154668560858,0.350469722308858
37,1.2333333333333334,tracked,1,1,0.15576472929842505,0.5109458791883974,-0.19170959076650085,0.27703201121137166,-0.09537575731391579,1.8160068898501869,-0.15205981397656437,1.8976702904791127,0.35013688396237225
38,1.2666666666666668,tracked,1,1,0.19738694984785682,0.5175758998199427,-0.19366650176776984,0.2774086976724697,-0.09683809962157325,1.8164842711527707,-0.14783726131939315,1.8953759191137407,0.35190896122380716
39,1.3,tracked,1,1,0.24216856771692205,0.49100221106982844,-0.19383676882911488,0.2771893330544988,-0.09801009772517244,1.8110915491720783,-0.14913149721511712,1.9006340217084614,0.35215422553961695
40,1.3333333333333335,tracked,1,1,0.24592848887248028,0.4898417197590681,-0.19487909230371625,0.2768162282953261,-0.09875839460427971,1.814930451500133,-0.14608340660769575,1.8971007343928414,0.35264472967788
41,1.3666666666666667,tracked,1,1,0.18519185025111154,0.5168758640373478,-0.19434634707135184,0.27705592386428557,-0.09827280619277284,1.8141243323744456,-0.14808028980132332,1.9013141560701288,0.3524032236022728
42,1.4000000000000001,tracked,1,1,0.19430791868136357,0.48460023569579747,-0.19486916695374773,0.276520814704925,-0.09964522769091527,1.8092337901411075,-0.14223606001123945,1.8976545480366502,0.35265695030141886
43,1.4333333333333333,tracked,0,1,0.21481929162344204,0.5044452475784077,-0.19295994271160538,0.27853444310325437,-0.09643864318381418,1.825345552316698,-0.159030860669808,1.8882431649314046,0.35230013821348566
44,1.4666666666666668,tracked,1,1,0.1775220645054048,0.5321872060331219,-0.194583243812526,0.27673910779271055,-0.09854447249112291,1.8169645915100623,-0.14149362116013817,1.8984926310996346,0.35236087412348166
45,1.5,tracked,0,1,0.20180549648167306,0.5239030284136006,-0.1933928805641954,0.2775953891455384,-0.09781886648357979,1.8266082993313038,-0.15126525360993,1.8836039298596579,0.35217685467377385
46,1.5333333333333334,tracked,1,1,0.200188330025535,0.5190002084039267,-0.19521667269228257,0.2763849090563872,-0.1000077340060716,1.814789749912921,-0.13776323527879988,1.8957478781905928,0.3528451701698386
47,1.5666666666666669,tracked,1,1,0.2295719602505786,0.4921949856944178,-0.1950800922916591,0.27637701152122995,-0.10072415260483458,1.810470029750791,-0.1369860321052492,1.9004205604133833,0.35296720785915836
48,1.6,tracked,1,1,0.2425446649523355,0.48188542584563343,-0.19498213419225538,0.27622971435084437,-0.10038778225285683,1.8112191135421891,-0.13534716905522082,1.9003882071859899,0.3527018493999752
49,1.6333333333333335,tracked,1,1,0.23350668764702193,0.5388102825116157,-0.19381038501014075,0.2765879567720399,-0.09884674154535722,1.813090945372891,-0.1385351384164191,1.8992754683268027,0.3519006130759727
50,1.6666666666666667,tracked,1,1,0.2325451358044807,0.5168733896371089,-0.19414698350880136,0.27665829090787086,-0.09872810013132127,1.8129952366670226,-0.14124200263678907,1.8965277445369513,0.3521080784207756
51,1.7000000000000002,tracked,1,1,0.21234842444242363,0.5254542206627998,-0.19429861194239517,0.2763707056430674,-0.09947056262120235,1.809959687574558,-0.13678535623683322,1.8988564941603059,0.3521748292660437
52,1.7333333333333334,tracked,1,1,0.20845847069495319,0.5293552003569547,-0.19413410890220242,0.2769307053420776,-0.09835060983704136,1.8160191475471423,-0.14184865495954152,1.8968045131794624,0.3522094692875686
53,1.7666666666666668,tracked,1,1,0.1718259246277878,0.538851977381291,-0.19508640448287565,0.2760261526491617,-0.10027540647904237,1.81274489924266,-0.13347316676225893,1.8971926258116496,0.3525681484548649
54,1.8,tracked,1,1,0.18680083432778202,0.5066666571901426,-0.19439965422367714,0.27676669627606454,-0.09948236365585017,1.8100851982867807,-0.14402732113166164,1.896095443250431,0.35254470696410606
55,1.8350000000000002,tracked,1,1,0.22044109497209421,0.49988883373606763,-0.1950844566000715,0.2761849476483023,-0.10065976595541226,1.8071041104968706,-0.13149902751111484,1.900442414072019,0.35280087726171977
56,1.8683333333333334,tracked,1,1,0.2581899417682833,0.5193082471652812,-0.19515102997217038,0.27636590443224124,-0.10093850827782275,1.8071064100333385,-0.13031124736580585,1.9031343120141657,0.35305894704029483
57,1.9016666666666668,tracked,0,1,0.21799861376059318,0.5179758236513113,-0.19315632634002916,0.27791609981206944,-0.09825396065937947,1.8280378952333698,-0.14432144346813716,1.8824345790715207,0.3524210063619688
58,1.935,tracked,1,1,0.2573411377097895,0.5081912038826542,-0.19405450533551535,0.2772127727281863,-0.09911601859785546,1.809037190689503,-0.13854745385425515,1.9034898071452122,0.35260183996591826
59,1.9683333333333335,tracked,1,1,0.1941720284487709,0.5001809095857204,-0.19328247844791097,0.27715012771738523,-0.09792307675162171,1.811460568997991,-0.14168772493678772,1.9000272431764222,0.3517943130996209
60,2.001666666666667,tracked,1,1,0.18647843073084236,0.4653618936761885,-0.1922293830008123,0.2771866883479118,-0.09732241732270897,1.811535340128292,-0.1428200648535047,1.8996010288555607,0.35107869317247226
61,2.035,tracked,1,1,0.19527829388692297,0.5151327223349014,-0.19366770237329822,0.276247486125965,-0.10003523743484771,1.8022235699496674,-0.1306741890394095,1.9027287952856449,0.35189046770566834
62,2.0683333333333334,tracked,0,1,0.22484396300382456,0.5222194265004667,-0.19291344862992182,0.27923679262171025,-0.09704763048007797,1.8267951626471857,-0.15353901820844626,1.880009796489772,0.3529972062180482
63,2.101666666666667,tracked,1,1,0.227678440601819,0.5203188993533036,-0.192942180974719,0.2772908031899016,-0.09794507619801374,1.8077452265642273,-0.1403867303052528,1.8981524441902033,0.35172448405593926
64,2.1350000000000007,tracked,0,1,0.2333702312807649,0.5127946111666299,-0.19262859135967775,0.2793803841798129,-0.09686489979248819,1.82918368672208,-0.15756898448695453,1.881836208224421,0.35290506100859814
65,2.1683333333333334,tracked,1,1,0.21070513057675483,0.4834352536269985,-0.19458320204497714,0.27747580447754217,-0.09959182666865823,1.8113086708163535,-0.13717175491435643,1.9003873779562996,0.35323360050784475
66,2.2016666666666667,tracked,0,1,0.25630664641569206,0.4666583136876809,-0.19318929398912005,0.2793823201406184,-0.09788516802541902,1.8239721863533445,-0.15272273883701004,1.8850419696639633,0.35349411627145105
67,2.2350000000000003,tracked,0,1,0.25111049765167937,0.4809339319290753,-0.19303520783342998,0.279437517517234,-0.09744072639776635,1.8214967911933801,-0.1525564783096116,1.888604447403039,0.3533307414030292
68,2.2683333333333335,tracked,1,1,0.23695526246384518,0.49480784668268624,-0.19347007892271578,0.27809990003507307,-0.09781373785666225,1.8103696368462667,-0.14941540386561827,1.9016728559259883,0.3526155883556077
69,2.3016666666666667,tracked,0,1,0.21246648464197695,0.5098111356438056,-0.19260458636000827,0.2799854948035202,-0.09713532721763246,1.8244734592255953,-0.15296360598232697,1.8868476249525845,0.35344543536585454
70,2.335,tracked,1,1,0.23523176765433101,0.4902180580718651,-0.19324470717147396,0.2777445132210639,-0.0978403637665266,1.8079824641353814,-0.14362040516546473,1.9012828515524307,0.3522190628801353
71,2.3683333333333336,tracked,1,1,0.2061990209948628,0.508934556515243,-0.1938055312799168,0.27801193855004164,-0.09786624046303327,1.8123181523608698,-0.14328501585891357,1.9013177088565838,0.35274498288907125
72,2.401666666666667,tracked,1,1,0.20552187666258198,0.5030093773278537,-0.19405313908622457,0.2779057984353159,-0.09782113709358159,1.8135486882551588,-0.13854131288432037,1.8936224149758514,0.3527849606424136
73,2.435,tracked,1,1,0.22310614932719294,0.5019281961037715,-0.1928052956257138,0.2788676966318428,-0.09594182060512574,1.8132452082606263,-0.15033024706241613,1.9041771083078038,0.35234345060905353
74,2.468333333333334,tracked,1,1,0.20762505206293586,0.489969810133467,-0.19366393475836702,0.27850262747096427,-0.09649780681420489,1.8167505293739241,-0.14790009336076101,1.8976966467495655,0.3526772743660631
75,2.501666666666667,tracked,1,1,0.22113873821291494,0.5053946884278778,-0.19364828328478823,0.27876177304397526,-0.09610873385006935,1.8151450931512012,-0.15436106193514798,1.8979133986620615,0.3527671646455064
76,2.535,tracked,1,1,0.27557225480811615,0.49795896727321803,-0.19376112698030573,0.27855793122067046,-0.09545773619857756,1.8221572507911634,-0.1555853360077885,1.8905547235680462,0.3524912407064538
77,2.5683333333333334,tracked,1,1,0.3703909976047311,0.49557217703219986,-0.19360759438182235,0.2785692241956766,-0.09491716312082321,1.8208949908043022,-0.1504099004146201,1.8887192920282228,0.3522697561900572
78,2.601666666666667,tracked,1,1,0.28388053118589157,0.48025498243799875,-0.19353256764042454,0.2774815796114788,-0.09555580960910087,1.8186551377407119,-0.14389808254998304,1.890292415569309,0.3515420238196675
79,2.6350000000000007,tracked,1,1,0.29708656351540447,0.46632595461825616,-0.19282360337856602,0.27770276442259106,-0.09423097803489372,1.818467943470416,-0.14696658419628744,1.8880185725175804,0.35096900804665965
80,2.6683333333333334,tracked,1,1,0.2719138210004682,0.46910898958918473,-0.19231303727331872,0.27904092669184694,-0.09239589573984314,1.8289428903059572,-0.15769177193870917,1.8801803545521634,0.3512622163340394
81,2.7016666666666667,tracked,1,1,0.31911496999923344,0.49263876370654885,-0.1937613039299994,0.2792660931151106,-0.09452096586503123,1.8214226098337125,-0.15808751679554897,1.888107654628202,0.3527991023975112
82,2.7350000000000003,tracked,1,1,0.25420486817595833,0.483891819848136,-0.19418383309920834,0.2795634524072165,-0.09331622971930048,1.8308156099156334,-0.15900684588560626,1.8811093228128817,0.3529461767578287
83,2.7683333333333335,tracked,1,1,0.29601195678983405,0.48195273974043895,-0.1942890085803775,0.279285754048602,-0.09371402969945669,1.8314286919604117,-0.1519478117985547,1.8795178020985475,0.3528896011958313
84,2.8016666666666667,tracked,1,1,0.3209022864524538,0.48192038795422754,-0.19325995956520386,0.27991755504841936,-0.09221325565164218,1.83529138566639,-0.15575536096404458,1.8759143492943962,0.35242947395656943
85,2.835,tracked,1,1,0.27392891237298295,0.4565725415362519,-0.1932952251451433,0.2793544895398763,-0.09346610779739079,1.8265411748375322,-0.15011136010384465,1.8835504986405167,0.3523320709171817
86,2.8683333333333336,tracked,1,1,0.2602984188334048,0.43862148456199596,-0.19379156094875094,0.27866049813476207,-0.09350204628942643,1.8287990782527923,-0.14716114826828608,1.8791603051425854,0.35206458921052713
87,2.901666666666667,tracked,1,1,0.31038775924617373,0.46158426872002195,-0.19393857503185236,0.27933624149546327,-0.0930916864689601,1.8311921204901818,-0.15979308536186326,1.8814836171807965,0.3525719342032663
88,2.935,tracked,1,1,0.27330060468476824,0.4552621084637807,-0.19406001951449575,0.27920591646850357,-0.09412429618770757,1.8249588250616855,-0.15231245116485367,1.8850880036521898,0.35280960601692063
89,2.968333333333334,tracked,1,1,0.2635836756856507,0.47589038080832186,-0.19399703088485176,0.2793752189562133,-0.09339439298020619,1.8283025578735064,-0.15356827670210058,1.8799778735546293,0.35271500336548123
90,3.001666666666667,tracked,1,1,0.2689898373878376,0.46098002224998985,-0.19374642652783647,0.2793692729820986,-0.09261220572642465,1.8322621153200331,-0.155216609568798,1.8772530431252834,0.3523661293716612
91,3.035,tracked,1,1,0.2673450204195586,0.4720206118641686,-0.19317933990740477,0.2793126823132354,-0.09280751850550523,1.8277726866326234,-0.15458872391119044,1.8767467870606138,0.35206116991117425
92,3.0683333333333334,tracked,1,1,0.21772048841569175,0.48734592243531766,-0.1936066013362912,0.2792481743311638,-0.09310138912389221,1.8300026861702086,-0.15198507964653318,1.8815682379205114,0.35232219289320393
93,3.101666666666667,tracked,1,1,0.23097282680314635,0.46496104245704994,-0.19303074011729054,0.27998045646269426,-0.09229483821937445,1.8313717204870936,-0.15775621909023677,1.8796858684047546,0.3523751690928691
94,3.1350000000000007,tracked,1,1,0.1923075195166173,0.457119388704864,-0.19350787656985663,0.27913438913468935,-0.09355010944997255,1.826510029834648,-0.1487293743619141,1.879799308463214,0.3522966483948902
95,3.1683333333333334,tracked,1,1,0.17582814578562123,0.4718403487524989,-0.19218482710804619,0.2798299338043819,-0.09270981180483001,1.8251639035477298,-0.14989397843290522,1.8863459766448822,0.35190184544614334
96,3.2016666666666667,tracked,1,1,0.23014009038783484,0.4647230008350995,-0.1933681157550416,0.2793597350892104,-0.09310171808574852,1.83072669698279,-0.15223230154325662,1.8790002036679736,0.35227974635264964
97,3.2350000000000003,tracked,1,1,0.26834000786648643,0.47548044705178555,-0.19314730592445067,0.2791311758638035,-0.09336271328518864,1.8260449237717227,-0.15164715245424806,1.8844231227332753,0.3520464335239817
98,3.2683333333333335,tracked,0,1,0.1889694867003945,0.4857992310569831,-0.1911603068825119,0.28237741675396344,-0.09096903694387443,1.823103371081577,-0.16494463344812435,1.8917436545891346,0.35292298607848377
99,3.3016666666666667,tracked,0,1,0.23762410763042469,0.499631861740596,-0.1909867477290635,0.28297223223392864,-0.09008920295566897,1.8250354231568107,-0.16151080445898208,1.8923657421347844,0.35307971693764156
100,3.3350000000000004,tracked,1,1,0.26086062167045754,0.4860587332959404,-0.19320270171092563,0.279169153971357,-0.09346460724126038,1.8262341334039276,-0.14980793962212807,1.8791295162981903,0.3521339706478874
101,3.3683333333333336,tracked,1,1,0.22821720035222068,0.4928873545038359,-0.19343988016347996,0.27840221247634195,-0.09432627709365315,1.8230643636317958,-0.14206389191301105,1.8827643899692348,0.3518866659874062
102,3.401666666666667,tracked,1,1,0.1829359831368498,0.49506212384611614,-0.19279255252949012,0.2794749622149667,-0.0922715825174224,1.8326961997750757,-0.1522661835482113,1.876034258492742,0.35183699031819093
103,3.435,tracked,1,1,0.25856917961684683,0.4767804543844277,-0.1932848950820007,0.27906969158286526,-0.09321848935796734,1.8310491770334714,-0.1499618105574718,1.8743446889363093,0.3520349843200204
104,3.468333333333334,tracked,1,1,0.223229669391218,0.4595567456413481,-0.194815158446009,0.27831232166073383,-0.09525359937287048,1.8236119738590173,-0.14032951189035936,1.88031235609439,0.3528228203249028
105,3.501666666666667,tracked,1,1,0.17461803936205694,0.5041951202202826,-0.1941503178370002,0.27853089101314377,-0.09483510716827676,1.8228711346598472,-0.14083177833572796,1.882904044396441,0.352515958101761
106,3.535,tracked,1,1,0.2668762287229594,0.487082544815112,-0.19395126594416878,0.27943095942463164,-0.09417444363495103,1.825001139597078,-0.15734446993058332,1.8823973475786855,0.3529413272489755
107,3.5683333333333334,tracked,0,1,0.25231099987756844,0.4902198633088164,-0.19092533799274708,0.28265894200824915,-0.09053408969421978,1.8258124245480956,-0.16492668462221505,1.8890106116779048,0.35290931353766863
108,3.601666666666667,tracked,1,1,0.2705186678676369,0.49367224112099695,-0.19490351294123742,0.27852923155241965,-0.09485170539200494,1.8306560880828815,-0.14111444969229833,1.8747734607286477,0.35293449562459633
109,3.6350000000000007,tracked,1,1,0.28394529750460834,0.48337289363806807,-0.1933307332076823,0.2786525962022479,-0.09379420373986064,1.8255945917798755,-0.1390214473209308,1.8833802296152085,0.3518826429764156
110,3.6683333333333334,tracked,1,1,0.24838311946191377,0.5061896346162278,-0.1919213239825826,0.27925271529904255,-0.09220872421265314,1.8250428937568137,-0.1475891082049972,1.885527118263878,0.3511670861883851
111,3.701666666666667,tracked,1,1,0.18473691537494527,0.5121526674212176,-0.19326892107381732,0.27917909010327335,-0.09358425025432138,1.8269992251574156,-0.1445693088698223,1.8794449929717438,0.35220995457197474
112,3.7350000000000003,tracked,1,1,0.24217308758403108,0.49842374179388915,-0.1927438024004896,0.27906540130830904,-0.09293253914861233,1.8270004988787705,-0.14658550471432397,1.883060519002923,0.3516591082337765
113,3.7683333333333335,tracked,1,1,0.2264076486222763,0.4707742472484652,-0.1924394875975483,0.27932054030665354,-0.09179322523702471,1.8308826065241035,-0.15012032158375754,1.8754253191746417,0.3513956698985105
114,3.8016666666666667,tracked,1,1,0.22093498766050113,0.4663622800467523,-0.19217021118794914,0.2792164580373583,-0.09238537578666328,1.8272639918442306,-0.14546841289929904,1.8774854172476179,0.35132076250371513
115,3.8350000000000004,tracked,1,1,0.2583407429776716,0.4803999787892268,-0.19113543651021703,0.2795553669131466,-0.09137034029597463,1.822531850564172,-0.15104300817661834,1.883773687966063,0.35075988559939036
116,3.8683333333333336,tracked,0,1,0.19672750028754843,0.49558187885782207,-0.1881826199879627,0.28377666775405475,-0.08733802804526347,1.821467864681131,-0.16908622733096285,1.8967696286371545,0.35152500162856753
117,3.901666666666667,tracked,1,1,0.24447820399876483,0.4888906670996649,-0.19367702047520124,0.2788887690777447,-0.09366846133195894,1.8298422644562906,-0.14139214344486417,1.8772501835477036,0.3522265101126657
118,3.935,tracked,0,1,0.21592234978202152,0.49469271323231756,-0.18859258887583513,0.2840185912398078,-0.08762418592809768,1.8224125665015622,-0.16806847906938266,1.8969512851166674,0.3520109695851773
119,3.968333333333334,tracked,0,1,0.29625232839648385,0.4968464643975128,-0.188504488744617,0.28400854910616546,-0.087613172585429,1.8211274605952326,-0.1650448678058234,1.8968488696212054,0.3519529318712132
120,4.001666666666667,tracked,0,1,0.27032490418090077,0.5157789090851197,-0.18771597510021404,0.2840219333427367,-0.08673597918256526,1.8229795943290452,-0.16851196412314667,1.8958898777270101,0.3513244597410327
121,4.035,tracked,1,1,0.25599367908370624,0.48631543623506185,-0.19129358695006066,0.2798402229408489,-0.09191392372417251,1.8207649357974,-0.15230184755745418,1.8921709155889948,0.35121497143228025
122,4.068333333333333,tracked,1,1,0.21938996245211562,0.5052522690866753,-0.19289252435520815,0.2790483239428471,-0.09351235369842847,1.8243541354718396,-0.1434159949479283,1.883749169380771,0.35188073738364356
123,4.101666666666667,tracked,1,1,0.230042885787424,0.47927465290137344,-0.19145034272767197,0.27963646324147745,-0.09149858469648714,1.8253638918959152,-0.15100202526417658,1.8838945387945822,0.3510295946301472
124,4.135000000000001,tracked,0,1,0.20112367329539826,0.4739348366410955,-0.18667524961206466,0.28437233527214206,-0.08569013141030773,1.8235854143423704,-0.1663506186347285,1.8959677995510813,0.3507963404982641
125,4.168333333333334,tracked,1,1,0.2606175839026605,0.4926157420450879,-0.19098679082089887,0.27965143421318167,-0.09121385288518258,1.8248615217079305,-0.14496621303241658,1.8839887409941634,0.35071476427962794
126,4.201666666666667,tracked,0,1,0.2732889970505532,0.5274675328898571,-0.18779631438665179,0.28389483506082225,-0.08690745230381514,1.8230617382967542,-0.16719322875849638,1.8948606107372135,0.351307042823456
127,4.235,tracked,0,1,0.2666500294807963,0.5022141225456834,-0.18734069577210438,0.28476593550463225,-0.08629922749391045,1.8183814993364555,-0.17198068294731553,1.9002147055510932,0.3516187295669135
128,4.2683333333333335,tracked,1,1,0.2541187242775022,0.5097302402225836,-0.19089280527218289,0.2804202815204755,-0.0909635188001855,1.827536438660247,-0.15146329009023202,1.8852349446656589,0.35121212841417926
129,4.301666666666667,tracked,0,1,0.2594844908978917,0.5264002413666855,-0.18718345175603263,0.2846620828714292,-0.08640749816384174,1.8205338934124653,-0.16337619085318797,1.9018349829476577,0.351477455571389
130,4.335,tracked,1,1,0.20926959816638482,0.4944626539467364,-0.19142843318445002,0.2801581177099855,-0.09111437721877191,1.8303806760011299,-0.15217314182804714,1.8871547480302917,0.35133352485383484
131,4.368333333333333,tracked,0,1,0.21661250107263236,0.5128878751842814,-0.18622982211885225,0.28483365197393495,-0.0856313404911282,1.824736464986231,-0.16305748943157294,1.8977706712651972,0.3509194813878756
132,4.401666666666667,tracked,0,1,0.2634302050291214,0.5025827374189895,-0.18520947154273038,0.28484768994451354,-0.08488890987874442,1.8254063170642882,-0.1663302863332928,1.8958111558838238,0.35020976833358713
133,4.4350000000000005,tracked,1,1,0.2776948630206369,0.5016693584714265,-0.1908145858190945,0.27936990486625557,-0.0905524785505879,1.833083926118652,-0.16558674941732135,1.88016135289998,0.35022492954949386
134,4.468333333333334,tracked,1,1,0.24982077015744386,0.5358411949153818,-0.18948568387550085,0.2782358974012931,-0.08804483742271152,1.8323919916482192,-0.16036231095241602,1.876290187161728,0.3479539228019435
135,4.501666666666667,tracked,1,1,0.18635701303193428,0.48922961592977143,-0.1919503660946461,0.27719765309044303,-0.08997997100362087,1.829578816255227,-0.1729265591799607,1.870272247698737,0.3489697366599727
136,4.535,tracked,0,1,0.2118160545133912,0.5182835552683562,-0.1883057698191179,0.28264805676352267,-0.08598869766336881,1.8086611883158297,-0.19072943953957375,1.889410020337248,0.3503470323339537
137,4.568333333333333,tracked,1,1,0.2628225911485907,0.5107645480253336,-0.19242488945328812,0.2778541790626973,-0.0895474332264618,1.819856627901333,-0.17923398981159624,1.8764759881292687,0.3496412814602464
138,4.601666666666667,tracked,1,1,0.22112370849563484,0.49997438154448,-0.19272451918633676,0.276643049131364,-0.09011371428883014,1.817938318063103,-0.1849521927929943,1.8774246941277812,0.34899082857753133
139,4.635000000000001,tracked,0,1,0.2525630360958261,0.5148796318449106,-0.1891324915505413,0.2813976371620022,-0.08591640824242841,1.8062085016417988,-0.19239177777879046,1.8924446734117428,0.3497675782083769
140,4.668333333333334,tracked,0,1,0.2774313849299145,0.5140403796347944,-0.18954842935844235,0.2813756337782221,-0.08620292786326111,1.8043579376346757,-0.19060321597113247,1.8901737451916205,0.3500454243788185
141,4.701666666666667,tracked,1,1,0.3404834352789822,0.5146984510966721,-0.19492925791085974,0.27577119821729973,-0.09282760147458946,1.803205633884602,-0.16503220196732013,1.8794699995524748,0.35023439715626004
142,4.735,tracked,1,1,0.2783311025632258,0.5020213382053265,-0.19430233209301456,0.2771944926633937,-0.09092667877618277,1.8066209380285585,-0.18480518695523232,1.87903716758562,0.3505108328325495
143,4.7683333333333335,tracked,0,1,0.2664837153031154,0.5169746037929077,-0.18978041048107525,0.28144849940726896,-0.0865099797751318,1.80131053323849,-0.1809179844513852,1.8876597556284194,0.3503053505467232
144,4.801666666666667,tracked,1,1,0.28902527191439514,0.4944632860463198,-0.19394119784762176,0.27722746646334534,-0.09066121708792857,1.808989112193974,-0.18320087299219587,1.8809504751121724,0.3502680583040939
145,4.835,tracked,1,1,0.23852696951171481,0.5021758592858394,-0.19499590844708847,0.2769400372079792,-0.09243598092632993,1.8012324905315087,-0.17466231296226392,1.8801484430112296,0.3510891611680359
146,4.868333333333334,tracked,1,1,0.2523344448718461,0.521136323664797,-0.1954249906681827,0.27641621629199464,-0.09279052916330194,1.8018320094249134,-0.16647770949627386,1.8763039485256934,0.3510084527603967
147,4.901666666666667,tracked,0,1,0.28421198073908466,0.4943134588425893,-0.18870624175685474,0.28215754866570514,-0.08496046203211743,1.796783727119999,-0.1883396133216479,1.8851426555203403,0.349916001428553
148,4.9350000000000005,tracked,1,1,0.22134661165255212,0.5240873182187653,-0.19362608043479762,0.27695725734439813,-0.09037130350939998,1.8047490867680789,-0.17662939922342855,1.8691018577568905,0.34980473684365965
149,4.968333333333334,tracked,0,1,0.2541678363839385,0.5172941188923018,-0.189879618647602,0.2818051790166509,-0.08600779420447024,1.7977002413294565,-0.18487583344076303,1.8840738849227188,0.3505221379061299
150,5.001666666666667,tracked,0,1,0.2025786091415729,0.5282413948895859,-0.19036041592882785,0.28160951223512193,-0.08708002415395272,1.7961000444283166,-0.18414892443539396,1.881216525532424,0.35089020496524637
151,5.035,tracked,1,1,0.22998520386851992,0.5144366186846112,-0.19400848511350072,0.2766123190953499,-0.09089322007209438,1.7982405521035354,-0.17396390915303234,1.8749445848977273,0.3498789002303758
152,5.068333333333333,tracked,1,1,0.22113526093039212,0.5196577246025983,-0.1938417008394529,0.2771500037657803,-0.0911892209046331,1.797786994774855,-0.18493688843288447,1.8751717184267909,0.35028874315469793
153,5.101666666666667,tracked,0,1,0.26799854317047295,0.4890914825523118,-0.1901365806935046,0.2815802376598469,-0.08604640441002182,1.7928184325298155,-0.19952892935431657,1.8868636998397974,0.350490132914304
154,5.135000000000001,tracked,1,1,0.2962472190125865,0.5056419631705686,-0.19496768649961627,0.2767215074638422,-0.09176020674515678,1.7990866524496891,-0.18812175911142964,1.8765988243674192,0.35072371892130116
155,5.168333333333334,tracked,1,1,0.2006921583343394,0.5010611426649655,-0.19387683355806068,0.2771898763139438,-0.0898530991258496,1.799632033256377,-0.19646584382141336,1.8745227969764786,0.3499943335883585
156,5.201666666666667,tracked,1,1,0.23452407952446744,0.5096709628387767,-0.19502811522741414,0.27601561750813175,-0.09248188465306484,1.7910087379241244,-0.18137106858142055,1.8772321397171203,0.3503904762212232
157,5.235,tracked,1,1,0.25267790608939694,0.5046792440433381,-0.19509285045662528,0.27635632888063816,-0.09121266237798803,1.7997823386519987,-0.19173617839431226,1.8713229851870568,0.350362370396359
158,5.2683333333333335,tracked,0,1,0.21281237987572063,0.5088860986405873,-0.1901299797938485,0.28084150720268714,-0.08677382386206506,1.792985344270869,-0.20040559220113752,1.8826919806275557,0.35007293224688324
159,5.301666666666667,tracked,1,1,0.2262188032703,0.49840587194307295,-0.1948272153708685,0.27616262336020103,-0.09139997087892293,1.7988181144224054,-0.18918290330253834,1.8690113288968453,0.35011054406718883
160,5.335,tracked,0,1,0.2674408300565298,0.5017867415074448,-0.18970905670635835,0.2815310701645414,-0.08593504532954244,1.7919405091260456,-0.2116742071331293,1.8804431264828172,0.3501915214282018
161,5.368333333333334,tracked,1,1,0.25267643319999783,0.5127950197296176,-0.1948343670317606,0.2761035648597285,-0.09182162579650671,1.7939311194566394,-0.19185146619735777,1.8716007397666272,0.3501782689842858
162,5.401666666666667,tracked,0,1,0.27526365820958515,0.4988118949417831,-0.19045617910615642,0.281019344010817,-0.08720987696264865,1.7887304376803372,-0.20916630032438496,1.877613892492464,0.35050105635764717
163,5.4350000000000005,tracked,0,1,0.25233900518206176,0.49185211533486695,-0.1908219515370393,0.28143128136648654,-0.08749646399779815,1.7866593263882105,-0.20843086513222647,1.8773787099081203,0.35110143054693566
164,5.470000000000001,tracked,0,1,0.28783621245035285,0.4866318394856486,-0.1909135634831458,0.28059775659179453,-0.08813388283733659,1.7834718771378621,-0.20936801180889544,1.8773033279032325,0.35064322470306836
165,5.503333333333334,tracked,0,1,0.2515417227532513,0.49253807111889963,-0.18957080432406376,0.2814764042289045,-0.0861096019523429,1.7839226703991746,-0.21674040111920279,1.8772448575782812,0.3501155802561449
166,5.536666666666667,tracked,1,1,0.2601018305536684,0.5089396093719266,-0.19463596764623864,0.2761613107915035,-0.09141997106953642,1.7870691243577501,-0.20126855849317438,1.8579854076907658,0.3500083436005832
167,5.57,tracked,1,1,0.1888628210060904,0.5003078374479798,-0.1944722316931533,0.27638605124956606,-0.09120907305622367,1.785481852522378,-0.2086257782574271,1.8572677668465498,0.350039702366487
168,5.6033333333333335,tracked,1,1,0.20806312022916387,0.5111956880262318,-0.19461261527611134,0.27648417459325647,-0.09191889387130331,1.7760095041309039,-0.21137978025445212,1.8630259032071832,0.3503807241782087
169,5.636666666666667,tracked,1,1,0.26135544942870376,0.49699918922489467,-0.1937196192016778,0.2774086946301874,-0.09050665037091865,1.7704539143140963,-0.22565175593491965,1.8761030382818977,0.35024895214894125
170,5.67,tracked,1,1,0.24259286493271603,0.4897137589320052,-0.19331616779191685,0.27806577182352354,-0.08922978332233256,1.7702662415374086,-0.22388451233609902,1.8803024323928075,0.35021945751387773
171,5.703333333333334,tracked,0,1,0.2829886845044528,0.4685765512206679,-0.18990478173651,0.2824567751853962,-0.08537878211550548,1.7774489708464634,-0.23367613080385016,1.885352261451837,0.3509062444728676
172,5.736666666666667,tracked,1,1,0.2843656425417977,0.5084132468857494,-0.19297485584689567,0.27842579390119643,-0.08746630101187852,1.781613085479599,-0.2270177878616974,1.86804226074725,0.3498722216914944
173,5.770000000000001,tracked,0,1,0.30693197154814206,0.49765798709228787,-0.18913483140766185,0.28276274720130834,-0.08266322942724824,1.7790210152753174,-0.22891227386761992,1.8852460358457501,0.3500856540273788
174,5.803333333333334,tracked,1,1,0.2582173687331764,0.5057802435076131,-0.1914008690536526,0.27989032729713886,-0.08309548805960587,1.7847646445653376,-0.2411392702290349,1.8695494232897951,0.3491099370182079
175,5.836666666666667,tracked,1,1,0.24271580159441708,0.49946888352280183,-0.19210292059883055,0.2791818880651407,-0.08287424183037911,1.778351164747678,-0.22300396527475388,1.8697012671223279,0.34887562065179833
176,5.87,tracked,1,1,0.2581521292796721,0.5178921203281952,-0.18984737273200203,0.28022727672538306,-0.07785044615372455,1.7842661654464096,-0.23792560033974383,1.8654501423430663,0.34731836047134346
177,5.903333333333333,tracked,1,1,0.30722294614430495,0.5156690098840828,-0.19011117470709288,0.28031759416204616,-0.07741577185370124,1.7822128557117005,-0.23222009644296762,1.8697463652516981,0.34743836011156387
178,5.936666666666668,tracked,1,1,0.2663183547621098,0.512098434106008,-0.1890455975672211,0.28115112706523826,-0.07453606457360579,1.778549939638629,-0.2414341919047012,1.8702854976146628,0.3469003014292755
179,5.970000000000001,tracked,1,1,0.22913812280040416,0.5241924063345769,-0.1884904251204796,0.28194628034885444,-0.07277037627664046,1.7842793206575873,-0.24550744521124937,1.8644131138896172,0.34686866827100105
180,6.003333333333334,tracked,1,1,0.21884982297141325,0.5282876549739217,-0.1890159482565737,0.2819578577970908,-0.07183931971378998,1.7852702554907667,-0.23491376654761947,1.8613786512020334,0.3469699556529302
181,6.036666666666667,tracked,0,1,0.21635451221226698,0.5043065676950338,-0.18561320842188705,0.2867138564942245,-0.0671806548907693,1.7673453533936567,-0.2424286865204237,1.8766329753248494,0.3480953016603503
182,6.07,tracked,1,1,0.2093344179416865,0.4949406958640834,-0.1885573913326435,0.28329421251570286,-0.06896250286195177,1.7807989971218083,-0.23037054262825074,1.8589230957414964,0.34722518265824065
183,6.1033333333333335,tracked,1,1,0.2244687959430005,0.5132044595047427,-0.187634542176854,0.2845563342237208,-0.06618466717283433,1.7814839910165696,-0.23612492444732192,1.8571873089270765,0.3472167031315434
184,6.136666666666667,tracked,0,1,0.25364488551597414,0.5077854450213246,-0.18374379118563677,0.2896308494709676,-0.059873081083925195,1.7670451473425883,-0.24994736896129024,1.8719662193956916,0.348184714775114
185,6.170000000000001,tracked,1,1,0.2700028015457701,0.5024842719110065,-0.18721514616907126,0.28604012920014504,-0.06302955634298635,1.7725531211948515,-0.2339982599566076,1.8557379381362742,0.34762219641549946
186,6.203333333333334,tracked,0,1,0.21251650730513985,0.4972764449554641,-0.18290748233731413,0.2916001808290563,-0.056532521187872,1.76641330294616,-0.2503283823462891,1.8665431575782612,0.3488290964159533
187,6.236666666666667,tracked,0,1,0.31128923340008635,0.5258118757398957,-0.18235177997286273,0.2930345639207957,-0.053505534909965125,1.7727813053035786,-0.25412010951139835,1.8651169655418078,0.34926246517128595
188,6.270000000000001,tracked,1,1,0.19116688162117174,0.5377154226044627,-0.18566535534592515,0.2891495133886805,-0.05683146304135783,1.7834981891662456,-0.23525651795155392,1.8433372209260466,0.34829424408115134
189,6.303333333333334,tracked,1,1,0.241590069567755,0.5438730412592164,-0.18496020431572496,0.2905844748372416,-0.0544420527774086,1.7881664381726063,-0.24404987380406337,1.8404316092564519,0.3487313454617585
190,6.336666666666667,tracked,1,1,0.21162974384787886,0.5358040163552307,-0.1851724201909546,0.2908853581146354,-0.05418847644098612,1.7773532629240314,-0.2347351070123312,1.848824317232003,0.3490551643277183
191,6.37,tracked,1,1,0.29316963697643156,0.5207899850493931,-0.18404345484366952,0.292222175847535,-0.05120937461654551,1.7805814453000406,-0.24532397018536545,1.8469339573447103,0.349124896529135
192,6.403333333333333,tracked,1,1,0.277118670785391,0.5445989966261725,-0.18383418419428843,0.2925330101270267,-0.050005143709980104,1.7814610199061616,-0.24571004542339345,1.8382159297888956,0.34910039199321224
193,6.436666666666668,tracked,1,1,0.22782654582334746,0.5608298671011371,-0.18394559800782656,0.2932892636911856,-0.04836931525444943,1.777774046703603,-0.2453693730673036,1.8514123327392078,0.34956282107964376
194,6.470000000000001,tracked,0,1,0.2343632834044686,0.5597602068554255,-0.1807783413756281,0.29774144601207597,-0.04263697126317928,1.781191085919592,-0.26091303691746787,1.8544614179874206,0.35092547457028855
195,6.503333333333334,tracked,0,1,0.32608842788355846,0.5427731203792046,-0.17951666964914187,0.297617382423234,-0.03922241476602378,1.786080549783527,-0.25983865269989387,1.846579278400191,0.34977241003608994
196,6.536666666666667,tracked,1,1,0.2782839462854269,0.5619780487314228,-0.18303317238748812,0.2937978324718069,-0.043489525209862656,1.787660709038548,-0.2397956239084338,1.8326981417471682,0.34886909774633107
197,6.57,tracked,1,1,0.30109147436510114,0.5693289877301786,-0.18203548498951255,0.294302038226204,-0.04104398300683121,1.7842610855904293,-0.2442123775147813,1.8359743643358242,0.34847556017679365
198,6.6033333333333335,tracked,1,1,0.27658892672148433,0.5521065089941328,-0.18132011322462083,0.2946554472441104,-0.038922720293310675,1.786783296879269,-0.24429047285586716,1.832471400513802,0.3481577145568476
199,6.636666666666667,tracked,1,1,0.19905473501378376,0.5764590875169646,-0.1815894013389534,0.29475401495124076,-0.038300273636301896,1.7919760462989252,-0.2384751372312907,1.8252909953705279,0.3483124329809824
200,6.670000000000001,tracked,1,1,0.28472626728675865,0.5669908216951891,-0.18152385767557916,0.29514280892587513,-0.037719544794630966,1.7866251011504886,-0.23511775408005323,1.8334072590522377,0.3485440468944976
201,6.703333333333334,tracked,1,1,0.24600104686572183,0.5617540642638026,-0.18202447751701678,0.2947172912873511,-0.03656251412546979,1.7961508430830455,-0.2341151093592752,1.8237022241822785,0.34832170423083236
202,6.736666666666667,tracked,1,1,0.22228416847640314,0.5720275436890272,-0.18128584189270802,0.2955412112914852,-0.0341250963372855,1.795821003598474,-0.2371682079341455,1.8280870374142597,0.3483872647534856
203,6.770000000000001,tracked,1,1,0.25309942606124874,0.5375964387499605,-0.18103916129496161,0.29546915720245504,-0.033054486977463104,1.7996068403724426,-0.22943600642936848,1.8266105431208923,0.3480945272331289
204,6.803333333333334,tracked,0,1,0.21540208169409586,0.5660251939868559,-0.17900224478892546,0.2987501761564485,-0.027030606575719818,1.7958365382626007,-0.25356841507074845,1.840442954732456,0.3493195171828147
205,6.836666666666667,tracked,1,1,0.27365841408096947,0.5783265594879736,-0.1815908671368447,0.29496475292405944,-0.03111303691970624,1.8027505643224289,-0.2189933675991658,1.8201030240078544,0.3477750272251152
206,6.87,tracked,1,1,0.25098025764845694,0.5786730604008417,-0.18052368316344525,0.2954227751989702,-0.027975436020586553,1.8063418628234764,-0.23429224036271926,1.8209135849432487,0.3473413901476459
207,6.903333333333334,tracked,1,1,0.2625723413025957,0.5549696938903774,-0.18123144509246303,0.2948899893667338,-0.027732717456627587,1.800971931289132,-0.23099949905540518,1.8212376065721372,0.3472377372011054
208,6.936666666666668,tracked,1,1,0.2625181519716753,0.5495819887819865,-0.18064212947478148,0.2952386425671927,-0.02506150566529991,1.8021268603654768,-0.22959350100973228,1.8242511090090117,0.34702379467741706
209,6.970000000000001,tracked,1,1,0.2852244457124567,0.568991414027112,-0.18097597967240847,0.2951343535201082,-0.02435710613267722,1.7952038506308095,-0.23009852136044368,1.8273632764159762,0.3470588717570532
210,7.003333333333334,tracked,1,1,0.29469058341945475,0.6031375082703818,-0.1807021645571733,0.29514959314854866,-0.022407004858370494,1.8080302844031624,-0.23731395760803012,1.817878955423622,0.3467976765754416
211,7.036666666666667,tracked,1,1,0.19684405652112733,0.5861812703256825,-0.17987894450806652,0.29486842360299287,-0.020637266841911195,1.8062845253112143,-0.22301608665161785,1.8176707548579019,0.34601982414040144
212,7.07,tracked,0,1,0.28199321010098904,0.5889421684107226,-0.17913349261376343,0.2976356064455317,-0.016440487916277613,1.8046165640187524,-0.24567845274897002,1.8327104986249463,0.347772989237419
213,7.1033333333333335,tracked,1,1,0.2722881292161387,0.5421085635226741,-0.17920964786631138,0.2950516165580821,-0.016604964101593733,1.8050242169569417,-0.22649042451729914,1.8211243264006562,0.3456114569205136
214,7.136666666666667,tracked,1,1,0.3548999568516233,0.5989817979326586,-0.17929788010953557,0.2948024119920872,-0.015418689400412078,1.8045481407331432,-0.22630801640756187,1.819680081087026,0.3453895306910041
215,7.170000000000001,tracked,1,1,0.2038834145430389,0.590752277064572,-0.18002867621845625,0.2949280286408921,-0.014680155227893177,1.8138219969553488,-0.21111340322268313,1.81055507295598,0.3458444351099027
216,7.203333333333334,tracked,1,1,0.3234715718363248,0.5967141492559805,-0.17922181836472556,0.29546912675976655,-0.011854013357596727,1.8139030628998745,-0.22218272355515256,1.8139451292029414,0.34577880600004934
217,7.236666666666667,tracked,1,1,0.20233324656122456,0.5645177399036586,-0.17817312084555764,0.2954363844896052,-0.008849590922350159,1.8186159940579483,-0.22550054107795314,1.813916858776082,0.34511828918738635
218,7.270000000000001,tracked,1,1,0.22442192812924291,0.5331674336996609,-0.17867817157959315,0.2955429059905054,-0.008477435295850766,1.8272364654060913,-0.21912796388382988,1.8079692189838337,0.34546109070275133
219,7.303333333333334,tracked,1,1,0.22329345592666788,0.6117585281767035,-0.17777773426072802,0.2957985884811532,-0.006351400748729086,1.8222958498606803,-0.21229475109329418,1.8129212324307595,0.34516962212482083
220,7.336666666666667,tracked,1,1,0.2745463129599496,0.5744803055327025,-0.17861988850440053,0.2959613174327389,-0.006265512647660454,1.8239483653106794,-0.2043222614038726,1.808907197441504,0.34574184391621576
221,7.37,tracked,1,1,0.26539382010696777,0.5734739603536477,-0.1781328981818044,0.2963945608709426,-0.0031210423323863035,1.8223108525388683,-0.214305470787445,1.8150580127923686,0.345819036540455
222,7.403333333333334,tracked,1,1,0.28952689690399624,0.6227659696316715,-0.1779210395189617,0.2968328297711498,-0.0010345269874404428,1.82633242615187,-0.213378463414119,1.8119623942291256,0.34607325146498114
223,7.436666666666668,tracked,1,1,0.3040839026104331,0.6128140512334748,-0.17666619376683185,0.2971251965916452,0.0021436339019283435,1.8257517073366465,-0.21633519725917325,1.8112866543660213,0.3456861606081289
224,7.470000000000001,tracked,1,1,0.2958681232559154,0.6305523789847381,-0.1770343676154375,0.29746631083009895,0.004094954837453146,1.8374015778816506,-0.20931145762645662,1.802902086775522,0.3461851268483204
225,7.503333333333334,tracked,1,1,0.2658533746765165,0.637432801715766,-0.17614727528754504,0.2976568668054743,0.006889066452053394,1.8426910916911763,-0.21297574918084083,1.7997102551613955,0.3459406483549727
226,7.536666666666667,tracked,1,1,0.28066077372395043,0.6158541875955676,-0.17583823942160276,0.29771782728140656,0.008561999433533085,1.841961749521471,-0.21105857954487944,1.7985678813435326,0.3458732411713143
227,7.57,tracked,1,1,0.2832115197159667,0.5894686078966918,-0.1753331268816164,0.2976567190301617,0.010344280412317719,1.843502548521762,-0.19683130447908284,1.7955920744729095,0.3456128352696617
228,7.6033333333333335,tracked,0,1,0.23819741443021436,0.6305618481452507,-0.17439918035982432,0.2997203394944229,0.015974459949066322,1.844944917692974,-0.22873228171857102,1.8089506823951496,0.34713475681281897
229,7.636666666666667,tracked,1,1,0.23526269906423972,0.6422471400423149,-0.17511077519440787,0.29777048728892835,0.013819055827529292,1.8458318618109872,-0.2037172446803282,1.7988804735529837,0.3457195583033113
230,7.670000000000001,tracked,0,1,0.3636140449710258,0.662859722642711,-0.1741167463150184,0.29967149922825487,0.017766574560144466,1.8418442002116964,-0.228108204288854,1.8097149866676212,0.3470378941392994
231,7.703333333333334,tracked,1,1,0.2762346894236808,0.6424322247589572,-0.17331645771660137,0.2973653627355409,0.01734631271535747,1.8501053305767938,-0.20536485166021112,1.7947968531086924,0.34462392260997965
232,7.736666666666667,tracked,1,1,0.4038500544960273,0.6496670501447805,-0.17403679958652452,0.2974863767114448,0.01824903817174528,1.848115672729625,-0.20347182099799713,1.7948622795855937,0.3451376237581431
233,7.770000000000001,tracked,1,1,0.2637881827784882,0.6230627266972653,-0.1739234398031459,0.29725877816021745,0.019584133554061967,1.8497164268615016,-0.2059846489049957,1.7951610597123744,0.34495750809821085
234,7.803333333333334,tracked,1,1,0.2777054239636678,0.6220496628005413,-0.17322407647431276,0.2974752930891136,0.02096645575399314,1.8559400064483482,-0.19893754904252992,1.790449155937129,0.34487348830508374
235,7.836666666666667,tracked,1,1,0.35435463764616953,0.6302658382034676,-0.17300014645672596,0.2973971216177195,0.02276793998312221,1.8545801569953835,-0.20065287505364923,1.7941382272277098,0.3448078852225226
236,7.87,tracked,1,1,0.25738977668608704,0.6659615904057332,-0.17174323223812688,0.2972421461457498,0.02523116940790393,1.8654337399765215,-0.2026138829198724,1.7913492334011993,0.3442168548671328
237,7.903333333333334,tracked,1,1,0.27562942271903546,0.6576945907260832,-0.17049349820232956,0.29715924521910375,0.027875125331785044,1.86769432285254,-0.20984381789529963,1.7868474980829374,0.3437276139048446
238,7.936666666666668,tracked,1,1,0.32768716350297267,0.665478818285159,-0.17099966092120644,0.2970915354463557,0.02846344290628644,1.8644200935709905,-0.19938580814570517,1.787935778429284,0.34396864980855485
239,7.970000000000001,tracked,1,1,0.30307020597519413,0.6557397311601485,-0.1719923312941105,0.29720861774872503,0.029013233983035513,1.8599731333895848,-0.19551897600350032,1.7973498428969499,0.3446100582313946
240,8.003333333333334,tracked,1,1,0.29501701527308116,0.6477589931207064,-0.17191595831245543,0.2969595928508767,0.030484545958962495,1.8642492625481608,-0.1972456432026788,1.7946097241287864,0.34448425805974425
241,8.036666666666667,tracked,1,1,0.2740993011253023,0.668911987424093,-0.17104097369767202,0.2972475950971042,0.03268715517023241,1.8709798755364522,-0.19610434721799505,1.7877217244443875,0.3444990531011407
242,8.07,tracked,1,1,0.37334168587037847,0.665295999791433,-0.17095827128189856,0.29761606229104737,0.034568049860567496,1.8646694359543474,-0.1961958983119046,1.79318379904199,0.3449594195329162
243,8.103333333333333,tracked,1,1,0.2736717858027308,0.659368451832971,-0.1713796041004269,0.29775666935048384,0.03564009703873727,1.8667781197888147,-0.19980987263906494,1.7926666450816688,0.34539863833148365
244,8.136666666666667,tracked,1,1,0.2533840353358641,0.682106255076256,-0.1709531019383948,0.29786000434483534,0.038286653558302464,1.868275908986399,-0.1930582044506638,1.7900367583878385,0.34555956518574044
245,8.17,tracked,1,1,0.38092336940791194,0.6571362087028265,-0.16999469094585218,0.297853843899567,0.04106208165977332,1.8725178460638825,-0.1925209483394851,1.784409634020605,0.34540006054683503
246,8.203333333333333,tracked,1,1,0.30575257328830807,0.6572135308044204,-0.17147183409897337,0.297039256546712,0.04153333409667859,1.8761023134706458,-0.185408623838157,1.7848721088634374,0.34548506141405816
247,8.236666666666666,tracked,1,1,0.28885420005635626,0.6710056196887222,-0.17093014774776732,0.29627109082494907,0.04529293305564969,1.8768428907859696,-0.19540174298507007,1.789821632950989,0.34502916464041467
248,8.270000000000001,tracked,1,1,0.3558782604727051,0.6473370135963761,-0.1710721570535068,0.29599954705560333,0.047230301910732464,1.8777078514700754,-0.1964594614307122,1.784179151710216,0.34512623226095257
249,8.303333333333335,tracked,1,1,0.3097500266801833,0.6678613354626513,-0.17181590450739798,0.29542069890997646,0.04834591771819291,1.8773132389359313,-0.18831395313870658,1.7816211085992217,0.3451542005338607
250,8.336666666666668,tracked,1,1,0.34082724512617046,0.694997546452921,-0.17177295749129978,0.29396619940551233,0.051445916264388936,1.8876101140858583,-0.19039874701783702,1.7776519460830877,0.3443381442978861
251,8.370000000000001,tracked,1,1,0.33658983177575685,0.6442399164180574,-0.1717383869946858,0.2931328488274498,0.053691219829015036,1.8854652699774874,-0.19575248622369348,1.7740647789918247,0.34395303126438737
252,8.403333333333334,tracked,1,1,0.3531309137746348,0.667281244794313,-0.1730675658039243,0.2921904491050697,0.05504175793737104,1.8785002639819912,-0.1829566949039049,1.7811225892318712,0.3440308648920241
253,8.436666666666667,tracked,1,1,0.3079014966079742,0.6756723866376502,-0.1713317084891996,0.289322137692191,0.05966834696367135,1.8923790640500742,-0.19327597670952876,1.7708024329648473,0.3414998760204523
254,8.47,tracked,1,1,0.3778093139104555,0.6593139358180127,-0.17376873084108535,0.2878589269499069,0.05998076160807603,1.88208064684346,-0.18895561508748723,1.779641013076542,0.3415494479661155
255,8.503333333333334,tracked,1,1,0.39493366254921997,0.63964196563182,-0.17567486953301675,0.28546248516788164,0.05995520591599285,1.8917566552141651,-0.1916965626559478,1.773726718917988,0.3405071466799113
256,8.536666666666667,tracked,1,1,0.32265001688488587,0.6649859744254172,-0.17651287502434415,0.2832681992324701,0.062598173255068,1.8960045991884764,-0.20072565013658214,1.781351933638646,0.3395823891791764
257,8.57,tracked,1,1,0.2965096408609251,0.6831854210698418,-0.17340280385162798,0.2809549718813788,0.06820759360344081,1.9056412801315485,-0.1995566663510179,1.7724175018774944,0.33712980353811
258,8.603333333333333,tracked,1,1,0.24348174849119794,0.7201572453449308,-0.16780674331538215,0.2784050325383354,0.07581517524481052,1.922179899143493,-0.19582057467484656,1.7629572575594092,0.3337909615945097
259,8.636666666666667,tracked,1,1,0.3412908436115093,0.7024653708433534,-0.17369708350400498,0.27535700809366154,0.07367532655357428,1.9128672368107789,-0.19540770992361017,1.7766433000960475,0.33379666335490216
260,8.67,tracked,1,1,0.33152200848669183,0.6595324741958806,-0.17798405060489175,0.27263637219609377,0.0717901814045332,1.9077950964834014,-0.19092725414617698,1.7737379113599983,0.33341077346130765
261,8.703333333333333,tracked,1,1,0.35199719182171774,0.6534536786265401,-0.18196666303443426,0.26935027948010626,0.07132961239893415,1.911686991359665,-0.19056769851011163,1.782940541057564,0.3327902539391454
262,8.736666666666666,tracked,1,1,0.36288561724615165,0.6547438388234668,-0.1802113737164983,0.2678350008405166,0.07546777179199787,1.9151907407205362,-0.1885798748524615,1.7838215348082673,0.3315224147343223
263,8.770000000000001,tracked,1,1,0.18621994210551718,0.6994527753980925,-0.1779068306199642,0.2656326586252164,0.07961833188638656,1.9253537568800683,-0.17971858694790643,1.781252785533654,0.329470223968589
264,8.803333333333335,tracked,1,1,0.4116426907418902,0.6674951701363585,-0.17941446158576424,0.26366162721804315,0.08104941596929655,1.9198062437089427,-0.18906483975388416,1.7850970179623353,0.32905320317896936
265,8.836666666666668,tracked,1,1,0.38993843033379727,0.6436618700851616,-0.18041366754485938,0.26152350263854857,0.08257306161442235,1.9320440013164684,-0.18341179459209336,1.7803174201628078,0.3282711445949844
266,8.870000000000001,tracked,1,1,0.3790648736632087,0.6469770058667754,-0.1786721737796776,0.2595455611411936,0.08720197081368003,1.9341936546935237,-0.18830084217229306,1.7784659142890415,0.32694315668789015
267,8.903333333333334,tracked,1,1,0.34641296430369306,0.6251633145624128,-0.1780934221976977,0.25742003506414035,0.09113223098878825,1.9365774650562981,-0.19023724765561828,1.774965562037504,0.3260175225467252
268,8.936666666666667,tracked,1,1,0.3133047364581698,0.6605117462710184,-0.1767257958369422,0.2551660285017358,0.09467307236916872,1.9427767877236182,-0.19688004045987867,1.7670431146304297,0.32450685608684304
269,8.97,tracked,1,1,0.38466884126186685,0.647680656102501,-0.18005146135755223,0.2529319985571613,0.09503091869357311,1.9350145766299187,-0.18484174144862411,1.7777988357376053,0.3246906221911167
270,9.003333333333334,tracked,1,1,0.4046273764757793,0.6174411095031693,-0.1807240454810986,0.2508395429575126,0.09642384351869837,1.9306953764381916,-0.1955466177668062,1.7763778777806352,0.3238506052566622
271,9.038333333333334,tracked,1,1,0.3756448284423126,0.649438380214227,-0.18071882497900976,0.24872596189515495,0.09879648973852917,1.930636052921163,-0.19825137493527956,1.784038705037337,0.32293133048237876
272,9.071666666666667,tracked,1,1,0.39259707560354506,0.683331779236487,-0.17826664494306133,0.24691624336040016,0.1019456042376114,1.9410633014336645,-0.19394501477390294,1.777343744356553,0.32115344332240864
273,9.105,tracked,1,1,0.4366273700653443,0.6360033217321028,-0.18175064649973643,0.2444459820161593,0.09991287004942889,1.9423520258523783,-0.18619903373243885,1.7843464555543018,0.32057716267449665
274,9.138333333333334,tracked,1,1,0.350140639087378,0.6769047256301588,-0.1805070326126496,0.24269238329745746,0.10192045103403657,1.9447717436162284,-0.19428768183423925,1.7819465442313045,0.3191710514319956
275,9.171666666666667,tracked,1,1,0.46709240120096185,0.7165208378346632,-0.17741625927230914,0.23999499991532064,0.10502431572907711,1.9620149834641323,-0.19201898559447278,1.767545147928239,0.316392534572001
276,9.205,tracked,1,1,0.4223879534177831,0.6693268343671052,-0.17597001442799487,0.23699871442436476,0.10815548687648424,1.9696731151610238,-0.20014116904808793,1.770896886551153,0.31437469039043153
277,9.238333333333333,tracked,1,1,0.39327949589124067,0.6888897102419411,-0.17802427365106327,0.2346776058079354,0.10781662346932164,1.9647438575266476,-0.1975934671353511,1.7823990463859394,0.31367283110441496
278,9.271666666666667,tracked,1,1,0.3970799826768473,0.6303816937918653,-0.18149588351055207,0.23137759333929953,0.10602838045495866,1.9625214465148781,-0.1979909673805887,1.786424148815184,0.3125993664303618
279,9.305,tracked,1,1,0.4010994931752946,0.6513109107969569,-0.181864200092968,0.22798557030793767,0.1056926639030164,1.9668293169998987,-0.1972352520711759,1.7828761586480804,0.31019823782060185
280,9.338333333333335,tracked,1,1,0.24680748854329848,0.657195485827132,-0.1823664353371074,0.2253742363802468,0.10634523039592764,1.9697279601811712,-0.19767095621985345,1.7858289126486802,0.30880474606052555
281,9.371666666666668,tracked,1,1,0.34319375092116167,0.6563452796602711,-0.18121832937182353,0.22385102384308447,0.10747484592553797,1.9692019478873917,-0.19901565082644507,1.7854551174434414,0.30740885849732763
282,9.405000000000001,tracked,1,1,0.36620413111966976,0.6045126654067206,-0.1835782423105629,0.21997403723617862,0.10610686917797996,1.9768582945217301,-0.20721682963780275,1.7882312236840259,0.30552940250419824
283,9.438333333333334,tracked,1,1,0.39140078686398455,0.6295252207127806,-0.18453054922094003,0.21793163765243623,0.10559038470428456,1.9715410723283544,-0.19872954614390867,1.794327841448296,0.3044586205507299
284,9.471666666666668,tracked,1,1,0.3611016983620928,0.6352418674327509,-0.18249926748252726,0.21658853635665504,0.106944829881849,1.9799268139611765,-0.20049953075457083,1.7849913100919392,0.3027437420513176
285,9.505,tracked,1,1,0.3834721381269177,0.6591636809336314,-0.17982032482425575,0.21439969663637998,0.11083332216524949,1.989052596623298,-0.20268251437801618,1.7857581920064032,0.30097608615944654
286,9.538333333333334,tracked,1,1,0.3246278524246011,0.6391829694749978,-0.18457658814696848,0.21177647280351514,0.10706238953740532,1.987255414869942,-0.19609579054170292,1.7892260590425328,0.30063291000576225
287,9.571666666666667,tracked,1,1,0.43763320551408963,0.6066862575642764,-0.18536101661407933,0.2101934318973707,0.10682711963381869,1.98704397744399,-0.18833761337783742,1.784368988879655,0.2999200206426003
288,9.605,tracked,1,1,0.38807477691427217,0.6292485639713948,-0.185369251000866,0.2083081492046352,0.10858589644801891,1.983745521708418,-0.1999102446561328,1.7902368262340722,0.2992406074534379
289,9.638333333333334,tracked,1,1,0.3364737869069143,0.6056897922058081,-0.18591506874243252,0.20628410902952476,0.10873478705184236,1.9856559618305625,-0.20201037548774267,1.790084801931899,0.2982294424412482
290,9.671666666666667,tracked,1,1,0.38741353317384597,0.592744327158819,-0.1878883043931438,0.2050829634695739,0.10901424026115508,1.9788904506728222,-0.192544607871494,1.8039151955372954,0.2987392532174339
291,9.705,tracked,1,1,0.4380119573448319,0.5027942767457879,-0.18958037309676729,0.20264343960327694,0.10830421599811157,1.983394814988579,-0.19450607699854144,1.7987931604268017,0.29788401212673704
292,9.738333333333333,tracked,1,1,0.412232597874668,0.5533381930579957,-0.1865620486692166,0.20163734247838516,0.11087989442905044,1.985995609408527,-0.20344507827854127,1.7852405839992624,0.2962386991498547
293,9.771666666666667,tracked,1,1,0.3877824608958727,0.5392579274809564,-0.18749375410034796,0.19994211029335002,0.11161768449273851,1.982740157061016,-0.20366404388729561,1.7899761744425822,0.29595483234223496
294,9.805000000000001,tracked,1,1,0.32674422828229277,0.620578642038186,-0.18976962334613456,0.19804207506722094,0.11006292988387334,1.993533001738348,-0.1908860966324891,1.7853362769208836,0.2955452959809832
295,9.838333333333335,tracked,1,1,0.42623764940713954,0.5724498643301106,-0.18845037672493525,0.19658235806439378,0.1118961371351635,2.003632731741712,-0.19045120364610296,1.7758432870457088,0.2944128283477112
296,9.871666666666668,tracked,1,1,0.4270340470698134,0.5625043185056471,-0.1907047565331822,0.19430819648414976,0.11122355883575175,2.006765768791943,-0.18780933938719147,1.7791016233482675,0.29409974400769745
297,9.905000000000001,tracked,1,1,0.37146898603747264,0.6005309309930293,-0.1899808686152722,0.19271725501754255,0.11292300356039836,2.0118726403705454,-0.18772371548497443,1.7826415317496054,0.2932307547894859
298,9.938333333333334,tracked,1,1,0.32525739924232355,0.6062574927723056,-0.1895685628614336,0.19059067661933543,0.11352601378588567,2.0170675376146883,-0.18959226319625808,1.7799866271235134,0.29180336160791315
299,9.971666666666668,tracked,1,1,0.4200712349834548,0.5945900814285339,-0.18949595702532002,0.18840292648708068,0.11350791905094632,2.0230769518009404,-0.18979329855408125,1.7794005148405323,0.2903246943081391
300,10.005,tracked,1,1,0.3945263395557983,0.5708149971541858,-0.19000813790892884,0.18607916196733343,0.1131998662304406,2.021065728413241,-0.18815215593273324,1.7819363407525348,0.28903763890655015
301,10.038333333333334,tracked,1,1,0.3860607719298231,0.5534587218536453,-0.19061305561595882,0.18373363831218537,0.11349795911865518,2.025557047335902,-0.18806199914127278,1.784701109578616,0.28805064405896663
302,10.071666666666667,tracked,1,1,0.4470696167070878,0.5918797831958196,-0.19019748249028035,0.18196570619292463,0.11378531743565062,2.029719111535762,-0.1719373212647176,1.7764287931660427,0.2867641871640565
303,10.105,tracked,1,1,0.45738874210865066,0.5731985306722318,-0.1857319853888706,0.18020409279332167,0.11758694631210881,2.035623936346699,-0.17626576946479314,1.771426176157379,0.2842473841550041
304,10.138333333333334,tracked,1,1,0.37466331217564364,0.526923380322464,-0.18357170207003165,0.17718410555794287,0.12004858640546862,2.0465987259316964,-0.17812099999834027,1.7691867651969937,0.281965317301983
305,10.171666666666667,tracked,1,1,0.5524409436384838,0.5673691743225742,-0.18520648058965766,0.17441480994818567,0.11907985459573556,2.0503080926330184,-0.17794518534145634,1.767487337323561,0.2808949592858699
306,10.205,tracked,1,1,0.576856914635096,0.6078384156373541,-0.1844182552440468,0.17249234229624538,0.1209401403672073,2.0553599417666084,-0.1764884989143843,1.764724513811343,0.27998253261613176
307,10.238333333333333,tracked,1,1,0.43719983440745314,0.5943189852171781,-0.18137252521365416,0.17107448608896686,0.12354184382982036,2.062847040787308,-0.1639729067883079,1.7521466017267475,0.278253589141009
308,10.271666666666667,tracked,1,1,0.4242795186643191,0.5977503067944852,-0.18801567361811222,0.16702733571027026,0.11939952124830405,2.059228468395127,-0.1503984624615758,1.7628007959743646,0.2783958873167275
309,10.305000000000001,tracked,1,1,0.43784004581895175,0.576711796764031,-0.1875555644168716,0.16445136731242962,0.11923616835155798,2.071075363415071,-0.13668595145197926,1.7507080860594815,0.27647532583907014
310,10.338333333333335,tracked,1,1,0.5652959604744114,0.6088281396526507,-0.18501329423529278,0.1625119186351427,0.12195766918914519,2.0778277863088133,-0.14470717065300265,1.7453581343790547,0.2747975906304843
311,10.371666666666668,tracked,1,1,0.4536073711626901,0.5733169748516292,-0.18697562031272258,0.15870213493639082,0.12038796294676996,2.0751500252270025,-0.151977081842698,1.7457152139638807,0.273202327675239
312,10.405000000000001,tracked,1,1,0.5588545308937004,0.5365533033227795,-0.18906079176542873,0.15593624295984457,0.11953520767012582,2.06922590459356,-0.14560527250489236,1.7539939453298734,0.272669691612659
313,10.438333333333334,tracked,1,1,0.40195471740387856,0.5882601356955932,-0.18546256442070885,0.1544510812483755,0.12312842077333125,2.0782284367980943,-0.14851452793320763,1.747534854455241,0.2709466871958991
314,10.471666666666668,tracked,1,1,0.4019462315609892,0.6229170109918971,-0.18103256817840385,0.15332987593974298,0.1254522524027608,2.093207510812143,-0.13768214798365425,1.7275496338699805,0.2683674891448132
315,10.505,tracked,1,1,0.4271993051177938,0.5556166188255477,-0.1890110687450548,0.14915310789237338,0.12069377377007329,2.0734416938913776,-0.14598090021651974,1.7442792417241544,0.26933031899317134
316,10.538333333333334,tracked,1,1,0.49520221379190477,0.48631411167667193,-0.19089689296805273,0.14691679754526107,0.11956684849598875,2.071533674201667,-0.1475594935792729,1.7555838080254564,0.26892824397053233
317,10.571666666666667,tracked,1,1,0.45652331627263065,0.5173105744177209,-0.19082894877390416,0.14442001620222397,0.11961078544497172,2.071001385819621,-0.14873904468436247,1.7574264254048617,0.2675435829257862
318,10.605,tracked,1,1,0.4705704849355748,0.5127127020811386,-0.1911714522992527,0.1425221308860738,0.11940271220083615,2.0730341873529667,-0.1471480352105634,1.753757583519265,0.266676001258884
319,10.638333333333334,tracked,1,1,0.4227095079053291,0.554679803807558,-0.19168357082370374,0.1402999262471652,0.118984971662281,2.0742958068685002,-0.15445243971139194,1.7602854834423838,0.26567665330276885
320,10.671666666666667,tracked,1,1,0.4713152896331961,0.5222133399674567,-0.19245644147889657,0.13861195890847866,0.11846302152214389,2.074784151955869,-0.14898750013371526,1.7556370469307354,0.26511553045289826
321,10.705,tracked,1,1,0.4699643506073108,0.5015684400282238,-0.19531380772973606,0.13570922654141213,0.11629811428132797,2.0745487528766193,-0.14786103426434027,1.7564535755846435,0.26474464875375564
322,10.738333333333333,tracked,1,1,0.45643830661490814,0.47922243765931427,-0.19733803184879828,0.1341893248313022,0.11462993809962063,2.066744720325998,-0.14419114059925364,1.7648674796561385,0.2647434539726354
323,10.771666666666667,tracked,1,1,0.5190687960385811,0.48335064997608423,-0.19845500531981464,0.13234094656377882,0.11349612745282767,2.07317886864275,-0.13522806850703795,1.7567520026601517,0.26415882764101056
324,10.805000000000001,tracked,1,1,0.4465687584817336,0.5083810623946972,-0.1978807053320708,0.13156637715004418,0.11412406310175727,2.064671154515227,-0.14451876426947338,1.764578247022356,0.26361105234409155
325,10.838333333333335,tracked,1,1,0.4581769638645588,0.4767843643750305,-0.19912934314888225,0.13076457660810473,0.11291109373897457,2.0652599005106747,-0.14507930399850516,1.7651343394524113,0.26363001514951534
326,10.871666666666668,tracked,1,1,0.5074663482531846,0.48448050862851655,-0.19991059317512877,0.1293098484288058,0.11177453365081136,2.0711779369971595,-0.14312139896022266,1.7615605278615851,0.2630186847681528
327,10.905000000000001,tracked,1,1,0.4195572391347243,0.4498344870879972,-0.2013196290071872,0.12822809022487203,0.11085123266522146,2.067549272211911,-0.1547927256186701,1.7651453793668983,0.26317300760090967
328,10.938333333333334,tracked,1,1,0.5034283050291383,0.4710258516708412,-0.20008903494846114,0.1275145921702359,0.1108336590745278,2.0666850510632933,-0.15674702491127454,1.7567704116892058,0.26187724816561814
329,10.971666666666668,tracked,1,1,0.4468667551333521,0.49346399146127234,-0.2019005540620714,0.12700674886699567,0.10931405266765876,2.060443733617681,-0.15864369055556238,1.7654989148547051,0.2623816115869464
330,11.005,tracked,1,1,0.36000932937510854,0.49548622906735607,-0.20438789573802468,0.12520512983693585,0.10761273482425998,2.063707551668108,-0.15515946851550588,1.771171738192193,0.26273796291753904
331,11.038333333333334,tracked,1,1,0.3996027184381333,0.48181562376565407,-0.20362607428726348,0.12535846123271255,0.10731336412265047,2.0568533399908038,-0.1542247942031519,1.7632166619692766,0.2620963182717304
332,11.071666666666667,tracked,1,1,0.386675806270645,0.47527752423943714,-0.20462321562679808,0.12453565100085898,0.10640811533326072,2.0564556778637932,-0.15639801838536063,1.7610547195489894,0.26211157119142103
333,11.105,tracked,1,1,0.44219934821450596,0.45985984939323593,-0.20681040557863212,0.12291752131856529,0.1047101988418912,2.0565672207952614,-0.1556730462971336,1.766790664045879,0.26238042351556384
334,11.138333333333334,tracked,1,1,0.4197975656590164,0.44486839500534037,-0.20704873533993806,0.12169320315568119,0.10494122908618014,2.0555040001117693,-0.16848195236997326,1.7708777098111605,0.2620898244157444
335,11.171666666666667,tracked,1,1,0.41349325345332405,0.426290540570128,-0.20791256184915696,0.1209758505608671,0.10366092400125343,2.0626569072277494,-0.17036567816170628,1.760123956950103,0.26193200827389995
336,11.205,tracked,1,1,0.4125307156353393,0.42732937993707043,-0.21131533739691605,0.1201354489325705,0.10091751382217878,2.0557097988524395,-0.1634599265264514,1.7709926596122443,0.26319392566214816
337,11.238333333333333,tracked,1,1,0.3912888527214912,0.4313838830280022,-0.21088539094414133,0.11977652174941011,0.1009505638522325,2.0526935108118822,-0.15805699030569775,1.7631689598475693,0.2626976962558559
338,11.271666666666668,tracked,1,1,0.3563570036841406,0.4346297590802104,-0.21228133352044581,0.11909055311672892,0.09976520680780349,2.04696978611375,-0.15937524362759792,1.7670893956917082,0.26305706774818083
339,11.305000000000001,tracked,1,1,0.39747583722402,0.42734244302833135,-0.21354134638631345,0.117589846225719,0.0983350390343371,2.0497268726805435,-0.1581557901406632,1.7703778117363673,0.26286319341770226
340,11.338333333333335,tracked,1,1,0.33848215286901767,0.4518283174244689,-0.21394160996738448,0.1166507665032806,0.09725702657668284,2.0495229853423607,-0.15848883318784376,1.774218527828086,0.26236871577948645
341,11.371666666666668,tracked,1,1,0.451662501806792,0.43501964628195755,-0.21538321082864548,0.11556808847270894,0.09474555680348157,2.0541192428433606,-0.15541728236017052,1.7724266639784203,0.2621500164297046
342,11.405000000000001,tracked,1,1,0.40218654643817536,0.4121068302255341,-0.21644849054999216,0.11441017694172953,0.0929031877134528,2.0558699589499327,-0.1507346930796033,1.7766537690596098,0.26185996245422655
343,11.438333333333334,tracked,1,1,0.36087952104952353,0.4190676528883612,-0.21563825968663358,0.11317966898644355,0.09241801546584133,2.066145670863411,-0.15708288781633223,1.7704861490822354,0.2604814505779739
344,11.471666666666668,tracked,1,1,0.43684803500555797,0.4205570655675303,-0.2166852993421497,0.11246490913457574,0.09062144290925184,2.060990469103871,-0.15352812417592596,1.7761994906497698,0.2604095248883961
345,11.505,tracked,1,1,0.4758971252833613,0.36507014772113006,-0.2162656976277158,0.11204129083804684,0.0905488388330265,2.0589094129876937,-0.1532175137908071,1.7727314776736747,0.2598522561708245
346,11.538333333333334,tracked,1,1,0.44565285509550584,0.41169132812026216,-0.2162678315162418,0.11136192355253197,0.09071680714181579,2.050143353777223,-0.14727945985686752,1.773509207159066,0.25962047697372204
347,11.571666666666667,tracked,1,1,0.34573182850434053,0.42412948905643627,-0.21723884829879725,0.10997487554939,0.09003080538790309,2.053777075195533,-0.14414419276986354,1.7695251644308605,0.25960111013068904
348,11.605,tracked,1,1,0.3418887911403264,0.41706200177463343,-0.2175736965248959,0.10881468305063965,0.08967819332277138,2.0519969153021327,-0.14694892275468993,1.7714153054033732,0.2592703743672906
349,11.638333333333334,tracked,1,1,0.41588908338702174,0.3902531738230745,-0.21877066640058873,0.10724162401506629,0.08846707136870591,2.0486671657104663,-0.15403154720718873,1.7718157188905546,0.2592060823269821
350,11.671666666666667,tracked,1,1,0.3908753313967205,0.39209486686377193,-0.22062212866730102,0.10594439816339402,0.08662090092840635,2.050431994340554,-0.1495734429258703,1.7696539528815018,0.2596180264110019
351,11.705,tracked,1,1,0.41220066918482584,0.37659912139077073,-0.22290199373362174,0.10403751540110379,0.08369299788494,2.0460069855714975,-0.14658594649843487,1.7786917107802642,0.259833834048276
352,11.738333333333333,tracked,1,1,0.43617982376114217,0.35065569190793433,-0.22415356995176677,0.1028692821509237,0.08140484690561517,2.043546608539745,-0.15693749327787443,1.781055747737362,0.25971842682431023
353,11.771666666666668,tracked,1,1,0.3162582200381368,0.39167019382282525,-0.22559530500424674,0.1025313560776463,0.07891542210231123,2.043661406441147,-0.1552193312033992,1.7775933233659214,0.26006453903726695
354,11.805000000000001,tracked,1,1,0.4068907087317418,0.383034304024064,-0.22716473321422537,0.10106624714703369,0.07623324234609175,2.051044381467593,-0.16110769260710603,1.7795952339123415,0.2600571275071565
355,11.838333333333335,tracked,1,1,0.3917659497330289,0.36148236758814856,-0.2285462657437347,0.09991656914797639,0.07405716696054193,2.0517397295436157,-0.16335688234283818,1.77932979551575,0.2601945048496024
356,11.871666666666668,tracked,1,1,0.41206441451393705,0.3393238323674911,-0.22954844169960226,0.09913492353317568,0.07221751235067148,2.048219287099769,-0.16075512869185837,1.7793286504151289,0.2602606179212746
357,11.905000000000001,tracked,1,1,0.37506433717760856,0.3578584935153861,-0.23322121578144173,0.0970851535601357,0.06865591969251172,2.050185495627285,-0.15480945868281648,1.7803485842595683,0.261784831190032
358,11.938333333333334,tracked,1,1,0.39557285849494134,0.3620507650921542,-0.23372691976666254,0.09560600237384512,0.06715137261086912,2.046717164412371,-0.15709746148478368,1.7797101955269288,0.2613007607280227
359,11.971666666666668,tracked,1,1,0.39044296930901295,0.35444059864154903,-0.23505884727825355,0.09432846371779227,0.0646692411540814,2.042108337710277,-0.16435284287737636,1.7876575274233606,0.26140510993969673
360,12.005,tracked,1,1,0.27111576452097486,0.37668276472175044,-0.23496156757512887,0.09385338479520972,0.0630194753976348,2.040993824374872,-0.16322183667162346,1.7840680437938823,0.2607428816943478
361,12.038333333333334,tracked,1,1,0.39011975786692243,0.32129936975329865,-0.23584790729859884,0.09238484445594403,0.06103282276546701,2.042443922710319,-0.1731235628683782,1.7867782695310053,0.26054596584287837
362,12.071666666666667,tracked,0,1,0.4255652738857415,0.30155991106490854,-0.2405388989682971,0.09079375954779709,0.054017781497186834,2.034424416431297,-0.18404409710818262,1.8040087790491914,0.26271731843862456
363,12.105,tracked,1,1,0.3452887683103208,0.34332633507547733,-0.2400962014558149,0.08939314623143282,0.055235069485326416,2.050982011275275,-0.1615371218157396,1.78260305892042,0.2620844013819106
364,12.138333333333334,tracked,1,1,0.44379040375366174,0.34161427323670024,-0.23761788911891785,0.08977468065550234,0.05590495168998444,2.0555687352578245,-0.16541360743543415,1.771754688944535,0.2600905960229767
365,12.171666666666667,tracked,1,1,0.28870335836745464,0.36909942359651216,-0.2420853540434168,0.08830395127866406,0.052402670079150226,2.0438880715568586,-0.16345502186117358,1.7795781750392832,0.2629618723031447
366,12.205,tracked,1,1,0.29868963265287907,0.35243161610727636,-0.2460118174545196,0.08640348754747021,0.04910130269116253,2.0429568828808295,-0.1674024719757424,1.7824713363914872,0.2653268077552867
367,12.238333333333333,tracked,1,1,0.3129389156478615,0.3332633758213634,-0.24800597383256184,0.08588538001382992,0.04692434637409676,2.0422673648598835,-0.16358036428863057,1.7794240392421303,0.26661799609064935
368,12.271666666666668,tracked,1,1,0.2742111072579538,0.33310040989134787,-0.24797348075394143,0.08626883962386409,0.046024885486851685,2.0365287256946925,-0.17232257830408584,1.7816500809975322,0.26655477848155557
369,12.305000000000001,tracked,1,1,0.3240801011810791,0.34934706252849024,-0.25211579486614616,0.08478179545889047,0.042008665174986914,2.04358454895799,-0.1696958253464342,1.7780103011949806,0.26928619498965406
370,12.338333333333335,tracked,1,1,0.23757700251943867,0.3214035982714334,-0.2522594069261358,0.08503037984280531,0.040819120777762674,2.0499092968213586,-0.1830149923557958,1.7730587765283172,0.2693161237282445
371,12.371666666666668,tracked,1,1,0.24552990144775463,0.2875023353743671,-0.25299580155810014,0.084933743998797,0.03872617202980255,2.0455506684757063,-0.18033419320076952,1.7790787139617257,0.2696670778492633
372,12.405000000000001,tracked,1,1,0.1782328734921641,0.2640622216809203,-0.2544292280689783,0.08503576364024037,0.036646160618796664,2.0501454522089717,-0.18219654896339235,1.7723243582641024,0.27075497092713485
373,12.438333333333334,tracked,1,1,0.18244131500504826,0.28662443753006894,-0.2578350535660799,0.08373672782495481,0.032025824715404605,2.0499229553702376,-0.1818636888628912,1.7805497701679671,0.27297693654035254
374,12.471666666666668,tracked,1,1,0.14091223590573654,0.33087222643592906,-0.25869836451869194,0.08381433556945131,0.02998414118784687,2.05217958817384,-0.1854490275460906,1.7767215312214786,0.27358496920402503
375,12.505,tracked,1,1,0.27833670190841153,0.2986108408387288,-0.2626689032507928,0.08231769266629668,0.025690648292507334,2.054284623480472,-0.176585074253223,1.7801848958554467,0.27646186838435155
376,12.538333333333334,tracked,1,1,0.22399564854149512,0.26935189334912213,-0.2624567431228867,0.08280634838665404,0.024878874219485314,2.0634103172819054,-0.17834660874384983,1.7738471197518317,0.2763320316688491
377,12.571666666666667,tracked,0,1,0.23808963265953886,0.28600249356981167,-0.2664869474056062,0.08402166509381728,0.01772261391007418,2.064561040779102,-0.20092666262922318,1.7860957086001892,0.2799804000041815
378,12.605,tracked,1,1,0.32606062067414854,0.30066769997820586,-0.2656626608590801,0.08193363093863062,0.02000706426853671,2.072609994066555,-0.18010690193415113,1.7713875652344817,0.2787293523727985
379,12.638333333333334,tracked,1,1,0.3044074896455199,0.29794474454744413,-0.2667362742070852,0.08136421466027352,0.01852643883716759,2.0793151631653086,-0.1839130010766507,1.763515747681604,0.27948453327715245
380,12.673333333333334,tracked,1,1,0.3414236988797105,0.30054273663514847,-0.2676652731484296,0.0813252691706878,0.01693248606820391,2.0803858144574567,-0.17885736814071598,1.7630434939906028,0.2802591781543615
381,12.706666666666667,tracked,1,1,0.33738937984433914,0.3281243526028833,-0.26784504157797173,0.08099963673345084,0.015871801500229377,2.0821583919702045,-0.17955886432541013,1.7629828859378762,0.2802745467068301
382,12.74,tracked,1,1,0.3394115201050924,0.3252060643352103,-0.27063988976503417,0.07939052590518275,0.012920058782543875,2.089336413487185,-0.17861482926929362,1.7613281271306915,0.2823397482723177
383,12.773333333333333,tracked,1,1,0.3620549743591336,0.32384056248658566,-0.2707679895944593,0.07988436837204838,0.012361197806998625,2.10612657021707,-0.18151713424792018,1.7511261545040893,0.28257674304593805
384,12.806666666666667,tracked,1,1,0.30524482837261396,0.31781103224965607,-0.2725308171983111,0.07944346784751627,0.009646398660515643,2.122140510461939,-0.1849253736459221,1.747303662385319,0.28403761003348876
385,12.840000000000002,tracked,1,1,0.3184593237739817,0.31486656912206323,-0.2743320511419218,0.07865028937644464,0.007309068004272279,2.139461874239528,-0.18638684220729357,1.7400574451728812,0.2854774330447567
386,12.873333333333337,tracked,1,1,0.29413925333476715,0.34242108003522526,-0.27211206570574,0.07910183279408844,0.009424130015122267,2.146970393634786,-0.19987407045625885,1.7316261227379937,0.2835328737211451
387,12.906666666666668,tracked,1,1,0.2803968396700161,0.3424859213309716,-0.2732061429293127,0.07742784733376945,0.008332118329526739,2.144954972541387,-0.1828456238865495,1.730319855492449,0.2840881769326397
388,12.940000000000001,tracked,1,1,0.2883324978998295,0.31115414186071133,-0.27300998867994136,0.07719882139035575,0.00817099229078766,2.1398464977511087,-0.17891164568538748,1.7329298017595511,0.28383248062562866
389,12.973333333333334,tracked,1,1,0.23765827036870565,0.31378295017427715,-0.26862462706532586,0.07800184256227463,0.011907478884942535,2.1391338207712565,-0.1846847583163467,1.7245945586298899,0.2799736876252671
390,13.006666666666668,tracked,1,1,0.26960402927116806,0.30798305770488615,-0.2704513679090179,0.07743505340536944,0.010946195347485643,2.133488173573457,-0.19291617440155753,1.7324539984030567,0.2815314353537393
391,13.040000000000003,tracked,1,1,0.1940795278377439,0.34768681204874846,-0.2720555885262903,0.07681132650437644,0.009521279493209078,2.1309484171557886,-0.18940278139175734,1.7317671603412637,0.28285133531757617
392,13.073333333333334,tracked,1,1,0.24819529852198477,0.29459425372406123,-0.273092059310806,0.07649099484163693,0.008007016697837932,2.132182544079743,-0.19672880867268214,1.7334474032948917,0.2837150991168421
393,13.106666666666667,tracked,1,1,0.21574786143960656,0.3171538245386939,-0.27390086381692946,0.07593344943698632,0.007053770392351055,2.1275700951302645,-0.1937159018436797,1.7372028136467208,0.2843190595436885
394,13.14,tracked,1,1,0.1930797223883663,0.2971105680771574,-0.274415811187259,0.07563687419807563,0.005665824718577517,2.120447974549541,-0.19911221663778286,1.7461391313861383,0.28470524360776805
395,13.173333333333334,tracked,0,1,0.23519569274566737,0.2518261278714136,-0.277913958149706,0.07616915290692261,0.0015115459857357183,2.115308494416384,-0.21346469368162135,1.760567520290832,0.2881669529287869
396,13.206666666666667,tracked,1,1,0.211733779631353,0.2974902215604357,-0.2746229341694686,0.07518391249946013,0.005697884078728288,2.1138677541324484,-0.19307272402844936,1.7552473766157524,0.28478560805200354
397,13.24,tracked,1,1,0.28106076123332285,0.2746421949829178,-0.27536599098748443,0.0753562855416533,0.005325993867188683,2.1173192098958284,-0.1940521846045539,1.7553864124742535,0.28554047869580224
398,13.273333333333333,tracked,1,1,0.2882402596397994,0.30714727523823027,-0.27570075425949697,0.07566142551754396,0.00568919621117292,2.1200802139290893,-0.1855705032945499,1.751822409837235,0.2859509121582437
399,13.306666666666667,tracked,1,1,0.24749116072400548,0.32331144811990853,-0.27678114304560875,0.0761559364342543,0.004845019203125245,2.1214272340115827,-0.19637953625086854,1.750678061047812,0.28710799712110174
400,13.340000000000002,tracked,1,1,0.23729081755255726,0.3023066916216581,-0.27666081863818587,0.07607702486133003,0.00510191805140725,2.1220025387368375,-0.19354221870553243,1.7520198069661537,0.28697552482590893
401,13.373333333333337,tracked,1,1,0.1795468085274578,0.29084850032366627,-0.27507254677079984,0.07723360195395162,0.006532342348142317,2.1211617329021384,-0.1969502532483008,1.7459795442354307,0.28578419612411854
402,13.406666666666668,tracked,1,1,0.31568892559383177,0.34505343380235876,-0.27595710802161455,0.07724329952959982,0.0060582254835128135,2.129306405856475,-0.20296894514614866,1.746334659998183,0.28662790318788156
403,13.440000000000001,tracked,1,1,0.353271012341621,0.3179564190001419,-0.27701141870664653,0.0772409818063626,0.0053228195197252415,2.13025676388679,-0.20549656867920899,1.7505217639342652,0.2876279328784314
404,13.473333333333334,tracked,1,1,0.22637170097365295,0.30841356511428336,-0.27695284099889533,0.07708879447987599,0.00577538903695024,2.1261935903077434,-0.19954016174686132,1.7485975169685333,0.2875394120642388
405,13.506666666666668,tracked,1,1,0.26076484578009274,0.3283465065587645,-0.27637582830739227,0.07736215568331173,0.00636294852523922,2.1103032928412397,-0.21016299702888283,1.75240874302903,0.28706965830352216
406,13.540000000000003,tracked,1,1,0.24507009009901826,0.2986902063202448,-0.27797592229352414,0.07620908264684625,0.00546842852681384,2.0987484208100677,-0.19792664738218788,1.757667645284439,0.28828517367940043
407,13.573333333333334,tracked,1,1,0.2455058285705566,0.34305252489054106,-0.2788173982912649,0.07550722127156836,0.004878738372078362,2.0966357928806993,-0.1904326002055484,1.7626204161368353,0.2889018590147295
408,13.606666666666667,tracked,1,1,0.21187838074903226,0.2949997127453498,-0.27753637533330044,0.07516893538765357,0.006027825081194926,2.089077302184708,-0.18970089985070746,1.7610381037436618,0.2875989275982602
409,13.64,tracked,1,1,0.2608350596684814,0.30204081171143016,-0.2797969283141392,0.07421505706335751,0.003870110276767147,2.08251116773731,-0.18781389783855174,1.7646195985285738,0.2894981408273623
410,13.673333333333334,tracked,1,1,0.2423083241224305,0.2748869965304056,-0.28074904961834535,0.07394363199152282,0.0030369117907612098,2.0747972183623347,-0.18752899472844892,1.7696100073203096,0.29033930565275995
411,13.706666666666667,tracked,1,1,0.33598666899232993,0.2761020674362524,-0.2814251006582843,0.07358200704524967,0.002748943070308929,2.071108821445667,-0.1852629457564828,1.767043369777745,0.29089853167270613
412,13.74,tracked,1,1,0.1864735174686171,0.2821004002624372,-0.2796143106202609,0.07336949691238934,0.0037975171565187704,2.0547897796568972,-0.19186164373987277,1.7664399179322297,0.2891049410116937
413,13.773333333333333,tracked,1,1,0.2978892308183366,0.2950807794395294,-0.28506250735801614,0.07113084470395639,-0.0009007109408131764,2.0484637637767404,-0.19302042724285937,1.7743393538825676,0.2938044272126209
414,13.806666666666668,tracked,1,1,0.18734902076182244,0.3113262884216752,-0.2871493011971653,0.0693703593180858,-0.0032149483402364454,2.0369573970207377,-0.19356287930015315,1.7781054090445823,0.29542732409641986
415,13.840000000000002,tracked,1,1,0.24741599363558814,0.2835825543148836,-0.2865506439063458,0.0685812807062875,-0.003517372683636555,2.026371051393509,-0.2005925406877959,1.7768065485750637,0.2946642759091295
416,13.873333333333337,tracked,1,1,0.16982926847463303,0.2683187781817343,-0.28912646056293734,0.0662966851231834,-0.008128706398770724,2.01737119748494,-0.2071949489719083,1.7895768004265606,0.2967413630144805
417,13.906666666666668,tracked,1,1,0.3146569408503471,0.2522758851321497,-0.291175017529967,0.06441002379495608,-0.010580471452824203,2.0199819269059534,-0.20411937807635375,1.7878523789955623,0.2984015555840945
418,13.940000000000001,tracked,1,1,0.29891936713908296,0.22315505928067036,-0.2919911698384372,0.06306677649767917,-0.01379328345563563,2.023541871684372,-0.20935286964285096,1.7892229631620116,0.2990426662366339
419,13.973333333333334,tracked,1,1,0.3521360995310726,0.17714614903185322,-0.2936202660691871,0.06164767851696709,-0.017245392558026873,2.0254257503614115,-0.21825609691628622,1.793011012131484,0.3005173879787192
420,14.006666666666668,tracked,1,1,0.1802180023271522,0.24779402117683944,-0.29668732761988836,0.05971382030615696,-0.020897229213082624,2.0355155934038294,-0.21513738261987028,1.7898226283564302,0.3033575528886187
421,14.040000000000003,tracked,1,1,0.20242377690674723,0.2652620837659267,-0.29579588064406315,0.059301853378945946,-0.021100658232949265,2.0386332489123498,-0.21888036798842375,1.788336997501061,0.30241883307432854
422,14.073333333333334,tracked,1,1,0.18403660680008277,0.2457130538342145,-0.2982098196479778,0.05795312241516476,-0.023451450735871127,2.041397157613236,-0.20786366955971006,1.789482410208042,0.30469268365644014
423,14.106666666666667,tracked,1,1,0.2005837591957306,0.26057893367000107,-0.29818169494452235,0.057231752351276644,-0.024441092075364657,2.0416358534097987,-0.21839255026451712,1.7957160530452798,0.3046065719235593
424,14.14,tracked,1,1,0.22863508817114903,0.22482395424215185,-0.3018717328984276,0.05475368254796931,-0.027834116168575396,2.039280186500208,-0.21257831597239496,1.7991506440856562,0.3080572136771823
425,14.173333333333334,tracked,1,1,0.3038774963361622,0.21914664373978637,-0.30175804804135303,0.054574779914397964,-0.02796459449798394,2.0429203688538715,-0.21545814491058674,1.7989334309745413,0.307925875343189
426,14.206666666666667,tracked,1,1,0.3307393926490041,0.17040709172220947,-0.30102610521506223,0.05454481594021007,-0.028797540585696835,2.0476907718991297,-0.22709006924085418,1.8017372383093648,0.30728024881317373
427,14.24,tracked,1,1,0.30413237307289903,0.22127200538167852,-0.3039190417929005,0.053770996334451704,-0.030627786940484736,2.0505244183690237,-0.22727549517932363,1.7981900341662915,0.3101550666102138
428,14.273333333333333,tracked,1,1,0.2973929934719569,0.2333187206004601,-0.3035651923089177,0.05349561267080366,-0.030385103461999796,2.050002932173923,-0.22530326395784825,1.7961419032944228,0.3097367609260665
429,14.306666666666668,tracked,1,1,0.20400376947152385,0.26535844753984306,-0.30439840066539714,0.0531844122894268,-0.031185483251477297,2.0489001580891717,-0.22636617697971526,1.7999884378446585,0.3105793013126463
430,14.340000000000002,tracked,1,1,0.23127553044882723,0.24774183262465574,-0.30408739570353693,0.05344507043435165,-0.03198653584469974,2.0459357733136723,-0.2361769479843511,1.8050207159573914,0.310400802600181
431,14.373333333333337,tracked,1,1,0.13539126744243632,0.2245332152956568,-0.30536043656550693,0.053544319305179944,-0.03282257894024404,2.048132066290675,-0.24653102423992818,1.8072198768102234,0.3117520040635194
432,14.406666666666668,tracked,1,1,0.18588185466821022,0.19993308428892453,-0.30711913110047767,0.053623839505934745,-0.03407351494644073,2.0474662058839486,-0.2545538449182669,1.8099675174593322,0.31362187626515464
433,14.440000000000001,tracked,1,1,0.23489555432009132,0.192028900366734,-0.3047061063540317,0.05463550746183671,-0.030778562963323486,2.0512253522775135,-0.25769055477028036,1.8030424489622727,0.3110918993852687
434,14.473333333333334,tracked,1,1,0.18761312363544722,0.16861835340317113,-0.3061300479072733,0.05467023770274276,-0.03278426162124609,2.049423447285012,-0.26462361815952623,1.8056480291543302,0.31269673636326
435,14.506666666666668,tracked,1,1,0.2511866490480114,0.20920979936624517,-0.3071770476720021,0.05354113429550478,-0.03381606565198664,2.044655014290261,-0.25751891029260465,1.812873976040554,0.31363660177714625
436,14.540000000000003,tracked,1,1,0.22234930257454943,0.24658214786827676,-0.30821209407677636,0.053327693876203675,-0.035821872278124944,2.053192467888766,-0.27365966112036355,1.8143959581385478,0.31483605956569843
437,14.573333333333334,tracked,1,1,0.23559038148507483,0.19791301081901908,-0.30956498610159355,0.052205920805499934,-0.03733099309038401,2.0443942794215593,-0.26760045555377443,1.8214602918646203,0.3161479745820685
438,14.606666666666667,tracked,1,1,0.15651729045091733,0.22342868801674415,-0.3116885071369313,0.05047734059957931,-0.03910472296517725,2.0393127910866693,-0.25869249520170273,1.8192486197792341,0.31816169906737374
439,14.64,tracked,1,1,0.2271821344447607,0.18201903653865753,-0.3122283789092592,0.05030880944308086,-0.03931923915226937,2.0432877707700654,-0.2635117286617055,1.8196031907483827,0.3186903504522807
440,14.673333333333334,tracked,1,1,0.20350361086894483,0.18908222435044722,-0.3125898342048531,0.049481034566318916,-0.03995466981984336,2.03575313762835,-0.2573670783194929,1.8210163255430427,0.3189939699592823
441,14.706666666666667,tracked,1,1,0.3407772967597461,0.16351745759169944,-0.3111504387138071,0.05030441730019866,-0.038864299628469434,2.0368794367944267,-0.26549200573320353,1.8171690464530843,0.3175776498705767
442,14.74,tracked,1,1,0.19873201652954203,0.20445648771476654,-0.31201635919961523,0.04879649866172625,-0.04057115511246473,2.0299532192089833,-0.258521479790534,1.8233056486976682,0.3184043424907814
443,14.773333333333333,tracked,1,1,0.26410555066892627,0.19663675554673504,-0.3113500305516172,0.048988497564832256,-0.04000475829049982,2.0310117291402623,-0.26669056343720127,1.8249246372503298,0.31770913600970596
444,14.806666666666668,tracked,1,1,0.1719675674905669,0.1979003152793105,-0.31254568704229574,0.047689756723143295,-0.040948375790133495,2.0226893666825094,-0.26385312618046713,1.8273741497247085,0.3188038407311042
445,14.840000000000002,tracked,1,1,0.2708030160819262,0.21364103711460858,-0.3118781608647454,0.04770623520231737,-0.040855939084461446,2.014087606605183,-0.2776484451420861,1.8301418037320556,0.3181400318413702
446,14.873333333333337,tracked,1,1,0.3154254961591423,0.1704844297783002,-0.3100417917797851,0.048793649870284006,-0.03954554949255418,2.0216062000438684,-0.28897973472226224,1.829519289662816,0.31633934848885226
447,14.906666666666668,tracked,1,1,0.3570643473827504,0.13474857491031772,-0.31028927282628355,0.048283844226300054,-0.03961711756981007,2.013255585143829,-0.28861163196366413,1.832155580587488,0.3165126829194584
448,14.940000000000001,tracked,1,1,0.1838168116087901,0.13983769755025993,-0.3113338332773172,0.04776359556529647,-0.041969694445689265,2.0043244133781632,-0.2910420612462334,1.8405826429233965,0.3177602430392104
449,14.973333333333334,tracked,1,1,0.2935296322818017,0.14043378292838382,-0.31559465997212516,0.04617109012938972,-0.04617338976292901,2.0184570519278617,-0.28315111408891064,1.8384463397894926,0.32227897990538706
450,15.006666666666668,tracked,1,1,0.26539539310695354,0.1614980884874534,-0.31284158637557824,0.0472792454018319,-0.04480362910095098,2.0134804198369136,-0.29346786386481166,1.8384082004998294,0.3195505443468538
451,15.040000000000003,tracked,1,1,0.23116688087228257,0.08874414724618748,-0.3173777374710596,0.04463903187123852,-0.050047076171028715,2.008062739815948,-0.28592681928879227,1.8488075018982617,0.3243855441321623
452,15.073333333333334,tracked,1,1,0.17747077593269042,0.13076054423875047,-0.3148876908093419,0.04614919433067727,-0.047082008732079406,2.0065884672746774,-0.2845715224248033,1.8444865717469932,0.3217152801886443
453,15.106666666666667,tracked,1,1,0.2888441540481055,0.17623954652613583,-0.3147032382817327,0.04659039070348345,-0.0477066745729719,2.013632838975306,-0.28950949534038606,1.8387149180045887,0.3216904093841215
454,15.14,tracked,1,1,0.22881071371653175,0.21883138267133243,-0.3108891230993778,0.04818480148257476,-0.046942476519029,2.007359449689441,-0.3056161605287801,1.8458952101015864,0.3180839795669609
455,15.173333333333334,tracked,1,1,0.29761880246423766,0.17865336019460087,-0.31631474845110413,0.04642045323810973,-0.053964451615631404,2.0113139561826876,-0.3156008795277832,1.8598271313493102,0.32422529297495073
456,15.206666666666667,tracked,1,1,0.34136476790611114,0.1804305563942744,-0.3136602728074775,0.047165638475704846,-0.05014402203973606,2.009782014357504,-0.3005550369503127,1.8435161982811146,0.32112581200645274
457,15.24,tracked,1,1,0.26792132404696045,0.2162774510536607,-0.3154374064537507,0.046696767594721716,-0.05083502059599315,2.0141315685900403,-0.29963183294926937,1.8430539501848318,0.32290175721581205
458,15.273333333333333,tracked,1,1,0.2939548450335466,0.18274457345159179,-0.3153672049326447,0.045926111893817345,-0.052291007828098424,2.008480026484007,-0.30067350509679286,1.8493811298837748,0.3229551535436312
459,15.306666666666668,tracked,1,1,0.25668783762315023,0.15914011023083374,-0.3157343367280267,0.04651876448700262,-0.05215903693860541,2.0039959388689272,-0.2989278393687059,1.8492595648416101,0.32337707397533144
460,15.340000000000002,tracked,1,1,0.41224398599700884,0.19816994637654617,-0.31432768498074437,0.0472114322225361,-0.05053983648825083,2.0109837698161823,-0.3073902242535482,1.8425999332427072,0.32184637321261883
461,15.373333333333337,tracked,1,1,0.29505688454558054,0.21566996309540154,-0.31675445927135354,0.04554961555078049,-0.053295267578167715,2.008727854262145,-0.3014719848171998,1.8477767247902879,0.3244203145478716
462,15.406666666666668,tracked,1,1,0.27413224608692,0.16224515582684412,-0.3142308180592075,0.04689813966104822,-0.05143562799057727,2.012914555425638,-0.3075557531171639,1.8501276760588061,0.3218478931865346
463,15.440000000000001,tracked,1,1,0.338582997561076,0.18610151156864518,-0.313794866753837,0.046701384321964634,-0.05116729468992026,2.018208282098916,-0.30801500623193523,1.8473509600324367,0.32135078923900484
464,15.473333333333334,tracked,1,1,0.2672075466531283,0.2010486750431602,-0.3186730273790701,0.043970853761652745,-0.05446546421827336,2.0154054126160514,-0.29231917061770374,1.8529608239987447,0.3262704723875304
465,15.506666666666668,tracked,1,1,0.20283953461199464,0.189301859616634,-0.318640256955857,0.0438325811245214,-0.05604678592063711,2.0143805309217284,-0.29587923498976804,1.8560099060930773,0.32648759659896126
466,15.540000000000003,tracked,1,1,0.2762924068661518,0.19177172912331097,-0.31646279921336573,0.04516491339986908,-0.05335995901232893,2.013880686576378,-0.30810775043928074,1.848589505043874,0.32409236016014653
467,15.573333333333334,tracked,1,1,0.3275130277911734,0.1655385584754906,-0.31933994183704845,0.04399227125151292,-0.0558688566197072,2.0140090945768923,-0.30482532710990146,1.8596206817330023,0.32716150067260297
468,15.606666666666667,tracked,1,1,0.22793310796910496,0.1870771126726484,-0.3181610213321744,0.04446557010993149,-0.053821611205955466,2.01317610385642,-0.30644687284936956,1.8468815848433005,0.3257305454714657
469,15.64,tracked,1,1,0.30491867888058194,0.17613336188581502,-0.3166919884480327,0.04424661729804266,-0.054987484728627634,2.001781993357089,-0.31562940545115276,1.858122661801101,0.32446140319962463
470,15.673333333333334,tracked,1,1,0.315750741913196,0.2030101832135935,-0.31608338832814104,0.04370229409301252,-0.05298843398937364,1.9958116625245903,-0.30049065800017,1.8431987950282913,0.32346000219909227
471,15.706666666666667,tracked,1,1,0.3794033240054547,0.17322714463517613,-0.31782574140636444,0.04401997839110622,-0.05790009925976686,1.9996700618696712,-0.3352956583297633,1.8625629884110524,0.32604199406265066
472,15.74,tracked,1,1,0.3039176115221604,0.18381437706931142,-0.31842876437203865,0.04296106553650497,-0.05694368979450659,1.9964493242378374,-0.3206825249306265,1.8532882408325033,0.326320570817943
473,15.773333333333335,tracked,1,1,0.24893804482004905,0.20184758762462474,-0.3186867475257598,0.04259922369201366,-0.0563462101342076,1.9981280519264635,-0.30907159617433333,1.8440447863171185,0.32642124977427234
474,15.806666666666668,tracked,1,1,0.33159748374700143,0.203841337161286,-0.31765923349411246,0.042691977878571125,-0.057412563674579586,2.000519970473364,-0.31113580062712587,1.8463048105683717,0.3256166397267485
475,15.840000000000002,tracked,1,1,0.22412957167295025,0.19783583957773623,-0.32203902002934165,0.040776704473110326,-0.06140626002401928,1.9929758915210067,-0.3072505442700938,1.853404685310479,0.330367369483252
476,15.873333333333337,tracked,1,1,0.3039042167992684,0.1802354377592793,-0.3217443316683762,0.04133242063827505,-0.06083678876758486,1.9918890225717238,-0.31348802710814727,1.8491941595246444,0.330043783192626
477,15.906666666666668,tracked,1,1,0.3698251554101958,0.17550810684349127,-0.32003885291909473,0.04187618757426079,-0.06325322205123679,1.9903718769009928,-0.32881230866097216,1.8620484552235868,0.328906449561859
478,15.940000000000001,tracked,1,1,0.25837668553116816,0.16504937905047473,-0.321958551449673,0.04143622350285231,-0.0649624515990253,1.9879632806631617,-0.3298525301885166,1.856717100694527,0.3310504336011445
479,15.973333333333334,tracked,1,1,0.3075250868692934,0.13881204784183288,-0.32417789781676165,0.04087378671488662,-0.06744832697480618,1.9857239826782445,-0.33592983463390497,1.859081359558111,0.3336334106246093
480,16.006666666666668,tracked,1,1,0.2478799043684966,0.1564328191592566,-0.32131017767217024,0.040951622023338435,-0.0661213045657566,1.9824599225147745,-0.3402860275109295,1.8556603545342736,0.3305893109880317
481,16.040000000000003,tracked,1,1,0.2727800372472,0.13262953886755735,-0.32370431622996443,0.04049402886958228,-0.06998883595800298,1.9795042324373737,-0.34009125090265147,1.8598584875838207,0.3336505475475136
482,16.073333333333334,tracked,1,1,0.1675813483117898,0.18997064803717975,-0.3247614357505921,0.039770752508052815,-0.0712243324624689,1.9761795059349172,-0.3432111599848433,1.8639077553440175,0.3348501283269383
483,16.10666666666667,tracked,1,1,0.20780964143622682,0.17541277802136873,-0.32387584109897294,0.040638241994990054,-0.07130161367423749,1.9805885928100104,-0.34847528089191865,1.863246771095436,0.33411217767773854
484,16.14,tracked,1,1,0.1509266552671376,0.14592290966570948,-0.3236096443868814,0.04084656497457745,-0.0715190573502612,1.9784374953017942,-0.3379465918469436,1.8617409846849877,0.33392606872584263
485,16.173333333333336,tracked,1,1,0.25655366103228994,0.15344813948646474,-0.32495164430457796,0.04104223029886933,-0.07339287853367221,1.9694139672777309,-0.3365720174026128,1.875434341498039,0.33565540428185087
486,16.206666666666667,tracked,1,1,0.2614777749459193,0.1730818609876309,-0.32448074765416896,0.04221733073691458,-0.07182791127553384,1.9562009569642829,-0.33456779572439144,1.8786488600278664,0.3350064289696012
487,16.240000000000002,tracked,1,1,0.24011705119753116,0.10719486750787507,-0.32465184088601595,0.0420675990546604,-0.07336347230342499,1.9340313869588306,-0.3354154748003515,1.8961599800543267,0.33548576683567083
488,16.273333333333333,tracked,1,1,0.1948358010411929,0.16014888301500957,-0.32367434233744646,0.04254723400088006,-0.07166931825006478,1.919553965407912,-0.32539535792578006,1.8928804678042932,0.33423320928228123
489,16.308333333333334,tracked,1,1,0.24348685640706208,0.12262803188998439,-0.32501707804163943,0.042433464214178346,-0.07442615098558458,1.9014983251612794,-0.3296951105658088,1.9116021555037621,0.3361189549169611
490,16.34166666666667,tracked,1,1,0.26286287712801165,0.10988082898582618,-0.3246224937520326,0.04311234884164844,-0.07150369018550634,1.9020448006436534,-0.3247352637865065,1.9063915061101855,0.33518832882810423
491,16.375,tracked,1,1,0.2488265903428534,0.11691770876076665,-0.32490821298440575,0.04227202908789435,-0.07302696969020483,1.8879275429027707,-0.3088914641922241,1.9240319448846799,0.3356861772698749
492,16.408333333333335,tracked,1,1,0.30321175540679207,0.13963180958936133,-0.3258450414994755,0.042646117175271114,-0.0721929223505845,1.8867157037646476,-0.30000622928622145,1.9272152119337673,0.33646025087287706
493,16.441666666666666,tracked,1,1,0.2690699444100188,0.12004084139789484,-0.3228936840647264,0.04338575801661507,-0.07105748606127976,1.8760973167155464,-0.3044019284520581,1.940153691086874,0.3334543769886918
494,16.475,tracked,1,1,0.22700266674817363,0.14156022361504098,-0.3243605376485075,0.042706243405739946,-0.07304195383237866,1.8607664808861548,-0.3029284871851354,1.9574868267925027,0.33521442186921263
495,16.508333333333333,tracked,1,1,0.23837389245103446,0.13651124476835497,-0.32711187164016364,0.04179067615842155,-0.07491552876955482,1.8574291072888318,-0.29677865084639243,1.96736750551483,0.33817299364752795
496,16.541666666666668,tracked,1,1,0.2658473692074583,0.13747836850710993,-0.32627678151195394,0.04221498888895056,-0.07510552684345079,1.8531207496072308,-0.30951939865220907,1.9698881137239048,0.33746034374890016
497,16.575,tracked,1,1,0.2107057246460216,0.04823388043607124,-0.32623226388562193,0.04206050986986237,-0.07333435969914187,1.8588794794342853,-0.3188862252998222,1.966247758417534,0.33700816726443583
498,16.608333333333334,tracked,1,1,0.2294823143102173,0.10407540149716962,-0.32724901047497884,0.041594556551243056,-0.07462263141671938,1.8558140620193315,-0.31897014131099366,1.9685436369262193,0.33821673393122187
499,16.64166666666667,tracked,1,1,0.15728267711437668,0.11354730459190296,-0.32776389569859854,0.04165504975441209,-0.07364339318616331,1.8632164263236601,-0.32099906383903004,1.9642736365725295,0.33850799673499027
500,16.675,tracked,1,1,0.096781672542333,0.14945107152535161,-0.3272110515959664,0.04250681499197018,-0.0738784161973573,1.8638578770182042,-0.32764016672271495,1.9643585607902139,0.33813003709686856
501,16.708333333333336,tracked,1,1,0.14858083369453376,0.1412820101948016,-0.3273639043595818,0.041376277456912,-0.07495906539252112,1.8640814517756643,-0.32693057669268255,1.9706325363005226,0.3383755069420082
502,16.741666666666667,tracked,1,1,0.18272027310987962,0.1268761652400104,-0.3263334562698172,0.04179830588341146,-0.07226312446671435,1.8671180518598274,-0.32330889274923846,1.960822894548378,0.3368420731046224
503,16.775000000000002,tracked,1,1,0.2338788650884879,0.07957986440963397,-0.32553888675457177,0.04190399349932139,-0.07420037685992242,1.8651103480019635,-0.3359057508624075,1.9697736903443772,0.33650736602153536
504,16.808333333333334,tracked,1,1,0.1340205035569217,0.09650449844782122,-0.32621208670902013,0.041181084140758384,-0.07292259750445851,1.8626216312842017,-0.3238417818343577,1.9641031005602776,0.33679060621231516
505,16.84166666666667,tracked,1,1,0.21937543043558633,0.09837605247579534,-0.3281279877396635,0.04171998757949136,-0.07513610396272102,1.8714129606244112,-0.3418188163716489,1.9731229381778488,0.33919606103315897
506,16.875,tracked,1,1,0.19833456091822982,0.1055371286686545,-0.32468643789805607,0.04256963881990661,-0.07461216967688883,1.8688917564364755,-0.34977590747104176,1.9730256928568533,0.3358577570461614
507,16.908333333333335,tracked,1,1,0.13941254106402765,0.1339091144280177,-0.325325052521506,0.04180397646364756,-0.07316480189830132,1.8699562489345356,-0.3341120823439253,1.9650644312054524,0.33606108147643565
508,16.941666666666666,tracked,1,1,0.08680679451741036,0.14719141256752552,-0.3242929702320536,0.043367183549411076,-0.07151035478375944,1.8868746853728298,-0.36068103990387973,1.9591263592539592,0.3349035293815744
509,16.975,tracked,1,1,0.2013498224302766,0.13886809514266696,-0.32476177112111876,0.04230295893229821,-0.0738781499947665,1.8839828014258047,-0.35730295456720507,1.965768421205088,0.33573461150558015
510,17.008333333333333,tracked,1,1,0.10714566657005996,0.15133484164537137,-0.3248745581419489,0.04310607806480035,-0.07147762728149865,1.8921457188248014,-0.3656519086570598,1.9587065431511759,0.33542609274749036
511,17.041666666666668,tracked,1,1,0.15522022615709763,0.10612039379749866,-0.3253256541679722,0.041905038130527095,-0.07301381837733423,1.8820126450740844,-0.3565995238326672,1.9628658083535877,0.33604141285647865
512,17.075000000000003,tracked,1,1,0.21703973592219228,0.0790537928248029,-0.3231748943400795,0.04186124606289557,-0.07256622418785558,1.8747918425393166,-0.3543900959128413,1.9672331090325104,0.33385660566557906
513,17.108333333333334,tracked,1,1,0.1012827661248963,0.13548520073932863,-0.3251028486347421,0.041048972362287245,-0.07432718762016105,1.8790611894391875,-0.3541835444339853,1.9689208362023294,0.3360080521980782
514,17.14166666666667,tracked,1,1,0.1900710642038938,0.15678949684177163,-0.3241167847965529,0.041388544294737206,-0.07380052052236324,1.877686959156854,-0.36112099366596057,1.9718587801588823,0.33497943013723125
515,17.175,tracked,1,1,0.1874694433353754,0.10679534752168268,-0.3242174127261171,0.04197840881679646,-0.07415502525067497,1.8768016316469294,-0.36943090973262244,1.971720433001717,0.33522840764400574
516,17.208333333333336,tracked,1,1,0.1923385032077165,0.1324669251348608,-0.32451477507833787,0.04092131684008596,-0.07267594982893166,1.8738238811575034,-0.35248861448511026,1.9657357458697804,0.3350614676437867
517,17.241666666666667,tracked,1,1,0.21330020480511963,0.13876680841403205,-0.32479856246216326,0.04113756919121561,-0.07382097116995912,1.8769927334647467,-0.35957086583344755,1.9687269484311107,0.3356127851571298
518,17.275000000000002,tracked,1,1,0.251145388846899,0.08821548289235714,-0.32598946115700383,0.041461393080609255,-0.07471223965750612,1.8795375060508488,-0.35992433582026956,1.9675558059893141,0.33700162411516527
519,17.308333333333334,tracked,1,1,0.3170236256108864,0.11278448980745881,-0.32451402752857145,0.04207448952281406,-0.073334784053398,1.8814383926717622,-0.3644107272986024,1.964096500049087,0.3353469953400184
520,17.34166666666667,tracked,1,1,0.19966471986431053,0.16034285355600028,-0.3263848646679562,0.040807414148251314,-0.07410803237288349,1.8770052203235876,-0.3502797748590614,1.9666469161515054,0.337171062512736
521,17.375,tracked,1,1,0.19531622313777208,0.14749836142121087,-0.3254393966358129,0.040668638471080015,-0.0742847643017705,1.8742758039597156,-0.3519335670189737,1.971467390354665,0.33627810699649024
522,17.408333333333335,tracked,1,1,0.06301122689821739,0.17191283094439552,-0.3249947605954862,0.04209421901588081,-0.07603456424984506,1.8817652801224902,-0.373027971147767,1.972526213179853,0.33641458447834593
523,17.441666666666666,tracked,1,1,0.2786068136411091,0.08198262424593883,-0.3240426380912949,0.04258173019513317,-0.0748106090460639,1.8735512497619258,-0.3691677334015064,1.9737221263687723,0.33528116898122995
524,17.475,tracked,1,1,0.15984183209738767,0.11744941381885488,-0.3238952651550144,0.042823419428995896,-0.07497297394038427,1.873182637250029,-0.3664511227565218,1.9777389993895866,0.33520580970934005
525,17.508333333333333,tracked,1,1,0.19857604671121767,0.11629423055047791,-0.3240845494354555,0.0430846151730587,-0.07356832281953463,1.8742419341800223,-0.3640223479738976,1.9787404950173288,0.3351109926127044
526,17.541666666666668,tracked,1,1,0.19996578242524812,0.07899211155062777,-0.3259352421025413,0.04256152592248946,-0.07472214473239802,1.8770046406309113,-0.36871838951701824,1.9776898608889364,0.3370885112944409
527,17.575000000000003,tracked,1,1,0.20615627819784438,0.1264271993271061,-0.32452080315405857,0.042804965037411685,-0.07487570735942939,1.8731270864163234,-0.37641444367735577,1.9781732305770514,0.33578622405361447
528,17.608333333333334,tracked,1,1,0.2711785227739608,0.13866360705717834,-0.3243581362644588,0.04272461386472032,-0.07315953212000403,1.8742591245400704,-0.3743972233460644,1.9689057678243376,0.3352400786464241
529,17.64166666666667,tracked,1,1,0.26491378924829706,0.10978371616537225,-0.3249524678212035,0.04248113761809305,-0.07451779836788514,1.8787291928136036,-0.3741957370264555,1.976673497073479,0.33608281073273366
530,17.675,tracked,1,1,0.26242115459881155,0.11937956448514375,-0.32277406780435575,0.043727352696360855,-0.06964253526201963,1.8860986805989945,-0.37854820746337936,1.9671101010972256,0.3330844681736517
531,17.708333333333336,tracked,1,1,0.13124528926301599,0.10136127833976966,-0.32384092150027893,0.04291514441106267,-0.0723972755123714,1.8824524439981143,-0.36727515130545874,1.955192980055086,0.3345982928222832
532,17.741666666666667,tracked,1,1,0.14042534086115407,0.09734691500483944,-0.32669940465622027,0.04235315265823816,-0.07350667990992554,1.8628579267299292,-0.3388282363781332,1.9622671025097327,0.3375344760675582
533,17.775000000000002,tracked,1,1,0.1681645846058293,0.08828317314476322,-0.3234745866261649,0.04325671554944657,-0.07197297402926395,1.8578604153128813,-0.3356649404203067,1.962185909704098,0.33419614094676664
534,17.808333333333334,tracked,1,1,0.16396133753861128,0.14083382146296217,-0.3270780887772444,0.04249457554876915,-0.07262601500553306,1.864988461899655,-0.331917282799868,1.9572473828495103,0.33772829784433067
535,17.84166666666667,tracked,1,1,0.11794140612665074,0.14440762723277709,-0.32598214865783526,0.04225654724273173,-0.07446551963771536,1.8559645394924758,-0.3324428721848588,1.9677311102752266,0.33703870793036694
536,17.875,tracked,1,1,0.22882842290534075,0.07398155829663541,-0.32543564658059493,0.042922700040055745,-0.07416238481145299,1.8596637917041656,-0.3426475852569809,1.970239207046061,0.33652752868818997
537,17.908333333333335,tracked,1,1,0.16134110734467608,0.033459851454596984,-0.32382500984006957,0.04331305362156257,-0.07229481895799378,1.8564021036329295,-0.3372074255299395,1.9679147272371662,0.3346120118287964
538,17.941666666666666,tracked,1,1,0.22959232819436404,0.12938754142630404,-0.3229160338548166,0.0437376766857428,-0.07306681603937387,1.8545733514768505,-0.3497474648705208,1.9734345063634158,0.33395584871135786
539,17.975,tracked,1,1,0.22080465327486845,0.16839738629389991,-0.32548238804892776,0.04263156792661696,-0.07329233940879487,1.8573008270413587,-0.33711746496930983,1.969679355091435,0.3363450646730654
540,18.008333333333333,tracked,1,1,0.2453998802972197,0.16328844056284797,-0.32726417360705123,0.04112645172168691,-0.07589739556878872,1.851442048444372,-0.32438046759972766,1.975817574815489,0.33845773593175205
541,18.041666666666668,tracked,1,1,0.1684773065875015,0.1368770779521383,-0.3234414967939113,0.04357656680685121,-0.07066498283676198,1.8576181955121571,-0.34150184839932296,1.9629814575633902,0.3339264272594752
542,18.075000000000003,tracked,1,1,0.2267167707379757,0.0700624253266523,-0.321434863372772,0.04406921795964197,-0.06953493252474524,1.86392199496453,-0.33829375427326813,1.9592569588307496,0.33180954507709376
543,18.108333333333334,tracked,1,1,0.1383580522851643,0.07465179021876012,-0.323209087120924,0.04356996802169699,-0.07029756001159693,1.8626525228617503,-0.3396827185931307,1.96286826827045,0.3336228455225103
544,18.14166666666667,tracked,1,1,0.20866157398155777,0.14305269998728348,-0.326328837710319,0.04241074595740926,-0.07308303279338185,1.8600734189478045,-0.3271482840300991,1.9651805005250533,0.33709095415971957
545,18.175,tracked,1,1,0.2537686034120588,0.15341483805495737,-0.3247980417995534,0.043223507391924404,-0.07240095919296113,1.8574927322462766,-0.32951226221336744,1.9644264514699223,0.33556510313223126
546,18.208333333333336,tracked,1,1,0.20319702273955845,0.09044212245318842,-0.32308511509329807,0.0439909031271678,-0.07171691233788241,1.856772472272623,-0.34319320923420943,1.969863951622318,0.33386001058538445
547,18.241666666666667,tracked,1,1,0.1739021928103105,0.10549123864856158,-0.3227114488844626,0.04420767217994903,-0.06975426075352226,1.8628238364534693,-0.339257632042825,1.9596445970850473,0.33311057385491283
548,18.275000000000002,tracked,1,1,0.2526013949150534,0.15391919761302203,-0.32673647410877477,0.04224195153007618,-0.07351839211862299,1.8538371069645665,-0.32788864423726577,1.969991278572421,0.3375589725689586
549,18.308333333333334,tracked,1,1,0.26785062991786707,0.10059270288884692,-0.32372545541632036,0.04352533700316852,-0.07164879801666157,1.8522645517590288,-0.338478475258074,1.9707699665602136,0.3344042100556986
550,18.34166666666667,tracked,1,1,0.2512581297989742,0.11393290022566632,-0.32341347942048837,0.04297090678010043,-0.0716821648315431,1.8543914294873278,-0.33230789522211623,1.9662489284923679,0.3340375880874894
551,18.375,tracked,1,1,0.35282443057694024,0.10291078175203722,-0.32267151660673754,0.044056295223497965,-0.06964608973486908,1.8625125689071287,-0.3391440809002457,1.960136198754139,0.333029191803766
552,18.408333333333335,tracked,1,1,0.2947388352826364,0.08836286643553637,-0.3226420730421272,0.04491869027041795,-0.06868990199441727,1.869389406449423,-0.3402373166068557,1.9519381855965574,0.3329172549876827
553,18.441666666666666,tracked,1,1,0.23377797202247413,0.09103375590811469,-0.32375137176434526,0.04321509431441664,-0.07077243648033632,1.8571126354701144,-0.33351950363367705,1.9599832055883435,0.33420238308734795
554,18.475,tracked,1,1,0.26098688371076506,0.11000772030626005,-0.3233363166795239,0.043855717197711586,-0.07104855368053503,1.8591270990351432,-0.3397590824515944,1.961319057834083,0.33394250192945324
555,18.508333333333333,tracked,1,1,0.23251824143258454,0.0831215168395672,-0.324455387082263,0.04316816629485293,-0.07093872000224866,1.8586076458330032,-0.3397025680452113,1.9666336924626187,0.3349135571808323
556,18.541666666666668,tracked,1,1,0.3465972227018612,0.07350013221758334,-0.3225527336560462,0.04389101050975036,-0.06902123649337377,1.8559047591688926,-0.33188050976476857,1.9596353381045666,0.33276210403173845
557,18.575000000000003,tracked,1,1,0.22995142814399683,0.07010888379198599,-0.32229070428266987,0.04441125232501539,-0.07076423259002718,1.8594603626949826,-0.3422869428609865,1.9628075617056933,0.3329432894865896
558,18.608333333333334,tracked,1,1,0.14252191370888684,0.0517393296320621,-0.3220577996168426,0.044716037412645376,-0.06834413210496554,1.858823813367115,-0.3424087139594135,1.9568134354061597,0.3322524201403391
559,18.64166666666667,tracked,1,1,0.13635074812815173,0.11651543997550562,-0.3235453169175151,0.043890046865044774,-0.0699316095335023,1.8610518060525534,-0.3390304582466338,1.9613848392604445,0.33391366897001584
560,18.675,tracked,1,1,0.1475129967852295,0.15680997821496906,-0.3235592650820988,0.0439635459398833,-0.06940986914115732,1.859372917418366,-0.33655823569004545,1.9595645508572996,0.3338279816406478
561,18.708333333333336,tracked,1,1,0.23333495888133282,0.12565494495288937,-0.3239521745256021,0.044012389877505886,-0.0686362944834259,1.8662915442352372,-0.33799141723568416,1.9547289357980195,0.33405544863541936
562,18.741666666666667,tracked,1,1,0.2545094117428467,0.11770912157059721,-0.32385300407304524,0.0438270792759832,-0.06852301583186626,1.8634207726798544,-0.3348615545462575,1.9545841684405414,0.3339116422404187
563,18.775000000000002,tracked,1,1,0.1892606565032986,0.11899887479622995,-0.3237475741513567,0.04419378773502733,-0.06917760916253696,1.862417391345889,-0.3368675699288353,1.9578269846256253,0.33399270089734234
564,18.808333333333334,tracked,1,1,0.15224992739463974,0.1394634745134509,-0.32516986999616826,0.043219224377325505,-0.07167378874774016,1.8605905562346188,-0.33600572831185127,1.9658595282651026,0.33576848825129235
565,18.84166666666667,tracked,1,1,0.22564399923021763,0.053004791197733464,-0.32266023523993087,0.04460762436328505,-0.06928241561586784,1.862129944269298,-0.3490426574560185,1.9611956873639638,0.3330157964271264
566,18.875,tracked,1,1,0.3098192534147292,0.07274263235665679,-0.32217544812286064,0.044597027749434165,-0.068824091759002,1.8610235448618524,-0.34189093425779177,1.9584102924157807,0.33244949971943316
567,18.908333333333335,tracked,1,1,0.22989600212623368,0.06112565600680875,-0.32278009492985105,0.044260751220178196,-0.06999522215635023,1.8614026054590231,-0.34714877622069096,1.9591692092883803,0.33323465441969713
568,18.941666666666666,tracked,1,1,0.16612845479547902,0.08327691159713085,-0.32285907292554283,0.04416146410449637,-0.06806144079976728,1.8594590903313903,-0.32870006611060903,1.9579877236772543,0.3328972448157749
569,18.975,tracked,1,1,0.3381505626448801,0.05560521368870869,-0.32224001115011086,0.0445422696600129,-0.06812032448873928,1.8651083100597632,-0.3359591635620058,1.9543043880575048,0.33235977070178035
570,19.008333333333333,tracked,1,1,0.2533523012719495,0.07117865676694463,-0.32461029310483874,0.04280972692445528,-0.0697900125487797,1.858947384410805,-0.32052101159925955,1.9607718009215385,0.334776284943415
571,19.041666666666668,tracked,1,1,0.22613105797831062,0.1393479794626798,-0.3247297896921994,0.04395292058726166,-0.07224493386106656,1.8625034825065017,-0.3374800827171361,1.9632840782989986,0.33556016749650136
572,19.075000000000003,tracked,1,1,0.26208797189467964,0.08674057795484463,-0.32204346994268784,0.04526965134458988,-0.06724811188541391,1.8673951534736652,-0.33525188734176853,1.9489642283086321,0.33208981679319943
573,19.108333333333334,tracked,1,1,0.18435538424740675,0.1399582121925594,-0.322751591678579,0.044279599740320336,-0.07122488630008189,1.8666928533764298,-0.3421197195481378,1.9661631894983487,0.33347002460892755
574,19.14166666666667,tracked,1,1,0.24908668162556635,0.14283364370512042,-0.3250796142087995,0.04402607867803082,-0.07093660761305098,1.8642377679456688,-0.34003939140903017,1.9638080260994055,0.3356293394170927
575,19.175,tracked,1,1,0.22564315381866487,0.17947643693110735,-0.32284115404919145,0.04576012590833689,-0.06812942387932386,1.8718646485019608,-0.34524059027650855,1.9540584072382037,0.3331096189981448
576,19.208333333333336,tracked,1,1,0.3221505417855767,0.0944241054551117,-0.3209182624951571,0.045707413992219975,-0.06711055981175063,1.8679456417161378,-0.34427785493665203,1.952295404613058,0.331031004794133
577,19.241666666666667,tracked,1,1,0.2585471478454433,0.11254833908340212,-0.32309431830432583,0.04439372136576006,-0.0707974425268757,1.8645996936896436,-0.34609675866917206,1.9681550467158127,0.33372596375706826
578,19.275000000000002,tracked,1,1,0.12216672731167658,0.18845175239252296,-0.3234572995127961,0.04405432811082216,-0.0707653142211046,1.863007741916567,-0.34016804974890585,1.9640069539744287,0.33402565489827024
579,19.308333333333334,tracked,1,1,0.20907040130116772,0.12912472845542233,-0.32240285587731926,0.04522136057545545,-0.06772195891624616,1.86730899401093,-0.33817259552369483,1.9529929809427866,0.3325279486743942
580,19.34166666666667,tracked,1,1,0.2510375971159412,0.13353179862684306,-0.3229226249459985,0.04584194237904299,-0.06870489465328983,1.8736538340942006,-0.3461136591485652,1.9488209744121743,0.33331796821116194
581,19.375,tracked,1,1,0.2348674237137882,0.12593789425152677,-0.322745862932761,0.045285265713329054,-0.07036812025647954,1.8635037479800922,-0.34719192745552135,1.9620771700883914,0.33341763552543185
582,19.408333333333335,tracked,1,1,0.21012054494818563,0.16898318445921592,-0.32522071858662216,0.04403876365429801,-0.071654559788292,1.860205496078842,-0.3441743846549485,1.9709799129933792,0.3359200863905758
583,19.441666666666666,tracked,1,1,0.3189159483839847,0.121809419328268,-0.3206610444577401,0.04578028911069065,-0.06935558023386307,1.8618262367289233,-0.34696260481348706,1.9625895565946114,0.33125448949918096
584,19.475,tracked,0,1,0.20999808296134434,0.10112936330410724,-0.3214010857434179,0.049132841805561545,-0.06952175711749425,1.8609399551906955,-0.35287161039563486,1.9635756100020163,0.3324845391497807
585,19.508333333333333,tracked,1,1,0.24950771511163244,0.11609312972147706,-0.32210795772972317,0.04481027483150499,-0.06978658375757413,1.85703356567961,-0.34182202871060763,1.965959224460825,0.33261338583382516
586,19.541666666666668,tracked,0,1,0.2933888395287715,0.14386614354978644,-0.32131508236680406,0.049261568145465034,-0.06915509556801186,1.860664516413718,-0.35136482866809543,1.9647000474658551,0.33234396563734575
587,19.575000000000003,tracked,0,1,0.29589858495105303,0.14656873129880854,-0.32053401895763944,0.049842495020682276,-0.06843708755439654,1.861491629818022,-0.354821629896309,1.9622458732311383,0.3315267207510599
588,19.608333333333334,tracked,1,1,0.23137126515434764,0.1304070110480547,-0.3232752399962913,0.04566385216487523,-0.06896539411618802,1.8657948730303833,-0.3517176308174647,1.9569183686399125,0.3336889176685322
589,19.64166666666667,tracked,1,1,0.18271413006387374,0.1449452727038296,-0.3214988228920872,0.04603423195642714,-0.06722195704537592,1.8628737804523485,-0.3528258865363935,1.9612366424644723,0.33166162747870936
590,19.675,tracked,1,1,0.23340381020879847,0.1673190630252233,-0.32316561703523583,0.04543956316365497,-0.06707754996051235,1.8671713028590604,-0.34358781205690464,1.9530755723866204,0.3331668765693455
591,19.708333333333336,tracked,1,1,0.13708796513988109,0.18838911522507923,-0.32144770663913713,0.04672289638180155,-0.06798156613129075,1.8663196917803395,-0.3560635111013498,1.9594496746759484,0.33186315023444285
592,19.741666666666667,tracked,1,1,0.228965151376668,0.17087694999950837,-0.3218411755771879,0.04580144758077451,-0.06745833361221909,1.87396198768527,-0.34791925709137533,1.9560926481248289,0.33200924937588433
593,19.775000000000002,tracked,1,1,0.2563882986654086,0.17511249135036072,-0.3208481982928814,0.04446519697171203,-0.06831093664203874,1.8596994134461984,-0.33522378284885734,1.9614870114093081,0.33103942990893687
594,19.808333333333334,tracked,1,1,0.28171459172164104,0.1407547270934364,-0.32282351618964167,0.04447540191927277,-0.06931902200779783,1.8690185087896756,-0.33880442314363113,1.9605602124422898,0.333163939814984
595,19.84166666666667,tracked,1,1,0.21891541180961813,0.12072989606311255,-0.3230947804191417,0.04441924406973852,-0.06876915298799063,1.8709664516829296,-0.3335012986768155,1.9557320411083852,0.3333054196686667
596,19.875,tracked,1,1,0.1493711400365467,0.17947709671473003,-0.3222780625971431,0.04563282966697707,-0.0697102448907268,1.8638372136661816,-0.35134387802984135,1.963932087940824,0.33287388455315703
597,19.91,tracked,1,1,0.21626344936723035,0.1867534009915539,-0.32135172941025003,0.04544804596585686,-0.06973521874085065,1.8603060364351576,-0.3543104324710763,1.964070802355265,0.33195701470206573
598,19.943333333333335,tracked,1,1,0.17039631428424895,0.19655774872672294,-0.3229501175547594,0.044752085663879004,-0.06888944015138876,1.8646666669405856,-0.3434355903954954,1.9550334155103575,0.33323457588352356
599,19.976666666666667,tracked,1,1,0.24769559529608026,0.12641246348243268,-0.32446258450423915,0.043564619707699204,-0.07059372652545476,1.8617556467323824,-0.3353839694238791,1.960201177506008,0.33489896843406025
600,20.01,tracked,1,1,0.18620947435895893,0.1475450205149432,-0.32494641222979453,0.04362006436610508,-0.07263176967604662,1.8558181508805016,-0.34101069492825026,1.970815158635434,0.3358098491744889
601,20.043333333333333,tracked,1,1,0.2901723990935636,0.13516311660804714,-0.3256233228798148,0.04434798916321703,-0.07227372247300706,1.8573735189415224,-0.34453037875927567,1.9684110502589922,0.3364829616878367
602,20.076666666666668,tracked,1,1,0.29773856782604946,0.12838753789887297,-0.3257176519119714,0.04444540769720584,-0.07322731122048104,1.8605246029950455,-0.34478175116391035,1.9666710464860868,0.3367931444388383
603,20.110000000000003,tracked,1,1,0.14660612764557393,0.1589933867837043,-0.32510403980628083,0.04355394028879622,-0.07185250465473647,1.8532599693130907,-0.3381821047156855,1.9693193317515134,0.33578618917132785
604,20.143333333333334,tracked,1,1,0.2782840011061927,0.10297759159849007,-0.3230272869838928,0.0441968395061349,-0.0697538248811545,1.858661703723978,-0.34123389157581074,1.9667335486752413,0.33341503392027194
605,20.17666666666667,tracked,1,1,0.3340926072739224,0.130559349555518,-0.32423978985117285,0.045036194566121346,-0.07012031667772622,1.866458536401631,-0.34091870693232734,1.9584801674871763,0.33477837288975953
606,20.21,tracked,1,1,0.21577337261698148,0.11469280880203164,-0.3237236351163414,0.04517804950342205,-0.0714535107955182,1.8609883448470883,-0.3478516348168851,1.9637316696046707,0.3345798145358997
607,20.243333333333336,tracked,1,1,0.20086976705613285,0.14431100715590162,-0.3249622904659113,0.0434491897150982,-0.07308183218441755,1.8535444353529058,-0.33297399451432186,1.9715609606960334,0.33590069441306797
608,20.276666666666667,tracked,1,1,0.2918822722532475,0.09785883888169378,-0.3231165428553121,0.04448672225809755,-0.07143953937307412,1.8561691423381168,-0.3451880060436845,1.9717406505886266,0.33389665543379565
609,20.310000000000002,tracked,1,1,0.22901115218621884,0.11567989556318506,-0.32535580740415543,0.043382114750974726,-0.07234165927173547,1.8575574447721284,-0.3375663449083301,1.9652119388597835,0.3361126670598186
610,20.343333333333334,tracked,1,1,0.16682890366293718,0.14116000854993294,-0.32698780993480114,0.04297859774717211,-0.07402961840879879,1.8587436346681385,-0.3419089756074303,1.9687436748595146,0.33800676341165603
611,20.37666666666667,tracked,1,1,0.21424696524041575,0.12903684852677005,-0.32600378085395865,0.04289095296904841,-0.07251921674160011,1.8616048423738418,-0.3344128064751951,1.9631451283659727,0.33671521464656773
612,20.41,tracked,1,1,0.2196224200871409,0.11891751305158421,-0.3273157116189905,0.04366055846436501,-0.07383974349527711,1.8671762211043275,-0.34163721938001207,1.967499965110661,0.3383698082830599
613,20.443333333333335,tracked,1,1,0.2623425627658043,0.09204270340090787,-0.3258594010718884,0.0439601489074368,-0.07321481994754758,1.8589398166220872,-0.34723393909232153,1.9666354794131935,0.336863850567029
614,20.476666666666667,tracked,1,1,0.30509765789613674,0.11861137168350594,-0.3259092779616474,0.043232484150826006,-0.07319182865334767,1.852970302956736,-0.34207054237820733,1.9743687344466503,0.3368129286843882
615,20.51,tracked,1,1,0.1735303277220051,0.1766415103987321,-0.323982528053404,0.04405571160305782,-0.07046518808956387,1.858080012149217,-0.3387946703581677,1.9628213525089306,0.33447111525694434
616,20.543333333333333,tracked,1,1,0.27529450951979195,0.11168641390544382,-0.32937616291814914,0.04274855807933292,-0.07552450819280987,1.8623158400086377,-0.3429042181487117,1.9646325994574163,0.3406171564297827
617,20.576666666666668,tracked,1,1,0.31352124610049703,0.11952935208304705,-0.32873648160731345,0.04325901805379534,-0.07493801067268241,1.8647313626075344,-0.3496329456152076,1.968863427931211,0.3399334088113629
618,20.610000000000003,tracked,1,1,0.19424126075203443,0.1277883833073,-0.3257398423556085,0.045106522984921044,-0.07032171382585262,1.8687190221757908,-0.3442363638335343,1.9528076483367773,0.33628289690237145
619,20.643333333333334,tracked,0,1,0.21071361716159642,0.11854851781366227,-0.3241433464266081,0.048938126672214005,-0.07188510691752303,1.8601251971064379,-0.34396602930412357,1.9617167633368133,0.3356058966576264
620,20.67666666666667,tracked,1,1,0.296767317577743,0.03977825006262731,-0.3261745981061413,0.044067474690172026,-0.07483122944178444,1.8566986048998668,-0.3583757622406634,1.9728852556779632,0.3375374404048249
621,20.71,tracked,1,1,0.20235097444993222,0.08348671444026279,-0.32626620752720475,0.04366473507740293,-0.07440726636040507,1.8545970581297402,-0.34954379983060724,1.9721720282356998,0.33747990836610275
622,20.743333333333336,tracked,1,1,0.20638402668259323,0.08006352590499768,-0.32848244650223357,0.04325268052469067,-0.07586263896920908,1.858947053614003,-0.35251180798511444,1.974210321985924,0.3398921182140537
623,20.776666666666667,tracked,1,1,0.1932876648995346,0.12549291673917187,-0.3304251335426576,0.04245981298778734,-0.07592021148020006,1.8600905061621336,-0.343970300960775,1.9703682952054533,0.34168330820635545
624,20.810000000000002,tracked,1,1,0.2011883999320722,0.12619785848352413,-0.32752215825548225,0.042948989330281795,-0.07280946769653601,1.8590432408254318,-0.3462940689650919,1.9687499187133737,0.33825522674317204
625,20.843333333333334,tracked,1,1,0.1408383920546927,0.14341238056071684,-0.326590076980375,0.04342654207889829,-0.07235902919699921,1.8591138682548098,-0.3472410463580893,1.9664276507186806,0.3373170200943169
626,20.87666666666667,tracked,1,1,0.1270017519311304,0.14698438152476434,-0.3258691639675351,0.04380389645239263,-0.07171859597897418,1.8596504442062785,-0.34605365893584844,1.9664883940425126,0.33653090553247494
627,20.91,tracked,1,1,0.1279293681399447,0.17641036154276218,-0.3247729990944296,0.04439592965989461,-0.0710725320767413,1.859098924848396,-0.3492652694649193,1.9656621992867886,0.3354099049326899
628,20.943333333333335,tracked,1,1,0.2136932705196136,0.13719731410959782,-0.3269736623022139,0.04353667983985776,-0.07184965457555537,1.8644320421011584,-0.3449595880894036,1.9612704700169854,0.33759382576319
629,20.976666666666667,tracked,1,1,0.30978054764147506,0.10357429632723947,-0.3275054387434945,0.04386027277378582,-0.07228260593840086,1.864675587522605,-0.3506549625900497,1.9594134412764845,0.3382429763581291
630,21.01,tracked,1,1,0.20781997045418685,0.14961544759378612,-0.3259600678023664,0.04447396174419996,-0.07042561749460707,1.863490511927475,-0.3497253062338566,1.9594522734867332,0.336433747823319
631,21.043333333333333,tracked,1,1,0.20483154003716852,0.11691572620282076,-0.3289959212385199,0.04310970975500589,-0.07404881926300505,1.8644727495063622,-0.3467879527531244,1.9680251803003357,0.3399705735809916
632,21.076666666666668,tracked,1,1,0.25036641040167035,0.1137617122517946,-0.32704828986383455,0.044123348685825764,-0.07206899972161596,1.8642294955691017,-0.34759255343894957,1.9631066970220852,0.3377889792799404
633,21.110000000000003,tracked,1,1,0.13032873053768673,0.17044381545954235,-0.32599544327362995,0.04404089244328244,-0.07139578795184792,1.8605329729467457,-0.34651848411728275,1.964163233558949,0.33661548951234627
634,21.143333333333334,tracked,1,1,0.06907939007437092,0.1979907261536759,-0.32694634239433795,0.04376723748760933,-0.07298976943275504,1.8583994641052897,-0.34522065881623076,1.967289601873031,0.33784166161706464
635,21.17666666666667,tracked,1,1,0.13613389292704617,0.14308801087919323,-0.323305620962486,0.0460316404387803,-0.0677669762514223,1.8683017470549215,-0.3570276134498555,1.9534294871291857,0.33352331183544676
636,21.21,tracked,1,1,0.22420201350540583,0.07961255202760517,-0.321747545475788,0.04704612312205739,-0.0652601559002744,1.879449649104623,-0.3603983943676513,1.9442246469621467,0.33165299436103113
637,21.243333333333336,tracked,1,1,0.15569029103548235,0.1145078498031705,-0.3257971669956313,0.044642909881453724,-0.06952996635390873,1.8743662573050068,-0.35175654235320464,1.9500482303632638,0.33611188560691896
638,21.276666666666667,tracked,1,1,0.1888242582094037,0.12366426360379482,-0.32853056593180874,0.043558648458454585,-0.07216630317519368,1.8643474119447072,-0.3525454285854809,1.9615149550769095,0.33917202703197047
639,21.310000000000002,tracked,1,1,0.16299883436946222,0.1555410248555535,-0.32511966053574703,0.04437254726260323,-0.07116366015607378,1.858380252413001,-0.35677545366093133,1.9670900994847742,0.33576179524219324
640,21.343333333333334,tracked,1,1,0.21954955398892428,0.095189303297396,-0.326795454123486,0.04407037121509963,-0.07075662177043762,1.864214441234467,-0.3484453526306699,1.9640702166876973,0.33725949353454365
641,21.37666666666667,tracked,1,1,0.19936718173911375,0.11914894461800643,-0.32452669348757196,0.043764446737453055,-0.0703606221926204,1.8575011109743138,-0.343852806834034,1.9689191056298367,0.33493808194880514
642,21.41,tracked,1,1,0.2887226380172307,0.0794092697965747,-0.3239728132137708,0.04602943116066838,-0.06544016062149144,1.8845579528414813,-0.34151018790074833,1.9491906644969945,0.3337057189452799
643,21.443333333333335,tracked,1,1,0.2977370806483353,0.10030018431391097,-0.3222227170159802,0.04736268469491342,-0.06512512061958281,1.8858852129218167,-0.3557882340086798,1.93997224405073,0.3321324804929284
644,21.476666666666667,tracked,1,1,0.18666146711914317,0.12167092744748648,-0.3252285863527663,0.044949538692313024,-0.07233684964570491,1.8662228915135648,-0.35620004505321856,1.9672761676436865,0.33619445894650885
645,21.51,tracked,1,1,0.24866609709235496,0.12370029162637133,-0.32433099991657466,0.04511457165881355,-0.06892273250450431,1.8677346295955501,-0.35534780008088795,1.9572160361744086,0.33462854800320135
646,21.543333333333333,tracked,1,1,0.21030557670376002,0.16923360493068376,-0.3240600467725238,0.04438017571466793,-0.07003919881413523,1.861809816445658,-0.35437874892651866,1.9641429376726696,0.3344996312123544
647,21.576666666666668,tracked,1,1,0.3403635434402825,0.10771655968969779,-0.3267680452496702,0.043594805701649864,-0.07055161782846431,1.8705925232462166,-0.3491869685606116,1.9619821046181627,0.3371281555412849
648,21.610000000000003,tracked,0,1,0.22047035174268498,0.11080050252103069,-0.32092725352330126,0.050614133173533804,-0.06724069203010713,1.8671043672277001,-0.3551144486531847,1.9579393474783766,0.3317791482230389
649,21.643333333333334,tracked,1,1,0.2675814566219547,0.09635713337772256,-0.32588619610542124,0.04412530193480871,-0.06911037460172709,1.8703577356326715,-0.34747924758460386,1.9571210496504592,0.33604329923462267
650,21.67666666666667,tracked,1,1,0.27589892526001136,0.1355221923573009,-0.326018347429308,0.04339260299670794,-0.07063942774672594,1.866324147987455,-0.34369441440155035,1.9611431903790002,0.3363938311083481
651,21.71,tracked,1,1,0.2784233800627974,0.13605332143669757,-0.32560973572257007,0.044181340915830175,-0.06967312881843363,1.8682440387636783,-0.3453880049122273,1.9588778617487579,0.3358988475148326
652,21.743333333333336,tracked,1,1,0.2872056498514379,0.14856521321309912,-0.3257508666177622,0.04351643665065283,-0.07100306426386588,1.8616160166494202,-0.3456590380513257,1.9689284748006102,0.3362272185529483
653,21.776666666666667,tracked,1,1,0.32662572520109223,0.11623630623014686,-0.32263625976658084,0.0454950691536217,-0.06577295812005418,1.873799085597522,-0.3458007011502349,1.947101295179961,0.3324004203567195
654,21.810000000000002,tracked,1,1,0.2961790021756453,0.1254433216967008,-0.32370865317721015,0.04515647566968256,-0.06584968202207808,1.874444262559585,-0.3469954621905073,1.9473463797044581,0.33341052781686237
655,21.843333333333334,tracked,0,1,0.22860579833767966,0.10116332106562384,-0.3208565327031067,0.0507364292310413,-0.06748656046948326,1.8604808706205622,-0.3567273665101376,1.9707950432706616,0.3317793478705049
656,21.87666666666667,tracked,0,1,0.2521309958608396,0.13398805391750773,-0.32064820061214483,0.051206177511263135,-0.06717679906636975,1.8630175264661302,-0.35362815740445896,1.9745208114499762,0.3315871883893054
657,21.91,tracked,1,1,0.12820083750825623,0.11177881460484293,-0.3212277635285356,0.0453739521687197,-0.06543419121134114,1.8697418401556896,-0.3469297741240585,1.9519850431964916,0.33094970158082393
658,21.943333333333335,tracked,1,1,0.16186318626381255,0.1286822530957851,-0.3235109485506647,0.04423034077784352,-0.06684276009539242,1.8666462885736874,-0.33808192586295005,1.9589685236852878,0.33329208129603854
659,21.976666666666667,tracked,1,1,0.2485102015101603,0.0852211567835931,-0.3238165831267918,0.044964961635844125,-0.06588314537648854,1.8742107934955787,-0.343134428126278,1.9459866209375765,0.333496051142323
660,22.01,tracked,1,1,0.1979046098202821,0.10564994688358961,-0.3236362470838755,0.04432254111583725,-0.0668813707847391,1.8616740152658469,-0.34148435123552484,1.9625158676410128,0.3334336903127009
661,22.043333333333333,tracked,1,1,0.2207125842842773,0.10729630857190986,-0.3240002089507778,0.04453492721732899,-0.06684815522004328,1.866565348098057,-0.3430195589184568,1.9594961562389375,0.3338085843694309
662,22.076666666666668,tracked,1,1,0.2559222200908877,0.08805456802904116,-0.3217940001897604,0.04461033671189002,-0.06362220228312221,1.8733018803035815,-0.3327918209625924,1.9438242957706253,0.3310426639015434
663,22.110000000000003,tracked,1,1,0.22949175954765455,0.12291228346932193,-0.3208955665219367,0.04547831077318648,-0.06602060901782159,1.8614512948632798,-0.3459253651224367,1.96161230969755,0.3307581626797762
664,22.143333333333334,tracked,1,1,0.33607900467088503,0.0908420091562887,-0.3231063921494143,0.045316570404765,-0.06616165483639086,1.8679267918962967,-0.3493718716988424,1.9578201848969872,0.33290944229887925
665,22.17666666666667,tracked,1,1,0.2512175476651593,0.08050770655321454,-0.32091684396772013,0.04568777050995426,-0.06434715287438669,1.8676841958979626,-0.34878827775661847,1.9549672070557196,0.33047775900869936
666,22.21,tracked,0,1,0.154683888123591,0.16230415528540462,-0.3145158404167761,0.05306537557172203,-0.06198686382230495,1.8619395662460916,-0.36203948509113004,1.9635977332141346,0.32492848327618784
667,22.243333333333336,tracked,1,1,0.10640664547607924,0.1053488711340362,-0.3175192583808753,0.047925523717293056,-0.062231984973734056,1.881384556798426,-0.35861897258299896,1.9436212457285196,0.32709043890044986
668,22.276666666666667,tracked,1,1,0.275494379250635,0.0901006189037658,-0.31685444811320546,0.04821205733186129,-0.0596412095759703,1.8812543826801504,-0.35366581781525436,1.9407846200070378,0.32600340127210253
669,22.310000000000002,tracked,1,1,0.22959426566390595,0.13289994652443787,-0.3192312414892353,0.04646130591391029,-0.06313781538575153,1.8729339444155206,-0.349398688468426,1.9540924817388685,0.3287151079912052
670,22.343333333333334,tracked,0,1,0.1074370640659427,0.18232911764344464,-0.31713683452598496,0.05251465781798487,-0.0637643791420795,1.8554367950447537,-0.36258785745792915,1.9744492212497484,0.3277185639329528
671,22.37666666666667,tracked,1,1,0.09695680098991799,0.14209757475593304,-0.3232426343581046,0.045283755651353924,-0.06688355938726098,1.8657295898116208,-0.35331597260459346,1.9623836693705368,0.3331813765938428
672,22.41,tracked,1,1,0.0968004360380094,0.16678967525516997,-0.3166013690010345,0.04643891060294461,-0.0661083479793016,1.8485959956104736,-0.3621145088849516,1.979750565576422,0.32674655766185196
673,22.443333333333335,tracked,1,1,0.1201980065462949,0.21095202135986604,-0.30590931674883554,0.04841061068963487,-0.06339956868664964,1.8385775361582473,-0.3572168038348505,1.9897102337552783,0.3161385813385263
674,22.476666666666667,tracked,0,1,0.15202134767980655,0.07709028287325323,-0.3084613080898971,0.055905908559565815,-0.05649662345556139,1.8602241641647632,-0.3744585906343951,1.9688489128063147,0.3185368387836491
675,22.51,tracked,1,1,0.23535983677270292,0.07845216056715862,-0.31939131021054756,0.04718831935168202,-0.06142447487857361,1.874260611680812,-0.3541747866935027,1.9518427827818323,0.32864952857923757
676,22.543333333333337,tracked,1,1,0.19294668202722437,0.062112583800130905,-0.31717681603315634,0.048217189234061236,-0.060594701017683994,1.8814524299023674,-0.36213893841428396,1.950242366950416,0.32649310522273894
677,22.576666666666668,tracked,1,1,0.14025356447728304,0.06893490832582083,-0.31827844491089047,0.04800134187444158,-0.06074170344207652,1.8783501444029875,-0.35922892458383304,1.9475153708487054,0.3275589288260769
678,22.610000000000003,tracked,1,1,0.22186092354185696,0.09168029718226714,-0.3177879201649319,0.0479907880703444,-0.06061004919802149,1.8684702927663206,-0.36372983028116496,1.9601614135970613,0.3270563498942536
679,22.643333333333334,tracked,1,1,0.1982881705491734,0.061509785250868115,-0.3165532798505413,0.04887395178026013,-0.05877105219285883,1.8848136727915625,-0.36164943691564927,1.9435834805972485,0.32565116109513575
680,22.67666666666667,tracked,1,1,0.23853970186570184,0.12022292084271241,-0.312611018218809,0.05052233117737645,-0.05562698740481187,1.8966213234244886,-0.3479566365334149,1.9279175975148348,0.32151596599100973
681,22.71,tracked,0,1,0.16223598799440017,0.193239908322167,-0.3104969021509911,0.05545435224516446,-0.057874320144592484,1.8657229208247201,-0.3673595043149397,1.9669941249171243,0.3206757682776978
682,22.743333333333336,tracked,1,1,0.29150073182998415,0.11772625675690834,-0.3184126522508188,0.04668055165311813,-0.06448970097339085,1.8648677651617829,-0.36078926915627724,1.9649383934791436,0.32821427840311523
683,22.776666666666667,tracked,1,1,0.25920414989011004,0.11030059706416734,-0.32095700081286066,0.04606156159979652,-0.06504369090376128,1.8725900020290815,-0.35354132243689623,1.957972177364826,0.33070492218015524
684,22.810000000000002,tracked,1,1,0.24413804052092433,0.10814828561998549,-0.3205071518083733,0.04631017906798912,-0.0660487992682352,1.8677001480993312,-0.36161115589242226,1.969042455280954,0.3305025127444578
685,22.843333333333334,tracked,1,1,0.27862221868570325,0.09758006311818151,-0.32128252182056316,0.04641283614229816,-0.06638548353954249,1.8672478196440385,-0.3610244539829737,1.9674241634006344,0.33133614745592027
686,22.87666666666667,tracked,1,1,0.12673443666654371,0.15371184954145378,-0.3204124934237896,0.04600725264932001,-0.06583668830779027,1.8647508966529054,-0.3542365034837554,1.964904796638473,0.3303260552328948
687,22.91,tracked,0,1,0.1310786813909504,0.1776392784057652,-0.31562751328711525,0.05298058638151726,-0.06367439601574998,1.853379057702627,-0.36120332203891514,1.9832052136447287,0.326315948713985
688,22.943333333333335,tracked,1,1,0.17129486883801878,0.12663743285587356,-0.32250503658381374,0.04552899582550113,-0.06799048638555971,1.8666099515954657,-0.3597163662464121,1.9706564476860737,0.3327237507629272
689,22.976666666666667,tracked,1,1,0.12259735705873198,0.2079467628043573,-0.3193175532701097,0.04681420317677845,-0.06485939777563016,1.8629019692726443,-0.3622404290213042,1.963738721722766,0.32918385580903486
690,23.01,tracked,1,1,0.22339321589865593,0.15001832127890388,-0.32036105109361007,0.04599213340582195,-0.06632004204244862,1.8660835748442706,-0.35873039835085585,1.9669503231707868,0.33037074230254365
691,23.043333333333337,tracked,1,1,0.29533150063004043,0.09706724828946495,-0.32020965679475333,0.046174607728303146,-0.06588567257276184,1.8653358773719415,-0.3584234950698152,1.9667626533732874,0.3301624457049008
692,23.076666666666668,tracked,0,1,0.2594937832696766,0.08916634042309879,-0.312207422965713,0.05400116747226599,-0.06045752582954378,1.8581232951177382,-0.3666805327569655,1.9766970873618521,0.3225596277786315
693,23.110000000000003,tracked,1,1,0.22139337083825755,0.128101229865345,-0.31730251540836607,0.047170816512095565,-0.06320669912462229,1.8641847253581132,-0.3626734592356583,1.9621340206612543,0.32695727401164315
694,23.143333333333334,tracked,0,1,0.1607117246760139,0.11778995970699524,-0.3133386000367394,0.05360049141886555,-0.06135859573064856,1.8540828094385784,-0.36370622721823476,1.9765343551258245,0.32375757631809143
695,23.17666666666667,tracked,1,1,0.30513446475215017,0.1415412861271116,-0.3175279557586549,0.04638287571283867,-0.06575352040631177,1.8568291365230418,-0.3604065258479715,1.9770188489155542,0.3275651069535432
696,23.21,tracked,1,1,0.19566240682341932,0.13533788635884927,-0.3201331828074467,0.046148674097875236,-0.06541829575910779,1.8611440221836677,-0.35973815262064984,1.9644812868025927,0.3299916791003132
697,23.243333333333336,tracked,1,1,0.19607584362553424,0.1734598264590513,-0.31964692563261166,0.045595990123457664,-0.06646723492525969,1.8617133717170966,-0.3547006791827637,1.9689775139229642,0.32965291550406234
698,23.276666666666667,tracked,0,1,0.15319034243585597,0.16227136457215094,-0.3129564066568099,0.05363796279594629,-0.06217546383099648,1.853333771519539,-0.36194086671357784,1.978424721040097,0.3235498907789051
699,23.310000000000002,tracked,1,1,0.13848134414161975,0.1542217488728447,-0.3192842344479257,0.04492188464462493,-0.0664246118281911,1.8641003317634408,-0.34890958355103474,1.967541001879062,0.32919998047319027
700,23.343333333333334,tracked,1,1,0.10061013208678991,0.16343112746970156,-0.3189241972414625,0.04681700867470395,-0.0658298534242232,1.8701391215360197,-0.36254386022184204,1.9627342138134363,0.32899550983138554
701,23.37666666666667,tracked,1,1,0.08789514334702819,0.20279185626917162,-0.3165106771811427,0.046735640584184335,-0.06374899084927843,1.8663264406067497,-0.35933445683297766,1.9603230151045967,0.32623176225619255
702,23.41,tracked,1,1,0.1080809656108056,0.12817391295753847,-0.3154934913271152,0.047759729120393224,-0.06292585448146654,1.8673040413347317,-0.36751045913194985,1.9583612501782564,0.3252334514739352
703,23.443333333333335,tracked,1,1,0.25123484523085976,0.05440230440893834,-0.32030668884395974,0.045215769316800464,-0.0664879859034026,1.8639517364630396,-0.35184562747019993,1.966796816947518,0.33024459569019815
704,23.476666666666667,tracked,1,1,0.26117499410864786,0.07872690497968793,-0.318958636690604,0.04677563867181139,-0.06546473445822798,1.8696299379435661,-0.36488098313678197,1.9628721491961543,0.3289501538992965
705,23.51,tracked,1,1,0.1991382985614236,0.08221310863753825,-0.3180702937002822,0.04685794460789644,-0.06442724906910319,1.867552616014266,-0.36335638860686775,1.9624751255786963,0.3278951800958238
706,23.545,tracked,1,1,0.15978064032768902,0.15236376031461518,-0.32030744462981453,0.0453662060298928,-0.06606675358562653,1.8646049312252218,-0.3501453124350778,1.9613131582955545,0.33018141629136594
707,23.578333333333333,tracked,0,1,0.20670017064105994,0.11342170431168275,-0.31353939792257124,0.05249871178557691,-0.0627652381626762,1.8544561414586127,-0.358169907242096,1.9757294022221623,0.324040960235602
708,23.611666666666668,tracked,1,1,0.3336495993070933,0.06641553610942724,-0.32098172666208835,0.045064810975427194,-0.06847021671314585,1.8578561399641191,-0.35413469463399894,1.9749466746312685,0.33128277440273246
709,23.645000000000003,tracked,1,1,0.2359582396638737,0.15017422639824768,-0.31803264638864726,0.04685313472163277,-0.0668791776077663,1.8651422010308392,-0.37003183271920365,1.973089813944586,0.3283486025548167
710,23.678333333333335,tracked,0,1,0.14261296868708104,0.11812838557729247,-0.3116390987913934,0.05396631648381023,-0.06109350937222019,1.8571573276478675,-0.3610635846436378,1.972456194013273,0.32212374655985265
711,23.71166666666667,tracked,1,1,0.26015881374247174,0.10458488551942507,-0.31810978336386386,0.045678074163488236,-0.06462971570430515,1.8652216111061053,-0.35166621415226756,1.9641834855111335,0.32780683471079247
712,23.745,tracked,0,1,0.1918170693654595,0.07310894157778935,-0.31277407524942774,0.0528447856051914,-0.0618220782309824,1.852476239826897,-0.36559166779373925,1.9773649714595332,0.3231751272461899
713,23.778333333333336,tracked,1,1,0.16950454539050164,0.12701858619217565,-0.31917634608841294,0.044679000287831006,-0.06623820898422,1.8562392794092502,-0.34712947125885646,1.9696283433519808,0.32902470013436314
714,23.811666666666667,tracked,1,1,0.2964346827224991,0.10780575276777565,-0.3184312835234083,0.04639825855742438,-0.06496134577650525,1.8688487300956604,-0.36067937765664637,1.965119258204928,0.3282853288964061
715,23.845000000000002,tracked,1,1,0.19683285375946546,0.13042061912225494,-0.31960215207971976,0.04657947653783953,-0.06641079115325516,1.8662024598698774,-0.3705528379783039,1.965040364527515,0.329735615956373
716,23.878333333333334,tracked,1,1,0.20222496032269022,0.10933664591191877,-0.32059274148686134,0.0450803724665918,-0.06943729200554377,1.8573362566564537,-0.36309027046196235,1.9806719706088531,0.33110947343265684
717,23.91166666666667,tracked,1,1,0.1634921158991968,0.11509935380024869,-0.31941346970809925,0.045463144024001534,-0.0647888405943689,1.8672922698237924,-0.35354149768836185,1.9613914435006465,0.3290736330383771
718,23.945,tracked,1,1,0.1899074300630156,0.11091538901899464,-0.31848750680600224,0.045883380181570455,-0.06549668122609925,1.861821765148702,-0.3527034981629944,1.9660709678750685,0.32837385983056433
719,23.978333333333335,tracked,0,1,0.12568202726686306,0.1349445564512461,-0.31112143172286055,0.05388661899131786,-0.06115875837095763,1.850981726335783,-0.36528696205308553,1.9796238363643663,0.3216219935095783
720,24.011666666666667,tracked,1,1,0.16293505180127768,0.12253936181589473,-0.317866981519017,0.04504628206589362,-0.06479694156246557,1.8595037049971,-0.3484301457522836,1.9681298584663978,0.3275167615616348
721,24.045,tracked,0,1,0.1932882376528098,0.1317707830852408,-0.31241323949964506,0.05312496660604302,-0.06181248968374409,1.8527989899669242,-0.36365703262665894,1.9751597347595276,0.32287006391497297
722,24.078333333333333,tracked,0,1,0.1994527557658572,0.15833863770152828,-0.3100721954897635,0.05445787116411682,-0.060422741990877216,1.853136742911268,-0.36905627840437977,1.97446492327389,0.32056408703606487
723,24.111666666666668,tracked,1,1,0.16441953266407905,0.15342122426726368,-0.31843143474346125,0.04504846071090279,-0.06541512901369234,1.8594903455751153,-0.3438145477199703,1.9701459312598253,0.3281875706803641
724,24.145000000000003,tracked,1,1,0.10861402519343129,0.14531192164254325,-0.3172095602936471,0.048563487746628886,-0.06720148696203654,1.8762596602590036,-0.38199047049519597,1.9619729050718138,0.32786637115403383
725,24.178333333333335,tracked,1,1,0.12932750426477785,0.12703347901502687,-0.3188534303396759,0.04657681716181028,-0.06676637592750051,1.8632457117646108,-0.36334194787496293,1.9631075116660444,0.3290815383621445
726,24.21166666666667,tracked,1,1,0.2430071238665402,0.11619082560601027,-0.31929658499938224,0.04531710878028583,-0.06797716165697304,1.8560437379201706,-0.36504941307926775,1.975042629075546,0.32958283336273786
727,24.245,tracked,1,1,0.2542576826654443,0.11314071409095283,-0.3187038050822478,0.04659359573354252,-0.06655283528027617,1.8581301548696032,-0.37160473260593735,1.9684699474393847,0.32889566494730177
728,24.278333333333336,tracked,1,1,0.2807815906444387,0.075938855244565,-0.32258477138544883,0.04532265812560074,-0.06872524023002796,1.8600246276677859,-0.3579359887576092,1.966281533944462,0.33292377012470503
729,24.311666666666667,tracked,1,1,0.17467330266809392,0.1019532660019716,-0.31909108976937733,0.046631975035420936,-0.06474410007464704,1.862986687209139,-0.3672623096588429,1.956112524481271,0.3289155866789971
730,24.345000000000002,tracked,1,1,0.20534806098682779,0.10614613896747349,-0.320061330262441,0.046908546509375454,-0.06829118964605707,1.859974411482755,-0.378605134475881,1.9636656440388816,0.33061057673380523
731,24.378333333333334,tracked,0,1,0.23112636649527632,0.09556321512379204,-0.3127932345025552,0.05384106546559489,-0.062213055561252784,1.8525245060808848,-0.37590230070403513,1.9686431033106275,0.3234330412362171
732,24.41166666666667,tracked,1,1,0.12060786653741178,0.13986546287958757,-0.3192642382119835,0.04530373324349343,-0.06733768545084096,1.855114071921931,-0.36518480622560856,1.9636748250889866,0.3294183448576478
733,24.445,tracked,1,1,0.09147447208809567,0.223383129490773,-0.3192139571999723,0.04607500395435396,-0.06505781134619615,1.864245072835489,-0.368266228434105,1.9542286893319516,0.32901819900701046
734,24.478333333333335,tracked,1,1,0.22284088855266146,0.1521002936100123,-0.31965474424624984,0.046145417576507836,-0.06743099024539334,1.868852532545514,-0.3775584716662466,1.9600992339148207,0.32993255906006
735,24.511666666666667,tracked,1,1,0.012031129319544986,0.2690306346270887,-0.31863342401690625,0.04609765714772404,-0.06610895399641004,1.8598485088515044,-0.37577855020246304,1.9612542047536194,0.32866798854428486
736,24.545,tracked,0,1,0.1770404520613407,0.11065994271441384,-0.3105985442311513,0.05485763916198155,-0.060260490113044574,1.853769901324394,-0.3931286542035061,1.9690189746904156,0.32111079539872367
737,24.578333333333333,tracked,1,1,0.18303438632159313,0.12093691250091237,-0.31724190269532776,0.046897950801630006,-0.06618995004432704,1.8640140973008381,-0.40026139941265415,1.9647809906065163,0.3274491595683434
738,24.611666666666668,tracked,1,1,0.22386057102952422,0.09551749159615297,-0.31919628882299866,0.0460111983719704,-0.06713496733467483,1.86936770603895,-0.3986208101736273,1.9614526277690711,0.32940917566611266
739,24.645000000000003,tracked,1,1,0.22620856693378324,0.0864911912556989,-0.32139671809080617,0.04624337719531696,-0.06811548260070055,1.8764838026364399,-0.4017924830571687,1.958102896480482,0.3317740485690462
740,24.678333333333335,tracked,1,1,0.2894644638361562,0.09056358392107089,-0.3221946018937365,0.0445200592248281,-0.06818243841779476,1.8740933175699568,-0.3946485312008064,1.9543345674309371,0.33232550620053514
741,24.71166666666667,tracked,1,1,0.29573444998211373,0.10613984973571994,-0.319819916649313,0.04569448896716771,-0.06915457974079176,1.8681018220261196,-0.41385679973277184,1.962673857602636,0.3303863213068447
742,24.745,tracked,1,1,0.2819898908524384,0.0975285768553979,-0.31735693823183786,0.046062123712516334,-0.06745578925229118,1.867740772124209,-0.422279205941907,1.9635926279175733,0.3277002120665216
743,24.778333333333336,tracked,1,1,0.14836144906583182,0.09526268167440674,-0.32137525330517486,0.04380321600614617,-0.07023962782601273,1.8658375976626451,-0.4148210047364327,1.962438626377942,0.3318650034073843
744,24.811666666666667,tracked,1,1,0.22557323550760003,0.08461777856235356,-0.31799797909686023,0.044743461607443386,-0.0672148502606037,1.8689765961560645,-0.4187967190037733,1.9555995577311533,0.328089207627833
745,24.845000000000002,tracked,1,1,0.18228663193430572,0.08104142032273903,-0.3189916187437013,0.04401720971760115,-0.06894375966965949,1.871015715024704,-0.4196133722604309,1.9556330568059501,0.3293120246475035
746,24.878333333333334,tracked,1,1,0.21995888183195667,0.08507022765552241,-0.3187523495299373,0.04358215134652818,-0.06804340583559743,1.866744022413439,-0.41607235053202873,1.9574221702804138,0.32883486634563985
747,24.91166666666667,tracked,1,1,0.16149191160720064,0.1390985190024934,-0.3204678074680478,0.04297665547110338,-0.06953656252973811,1.8674971860953404,-0.4160089531816154,1.9577426909833848,0.3307294091357947
748,24.945,tracked,1,1,0.2158437157578877,0.018209043770499367,-0.32182420941352097,0.04154515759612279,-0.07120112470446116,1.8621968496031311,-0.41231452290091886,1.9645486807418717,0.3322144217873521
749,24.978333333333335,tracked,1,1,0.19185996968582192,0.09595407906674458,-0.31958871877441225,0.04224776571473393,-0.06830620433836243,1.8645652030541497,-0.41729173934732305,1.9511714202350385,0.3295262666721297
750,25.011666666666667,tracked,1,1,0.299323324471873,0.04245203143175358,-0.3176809860999056,0.0426432625809636,-0.06806048757348859,1.8489180794310833,-0.41933769379222463,1.9626548523922258,0.3276764970846985
751,25.045,tracked,1,1,0.2428848116623304,0.06967229464395686,-0.3160551440753725,0.04281325672968414,-0.06375683311681074,1.8575412646014107,-0.41824003904742874,1.9514490247270622,0.325251845217504
752,25.078333333333337,tracked,1,1,0.23072656901194344,0.08750422651237605,-0.31575255214140974,0.04388269448114249,-0.061920039063511734,1.863964169794774,-0.41545556636800884,1.9422479574241098,0.32474521751115254
753,25.111666666666668,tracked,1,1,0.12496085634427795,0.1464705166232692,-0.3186055351071024,0.0436148424182205,-0.06645939881535162,1.8578396550097847,-0.4360528169562577,1.960232037810097,0.328372643761546
754,25.145000000000003,tracked,1,1,0.10591826720400493,0.18406973107273683,-0.31864952210261166,0.043391653480980674,-0.06700273427379899,1.8469969351695743,-0.43610404517559204,1.9651622266596236,0.3284961490310071
755,25.178333333333335,tracked,1,1,0.23361380319002492,0.10648973183754021,-0.31638469809867253,0.04354562055569178,-0.06519433056800455,1.8413782236745244,-0.43760833663516235,1.963927097257819,0.32595367615472404
756,25.21166666666667,tracked,1,1,0.12900619362371607,0.1799880811417054,-0.31873236637265845,0.0435939639898677,-0.06578582644143233,1.843383836476625,-0.4404395671566914,1.9594348677007787,0.3283573206591361
757,25.245,tracked,1,1,0.1072143414357268,0.18825413503715863,-0.3177762660835485,0.044269033923830775,-0.06412836594762988,1.84511028248868,-0.4441732999117645,1.9611151122356494,0.327190999218598
758,25.278333333333336,tracked,0,1,0.25985850673788713,0.11213910418906753,-0.30832859176685967,0.05263888619276508,-0.0552881018255878,1.83541151938601,-0.4383287237009243,1.9608426428650738,0.31763839038130487
759,25.311666666666667,tracked,1,1,0.18880526585636515,0.12651011670328743,-0.31639075715242204,0.04562977975959168,-0.059658065036594876,1.8457089663161768,-0.44699215348666993,1.9429184031307092,0.32518344474511973
760,25.345000000000002,tracked,1,1,0.22101950800186906,0.12267932314711169,-0.31630983958713776,0.04486678812565201,-0.059804104703579664,1.839167113787648,-0.44578735335688446,1.9521692103787802,0.3250253439898952
761,25.378333333333334,tracked,1,1,0.3008761268593163,0.04178244230771011,-0.3151680575117113,0.04607270834003627,-0.060447481159124794,1.8416409436739538,-0.457323016696978,1.9481233422226742,0.3242028638182799
762,25.41166666666667,tracked,1,1,0.20485928783319685,0.12210785716833977,-0.31744115237642434,0.04543177768773335,-0.06291877358234366,1.8408541154681182,-0.46100615419971125,1.9577845138518504,0.3267899994110072
763,25.445,tracked,1,1,0.20614632832633797,0.1284577920121492,-0.31651616698505897,0.04487654943686087,-0.05985878563416558,1.834481940621704,-0.4384868248076909,1.9539461015968533,0.32523754837021773
764,25.478333333333335,tracked,1,1,0.205059587861139,0.12348963146671074,-0.3160643639249128,0.04580441761141102,-0.0591694284891649,1.8330017374935965,-0.44330951093584114,1.9530837325215802,0.3248010900285198
765,25.511666666666667,tracked,1,1,0.28148288023358803,0.11296479333022108,-0.3131917917386531,0.04710926164447518,-0.05452567906608796,1.8382513551896142,-0.45102430334113625,1.9432963050956504,0.32137428432090437
766,25.545,tracked,1,1,0.12766267344612872,0.1647593187636208,-0.3167643638739418,0.04653265603003445,-0.057178260216394106,1.8350605123873807,-0.450203866139362,1.9475314398101216,0.3252296169463141
767,25.578333333333337,tracked,1,1,0.1256622709663177,0.1566346265398637,-0.31603665969856054,0.04554668568108802,-0.05416656257325242,1.8306048555497505,-0.4365835032772313,1.9477704012372679,0.3238636863727665
768,25.611666666666668,tracked,1,1,0.2754715726345086,0.12169747154636601,-0.3157826808582465,0.04694330848929801,-0.055533771265672494,1.8294511517552576,-0.4541200722906292,1.9550189527266353,0.32404687237023383
769,25.645000000000003,tracked,1,1,0.20556618145415487,0.134006934077648,-0.3161060864503843,0.04766202262073713,-0.05532099708387489,1.8277594418531118,-0.4624448465446077,1.9567912703085193,0.32443048409425335
770,25.678333333333335,tracked,1,1,0.20178135169584832,0.09721700873869843,-0.31308450128197485,0.048980405118506015,-0.047906708311589885,1.8358849600364997,-0.453464094257461,1.9278499506725773,0.3204934285282736
771,25.71166666666667,tracked,1,1,0.24238087164288996,0.10429514205407542,-0.3150495128674035,0.04722619443789322,-0.05271130195881596,1.8212245375612002,-0.45433161058223226,1.9457924786636789,0.3229008986566427
772,25.745,tracked,1,1,0.1920006746313757,0.029280955830501332,-0.31594496460045673,0.047056794785984624,-0.05335313556127469,1.812106919306142,-0.449517706011302,1.9499053178863515,0.323855090536082
773,25.778333333333336,tracked,0,1,0.2979781850233764,0.08817424469025759,-0.305386293351585,0.05680803970684331,-0.044391538727704793,1.8107614155932015,-0.46300873724666625,1.9470389698638664,0.3137810546431507
774,25.811666666666667,tracked,1,1,0.29668470269515934,0.08428443825652016,-0.3118229601774587,0.04945298293634548,-0.05012362028278483,1.8208474489452164,-0.4612664137497653,1.9421165716378919,0.31967410487148984
775,25.845000000000002,tracked,1,1,0.19513339387330295,0.13971423479396342,-0.31290020070557006,0.04914807090114562,-0.05063368560624426,1.8210615758924376,-0.46894759856088003,1.9499367783761479,0.32075822451335845
776,25.878333333333334,tracked,1,1,0.14080401839404422,0.1464358856862923,-0.3122595602255314,0.04965587754963785,-0.049268869386113856,1.8166751601046818,-0.4694937723506302,1.9439959587099316,0.3199986884630199
777,25.91166666666667,tracked,1,1,0.1601244545883681,0.11839740108790753,-0.31346555439558255,0.04979340662371429,-0.04755942981771427,1.822195371196935,-0.46331961517920794,1.938002912787733,0.3209391476593508
778,25.945,tracked,1,1,0.2653393114242428,0.10045943116560108,-0.3137451779129771,0.049393585225606246,-0.04608323287484345,1.822044139980258,-0.45308202425496785,1.9349146976142897,0.32093523844738825
779,25.978333333333335,tracked,1,1,0.24944338182960374,0.08578965364057684,-0.31299347503041075,0.05013391970051731,-0.04663656935174043,1.8156917550882512,-0.4641168870961074,1.9407316264116357,0.3203955288655726
780,26.011666666666667,tracked,1,1,0.18556126267591733,0.07228595296141699,-0.3132408238792891,0.05027769019910264,-0.045150506275602076,1.8185012602847546,-0.4677440042077443,1.9379153579518142,0.3204469193068891
781,26.045,tracked,1,1,0.17920247516885468,0.055851988658254026,-0.3134290851728362,0.049942212521484314,-0.04284259974726451,1.8243747517837332,-0.4566864002345951,1.9298058204490185,0.3202616186447049
782,26.078333333333337,tracked,1,1,0.21416910932828345,0.060828863617598566,-0.30973709170846975,0.05134991636499561,-0.04119092029797794,1.8137684590894538,-0.46731382181721565,1.9413363577426657,0.3166552886116185
783,26.111666666666668,tracked,1,1,0.14949980765703103,0.07787041355051516,-0.3095434682341702,0.05052284556408107,-0.040956913904468706,1.8074482201101056,-0.44897744046248966,1.9426928477374474,0.3163023639603549
784,26.145000000000003,tracked,0,1,0.1750930235945015,0.030306996695582233,-0.3039856159725785,0.05852488430959232,-0.03338555933757753,1.8029650011058493,-0.45538256854697107,1.9403739005665737,0.31136315192065045
785,26.178333333333335,tracked,1,1,0.21230462467696964,0.027524942523659668,-0.3100107919537526,0.05155373900694829,-0.03707768596154587,1.8035562196175083,-0.4529799163211545,1.9395030924641885,0.3164478376125399
786,26.21166666666667,tracked,1,1,0.21950212560218216,0.031721096940113463,-0.3095680708556492,0.05220131025085023,-0.03386034401582094,1.8009035745860948,-0.44338380632431196,1.931595727422496,0.31575922818195434
787,26.245,tracked,1,1,0.24540640159450053,0.024416522180299244,-0.3080005719426807,0.05315369115110355,-0.0353516824882964,1.795440151383199,-0.453669006515916,1.9421912822663323,0.31454635374576934
788,26.278333333333336,tracked,1,1,0.17849847889733245,0.11064348716722933,-0.3062304542947947,0.055182913774214554,-0.027401593994309414,1.8096468995145485,-0.44779814512255517,1.920013651576403,0.31236691960519397
789,26.311666666666667,tracked,1,1,0.1426940433703901,0.20092905977917902,-0.3091163810848657,0.05525507463184559,-0.032078958564330295,1.8021485792099161,-0.4702427056437268,1.9388569067555337,0.3156503127040219
790,26.345000000000002,tracked,1,1,0.09554016773711119,0.20489117592141856,-0.3102477469858887,0.056063303228396144,-0.033347027040787625,1.803803970505896,-0.4816327099449671,1.938138778151425,0.31703120144736247
791,26.378333333333334,tracked,1,1,0.17486004445029868,0.04950141168716579,-0.3065005569501924,0.057147193946996494,-0.026242409121293497,1.7945445549723678,-0.45283612235687426,1.9292134660080467,0.31288505433031333
792,26.41166666666667,tracked,1,1,0.17407577897421544,0.0811599123128463,-0.3070312822191168,0.05818954386749026,-0.027070221522165705,1.7919461480733256,-0.46901751086368476,1.940071232335111,0.3136670658036649
793,26.445,tracked,1,1,0.22433100530005506,0.007852322673644968,-0.3069440725164684,0.05944917178310277,-0.024946333023106393,1.791062763682231,-0.4682306905915276,1.9330693692997223,0.31364181355487597
794,26.478333333333335,tracked,1,1,0.09858701841256924,0.1229919696460474,-0.3062834409121152,0.06050253385042306,-0.0225136706389647,1.7933727663615444,-0.46933076554581793,1.9290730894866004,0.3130127284072111
795,26.511666666666667,tracked,0,1,0.18781374262635722,0.11207169086512717,-0.30029303469210433,0.06856075919283244,-0.013713828438995046,1.7948312998000457,-0.4630135164149186,1.9164481038650665,0.3083254019313769
796,26.545,tracked,0,1,0.24586897389704374,0.07469435651983766,-0.29967937958183255,0.06921207718858818,-0.01164569634524637,1.7956188766049446,-0.4599542338619351,1.9145249292835727,0.3077883435393174
797,26.578333333333337,tracked,1,1,0.18201278982409355,0.12233127564728344,-0.3035148935609754,0.06368103634841144,-0.012478777480244674,1.7999973558187012,-0.4550238600954105,1.9074104638790639,0.3103744269284107
798,26.611666666666668,tracked,1,1,0.33579478504653115,0.03730061298230136,-0.3020944109829813,0.06557236014602819,-0.010899465009386156,1.7902067701439919,-0.46808130290076055,1.9150770119390284,0.30932113716939175
799,26.645000000000003,tracked,1,1,0.20322833984774258,0.06796177669468129,-0.30209594325819566,0.06632711226845545,-0.008313276530742597,1.7974599946769954,-0.45990002557088683,1.9049302064400782,0.3094032244848264
800,26.678333333333335,tracked,1,1,0.1678510165712826,0.11185048143021953,-0.3019979394695105,0.06721460929568066,-0.006776545650287125,1.8001421555175041,-0.4501362722733739,1.905207478395647,0.30946159813061064
801,26.71166666666667,tracked,0,1,0.2635891328167327,0.09267627365554215,-0.2967132762895448,0.07564515647244041,-0.0024808093986805613,1.7911512660381743,-0.47119853551692414,1.9045923656041341,0.30621416106948474
802,26.745,tracked,1,1,0.1808422217126661,0.05623101569241004,-0.29795147178348313,0.07132873527254513,-0.0003790724770552645,1.8030130825860538,-0.4682051418742053,1.8918457781938764,0.30637070961413304
803,26.778333333333336,tracked,1,1,0.19754773546631255,0.040381276870208455,-0.29804681932288524,0.07145045365808275,-0.00014459683763273778,1.7996276750702562,-0.4655485265364498,1.8973899571280342,0.3064915900064468
804,26.811666666666667,tracked,0,1,0.14220413067014795,0.11640055889825443,-0.2946741760415632,0.0789998175560431,0.0028762828898152293,1.7969840030896174,-0.4696912287866084,1.8974247733194722,0.30509361547388125
805,26.845000000000002,tracked,1,1,0.14796965769354306,0.15872524099151833,-0.2970757968628546,0.0745234563498561,0.0028307321094260263,1.803343286404258,-0.4667523734631582,1.8930294321892667,0.3062936298265184
806,26.878333333333334,tracked,1,1,0.15865998556122,0.14262074784874,-0.2946844226597912,0.07656314434768943,0.007077816916802815,1.7949492884545288,-0.4689359967403301,1.8886015572056063,0.3045503563009693
807,26.91166666666667,tracked,1,1,0.21931806527967782,0.04022439159266081,-0.29623273992062527,0.07696740460445509,0.00763490707915504,1.7949531112886585,-0.4672346798774509,1.889512147237594,0.3061635337177405
808,26.945,tracked,1,1,0.15964201672206707,0.07966732355228245,-0.2932824021443106,0.07929865062525557,0.010951893017315029,1.7947079978857163,-0.47368361345448623,1.8877441544113784,0.30401116321475136
809,26.978333333333335,tracked,1,1,0.20159494377696452,0.02243528492989011,-0.2973713181190948,0.07787366854329075,0.009288929220243491,1.7908610921720831,-0.46169055640490175,1.891348161922384,0.3075390923091516
810,27.011666666666667,tracked,1,1,0.2782683945554638,0.008348175371696964,-0.2980432676806836,0.07900651906575912,0.008522862607003523,-0.1160168284542295,-1.368211914260981,-2.4813217304627426,0.308454954007365
811,27.045,tracked,0,1,0.26479754161906965,0.002521819393999092,-0.2926718711247849,0.08556592343012531,0.014284471035491741,1.7894675041615173,-0.4785504051793393,1.8848021116764513,0.3052579196563073
812,27.078333333333337,tracked,1,1,0.14991968217696786,0.09030018423340491,-0.2969460129798683,0.07974918725643315,0.012687336200828181,1.7902681998152628,-0.46462392390257473,1.8837457091599348,0.3077301350088655
813,27.111666666666668,tracked,1,1,0.3678878174185717,0.010562844919416836,-0.29623344507960925,0.08047717550185024,0.01308336202116156,1.7845037310908507,-0.45968159704542416,1.8867598579432052,0.3072490913286258
814,27.14666666666667,tracked,1,1,0.2804864744535921,0.07692708086338096,-0.2943870469237776,0.08183655876972154,0.016198227069666116,1.785708285751042,-0.45886778331102607,1.87899752678229,0.3059793102612871
815,27.180000000000003,tracked,1,1,0.29707351114631464,0.01388731412525357,-0.2956006068989573,0.08105312929748312,0.014575123675130253,1.7806563851421018,-0.4563195404908773,1.8866661220222485,0.3068578869739081
816,27.213333333333335,tracked,1,1,0.1767788547802639,0.15972255327771623,-0.29262078220677856,0.08299615588559575,0.018970940857558127,1.7824898404656975,-0.4565119925468925,1.8712192538124566,0.30475429556958505
817,27.246666666666673,tracked,1,1,0.25555338665528077,0.08670760041186865,-0.29369064586918614,0.08269797847687257,0.018403776172307984,1.7766720951510093,-0.45726854191276184,1.8842652024788467,0.3056662397004638
818,27.28,tracked,1,1,0.30624028407677684,0.058844436985367565,-0.29607119308369156,0.08275961664766127,0.016530897022919766,1.775669943901931,-0.44964274517683706,1.884572297509199,0.307864541768049
819,27.313333333333336,tracked,1,1,0.20030215478600397,0.11121074119353794,-0.2927176557490712,0.08456606713193024,0.020947881357962717,1.7764203195299537,-0.4705538171904661,1.8742716810936533,0.30540769379762056
820,27.346666666666668,tracked,1,1,0.328541076140425,0.09087245917891579,-0.2931510825570407,0.08578411323933419,0.021575509443718055,1.773423224089101,-0.4639810258046897,1.8712827000022956,0.3062057705145019
821,27.380000000000003,tracked,1,1,0.1818082424146443,0.11977172662907146,-0.29358649433601036,0.0861420747409107,0.02187749506643799,1.772125164063611,-0.4595494494772882,1.8727295043378926,0.3067443748262695
822,27.413333333333334,tracked,1,1,0.30528759706080194,0.07776758626568364,-0.29444984302861077,0.08639966827905787,0.023382534394101373,1.7737253016433054,-0.46064060391294737,1.8737283928556436,0.30775372565250303
823,27.44666666666667,tracked,0,1,0.21862775358797823,0.10666550227608032,-0.291952029881273,0.09189140049200617,0.0261902740127834,1.7780655632023241,-0.47345774161248316,1.8609986904670255,0.3071904095004313
824,27.48,tracked,1,1,0.16274696374717637,0.15075746875075882,-0.2910218005880616,0.08857466935387218,0.02732306037640514,1.7703256056589924,-0.46980701431483013,1.8661844665697067,0.3054270945692244
825,27.513333333333335,tracked,1,1,0.2328297516873079,0.07011719442620934,-0.29382346673346904,0.08829466108952114,0.025798747404771782,1.7785125103667572,-0.47001250870015066,1.8660271246724265,0.30788594015940807
826,27.546666666666667,tracked,1,1,0.2148863754410839,0.13053677279210563,-0.28916325259265385,0.09018633905173354,0.03069854202794614,1.7715858343487458,-0.46761752530926975,1.8643252434281614,0.30445256261716497
827,27.580000000000005,tracked,1,1,0.28296623480477945,0.0950898871358497,-0.28837751019378927,0.09096562172188297,0.030120685460420293,1.7732727837583218,-0.47308460203083713,1.8676387818854887,0.30388087865712005
828,27.613333333333337,tracked,1,1,0.3247053759345581,0.0870002155504832,-0.2892641121605275,0.09146149206160481,0.030814464633699468,1.7805303210432322,-0.45896854459638514,1.8604277364517108,0.3049400963219084
829,27.64666666666667,tracked,1,1,0.3537675741071813,0.09139795211443097,-0.28875450797828117,0.09162873991782933,0.03144449040565239,1.775683621260521,-0.46884844937090187,1.86617496033811,0.3045714166391515
830,27.680000000000003,tracked,1,1,0.3146622596315101,0.06326006306196752,-0.286419749378368,0.0930554713995502,0.03476791670316909,1.7708279668542843,-0.458372596129611,1.862506544884426,0.3031573875452125
831,27.713333333333335,tracked,1,1,0.3313510588249384,0.11904432257490266,-0.28865746076619947,0.09337483178939401,0.034169207610583896,1.7697224718114482,-0.4528388978312287,1.8676485183791482,0.30530234787243743
832,27.746666666666673,tracked,1,1,0.1743168866223657,0.1243925929948497,-0.2875109481559955,0.09429115500633564,0.03575471258010665,1.7748184310218178,-0.46315030851568484,1.86415011392637,0.3046830594136707
833,27.78,tracked,1,1,0.2619605636338142,0.13673089177082615,-0.2839994739103736,0.09599478995381791,0.04089613436978018,1.7736010424810065,-0.44592282817104795,1.859422112024266,0.3025610594343524
834,27.813333333333336,tracked,1,1,0.20942079806169558,0.1610692218316553,-0.2849973309977272,0.09678348551429675,0.041108164294280214,1.7725423413336494,-0.44900967264373276,1.857314056194836,0.3037768966129085
835,27.846666666666668,tracked,1,1,0.28707231509053954,0.11048979497164546,-0.28419744664989577,0.09824683015139105,0.04226319746432283,1.7637876869455658,-0.4426670814554025,1.857344542740342,0.3036557362821012
836,27.880000000000003,tracked,1,1,0.2460396525152903,0.10980943538818089,-0.282825346050647,0.09901452104524466,0.043677457018376054,1.770151995257531,-0.45027769807226303,1.8554008380467422,0.302823004406996
837,27.913333333333334,tracked,1,1,0.2193135908530893,0.13741340540728506,-0.284140315091182,0.09906109181814715,0.04285480770830946,1.7727205925470433,-0.4502579083497474,1.8603033355839709,0.30394958976125586
838,27.94666666666667,tracked,1,1,0.2680732991674684,0.1712448394910051,-0.28271778504679734,0.1003975282833193,0.044811490057803494,1.7765225882593754,-0.4452676437611721,1.8482277747720899,0.30334317086159635
839,27.98,tracked,1,1,0.32463022433718147,0.11917330151228345,-0.2831863498545643,0.10142681479741267,0.043572729836214685,1.762373802339591,-0.4394312520990018,1.8661774471673327,0.3039415902591814
840,28.013333333333335,tracked,1,1,0.4966848141812171,0.10442051476992564,-0.28451604438346867,0.10199693204639074,0.04297437267528048,1.7742089731331667,-0.4362962642960819,1.8562344960753394,0.30528601403491423
841,28.046666666666667,tracked,1,1,0.36749656648583434,0.11308474214962833,-0.2823052526024916,0.10276326469107805,0.04346440447077432,1.7755648927887362,-0.4535510419928046,1.863726988794624,0.3035550998960885
842,28.080000000000005,tracked,1,1,0.2718651284882186,0.17766674048679099,-0.2807433757802835,0.10463295356432742,0.04507651516375971,1.7745414246588014,-0.4561922462844935,1.8544452357839738,0.3029798512036945
843,28.113333333333337,tracked,1,1,0.2783966880979841,0.15958311829688843,-0.2772412330680114,0.10676348863548785,0.04799406847511978,1.7751115961878448,-0.44759196049983574,1.85254561017808,0.3009394863215624
844,28.14666666666667,tracked,1,1,0.368881962454329,0.08164750523555414,-0.2794117638789945,0.10821467524907899,0.04618333876163888,1.767201849232064,-0.44669719659436374,1.8592648867879973,0.3031736309648432
845,28.180000000000003,tracked,0,1,0.1848058606140158,0.1423822846257258,-0.27710627506661506,0.11292545249979558,0.04697280643967855,1.777374389370709,-0.45980882416773183,1.8349388438923921,0.30289683070048395
846,28.213333333333335,tracked,1,1,0.31751397653846447,0.056702117118493545,-0.27939813843433836,0.10973102617948238,0.04696703324701518,1.7672428916173197,-0.4564854084043191,1.8560212903832964,0.30382580548564697
847,28.246666666666673,tracked,1,1,0.12731469298784345,0.22031141503968496,-0.2777018330247394,0.11145786474067781,0.048931870099045705,1.7678778534391937,-0.44219328541952285,1.8446852692014095,0.30320866014881787
848,28.28,tracked,1,1,0.2703786652372599,0.14828093388178976,-0.2775104379903949,0.11303023733596629,0.049843153359139636,1.7645234816155753,-0.43391014085498214,1.8436675439669932,0.30376342387230953
849,28.313333333333336,tracked,1,1,0.19823614357317398,0.20043558584982124,-0.27627973482059665,0.11415880987660865,0.051019910753065056,1.7613949836536753,-0.4332340807144577,1.8397996899625515,0.3032585646576756
850,28.346666666666668,tracked,1,1,0.25147314548079125,0.0872665905096417,-0.2775698558439535,0.11397394444191195,0.05008649388698322,1.7573551265276282,-0.4363972617301123,1.8489109212269386,0.30421002901740757
851,28.380000000000003,tracked,1,1,0.32869193688613046,0.10579429066213314,-0.27732754341471455,0.11465132814877341,0.05023813007468503,1.7624514915724607,-0.44179345753566157,1.8461437619988017,0.3042685706676243
852,28.413333333333334,tracked,0,1,0.23781598153413377,0.13015510317340098,-0.27128650829983564,0.11977926818876686,0.053171472226272054,1.7694512501183133,-0.4485339367971248,1.8257475585577518,0.30128167573229964
853,28.44666666666667,tracked,0,1,0.17585939311967586,0.1659508495735828,-0.2711394480380557,0.12057183796972296,0.05311071370449233,1.7684598193017742,-0.44652460736987915,1.8307424569645905,0.30145466707944524
854,28.48,tracked,1,1,0.15039796159085386,0.16800869354887674,-0.27128261592733416,0.11825541594502084,0.05418140969776075,1.7643573473112506,-0.43536932026138964,1.8501796197111853,0.3008558230474258
855,28.513333333333335,tracked,0,1,0.23847149009757118,0.16098687175398008,-0.26981773582066587,0.12247800805557393,0.053656416159652665,1.7724573108256172,-0.451597309695325,1.8278635705305568,0.3011336647001622
856,28.546666666666667,tracked,1,1,0.3231650720837481,0.16413831372009852,-0.2701559086108376,0.12057802514290075,0.05560221459049236,1.7600695859180122,-0.4312125553205766,1.8397698214097686,0.3010230578744366
857,28.580000000000005,tracked,1,1,0.2419431913927359,0.15819956592208834,-0.2711146916328662,0.12069393976270992,0.05489381152800127,1.75771788197872,-0.4295886207879678,1.844789503971835,0.3018004865117028
858,28.613333333333337,tracked,1,1,0.3040590379933987,0.149204803391833,-0.27042210954043094,0.12153712858113619,0.05642650585344111,1.7598620210502842,-0.424993095895023,1.8430232574617635,0.3018001681823138
859,28.64666666666667,tracked,1,1,0.1854536562869885,0.22859938162428184,-0.26973558029546807,0.12214813927336185,0.05735944565511819,1.7625686773992792,-0.4303293478237142,1.8384398363334296,0.3016082843874484
860,28.680000000000003,tracked,1,1,0.22917428184311842,0.16953930103137524,-0.27122014264431893,0.12220527296495157,0.05651794006748012,1.759052529608604,-0.41629378193063193,1.8425508883030817,0.3028015390745468
861,28.713333333333335,tracked,1,1,0.15562706347435393,0.17693878857086212,-0.2692551200577712,0.12351314991090309,0.05831384609233331,1.763485114038536,-0.4272691791528055,1.8443818599111261,0.3019177413209074
862,28.746666666666673,tracked,1,1,0.24689895607729803,0.1839543985130472,-0.26750129294117697,0.12451862649098325,0.060563868933066534,1.7661840009719931,-0.41746495248644055,1.8369352848575335,0.30121389790071773
863,28.78,tracked,1,1,0.24650662794227032,0.21130398429988437,-0.26960344074082093,0.1240636933320553,0.058768994489696136,1.7594028578032135,-0.4025888396223667,1.8424515928997882,0.3025419144115564
864,28.813333333333336,tracked,1,1,0.2707131051312531,0.21279241027864865,-0.2696465151192752,0.12522687152928896,0.0582148793144836,1.7586866657192413,-0.40568617956876024,1.8441757959535756,0.3029521160886361
865,28.846666666666668,tracked,1,1,0.340240448056709,0.17577751847495499,-0.268995067475037,0.12576821295274318,0.058528268296427044,1.7630791100476142,-0.41643666556078957,1.844572803335997,0.3026574762086752
866,28.880000000000003,tracked,1,1,0.27428394373651815,0.19976044311035546,-0.26783247801048693,0.12703130474074095,0.05916030471262962,1.7667441875585834,-0.4150154967577639,1.8407885630861935,0.30227657917057377
867,28.913333333333334,tracked,1,1,0.21007337553488967,0.258476235252044,-0.26912576720296094,0.12796358371973263,0.05774646322451804,1.7617859471956365,-0.419327425704052,1.851251747141228,0.3035424374711384
868,28.94666666666667,tracked,1,1,0.26988005478323673,0.22170703422942029,-0.2694336058196143,0.12876025484399206,0.0572951494438661,1.7665265060133946,-0.42464566474299426,1.8445944755928152,0.30406644885985695
869,28.98,tracked,1,1,0.20949520978711308,0.21245931999775727,-0.26784234845176985,0.13058300589222685,0.05831687134819502,1.7589367812413792,-0.421371834887838,1.846700187103004,0.30363185362516
870,29.013333333333335,tracked,1,1,0.15786419268209734,0.2149257478873045,-0.2672014000021371,0.1316729502160161,0.05890525871820734,1.7650903652447054,-0.4203696348146034,1.8393317767631205,0.30365141772491444
871,29.046666666666667,tracked,1,1,0.16654192923344138,0.22208021872542863,-0.26755900937266014,0.1327191267167722,0.05774869298562524,1.7561610569892292,-0.41512460635811205,1.8465247645166247,0.3041991151112867
872,29.080000000000005,tracked,1,1,0.2810132006472305,0.16455444487615267,-0.26867428471216237,0.13349713477732478,0.05647031653731738,1.7574769446591123,-0.4075944442229337,1.844863976139149,0.3052806133857375
873,29.113333333333337,tracked,1,1,0.2999915543037931,0.19502081573549063,-0.2678429489641132,0.1353982332965419,0.056523059611386206,1.763380262662078,-0.4258038567859296,1.8425880369877619,0.30539709094464157
874,29.14666666666667,tracked,0,1,0.29324232643190357,0.1674044939712535,-0.26836747307327136,0.13890401939590374,0.05290296760464336,1.7693549818082368,-0.43379845746542134,1.8337262027805654,0.30678029791603073
875,29.180000000000003,tracked,1,1,0.3056863418084785,0.17238012465343017,-0.26630006104713344,0.13831431767406094,0.05635671356911437,1.7586682547816341,-0.41388247685053137,1.840806549527853,0.30532384799039075
876,29.213333333333335,tracked,1,1,0.2868076861162444,0.13744712303735507,-0.26578632402848673,0.13931214240671025,0.056321057828479515,1.7669429473975111,-0.4126874765612682,1.8383569566258755,0.3053232788659296
877,29.246666666666673,tracked,1,1,0.33598264449169196,0.15740108421878302,-0.2672046785863492,0.13981702470726154,0.05458622052652906,1.766987067018233,-0.41936849303757734,1.838791041509441,0.3064747887311386
878,29.28,tracked,1,1,0.30913467449442183,0.19601339026233827,-0.26715277163756146,0.14079136130387773,0.05373700006194965,1.7568629688378812,-0.4315880393233964,1.8445438174619253,0.30672540812115334
879,29.313333333333336,tracked,0,1,0.35616057949138047,0.18873984958788803,-0.2679815529829929,0.14468585433762401,0.04996505119554634,1.7638098853863426,-0.4340884066657904,1.8309483081961833,0.3086172638164598
880,29.346666666666668,tracked,0,1,0.21024455150722152,0.21375671718859177,-0.2642387675768079,0.14738645941947234,0.052274215072542984,1.7680060178045276,-0.4379471963921522,1.8244256883014602,0.3070463943318152
881,29.380000000000003,tracked,1,1,0.24178571449568428,0.14520310234970732,-0.26704562614773886,0.14619244232411135,0.05162501420236659,1.749303874552577,-0.4197453063987826,1.846127655997764,0.30878914930534895
882,29.413333333333334,tracked,1,1,0.2486513828100579,0.17981666382897385,-0.2667375074956144,0.14829122040285173,0.051164005489380215,1.7436976027223798,-0.4231537538424022,1.8457455542176628,0.30944618176874866
883,29.44666666666667,tracked,0,1,0.25237041521584125,0.1588980170038634,-0.2670669617443376,0.15329070389059002,0.04863132701619216,1.7558115118894042,-0.4431549998069841,1.8280969707986825,0.31174959169496896
884,29.48,tracked,1,1,0.26372940397011374,0.19936608964565222,-0.264536329615188,0.15365898858162189,0.05255521700270144,1.7401224950369452,-0.4292605528566742,1.8387148156827888,0.3104071605043986
885,29.513333333333335,tracked,1,1,0.22931761556880637,0.17829012329398886,-0.26826709400683807,0.1556755572660371,0.04979090242425971,1.7368589464109316,-0.42142363395440036,1.8380636156048153,0.3141357140173448
886,29.546666666666667,tracked,1,1,0.235125889407146,0.23217225087839213,-0.271252505780554,0.15767886944868553,0.04770654990187817,1.723957000994382,-0.4393649221505084,1.8420907584631845,0.3173585711248169
887,29.580000000000005,tracked,1,1,0.27803391982559106,0.1476856261864019,-0.274146591497261,0.16017632731787018,0.045222638379150415,1.7039831729867825,-0.4400970273659725,1.8410330166630982,0.32071466521595016
888,29.613333333333337,tracked,1,1,0.20527157099496032,0.14968812185157757,-0.27630210204240496,0.16247985934376763,0.044228101173741874,1.7082598480702755,-0.44870525197431116,1.8332483178473653,0.3235717559040913
889,29.64666666666667,tracked,0,1,0.3033458023970823,0.15913430703903436,-0.27339419942429716,0.16832849665538052,0.04442177823540855,1.711486173183341,-0.4594376435988206,1.8188227617395676,0.324117517957158
890,29.680000000000003,tracked,0,1,0.3565338011942569,0.20049304920267452,-0.2761550393632929,0.17066028436909303,0.04257628937013186,1.7026297531590944,-0.4560751745339475,1.8175017424003779,0.3274130095814929
891,29.713333333333335,tracked,1,1,0.20987409168720067,0.2088724892433551,-0.2756139848261821,0.17102273136721424,0.04467612939697235,1.6832913196115282,-0.44338841923951594,1.827428313731612,0.32742602189496833
892,29.746666666666673,tracked,1,1,0.2661653351562618,0.17340518425914592,-0.27881256124214165,0.17257939230507252,0.042304555602187655,1.6775483103792406,-0.45105947769078003,1.8264704522319044,0.33062027520932485
893,29.78,tracked,1,1,0.31843656592271674,0.13495988324125208,-0.2780841995793665,0.17512821481200952,0.042840773397475385,1.6701452744036573,-0.4554355848713717,1.81777406818631,0.33141521622314224
894,29.813333333333336,tracked,0,1,0.2511749571521625,0.1855923462576567,-0.2808929037902295,0.17876633969170716,0.03822227155902452,1.6733985105903233,-0.4576004457687209,1.8067120562490788,0.3351405222434461
895,29.846666666666668,tracked,1,1,0.2461457232141272,0.22122907617819343,-0.2795149149220418,0.17939778759493136,0.04108690086518141,1.6634477262529184,-0.446363447912538,1.813125123102756,0.3346644398207518
896,29.880000000000003,tracked,1,1,0.17678986213408826,0.24609255389944173,-0.2803200943597049,0.18130917252777026,0.0396636039398654,1.652915852385996,-0.44361110188773456,1.819099967620726,0.3361927614063651
897,29.913333333333334,tracked,1,1,0.23730228536762,0.19151277580937792,-0.2818576455515153,0.1827628925344305,0.038457232848190415,1.649631126162049,-0.4564414402777402,1.811784096321664,0.33811975097845937
898,29.94666666666667,tracked,1,1,0.22965950577699795,0.22937704564731204,-0.283790993670412,0.18418177970004468,0.03677720702621773,1.6472120140939814,-0.44589951835853453,1.810997343172542,0.3403128252337324
899,29.98,tracked,1,1,0.2398821067246526,0.25002023124557965,-0.2822310765691266,0.18635806881953917,0.03759802429951553,1.6437871395757504,-0.4416985626152891,1.8058827662834052,0.340290055433219
900,30.013333333333335,tracked,0,1,0.2922101477108946,0.22916930663469126,-0.2799326279897388,0.19117709158341514,0.03701754862320494,1.6495894120576757,-0.47397025889028976,1.7939563364152114,0.34100037458279475
901,30.046666666666667,tracked,1,1,0.26977395285360967,0.16867546867418443,-0.2853401004142307,0.1894594247005703,0.03402989252048044,1.6325748883888753,-0.4310557846556001,1.8114439222925287,0.3441974434786374
902,30.080000000000005,tracked,0,1,0.33840705436910257,0.12759116393769598,-0.28583688634408966,0.19384880022692086,0.032074377886008365,1.636456529731506,-0.4745677953693346,1.803395365635111,0.3468556596930129
903,30.113333333333337,tracked,1,1,0.26644646303274966,0.14471302130701874,-0.2857620104878253,0.19278402069708936,0.033300547961783,1.626728674693074,-0.4384497533067001,1.8133644932157191,0.3463156533694871
904,30.14666666666667,tracked,1,1,0.2940111660446952,0.19212882961235428,-0.2821742959661064,0.1955085990803062,0.036077476339113235,1.6312305695984237,-0.4515381691846718,1.8003795266390745,0.345177533911625
905,30.180000000000003,tracked,1,1,0.14818109974993732,0.19844857845296898,-0.2886236336605559,0.19576842195339722,0.03023380172005935,1.6189689786965256,-0.4436642762379108,1.8126701870927562,0.35006136563179036
906,30.213333333333335,tracked,1,1,0.2058034559994457,0.18385362091565297,-0.2868465833457618,0.19751552288409124,0.031077537666695187,1.619649871226291,-0.443045408305529,1.8066397740186664,0.34965577001493614
907,30.246666666666673,tracked,1,1,0.17400828984928526,0.19827916284209438,-0.2885038169831355,0.19892638009945535,0.029485693246742162,1.62438816468597,-0.4527947806031757,1.8046902950133237,0.35167536623930956
908,30.28,tracked,1,1,0.11434764240663885,0.23767613846247782,-0.2871023987808167,0.20040140042298582,0.02991520589973462,1.6164399588991856,-0.45885092336754163,1.812814925852427,0.35140208909626097
909,30.313333333333336,tracked,1,1,0.19345638238331547,0.20022858207744093,-0.28767896828898926,0.202051815657611,0.028406526547681055,1.619028947139572,-0.44407846432654585,1.8095147716082396,0.35269116200559747
910,30.346666666666668,tracked,0,1,0.14570967764535223,0.24935947860770244,-0.29026336534248554,0.20525484300719177,0.02526411531202183,1.635544710600485,-0.4727621646051142,1.7972924097159488,0.3563995613919177
911,30.380000000000003,tracked,1,1,0.16307127013602857,0.2331730420344008,-0.2887216716610576,0.20479388726255035,0.026989853041456013,1.626808308428067,-0.4458110169374849,1.8176244616535522,0.3550059043369013
912,30.413333333333334,tracked,1,1,0.245859115150697,0.2596063917680025,-0.28581283529050505,0.20681204996463948,0.029671424525865242,1.6352803625398358,-0.4431686905324577,1.809582907233869,0.35403473595223395
913,30.44666666666667,tracked,1,1,0.23448776498993532,0.19358098056988024,-0.2879110465224013,0.20872160645230559,0.02773613967602423,1.640923435484529,-0.44635014948032226,1.805867228583177,0.3566886221254939
914,30.48,tracked,1,1,0.2737261650722124,0.2052604376627606,-0.2888877745204828,0.20985247072225108,0.026184265524431316,1.6431802797233863,-0.4301284670706451,1.8067603548677307,0.3580220963804951
915,30.513333333333335,tracked,1,1,0.29600813034908047,0.18935975282430484,-0.28652610768303394,0.21221472781956874,0.027535122540825574,1.650849691649007,-0.44093409048810556,1.8066158670016408,0.3576177904703029
916,30.546666666666667,tracked,1,1,0.2578339289545408,0.17139749675626076,-0.2923717311991178,0.2126592363725398,0.0215334413304602,1.6431384361466235,-0.4175136241791768,1.8125635016136645,0.36217243008607564
917,30.580000000000005,tracked,1,1,0.22799445924352665,0.21805091602847834,-0.29310197304645097,0.21513465185835512,0.02045752361695291,1.6404250291933251,-0.42792593018028635,1.8243045460108402,0.36415682790039283
918,30.613333333333337,tracked,1,1,0.2179501789947073,0.28043853662637175,-0.29291078591762876,0.21767381287395443,0.020144053697812803,1.6454704966862361,-0.4307318804524184,1.8242581971861622,0.36549199747374583
919,30.64666666666667,tracked,1,1,0.1996561788970065,0.2669044100053118,-0.29290314556990205,0.22014513328130458,0.0186671354468802,1.645765389618856,-0.41590796122140244,1.8289781640279883,0.3668849878885463
920,30.680000000000003,tracked,1,1,0.12661335260074097,0.2540412705639648,-0.2902644873644591,0.22281353587932207,0.021159373604444642,1.6564947592182608,-0.41376561673844986,1.8212634869874735,0.3665338503976551
921,30.713333333333335,tracked,1,1,0.2627772712866703,0.1824337675343612,-0.28937382269012185,0.22541404320338648,0.020954584009243715,1.6513690595476984,-0.4211332170275036,1.8169482643699546,0.36740685176326354
922,30.746666666666673,tracked,1,1,0.2887642205587952,0.2158377450027868,-0.29267268358025617,0.2270864367459248,0.01712778979867996,1.6399243035965863,-0.42115538519523604,1.8196355389919154,0.37083542259527663
923,30.78166666666667,tracked,1,1,0.25086364542592776,0.18574864315004802,-0.2982931790610938,0.22842763410178468,0.012259078251159405,1.628896903649619,-0.40641800782739623,1.8258290408270879,0.3759099489176638
924,30.815,tracked,1,1,0.20744745133874104,0.2244621289630292,-0.29848742268432704,0.2306846896080338,0.011264279389018417,1.6164067014166483,-0.4191388783672424,1.8210617419283743,0.3774083352424014
925,30.848333333333336,tracked,1,1,0.2057125813311196,0.26529452385248564,-0.2993675440479736,0.2328430987971219,0.009436988908797628,1.6165105726002575,-0.40838985914803727,1.816442973146268,0.3793756605877958
926,30.881666666666668,tracked,1,1,0.19374718659734586,0.264574375878704,-0.2951132246246157,0.23595966462702075,0.012371330013750903,1.6128094089179115,-0.4262569710664955,1.8123594099688543,0.3780500343678653
927,30.915000000000003,tracked,1,1,0.2651869723533496,0.24412770343666873,-0.2997006717727759,0.23777348877597443,0.006392503865413179,1.6001096895985407,-0.41925396146928,1.8201771004082652,0.3826193784055127
928,30.948333333333334,tracked,1,1,0.220027983657227,0.23488154910312894,-0.3005359477402167,0.2394861382838124,0.004937581614544939,1.592665301493569,-0.4353836293259094,1.8220619599085126,0.3843173766906772
929,30.98166666666667,tracked,1,1,0.33937297872919137,0.19630253908064277,-0.3010836993636886,0.2415465418433775,0.003214300580356766,1.5903153137503065,-0.42804866801388447,1.8211212673546735,0.3860135459115903
930,31.015,tracked,0,1,0.2498334570439926,0.2645802812437622,-0.30211749648079583,0.24614329091103684,0.0009335770106517205,1.602626105238771,-0.4570367089574382,1.8075515039428782,0.3896952307975731
931,31.048333333333336,tracked,1,1,0.2171080753544648,0.26626313281035735,-0.303735094331752,0.2444263861998183,-0.0005422056429052469,1.5888442002699297,-0.428448776872739,1.8161869438204672,0.38987120922989454
932,31.081666666666667,tracked,0,1,0.17353257436871725,0.20332574661744166,-0.30172676102339596,0.2495064423557128,-0.0006230565032294133,1.592948772604018,-0.4623813729750384,1.8075698271404868,0.3915263609184959
933,31.115000000000002,tracked,1,1,0.1961928940162123,0.22423696068618285,-0.30074006055885494,0.24763015291763057,0.00023245348905148733,1.5857949966085367,-0.43518852463961794,1.8125461808196108,0.38957070050708054
934,31.148333333333337,tracked,1,1,0.15310055233655584,0.31052196630028356,-0.30136207564534623,0.24913651442912976,-0.00013065747722434962,1.5891039998940646,-0.4336876362965977,1.8044439223941466,0.3910091054317581
935,31.18166666666667,tracked,1,1,0.15177809585105956,0.2640448485944797,-0.3034862241587112,0.2500681980380104,-0.0032784724740163584,1.5800902243350738,-0.4284602802658289,1.8158743660144965,0.39325404041897893
936,31.215000000000003,tracked,1,1,0.256291450429566,0.23308985199745208,-0.30482060787127574,0.251350162067406,-0.004873441708697246,1.5711473660615678,-0.43878411832390113,1.819878538950948,0.3951154987954957
937,31.248333333333335,tracked,1,1,0.26886322410736807,0.2352559474868644,-0.3043521971553269,0.25243373437967087,-0.00459553852052752,1.575424059255507,-0.436418061693902,1.8073856031476054,0.3954417392492033
938,31.28166666666667,tracked,1,1,0.1637789155874314,0.27356502631333546,-0.30552370603194084,0.2533929675568055,-0.006854308423749789,1.564871339617643,-0.43929065283902546,1.8192649164702202,0.39698830272276786
939,31.315,tracked,1,1,0.22186677793347087,0.22917031846488523,-0.3058679110815379,0.25484031318692035,-0.007355929359635249,1.5645470570412023,-0.44101759758602954,1.8171873305929487,0.3981869836538296
940,31.348333333333336,tracked,1,1,0.17180899195561236,0.24593889464257793,-0.3078516877554917,0.2555109203161449,-0.010280673990985978,1.5647059603921334,-0.43842569505578616,1.8235237683746035,0.40020517776812564
941,31.381666666666668,tracked,1,1,0.08217995294403505,0.28851359485034256,-0.3053025168951527,0.2570871556599646,-0.008241990619693107,1.5666611940715034,-0.43968440527003844,1.8136834503650907,0.39921343018142685
942,31.415000000000003,tracked,1,1,0.22147522352346585,0.14345416133620995,-0.3063148368415907,0.25836068932811573,-0.009768577411758683,1.552433274905384,-0.44445422414396046,1.8204980174606404,0.4008421761292579
943,31.448333333333334,tracked,1,1,0.1641553557424214,0.20124634637821148,-0.3066696823882915,0.2592641808981405,-0.01097442916667618,1.5488755438237376,-0.44291255288036896,1.820341154253144,0.4017270810991633
944,31.48166666666667,tracked,1,1,0.2517572551664436,0.18353410672516268,-0.30527289472087477,0.2598287512726468,-0.008407042239528484,1.5539242000842697,-0.4432375227992995,1.797818517347155,0.4009653334122321
945,31.515,tracked,1,1,0.31256885643909116,0.19106192328650795,-0.3067303619588556,0.26139946892673727,-0.009758270971243266,1.5569759496215354,-0.4482488197376916,1.8010902621407638,0.40312333243678544
946,31.548333333333336,tracked,1,1,0.1825762177538524,0.2691215262006395,-0.3068303627179798,0.26295451698435135,-0.009869580193184735,1.5546564304508605,-0.4638797314059365,1.8026259041917485,0.40421202122315747
947,31.581666666666667,tracked,1,1,0.2560069551751126,0.16770366190292257,-0.30623954194362984,0.26429103641359925,-0.01058526534201737,1.5455195677318843,-0.4620413871648357,1.8054563850248222,0.40465350217288315
948,31.615000000000002,tracked,1,1,0.18454520798647583,0.2547620232372077,-0.3098841135945762,0.26521503747361586,-0.013307355698741086,1.5437259653443087,-0.4631721994687099,1.8155313175721717,0.4080983529446308
949,31.648333333333337,tracked,1,1,0.16230759227807146,0.25458832727762976,-0.3103922444338938,0.26629340780792043,-0.014377917405491825,1.5406186279496645,-0.45337179925551224,1.8155700749119696,0.4092215157534909
950,31.68166666666667,tracked,1,1,0.14724710056684298,0.23445617380665262,-0.30729545171599576,0.2675542903249346,-0.011512012079846368,1.540392563408645,-0.46000858407680223,1.8101122052216632,0.4076129528593808
951,31.715000000000003,tracked,1,1,0.17418598988430922,0.17130834645477322,-0.30786519274398255,0.2678075904024413,-0.012667977214505577,1.5396275703786384,-0.4509307952579769,1.8130842572821526,0.40824301589513873
952,31.748333333333335,tracked,1,1,0.1374573983002581,0.19670100221773384,-0.30941153433362695,0.2698889524477211,-0.013107012451596067,1.5454392761824949,-0.45785620718539427,1.8003616635843969,0.4107886780419146
953,31.78166666666667,tracked,1,1,0.2187529840084056,0.1773465624733962,-0.30991545883357396,0.2713952495542808,-0.013628959877944102,1.5451089856917604,-0.46009997130592584,1.803336619554297,0.41217559565312656
954,31.815,tracked,1,1,0.11034442602424223,0.2869698854290141,-0.30860238858957917,0.27357245970583066,-0.013208476888839471,1.5421953128676846,-0.46763213744857346,1.8037343532773404,0.41261578837268814
955,31.848333333333336,tracked,1,1,0.14066170032152636,0.23089400057216247,-0.3104645489931344,0.274982544499654,-0.014831708309693659,1.542639014895161,-0.46016017753611477,1.799787655390799,0.4149983319633928
956,31.881666666666668,tracked,1,1,0.11971912084952356,0.22772476160182742,-0.30900711094431876,0.27733565059675214,-0.013918118889169717,1.540555800875749,-0.4749826985814611,1.7935890093513025,0.4154445471293267
957,31.915000000000003,tracked,1,1,0.22319611788683955,0.13170741752950996,-0.3106827698248514,0.27894883702846224,-0.016867212951168664,1.5343663972755193,-0.4738206004547586,1.8013235734882866,0.4178764650208399
958,31.948333333333334,tracked,1,1,0.20309303242200547,0.23492175267916363,-0.31174532458132953,0.2800829801452819,-0.018903461222609552,1.5318688584416542,-0.46051899363837345,1.7937085858902146,0.41951038605924357
959,31.98166666666667,tracked,1,1,0.21314830824826858,0.18053133463278903,-0.31275386900739893,0.2823753591374779,-0.02084047936347766,1.5212114456953492,-0.4671181906782177,1.8010835382847092,0.42188286479450243
960,32.015,tracked,1,1,0.19649468040127535,0.21643852436528685,-0.31276761731927,0.28425903126843743,-0.021548079385053875,1.5153546952173682,-0.4724316352406244,1.7970851140796007,0.42319156303786165
961,32.04833333333333,tracked,1,1,0.19502769890351604,0.17857136011686056,-0.3096661780439343,0.286424325354862,-0.01898753250868268,1.5146951924716583,-0.4781988882369535,1.7871775737922775,0.42224703950423825
962,32.08166666666667,tracked,0,1,0.2554278541727074,0.13344808035853734,-0.31039623761527574,0.2921166298074249,-0.020491086821305182,1.5097523244279831,-0.5097583758323248,1.7866995304566373,0.426729228404717
963,32.115,tracked,0,1,0.23803504275816387,0.15604188614885103,-0.31129852842459027,0.29395837876187403,-0.021705574606935063,1.499420677717787,-0.5106680878868233,1.7860249038444684,0.4287066995191958
964,32.14833333333333,tracked,1,1,0.20431231680797732,0.17261943242258596,-0.31186435509743843,0.2914142669881962,-0.022768756564585713,1.4923803388568286,-0.47450403260845453,1.7859659928139142,0.427434284142143
965,32.18166666666667,tracked,1,1,0.1850431221994552,0.203940318840405,-0.31218598455120955,0.2947204677214107,-0.02406883230082707,1.4881629337072944,-0.47932693482741234,1.7907979159891594,0.42999947875835903
966,32.215,tracked,1,1,0.17603164832736892,0.19288787558797563,-0.3133488430036279,0.296303876181933,-0.026090374261540816,1.4757942850718409,-0.4765586532927418,1.7986753305791372,0.43204651610822853
967,32.248333333333335,tracked,1,1,0.11473965834374204,0.19758204095960086,-0.3110686953082803,0.29913323597196173,-0.02397373346003212,1.4825088134431783,-0.48256302301365295,1.7899648693340657,0.43222582750208915
968,32.281666666666666,tracked,1,1,0.16724959201086803,0.25717629709934453,-0.3111758175280819,0.30085398255296514,-0.02426204369811985,1.4835476926153246,-0.47249225678576484,1.7900417285829084,0.4335114242977449
969,32.315000000000005,tracked,1,1,0.1895189154488421,0.24267286371350213,-0.31325635372928345,0.3049794498139824,-0.025549333042339084,1.4664412195293677,-0.49911741088719874,1.7931901712266447,0.43794380504753544
970,32.348333333333336,tracked,1,1,0.1791408689216611,0.2438810079441895,-0.31664425456282486,0.3067522252337323,-0.028521666760916164,1.4596477760883926,-0.4828726210903245,1.7960868063638267,0.4417850123174327
971,32.38166666666667,tracked,1,1,0.17172360395370997,0.243681856044797,-0.31469651731765125,0.30979500074675975,-0.02532586438722284,1.4654421124750834,-0.4907326788570482,1.7831561068184478,0.44232142148725245
972,32.415,tracked,1,1,0.16815550517699898,0.2528070733907438,-0.3127559781365296,0.31203642780336643,-0.023762045762027284,1.4618626180401344,-0.4925049149129403,1.7855972017343387,0.442433801777418
973,32.44833333333334,tracked,1,1,0.24175878083513935,0.2296450203635308,-0.312581387979648,0.31520212598016845,-0.023186045362392382,1.4563744679742725,-0.5034978197707644,1.7813514578952396,0.44451895013964043
974,32.48166666666667,tracked,1,1,0.1971022899780302,0.2564540259813277,-0.314178100632097,0.31826625225645416,-0.024473214323927628,1.4540209013966447,-0.499900495574365,1.7778084250758597,0.44788416411110793
975,32.515,tracked,1,1,0.18456701499778164,0.24037122312066708,-0.3121782389609804,0.32088939512484604,-0.02266977645574214,1.454081137614823,-0.5011767300343769,1.775033540208262,0.44826239586755645
976,32.54833333333333,tracked,1,1,0.19377742365665762,0.27693988761269017,-0.30996871777309026,0.3226028350897545,-0.021881777312187267,1.4620563962983877,-0.48154522781894493,1.764989802340828,0.44791964389182704
977,32.58166666666667,tracked,1,1,0.18192787235761493,0.16708556018240867,-0.31508230812462346,0.3246971935927881,-0.027275100532525465,1.4426306839657626,-0.4837963861127879,1.7754957089037542,0.45326488892173417
978,32.615,tracked,1,1,0.17095608220463676,0.22064578458347622,-0.31750409781721844,0.3277270841034014,-0.029139083741791416,1.4274529955506443,-0.5019749346970623,1.7751472057165478,0.45723405383562027
979,32.64833333333333,tracked,1,1,0.13230318247305228,0.2310109785082975,-0.3182236914887364,0.3294413773708271,-0.0301450823910967,1.4180232965004407,-0.4987090745992872,1.7777518970342325,0.45902795660076334
980,32.68166666666667,tracked,1,1,0.15051010694279615,0.24547391608596103,-0.31361604006779525,0.33182361548175243,-0.027061718790205025,1.4240703480155799,-0.5083522296584034,1.7694222253945493,0.4573776000232926
981,32.715,tracked,1,1,0.15212867465124913,0.22976262983245782,-0.31140715343275494,0.33386391221284056,-0.0242270907774077,1.42221622148465,-0.5164851930321471,1.7641757338841906,0.45719413711758317
982,32.748333333333335,tracked,1,1,0.20451762656282838,0.1945449792731346,-0.3140174040721628,0.3360230032520794,-0.027281906274053025,1.4151715734017538,-0.5151385210094368,1.7675540506904204,0.46071975341275867
983,32.781666666666666,tracked,1,1,0.20810945657171603,0.21671645264009431,-0.3165854808864656,0.3372956086314526,-0.031153650045158465,1.4044212261264026,-0.5088996345441843,1.7773208368764728,0.46364344514002664
984,32.815000000000005,tracked,1,1,0.08682435815485082,0.2598905477183582,-0.31505939675510214,0.3378480938079426,-0.03007513427678765,1.4148809564089124,-0.5058220531172315,1.7641477573107602,0.46293441401036073
985,32.848333333333336,tracked,1,1,0.11727320644290984,0.2207705405824711,-0.31803273563887596,0.3399786969337453,-0.03298144704328859,1.4005924245621693,-0.5094417177326225,1.7669622875352453,0.4667098789995599
986,32.88166666666667,tracked,1,1,0.17206728607006555,0.19818374125817978,-0.32105685180256566,0.3414844320485566,-0.0361431320330865,1.3955464232340207,-0.507198883525521,1.770249434258621,0.4701015267089238
987,32.915,tracked,1,1,0.16440786413194944,0.1659893952329096,-0.3205679739322473,0.3417399688430868,-0.035996791725178,1.3917563994318942,-0.5069623961572576,1.7710166016547775,0.46994233819736414
988,32.94833333333334,tracked,1,1,0.2276531384215218,0.17751852468773893,-0.3201415195630068,0.3448524606271412,-0.03555952933342921,1.3937966923522391,-0.5230526349074972,1.7723012394345647,0.4718880081916895
989,32.98166666666667,tracked,1,1,0.22363725993721925,0.18901789779301445,-0.31674763567511893,0.3445717190131174,-0.03275099136836318,1.4011813028327056,-0.5205713546944527,1.7604555207620962,0.46918158711211505
990,33.015,tracked,1,1,0.1943074101770502,0.19377898496655718,-0.3191394763685216,0.3455054484605753,-0.0355202770801461,1.3931016454740237,-0.5180403814057106,1.7627475912977277,0.47168390938908206
991,33.04833333333333,tracked,1,1,0.19148285179216554,0.16497303146071277,-0.3207925089627499,0.34708692409724623,-0.03794745355045326,1.385236978659154,-0.5177455432868912,1.766823162033591,0.47414889635732294
992,33.08166666666667,tracked,1,1,0.24377772891142327,0.2293510337081641,-0.31859034473562353,0.34883353622995245,-0.03498058556777894,1.387851075573657,-0.5331960037030155,1.7627437532426344,0.47371751616772806
993,33.115,tracked,1,1,0.16265588111565069,0.246615221904074,-0.3207957660629531,0.3495408768367912,-0.03786634457882743,1.3771118915872962,-0.5229998052999794,1.769165661274444,0.4759439128253583
994,33.14833333333333,tracked,1,1,0.23169602919259233,0.21489023804563281,-0.31983876683371343,0.35176864060858326,-0.035342451223283056,1.3822406793937103,-0.5383236665365082,1.7642719220413847,0.47674637087637206
995,33.18166666666667,tracked,1,1,0.2101760323650658,0.24066448390851028,-0.3185558393904462,0.3520674711383929,-0.034397059233834626,1.3852104636179507,-0.5365567527049188,1.7620912348062192,0.47603832275087976
996,33.215,tracked,1,1,0.22362430760059454,0.20632154451782397,-0.31961510360746725,0.3528769881553217,-0.036624045897177215,1.3851200774126036,-0.5356976771631242,1.7653687195454923,0.47751157468846933
997,33.248333333333335,tracked,1,1,0.1354446702526601,0.24745732156309697,-0.319259192018054,0.3536117895496911,-0.036412921110912766,1.384188560582197,-0.5390585580419731,1.7639294839521982,0.477800826935644
998,33.281666666666666,tracked,1,1,0.13842371876345175,0.16390860383099062,-0.31848047265877166,0.35475042845617505,-0.03575332321586189,1.3891682490757333,-0.5451926749984619,1.7604469489780494,0.4780752849455536
999,33.315000000000005,tracked,0,1,0.12497030851411291,0.2188635264265399,-0.32009007452874005,0.35942730612743645,-0.0381381141756153,1.3921006109783343,-0.5594719464925517,1.7567989848801786,0.48280447383460784
1000,33.348333333333336,tracked,1,1,0.14977279739099286,0.188421146959378,-0.3209954056599288,0.3555885683554683,-0.03978507788774299,1.3816810297520787,-0.5409875710540275,1.7640231772298567,0.4806913072049541
1001,33.38166666666667,tracked,1,1,0.20982062596739512,0.17114469613692687,-0.3217386103007552,0.35535924621658804,-0.041500511918599936,1.376088628160126,-0.5355597947751591,1.7625696819664924,0.48116340230673066
1002,33.415,tracked,1,1,0.1772746049694754,0.18178668530245817,-0.321916938307099,0.3550994627780134,-0.04289883218346441,1.371780891664454,-0.539082321703295,1.7618652986530923,0.4812135216688693
1003,33.44833333333334,tracked,1,1,0.13662092780662416,0.24030746170163858,-0.3219735316075387,0.3565389184951636,-0.043519751193502654,1.3745302226503904,-0.5547005432632459,1.7584882569004077,0.48237011122319345
1004,33.48166666666667,tracked,1,1,0.16241894688282726,0.21259291727713636,-0.3219680748273052,0.3564512505650971,-0.0452709555758844,1.374890078360878,-0.5598228209982146,1.7528809269276304,0.48246284277255647
1005,33.515,tracked,1,1,0.11135322081119374,0.19626182569125494,-0.3244669661558501,0.3550995856389894,-0.04992923759663881,1.3697103804662791,-0.5493704279614863,1.7575381907145278,0.48359844562854537
1006,33.54833333333333,tracked,1,1,0.14596854630682277,0.1257812938034542,-0.32644501305195356,0.3556239388452353,-0.053277767259532705,1.3714652178904971,-0.5555560459868905,1.7587052649701815,0.485667842162162
1007,33.58166666666667,tracked,1,1,0.17275086891981906,0.19532213951778454,-0.32574155251101383,0.3550829968577303,-0.05459611430820138,1.3716828499155151,-0.5688384051126514,1.756353909602982,0.48494559425497075
1008,33.615,tracked,1,1,0.12233501781427238,0.20603081462935746,-0.3293668703332163,0.35417538469249754,-0.05898915029422064,1.3676421879643839,-0.5557946568030732,1.7592849455144188,0.4872396312366334
1009,33.64833333333333,tracked,1,1,0.05270239744297466,0.27930438226479354,-0.32854153525394225,0.35274508327927695,-0.05966776816675273,1.3687543868749816,-0.5556500060698891,1.7538983077922248,0.4857251040688784
1010,33.68166666666667,tracked,1,1,0.20420701272306765,0.1836164460568838,-0.3320702250479287,0.352473133141864,-0.06512116335249185,1.3700369232581426,-0.552389867698928,1.7581858910693258,0.4886191869611816
1011,33.715,tracked,0,1,0.09705280362360846,0.16529975048809764,-0.33167551632320197,0.3570804049143624,-0.06654994601986769,1.3689921245034673,-0.5790097656345234,1.7598220228568409,0.49187799200341836
1012,33.748333333333335,tracked,1,1,0.11412905499048032,0.16901924074000862,-0.33187359793251725,0.35081565865870507,-0.06808394415333013,1.3645434682527853,-0.5594160774573854,1.762724503928476,0.48769574000219534
1013,33.781666666666666,tracked,1,1,0.12966806268811962,0.19822398494986168,-0.3307937550853623,0.3516983598235426,-0.0678738030332528,1.3744561415548562,-0.5791543898005579,1.7566935846826253,0.4875685570709431
1014,33.815000000000005,tracked,1,1,0.13955663309684582,0.1927205961145366,-0.33339016389406095,0.3501277591234263,-0.07258131183505362,1.3696918035344736,-0.5701586683963014,1.764560331283218,0.48888290614194946
1015,33.848333333333336,tracked,1,1,0.16707798495458454,0.1758916390011328,-0.33447987889051295,0.34895345642622055,-0.07556082365660799,1.3595432912623322,-0.5723938671446546,1.7668627167632582,0.4892389418332145
1016,33.88166666666667,tracked,1,1,0.2153878972094839,0.13653028780795892,-0.33397110626271764,0.3491114004258464,-0.07759986730927532,1.359897924068987,-0.588093836070872,1.768848091442973,0.4893232154027195
1017,33.915,tracked,1,1,0.19419998117768206,0.11012363632273331,-0.33465542860315367,0.34777447804499484,-0.08132529598307581,1.3549070366213551,-0.5876107459089178,1.7720508739873166,0.4894437120239303
1018,33.94833333333334,tracked,1,1,0.08314354154217474,0.18651642526063006,-0.33653752411385984,0.34860048816559297,-0.08462156537578125,1.3573337670747085,-0.5910777270280586,1.7694739470736172,0.49187459256666644
1019,33.98166666666667,tracked,1,1,0.13347285678104154,0.16794620452019882,-0.33785000199712123,0.3478077099445242,-0.08740419344829409,1.3635091677356512,-0.5924790116185911,1.767536419900643,0.4926990156055276
1020,34.015,tracked,1,1,0.09400317222402836,0.1945734376036624,-0.34069778249521376,0.34628461012709855,-0.09126192027703173,1.3588582724098996,-0.592655105176549,1.769069843723698,0.4942840765194484
1021,34.04833333333333,tracked,1,1,0.20834141081766638,0.17947920677048823,-0.33884122175938264,0.3451455513780061,-0.09195461899290613,1.3594824225847386,-0.5910960205819329,1.7667923955707294,0.49233573621417076
1022,34.08166666666667,tracked,1,1,0.12296750250525765,0.16790174036146174,-0.3409852909993863,0.3447627445422788,-0.09544739723247359,1.3548851163008024,-0.6038198735630702,1.7719019065093433,0.494208988526832
1023,34.115,tracked,1,1,0.15993582940339857,0.15196471124252342,-0.3426924109159172,0.3441367074420183,-0.09912474815361622,1.353577224591629,-0.5964183285121647,1.7764027853538478,0.4956751734804911
1024,34.14833333333333,tracked,1,1,0.17014502104648968,0.13967092311326954,-0.34206345089010437,0.3434705883872491,-0.09950409177191627,1.3559576431600615,-0.6032555983929434,1.769949746184006,0.49485403282309814
1025,34.18166666666667,tracked,1,1,0.154155031896676,0.089342503960158,-0.3406018169524711,0.34440310230522436,-0.09917206087301722,1.357726964216428,-0.6208238602322994,1.767947619362968,0.49442713542704037
1026,34.215,tracked,1,1,0.17149747002658178,0.14870539393088822,-0.3403229938986067,0.34197961906718316,-0.10207735932482181,1.3525128172803393,-0.6194160545885684,1.7731095259762375,0.4931425628762697
1027,34.248333333333335,tracked,1,1,0.11320757575067164,0.14330816406105606,-0.3416303406710418,0.3425550767827668,-0.10338776647286013,1.35809248050596,-0.6214317490541226,1.7731117075831675,0.49471638395438855
1028,34.281666666666666,tracked,1,1,0.10985469171834661,0.1612248204276907,-0.34265975103678314,0.3415312111146571,-0.10556932722389539,1.3572894303201328,-0.6169078771046181,1.7740206903799896,0.495180932585798
1029,34.315000000000005,tracked,1,1,0.0908049053686353,0.16865664272517222,-0.34518330707384565,0.3398077698847872,-0.10892869825167456,1.3641028116232798,-0.6103275658584644,1.7714654657937485,0.49647386362155427
1030,34.348333333333336,tracked,0,1,0.10114733088704267,0.16678418408592913,-0.3418812756379077,0.3450459090237034,-0.10892921654564147,1.3669800994660994,-0.6433634961165579,1.768359909636837,0.49780022115608197
1031,34.38333333333333,tracked,1,1,0.10183362733975453,0.18676924379872079,-0.344029232803214,0.33830047431616334,-0.11279452129589024,1.362159697530688,-0.6263444486561601,1.7798708415261546,0.49550572951286664
1032,34.41666666666667,tracked,1,1,0.11609341270880244,0.16089938400024426,-0.34617227966393616,0.3368419805264609,-0.11425543543155564,1.360583908118638,-0.619759222602725,1.7772331741056084,0.4963386662132716
1033,34.45,tracked,1,1,0.09372458803614067,0.1789595434571398,-0.34479804477839265,0.3368079768692457,-0.11378048131726426,1.3663661494848427,-0.6235051344386887,1.7819018943597436,0.49524872831189093
1034,34.483333333333334,tracked,1,1,0.12063422310934876,0.17802191764756456,-0.34621209703206635,0.33571173795229603,-0.11699169086401817,1.3640877717552127,-0.6204201001493688,1.7864131699853456,0.49623809090144827
1035,34.516666666666666,tracked,1,1,0.07960117787365972,0.15732596308233845,-0.34687663678647784,0.33601842854394065,-0.11696592705851966,1.370610024996526,-0.6270568670966995,1.7789810349010333,0.49690322353763855
1036,34.550000000000004,tracked,1,1,0.05752033561968741,0.18099382342450715,-0.34877683437984747,0.33455388516057344,-0.12067991076441364,1.3697826351283782,-0.6231401356965118,1.7835079634053528,0.4981317327155223
1037,34.583333333333336,tracked,1,1,0.037921632621309806,0.2275914090370087,-0.34917681067612744,0.3365720370439982,-0.1196289652514812,1.381704648532817,-0.6374761881538641,1.772711479288584,0.49951603634021474
1038,34.61666666666667,tracked,1,1,0.027302343057999594,0.22177253254514395,-0.34731981814285273,0.3353535808667846,-0.1198175344981931,1.3833752387901466,-0.6420685806046647,1.7727724837355179,0.49744278248677504
1039,34.650000000000006,tracked,1,1,0.09793125996958424,0.1950106672370598,-0.348577882625338,0.3351026788766445,-0.12165970216231087,1.3839176014150958,-0.6423153606571964,1.772282117884898,0.4985994672842016
1040,34.68333333333334,tracked,1,1,0.10421461525511164,0.1347897929328845,-0.3490389185233095,0.33429669064661993,-0.12362105181583355,1.3795213331021492,-0.63733097185875,1.7757769016916634,0.49886331642370374
1041,34.71666666666667,tracked,1,1,0.050866627759591804,0.21837309973356014,-0.34745187054395027,0.333306126275357,-0.12292464247433099,1.3828969104946975,-0.6434356825262011,1.770564997682176,0.496916737376209
1042,34.75,tracked,1,1,0.10130580771998184,0.1683573074202096,-0.35048822540427466,0.3333309980758095,-0.12825784289687847,1.3769945189823407,-0.6417425557082206,1.7837800818011302,0.500401463516858
1043,34.78333333333334,tracked,1,1,0.12318683807427681,0.12154809292603165,-0.3499777745996208,0.33282784603296284,-0.12724621744512576,1.3810849096246163,-0.6438415788033691,1.7796217461722195,0.49945011528954203
1044,34.81666666666667,tracked,1,1,0.045032222113766,0.24665627666897882,-0.3503744418736558,0.33254100489613186,-0.12895343931204617,1.378448905040758,-0.6434735660889265,1.7786784320479299,0.4999747583288686
1045,34.85,tracked,1,1,0.049505636641474525,0.20962609886401848,-0.3494797834666671,0.3311379568914993,-0.12804452404818567,1.383866147732668,-0.6464456997863273,1.7739369510084055,0.4981805553059165
1046,34.88333333333333,tracked,1,1,0.14456142179524176,0.16465264931562754,-0.3495051216544401,0.33266037643405166,-0.12962035561523533,1.3804175528109388,-0.6539344022486212,1.7764746359776606,0.4996180468135133
1047,34.91666666666667,tracked,1,1,0.09127364221722949,0.19490472990280672,-0.3504899887808577,0.3307362251048323,-0.13180108063731377,1.3747076141554826,-0.6433205300224392,1.779131518622502,0.49960104852708603
1048,34.95,tracked,1,1,0.12243504985558296,0.1132364112135075,-0.34870758233638516,0.3317426130798096,-0.13097989003423116,1.3707613560258625,-0.6533208623001623,1.7796653089712302,0.4988044415452677
1049,34.983333333333334,tracked,1,1,0.1043039908809084,0.09366419989270831,-0.3491033471473693,0.33259489902797335,-0.13260551640764184,1.3687064329107101,-0.657728071193264,1.782469312433694,0.5000767309430242
1050,35.016666666666666,tracked,1,1,0.12376918087900311,0.1588463707252959,-0.34807485625321677,0.33079451210397925,-0.13322370503887787,1.3652494827122665,-0.6554703747380625,1.7832452252559123,0.49832687101750106
1051,35.050000000000004,tracked,1,1,0.07169929401603264,0.19525844955472105,-0.34915918049057654,0.33103000635620533,-0.13509375295813048,1.3647230817995613,-0.6534291810193386,1.7845260258815698,0.4997432545991519
1052,35.083333333333336,tracked,1,1,0.06444522375269625,0.2236473623339369,-0.3508681438399008,0.3303506762623736,-0.13511057817766686,1.373089937530577,-0.6474513223973777,1.7759769447639076,0.500494647328189
1053,35.11666666666667,tracked,1,1,0.12249032828129103,0.15932866869678752,-0.34936317300724146,0.33081646279146004,-0.13350732683294303,1.378994272038251,-0.65244668762363,1.77318603857027,0.4993178997648887
1054,35.150000000000006,tracked,1,1,0.09789954663934639,0.17053630326385652,-0.34760834037209576,0.33029065996177653,-0.1351947062490933,1.3781597383565503,-0.6571246539227343,1.7782624646691672,0.49819783916834415
1055,35.18333333333334,tracked,1,1,0.1890231183316726,0.1353619589711106,-0.34952726180870536,0.32970318947621435,-0.13839935472727294,1.3932215314291938,-0.664666567982344,1.771498350992168,0.5000278805098824
1056,35.21666666666667,tracked,1,1,0.16169589318537803,0.1441417827338008,-0.35035308962661094,0.3303291819168968,-0.13803689704213162,1.39585452740323,-0.664757953856289,1.7606041533559844,0.5009179980613777
1057,35.25,tracked,1,1,0.12385847306395102,0.1374388903443422,-0.35144174781358806,0.32987363111716156,-0.13974121998920858,1.390845440845983,-0.663245628174596,1.7597722100131201,0.5018520929285472
1058,35.28333333333334,tracked,1,1,0.07541777261804747,0.12538075796789397,-0.35063656105722757,0.3294224753523341,-0.13920176251352362,1.3971622543774829,-0.6515433757469022,1.75183649044885,0.500841587634423
1059,35.31666666666667,tracked,1,1,0.08544917490777809,0.15831496589773153,-0.3518051927573575,0.3294157045351549,-0.13865678160425893,1.4044183801810548,-0.6385496921777847,1.733405237343302,0.5015050379909309
1060,35.35,tracked,1,1,0.17751637794715713,0.12329458138751065,-0.3508592664598744,0.32890758421449584,-0.14045433623253756,1.396981662013016,-0.6353826252042414,1.7308933604532435,0.50100882664989
1061,35.38333333333333,tracked,1,1,0.11466496092745054,0.1440253929758073,-0.349482061772737,0.32975484102203434,-0.1367578867935917,1.402077850078023,-0.638102321945489,1.7139450104311713,0.4995785086236588
1062,35.41666666666667,tracked,1,1,0.087378913603961,0.16775307136254086,-0.34963816134826103,0.32860965104525447,-0.1362288787622668,1.409780411240501,-0.627511899749498,1.7108928538680723,0.49878798505968536
1063,35.45,tracked,1,1,0.14347222746537458,0.15326606960765127,-0.35103279407230636,0.329069894025277,-0.13740407498687351,1.400239062272617,-0.6318450143847285,1.714255073981063,0.5003907448095095
1064,35.483333333333334,tracked,1,1,0.14843679234606338,0.18120388610422372,-0.34952780403167877,0.32985537256025455,-0.13596867207280083,1.4022703091418218,-0.6442765818385243,1.7092930002931146,0.49946144233895856
1065,35.516666666666666,tracked,1,1,0.13948476499949053,0.1388865013060837,-0.3505662430028044,0.3287374179374242,-0.1371275019842228,1.4002325822848674,-0.6370007300189972,1.7119289621635811,0.49976887906881423
1066,35.550000000000004,tracked,0,1,0.11610293334636101,0.1853315262821545,-0.3469515041527094,0.33528738624183974,-0.13560984449776187,1.398931537285877,-0.6590635164193084,1.7118476352592782,0.5011816113260934
1067,35.583333333333336,tracked,1,1,0.1406782422076667,0.14009452958025972,-0.35031401224718,0.32903506790605674,-0.13809838349294767,1.3958590316983062,-0.6394068923184594,1.7141691813950897,0.5000551435712125
1068,35.61666666666667,tracked,1,1,0.12340156888254862,0.11758290415882396,-0.3516259526877981,0.32797316864252646,-0.1394760390715512,1.3940721856086202,-0.6329738340339837,1.7179658840709309,0.5006603393800129
1069,35.650000000000006,tracked,1,1,0.15553046462892772,0.12175105634181166,-0.35105164380322923,0.3295644238493213,-0.13746250837839402,1.3978519200203654,-0.6441206697483434,1.713634911524309,0.5007453517445414
1070,35.68333333333334,tracked,1,1,0.12545062765949683,0.1455341201139952,-0.3522956980836735,0.32626682410313124,-0.1399787823287465,1.3937452045536078,-0.6269348408499744,1.7183889558624372,0.5001563344603814
1071,35.71666666666667,tracked,1,1,0.12947282223521994,0.15071063760193704,-0.3503797725535619,0.3286964747828521,-0.1374153994529856,1.3978466101769083,-0.6441971318867143,1.714778361480365,0.49969025361335945
1072,35.75,tracked,1,1,0.09522797144359639,0.1766351348300355,-0.34904284307092287,0.33007811146441923,-0.13646288701773013,1.3999090937644878,-0.6462009503317996,1.7100851890144226,0.49940423055893735
1073,35.78333333333334,tracked,1,1,0.08372648147707655,0.1690858883397508,-0.350549748233982,0.3296014218028037,-0.1379671064285768,1.3980111499097552,-0.6398772536005193,1.7130546441809815,0.5005568356316914
1074,35.81666666666667,tracked,1,1,0.1697848431091729,0.1589698268044878,-0.34911731725039763,0.3283299964619294,-0.13773569403781033,1.3961215971901262,-0.6387411649874332,1.7157615592690985,0.49865279422949454
1075,35.85,tracked,1,1,0.13898463650575496,0.1842211020785736,-0.34984982488851135,0.32869310468554463,-0.13691889580836675,1.3976050440634655,-0.6425029354306954,1.7085955793727547,0.4991801689487743
1076,35.88333333333333,tracked,1,1,0.1406013769164782,0.19724296061864324,-0.3509193844175891,0.32873933078184703,-0.1365085156508889,1.3968026515458076,-0.6425377111574956,1.7062445586045618,0.4998485138600747
1077,35.91666666666667,tracked,1,1,0.13774110391705677,0.1366558348217057,-0.3496670743113425,0.3285830584248276,-0.1373407065112875,1.3735311775809602,-0.6366003575022162,1.7049331568773958,0.49909554075977
1078,35.95,tracked,1,1,0.1354306681659058,0.15761920984121977,-0.3508329398240987,0.32968763375406496,-0.13712580824952053,1.369737081489962,-0.6340714359933861,1.7032315532579954,0.500580837431936
1079,35.983333333333334,tracked,1,1,0.08419231885454542,0.1705533362574777,-0.35167387428197994,0.32769442428927764,-0.13708575693146524,1.370283065748888,-0.6229604528793713,1.701268381311372,0.49985063200545393
1080,36.016666666666666,tracked,1,1,0.09277962421211577,0.16953272540855174,-0.35010921773455944,0.3277009742781409,-0.1375093628435975,1.3668691920777294,-0.6249017682549868,1.7046803213691069,0.4988719452476758
1081,36.050000000000004,tracked,1,1,0.12369174974852683,0.14059176710728954,-0.3500868044581532,0.32771466899516166,-0.13796657210683166,1.3633153676115477,-0.6289396648102386,1.7082114120839886,0.4989914327413239
1082,36.083333333333336,tracked,1,1,0.1047035747823603,0.15833830436963425,-0.3515581352202907,0.32758181968677075,-0.13763967857989517,1.3687755189268966,-0.6275661829448042,1.7066101284718602,0.49984762893149853
1083,36.11666666666667,tracked,1,1,0.14402026460048342,0.13095483120722065,-0.3514851433284295,0.3272659298515067,-0.13727201725839494,1.3698027396790298,-0.6173965050741659,1.7003756988799164,0.4994881395432398
1084,36.150000000000006,tracked,1,1,0.13778453555363987,0.17232411887005275,-0.35109624110439586,0.3283071154268384,-0.1375175327210299,1.3681173976847414,-0.6235436819821389,1.7023479493055753,0.49996520315238635
1085,36.18333333333334,tracked,1,1,0.1547558831297107,0.13349032575370426,-0.35191895370672205,0.3288950611280817,-0.13880055854436302,1.3672035305004024,-0.624869308982816,1.7068778114631515,0.5012828605335572
1086,36.21666666666667,tracked,1,1,0.1351013609811836,0.14666826475375536,-0.35137564192316795,0.32919264254605485,-0.13797672053438476,1.365396853418184,-0.6314188136518757,1.7065765953528176,0.5008694570971529
1087,36.25,tracked,1,1,0.1793511654072709,0.12929793940321946,-0.35201726388647825,0.32916903418442534,-0.1372667951493718,1.3714774852770775,-0.6276183446707099,1.7018702619932224,0.5011093495342204
1088,36.28333333333334,tracked,1,1,0.09582974029394825,0.1882936431529254,-0.35177480796281213,0.3278936236466131,-0.13856609678174897,1.3685819277084639,-0.6215115942964686,1.703500456623185,0.5004600954349
1089,36.31666666666667,tracked,1,1,0.09492542741287423,0.17333716699849316,-0.35052761931990795,0.32821088750271565,-0.1380120137486439,1.3636597667870027,-0.6337022722743061,1.707027457361361,0.49963918433241244
1090,36.35,tracked,1,1,0.12009542332296427,0.17867378814448984,-0.35080922142698323,0.32854888136733246,-0.13731734600973333,1.3682056867188002,-0.6267703621835042,1.7025093769236528,0.4998675132483491
1091,36.38333333333333,tracked,1,1,0.10195241913249686,0.18919552766591674,-0.3481267736733881,0.3265345640983451,-0.1357051735405797,1.3672394922046032,-0.6232267295681415,1.7012287498972412,0.49621866775124196
1092,36.41666666666667,tracked,1,1,0.16565465444180366,0.1327316480204696,-0.3519111819210047,0.32768380976654915,-0.13746188015802085,1.3700018326772525,-0.6208298717918246,1.701555789321562,0.5001139146641858
1093,36.45,tracked,1,1,0.06804804535130796,0.19172249010445727,-0.3508966500414399,0.3274459974076933,-0.13704112649880879,1.3714124155380618,-0.6228441673068239,1.7023681852913481,0.4991288516812932
1094,36.483333333333334,tracked,1,1,0.12480149370267908,0.17205690130683443,-0.3504364938171364,0.3283966122742338,-0.13664845209361165,1.3693882283284378,-0.6266266586283605,1.7005159291980436,0.4993224114854263
1095,36.516666666666666,tracked,1,1,0.19500667047751244,0.13005813762257687,-0.3524210303957016,0.32825558336130006,-0.1365818722665189,1.3687589462613268,-0.617525314490399,1.6957353060481468,0.5006065506012313
1096,36.550000000000004,tracked,1,1,0.1667155138554054,0.14168428997078514,-0.35083902992333,0.328878908148988,-0.1362531073658777,1.3705754202468605,-0.6250802880419662,1.6993050525382125,0.4998142359013708
1097,36.583333333333336,tracked,1,1,0.13588986269719502,0.14918736687869003,-0.3501600677164114,0.3291618001890423,-0.13614800843081426,1.3689986642674152,-0.6289005634281195,1.7007457857432977,0.4994955894965739
1098,36.61666666666667,tracked,1,1,0.16452644116126058,0.13361922081808247,-0.35279608436090615,0.3281409001113164,-0.1384741206639687,1.3657141180777175,-0.6202360990737177,1.7049612917416221,0.5013148806487914
1099,36.650000000000006,tracked,1,1,0.11834811241101822,0.15848576540146142,-0.35276437857127474,0.3272906524716841,-0.13818408683498717,1.3728697213116583,-0.6127486366503777,1.7032336762452627,0.5006562891231244
1100,36.68333333333334,tracked,1,1,0.19252360225817486,0.15860317120852827,-0.3527196203253207,0.3280544275026176,-0.13812183515319287,1.368437969032307,-0.6205205335715955,1.7042025737718052,0.501107253302718
1101,36.71666666666667,tracked,1,1,0.10388958282870228,0.16778018447280543,-0.34918601036357144,0.3280556067483681,-0.13648259295718063,1.3667267345299428,-0.6236384186541052,1.7023494001265478,0.49817552040719904
1102,36.75,tracked,1,1,0.10333330612866952,0.17265450255359638,-0.35075260497601085,0.3284375210266944,-0.13629756752997751,1.367904880372777,-0.6226734243590764,1.7042715073543844,0.49947534676919403
1103,36.78333333333334,tracked,1,1,0.10983266144007352,0.14579293943137056,-0.352223992695629,0.32808386476337076,-0.13657217276696926,1.3734322226829883,-0.6192298031181481,1.699937914479341,0.5003525973978862
1104,36.81666666666667,tracked,1,1,0.14327585297109638,0.17332726524112843,-0.3531834016833604,0.32775684916542414,-0.13838606496470324,1.370524779630755,-0.6146333062984017,1.7027960105616822,0.5013120489035662
1105,36.85,tracked,1,1,0.13196358651157689,0.17704718818615242,-0.3530477076213539,0.3276985116847387,-0.13764029791427318,1.3679533379329858,-0.6181840097149106,1.6999167645866775,0.5009729034858229
1106,36.88333333333333,tracked,1,1,0.14036105447319835,0.14094977038480266,-0.34961544715761445,0.32939090743796196,-0.13363060180638298,1.3694401985366658,-0.630736667093278,1.6954140593311966,0.4985844647932372
1107,36.91666666666667,tracked,1,1,0.12049646305975784,0.17441703316772475,-0.3517912966541259,0.32937560657344017,-0.13541603508082362,1.3747642045082151,-0.6238848776031894,1.6940299995819936,0.500582569776679
1108,36.95,tracked,1,1,0.1346093281298311,0.15805628330438629,-0.3509546609578805,0.3297487204600479,-0.13516012263160104,1.3740571466729248,-0.6308101833680821,1.6937674648722676,0.5001716219887821
1109,36.983333333333334,tracked,1,1,0.1355829503132799,0.14848304811239674,-0.35077672474271443,0.32864107714186763,-0.13706493844401413,1.3667996030257155,-0.6317284435792366,1.704146235816019,0.4998360386735378
1110,37.016666666666666,tracked,1,1,0.1264314692665979,0.14370285858677065,-0.35011282861097426,0.3299336991336776,-0.13399697107741415,1.3725426734282125,-0.6362286706490801,1.695709874156233,0.49939005480679216
1111,37.050000000000004,tracked,1,1,0.1406989138404523,0.12102670163252943,-0.35212236864415497,0.32884888503808857,-0.13561217606209214,1.3706226331401778,-0.6235277153759337,1.6981544528759653,0.5005221413550653
1112,37.083333333333336,tracked,1,1,0.14830161647721546,0.12570845325304508,-0.3557246375031899,0.3286507746733212,-0.13816386815101644,1.374894531508301,-0.6118715007008458,1.6983130667995145,0.5036274455215893
1113,37.11666666666667,tracked,0,1,0.10968497706135674,0.1644629964235568,-0.3499124440234413,0.33654646831426666,-0.13559425033224026,1.3714111306943895,-0.6470384509194956,1.7033107269839962,0.5040714676912649
1114,37.150000000000006,tracked,1,1,0.09391168566213162,0.14833362615953632,-0.3516234096282174,0.3276987903593078,-0.13588387839727184,1.3689859085052944,-0.621537108444885,1.6965122675661126,0.49948968739085225
1115,37.18333333333334,tracked,1,1,0.14431998922581427,0.14303316748026088,-0.3505589675700366,0.32972421320215184,-0.1346266781723932,1.3703534146911065,-0.6318030832115286,1.6968663185257118,0.4997339181917525
1116,37.21666666666667,tracked,1,1,0.05892690232997344,0.1594200686924176,-0.3506260531520701,0.32937261937012385,-0.13311241685824737,1.3727517507648073,-0.6310286878568951,1.692767449923718,0.49914313284024914
1117,37.25,tracked,1,1,0.08582410426838138,0.15168675548527136,-0.3515719203632883,0.3298272518553014,-0.13364077978902417,1.3780875857967618,-0.6287604142569404,1.6919862732377864,0.5002486274613547
1118,37.28333333333334,tracked,1,1,0.09769001451745388,0.12760779663760177,-0.35291557860026734,0.33017987461737924,-0.13439453534734425,1.3817984067097888,-0.6233366985123442,1.6915644545789954,0.5016273979283212
1119,37.31666666666667,tracked,1,1,0.1676755304904952,0.1620327587550193,-0.35157719284562877,0.3289294369731091,-0.13534072120891866,1.3706813555381014,-0.6283539367364791,1.6973451747250234,0.500118193884215
1120,37.35,tracked,1,1,0.13534421743760852,0.12300381562056853,-0.35167113858716725,0.32892866574036395,-0.13470998242778165,1.3749797024971324,-0.6271127010739425,1.6938420141829458,0.5000134360460966
1121,37.38333333333333,tracked,1,1,0.13063596107888786,0.1548577113164844,-0.3517626519497783,0.32853436849221207,-0.13428459316282548,1.374783938161574,-0.6249321539966197,1.6930888825267163,0.49970405896712805
1122,37.41666666666667,tracked,1,1,0.09788687529438708,0.19089785082396596,-0.3537937258874977,0.3291240677279648,-0.13491297118925105,1.3800338679017843,-0.6201200778396784,1.6900736718940161,0.5016913017287339
1123,37.45,tracked,1,1,0.15424085008176835,0.12798059748436846,-0.3524531071961288,0.32861192675612994,-0.13520298720524282,1.3759698864545657,-0.6246175502838253,1.6939927596815274,0.50048860019765
1124,37.483333333333334,tracked,1,1,0.18176307849400936,0.16777008429567392,-0.3513942591629354,0.32935859763289865,-0.13433880514492458,1.3754814516824412,-0.6316637315960837,1.6909515135354771,0.5000019257714352
1125,37.516666666666666,tracked,1,1,0.15416812348313744,0.17865132678635368,-0.3522388539666754,0.32753994661110164,-0.13451202393335732,1.373071037011825,-0.6219406444473914,1.6932548409726431,0.49944780653478527
1126,37.550000000000004,tracked,1,1,0.17697511336058502,0.1332902725385764,-0.3535163616195031,0.3285269957942572,-0.13620152856767564,1.3736162627198738,-0.6244532520415729,1.697335534878513,0.5014525513769599
1127,37.583333333333336,tracked,1,1,0.08328277446877241,0.17884540243404645,-0.35070370721523136,0.32855005705122275,-0.1334325315680137,1.3721841062388458,-0.6272521386991317,1.6947678990696469,0.4987408853538252
1128,37.61666666666667,tracked,1,1,0.09915118518308766,0.12603111330006417,-0.35167664158193274,0.3293697596040415,-0.13415793864206427,1.376143508506738,-0.6265417265274542,1.6929387355322125,0.5001592259237644
1129,37.650000000000006,tracked,1,1,0.1087801984862105,0.17682842676848348,-0.35375668428466184,0.32711807501263773,-0.13671953478667226,1.3702789005789404,-0.6136758875164661,1.6962059778286172,0.5008415496625013
1130,37.68333333333334,tracked,1,1,0.10239960114656264,0.19735089109811565,-0.35356305621169537,0.3289144355737984,-0.13751537314393653,1.3718027086906917,-0.622553998829151,1.7017073732805164,0.5020976184941539
1131,37.71666666666667,tracked,1,1,0.16219311459629052,0.11294210578243499,-0.35403371092593605,0.32895932783959786,-0.13747676008982046,1.3744179690147251,-0.6222980869763028,1.699311073553967,0.5024479748287014
1132,37.75,tracked,1,1,0.14481768530290703,0.12873869202860197,-0.35548438001622495,0.3290879812041499,-0.1389386521097195,1.3696178225742246,-0.6145276518626934,1.7034843334700291,0.5039563402305882
1133,37.78333333333334,tracked,1,1,0.08920920044914005,0.14145620062823186,-0.35467949901772283,0.32745234623034913,-0.13695523495829853,1.3717001485999085,-0.6108722615427699,1.6980525181489865,0.501776167686057
1134,37.81666666666667,tracked,1,1,0.13565152921560514,0.13108377381136577,-0.35258608219624915,0.32865072472499307,-0.13536222408780157,1.370235135762209,-0.6232940440260322,1.697327839908486,0.5006507524520057
1135,37.85,tracked,1,1,0.1167713378149405,0.14536975071303002,-0.3522946692632977,0.32796554251216464,-0.13560446185427388,1.3683666157393641,-0.6202501431009136,1.6965370031768103,0.5000614973594968
1136,37.88333333333333,tracked,1,1,0.1441089822232389,0.10140172907677564,-0.35330749815532875,0.32821672343411357,-0.13527433194947214,1.3762897129521252,-0.6169241595435966,1.6939499566679184,0.5008508267727817
1137,37.91666666666667,tracked,1,1,0.15503999095907017,0.1429853369672488,-0.35305757833484014,0.3279186160299914,-0.13567991624401776,1.3746235503852229,-0.6115474816551923,1.6958851878395944,0.5005889651507216
1138,37.95,tracked,1,1,0.16057997781041045,0.12822957326509926,-0.3541741805760507,0.32930507129540176,-0.13626406678964365,1.3737230710874833,-0.6199854824712626,1.6985789966665676,0.5024431072923969
1139,37.985,tracked,1,1,0.14966399568732197,0.104419589496629,-0.35270671494365086,0.328962507583991,-0.13573678450996296,1.372549081830715,-0.6227830524747845,1.699963623196323,0.501041747593345
1140,38.01833333333334,tracked,1,1,0.12096091827445903,0.14964535537883578,-0.35201053433643803,0.33076154225672344,-0.1330549371105864,1.3769551560556417,-0.6306698283129223,1.6919863948017222,0.5010171957222357
1141,38.05166666666667,tracked,1,1,0.13365031088578244,0.13009611872549526,-0.35103327807739726,0.3309582985071553,-0.13274767470628773,1.3755677863404885,-0.6379291919650206,1.6978488874632691,0.5003795587436012
1142,38.085,tracked,1,1,0.11050181047276117,0.1536024059303753,-0.35036157529154877,0.3298608595362513,-0.13325992627795757,1.3703523359999779,-0.6299937380015445,1.6999039329299395,0.49931916450941155
1143,38.11833333333333,tracked,1,1,0.18665826754893314,0.16461846869834876,-0.3503910912406818,0.33004065957355566,-0.13343702520410694,1.372088743081879,-0.6299878671109423,1.6987085069443475,0.49950594940191145
1144,38.15166666666667,tracked,1,1,0.10859957809359137,0.1522439802559264,-0.35170014200984323,0.3287697755600507,-0.13451232784362815,1.3698139771162712,-0.6229476503791763,1.6976458339117104,0.499876106203789
1145,38.185,tracked,1,1,0.13105608170180771,0.16818277024293277,-0.35088577673457705,0.3309829742042016,-0.13300724558638966,1.3766402890404408,-0.6284541069587274,1.6932933061672586,0.5003613543292136
1146,38.218333333333334,tracked,1,1,0.0850391378442903,0.1678702806723819,-0.351700845244112,0.33039908317015715,-0.1344266170543515,1.3723917918246336,-0.6274830263585209,1.7004503927092467,0.5009266953135763
1147,38.25166666666667,tracked,1,1,0.17297380864017647,0.11255651486149099,-0.3513146236176485,0.33040397245212905,-0.1328170116844608,1.3765531251943497,-0.627457190020959,1.6964728772438795,0.5002290559059394
1148,38.28500000000001,tracked,1,1,0.11604247749389152,0.12679237997931855,-0.3521578549753675,0.3302514489028329,-0.13432420968994158,1.3726596775313715,-0.624662128459406,1.7006592501260602,0.5011229067126146
1149,38.318333333333335,tracked,1,1,0.1555600621964406,0.07917001305549093,-0.3527893226379692,0.3300757344422371,-0.13429868241802845,1.372338163003445,-0.6251513745456172,1.7011628088348927,0.5014443465970654
1150,38.35166666666667,tracked,1,1,0.10066966674400671,0.16683340883466205,-0.35232913889551265,0.3317876091846137,-0.13387138022228828,1.372225727286538,-0.6387417273599725,1.6983430560930324,0.502135824419963
1151,38.385000000000005,tracked,1,1,0.13921251707181662,0.13040457056851798,-0.3539992548547918,0.3313181058732595,-0.13509966412215008,1.3755293674419857,-0.6266984044079214,1.6981037972633979,0.5033280033567673
1152,38.41833333333334,tracked,1,1,0.10385576783010261,0.1479080647151583,-0.3521004168038299,0.3308692472455279,-0.13458303605190874,1.3715465969491598,-0.6297178579115601,1.6996516756706905,0.5015593243866595
1153,38.45166666666667,tracked,1,1,0.1272523096972243,0.07785323731801355,-0.3509725128470544,0.3309763376850162,-0.13388537576386272,1.3734348165731125,-0.6313119680451558,1.6976045934519925,0.500651909738685
1154,38.485,tracked,1,1,0.1438681731449566,0.06970856525244948,-0.35053106023550146,0.33083527184467737,-0.1327413025601351,1.3730421702793287,-0.6338727887203542,1.6982343089928762,0.49994425158384176
1155,38.51833333333334,tracked,1,1,0.18050682892848785,0.09293687822902685,-0.3504066962648433,0.33041547281341094,-0.1336985799840612,1.3720492619515243,-0.6327662598371709,1.7024723390182432,0.49983452036799786
1156,38.55166666666667,tracked,1,1,0.20764207187040445,0.12317972203126659,-0.3514600876488199,0.32956672172093227,-0.1354695013402306,1.3732395015628098,-0.6209650334306848,1.7019022733388312,0.5004901628097892
1157,38.585,tracked,1,1,0.14663318424408356,0.12012636328368115,-0.35166048224941276,0.33074997899675884,-0.13430720173259886,1.3718043958128034,-0.630224050733494,1.6993959726248973,0.5010978625173799
1158,38.61833333333333,tracked,1,1,0.17945517691936644,0.1203993776783098,-0.35042904099702293,0.33143603139086336,-0.13239884702502747,1.3756773904067188,-0.6362759923262007,1.6972086045208605,0.5001797780516273
1159,38.65166666666667,tracked,1,1,0.16523199561530585,0.11575357143463008,-0.34914897131267714,0.3305669553653889,-0.13179288847953496,1.3735362834881137,-0.6340360890793466,1.6971916815513493,0.49854676972378714
1160,38.685,tracked,1,1,0.08869271413714704,0.18305094049234494,-0.3514700289750116,0.3304302687152886,-0.1342163795895323,1.3704722790265336,-0.6284420989160528,1.6997571186738867,0.5007288490800932
1161,38.718333333333334,tracked,1,1,0.12541440653447036,0.11187755020878123,-0.35193588201361437,0.32928414837735753,-0.13422878082259637,1.3730660581202567,-0.6235830003766595,1.6989298564007256,0.5003041884917844
1162,38.75166666666667,tracked,1,1,0.1286090642072079,0.15526442376829674,-0.3522961272315795,0.3298199232836658,-0.13444347241732202,1.3732910579513762,-0.6232535908517287,1.6971441090470583,0.5009678535922636
1163,38.78500000000001,tracked,1,1,0.15578896667739786,0.11471989829659499,-0.35167115709971347,0.33033851711891016,-0.1329257493397879,1.376443889370453,-0.6308987456847882,1.6945551905502225,0.5004651770760039
1164,38.818333333333335,tracked,1,1,0.13984606736722266,0.1767960901985129,-0.3510312655206932,0.3308002639170196,-0.13216255123220283,1.377220805890676,-0.6327497802011821,1.6942007148007179,0.5001186898415554
1165,38.85166666666667,tracked,1,1,0.12031055884018375,0.12170564760015044,-0.35095270376683907,0.3294549913986089,-0.13448142171952443,1.3693969299278872,-0.628435406815298,1.70067242660388,0.4997936018262106
1166,38.885000000000005,tracked,1,1,0.11612483402563435,0.17667409755113545,-0.35319645390496807,0.33047043547175725,-0.1356433275571392,1.370927680958721,-0.6243911054058091,1.7003636089606575,0.5023520240655057
1167,38.91833333333334,tracked,1,1,0.14391762678613848,0.08999646455601928,-0.35315113500664486,0.33088691712886004,-0.13495058133067345,1.3749761840203911,-0.6292074441301239,1.7011418117970232,0.5024077382813777
1168,38.95166666666667,tracked,1,1,0.1282098665013715,0.1673008083451199,-0.35364570397816014,0.32967574574357167,-0.1340568349045777,1.3738895458525402,-0.6237932090681134,1.6973097133912398,0.501719659031238
1169,38.985,tracked,1,1,0.12557352163601745,0.12221190471865667,-0.3493214255694247,0.3294638226186,-0.13154087260253822,1.3759347227582368,-0.6282627312671182,1.6946313938565865,0.4978703344660662
1170,39.01833333333334,tracked,1,1,0.18247629626480316,0.1147795919994587,-0.3528496458173095,0.3294200448291226,-0.13323429129155268,1.3752677150603152,-0.6217849557205054,1.6951316342488756,0.500771220084166
1171,39.05166666666667,tracked,0,1,0.10309763430359403,0.14242467385595764,-0.3475377974918453,0.3368928893141948,-0.13139239877337106,1.3664184746053523,-0.6548971860373048,1.7100379600813698,0.5015409275536442
1172,39.085,tracked,1,1,0.11743289059922699,0.1309156607593352,-0.35121417382554415,0.3284285240859831,-0.13229138068996682,1.375865329913687,-0.6215250700699094,1.6931232774386409,0.4987160522121926
1173,39.11833333333335,tracked,1,1,0.114988867651594,0.12416689605024223,-0.351449872591477,0.3289103210780413,-0.13138506840847952,1.375176969907966,-0.6226182836425217,1.696021104525441,0.4989599667878441
1174,39.15166666666667,tracked,1,1,0.12462387858258124,0.13321330747176052,-0.3502256484563811,0.3304618356825769,-0.13040560735715573,1.3776781729708178,-0.6264601318885447,1.6966910329923883,0.49886736925718017
1175,39.185,tracked,1,1,0.14350623598484835,0.15292993716548986,-0.3492151085744395,0.33009845939869453,-0.12906794048806308,1.3770694570079722,-0.6267112324671824,1.694366947592272,0.4975688075189997
1176,39.218333333333334,tracked,1,1,0.09189362459365906,0.1687528410104483,-0.3533644386830585,0.32842672591641703,-0.13464660088632746,1.3743874210505134,-0.6087554256448998,1.7045291256630222,0.500859509196154
1177,39.25166666666667,tracked,1,1,0.10995158755336087,0.15204824571194886,-0.35085747137309803,0.3290070506732565,-0.1310773933526877,1.3778302317703683,-0.6157638631189095,1.6957499264697375,0.4985257141403784
1178,39.28500000000001,tracked,1,1,0.13900706024454268,0.13664879822984938,-0.35000322506526893,0.3288579570833904,-0.13152130064491174,1.3739839488304182,-0.6219083374620444,1.699806291677827,0.49794343656331047
1179,39.318333333333335,tracked,1,1,0.1020945521717952,0.14205168802519452,-0.35116648275285733,0.32954211629540353,-0.1343058169650726,1.369056801819919,-0.6258794738476476,1.7103072842356175,0.4999539553720139
1180,39.35166666666667,tracked,1,1,0.14256093968634329,0.11503393293654282,-0.35402601786336335,0.3298797140704526,-0.13516064000042882,1.3742647308129377,-0.6191558762569672,1.7040347843668273,0.502417600890653
1181,39.385000000000005,tracked,1,1,0.15325324109037583,0.14944325064208244,-0.34986651863077156,0.33011054616911806,-0.13210760399844818,1.3688163646625542,-0.6294892236524988,1.7065287897151844,0.4988306051006697
1182,39.41833333333334,tracked,1,1,0.1320420376140636,0.150705501735615,-0.35091415820246197,0.32895947802750675,-0.13229702747339223,1.3723319116874713,-0.6213640969812598,1.7031059440177923,0.49885627999391535
1183,39.45166666666667,tracked,1,1,0.13515450476241958,0.15603617880306675,-0.3514743347341418,0.3282772582704317,-0.13305332806343034,1.371556082922138,-0.6170470687792535,1.7047985909732757,0.49900235909574026
1184,39.485,tracked,0,1,0.177357989265056,0.12371086494773961,-0.34543734001801785,0.3370600208033586,-0.13113887983157474,1.3648071100578245,-0.6483385013046224,1.7133823250370146,0.500133801403349
1185,39.51833333333334,tracked,1,1,0.18963250712502153,0.08030108165993813,-0.34896442862627164,0.33013463889171973,-0.1323692411488932,1.3686687984210042,-0.629880795076242,1.7062823780487841,0.4982837226369734
1186,39.55166666666667,tracked,1,1,0.12568871591120603,0.1326273426262212,-0.3492409403644364,0.3309435523931109,-0.13113852419005795,1.373637953637012,-0.6327949832373693,1.6986903189051,0.4986884616912186
1187,39.585,tracked,1,1,0.13888678309001992,0.06915518399322318,-0.34816630214149674,0.33020712113088246,-0.13142465007154824,1.3724988511941043,-0.633225658346466,1.705010024666392,0.49752281901321693
1188,39.61833333333335,tracked,1,1,0.10834404785947492,0.14669767257971028,-0.35194591173125295,0.3301531551560341,-0.1336562873500453,1.3720119523099397,-0.6237602091970327,1.7032319344116602,0.5007305001615391
1189,39.65166666666667,tracked,1,1,0.14489793115667146,0.15026131373920118,-0.34891272041928345,0.3315284403464745,-0.1307449050562547,1.3782407112892832,-0.6340635623036074,1.6994912157053723,0.49874384550299966
1190,39.685,tracked,1,1,0.10581490202559433,0.14746265531704633,-0.3478739331526334,0.3305603334642769,-0.13032786403840013,1.3739789466196815,-0.6326651760718466,1.7028009783585754,0.49726427538272694
1191,39.718333333333334,tracked,1,1,0.10452875871256326,0.1840356481327646,-0.3489734193401563,0.3287576982124665,-0.13043639976270227,1.3784170095879915,-0.6188396491110644,1.698517259850332,0.49686791597262064
1192,39.75166666666667,tracked,1,1,0.09893492631077866,0.1263529286692511,-0.35049245488017117,0.32899617202568654,-0.13383478638261032,1.3714347388026165,-0.6163642199214028,1.7036728893930717,0.49899418050871386
1193,39.78500000000001,tracked,1,1,0.1280183811557891,0.07309581005839877,-0.34814254550431034,0.3294339120625198,-0.13329845811937718,1.365771291827132,-0.6256523566137038,1.7132534335443539,0.49749212390151487
1194,39.818333333333335,tracked,0,1,0.154655895052451,0.10383926876377406,-0.34439871781482584,0.33701333844384573,-0.13002678108078786,1.3616636626916516,-0.6439117054475784,1.7121449739917578,0.49909461119089765
1195,39.85166666666667,tracked,1,1,0.14625876470424498,0.1525161434386748,-0.34873713800109446,0.3303624651902905,-0.1321430252892668,1.3697671513839165,-0.6279235978593661,1.7056993218643972,0.49821554467960966
1196,39.885000000000005,tracked,1,1,0.08121323376796624,0.14890256027054577,-0.35084227811969676,0.32927925025545063,-0.1329377804010266,1.3735881650618693,-0.6182608667258431,1.7042062530642932,0.4991869211257061
1197,39.91833333333334,tracked,1,1,0.113246504793734,0.14352364037123683,-0.34918668598960323,0.32984261124942776,-0.13264546042081704,1.3696842818458121,-0.627099939549627,1.7066241133069262,0.49831948390414504
1198,39.95166666666667,tracked,1,1,0.12383951147258926,0.1438106600358049,-0.3492753769518986,0.3298143254510558,-0.133561057306739,1.3658425032655697,-0.6271612051597991,1.710642550912125,0.49860739489754846
1199,39.985,tracked,0,1,0.09204177889527379,0.1701518010384314,-0.34244110147691464,0.3362101126256978,-0.12859812008484844,1.3625685143360833,-0.6467480564194847,1.7132145068173676,0.4968305790728506
1200,40.01833333333334,tracked,1,1,0.10714221102835021,0.15204275205426182,-0.3487414110549002,0.32960392538630023,-0.1312478007274992,1.3728593942843796,-0.6246566236833645,1.7013409312042176,0.49747894891183686
1201,40.05166666666667,tracked,1,1,0.1512277412279194,0.12437306629323994,-0.34992321933606535,0.328901071224616,-0.133250141640754,1.3690765950158887,-0.6190751089841763,1.7069007542509358,0.4983751341414387
1202,40.085,tracked,1,1,0.09739338597361082,0.12216095442956841,-0.3468110013179556,0.3290449274642104,-0.1299304918538789,1.370200109452719,-0.6264704504341252,1.7021173245129635,0.4954092930481637
1203,40.11833333333335,tracked,0,1,0.18462168340288154,0.10880028467794484,-0.3421513822352544,0.3367816119723119,-0.12851060708227025,1.3646325905949412,-0.6461992898460751,1.7131049846185473,0.4969953708645762
1204,40.15166666666667,tracked,0,1,0.15614665725169613,0.14136891505734334,-0.3414473357892616,0.3365093033344265,-0.1274326367970675,1.3622389484059245,-0.6515537591587777,1.7128822615925896,0.49604825498056054
1205,40.185,tracked,0,1,0.12827557038584686,0.14814171238582924,-0.3422212975569005,0.3365887688801827,-0.12820647362862114,1.3620271024302673,-0.6472737376464449,1.7144200859970182,0.496834294023764
1206,40.218333333333334,tracked,1,1,0.07729127391298486,0.17881593838236715,-0.34755298375000593,0.3303307334185609,-0.13126709765070954,1.368313256314274,-0.6315558628670638,1.7032745854371854,0.4971343086933521
1207,40.25166666666667,tracked,0,1,0.11392703950658,0.1471810919173553,-0.3419310406507202,0.33670421733401457,-0.12787616310413202,1.361728054788092,-0.6494345514303645,1.7141541254813473,0.49662750590480825
1208,40.28500000000001,tracked,0,1,0.11406818874910359,0.1457959793337784,-0.33956049950228245,0.33611510062801425,-0.1258690105305062,1.3628297679942867,-0.6505135526312978,1.7132578204715807,0.494082686910145
1209,40.318333333333335,tracked,1,1,0.13550183656586387,0.10374759661429178,-0.3482073946663278,0.32836620023519025,-0.13072279690542393,1.372244021687824,-0.6224861305994837,1.7038929114133703,0.49614635017098085
1210,40.35166666666667,tracked,1,1,0.15892254996913605,0.115687091263765,-0.3483698474950094,0.3288432972589238,-0.13055155115716155,1.3764799165372699,-0.6169691544188889,1.6979153986140243,0.49653113931087745
1211,40.385000000000005,tracked,1,1,0.18669762312915128,0.08291205337885194,-0.34569614046826014,0.3283951007628662,-0.1308856638808482,1.366650057633072,-0.6272006867216875,1.7059872709613013,0.49444941171896895
1212,40.41833333333334,tracked,1,1,0.1705105982046304,0.10335645521318806,-0.34768698084220157,0.3285311116147507,-0.1328050242912992,1.3648033603250485,-0.6247656122981324,1.7130601233385552,0.4964434533992787
1213,40.45166666666667,tracked,0,1,0.19075485430623873,0.09155532225403246,-0.3401547664481768,0.33704281604910075,-0.1257689627580431,1.3655989002936195,-0.6487129282054547,1.710027204812657,0.4950969167556547
1214,40.485,tracked,1,1,0.15549292301976425,0.08104025758333283,-0.346662229086084,0.32828444669283185,-0.13086387342804356,1.366807281297262,-0.6230335695242459,1.7055049045488422,0.49504619217194507
1215,40.51833333333334,tracked,0,1,0.08845329281880383,0.12168913891854412,-0.3398350138061983,0.3370272137348317,-0.12539577292679943,1.3628195749483054,-0.6501439956178535,1.7120431351655532,0.49477194673347474
1216,40.55166666666667,tracked,1,1,0.14508148948237282,0.14043673047985883,-0.34588776975904045,0.3286993214608386,-0.1293373581832849,1.3723099393281666,-0.6236923326647082,1.7037613220171852,0.4943781401109175
1217,40.585,tracked,1,1,0.09800649219108142,0.17942840496591306,-0.3485792673426166,0.32847547744036704,-0.1314068930263373,1.3726238877704027,-0.6175716153299781,1.7028924276769961,0.4966602625896577
1218,40.61833333333335,tracked,1,1,0.14097963590216278,0.09889557605314189,-0.3461389523479813,0.32838229965744237,-0.12987558890967316,1.369134848337028,-0.6252900324109691,1.7042650783313131,0.49448435531925855
1219,40.65166666666667,tracked,1,1,0.1269179385073103,0.13086510219817465,-0.3496528080184104,0.32633755852810375,-0.13348798917112992,1.3674349782328088,-0.6099131355530578,1.7096032603081335,0.4965605013633229
1220,40.685,tracked,0,1,0.14642049308395638,0.13681773200562103,-0.33901594339248853,0.3367214684440965,-0.12474785814010858,1.364781290567928,-0.6485450157204442,1.7137261323126562,0.49383720525694735
1221,40.718333333333334,tracked,1,1,0.12281150511592283,0.16765974977470638,-0.34536977289320214,0.3295078770868479,-0.12893708641475232,1.3710707410334482,-0.6322407153493672,1.7053768899942359,0.49444968737345624
1222,40.75166666666667,tracked,1,1,0.11537432609333308,0.1437415598322584,-0.3452540288306569,0.3291963537454554,-0.12805380777467695,1.3692063470227622,-0.6320646028158122,1.7007779202772229,0.4939315351632218
1223,40.78500000000001,tracked,1,1,0.2109777957168163,0.09883068457737071,-0.346779955102428,0.32854593633997087,-0.13073541363712654,1.3633089192786931,-0.6245002943964569,1.7049489217068943,0.49526812730602876
1224,40.818333333333335,tracked,1,1,0.08983360132983999,0.20412464180557754,-0.3448630865177114,0.32702916693351086,-0.12732779435379094,1.3657135043677526,-0.625314603484943,1.6970646801475922,0.49202742980727193
1225,40.85166666666667,tracked,1,1,0.1197981240418549,0.13604726604602635,-0.3449462856945263,0.32900168338383645,-0.12792045906662408,1.3644876500003866,-0.6350846700951556,1.7000902246912843,0.4935521163278137
1226,40.885000000000005,tracked,1,1,0.109060802683824,0.15261188940128045,-0.34729155245510657,0.326952101749002,-0.13063407279950828,1.3639704622565285,-0.6183951260124538,1.7076905585693725,0.4945445988189084
1227,40.91833333333334,tracked,1,1,0.17613693036708997,0.12726441844542577,-0.34969778399634865,0.32803921135958686,-0.13166898560285978,1.3672559627767458,-0.6181267072693775,1.704018669395881,0.497227298215879
1228,40.95166666666667,tracked,1,1,0.15169288787642882,0.1423941464823954,-0.34947986233151596,0.32828723953143,-0.13039596045915475,1.3706405829109465,-0.6159527268841022,1.7015031676105554,0.49690219592842144
1229,40.985,tracked,1,1,0.08816601326496157,0.1589711851844198,-0.3482803833339113,0.3284958117161565,-0.13062935448404278,1.3644667862106774,-0.6283039133924817,1.7059979956253666,0.4962587550695609
1230,41.01833333333334,tracked,1,1,0.16717134630362215,0.08324057869811971,-0.34894973921479466,0.32775674801765853,-0.13176916214655082,1.3651724722948988,-0.6207941759255542,1.709398844291896,0.49654155763841973
1231,41.05166666666667,tracked,1,1,0.12874545291093914,0.06294097972063104,-0.3460356898345916,0.328247311209615,-0.13019747749867955,1.364251771819578,-0.6267727659741544,1.7096325952676288,0.4944070985561015
1232,41.085,tracked,1,1,0.1876199114408068,0.10341399940095619,-0.3505909672414373,0.32865258341465253,-0.13218057148459705,1.367330451574646,-0.61772044883832,1.7080776354184446,0.49839567652057976
1233,41.11833333333335,tracked,1,1,0.17241145520212245,0.13598225437394132,-0.3475198390187655,0.3293902160426597,-0.13120556552102464,1.3599883165053352,-0.6371777764185947,1.7105082591902878,0.49647039525026126
1234,41.15166666666667,tracked,1,1,0.11968889752185101,0.12728166045348538,-0.34863988828648224,0.3271705215529811,-0.13274406489780838,1.3641485270227311,-0.6291660246690745,1.7152833467101796,0.496196844652658
1235,41.185,tracked,1,1,0.11805781769441942,0.1449130406179619,-0.3500944427422956,0.3273445927332347,-0.13186955833624536,1.3646908786733019,-0.6237837584530584,1.705207273153034,0.49710178197882393
1236,41.218333333333334,tracked,0,1,0.07359261180804659,0.18791962806013518,-0.34058454549762085,0.336808474343949,-0.12552464614332504,1.351559953761478,-0.6564817750383601,1.7126675826913853,0.49517089758095284
1237,41.25166666666667,tracked,1,1,0.06690529110675043,0.17814478592419808,-0.34737118044071724,0.3288607929251481,-0.12966386248350353,1.3541327866863928,-0.6352721118043803,1.6939317031616872,0.4956095997438663
1238,41.28500000000001,tracked,0,1,0.08651149210263255,0.16282788010332266,-0.3411981330895239,0.3359406702445166,-0.12590038889694644,1.3469154429546892,-0.6583299223443505,1.6999716793091957,0.49509918993320307
1239,41.318333333333335,tracked,1,1,0.039906410426615385,0.22909507808826882,-0.3477430986589269,0.32859169691883094,-0.1289729048808032,1.3585202844981683,-0.6483740468343671,1.6938450532800988,0.49551163068317755
1240,41.35166666666667,tracked,0,1,0.0895316110558057,0.17802195575231866,-0.3409669992432799,0.33586910338285575,-0.12491820707800111,1.3507230831892019,-0.6636613458423684,1.7064956790419186,0.4946424038027397
1241,41.385000000000005,tracked,1,1,0.15983353740987577,0.12390532213179556,-0.3482567837356786,0.32791556850122017,-0.1288995757494994,1.362468398154037,-0.6475874720700436,1.6929406332148424,0.4954053977418883
1242,41.41833333333334,tracked,0,1,0.06865066619627773,0.2076727685232702,-0.3419895507930481,0.33629213951700454,-0.12660923873867252,1.3487466443447629,-0.663482791042314,1.7083812984072122,0.4960636605180241
1243,41.45166666666667,tracked,1,1,0.08292501582039696,0.18518964126558307,-0.3464181354761189,0.32858911989063,-0.13024809344296495,1.3467431579392648,-0.6511182366210362,1.700766158411924,0.4949150433587332
1244,41.485,tracked,0,1,0.07325465709509493,0.18063515628035587,-0.3388473523470054,0.3362789555181482,-0.12437314823769974,1.3419891803599333,-0.6695228787767098,1.701548489012532,0.49332519104492234
1245,41.51833333333334,tracked,1,1,0.13385445907950955,0.12581086525511004,-0.34658235391405173,0.32798575068987834,-0.13002983970797638,1.3409410312684116,-0.6608972358228321,1.6944941463054233,0.49457227976777074
1246,41.55166666666667,tracked,1,1,0.1005648058104965,0.16134210785316683,-0.34812430790952675,0.3286911625241489,-0.13043996380530914,1.34626413875552,-0.661285293602678,1.6905321649530662,0.4962287761068415
1247,41.585,tracked,1,1,0.09689989867656706,0.15990238802145584,-0.3461982868387621,0.32960035672488835,-0.12890622566051407,1.3457040962691045,-0.6685608055253031,1.69152609374847,0.495082280007381
1248,41.620000000000005,tracked,1,1,0.16449941985203123,0.14544979446176434,-0.34602411166957925,0.3285661715675617,-0.13014652883050093,1.3440845428658683,-0.6603141024577796,1.692841097148608,0.4945973452434963
1249,41.653333333333336,tracked,1,1,0.15706020649076785,0.1471458098395269,-0.3442637720496497,0.3288508633693584,-0.12824508985505267,1.3459890274470465,-0.6652086435134462,1.6895529119034156,0.4930590615297078
1250,41.68666666666667,tracked,1,1,0.17264025309871028,0.13429366336005816,-0.34560895228941435,0.3295796811311972,-0.129373071279984,1.3456641965443137,-0.6685006549310275,1.6935388806127438,0.49477844101127133
1251,41.720000000000006,tracked,0,1,0.18585682027336578,0.10549788810300112,-0.3376885746832836,0.33598264204857553,-0.12322407098108606,1.3386467079764166,-0.6845943630201238,1.6979379311523053,0.49203869857839494
1252,41.75333333333334,tracked,1,1,0.1344099138996349,0.09551427664058953,-0.34718635332591324,0.32790851154030864,-0.12948004683270437,1.3448355512448456,-0.6602501057234026,1.6887411587408754,0.4948004025909093
1253,41.78666666666667,tracked,1,1,0.16104636507215267,0.10638126950885232,-0.34781429402342107,0.32757346617231786,-0.1310482542261816,1.3421380208579081,-0.6603068235844249,1.6899607907874088,0.49543193659965784
1254,41.82,tracked,1,1,0.10743133152370285,0.17108284050277897,-0.3490179587009275,0.3272044945704403,-0.13202633015602616,1.3405620777642075,-0.65442254869286,1.6946590387677953,0.4962935307026756
1255,41.85333333333334,tracked,1,1,0.17079827476469092,0.10882168960515029,-0.34907366660390493,0.32638568843049437,-0.13230705964725104,1.3403722335062138,-0.6512285456156379,1.6954810060446035,0.4958681279947756
1256,41.88666666666667,tracked,1,1,0.13439075029492314,0.06854665231277221,-0.34659695651183337,0.32792743684054027,-0.12894898683399492,1.3435357457138153,-0.6654978936056417,1.6907064384642583,0.4942607563843058
1257,41.92,tracked,1,1,0.09448718402986868,0.10093675832491815,-0.3453663455137033,0.3286950735398152,-0.12910379383670678,1.341880036620438,-0.6724675005342509,1.688231554451668,0.49394954556702053
1258,41.95333333333333,tracked,1,1,0.14837367089222167,0.08270275959930537,-0.34863662938412837,0.32741576196813893,-0.13165095644312658,1.3450418561193203,-0.6590349026244087,1.6888163837697052,0.4960650712012418
1259,41.98666666666667,tracked,1,1,0.03869876509012584,0.19764748534742316,-0.34877290804345845,0.3280016804294297,-0.13268127857662965,1.340647055809998,-0.661525586501359,1.6915268795054241,0.4968218648915823
1260,42.02,tracked,1,1,0.14727035672410585,0.14863006749910093,-0.34955262660807235,0.32852526390083525,-0.13207411104925249,1.3427582575911172,-0.6575712929098287,1.6864522320416673,0.4975534731053198
1261,42.053333333333335,tracked,1,1,0.10834685536920652,0.15866384792455573,-0.34646391533675497,0.32949554188742464,-0.1296167321599308,1.3419162442721064,-0.6699101358591671,1.6839122621120919,0.49538374419229886
1262,42.086666666666666,tracked,1,1,0.13172487021275286,0.1696861008391845,-0.3477953678167606,0.32708489794440176,-0.13099549625485746,1.3419554880227602,-0.6543128117224019,1.6824550440209873,0.4950817794841089
1263,42.120000000000005,tracked,1,1,0.12134880357494864,0.18733770887971946,-0.34723401863323344,0.32749618191971663,-0.12932777977264587,1.3427793498886895,-0.6599029445451422,1.6781448747038203,0.4945208665861319
1264,42.153333333333336,tracked,0,1,0.06339467856163235,0.2060784841217968,-0.3394836325160605,0.3354870098174263,-0.12601132618105848,1.3301254497114305,-0.6837173220280488,1.6890609521683493,0.4936390633129094
1265,42.18666666666667,tracked,1,1,0.11133862101154844,0.12211062356813783,-0.3438052113035682,0.32818403988833844,-0.12744735997896717,1.33832344734254,-0.6682813840460565,1.6783387635195377,0.4920870013752956
1266,42.220000000000006,tracked,1,1,0.12912744118396038,0.16560561520889147,-0.34767653239492036,0.3271192475304555,-0.13095713225063432,1.3361746884120889,-0.6539564952446867,1.6852563572925063,0.4950108521743313
1267,42.25333333333334,tracked,1,1,0.11684298382950581,0.15041436243548628,-0.3454606214230087,0.3282784588528569,-0.12876906090975565,1.342215252024626,-0.6661814494210323,1.678570985400833,0.4936509480881796
1268,42.28666666666667,tracked,1,1,0.14893704785319714,0.13497917934964507,-0.34642390881667456,0.32807496054577096,-0.13042794604842295,1.3358561681649015,-0.667617475743803,1.68766653814716,0.4946252656783145
1269,42.32,tracked,1,1,0.09291801233715356,0.15325724133186636,-0.3496830114855965,0.3269766277231889,-0.13289931334762495,1.336418187162567,-0.6552037441421175,1.6855905692492819,0.496844191962767
1270,42.35333333333334,tracked,1,1,0.12762809020873683,0.15274441082281598,-0.3477455911298965,0.3288368821457456,-0.13041420213269267,1.33715242713906,-0.6694953688523526,1.6840041390238403,0.4960529763316847
1271,42.38666666666667,tracked,0,1,0.14643343196244257,0.1260237494253197,-0.34040007551405355,0.33632694241736316,-0.12592566091734153,1.3223681002622045,-0.6918167979193068,1.6947541977201817,0.4948184471937712
1272,42.42,tracked,0,1,0.14507030943333946,0.16707567885407124,-0.34075529086838185,0.33653741631270084,-0.12551049333699582,1.3219577109005647,-0.6929435273496373,1.6940666488309768,0.4951004794694909
1273,42.45333333333333,tracked,1,1,0.14945469833914618,0.11049491785616597,-0.3484671259961878,0.3273382714759696,-0.1307205019429093,1.3243345727810454,-0.6690837037336199,1.6870489253068037,0.4956485967912395
1274,42.48666666666667,tracked,1,1,0.16461486913286996,0.12641422372964953,-0.3463202508588823,0.32927764048091784,-0.12842512466068184,1.320886285761011,-0.6865271534316277,1.688025422376483,0.49482774105717986
1275,42.52,tracked,0,1,0.11349505333902399,0.1553004966734564,-0.3379493374547774,0.33661095838689614,-0.12170337576342638,1.3226341899720566,-0.703744228576889,1.6884924176584686,0.49226862957584605
1276,42.553333333333335,tracked,1,1,0.14591060467979675,0.15392084438756923,-0.3464994020329707,0.3283932541844944,-0.12793068509466748,1.3194685691755688,-0.6817545116185293,1.6888335731634245,0.49423701317473095
1277,42.586666666666666,tracked,0,1,0.10251865621309736,0.16118075764153927,-0.3378805095944781,0.33684060177257025,-0.12027964753364462,1.31684514760122,-0.707335546563549,1.687461617680958,0.4920284782176223
1278,42.620000000000005,tracked,1,1,0.047028052611782736,0.18350905227543318,-0.3458689928598511,0.32743000714551945,-0.1254642283814948,1.319201403812024,-0.6762752153871592,1.689341620235898,0.49252110858781123
1279,42.653333333333336,tracked,0,1,0.07919190205463322,0.17759969848532198,-0.33708832637337166,0.3364439974364397,-0.11923745431332983,1.3115356583834454,-0.7156909195747418,1.6931670336964149,0.4909589328032796
1280,42.68666666666667,tracked,1,1,0.14184993230393297,0.08738375520877434,-0.3441283751634717,0.32876436192274455,-0.12363386335523724,1.3150441800565722,-0.6954154788959093,1.6911865961226586,0.4917272378374641
1281,42.720000000000006,tracked,1,1,0.11856065314745615,0.10238140538788523,-0.3451449235972128,0.32903901538318814,-0.12322792127485466,1.3202360699432396,-0.691380945858817,1.6879053897275085,0.4925208752032604
1282,42.75333333333334,tracked,1,1,0.1735840727273336,0.10536695789286696,-0.34382196889086203,0.3306130593589767,-0.12071309867491925,1.316232317999565,-0.7024743715198726,1.6864868005328426,0.4920266186929239
1283,42.78666666666667,tracked,1,1,0.11791305270866334,0.07312705455141072,-0.34173727049623076,0.3316218967757787,-0.11642394778188248,1.3165541397312748,-0.7169698953542671,1.6834926829951447,0.49021625848649464
1284,42.82,tracked,1,1,0.09121211919290564,0.17304029196225,-0.34012887561416283,0.33034061303816303,-0.11450441976839731,1.3120519227349283,-0.7100036785994657,1.6869319356074366,0.48777436873567
1285,42.85333333333334,tracked,1,1,0.11779577549109971,0.17889506647138687,-0.34192512226172317,0.33164360647436497,-0.11396447166515122,1.3062212856411195,-0.7087814471437169,1.6903410142413366,0.4897838010295306
1286,42.88666666666667,tracked,1,1,0.06880147775613674,0.22222122329152197,-0.3428603881618981,0.33108612680098337,-0.11245516244854892,1.300754569868198,-0.7050311364232,1.6915653596615574,0.4897115811290701
1287,42.92,tracked,1,1,0.05781723681890881,0.17185043649944087,-0.34090592648064777,0.33259141013454946,-0.10841320264172316,1.3032965780025014,-0.704714386673748,1.6848991588008315,0.4884540094133247
1288,42.95333333333333,tracked,1,1,0.16005614852566835,0.1714936662608566,-0.3406413003403132,0.3336892924082896,-0.10522067799972129,1.3003112277920406,-0.7040333425406262,1.6863879803785744,0.4883200082366127
1289,42.98666666666667,tracked,1,1,0.09282824000081179,0.1314773890039614,-0.33637114244696786,0.3340359429906598,-0.10088696748777998,1.293070552141113,-0.7176276828918756,1.687534818060785,0.48466868775444744
1290,43.02,tracked,1,1,0.14059357240276185,0.1305870139206172,-0.3399074160402086,0.335106473430944,-0.10111594955228081,1.2911213729995203,-0.7118909913292025,1.688121882333937,0.4879117084763542
1291,43.053333333333335,tracked,0,1,0.20084909944191365,0.09297529446668124,-0.33195409469241216,0.3437697746868569,-0.0917309992918312,1.287847379347847,-0.7476251830305034,1.6886081018916057,0.4866063657643509
1292,43.086666666666666,tracked,1,1,0.12986007565175953,0.19542805720820774,-0.33603085899531315,0.3371377355567432,-0.09073762378293793,1.3007269930228564,-0.7243848267199485,1.6732331661316766,0.4845739441026834
1293,43.120000000000005,tracked,1,1,0.12424835228972804,0.10136733068114705,-0.33513108244463313,0.33847881579082867,-0.08784847900407727,1.2989967471712982,-0.7221605314244415,1.6772387525924466,0.4843532867886859
1294,43.153333333333336,tracked,1,1,0.12657481215181346,0.15688383472343984,-0.33380762670509667,0.3396899716612234,-0.08636380220074269,1.2981801350837192,-0.7251287301255561,1.6784949131022162,0.484020159522577
1295,43.18666666666667,tracked,1,1,0.1270214556590685,0.08563174021566564,-0.3349628539698958,0.33972290407754313,-0.08393751966603336,1.298372417057902,-0.7179455455838639,1.6752837604345183,0.4844143601321321
1296,43.220000000000006,tracked,1,1,0.11886946017102971,0.19927135480156594,-0.33584645782692546,0.34154394689643885,-0.08325975991688633,1.2957121943932741,-0.7211270175855784,1.6755381507542497,0.48618648533038006
1297,43.25333333333334,tracked,1,1,0.18008665138281596,0.06784851435471323,-0.3320217629139245,0.34207376842933523,-0.07810174251603452,1.2927633167534531,-0.7320121464003791,1.6720519377791947,0.4830660371832796
1298,43.28666666666667,tracked,1,1,0.1677819873082702,0.10925655226197206,-0.3304294006699,0.3441896012782153,-0.07452079329071915,1.300850870864801,-0.7356416172314069,1.6671102850375548,0.48291139879671946
1299,43.32,tracked,1,1,0.16904471974115115,0.1581627933794147,-0.32851455158235116,0.34326410326322027,-0.07289233322340483,1.2873714158794538,-0.7394229513543911,1.6758881280809268,0.4806925706032993
1300,43.35333333333334,tracked,1,1,0.01153194779216905,0.30935610988187434,-0.3283847441553844,0.34385061021255403,-0.06972613009348227,1.290114127796957,-0.7352287510705464,1.668083876590923,0.4805533430903964
1301,43.38666666666667,tracked,1,1,0.09732799659952358,0.18974421543515835,-0.32691178908166874,0.3451956253255406,-0.06752823227318328,1.2866813518363631,-0.7408300232091483,1.666124278260718,0.480199333338156
1302,43.42,tracked,1,1,0.134658243634893,0.2200586855971953,-0.3290663420529814,0.3453949463152283,-0.06769190738652431,1.285513809243082,-0.7370439309085738,1.6706155998473047,0.4818345366802332
1303,43.45333333333333,tracked,1,1,0.12472655312324978,0.1498060317663536,-0.32556331005799627,0.34768086261400155,-0.061513832010158365,1.2882957073959376,-0.7536783275260278,1.6664168885495305,0.4802680528751722
1304,43.48666666666667,tracked,1,1,0.1507674193156939,0.15465760612226073,-0.32728105165723204,0.3473578710019297,-0.0617087890806452,1.2828182784775697,-0.7355396931363796,1.669073107088129,0.4812258845601061
1305,43.52,tracked,1,1,0.09817829885612711,0.15591263019290008,-0.32553151646544815,0.34915085510921284,-0.05774299555144802,1.2845710407786608,-0.7481696634436266,1.663458670429404,0.48084440453336197
1306,43.553333333333335,tracked,1,1,0.17305783439286065,0.09371255261721978,-0.3222800997544867,0.34935729924308834,-0.052586438559197646,1.2780600762120025,-0.7504037126792538,1.6643778029843284,0.47820531025128415
1307,43.586666666666666,tracked,1,1,0.02587262342693797,0.3081051903865655,-0.32241260105605246,0.3502208550128749,-0.049724192138307644,1.279007121044614,-0.744341922347452,1.6584379256270723,0.47861992007174725
1308,43.620000000000005,tracked,1,1,0.1845174078197212,0.06271773467359956,-0.32223614574985193,0.3514857299424506,-0.04720821963507815,1.2795136039666426,-0.7496889191362082,1.6567883553924423,0.47917321292201936
1309,43.653333333333336,tracked,1,1,0.19002413822192815,0.08465262226162429,-0.31917383759763907,0.3525660772127456,-0.041739089346345404,1.2754050961447274,-0.7568553288118215,1.6512176920715735,0.47740646098209644
1310,43.68666666666667,tracked,0,1,0.14335425977781768,0.08828996242701984,-0.31698985225500476,0.3591854551224261,-0.03762899612681736,1.2720513977308239,-0.7770140499179844,1.6613314991983419,0.4805337646343555
1311,43.720000000000006,tracked,1,1,0.12322242597686629,0.14529173999795253,-0.3184829287393598,0.3540989408361698,-0.038200768097665094,1.2709332508187594,-0.7463249711997474,1.660494490966644,0.47778314587577175
1312,43.75333333333334,tracked,1,1,0.12024851798116148,0.2133701778517414,-0.31408926937735604,0.3549219151037776,-0.031920598723729765,1.2681531689057384,-0.7584290806044618,1.6572698257746568,0.4750163782248101
1313,43.78666666666667,tracked,1,1,0.09640901990652348,0.24523472280218497,-0.3145983656537922,0.35610956103308533,-0.029172757453595544,1.265434793684578,-0.7536624159264926,1.654769429238219,0.47606428232819586
1314,43.82,tracked,1,1,0.14322182591148822,0.17433256343101136,-0.3137787984572323,0.35769087527823024,-0.025285215027049113,1.2663192744850713,-0.7539855542284308,1.6485661109343197,0.4764863468322413
1315,43.85333333333334,tracked,1,1,0.13563468050627325,0.183499772609027,-0.31116176748680896,0.35856363067689456,-0.02149586084955274,1.2552616087232857,-0.7616542605772578,1.6562406654098571,0.475238461010233
1316,43.88666666666667,tracked,0,1,0.16898733812296163,0.1638443238264643,-0.30879951449451126,0.3653835812738344,-0.015119010322825477,1.2570834284845471,-0.7874604094100591,1.6549729963187636,0.478634397102507
1317,43.92,tracked,1,1,0.19010410332248184,0.10361180249897478,-0.3092519591020275,0.36132502443319514,-0.014673191267211672,1.256964065291213,-0.7639683466105789,1.6502700064376241,0.47582333909977065
1318,43.95333333333333,tracked,1,1,0.15057689844870828,0.1931180561180003,-0.3061661196666146,0.36221073492574457,-0.009812171863779584,1.2553001157997574,-0.7697217946402474,1.6498820055133123,0.4743738905587492
1319,43.98666666666667,tracked,1,1,0.17482777225800383,0.1431804843239835,-0.3073861363821538,0.3627467893393519,-0.008701810679984268,1.2546177996252215,-0.7594287772683259,1.6487690957273777,0.47554935761187445
1320,44.02,tracked,1,1,0.07845959169701354,0.2600437729689789,-0.30614634023265325,0.3639889085754536,-0.005507440342081282,1.2656727901664755,-0.7662288195058712,1.639183504927631,0.4756509635256918
1321,44.053333333333335,tracked,1,1,0.18494639388853354,0.12250175080652351,-0.30469930211833507,0.36384331715572615,-0.002697058080810777,1.254643853046784,-0.7616692846727781,1.6454409210826506,0.4745849747648718
1322,44.086666666666666,tracked,1,1,0.1739063432045548,0.14872648029096716,-0.30271208802089783,0.364928057180545,0.0006293927901671048,1.253804310532558,-0.7650336064119163,1.6420742209180355,0.4741386836009304
1323,44.120000000000005,tracked,1,1,0.17732851005334588,0.18300191021220924,-0.30263105040335375,0.3654141063655665,0.0020708897587537467,1.2519975643365855,-0.774549957442509,1.6480934702184078,0.4744652889132942
1324,44.153333333333336,tracked,1,1,0.07626652242241429,0.3117263804073775,-0.30242565703393703,0.3654575134177746,0.0033695684131809234,1.255393164707224,-0.7583230820004062,1.6397976965712924,0.474375195533243
1325,44.18666666666667,tracked,1,1,0.1527363237268105,0.15664481912831363,-0.3009023739596631,0.3661214439238303,0.006555874446360077,1.2612885102876201,-0.7611708547018751,1.6353921119960373,0.4739516112908445
1326,44.220000000000006,tracked,1,1,0.1696961659731074,0.20648920199258122,-0.29979842451940253,0.36607421217137104,0.009888081076891875,1.2610899680584204,-0.769777544545445,1.636366748531283,0.47327285819978
1327,44.25333333333334,tracked,1,1,0.13808663588938208,0.20608379723119297,-0.30054194348731167,0.36588865711102825,0.010059391197570322,1.2585389344381668,-0.7686156681293455,1.6392118927207444,0.4736044346803647
1328,44.28666666666667,tracked,1,1,0.18363850866032458,0.17272218553698146,-0.29902664300219006,0.3656626170333295,0.012574935813075894,1.26156936494968,-0.7698392614621147,1.6382880723958777,0.47252958820747465
1329,44.32,tracked,1,1,0.1707707534480875,0.17365445628678283,-0.29858586928596215,0.3659821157812124,0.014579687247992967,1.2628979882265121,-0.776409838700916,1.6363639676377504,0.4725558143639709
1330,44.35333333333334,tracked,1,1,0.14735650711887976,0.2058504948926354,-0.2978601487273897,0.3654707146187887,0.016002882557733078,1.2648113669447119,-0.7725189316303557,1.6322019852047638,0.4717473939451361
1331,44.38666666666667,tracked,1,1,0.10517951867569875,0.2235987245889116,-0.2987925528283026,0.36546778542879366,0.016109138945558765,1.2661932267970046,-0.77154116624262,1.6353016502196165,0.47233801050672186
1332,44.42,tracked,1,1,0.09275746123005926,0.2570863119810637,-0.29737009693108957,0.36505899927211405,0.01886041673893346,1.2646037514555901,-0.7812731728001837,1.6361728891713225,0.47122474767135186
1333,44.45333333333333,tracked,1,1,0.17641460714889295,0.18098530915141275,-0.296164416745492,0.3644456888761959,0.02090205568182757,1.2629196387319754,-0.7832934331729476,1.6367970945761412,0.47007543843341637
1334,44.48666666666667,tracked,1,1,0.16200165965316118,0.17973864517868318,-0.29623390395331906,0.3639581984540094,0.02237518192609611,1.2636186812666557,-0.779005221636012,1.6373083505977415,0.46980926431855113
1335,44.52,tracked,1,1,0.16508564198066902,0.1832439250907755,-0.2946472904185662,0.3635240422317157,0.025706764923547676,1.2696323659313014,-0.784571271885138,1.6314569790063556,0.46864442042376186
1336,44.553333333333335,tracked,1,1,0.16293454362371024,0.15950003885118075,-0.295783559878179,0.3629690934977026,0.02513350907258194,1.270928329849187,-0.7737169510589424,1.6319424503761801,0.4688988914542813
1337,44.586666666666666,tracked,1,1,0.1676278081974924,0.16499151089159708,-0.29592011494263726,0.3622296636038953,0.025894467920597963,1.2673412567612117,-0.7744646534774478,1.6369991166425548,0.46845444505431444
1338,44.620000000000005,tracked,1,1,0.1593927142898179,0.21730788929232017,-0.29492595819387285,0.36125057340976563,0.02837907973653181,1.2719687938495987,-0.7823537142068119,1.6335152882448156,0.46721373029069996
1339,44.653333333333336,tracked,1,1,0.17406152081287643,0.19230531337713228,-0.2938843339954381,0.35980345026945526,0.029642114013705312,1.2782104324489165,-0.7798625465278216,1.6338257122707462,0.46551603572481587
1340,44.68666666666667,tracked,1,1,0.1778260837590938,0.10841791894961106,-0.29499067265545426,0.3588099546599489,0.029696145220749315,1.2807318433674035,-0.7735549297833271,1.631233593212421,0.4654524052551064
1341,44.720000000000006,tracked,1,1,0.18286614818879193,0.1153023253174984,-0.2951518039909178,0.3580780098882217,0.03042625808389149,1.2738785142962825,-0.7794347335607689,1.6322383829557474,0.4650378540996315
1342,44.75333333333334,tracked,1,1,0.16715165748370325,0.11873675154384361,-0.29609444097991205,0.3569420719333655,0.029814333040345753,1.2717124810954838,-0.7754676145552772,1.6399487341600258,0.4647240634504858
1343,44.78666666666667,tracked,1,1,0.18995068616884386,0.09645015684068431,-0.29401795557286003,0.3559006450633922,0.032237589429897295,1.279855310421738,-0.7755371827056803,1.6359416316973419,0.4627646156827827
1344,44.82,tracked,1,1,0.18219937240614284,0.15059061990902825,-0.2943626419441906,0.35469599846050043,0.032698329185426755,1.2775671122992367,-0.7876385810045681,1.639572109737546,0.4620906805246927
1345,44.85333333333334,tracked,1,1,0.14310879448157185,0.1629357616647045,-0.298517350224193,0.35428281125007666,0.029195243645209035,1.2805190350206301,-0.7765577352026456,1.6390494818708587,0.46419961329543785
1346,44.88666666666667,tracked,1,1,0.15195769688248117,0.21936297712974379,-0.2974893854700141,0.35249404763334663,0.029083975371711424,1.282039929166822,-0.7744773919095495,1.6415307814605633,0.4621664913293574
1347,44.92,tracked,1,1,0.14744144857260585,0.19386103747826425,-0.29545763578532697,0.3513924157687549,0.03062469977281762,1.283885939501848,-0.7750274847645534,1.6393278349475222,0.46011924176221064
1348,44.95333333333333,tracked,1,1,0.13817050855378132,0.18687867119049667,-0.29566376314977605,0.35016375991815096,0.03210225665826877,1.284303903042208,-0.783506370041153,1.6348732044324883,0.4594151439411382
1349,44.98666666666667,tracked,1,1,0.20518317333400268,0.07464375601801446,-0.29738562333199475,0.3489830270486862,0.02992397934416824,1.2804264115026713,-0.7791106635028501,1.6423805470197883,0.4594810188380074
1350,45.02,tracked,1,1,0.18132607558256134,0.14649226632017395,-0.2976078447256465,0.347787535815887,0.030315834878499204,1.285977215454286,-0.7784950610971594,1.640999983303922,0.458743554892613
1351,45.053333333333335,tracked,1,1,0.20116560129676117,0.09337022699104477,-0.2959928136386836,0.3467894568247773,0.03201994393151897,1.2845596118875018,-0.7834996131991706,1.6382872282433276,0.45705574047368247
1352,45.08666666666667,tracked,1,1,0.14974864376138086,0.15865177755217147,-0.2986692282166888,0.345720716943267,0.030155690601873564,1.2807153106233258,-0.7763644903821731,1.6455002082757688,0.45785968121575743
1353,45.120000000000005,tracked,1,1,0.16087949100004265,0.14482091934472527,-0.2971689042379591,0.34445318771274985,0.03210947328490571,1.2815919077980025,-0.7845273799234516,1.643168586205431,0.45605742450496106
1354,45.153333333333336,tracked,1,1,0.14050602476372326,0.19713006164989494,-0.2970799360178732,0.34315281271606957,0.032628376020983174,1.2798092934990621,-0.7896580701001709,1.6486789139974296,0.4550548891959081
1355,45.18666666666667,tracked,1,1,0.18541692321812997,0.13389913034067907,-0.2970875756281094,0.34179000184289904,0.03360192947474239,1.2889017058188572,-0.7806302801708468,1.6453007537787636,0.45410408786618744
1356,45.22166666666667,tracked,1,1,0.10290061372686002,0.24348980305820575,-0.2973426250068005,0.34097670837715105,0.033963850072653234,1.28524308293597,-0.7883742974820954,1.6452659955658169,0.4536863403425423
1357,45.255,tracked,1,1,0.14733007046113883,0.162157913713039,-0.29720804319896654,0.3391884446919948,0.034776508553572394,1.28404030110668,-0.7878383179730003,1.64673956963774,0.4523171757759259
1358,45.288333333333334,tracked,1,1,0.12392676202229617,0.2303877608344146,-0.2967808996286784,0.3371007168990272,0.03538224948523194,1.2857715993825167,-0.7815077652321395,1.6478976894165285,0.45051936617295485
1359,45.32166666666667,tracked,1,1,0.10253798027620824,0.28077612817089936,-0.2918222260550036,0.33475452223496155,0.040241568167561026,1.3012378901980748,-0.7836711054538212,1.644447402638351,0.44591499816112873
1360,45.355000000000004,tracked,1,1,0.12618858917018458,0.2866992842878838,-0.29512130544128207,0.33260541687011674,0.03772050791333731,1.3003992339181394,-0.7710703118884645,1.6499111619732503,0.4462575321201322
1361,45.388333333333335,tracked,1,1,0.06446871671132445,0.2972880618980145,-0.2966378918490007,0.3304004677531066,0.036903055410105357,1.2959337051571478,-0.774629198651818,1.6504735364367318,0.44555621808105467
1362,45.42166666666667,tracked,1,1,0.1178327876310434,0.19319945718700984,-0.2944516866156581,0.32855819377540774,0.03918658243770351,1.3022475102927096,-0.7796360546449319,1.6464608272713626,0.4429309999208805
1363,45.455000000000005,tracked,1,1,0.16668961925311604,0.14726225545634347,-0.29578197693096137,0.3267768041572283,0.038732330871106335,1.3060378369552086,-0.7802402575741498,1.647028622229148,0.44245932136989513
1364,45.48833333333334,tracked,1,1,0.11292380734314768,0.23517098912577916,-0.2949876066668035,0.32439143185507846,0.040017149079728254,1.305522422844522,-0.7939036381764973,1.6540356482320568,0.4402827061882694
1365,45.52166666666667,tracked,1,1,0.13115259142483543,0.1747540705455527,-0.2963146665831323,0.3223273413308765,0.03828621411958161,1.3016271782941036,-0.7859752407865591,1.6632595780837434,0.43950327734081196
1366,45.555,tracked,1,1,0.18831171305222094,0.14940174678878243,-0.29622348382964403,0.31983689393492865,0.03847255579454312,1.3152921824078527,-0.7797002486191836,1.6597325322134675,0.4376346977142905
1367,45.58833333333334,tracked,1,1,0.2054644136411072,0.09495047271976384,-0.2951662848922652,0.31746037804426325,0.0398536966701829,1.321134130218143,-0.7818228025756824,1.6623344623852612,0.4353074137932725
1368,45.62166666666667,tracked,0,1,0.22631663998606216,0.07629362048198723,-0.29571592895132226,0.31800972796223675,0.04172053603458231,1.3278543551503166,-0.8124806532388583,1.6606852292794458,0.43625531611794965
1369,45.655,tracked,1,1,0.183754306431912,0.11820625611482741,-0.2954449767641973,0.3124819810514998,0.039940370788054735,1.3255474253763675,-0.7863700731607827,1.6647690576069916,0.4318888236522847
1370,45.68833333333334,tracked,1,1,0.22236749813159568,0.01612497780956168,-0.2964109294578696,0.31010240242545867,0.039116850540195314,0.7497509628176142,1.573287464874722,2.591311192816906,0.43075871098365875
1371,45.72166666666667,tracked,1,1,0.0648039747423356,0.2831226923257377,-0.29784094385118376,0.30752262862260815,0.03814834695015462,1.3362764460352343,-0.7796656517825459,1.6702684759208464,0.42980773762713015
1372,45.755,tracked,1,1,0.1664272386352778,0.1577955556905712,-0.2966192232391051,0.3049537510760398,0.03942979132029506,1.337794852812786,-0.7821765915976313,1.6694818985317574,0.427240520472812
1373,45.788333333333334,tracked,1,1,0.1330135115336776,0.14991635261732403,-0.2975200546445903,0.3021877209382344,0.03914662765874494,1.345984185677458,-0.7782927002855373,1.6661037201868123,0.4258732910838817
1374,45.82166666666667,tracked,1,1,0.15963757979134424,0.1494197156085909,-0.2962580751588341,0.29933514474315215,0.03987159901027992,1.3575288061235877,-0.7716267003475137,1.662921276917255,0.4230367837231862
1375,45.855000000000004,tracked,1,1,0.10265339006771693,0.20584819396804352,-0.2961454390481553,0.29645057158174076,0.0402249220333859,1.3559785565394205,-0.7706757747153059,1.6712812229582348,0.4209549938090264
1376,45.888333333333335,tracked,1,1,0.24303331517000337,0.09365066396909072,-0.29120775107401864,0.2937478580590251,0.04385551139213184,1.3681698145655528,-0.7741299685616078,1.667228605848937,0.4159483913652247
1377,45.92166666666667,tracked,1,1,0.128294713354876,0.2245459601143063,-0.2939197111710962,0.2906574913994999,0.0420239748093561,1.379086095964287,-0.7713642135220314,1.6704698392295978,0.41549559369544264
1378,45.955000000000005,tracked,1,1,0.11458684081329357,0.23339657886509546,-0.2954104958624425,0.28819475014759244,0.041634541570846284,1.3744454685975716,-0.7719589835255063,1.6727005654720624,0.414797553187265
1379,45.98833333333334,tracked,1,1,0.19687858711969555,0.09020980203262599,-0.29752752873147237,0.28532555692463785,0.04039471007587497,1.3742369882661876,-0.7748737434453259,1.6746237163202455,0.414204099918779
1380,46.02166666666667,tracked,1,1,0.19207232838787627,0.09991617318390003,-0.29635962433349144,0.28237087773183245,0.04241876563519492,1.3856099179888852,-0.7695879940248024,1.6706881977676844,0.4115357714757579
1381,46.055,tracked,1,1,0.13582655546919967,0.18450790334620434,-0.2952477556603391,0.2795809844348809,0.043829982880253304,1.3859943088764721,-0.7742682112870533,1.6758007894211033,0.4089716756443259
1382,46.08833333333334,tracked,0,1,0.14013768815640315,0.127481891324756,-0.29359997540082083,0.28029918401169385,0.046862440564561236,1.3926571013992222,-0.7965378731532885,1.6792400027292507,0.4086131011710846
1383,46.12166666666667,tracked,1,1,0.2346006725920498,0.02946900335183511,-0.2884142468641006,0.27403610501751346,0.050016871315511635,1.403170995515082,-0.7717085283957483,1.6800815206789204,0.40097412892049344
1384,46.155,tracked,1,1,0.23216860648374102,0.09867444173452763,-0.29100144948030404,0.27102225332670954,0.04933816900106819,1.402810616284273,-0.7698758355287619,1.6817917141988221,0.4007108188186376
1385,46.18833333333334,tracked,1,1,0.1568291102884224,0.1741171727059802,-0.2924385523214083,0.26763579075038774,0.0486206115625577,1.396498140255653,-0.7698958811603085,1.6882250983223954,0.39939102048386554
1386,46.22166666666667,tracked,1,1,0.12639619465384577,0.1683378290217799,-0.2898542866966478,0.2651152587938585,0.05073327518311316,1.4066418522576885,-0.7688253454470492,1.6875177436335744,0.39607508527116747
1387,46.255,tracked,1,1,0.20206433981944044,0.09686923127870639,-0.2901185208441592,0.2621353460669612,0.050386898689873394,1.413050319340186,-0.7560022734523546,1.6901164219848015,0.3942366489229938
1388,46.288333333333334,tracked,1,1,0.12600616284817168,0.19310664380680975,-0.2880736791775312,0.25899356838245524,0.052584633647172085,1.418860212494508,-0.7654839693207772,1.687764737840361,0.39093382661796355
1389,46.32166666666667,tracked,1,1,0.08542096084845939,0.2684429493971454,-0.2900665015618019,0.25602670802878297,0.05141705154597509,1.42234775419793,-0.7571178449081962,1.6924453239275046,0.390297276114041
1390,46.355000000000004,tracked,1,1,0.10750368981043246,0.208083516135403,-0.2899547225068993,0.2530986929859682,0.0520032568249007,1.424079568565818,-0.7550131876663827,1.6933813050363495,0.3883774301058893
1391,46.388333333333335,tracked,1,1,0.16038607686969666,0.07712186988618899,-0.28984144344510004,0.25025551619972386,0.0527113085359911,1.4291818511906251,-0.7576268606021269,1.6916341441377871,0.3865415472808917
1392,46.42166666666667,tracked,1,1,0.12287977546184951,0.1711778914115678,-0.28977980357212757,0.24730227813932662,0.053231979527638806,1.4336648609876437,-0.7631045086549888,1.6921329524736406,0.38466140302301277
1393,46.455000000000005,tracked,1,1,0.15025885997099442,0.16044430429400397,-0.2900954630046565,0.2449328746853717,0.05311649050097894,1.4363411628048854,-0.7640106521148758,1.692777252522629,0.38336516837170614
1394,46.48833333333334,tracked,1,1,0.17692616915572335,0.11468315202889523,-0.29009974000058486,0.24214619932931009,0.053371955011299155,1.4376333587826062,-0.7519056147000283,1.6975761878736344,0.381629672037913
1395,46.52166666666667,tracked,1,1,0.20641182013329262,0.06516055421332922,-0.2864822691506829,0.2400742781865933,0.05615620068158833,1.4413799439167367,-0.7551023803393221,1.6949161733229146,0.37796993062878553
1396,46.555,tracked,1,1,0.2320928365268866,0.007058584428590725,-0.28882871686344685,0.2371315941772592,0.05480846246247656,1.447364053068108,-0.7499384847724755,1.6972797540511715,0.37770012999671343
1397,46.58833333333334,tracked,1,1,0.23261332526482634,0.04583398092846544,-0.28998133000729914,0.23460694482813962,0.05413616727823356,1.4423982167336364,-0.748809145479898,1.7027274825732044,0.37690889472387457
1398,46.62166666666667,tracked,1,1,0.13920834324380704,0.16276579190181883,-0.28876021447415634,0.2326931721042893,0.054831555970657364,1.4459263829163604,-0.7470880317834728,1.6989534101334738,0.37488007860818706
1399,46.655,tracked,1,1,0.21337458266749937,0.08123635988228511,-0.29149566307613134,0.23056109932587326,0.05388168099246737,1.444720067959648,-0.7512647543827138,1.7040625976149886,0.3755414459964741
1400,46.68833333333334,tracked,1,1,0.15339492859257076,0.15209132827028693,-0.2896659987846848,0.22846437450287294,0.05635575292921441,1.4478636860368634,-0.7648981673875773,1.7000875157106572,0.3732001234688122
1401,46.72166666666667,tracked,1,1,0.19397406269567563,0.10351547816313866,-0.2897318000164544,0.22679437065945768,0.05610058820723185,1.4469109162061229,-0.7556747392013238,1.7029292824540974,0.37219279748645273
1402,46.755,tracked,1,1,0.18523671938131916,0.10322208165230243,-0.28921630995871134,0.22521280868409052,0.05670920428237097,1.4510606041355412,-0.7566714256727265,1.7033451484424857,0.3709215779539522
1403,46.788333333333334,tracked,1,1,0.15582401493745715,0.11232118473767297,-0.2869988000060428,0.22397975052939895,0.05797536589462299,1.4557698358690314,-0.7486591574051785,1.7010330802495597,0.36864126587067775
1404,46.82166666666667,tracked,1,1,0.22139463064267195,0.046959700865744636,-0.28762108601548264,0.2225445377898864,0.05779854486400865,1.4470529865664048,-0.7500181138269658,1.7085341554825162,0.36822904856792144
1405,46.855000000000004,tracked,1,1,0.21705026130351676,0.048880081666787395,-0.28677416753370727,0.22090948290797902,0.059142946243185224,1.4580818243046945,-0.7463331856215997,1.7027307094224169,0.3667946440362042
1406,46.888333333333335,tracked,1,1,0.23050613031570047,0.017050516241961494,-0.284611886108699,0.21955809906471038,0.06130058328642929,1.4618178833436248,-0.7562896857756883,1.7035657296532472,0.3646470157433304
1407,46.92166666666667,tracked,1,1,0.15153283069807935,0.09632433112092409,-0.2872223743774414,0.21753014169122367,0.05960122751207175,1.4632035108464694,-0.7424652837487213,1.7022086219986434,0.36519633241335364
1408,46.955000000000005,tracked,1,1,0.23745359722415818,0.028669928376420767,-0.28768937986535775,0.216082422444312,0.05920535056165821,1.4608013355648966,-0.7410770248628847,1.7091705515623428,0.36463963870079324
1409,46.98833333333334,tracked,1,1,0.2916371819565977,0.039186041845748365,-0.2847427432055654,0.2147674051766937,0.0611223676888607,1.4622407096154704,-0.7497347826596987,1.7087217199133635,0.3618555125550155
1410,47.02166666666667,tracked,1,1,0.19593538738877203,0.09107813645311835,-0.2815153128836119,0.21345910742811275,0.06328158493472746,1.4657264849571003,-0.7445789214360762,1.7125293969963602,0.3589153394936132
1411,47.055,tracked,1,1,0.25060806961555554,0.06593937963889623,-0.2762939024067307,0.21196376325092833,0.06700403362301705,1.4802907596167725,-0.7443154781039396,1.7010874310286146,0.35462162647022816
1412,47.08833333333334,tracked,1,1,0.23498331512332193,0.04291917038577553,-0.2796939985215782,0.21023088529774342,0.06436251311545926,-0.5121009148166409,-1.6170811974721497,-2.430548837948412,0.35576437572724906
1413,47.12166666666667,tracked,1,1,0.21465501468420395,0.03664937278258196,-0.280436298110152,0.20777835851362092,0.06415085535426818,1.4821248852504985,-0.7321156084428189,1.7059649570806137,0.3548685613111214
1414,47.155,tracked,1,1,0.2956812842009839,0.01954407624013721,-0.2797072076047472,0.20621484511742505,0.06453383655407763,-0.5061759229654965,-1.6195402866573136,-2.4159375419132934,0.35344773360885645
1415,47.18833333333334,tracked,1,1,0.31190758360316534,0.026975842787889948,-0.27928683293918544,0.20437967563604845,0.06398958186614262,1.4818029437534779,-0.7378490088717017,1.7126545426886597,0.35194723106411935
1416,47.22166666666667,tracked,1,1,0.19405476936531477,0.07144120710521998,-0.28027877439286064,0.20175009965891777,0.063188832569323,1.4933686441578202,-0.7359470747437039,1.7090995677029595,0.35107281673325447
1417,47.255,tracked,1,1,0.19643869443798384,0.06690125453919693,-0.27617693406945576,0.20018831570174814,0.06618261174802692,1.4972088619329935,-0.7327077977881273,1.7069203827263666,0.3474610751628121
1418,47.288333333333334,tracked,1,1,0.12273864770388111,0.17368169937521433,-0.27478302618091166,0.1981894381201117,0.06752560762228627,1.5021567733393826,-0.7248007681254892,1.70248251665857,0.34546269341893365
1419,47.32166666666667,tracked,1,1,0.21086578335486642,0.07026998234176188,-0.2745611409229547,0.19606974753121295,0.06760148371385932,1.501711175169492,-0.7355232466719396,1.7073754434669925,0.3440888353349805
1420,47.355000000000004,tracked,1,1,0.05038496834851087,0.29806300508226563,-0.27425086214366345,0.19370998458006,0.067927866367054,1.5071908239524778,-0.7318397236373857,1.708015000458029,0.34256574338618584
1421,47.388333333333335,tracked,1,1,0.17374966699515362,0.04539217846747959,-0.2751533905050102,0.19130512683804873,0.06716141915595153,1.5051836808442693,-0.7260845710656011,1.716546246059266,0.3417860384567602
1422,47.42166666666667,tracked,1,1,0.18485543368491011,0.054484724434385956,-0.2756821210506913,0.18922550385758308,0.06659358562790613,-0.45839391837605387,-1.6374356484489794,-2.374785374208568,0.34094226611546047
1423,47.455000000000005,tracked,1,1,0.16432123084592762,0.11007494304776896,-0.2704893948668295,0.18688246155046356,0.07074271852691666,1.5154787295927756,-0.7189484051284998,1.712193559521372,0.336294661562093
1424,47.48833333333334,tracked,1,1,0.20945801105724488,0.07413963793224615,-0.27035365692296864,0.18393635594030827,0.0714307929187934,1.5160357944793068,-0.7169962057747981,1.717939635599098,0.3347029145753433
1425,47.52166666666667,tracked,1,1,0.26663358958424965,0.037869380364898564,-0.26836760272889215,0.18188288866536872,0.07254091251237815,1.520054294232816,-0.7100923434760148,1.7139351803648044,0.33221188926924317
1426,47.555,tracked,1,1,0.2730128550546616,0.024652400989563394,-0.273085961080053,0.17798905735213125,0.07008882652161352,-0.44425167591514775,-1.641940612477907,-2.3424608429524647,0.3334193909767297
1427,47.58833333333334,tracked,1,1,0.23474664716944207,0.037161212794419946,-0.27241611747896954,0.17544595348751615,0.07062457026715585,1.5120837090359256,-0.711294653954809,1.7237268465735107,0.33163180423909866
1428,47.62166666666667,tracked,1,1,0.2055379585095915,0.03250444479202946,-0.2674602666283273,0.17381752259940453,0.07439815112672166,1.5203207066507807,-0.7155526087988914,1.7193796180274499,0.3275402422276764
1429,47.655,tracked,1,1,0.18107802589839953,0.03750123947528522,-0.2694893243438965,0.17058226502921128,0.07311496196115769,1.5262238461218265,-0.7107523388305166,1.7221921673849818,0.3272133902217442
1430,47.68833333333334,tracked,1,1,0.22067054838949532,0.06820298328434679,-0.26876619455076106,0.168774013836693,0.0736667932268259,1.5290350444423235,-0.7172662550983867,1.7234187931312501,0.32580167510952074
1431,47.72166666666667,tracked,1,1,0.20808811337933936,0.02743104980814995,-0.2704678287632267,0.16592676312140847,0.07271089914503431,1.5338677247785664,-0.710628124457869,1.724524139139601,0.3255325052438258
1432,47.755,tracked,1,1,0.202056157084071,0.024098296541216924,-0.268044922504827,0.16414867519698478,0.07469138114300866,-0.4058573047333473,-1.6354650420414458,-2.3178021742017174,0.32306604660130117
1433,47.788333333333334,tracked,1,1,0.1688319754528841,0.07974295268723369,-0.26755648813833294,0.16188351456277872,0.07501682887220457,1.5411635111425204,-0.7146850057237082,1.7248928631771596,0.321590222559948
1434,47.82166666666667,tracked,0,1,0.23355061769194196,0.005861912351817322,-0.26963536261725063,0.162231944104042,0.07295019038057698,-0.3945461173081173,-1.614499976566941,-2.340631281241484,0.3230234708780086
1435,47.855000000000004,tracked,1,1,0.2123777178364195,0.01779757097589546,-0.2679557936289723,0.157768691345454,0.07449204346438942,1.5408185705584523,-0.7180777962954578,1.7282292629690355,0.3197504211845389
1436,47.888333333333335,tracked,1,1,0.1540316698380701,0.08510569022772846,-0.2662864775567298,0.15582766979919058,0.0750104282057874,1.5477086904803827,-0.7058808127942535,1.7278158533665018,0.3175174249458318
1437,47.92166666666667,tracked,1,1,0.16130103496827666,0.14595971917389935,-0.26510203189268106,0.15402521818517956,0.07565096185837172,1.5489635317978023,-0.7133137535322501,1.7260975595842598,0.3157941151774635
1438,47.955000000000005,tracked,1,1,0.10447763098372403,0.17034001507731322,-0.26824767459001386,0.15127782406484303,0.07264540066105923,1.5514469952553027,-0.6972069236484559,1.7332769630233362,0.31641610138226123
1439,47.98833333333334,tracked,1,1,0.19008154675154382,0.039236230560295904,-0.2675345913628347,0.14950215290265081,0.07299488366163431,1.556030845547929,-0.7057945283430344,1.7300588858881352,0.31504587656241756
1440,48.02166666666667,tracked,1,1,0.12813622698273122,0.12184166816853739,-0.2699543913308667,0.14742645635649404,0.07089978671293062,1.5490769719464468,-0.702725301215769,1.7390615608185576,0.3156528364969829
1441,48.055,tracked,1,1,0.23028295560600354,0.026696401668548086,-0.26837767679736846,0.14590624457002244,0.07194114437593291,1.5558091185201761,-0.6933748729329715,1.737516174346872,0.31383234036950175
1442,48.08833333333334,tracked,1,1,0.1706062332447336,0.04441766379358819,-0.270029737529664,0.14381216958940157,0.070365901790229,1.557187261983588,-0.7202454138848791,1.7395551048961109,0.313925722754766
1443,48.12166666666667,tracked,1,1,0.21173323546941633,0.017938956671322004,-0.27013929361780536,0.14256131529474764,0.0701924151013652,-0.360751418507722,-1.6364443878028805,-2.2847763104943626,0.3134101812523927
1444,48.155,tracked,1,1,0.1771107032153899,0.05710587516036372,-0.27089394455533294,0.14058596037000204,0.06955622178184773,-0.3569555719576646,-1.6313211488916668,-2.2842867581611856,0.31302717044766126
1445,48.18833333333334,tracked,1,1,0.2642745400014362,0.08306148639792421,-0.2665401320962773,0.1401456435396041,0.072473242905149,-0.3471710619721534,-1.6364855644480238,-2.2734897125983142,0.30973668552210515
1446,48.22166666666667,tracked,1,1,0.18951613829200076,0.03651934062850429,-0.2646125550312342,0.1389062886700478,0.07368139435470944,1.5733147099772102,-0.70092858334091,1.7389636093426386,0.3078046607611698
1447,48.255,tracked,1,1,0.20253759981716507,0.007429949560019106,-0.2643934095277992,0.1369924357779634,0.0740222157118488,1.5747686930171219,-0.6982503627614257,1.7412851205311481,0.30683886794375553
1448,48.288333333333334,tracked,1,1,0.20955196097108975,0.07202513142652239,-0.26438196746431236,0.1351586969230987,0.07384536918545903,-0.32863696687526933,-1.6383477655547676,-2.2643531400591144,0.30597195398334714
1449,48.32166666666667,tracked,1,1,0.19493441531009928,0.027029902073020973,-0.2618920098518612,0.1343407951993367,0.07515419320022693,1.583556608947904,-0.6804201368963421,1.7436311920407612,0.3037812154077577
1450,48.355000000000004,tracked,1,1,0.23055975867869286,0.0025553971602468584,-0.2645610035028943,0.13171079776668593,0.07326100189981793,1.5851798880871797,-0.6879485426476826,1.7445991011280637,0.30447895366044664
1451,48.388333333333335,tracked,1,1,0.21998260036319647,0.009031454402768813,-0.26238703458413876,0.13059193886781015,0.07491111866877453,1.5890812466205142,-0.6818468803414042,1.7413579427326322,0.3025109685867921
1452,48.42166666666667,tracked,1,1,0.29411970178251334,0.031855836396984916,-0.26356432689847,0.1288624477600803,0.07421440479727431,-0.3180311709946939,-1.6311059572311999,-2.256041195675344,0.3026209885906406
1453,48.455000000000005,tracked,1,1,0.22975361785587478,0.11195615043099083,-0.2624202073411108,0.127458938774568,0.0747736718851878,-0.31431990341666327,-1.631470843720359,-2.2542180482282164,0.301166479379237
1454,48.48833333333334,tracked,1,1,0.19473718962116648,0.03217703100628169,-0.2599473757559455,0.12616090585464904,0.07668188029433026,1.5938964507814568,-0.686220640986884,1.743514443435539,0.29894702389209754
1455,48.52166666666667,tracked,1,1,0.21953267546637986,0.027819632790795162,-0.2583257977625518,0.12471437200624153,0.07749968265376106,-0.3059374342871492,-1.6245433129225337,-2.2481444723903525,0.2971398545903994
1456,48.555,tracked,1,1,0.2386437848985314,0.04395403319837696,-0.25876227088169496,0.12294679076433646,0.0764896683623566,1.604157532164997,-0.6685634420140919,1.7501459461531221,0.29652064946186213
1457,48.58833333333334,tracked,1,1,0.20618291231938374,0.049604466153031934,-0.25991764674631385,0.12097312791260698,0.0762270849449681,-0.3013415511885026,-1.631351365796616,-2.2313470054088635,0.2966517305634824
1458,48.62166666666667,tracked,1,1,0.1854063519865375,0.007651428679667421,-0.26317607840476265,0.1180462951203465,0.07342239385824845,1.598246550300898,-0.6837433354768083,1.7572895038877532,0.29763639555004945
1459,48.655,tracked,1,1,0.22217548960576378,0.04084714833426023,-0.25901883802714915,0.11803749532151556,0.07640839081661699,1.6082087435836867,-0.6747119269633401,1.7500500396395222,0.2947233464486589
1460,48.68833333333334,tracked,1,1,0.2593201407184973,0.020391287416357262,-0.25763355451198844,0.11681981895694687,0.077169561979398,1.6120326049221898,-0.6719008602966583,1.75133512632218,0.293218450660438
1461,48.72166666666667,tracked,0,1,0.1927786179023887,0.04818672791032949,-0.25968915267510906,0.11707651342091366,0.07505054480427797,-0.2776361445417714,-1.603594088219552,-2.2564617987410625,0.29458097407560524
1462,48.755,tracked,1,1,0.20632775363161787,0.001558521024750431,-0.25570941254855034,0.11443133001675304,0.07881869237198885,1.6137524872725386,-0.6759846230052126,1.7565599048624048,0.29102271255446366
1463,48.788333333333334,tracked,1,1,0.2075108411368616,0.0065573958320768455,-0.2564961571747235,0.11272133964402015,0.07811986498992357,-0.2684684122163096,-1.6235720628188317,-2.233769918465699,0.2908592311799419
1464,48.82166666666667,tracked,1,1,0.2035275558566173,0.042027938224194844,-0.2544575856567167,0.11161252942084346,0.07935223844349798,-0.2654518419104955,-1.6258559673356348,-2.226146271205209,0.28896850584096134
1465,48.85666666666667,tracked,1,1,0.1962709365545428,0.02628142505873715,-0.256619144976188,0.10959492358846354,0.07766691863143105,-0.2630287472238787,-1.6296755815167367,-2.216045984433423,0.2896490688650186
1466,48.89,tracked,1,1,0.21583197991958725,0.06950734418994248,-0.25799331345601845,0.10738246280750763,0.07637343619821779,-0.268096929068717,-1.6351986034189099,-2.204188390182974,0.2896971606062862
1467,48.92333333333334,tracked,1,1,0.204577483193873,0.022027451176679924,-0.2565559852933189,0.10633176504345171,0.07657965589112425,1.6248170617010613,-0.6799468866535688,1.7513855301115828,0.28808308097402124
1468,48.95666666666667,tracked,1,1,0.19656984224940982,0.03309020825449294,-0.25279581208921825,0.10589314530326213,0.07844607787215141,1.6291078259108522,-0.6823497078081131,1.7552976213094693,0.28508396651791695
1469,48.99,tracked,1,1,0.20460906169640397,0.1020537815682736,-0.25622257588554137,0.10394803007367504,0.07518033163468468,-0.24447791806978292,-1.6253658246260276,-2.2081557977182866,0.28654368535062996
1470,49.02333333333333,tracked,1,1,0.20920446906652365,0.0042840397402070796,-0.2531125793744256,0.10350143336785667,0.07675683804432087,-0.2394903686130224,-1.6302010884998293,-2.195529914116865,0.2840248875245581
1471,49.05666666666667,tracked,1,1,0.1903084546247715,0.01056270657419442,-0.2497404960338292,0.10268295418837575,0.07839011511632293,-0.23308339194665095,-1.616264231014201,-2.2047038269863832,0.2811745269188258
1472,49.09,tracked,1,1,0.2394185998278258,0.0991005902388222,-0.24321309350604925,0.10386887883092344,0.08270175003882291,-0.21167922587166849,-1.6232152082823317,-2.20041616422247,0.2770937247608817
1473,49.123333333333335,tracked,1,1,0.28297785733975483,0.13979496617133408,-0.24825185748679918,0.10001953744289241,0.07872902512354618,-0.2216828535983341,-1.6193616910651634,-2.197306094421529,0.2789823507192528
1474,49.156666666666666,tracked,1,1,0.17424185613304302,0.07304428380957304,-0.25067063837345444,0.09751474808444946,0.07713701010877899,-0.22093452185100942,-1.624356734300382,-2.186041975670552,0.27981246106106616
1475,49.190000000000005,tracked,1,1,0.1526041153772935,0.056364567622303796,-0.24964531954231134,0.09651693748246837,0.07752949019156868,-0.21181197745849045,-1.6208362656660906,-2.188557548461267,0.27865592877192114
1476,49.223333333333336,tracked,1,1,0.21038517670930734,0.15107669658077333,-0.2505155109620028,0.09513151280643617,0.07712016314750825,-0.20543483014540256,-1.6320952963221271,-2.173815272717483,0.27884681372626935
1477,49.25666666666667,tracked,1,1,0.20743233435106642,0.03526556159613009,-0.25095893266360914,0.09313206519959769,0.07648354257226464,-0.21061263767510321,-1.6189128958426506,-2.180100241131396,0.2783948629849399
1478,49.290000000000006,tracked,1,1,0.15651517995365705,0.11472427047105455,-0.24754239546555407,0.09324577548450391,0.07929487345594277,-0.21175144375387842,-1.6259901061458066,-2.166795150710925,0.2761515691697682
1479,49.32333333333334,tracked,1,1,0.1780433735085388,0.09062599113892397,-0.24781525722937647,0.0920618177951279,0.07922187058503893,-0.2045021650192333,-1.6331112434917676,-2.163939989639946,0.2759780512837896
1480,49.35666666666667,tracked,1,1,0.16688939149861762,0.07167317983977387,-0.24757938826037912,0.09071036046327169,0.07899639586336299,-0.20828590773280062,-1.624887244819451,-2.165813435615558,0.27525325347062
1481,49.39,tracked,1,1,0.17046979116613606,0.022017430411592848,-0.24911358489885732,0.08881719075769393,0.0771247659019117,-0.2065115818966401,-1.6267288881876447,-2.164590773024358,0.2754892031834886
1482,49.42333333333334,tracked,1,1,0.15909143995253697,0.03131854441291865,-0.24936010164289607,0.08767016468330274,0.07613922701112597,-0.19871869490475516,-1.6307427518633733,-2.156441310951662,0.275070354558256
1483,49.45666666666667,tracked,1,1,0.14450751465195702,0.07517034566084727,-0.25068315976088007,0.08572318635185464,0.07442786620700842,1.6528756551874144,-0.6613792119499691,1.7685139447083498,0.275190876545975
1484,49.49,tracked,1,1,0.15114408305930052,0.051709482811177765,-0.25098797012323737,0.08514789585510704,0.0740133484045426,-0.19109768098982216,-1.6333351850050137,-2.152622569467499,0.2751783077518783
1485,49.52333333333333,tracked,1,1,0.14250806319437098,0.1799073615282366,-0.25004780545115757,0.08506421385106361,0.07467244693498115,-0.1851945900137236,-1.6384853649300148,-2.1501235171212234,0.27447367782776
1486,49.55666666666667,tracked,1,1,0.15299271337881734,0.11231623512546321,-0.25104796554735676,0.08346094162373444,0.07339340789650783,-0.18680565865501653,-1.6335746996408664,-2.1523986833310604,0.27454945293125316
1487,49.59,tracked,1,1,0.1488967367240605,0.055963776299665424,-0.24948714663567628,0.08323145245502148,0.07419275528763597,1.6528292607841635,-0.6582109609367519,1.7692921039375988,0.2732688711715167
1488,49.623333333333335,tracked,1,1,0.19602118572047375,0.007529092354510825,-0.2499048511596239,0.08264645144354577,0.07382330356568728,1.6527069208695473,-0.6635057551758399,1.7730412916092213,0.2733729151153709
1489,49.65666666666667,tracked,1,1,0.19399705431593614,0.11392004805444181,-0.2547529655731257,0.07983019217742679,0.06986489044348804,-0.17482262687468172,-1.6277415391757264,-2.1608323413912807,0.27595839535710387
1490,49.690000000000005,tracked,1,1,0.16613588241732213,0.09904375774278412,-0.25165799392834914,0.08098242888467588,0.07322815522844967,-0.187202166535153,-1.6326320673503638,-2.1460584430404674,0.2743214581731887
1491,49.723333333333336,tracked,1,1,0.18062654308550022,0.1372436800846458,-0.25278388447850936,0.08013044352916154,0.0724933367917251,-0.1788021620802433,-1.6340630893249604,-2.1503543950142,0.27491064750464467
1492,49.75666666666667,tracked,1,1,0.1754110150018598,0.008004163471429293,-0.2524229212315917,0.07977794131004812,0.07258206234032305,1.658103905002486,-0.6656630407729415,1.7692929187891742,0.27449955711500584
1493,49.790000000000006,tracked,1,1,0.24941748868268546,0.12827921664723554,-0.25436173584925714,0.0791605191747676,0.07108522356743335,-0.1833081988144239,-1.6253140221559288,-2.1602608424277157,0.2757161392989137
1494,49.82333333333334,tracked,1,1,0.21512386384607746,0.09812259394773842,-0.2533879217625416,0.07966949355694733,0.07174894483405492,-0.18092811607660342,-1.6325474130065505,-2.151788096792782,0.2751373805638933
1495,49.85666666666667,tracked,1,1,0.22358375195113,0.10362509297564804,-0.2534236059959237,0.07966401873523521,0.07131794768815825,-0.17885130586052045,-1.6392346067642156,-2.147819791265046,0.2750565934848244
1496,49.89,tracked,1,1,0.2752744510544965,0.1391528074905375,-0.25442737039788793,0.07881081481043939,0.07001759974172561,-0.18423406599875058,-1.6283193811632208,-2.1560316986058723,0.275403151057249
1497,49.92333333333334,tracked,1,1,0.25042519489534754,0.042434779075176676,-0.2540223583351608,0.07897340053689494,0.0689190881999483,-0.17239899960740057,-1.6318874890610247,-2.151689297354667,0.2747981026951058
1498,49.95666666666667,tracked,0,1,0.1713557304738764,0.03684206104552937,-0.2558409673242052,0.08118124518929065,0.06458790780770657,-0.16564245418195606,-1.6111800458744139,-2.1823820318503464,0.27607352818922276
1499,49.99,tracked,1,1,0.1617130353569129,0.11414350673880624,-0.25677386521278556,0.07739694183941362,0.06460623347055644,-0.1687516756556829,-1.6237700895457767,-2.160128582329587,0.2758569735672082
1500,50.02333333333333,tracked,1,1,0.15849857326506117,0.02165614613127037,-0.2562578012191191,0.07680612181785312,0.06409315781182134,-0.1568023449150176,-1.6257425885557242,-2.1574243551032724,0.2750912101697317
1501,50.05666666666667,tracked,1,1,0.17489839823281939,0.07916287099398606,-0.2579470075853631,0.07589203856764534,0.061714455779641963,-0.13724680581717577,-1.6373047309421032,-2.1569096564239256,0.27587122773564793
1502,50.09,tracked,1,1,0.1399981612615354,0.0717954326854163,-0.2595934801522827,0.0745864133380276,0.05954005037114918,-0.14394807726931574,-1.628580067850887,-2.1600437220475386,0.27658077588726887
1503,50.123333333333335,tracked,0,1,0.15061854103117864,0.07269006181064133,-0.2625958126357109,0.07690508445168359,0.05485851756061605,-0.1436459616920956,-1.6072556780932938,-2.192120393632962,0.2790706179039248
1504,50.15666666666667,tracked,0,1,0.14349852722399906,0.02480217086013664,-0.2642079968260774,0.0756101635396832,0.05278260755720421,1.6711321475260488,-0.7069750687200953,1.7562783229849401,0.27983703485758277
1505,50.190000000000005,tracked,1,1,0.1476041120740074,0.03397203399869134,-0.26561106747585633,0.0709680532832826,0.053246225019528415,-0.1429438634425386,-1.6309597844146537,-2.157019720586439,0.28003725507745036
1506,50.223333333333336,tracked,1,1,0.10582500114298113,0.08765318934803859,-0.26104247106886136,0.0719828685825844,0.05578490858174501,1.6667227283958366,-0.6625341702696531,1.7578183713121278,0.27647180886410205
1507,50.25666666666667,tracked,1,1,0.13260225953944055,0.03826059386823144,-0.26405129797676263,0.07066027514594356,0.05276425573976329,-0.13480926054165007,-1.631338113687465,-2.1602585964692635,0.2783882704617504
1508,50.290000000000006,tracked,1,1,0.15872331259022457,0.024367812412727563,-0.2648736093078855,0.06950366393979834,0.05069783881974488,1.6666000011289177,-0.6663101441014111,1.7602164665575324,0.2784942711616087
1509,50.32333333333334,tracked,1,1,0.14215299175881857,0.051908678266632424,-0.2644444076222626,0.06931057437495486,0.0500431198252268,1.6675163900144794,-0.6698437883656069,1.7539968914851025,0.27791925857111366
1510,50.35666666666667,tracked,1,1,0.1283036603879597,0.08162489488699601,-0.26483399305030875,0.06884296381529856,0.04849242578859497,-0.1150717642508394,-1.6323605819671152,-2.1684616295463215,0.27789910561336445
1511,50.39,tracked,1,1,0.14152025923536818,0.12181579927385658,-0.26591777401164846,0.06788339847041475,0.04672735518146398,-0.11465820928281666,-1.6360129832631545,-2.1609663875772998,0.2783951580855133
1512,50.42333333333334,tracked,1,1,0.09806467389171897,0.09179325852165551,-0.2700016796689159,0.06561651893869516,0.04300887316046276,-0.1183638829814764,-1.6382111270443693,-2.1601246204034714,0.2811693399931806
1513,50.45666666666667,tracked,1,1,0.12283304570416481,0.11093670755944005,-0.26824080829250446,0.06583233547984618,0.04334068914880007,-0.10811737467634341,-1.6424786963514968,-2.1524051908071793,0.27958083440042897
1514,50.49,tracked,1,1,0.326579988682807,0.1159336695945814,-0.26871091089841975,0.06608689616033964,0.041359174256633324,-0.09671915476970469,-1.6381114413451392,-2.162726773477734,0.27979208847849246
1515,50.52333333333333,tracked,1,1,0.19756168660051954,0.1329615978815713,-0.27135041520065034,0.06471576110589439,0.038752180343756604,-0.0933346996472233,-1.6406453327632602,-2.1651263742140396,0.2816396794602557
1516,50.55666666666667,tracked,1,1,0.27422626008452733,0.10065538697943116,-0.27450763373941856,0.06326286140984447,0.03480228282392461,-0.0875805360633913,-1.6331749392740211,-2.173469531129766,0.2838447278085897
1517,50.59,tracked,1,1,0.25870919111889384,0.13468026730751181,-0.27462314252110537,0.06343223321762143,0.0335862414592083,-0.08414029816914767,-1.632377384542006,-2.168432263996387,0.28384776594945804
1518,50.623333333333335,tracked,1,1,0.19628755606266796,0.0921331046869251,-0.27631019226746173,0.06287670285160016,0.02919097254707126,-0.06895656155537616,-1.626786565705519,-2.176037434846283,0.2848735070002368
1519,50.65666666666667,tracked,1,1,0.18323893608124117,0.08892110739237455,-0.2780104961823031,0.06197155118167455,0.02729031239530777,-0.05984554141335395,-1.6326071524921808,-2.1652954411687384,0.28613820138881624
1520,50.690000000000005,tracked,1,1,0.15610691649070202,0.10951664892944135,-0.2781836118508438,0.06259291579168214,0.02572008290843858,-0.05877257886287473,-1.6243442075750218,-2.172300128144403,0.28629620618251733
1521,50.723333333333336,tracked,1,1,0.2362308931287054,0.10876705705764392,-0.28082496018019665,0.061433806313376776,0.0221149793464408,-0.06023964206260313,-1.6195176156996571,-2.1750395105535985,0.2883155270356629
1522,50.75666666666667,tracked,1,1,0.1452079218159395,0.13929073005762427,-0.2790410878069833,0.06146167976427691,0.021554863835079596,-0.04917232820686359,-1.6253027419446928,-2.1659111938287907,0.28654158322815887
1523,50.790000000000006,tracked,1,1,0.09932343916210179,0.05568117819604554,-0.2805033240479166,0.061104913036697156,0.01890170770628824,-0.04319145801063586,-1.628651870874703,-2.164223626002125,0.2877033189821883
1524,50.82333333333334,tracked,1,1,0.18619813597563864,0.07424613722551146,-0.28346703871628365,0.05997963022663941,0.015013944903034815,-0.03875094260448454,-1.6205545513653687,-2.1758022575192224,0.29013192968416074
1525,50.85666666666667,tracked,1,1,0.22197324701578003,0.11198242086519983,-0.281121084485522,0.0607489403911782,0.0155868864949964,-0.02953571273009387,-1.6173596143740907,-2.171567478277677,0.2880320276142478
1526,50.89,tracked,1,1,0.15298822907685317,0.09605885041409848,-0.28295093097525065,0.06027652113014745,0.014146059543618361,-0.03002686850654403,-1.6229955341120903,-2.1758634258309857,0.2896456444345845
1527,50.92333333333334,tracked,1,1,0.2531485283935046,0.11897847740762352,-0.28099781612638824,0.0610290677425844,0.01589306340548713,-0.030773062371862316,-1.6336105317579652,-2.1637742405523652,0.28798768939268793
1528,50.95666666666667,tracked,1,1,0.24451200507258483,0.12151514660204152,-0.2833361280984656,0.06001308091073909,0.013261288541201843,-0.030179103023381025,-1.6297208885196208,-2.169585163463464,0.2899254958433322
1529,50.99,tracked,1,1,0.10770331143010523,0.1142852007424699,-0.27964061448419797,0.060694603183061496,0.015190749629146016,-0.02258892188764267,-1.6366112875905747,-2.162584910530916,0.28655447474946977
1530,51.02333333333333,tracked,1,1,0.19583350925724083,0.14117669580895734,-0.2819851497425702,0.05963628093804965,0.011459576933606719,-0.017034175665216783,-1.6397577659044698,-2.165480517266991,0.2884500521458767
1531,51.05666666666667,tracked,1,1,0.1626494493309638,0.1130711571028421,-0.28549632276923015,0.05728730964871728,0.007080826612169244,-0.00971040250628311,-1.6386215306180205,-2.1637772508371973,0.2912732810730364
1532,51.09,tracked,1,1,0.1926357147770849,0.09337619198998215,-0.2861347368512768,0.05734692476608941,0.005368699956981138,-0.007684314110288324,-1.6367820023646302,-2.1665269966111818,0.29187425434989134
1533,51.123333333333335,tracked,1,1,0.1552872758054754,0.07882013660794301,-0.2857293950430829,0.05716528000683216,0.006482251332053324,-0.004289983432758249,-1.6538499885785374,-2.1521656129119564,0.29146385026667987
1534,51.15666666666667,tracked,1,1,0.28626255151921887,0.09731365925293456,-0.28490006223061953,0.05759180447785109,0.006265547408917882,0.005911204362505027,-1.6590419222517676,-2.1531089715945644,0.2907303191728708
1535,51.190000000000005,tracked,1,1,0.43966056928128033,0.09163428701033588,-0.29148802751674024,0.05557817132685364,-0.00056146321034517,0.004622363693249898,-1.6527474088382186,-2.1632068810557445,0.2967398162609352
1536,51.223333333333336,tracked,1,1,0.12909173917813976,0.0171861599727057,-0.2941976456169355,0.05361860446146288,-0.0041783587960707025,1.6818874779396693,-0.7261587619239412,1.7107653743180051,0.29907301468566416
1537,51.25666666666667,tracked,1,1,0.23164989108002973,0.09215402849568008,-0.29239555816555346,0.05363267646829914,-0.003930512455298074,0.016824761827634132,-1.6556878180485404,-2.146276361173074,0.29729963899786366
1538,51.290000000000006,tracked,1,1,0.3246407388540857,0.08783291196751819,-0.2913179133812366,0.054277287428121074,-0.005224541931586946,0.02437157411403113,-1.6440887686890155,-2.1574930911711556,0.29637720294541453
1539,51.32333333333334,tracked,1,1,0.17764485702473853,0.06334337584904134,-0.29186833364423925,0.053474652126980826,-0.006307201431930032,0.02800494538399883,-1.6461096696992084,-2.1569098153158097,0.29679360403194255
1540,51.35666666666667,tracked,1,1,0.10813260245516206,0.1401149037247948,-0.2944190734759497,0.052286400985050385,-0.009501993830689726,0.026064848511370527,-1.6409228076110212,-2.1620053395574796,0.2991767812534332
1541,51.39,tracked,1,1,0.34201542330263657,0.10750186491268277,-0.290262548887785,0.05328835409645616,-0.006731392514041312,0.03130785241218771,-1.6480793043072663,-2.152584217728345,0.2951902905149849
1542,51.42333333333334,missing_tag,1,0,,,,,,,,,
1543,51.45666666666667,tracked,1,1,0.32144802381473364,0.1045724674620625,-0.2996584877721871,0.05013010250294586,-0.017223435702982348,0.031343860220497066,-1.6442236485674724,-2.1689959409388604,0.304310504597335
1544,51.49,tracked,1,1,0.19678821542078423,0.10424179249668836,-0.2978479284187752,0.050308101555815804,-0.01616664730702666,0.030143041103197547,-1.6498383491552477,-2.158744789917306,0.30249901492510006
1545,51.52333333333333,tracked,1,1,0.07417928602169041,0.07016793307725311,-0.2978374329337523,0.05023153768507002,-0.01582453598579059,1.683319679188028,-0.7528153792261832,1.7058973087275924,0.3024578644603899
1546,51.55666666666667,tracked,1,1,0.19918378836902564,0.12183749772535882,-0.29372635972119054,0.05174085341616422,-0.013081887726051733,0.0408495594599915,-1.6648665533636338,-2.1516293947554117,0.29853546873658454
1547,51.59,tracked,1,1,0.09490947287167358,0.10778307161428168,-0.2989997332449517,0.04935983046730072,-0.019547402818549886,1.6789030626702228,-0.7443616704932823,1.7040265630428233,0.3036763644099811
1548,51.623333333333335,tracked,0,1,0.13366737884488092,0.06625469654062113,-0.29933504214336853,0.05515716664963474,-0.0234717681561612,0.05154674816169386,-1.6544201800075249,-2.189050016659727,0.30527807714961186
1549,51.65666666666667,tracked,0,1,0.0852316893650408,0.030185840400835245,-0.2948517253969212,0.05684381202349878,-0.020183777956583215,1.6774648890113713,-0.7700065760136744,1.693983369866285,0.3009587078446227
1550,51.690000000000005,tracked,1,1,0.30501258977675944,0.03738112007022448,-0.2951297141953928,0.05080770995380429,-0.018961944000226993,0.0532732824654696,-1.676107460477603,-2.1581403943723285,0.3000708698159018
1551,51.723333333333336,tracked,1,1,0.3300485902044521,0.07105253000066553,-0.299420357181215,0.04986025675572864,-0.02475462098427006,0.049490633646404845,-1.6613273048937716,-2.1689830842271487,0.30455112339038976
1552,51.75666666666667,tracked,1,1,0.20488033072949446,0.04507999949463201,-0.30207650162690447,0.04948361106648519,-0.027211448954271966,0.0437952649191295,-1.6565989838155915,-2.174915377316545,0.3073097843439407
1553,51.790000000000006,tracked,1,1,0.1106479708141493,0.025134322915033855,-0.29905707274152404,0.0497672006587217,-0.0246277038871327,0.050635936101443485,-1.6758892552541809,-2.1638043348128373,0.30416842508203734
1554,51.82333333333334,tracked,1,1,0.14608796159723816,0.07996170317318882,-0.3000956875797337,0.04942167128227401,-0.026401351036125453,0.057836729956162285,-1.6748431780272106,-2.1711863531807336,0.3052817626927934
1555,51.85666666666667,tracked,1,1,0.13742441806007027,0.0777152147029555,-0.30326132440817244,0.0488123521223261,-0.02886713516579187,0.04721088304097081,-1.6667280834026226,-2.1749600005121876,0.30851805148839
1556,51.89,tracked,1,1,0.1768962032864423,0.07204998632873702,-0.3008698229052333,0.050000113064456925,-0.027333287416419327,0.055653065391204015,-1.6700073180664516,-2.1845532837518067,0.30621850081677543
1557,51.92333333333334,tracked,1,1,0.14546058434694858,0.07516797354359483,-0.30107882140136943,0.04881931478175888,-0.02789515807597881,0.05418850170540015,-1.6723108407216758,-2.179322262543017,0.306284054492365
1558,51.95666666666667,tracked,1,1,0.1995370258415094,0.0689296368346905,-0.3009616537021034,0.04967676585785838,-0.027546929889565752,0.048941714634338045,-1.6713284647642566,-2.180691956004372,0.3062752543245078
1559,51.99,tracked,1,1,0.13016619792248826,0.08080284537962173,-0.29528064739196846,0.05165820873546206,-0.024010951699242666,0.0630675157750807,-1.676238275688846,-2.1799319658321927,0.3007253847873171
1560,52.02333333333333,tracked,1,1,0.23088582267451677,0.05800698911870464,-0.2996386925280083,0.05077668798240775,-0.028864617611943033,0.054087796923415615,-1.6673557555854717,-2.186109301308265,0.3052782079550402
1561,52.05666666666667,tracked,1,1,0.12001828882571619,0.06659408395220592,-0.3002477125791324,0.04995633598813354,-0.029150096898942213,0.04907099431760598,-1.6720958340874943,-2.180921413014443,0.3057679717752962
1562,52.09,tracked,1,1,0.2660142611662764,0.09325263277727741,-0.3000872538830785,0.04978847209555298,-0.03053742043805896,0.056474112262604834,-1.6755298266570156,-2.1845353671705325,0.3057184749793634
1563,52.123333333333335,tracked,1,1,0.11837757176369117,0.07330917171601968,-0.2978332198850431,0.05076043870444305,-0.02843566295356531,0.044238327259501005,-1.679633606854577,-2.1766613880271954,0.3034630717767299
1564,52.15666666666667,tracked,1,1,0.28573797332750006,0.07923567981812973,-0.302917370718375,0.048202280662798025,-0.03343073960202941,0.03697719760853879,-1.6861055940026017,-2.1825184781683666,0.3085449848796238
1565,52.190000000000005,tracked,1,1,0.12292314652216234,0.04469117931357995,-0.29967024423712924,0.04879476220043419,-0.030646536006699365,0.03522125479899088,-1.6959233763513442,-2.1691479693818034,0.30515962096671234
1566,52.223333333333336,tracked,1,1,0.10097027232338507,0.03221534192341691,-0.29836648547542977,0.04834214227034275,-0.03146292890044283,0.04420407683540405,-1.6992246092984982,-2.1734348821385985,0.3038905037496898
1567,52.25666666666667,tracked,1,1,0.20066421350918573,0.08093130004220833,-0.2991968750941736,0.04766105318693353,-0.03334810625586221,0.038612672689874,-1.7072735256098854,-2.168067338113912,0.3047990194338861
1568,52.290000000000006,tracked,1,1,0.12948265955383503,0.02998848720550365,-0.2987548863985329,0.048141485668128925,-0.03392745370268574,0.04789422808606395,-1.7100084544615242,-2.174754083598131,0.3045047732041041
1569,52.32333333333334,tracked,1,1,0.1940846292802463,0.02909145674043062,-0.29857779426591413,0.047922430077219524,-0.03324833229175905,0.045818246056893726,-1.706304047666029,-2.174388132807539,0.30422148203798455
1570,52.35666666666667,tracked,1,1,0.2954672208072229,0.06579528151844993,-0.30172005414399483,0.046492903004639624,-0.03727545797702253,0.04083466130660027,-1.7166696314358605,-2.1741481652363,0.30754843662397435
1571,52.39,tracked,1,1,0.21499166137437392,0.04519736482261327,-0.3031157866710661,0.04577170288790913,-0.039728673559521976,0.0423934648904028,-1.7122600748478856,-2.1777607847321803,0.30911583009816457
1572,52.42333333333334,tracked,1,1,0.18232808586589722,0.05070656672626875,-0.30644239594252287,0.044818750374336774,-0.04217500180147976,0.026763879054933055,-1.704923368872466,-2.179844191614299,0.31256102315078554
1573,52.458333333333336,tracked,1,1,0.2494267971320603,0.09316197117268002,-0.2980393765505667,0.04828465182672695,-0.03523120853666467,0.039984876284121874,-1.7132895596318043,-2.172158155922741,0.30397387327142555
1574,52.49166666666667,tracked,1,1,0.35874590249155924,0.08887060773618094,-0.30197707130175644,0.046119365332004864,-0.039139889987858556,0.03846495719451416,-1.71867694443221,-2.172638115162293,0.30797577573386303
1575,52.525000000000006,tracked,1,1,0.21819246939593281,0.06043254894590208,-0.3049729429748172,0.044861763706217056,-0.041917621220043444,0.031060827139388212,-1.712396748815012,-2.176381501734081,0.3110918847515965
1576,52.55833333333334,tracked,1,1,0.135712082608496,0.09896295936340549,-0.3074757109882524,0.04364200584632169,-0.04352721841844903,0.03209045321094456,-1.7160363363289624,-2.1766894600468247,0.3135929786606662
1577,52.59166666666667,tracked,1,1,0.12698958798622675,0.06112947898128465,-0.30489787434008964,0.044445560026798864,-0.04299268256853578,0.03906881846804829,-1.7151229397454157,-2.1803187423265706,0.31110527532917176
1578,52.625,tracked,1,1,0.09454152450543053,0.08345873917126569,-0.3077664697524893,0.04369859660939596,-0.04430946963516641,0.032622912134125895,-1.7164110418652458,-2.1785875030967357,0.3139953763176941
1579,52.65833333333334,tracked,1,1,0.14528430754855415,0.0012238222457002235,-0.30860750166932127,0.04329136488025506,-0.045581017835864435,0.02825961026619943,-1.7184700870122116,-2.172731904666531,0.31494501352891574
1580,52.69166666666667,tracked,1,1,0.2902170686638779,0.04304088778719828,-0.30570236772996234,0.045380414223708365,-0.042416430384367376,0.03646667813077004,-1.7179235607920762,-2.1835114483352718,0.3119494721863981
1581,52.725,tracked,1,1,0.08326703774003463,0.015702613095333634,-0.3104380323513416,0.04314353208482982,-0.046640666063611835,0.037433919420083006,-1.7173138049410022,-2.1892749754108642,0.3168729840516302
1582,52.75833333333334,tracked,1,1,0.26689060165186285,0.06305809793592854,-0.3083008714189152,0.0438479142408357,-0.045399302226102334,0.041666853422801846,-1.718786552225231,-2.1871807688245863,0.3146953503684971
1583,52.79166666666667,tracked,1,1,0.2307797639196166,0.06637285740777407,-0.3033192261462532,0.04598116134668284,-0.04112185558133491,0.04085795396320032,-1.7158051857147378,-2.1798072776122557,0.30952839474788696
1584,52.825,tracked,1,1,0.23213000079549226,0.07204573212545004,-0.3061729582362536,0.04482330156871872,-0.045654908589571386,0.05685223882526412,-1.7141105215159649,-2.1940588536218115,0.3127864757258234
1585,52.858333333333334,tracked,1,1,0.2621726703675856,0.06188881705129806,-0.30707215076513517,0.044922280316076674,-0.046115098398021415,0.0557635248779981,-1.7098671029524886,-2.2008774854372355,0.31374817823308754
1586,52.89166666666667,tracked,0,1,0.306475555334817,0.0634160306258652,-0.30399154487973873,0.05251908093534555,-0.044637958119685905,0.04610451386358072,-1.6978743278776665,-2.215880830142505,0.31170765233750425
1587,52.925000000000004,tracked,1,1,0.21798969088190007,0.05211429238383375,-0.30631480015628143,0.04458239359147956,-0.04596694449152544,0.05295824890621099,-1.7100480260123743,-2.1909151276516763,0.31293658558726434
1588,52.958333333333336,tracked,1,1,0.24915537543679325,0.045140684488903154,-0.3055528930865391,0.045896729125778135,-0.045018023858778566,0.05505106935453587,-1.7114060511251314,-2.1980408825791034,0.3122430186411677
1589,52.99166666666667,tracked,0,1,0.07001759139080556,0.09358093853703937,-0.30122870038575555,0.053964127556659386,-0.04354596199168048,0.05813095075134564,-1.6988851483132532,-2.221734329849987,0.3091069520486778
1590,53.025000000000006,tracked,1,1,0.04474067765940393,0.08367668372070533,-0.3021335706922899,0.047273830294439906,-0.042243044204932356,0.059858281471275636,-1.7115082565134279,-2.1992695799718054,0.3087134340349968
1591,53.05833333333334,tracked,1,1,0.18681234845235387,0.07125605218137213,-0.3076230089394532,0.04479729191733789,-0.0475194402025963,0.06844414168998583,-1.7107768045012102,-2.209506955048225,0.3144786323254065
1592,53.09166666666667,tracked,1,1,0.11186939558916954,0.03089182223031857,-0.30419571514863447,0.045983842395034835,-0.044098311776953114,0.06229015140123914,-1.7106138321965103,-2.197574385885508,0.31079608745571097
1593,53.125,tracked,0,1,0.10745955330906862,0.05201140848203989,-0.3012831215256604,0.053470091261796526,-0.04520570151751874,0.07959801812247613,-1.7022867077244255,-2.227313680403145,0.3093123428275724
1594,53.15833333333334,tracked,1,1,0.21468418724487218,0.028912640787443794,-0.3015377571084833,0.04697668814325204,-0.04403614759265029,0.0877302644797738,-1.7097236734970451,-2.211863118803991,0.3083358728492757
1595,53.19166666666667,tracked,1,1,0.25205900902287576,0.03231453563863379,-0.30545739951514805,0.04473896137137817,-0.04522320540336955,0.07897241205261314,-1.7153071156941075,-2.204207048816514,0.31201111501051015
1596,53.225,tracked,1,1,0.09218203965590949,0.06323925244609133,-0.30794073262812216,0.044877736239653826,-0.048869888067649636,0.07787722868172084,-1.7130633481565924,-2.2199653401171,0.3150075744824006
1597,53.25833333333334,tracked,1,1,0.12047247948547422,0.07814729278220965,-0.3097239258032693,0.04322007935865366,-0.04951748299024972,0.0708320078377148,-1.7183820468333089,-2.210411087506449,0.3166210141422187
1598,53.29166666666667,tracked,1,1,0.09437844604146625,0.01505312067797801,-0.30221844444318297,0.0465389359578994,-0.043983957290225584,1.6291481305048798,-0.7090938452177683,1.7079622139604675,0.30892790294931133
1599,53.325,tracked,1,1,0.25053732351851554,0.04866901459649181,-0.30543102966123814,0.044518138167016386,-0.04657006151188764,0.08422610994489865,-1.718756047661983,-2.210739836780983,0.3121518046319814
1600,53.358333333333334,tracked,1,1,0.17824875773389784,0.0661210710895363,-0.30387414385433087,0.0460722138223236,-0.045062150325285044,0.08259793118644566,-1.7157920340119481,-2.2156565778568034,0.31063280828275536
1601,53.39166666666667,tracked,1,1,0.12369338707300505,0.06109741188014457,-0.30721247766926696,0.04429359375380032,-0.04711242967260554,0.07495349997850718,-1.722870003194377,-2.2096642735605245,0.31394427835680133
1602,53.425000000000004,tracked,1,1,0.3269997324723835,0.036542520730689865,-0.30350476490998407,0.04616122844678769,-0.04500373511730482,0.08318184429342258,-1.7156263645653673,-2.2189197241141474,0.3102762277540607
1603,53.458333333333336,tracked,1,1,0.2313539644442997,0.06236479228599315,-0.3020870369790758,0.04622125275216657,-0.04397669480951777,0.08457429649301774,-1.7206928763797662,-2.2132002513039817,0.3087505980611967
1604,53.49166666666667,tracked,1,1,0.18927929985012004,0.05651577638784666,-0.3024903479444833,0.04663716919881941,-0.04368851950375924,0.07818527539250483,-1.7182776297672233,-2.221610474213695,0.3091668204818949
1605,53.525000000000006,tracked,1,1,0.289845163145359,0.03171858298213537,-0.30314040419652727,0.046775147682533325,-0.04433575846087334,0.08295214049395631,-1.7269853241064677,-2.2231310095470014,0.3099155991160458
1606,53.55833333333334,tracked,1,1,0.19730151535855606,0.02316939865877854,-0.30339094983397674,0.045548146443954246,-0.04412369806913219,0.08836561092632433,-1.7416060529142845,-2.2158375630051577,0.3099477420742704
1607,53.59166666666667,tracked,1,1,0.16662508938084006,0.06371758308736722,-0.3031386589676862,0.046140178237078056,-0.04441991744865431,0.08376251135250333,-1.7372535832998701,-2.2182632326741913,0.30983074681932676
1608,53.625,tracked,1,1,0.2951993473325327,0.04616577771943492,-0.3050668278422862,0.04586855466058054,-0.046989515624936695,0.08917834207486489,-1.7350399880368284,-2.2294796161639674,0.3120540150920541
1609,53.65833333333334,tracked,1,1,0.11218363000641064,0.05363802463211213,-0.3067930777605155,0.044032962480922144,-0.04747642600650287,0.0844269022290875,-1.7394989794180196,-2.221334494895541,0.3135520776090743
1610,53.69166666666667,tracked,1,1,0.061562199604949706,0.044485437791494935,-0.30317745233717575,0.0455846362779421,-0.04461347106886876,0.0938063307094575,-1.7427123964274764,-2.223514631309013,0.3098142806118942
1611,53.725,tracked,1,1,0.1345001641425009,0.08721679939627061,-0.3049311461429413,0.04567177471630435,-0.04731954673088007,0.09068276337227713,-1.7300159024968582,-2.2347868292645243,0.3119423895474942
1612,53.75833333333334,tracked,0,1,0.08114867969857316,0.0029020021546985603,-0.3068344250573558,0.05153811711849521,-0.05047780281812331,0.08253900517323493,-1.7205046599142182,-2.2573128471649317,0.31520080979233406
1613,53.79166666666667,tracked,1,1,0.12859402047762597,0.053768701694567794,-0.3033628467129759,0.04607941959446732,-0.04434235417556415,0.08202706819520451,-1.7352465514571975,-2.2204240831323308,0.31002995669740474
1614,53.825,tracked,1,1,0.1486094381261015,0.055803411413248766,-0.30506440395944,0.04507600831372535,-0.04647114618612991,0.09004961061509777,-1.7437761545485408,-2.220728620193473,0.31185846872656847
1615,53.858333333333334,tracked,1,1,0.06607633336887862,0.031652573968974126,-0.3060606518578273,0.045080678964470544,-0.0471887028997095,0.08554351246698853,-1.7415445855251532,-2.2225587854864757,0.31294115087807306
1616,53.89166666666667,tracked,1,1,0.09361254401264896,0.058733693762014094,-0.30730583557043467,0.04423635904281631,-0.048193991321172136,0.08358701818503993,-1.7397491822229267,-2.220840940096936,0.3141916498516044
1617,53.925000000000004,tracked,1,1,0.05827343724183397,0.055644525525284774,-0.3017000207500673,0.04708251764829052,-0.04348420428536309,0.08528917588409698,-1.7435981696180345,-2.2148697344177286,0.30843239455515015
1618,53.958333333333336,tracked,1,1,0.18983407141747555,0.06567531431357548,-0.30261470015858827,0.046816952038725074,-0.04574450988810003,0.10483050082820446,-1.7598677231070998,-2.2160307163237998,0.30961273219163815
1619,53.99166666666667,tracked,1,1,0.2475747021902817,0.052336268284086024,-0.30563749561509057,0.04623502728683154,-0.04785341653279507,0.09995001167285397,-1.7597762101882153,-2.217107190293896,0.312796908469281
1620,54.025000000000006,tracked,1,1,0.20856906543554168,0.01620936438126605,-0.30366196807819723,0.04623397004845156,-0.046210026228704626,0.10708655919215004,-1.7646592828698922,-2.2153265258862893,0.3106179926656258
1621,54.05833333333334,tracked,1,1,0.27960389907947275,0.049305651090130354,-0.30709476480783104,0.04598201267989632,-0.048996850378564494,0.09792959876272901,-1.7552439095071544,-2.224412593953172,0.3143600346887159
1622,54.09166666666667,tracked,1,1,0.14966719210053017,0.07865001951710274,-0.3041451366818957,0.04681562663515687,-0.04706014078578269,0.10771269187082443,-1.7537918206557601,-2.2254888543417746,0.311304712324226
1623,54.125,tracked,1,1,0.1420377590209338,0.037143006657964744,-0.3002740266040823,0.04867473131440589,-0.04206286281001459,0.09323460682098658,-1.7505643520263143,-2.2183940103218576,0.3070879433473949
1624,54.15833333333334,tracked,1,1,0.16850856218079308,0.06879191152163236,-0.3024605082676117,0.0474816454315761,-0.043752909247719796,0.09461930745609616,-1.7488708840662455,-2.2212624238145056,0.3092752540731818
1625,54.19166666666667,tracked,1,1,0.3454316489797152,0.04240257421077315,-0.3062533159595551,0.04594406169929907,-0.04771890439479248,0.09432668187880412,-1.7581190495785979,-2.2187000070974916,0.31333535417870007
1626,54.225,tracked,1,1,0.22712463098601507,0.020216241500120052,-0.30343111190712,0.046580700790832846,-0.045025285888430966,0.09470885033315606,-1.7629962004669646,-2.2062315159435206,0.31027000778143415
1627,54.25833333333334,tracked,1,1,0.22121525438286951,0.04400474900037424,-0.3023346856883833,0.0481661087867262,-0.045202149722580576,0.10721388095173777,-1.7756048182883812,-2.2060949343081497,0.30946642878588765
1628,54.29166666666667,tracked,1,1,0.18128600472015138,0.05552475213578431,-0.30378912948557735,0.04661514202766853,-0.04641238030661776,0.10889116535422569,-1.785682733894667,-2.193033866919679,0.3108293996802598
1629,54.325,missing_tag,1,0,,,,,,,,,
1630,54.358333333333334,tracked,1,1,0.1042357462590989,0.11886412355119527,-0.3000278302141674,0.047643226463127714,-0.0435313132108181,0.11817144239179929,-1.8059790607500674,-2.1724554383225647,0.3068901288094755
1631,54.39166666666667,tracked,1,1,0.2649608715121497,0.04038795758757241,-0.3010106906275108,0.046816852131429026,-0.045263986439003534,0.1274704160625577,-1.8067146464036123,-2.168094553894378,0.3079741579806614
1632,54.425000000000004,missing_tag,1,0,,,,,,,,,
1633,54.458333333333336,tracked,1,1,0.2802687278955303,0.038393045840313944,-0.29317089522521506,0.04993718010814391,-0.038142164253445465,0.12546200342892425,-1.8188428375143024,-2.167984771995976,0.29982948563849426
1634,54.49166666666667,tracked,1,1,0.32307416558001323,0.03789965045976729,-0.2988276005133935,0.049000700719032536,-0.04402517154428259,0.12362350114137716,-1.8077038570236104,-2.1920643172317904,0.3060019921978483
1635,54.525000000000006,tracked,1,1,0.05172720234995878,0.10363113302367574,-0.29511605322380086,0.05052200959834194,-0.0419385991135105,0.13909596636664642,-1.8266756816571135,-2.1836899098666085,0.3023322748564102
1636,54.55833333333334,tracked,1,1,0.3569659495255175,0.02693724783032536,-0.2942543818675155,0.05068023151349338,-0.04003869652497283,0.13140736335483863,-1.8270884661000246,-2.173989502470907,0.301259397088147
1637,54.59166666666667,tracked,1,1,0.5618693407175752,0.05693644968717082,-0.2978638610540161,0.04973374961273111,-0.04339101342307938,0.11381932809879684,-1.815460493566207,-2.171162357575791,0.30508868484168644
1638,54.625,tracked,1,1,0.13232648016574466,0.021727408148201843,-0.2968173343173104,0.04856891036754249,-0.04245926049413584,0.13012557263239435,-1.823360716370014,-2.167450923580276,0.3037470292977913
1639,54.65833333333334,tracked,1,1,0.22309118420963958,0.049183613001540116,-0.2991628092327498,0.0481220937908762,-0.04574107444084319,0.13282799013081215,-1.8192004960983312,-2.177351796088814,0.30644145971106995
1640,54.69166666666667,tracked,1,1,0.345537870983266,0.05186145878134041,-0.29671295158495536,0.048837350445224026,-0.042553270695484924,0.12620756760097515,-1.8193643716383516,-2.168226223248112,0.30370124017469685
1641,54.725,missing_tag,1,0,,,,,,,,,
1642,54.75833333333334,tracked,1,1,0.06765568261023598,0.09031164757326361,-0.29415782076289754,0.05090280212338141,-0.04090257336622599,0.1346787833082436,-1.8231028147108255,-2.1770053253415225,0.30131866734068863
1643,54.79166666666667,tracked,1,1,0.04520618270713374,0.1345505283803886,-0.29286425009068195,0.05154434369895733,-0.03955533732905686,0.13351517454788994,-1.8248788025195657,-2.1727445912589074,0.2999848547172827
1644,54.825,missing_tag,1,0,,,,,,,,,
1645,54.858333333333334,missing_tag,1,0,,,,,,,,,
1646,54.89166666666667,tracked,1,1,0.2201148429608156,0.04906652200081826,-0.2935260928447434,0.05047330838741437,-0.03968752275779058,0.1291355383967793,-1.825025312284052,-2.1621376042733034,0.3004666728655977
1647,54.925000000000004,tracked,1,1,0.19597529409093112,0.05607498421221213,-0.2919040805051837,0.051215908001202515,-0.03890314735271999,0.1336043718961885,-1.8244182366203594,-2.1649201335405146,0.29890553076500914
1648,54.958333333333336,missing_tag,1,0,,,,,,,,,
1649,54.99166666666667,missing_tag,1,0,,,,,,,,,
1650,55.025000000000006,missing_tag,1,0,,,,,,,,,
1651,55.05833333333334,missing_tag,1,0,,,,,,,,,
1652,55.09166666666667,missing_tag,1,0,,,,,,,,,
1653,55.125,missing_tag,1,0,,,,,,,,,
1654,55.15833333333334,missing_tag,1,0,,,,,,,,,
1655,55.19166666666667,tracked,1,1,0.14165347198724226,0.06838636778311682,-0.2914678687627838,0.05069044500461703,-0.03790263291247287,0.14038039827189075,-1.8329957274707462,-2.1577239709147786,0.2982610422391485
1656,55.225,missing_tag,1,0,,,,,,,,,
1657,55.25833333333334,missing_tag,1,0,,,,,,,,,
1658,55.29166666666667,tracked,1,1,0.3191886899060417,0.05821920012891463,-0.29546425253000574,0.05029697547362655,-0.041768007224942616,0.12831737229912388,-1.8180015575541424,-2.1739224445096266,0.30261109809861975
1659,55.325,tracked,1,1,0.3201510725455574,0.034718666970961654,-0.29746757795063866,0.049515189900441514,-0.04467110868662033,0.13920699224751745,-1.8167714976693488,-2.1887131811231444,0.30485114714231915
1660,55.358333333333334,missing_tag,1,0,,,,,,,,,
1661,55.39166666666667,missing_tag,1,0,,,,,,,,,
1662,55.425000000000004,tracked,1,1,0.23010448923038918,0.03135963596206576,-0.2977435337718356,0.049380324809081416,-0.04341465820846935,0.12936390114944796,-1.8187724903537943,-2.177822242653435,0.3049171378072226
1663,55.458333333333336,tracked,1,1,0.4096755095510778,0.05543740075010395,-0.29379208926222034,0.049954446839374333,-0.04009950537964646,0.12553947711679994,-1.826537249696883,-2.1559129443980884,0.30069454402064005
1664,55.49166666666667,tracked,1,1,0.15296469702985233,0.06185739173108365,-0.29478201686613636,0.050636085555615246,-0.04058284317681876,0.12722328852389178,-1.820847651073184,-2.1731560444918046,0.30184005332025926
1665,55.525000000000006,missing_tag,1,0,,,,,,,,,
1666,55.55833333333334,tracked,1,1,0.1648827616687825,0.04652931625049608,-0.2972808263666932,0.048729028185729356,-0.04190067115723811,0.12691273907074474,-1.8264785576597315,-2.1649950589564,0.30414811220294724
1667,55.59166666666667,tracked,1,1,0.04208194521179496,0.11336739076079666,-0.2993068397437272,0.04814070076757568,-0.04475176022058919,0.12595531601009738,-1.826560415377671,-2.167614574932804,0.30643895220844813
1668,55.62500000000001,missing_tag,1,0,,,,,,,,,
1669,55.65833333333334,missing_tag,1,0,,,,,,,,,
1670,55.69166666666667,missing_tag,1,0,,,,,,,,,
1671,55.725,missing_tag,1,0,,,,,,,,,
1672,55.75833333333334,missing_tag,1,0,,,,,,,,,
1673,55.79166666666667,missing_tag,1,0,,,,,,,,,
1674,55.825,missing_tag,1,0,,,,,,,,,
1675,55.858333333333334,missing_tag,0,0,,,,,,,,,
1676,55.89166666666667,tracked,1,1,0.18510397805104692,0.03322877831661075,-0.2999108016026877,0.047062045808170305,-0.04460275304649869,0.12101779813568744,-1.8268829928261023,-2.1554678233716738,0.30683991046300346
1677,55.925000000000004,tracked,1,1,0.34683220260416464,0.036051183362927564,-0.2989621319154181,0.04708093777339828,-0.044676428450095396,0.13152588972589202,-1.8271558203363227,-2.1598732101594655,0.3059263870281394
1678,55.958333333333336,missing_tag,1,0,,,,,,,,,
1679,55.99166666666667,tracked,1,1,0.20830154743014018,0.03237154217619834,-0.2999586428346034,0.04754724058568344,-0.04494082938513444,0.12614044041576955,-1.82380654624312,-2.167020425202689,0.3070107581898618
1680,56.025000000000006,tracked,1,1,0.1395664567179537,0.0500783069233596,-0.2967242571828503,0.048917171000387366,-0.041920984921363924,0.12685665159953421,-1.8262813034262746,-2.163522801730086,0.30363719040356807
1681,56.06,tracked,1,1,0.19615147953316672,0.06737978177876106,-0.29607116549638657,0.05007266930707749,-0.04215720169773701,0.12854695132082491,-1.8195168591509592,-2.1774006413409377,0.30322044275561033
1682,56.093333333333334,tracked,1,1,0.25992819781267235,0.0721598612397259,-0.30194153979220917,0.04808065057582597,-0.04816370553918253,0.1235385292975697,-1.8179019747456007,-2.182260636647266,0.30951604957279677
1683,56.12666666666667,missing_tag,1,0,,,,,,,,,
1684,56.16000000000001,missing_tag,1,0,,,,,,,,,
1685,56.193333333333335,missing_tag,1,0,,,,,,,,,
1686,56.226666666666674,missing_tag,1,0,,,,,,,,,
1687,56.260000000000005,tracked,1,1,0.22686057080271582,0.035420583487800306,-0.3012320157092604,0.0478890038007683,-0.04649457446026467,0.12258579566827756,-1.817212851093169,-2.186768113945885,0.3085382138853066
1688,56.29333333333334,missing_tag,1,0,,,,,,,,,
1689,56.32666666666667,tracked,1,1,0.273518601539164,0.04437627440160441,-0.2955347309741938,0.05052628013258942,-0.041958140338513694,0.1277554262145906,-1.8114353234886222,-2.1934625736260926,0.30274439340257386
1690,56.36000000000001,missing_tag,0,0,,,,,,,,,
1691,56.39333333333334,missing_tag,1,0,,,,,,,,,
1692,56.42666666666667,missing_tag,1,0,,,,,,,,,
1693,56.46,missing_tag,1,0,,,,,,,,,
1694,56.49333333333335,tracked,1,1,0.31837829737774564,0.042284565380001304,-0.2939497151340206,0.04999052848941882,-0.04020872836535966,0.13353380758718406,-1.822630959587401,-2.180460409494775,0.30086912404363214
1695,56.52666666666667,tracked,1,1,0.4463879371524724,0.023318455127128157,-0.29777819497062297,0.0494128559301695,-0.042649231752566574,0.11788396938234362,-1.816336709859849,-2.183682369786437,0.30484822567996384
1696,56.56,tracked,1,1,0.2614787536632395,0.04161432078470112,-0.29795409692430436,0.049762400136078744,-0.043698167377595964,0.12355271490638993,-1.8154946562259655,-2.191947893785349,0.3052252777432455
1697,56.593333333333334,tracked,1,1,0.2828858996808704,0.01790877461894863,-0.29705877992877583,0.048944500464476653,-0.04262287610643045,0.13128883832533184,-1.8194277904600693,-2.186921097807585,0.3040660987780028
1698,56.62666666666667,missing_tag,1,0,,,,,,,,,
1699,56.66000000000001,missing_tag,1,0,,,,,,,,,
1700,56.693333333333335,missing_tag,1,0,,,,,,,,,
1701,56.726666666666674,missing_tag,1,0,,,,,,,,,
1702,56.760000000000005,missing_tag,1,0,,,,,,,,,
1703,56.79333333333334,missing_tag,1,0,,,,,,,,,
1704,56.82666666666667,tracked,1,1,0.5615499040342472,0.050197919026565785,-0.3028502412076095,0.04662093233823503,-0.049565500303625554,0.12512546340025857,-1.8197593029178132,-2.1798195281407513,0.310400577885967
1705,56.86000000000001,missing_tag,1,0,,,,,,,,,
1706,56.89333333333334,tracked,1,1,0.39656154180255565,0.05987476307148726,-0.30280575850575536,0.04712892714629141,-0.047765334976135054,0.12169240270872567,-1.816752977378776,-2.1833320800012275,0.3101515603436305
1707,56.92666666666667,missing_tag,1,0,,,,,,,,,
1708,56.96,missing_tag,1,0,,,,,,,,,
1709,56.99333333333335,tracked,1,1,0.2202168176613451,0.03847516114608768,-0.2949554913520608,0.05012519534046744,-0.040337003844032215,0.12540292347152393,-1.8224366200625894,-2.184754768717702,0.30189128997996795
1710,57.02666666666667,tracked,1,1,0.5432499061751636,0.03346111942237173,-0.3016649755391183,0.047599194164006375,-0.04815072851486496,0.12580973120141536,-1.815929201634433,-2.1917262673771347,0.30916974853402435
1711,57.06,missing_tag,1,0,,,,,,,,,
1712,57.093333333333334,missing_tag,0,0,,,,,,,,,
1713,57.12666666666667,missing_tag,1,0,,,,,,,,,
1714,57.16000000000001,missing_tag,1,0,,,,,,,,,
1715,57.193333333333335,missing_tag,0,0,,,,,,,,,
1716,57.226666666666674,tracked,1,1,0.58455921401772,0.027454183114079322,-0.3085663152486207,0.04382347620565816,-0.05156932182084534,0.09980431259589521,-1.8164409423796268,-2.1607085332376577,0.31590040032567385
1717,57.260000000000005,tracked,1,1,0.2748750656462283,0.027819050299082715,-0.2986540332756181,0.04755757535338953,-0.04376804004444251,0.11776175871919867,-1.8213332962151838,-2.163103607788817,0.3055676617291484
1718,57.29333333333334,missing_tag,1,0,,,,,,,,,
1719,57.32666666666667,missing_tag,1,0,,,,,,,,,
1720,57.36000000000001,tracked,1,1,0.23525361424961908,0.06950799096485397,-0.29557945225714743,0.05042574171784231,-0.03842718361549391,0.08546057922777107,-1.814305349929173,-2.149389623429583,0.3023021939468001
1721,57.39333333333334,missing_tag,1,0,,,,,,,,,
1722,57.42666666666667,missing_tag,1,0,,,,,,,,,
1723,57.46,missing_tag,1,0,,,,,,,,,
1724,57.49333333333335,missing_tag,1,0,,,,,,,,,
1725,57.52666666666667,tracked,1,1,0.20960517477728272,0.05006761676564933,-0.29582971759846616,0.0493867846238131,-0.03681727646730565,0.07756217296381564,-1.818918934714416,-2.1463120099870423,0.3021750951953803
1726,57.56,tracked,1,1,0.5282009586932379,0.04506103627823421,-0.298895328201343,0.04956460460032752,-0.0399900706004207,0.0715281623054081,-1.806716899721302,-2.165109849692183,0.3056047659909806
1727,57.593333333333334,tracked,1,1,0.3288720027922498,0.01608124041897363,-0.3100669784869457,0.044250943365634066,-0.04892331865757854,0.07392985493175093,-1.8101212758459984,-2.1782117692002707,0.3170065744511359
1728,57.62666666666667,missing_tag,1,0,,,,,,,,,
