frame,time_s,status,world_source_id,detection_count,error_px,ambiguity_gap_px,x_m,y_m,z_m,relative_rx_rad,relative_ry_rad,relative_rz_rad,distance_m
0,0.0,tracked,1,1,0.16013595565338226,0.5670747507037414,-0.511414100199588,-0.09808142585705382,-0.14611820647811863,-0.05899359102504328,-0.18768260855788935,-1.492120697747398,0.5408464460875093
1,0.03333333333333333,tracked,1,1,0.19845824946733437,0.5689141035733585,-0.5087943337487872,-0.09727598145269384,-0.14715035135888926,-0.05413297445473455,-0.18815170461691383,-1.4895062949936908,0.5385048899754781
2,0.06666666666666667,tracked,0,1,0.18364947620766453,0.5635266358753976,-0.5110806005909649,-0.0972361105161349,-0.14626413844809238,-0.061671189050417505,-0.18617783339249613,-1.4926717297844607,0.5404178380519006
3,0.1,tracked,0,1,0.20642053887887862,0.5658522774081165,-0.5147910121669625,-0.10418982664703313,-0.15063232122158116,-0.08169919065288728,-0.1903251975177297,-1.4934451932125947,0.546402234970929
4,0.13333333333333333,tracked,0,1,0.15722192323784842,0.5712947623335177,-0.5131445366245484,-0.09998373449042908,-0.14742561866079484,-0.0629345665218392,-0.19162995082015882,-1.4915382946394722,0.5431835561463484
5,0.16666666666666669,tracked,1,1,0.19668427563257354,0.5684988186233707,-0.5144306693599006,-0.09721187221125982,-0.15087630918728323,-0.05245659645120311,-0.18696796302500246,-1.498155463667621,0.5448419241861536
6,0.2,tracked,0,1,0.17534076127621764,0.5663953206149785,-0.5154570823405891,-0.10085852740284307,-0.14911633734261714,-0.062368821305342936,-0.19095233514613408,-1.4913733737283175,0.5459891284150445
7,0.23333333333333334,tracked,1,1,0.14450724003654744,0.568034412833788,-0.5137968473917716,-0.09631620474006508,-0.1502318378814857,-0.05078958370394688,-0.18233679257728944,-1.498383363633744,0.5439058896523392
8,0.26666666666666666,tracked,0,1,0.18690481705938786,0.5654215303953958,-0.5145262457858256,-0.09990601221088041,-0.14883498345496937,-0.062026612730491225,-0.18540258653434652,-1.4950053205450944,0.5448580743444823
9,0.30000000000000004,tracked,1,1,0.18594282011398167,0.5647620764995893,-0.513942039371085,-0.0965690233851636,-0.14994620974630335,-0.05154921994942715,-0.1862346810062109,-1.4941914206876372,0.5440090641963207
10,0.33333333333333337,tracked,1,1,0.15461473313158317,0.570804134884872,-0.5144847623070077,-0.09665648529765791,-0.15090713305694514,-0.04999043831375128,-0.18517240709555793,-1.4943593005935143,0.544802725400361
11,0.3666666666666667,tracked,1,1,0.14828216194353097,0.5689202867434096,-0.5130963680599205,-0.09843211776488442,-0.1549940237242755,-0.04852047702877716,-0.1949547216884591,-1.4941721225470814,0.5449586333972541
12,0.4,tracked,1,1,0.1700842927040507,0.5683898629451755,-0.5137060240901115,-0.09936937936253903,-0.15466279508478536,-0.04807736331546359,-0.1917658788090347,-1.4929482552340076,0.545608589489576
13,0.43333333333333335,tracked,1,1,0.17691779199984267,0.5638037532774409,-0.517620519236075,-0.09886124539762264,-0.15627825241396986,-0.050348453002287664,-0.1883526302392714,-1.4939394987592878,0.5496612047010024
14,0.4666666666666667,tracked,1,1,0.1887789382613554,0.5489680083449789,-0.5154572721817077,-0.10081990654934764,-0.15487031138321344,-0.052669667238878976,-0.19324047466164232,-1.49088875192357,0.5475816526779907
15,0.5,tracked,1,1,0.21943295484274197,0.5500822754041493,-0.5161769969735881,-0.10090780021860285,-0.15556368705284718,-0.05393049833121271,-0.19347614491162796,-1.491204773956917,0.5484716374427262
16,0.5333333333333333,tracked,1,1,0.1622006982012508,0.5689263325004322,-0.5150756425634628,-0.09915366118098312,-0.1549542216221772,-0.04879997370613143,-0.19226681602305223,-1.4939503069160167,0.5469416576622155
17,0.5666666666666667,tracked,1,1,0.14912533484829146,0.5617715974554794,-0.516816492840672,-0.09966591550837173,-0.1560163885006695,-0.05158808545048481,-0.19534157306488362,-1.4937352331232299,0.5489751319204232
18,0.6000000000000001,tracked,1,1,0.1878157637630199,0.5662470620277994,-0.5168622158790213,-0.09958832144488078,-0.1551181775331157,-0.053240820012295326,-0.19325651407843197,-1.4927928542224795,0.5487495175148458
19,0.6333333333333334,tracked,1,1,0.15510064429772336,0.5695876850424391,-0.5144543460520634,-0.09887561714951343,-0.15576648094168244,-0.05003822042731092,-0.18854572378968135,-1.4945841248858542,0.5465371519151364
20,0.6666666666666667,tracked,1,1,0.1262937871075197,0.5636566732297223,-0.5185697347954343,-0.10104540115165034,-0.15993158722773582,-0.05073047902719333,-0.19526369761522297,-1.4936993146720319,0.5519989633440338
21,0.7000000000000001,tracked,1,1,0.12740360871161488,0.5667236863869178,-0.5161350457523493,-0.09933390320684876,-0.15836363335983406,-0.04704612143136893,-0.19073690260802395,-1.494053293295335,0.548945944653037
22,0.7333333333333334,tracked,1,1,0.1602972064725592,0.5606596068411797,-0.5166996122317866,-0.09975295666611278,-0.15941445698211215,-0.04421291012230169,-0.18700317938784303,-1.4959809176157142,0.5498564455737622
23,0.7666666666666667,tracked,1,1,0.15967016702247766,0.5674563303597202,-0.5157334658904373,-0.09684097924003737,-0.15464954498967376,-0.04915145685074726,-0.1893119936298237,-1.495635292584016,0.5470609334114852
24,0.8,tracked,1,1,0.1604480759832547,0.5698409456568041,-0.5163266474185664,-0.09839340039593086,-0.15587194032266033,-0.04807175357591287,-0.19174949983625025,-1.4932766457771913,0.5482431302405179
25,0.8333333333333334,tracked,1,1,0.13275329426574467,0.5662011673221318,-0.5182565864570546,-0.10083299759541775,-0.16005418700519836,-0.04904533653234439,-0.19296557479707077,-1.4933675543776532,0.5517014823145675
26,0.8666666666666667,tracked,1,1,0.1624277094660781,0.5706719217686443,-0.516141673820975,-0.09995971717563162,-0.15993749884401964,-0.041917958699755856,-0.19313403819470604,-1.491103287085773,0.5495217703139983
27,0.9,tracked,1,1,0.14233222017623662,0.5617218933447605,-0.5175056281818269,-0.10065742731335903,-0.1630627944434842,-0.03895570714427801,-0.19933021391622008,-1.4915379904935921,0.5518455108134245
28,0.9333333333333333,tracked,1,1,0.10903728275377879,0.5607493176408006,-0.5157414145738022,-0.10046635151169975,-0.16045354193603512,-0.04229686825839708,-0.19662037044474964,-1.4906538345846283,0.5493887818407633
29,0.9666666666666667,tracked,1,1,0.15010718840699883,0.5662975718671879,-0.5176160013730886,-0.10070822869563784,-0.16153537027325893,-0.044157633651320846,-0.18939784077885474,-1.4921874401044073,0.551508973683835
30,1.0,tracked,1,1,0.14246837600821358,0.5670235986322719,-0.5164883505463134,-0.10111868355955411,-0.1599410250334508,-0.04476463214986664,-0.19344184158093122,-1.4891709762464915,0.5500603020611646
31,1.0333333333333334,tracked,0,1,0.16428137707201212,0.5617713580274872,-0.5169358377018867,-0.10466977459739107,-0.15312685381390534,-0.06374122610267537,-0.19065035637591776,-1.4832501863425316,0.5492051122975505
32,1.0666666666666667,tracked,1,1,0.19635492682570815,0.5669108323257992,-0.5173862944954604,-0.10010483298217976,-0.1609237095764513,-0.043763554154805775,-0.18808242559446528,-1.4947754525798833,0.5510045332136383
33,1.1,tracked,1,1,0.20175517464140996,0.5657959998075666,-0.5185125509192867,-0.10222054079000831,-0.15900816008517565,-0.051234370947241675,-0.18996696592784312,-1.4911346643772105,0.5518948263880542
34,1.1333333333333333,tracked,1,1,0.15441657175926715,0.5530368039738477,-0.5173351047511348,-0.09924940311055719,-0.16200157001545112,-0.03655872434370221,-0.18484836428476376,-1.4922125858292548,0.5511175585237151
35,1.1666666666666667,tracked,1,1,0.167162494207558,0.5644548374521128,-0.5181486134711266,-0.09952205841312561,-0.15800823893812121,-0.04563837876846867,-0.1839291804195445,-1.4955581401058904,0.5507714855774244
36,1.2000000000000002,tracked,1,1,0.14696563155750234,0.563333641971687,-0.5186551155153476,-0.1008878891192656,-0.15928719926224982,-0.04648157496599891,-0.18425984874880613,-1.4945692078010135,0.5518640293314935
37,1.2333333333333334,tracked,1,1,0.16426938007330036,0.5638350983756549,-0.5189385991729683,-0.09892402996440536,-0.16083814259556878,-0.038812185025193346,-0.1806678239663202,-1.4979251083069123,0.5522247201362808
38,1.2666666666666668,tracked,0,1,0.15970103359460944,0.5642526737723809,-0.5146815169361312,-0.10255959841374451,-0.15242567343163282,-0.05324050480781206,-0.18918768256158722,-1.4874299402782998,0.5464879879956671
39,1.3,tracked,1,1,0.12838101586058964,0.5650292941089516,-0.5173239509840899,-0.09956190682096983,-0.15867609108704012,-0.039634028281611305,-0.18429521906317875,-1.4936330822426835,0.5501951884870306
40,1.3333333333333335,tracked,1,1,0.1818671165046523,0.5656521751614326,-0.5164255071023856,-0.09744849904008202,-0.15719518770132157,-0.0391226318124983,-0.17787540199645904,-1.499001897843268,0.5485452045069528
41,1.3666666666666667,tracked,1,1,0.13729271448438993,0.566651385717343,-0.5174973914756775,-0.09855245835372417,-0.15732131320719323,-0.042424189114575135,-0.1784894318045577,-1.4952999549590402,0.549787352365375
42,1.4000000000000001,tracked,1,1,0.14537051347551064,0.5669497860023727,-0.5156536100661879,-0.09785736683055096,-0.15417415377823251,-0.045807932981894374,-0.17495800803557782,-1.4965360602267288,0.547032338633225
43,1.4333333333333333,tracked,1,1,0.14755112700495435,0.5789222566771768,-0.51208786550037,-0.09483617110370646,-0.15362683642746788,-0.04082420771686281,-0.18257874678072947,-1.4920635637320976,0.5429816628699798
44,1.4666666666666668,tracked,0,1,0.10299403727664756,0.5537961595831857,-0.5178346071717278,-0.10402454525772264,-0.15275928788358267,-0.05921669468368604,-0.18666288063647243,-1.485432202083437,0.5498265057592922
45,1.5,tracked,1,1,0.11021674216937226,0.5613183960549767,-0.5208532579987611,-0.10007397537196028,-0.15633859483678686,-0.05015061114502882,-0.1770838084895707,-1.4939011159820392,0.5529418352324346
46,1.5333333333333334,tracked,1,1,0.15730962166614637,0.5604584334524468,-0.5194324326998041,-0.09858209698223819,-0.15437941853149867,-0.04910507783271738,-0.17155728911313148,-1.5004845499249824,0.5507826130625182
47,1.5666666666666669,tracked,1,1,0.10698470720433488,0.5480779185041779,-0.5189099157999748,-0.0994280742293368,-0.15300093491594075,-0.05139299385900482,-0.1758655459545046,-1.496439540893532,0.5500570231763643
48,1.6,tracked,0,1,0.07038121113221028,0.5653465598155654,-0.5177875763669517,-0.10483078164274823,-0.15131837346080806,-0.0587672615551894,-0.18916517399808983,-1.484019185532253,0.5495368205740322
49,1.6333333333333335,tracked,0,1,0.1844045443422,0.5609481773785466,-0.5180936218920993,-0.10476615303509201,-0.1495206140675513,-0.05951553807639619,-0.18726810002410865,-1.4853967912805637,0.549320818737269
50,1.6666666666666667,tracked,1,1,0.20134927028254174,0.5613169727952012,-0.5184713404391348,-0.10019071825200748,-0.14990572897516247,-0.05263152248964784,-0.17637252748633467,-1.4920865612955645,0.5489284456649894
51,1.7000000000000002,tracked,1,1,0.10589664154984522,0.5656014599037682,-0.5189877305077775,-0.10007115532828592,-0.15244250236493506,-0.055101258269630936,-0.17579573300915527,-1.4946476733197307,0.5500920078256315
52,1.7333333333333334,tracked,0,1,0.19029182181095983,0.5595883320950875,-0.5184791505338945,-0.1049117928286617,-0.15034836904042959,-0.06091013105940478,-0.18939393875780736,-1.4871947055133523,0.5499379473049574
53,1.7666666666666668,tracked,1,1,0.15742798663011934,0.5609507236592355,-0.5189958324080004,-0.09987294677283004,-0.150046877968676,-0.05262795300705662,-0.17060873022125633,-1.4969317368112793,0.5494045368779807
54,1.8,tracked,1,1,0.18459539565568922,0.5649600871825979,-0.5211513318303305,-0.10201578705795594,-0.15155415496384195,-0.05962644651539222,-0.17630849606870808,-1.4929513326098178,0.5522450482932243
55,1.8350000000000002,tracked,1,1,0.13989037921263128,0.5653149882231527,-0.5212432197351915,-0.10268611960860463,-0.15162016630674574,-0.05585348904730272,-0.175909909832267,-1.4912898902609009,0.5524740791304756
56,1.8683333333333334,tracked,0,1,0.14337414536658585,0.5675322922981201,-0.5149639067468147,-0.10381897105322163,-0.148881474665839,-0.05223041266349378,-0.18783811072485918,-1.4884054858051352,0.5460145579571726
57,1.9016666666666668,tracked,1,1,0.14358969274417682,0.567387862672893,-0.5181123342759284,-0.1017847003220208,-0.15167120550387136,-0.054660546950506525,-0.17842147203853892,-1.4924855922154907,0.5493675188136741
58,1.935,tracked,1,1,0.17684099979256884,0.5664498917602796,-0.5187381531537307,-0.10172406808682771,-0.15306772969443638,-0.048824879238418814,-0.17802602650881477,-1.4907219130140246,0.5503333421112027
59,1.9683333333333335,tracked,0,1,0.11878727760683794,0.5644499794987978,-0.518202933003439,-0.10582660692330847,-0.15014456886469357,-0.059862463341032054,-0.18677296307624994,-1.4879162394507282,0.5497971826645093
60,2.001666666666667,tracked,1,1,0.14939246836683975,0.5659187010297427,-0.5201573031090809,-0.1016368913575112,-0.15381405126449127,-0.05106255668698332,-0.1782027284964921,-1.495848064662864,0.551862700342147
61,2.035,tracked,0,1,0.17590219300622703,0.5657067232021191,-0.5174271389958208,-0.10547751894641394,-0.15019917132669403,-0.05735171095888257,-0.18748943963067682,-1.4906807953525605,0.5490137905733491
62,2.0683333333333334,tracked,1,1,0.1945940759389776,0.5671234668179006,-0.5203009705249959,-0.1018496029549803,-0.15539648209602797,-0.052324154531441854,-0.1804847601948613,-1.4924153102556792,0.5524803238117725
63,2.101666666666667,tracked,1,1,0.1926890737674275,0.56799811723467,-0.520003277935646,-0.10212984778290024,-0.1568004012981622,-0.04667097123521978,-0.17941929685432262,-1.494084600199861,0.5526484241534032
64,2.1350000000000007,tracked,1,1,0.16366759903342068,0.5737049463681769,-0.5190043228675718,-0.10245079348727087,-0.153866467218559,-0.054172762659593296,-0.1827229260119909,-1.4889362203028094,0.5509415050399797
65,2.1683333333333334,tracked,1,1,0.14010650054354698,0.56480400157714,-0.5194930140015144,-0.10398973249105381,-0.15513102315489385,-0.05241463998279955,-0.1797192907694664,-1.492888433567746,0.5520439207210082
66,2.2016666666666667,tracked,1,1,0.07922376990191714,0.5681837318655144,-0.5191741774754448,-0.10324297250311021,-0.15450830375631291,-0.04951123245472655,-0.17820537367815167,-1.4916497315874795,0.551428829368066
67,2.2350000000000003,tracked,1,1,0.11646394479728178,0.5664907153003134,-0.5202746681993543,-0.10519613093127828,-0.15685692560338144,-0.05294024204921798,-0.18133968785461474,-1.490243054052688,0.5534944005521678
68,2.2683333333333335,tracked,1,1,0.17756047517428097,0.5668587606708281,-0.5184834169103104,-0.10240011565040363,-0.15722808419546974,-0.04621540934189428,-0.17857608178901416,-1.4970044378834375,0.5513905220041277
69,2.3016666666666667,tracked,1,1,0.20110008311613106,0.567069512260781,-0.5187406407985726,-0.10300938134098026,-0.1529846618960236,-0.0549875399307031,-0.17666709817833942,-1.4935064071360014,0.5505516250414723
70,2.335,tracked,1,1,0.09535983676483646,0.5661656833213777,-0.5194097579970827,-0.1030839962869336,-0.1589730980409066,-0.044716352859159904,-0.1791749997756737,-1.4939721068071334,0.5528881016026627
71,2.3683333333333336,tracked,0,1,0.18023729464137905,0.5657017341086946,-0.5172992571176815,-0.10614545182901386,-0.15140584921293887,-0.05705927828662012,-0.1896009797030395,-1.4882307991202564,0.549353355805152
72,2.401666666666667,tracked,0,1,0.14602512282613322,0.5506766180900327,-0.5179814535998386,-0.10688707106476375,-0.1513350388939036,-0.05979301072020559,-0.19316983328010098,-1.4853595634008148,0.5501199198640465
73,2.435,tracked,1,1,0.17335723130186417,0.5703962182037755,-0.5192795497600164,-0.10334116418269662,-0.15822509993506734,-0.04660727152653805,-0.1862552263756359,-1.4896412349748513,0.5525991578559114
74,2.468333333333334,tracked,1,1,0.16836097465238956,0.5572739913938729,-0.5207467610449718,-0.10319285179213139,-0.15885137288881945,-0.04503752191325489,-0.17997886911914288,-1.4933530058092428,0.5541296892140725
75,2.501666666666667,tracked,1,1,0.19186597296632207,0.5633645694754232,-0.5216637019671752,-0.10436821495335141,-0.1607691620113627,-0.04543115723131841,-0.18584676950535187,-1.4895074494371146,0.5557629581903444
76,2.535,tracked,1,1,0.20092303238168005,0.5671430561148612,-0.5204424614154908,-0.10220393414342865,-0.1576527852530512,-0.04446939211767299,-0.17681601174104342,-1.4942582224295784,0.5533176307480664
77,2.5683333333333334,tracked,1,1,0.2204218611982053,0.5677336177671078,-0.5201070744737581,-0.10158847618696892,-0.16004051145564313,-0.03850228039621648,-0.17940834016471716,-1.4938947153121998,0.5535743425400292
78,2.601666666666667,tracked,1,1,0.19643582440289017,0.5659533552210874,-0.5206601210979893,-0.10256804727444535,-0.15862378291016943,-0.04505920708364098,-0.17785764444684066,-1.4926720527011086,0.5538670152014816
79,2.6350000000000007,tracked,1,1,0.1531970726193599,0.5613540731513427,-0.5203503171761328,-0.10386798958619892,-0.15959708533560968,-0.044176133872190056,-0.1847422010765289,-1.487772011266866,0.554097682266947
80,2.6683333333333334,tracked,1,1,0.1336635019968177,0.5660880028096211,-0.5206609435387688,-0.10393409028019784,-0.15986206970104988,-0.04536143190631427,-0.1856919142676124,-1.48999402119341,0.5544781281332534
81,2.7016666666666667,tracked,1,1,0.16329898641348883,0.5608580833217807,-0.5213447691529101,-0.10451992405077415,-0.15953283032141513,-0.05018695877246959,-0.18252759258196583,-1.4912030667261997,0.5551355751499286
82,2.7350000000000003,tracked,1,1,0.14630243604744747,0.5677446613759303,-0.5208455276730182,-0.10284207227522663,-0.16001284608302918,-0.04446457431929957,-0.1824100881742583,-1.4914287942688103,0.5544913583081695
83,2.7683333333333335,tracked,1,1,0.14138916045006134,0.568730031116334,-0.5192080349854062,-0.1032128047908012,-0.15818904692394142,-0.04365579640183658,-0.18373896181400093,-1.4905840700191924,0.5524976391197485
84,2.8016666666666667,tracked,1,1,0.1802277428307587,0.5653549431352148,-0.5189559231666672,-0.10327649466001226,-0.1595744745957408,-0.04008187166921166,-0.18192638136462966,-1.4920955229867243,0.5526710572135418
85,2.835,tracked,1,1,0.11911104037623158,0.5659115264067713,-0.5216211092874384,-0.10451196830834009,-0.16009779740265312,-0.04751795605165645,-0.18184995717841612,-1.4910395336785394,0.5555561518938678
86,2.8683333333333336,tracked,1,1,0.1461023401325477,0.568347925242288,-0.5201265149261636,-0.1043457319402693,-0.15817834662072,-0.04980592078016779,-0.18438750145131713,-1.4906277893676312,0.5535702418330052
87,2.901666666666667,tracked,1,1,0.16242291128149625,0.5672231401747476,-0.5207444532437907,-0.10366548210458026,-0.16127893100485868,-0.04050022775701732,-0.18371117210138174,-1.4930021514982377,0.554916400325508
88,2.935,tracked,1,1,0.16422160348255616,0.5647862395485177,-0.519697493097556,-0.10502041607969875,-0.16032762049876476,-0.04558643762229743,-0.1863696949692022,-1.489750090259107,0.5539130960902019
89,2.968333333333334,tracked,1,1,0.14815555756844168,0.5674212814446552,-0.5199898191905543,-0.10494230089271289,-0.16011351224887355,-0.047040237783304024,-0.18695651559972093,-1.4868285706254945,0.5541106706995925
90,3.001666666666667,tracked,1,1,0.15144450365642245,0.5697010795413365,-0.5202807554350775,-0.1039902324669324,-0.16028758866445292,-0.044170876592447735,-0.18769208574992222,-1.4896848916682923,0.5542545841077784
91,3.035,tracked,1,1,0.15334268787587996,0.5676603729265701,-0.5211086199108672,-0.10355937433771994,-0.16003552229543644,-0.04633723321683573,-0.18502453329926202,-1.4918492772777645,0.5548784607055871
92,3.0683333333333334,tracked,1,1,0.1529728794028117,0.5678393994797869,-0.5202453075946031,-0.10294283868849313,-0.16087768493438692,-0.04193574939897291,-0.1823605746720478,-1.4929346815399223,0.5541967499194633
93,3.101666666666667,tracked,1,1,0.184311007283939,0.5550588964365747,-0.5203657263259291,-0.10457362588395974,-0.1590612714363438,-0.04649860293508651,-0.1859161597282929,-1.4899298667369287,0.5540908052261618
94,3.1350000000000007,tracked,1,1,0.19372267950858377,0.5666039669484212,-0.5216321583317853,-0.10393939773066624,-0.16220736350588155,-0.04464304205648857,-0.1877837963803478,-1.492788887655756,0.5560708010514664
95,3.1683333333333334,tracked,1,1,0.14428688723565491,0.5602067910316997,-0.5213394676099528,-0.10565098955431312,-0.1592213655762586,-0.05363421940404859,-0.1861152392222511,-1.4880870127103958,0.5552552704275784
96,3.2016666666666667,tracked,1,1,0.18412825315173392,0.5715612527589127,-0.5196875873534197,-0.10403357626184334,-0.1596658872958966,-0.04825323487718499,-0.18421526207336705,-1.4914121643907479,0.5535263038059103
97,3.2350000000000003,tracked,1,1,0.17271452326304448,0.5620352211972366,-0.5204939532946247,-0.104717225111702,-0.1611058461033693,-0.04523326035574128,-0.18831275855032237,-1.4895145489446722,0.5548285737955864
98,3.2683333333333335,tracked,0,1,0.14300963328270655,0.5724699701135462,-0.5163981839233203,-0.10858931865493682,-0.1527248009900089,-0.05509202742253878,-0.1904295898493645,-1.482331895332566,0.5493483315007742
99,3.3016666666666667,tracked,1,1,0.19487812483223532,0.5707209660522046,-0.5197914396000634,-0.10432444021491877,-0.1629158650665034,-0.03776533457576446,-0.18631578509538746,-1.4932447203510275,0.5546244752966006
100,3.3350000000000004,tracked,0,1,0.18207809467278524,0.5779283886698761,-0.5144044701532426,-0.10672386181451393,-0.1507006595977039,-0.05585626744118465,-0.1943582484816362,-1.4821058802841793,0.5465460917410578
101,3.3683333333333336,tracked,1,1,0.18042512934316537,0.5735537680548785,-0.5201673710761003,-0.10543689859025285,-0.1606946980893037,-0.045868292101915766,-0.18742843919889612,-1.4890925370475452,0.5545392858135167
102,3.401666666666667,tracked,0,1,0.12978481765146274,0.5671844370719787,-0.5182938490350141,-0.1084847605508037,-0.1544229706356411,-0.05836494834781816,-0.19451575829424292,-1.4845771234392087,0.5515830953530313
103,3.435,tracked,1,1,0.1533051795694639,0.5721591593924605,-0.5198601044186161,-0.10409035192877897,-0.16474909957410405,-0.03818166128363454,-0.19101115546873557,-1.489815625969669,0.5551860907310895
104,3.468333333333334,tracked,0,1,0.1586853643849581,0.5697959002461969,-0.5166109769150091,-0.10758707438919851,-0.1528205008818202,-0.05955059125231386,-0.19042466968804247,-1.4852980227624233,0.5493778167477072
105,3.501666666666667,tracked,1,1,0.14925625102684728,0.5713049836301596,-0.519006719331195,-0.10151061360323649,-0.1634944114670358,-0.03401352526146239,-0.17999677602747888,-1.4935986438873348,0.5535366310967936
106,3.535,tracked,1,1,0.1496476498348955,0.5703663459349484,-0.5197464515501229,-0.10311321595900597,-0.16337093230002608,-0.04044955895878576,-0.18622667302612622,-1.4925763763885354,0.5544896488888973
107,3.5683333333333334,tracked,1,1,0.1308366243769128,0.5699190725046342,-0.5199171267128992,-0.10223146396451432,-0.16685329335421556,-0.03225858272418051,-0.18599127866888668,-1.4936707529300624,0.5555223779262836
108,3.601666666666667,tracked,1,1,0.18722705023503453,0.574437916582985,-0.5179170304422597,-0.10193385402519928,-0.16132340932577005,-0.03957497483052324,-0.18816382140608176,-1.4932106044426976,0.5519545302061114
109,3.6350000000000007,tracked,1,1,0.15538403302967677,0.5686819480551984,-0.5194164063813562,-0.10251964869023694,-0.16497879929550008,-0.03429510861587918,-0.18561549563493968,-1.4924848408948235,0.5545463784055187
110,3.6683333333333334,tracked,0,1,0.12113855902169442,0.5695379576737454,-0.516988801468374,-0.10761645396127123,-0.15522253114858509,-0.054690423532934816,-0.19349332172734665,-1.4847332789547674,0.5504114426345783
111,3.701666666666667,tracked,1,1,0.16712280293707749,0.554493756103121,-0.5188023327283657,-0.10281735346127308,-0.16676947186477448,-0.02784967642599039,-0.1894485714501664,-1.4951500112306206,0.5545622826727671
112,3.7350000000000003,tracked,1,1,0.13155461350170317,0.5614807182356573,-0.5193769625353386,-0.10199613428538445,-0.1654235346376468,-0.02848213723060971,-0.18755627128448407,-1.492752589880235,0.5545453871718792
113,3.7683333333333335,tracked,1,1,0.10255958413885832,0.564253102948735,-0.5199762389424293,-0.10352304432372095,-0.16437594882805934,-0.034032260913428716,-0.1882513617703069,-1.490597423080733,0.555078158752342
114,3.8016666666666667,tracked,1,1,0.163740392200185,0.5671636096867532,-0.519282029704009,-0.10053681353182531,-0.16549731951576951,-0.024370836076176614,-0.18409107866875493,-1.4949184791434038,0.5542119089441808
115,3.8350000000000004,tracked,1,1,0.1220847629129721,0.5686149944873249,-0.5215284945408831,-0.10091869955053712,-0.1682049923457432,-0.03071489392531062,-0.1804256906613373,-1.4964486486338937,0.5571978768687862
116,3.8683333333333336,tracked,1,1,0.13191420016017547,0.5602763446221426,-0.5201961204365091,-0.10316875921551422,-0.16463565076478115,-0.03509368712865911,-0.18680814693976608,-1.4927805869227697,0.5552951414320197
117,3.901666666666667,tracked,1,1,0.15040117698261782,0.5746668256712278,-0.519272547137658,-0.10205848651133892,-0.16890538475735595,-0.02892138916538625,-0.19036460240421735,-1.4889718275425434,0.5555078234191188
118,3.935,tracked,1,1,0.15132413269915493,0.5651597727027381,-0.5201133460073403,-0.1027578025809136,-0.16799756910649616,-0.03209565218917244,-0.184032887354253,-1.494265171634993,0.556147679948322
119,3.968333333333334,tracked,1,1,0.12607458455273002,0.5630482364860689,-0.5213478940922847,-0.1049718537560273,-0.16642375932829706,-0.041081603129721825,-0.19005511401117947,-1.489564684746739,0.5572428415192068
120,4.001666666666667,tracked,1,1,0.19596917631753813,0.5699012518821356,-0.5199859913364334,-0.10386886647910804,-0.1684524692731773,-0.03183639458851097,-0.18845274383300323,-1.492660790120523,0.5563725433682174
121,4.035,tracked,1,1,0.16978082630483832,0.5675565146521293,-0.5211685036650109,-0.10204094867337116,-0.17094494840563024,-0.024774472567378383,-0.17861338303033578,-1.4955762926529417,0.5578988616263629
122,4.068333333333333,tracked,1,1,0.17994007385609917,0.5688680736180176,-0.5200011968663732,-0.10265257580244425,-0.1675692368098322,-0.029309116037013673,-0.18329621063679047,-1.4909960224509962,0.555894095297267
123,4.101666666666667,tracked,1,1,0.15244200894095675,0.5704634463384166,-0.5190127890608738,-0.10317341221257537,-0.16446385691418913,-0.03466168358475798,-0.18604233172276208,-1.492912384622162,0.5541366153101813
124,4.135000000000001,tracked,1,1,0.18366035944332054,0.5732724890541239,-0.5205329995115509,-0.1030295737636141,-0.1631446105632851,-0.036168338618134586,-0.18721108384680846,-1.4920435164648302,0.5551449005496224
125,4.168333333333334,tracked,1,1,0.18972011730986751,0.5750492421523974,-0.5179041462641384,-0.10312079250487627,-0.16450350306092187,-0.03398174104843827,-0.19305466774526744,-1.4918018199597483,0.5531003571538663
126,4.201666666666667,tracked,1,1,0.11606096710746258,0.5673927243984338,-0.5198025676235847,-0.10523504027895453,-0.16853200902716287,-0.03224677868528094,-0.18809229974193142,-1.4915840406321572,0.5564819503607608
127,4.235,tracked,1,1,0.18603926201017482,0.5696605309186974,-0.5168308786604832,-0.10283032703337625,-0.1651684073997115,-0.030558951561866016,-0.19095018694483057,-1.489645914837113,0.5522398356671812
128,4.2683333333333335,tracked,1,1,0.1979477585417939,0.5735328142177527,-0.5196436034688079,-0.10231599353844312,-0.16425586115237756,-0.03171625183810684,-0.18636589451735497,-1.4919273724514082,0.5545070108508237
129,4.301666666666667,tracked,1,1,0.16628048244859894,0.5579132549080097,-0.5178281510610967,-0.10195979157194152,-0.16458308533621968,-0.027407944244486435,-0.18624343252638742,-1.4909597735470848,0.5528375757015229
130,4.335,tracked,1,1,0.16014369002839376,0.5671405221683242,-0.5199667824340196,-0.10432956493527151,-0.16598042232038562,-0.035033724131967384,-0.191557698019555,-1.4896048826974548,0.5556974118601091
131,4.368333333333333,tracked,1,1,0.1569833012213702,0.5707200419374137,-0.5189756747226151,-0.10277108423794273,-0.16297441416727199,-0.03403038583149946,-0.1833368286340021,-1.4920032543310076,0.5535867649993101
132,4.401666666666667,tracked,1,1,0.13601491191117862,0.5728580450575995,-0.5204255862242677,-0.10105483276246052,-0.16274038222961656,-0.03398742188489146,-0.17868897665889755,-1.493474228050548,0.5545622616350334
133,4.4350000000000005,tracked,1,1,0.19886203705063474,0.5699723760331458,-0.5190011694950379,-0.10207720090695055,-0.1642653587637814,-0.029729632285794304,-0.18505543452161013,-1.4908068657835571,0.5538637711315021
134,4.468333333333334,tracked,0,1,0.19566851091193047,0.5711393736288104,-0.5159574105247509,-0.10764875753386366,-0.15359367477235014,-0.05373372104972752,-0.18877054442204344,-1.4821908422292969,0.5489911851788382
135,4.501666666666667,tracked,0,1,0.204165083747525,0.5696425698000465,-0.5171236421227934,-0.10782720166171178,-0.15278483061640202,-0.05832316855555804,-0.18751556522925095,-1.4848495406304827,0.549897055026685
136,4.535,tracked,0,1,0.17587790032337097,0.5708260099637057,-0.5175114575132174,-0.10852123439387523,-0.15335765534417506,-0.05759132660852978,-0.1883281518850129,-1.484682349968756,0.5505574787653763
137,4.568333333333333,tracked,1,1,0.13338053703713781,0.5710481138658557,-0.519713415953778,-0.10399185236975728,-0.16256720039679828,-0.039883027566113644,-0.184798575562657,-1.4904662241956315,0.5543865390920768
138,4.601666666666667,tracked,1,1,0.20733608194881054,0.5724680778963493,-0.5179800995954964,-0.10369885886827351,-0.1635850383771124,-0.03575472264486115,-0.18745746327761234,-1.4902227543279787,0.5530071443375608
139,4.635000000000001,tracked,1,1,0.2026364983801248,0.570135795724817,-0.5200172341407194,-0.10389145664440286,-0.16308914605724445,-0.04222635358545974,-0.18654201413669588,-1.4931047629524588,0.5548057571157142
140,4.668333333333334,tracked,1,1,0.13350405899137452,0.5701917176557746,-0.5202534456797805,-0.10416581926114987,-0.16285047309688133,-0.03888949520834441,-0.1870590644666048,-1.490630835182762,0.5550085064500444
141,4.701666666666667,tracked,1,1,0.17348885621985863,0.5701488787314484,-0.5204786223273284,-0.10489484254078313,-0.16353134387495288,-0.04089261401160702,-0.19054837876463435,-1.4891285311488731,0.5555568600251081
142,4.735,tracked,1,1,0.1257648233933913,0.5675328200524334,-0.5211036424433527,-0.10490462496635444,-0.16219241929873407,-0.0467240306901673,-0.18689232615932475,-1.4896467536110922,0.5557520736668802
143,4.7683333333333335,tracked,1,1,0.14672220853275908,0.5757483840926422,-0.5182410671353739,-0.10145301706289966,-0.16149237576480868,-0.033272367168883384,-0.1854180988323826,-1.491678031357724,0.5522194362451744
144,4.801666666666667,tracked,1,1,0.21052926110418216,0.563531230721474,-0.5214371506706936,-0.10626615931476124,-0.16322437420264851,-0.04231004181644742,-0.19109462639241864,-1.4874911124128096,0.5566250039738856
145,4.835,tracked,1,1,0.18920892757356403,0.5668690783614228,-0.5222101970004165,-0.10480228762458033,-0.1617892423419941,-0.046266811242566284,-0.18643264476138066,-1.4893429806583365,0.5566531849187207
146,4.868333333333334,tracked,1,1,0.15515655573302875,0.5658681724677904,-0.5201382470918001,-0.10395896141486433,-0.16489222551777394,-0.0332930069087955,-0.1895821693265395,-1.4924405392812747,0.5554644073047275
147,4.901666666666667,tracked,1,1,0.1476465678109753,0.568982324509443,-0.5196800938344671,-0.10509387325693303,-0.16220449929358088,-0.04547236581035564,-0.1906914629813817,-1.49012932498612,0.554456870924174
148,4.9350000000000005,tracked,1,1,0.12115336822840543,0.5698764175989113,-0.5202882005456162,-0.1031617569693139,-0.16092921511391645,-0.042110457586851655,-0.1822583320423303,-1.4912668414847472,0.5542926772068817
149,4.968333333333334,tracked,0,1,0.14801796886740484,0.5568909014426126,-0.5217238734974816,-0.11112524339326924,-0.15571357102243594,-0.06079846780813208,-0.19304606532327437,-1.4839871351787142,0.5556899640059992
150,5.001666666666667,tracked,1,1,0.14613318333810962,0.5725595977555624,-0.5183582923769832,-0.10391577615210262,-0.1633404474071546,-0.0378560420131375,-0.19145566356629407,-1.487437353304032,0.5533298379524144
151,5.035,tracked,1,1,0.17658346759674431,0.5655970238155139,-0.5213845883593973,-0.10489874096699514,-0.16332776464364773,-0.039064160683489633,-0.19313665435519736,-1.4867849241048332,0.5563466487170113
152,5.068333333333333,tracked,0,1,0.18264797717981754,0.556624341456551,-0.5186253694838914,-0.10901896644218767,-0.15412278121783768,-0.05543919374541542,-0.18958604180876906,-1.485508083571077,0.5519159724149566
153,5.101666666666667,tracked,1,1,0.16029882702538828,0.5554400611227686,-0.5229177288065676,-0.10402710920836378,-0.1624026145515945,-0.04256627175673074,-0.1805072324767637,-1.4949803061680582,0.5573501590236264
154,5.135000000000001,tracked,0,1,0.13950620192776325,0.5560711926983308,-0.5188048520482644,-0.1086183814390585,-0.15336527299126668,-0.05552849345378583,-0.18436080585909187,-1.485047082828264,0.5517946486284078
155,5.168333333333334,tracked,1,1,0.18659629906183986,0.5676484960326668,-0.520360996083903,-0.10328066721978413,-0.16474339753007006,-0.03221780857837048,-0.1821029998431771,-1.4931198608740792,0.5555023397759421
156,5.201666666666667,tracked,0,1,0.20458626510078298,0.565078647742387,-0.5201298687936782,-0.10983172060454288,-0.1551787386633322,-0.05806070445434307,-0.1898728640491261,-1.4835122524589468,0.5537856337929199
157,5.235,tracked,0,1,0.13722840956797935,0.5490051186568587,-0.522615003416846,-0.11158468711663116,-0.15677653123951324,-0.06135045460350019,-0.1940885328484194,-1.4819595162101142,0.5569169282243094
158,5.2683333333333335,tracked,0,1,0.15545779425201067,0.5601182340033858,-0.5195426712232971,-0.10948143889429923,-0.15430573323476954,-0.05816842028876949,-0.18712611033639515,-1.4849152336388534,0.5529204572027744
159,5.301666666666667,tracked,0,1,0.18918391362047537,0.5628022643015326,-0.5193808491138818,-0.10982884577490448,-0.15451421338429122,-0.05494208289340158,-0.19133145799230827,-1.4821369179475001,0.5528955452237528
160,5.335,tracked,1,1,0.19771629149255912,0.5684505368662764,-0.519968140102088,-0.10530404948321648,-0.15850224786038764,-0.046324707628537076,-0.1839577391323757,-1.48620505587988,0.5536955590715751
161,5.368333333333334,tracked,0,1,0.16086744105489503,0.5661138011407234,-0.5206076122249627,-0.10967318769086087,-0.15468435409315856,-0.05910168686963187,-0.18868621338669087,-1.4823353638617702,0.554064746582987
162,5.401666666666667,tracked,1,1,0.20254900956710017,0.5665746066050634,-0.5216758917465762,-0.1047163859140528,-0.16287627262389598,-0.04510848594082645,-0.18449469593855236,-1.4915098064972891,0.5564529968401105
163,5.4350000000000005,tracked,1,1,0.20953221748462983,0.5610837826481339,-0.5214789115196818,-0.10479809191222011,-0.16394380727575586,-0.03777479959232351,-0.18585367029258248,-1.4923857634051654,0.5565972216713487
164,5.470000000000001,tracked,1,1,0.16462870138907285,0.5640122760053595,-0.5206666416799499,-0.10459543071191812,-0.16356248437449217,-0.04186830737484932,-0.185061022360486,-1.4931434762442686,0.555685740485434
165,5.503333333333334,tracked,0,1,0.18737893712888115,0.5670435232668636,-0.5200995985375954,-0.10997752142099843,-0.15520460439904638,-0.05651732485671572,-0.1938888927817936,-1.4841065495422017,0.5537933882266368
166,5.536666666666667,tracked,1,1,0.1904638869884712,0.560111720387073,-0.5196534813936049,-0.10433004136958035,-0.16553491181239033,-0.033490072818155206,-0.1923464060787215,-1.4908378912734386,0.5552713798543986
167,5.57,tracked,1,1,0.21018538689444066,0.5582315232043602,-0.5207310650769548,-0.10517427722982564,-0.16681290066478116,-0.03451238333636354,-0.18784648634639806,-1.4928436708688462,0.5568204509132132
168,5.6033333333333335,tracked,1,1,0.17240313974993607,0.5616167521457694,-0.5216065547784157,-0.10444419966260887,-0.16566106203901926,-0.034186792736114927,-0.18884664354799094,-1.491556156594293,0.5571584840122845
169,5.636666666666667,tracked,1,1,0.15289064092481536,0.5624663614958381,-0.5203891371582057,-0.10336162132813498,-0.16776606540105876,-0.028532338183441332,-0.1858844125808035,-1.4936924522687556,0.5564475999912255
170,5.67,tracked,1,1,0.2507794843115453,0.5539897343291853,-0.5201504416103324,-0.10468178606241185,-0.1669799569360373,-0.03130356529009433,-0.19317974599401241,-1.4889198216123032,0.5562347204723931
171,5.703333333333334,tracked,1,1,0.17128911723869583,0.5567226951039057,-0.5218190620809242,-0.10719031932598605,-0.16789908658905595,-0.040329933447972956,-0.19760264352529436,-1.4885082025656247,0.5585472239530527
172,5.736666666666667,tracked,1,1,0.14447324417513474,0.5621942733482503,-0.5212973076701863,-0.10439428145658541,-0.164449291005077,-0.0420457255747816,-0.19293016776782823,-1.4909781293182647,0.5565003309047482
173,5.770000000000001,tracked,1,1,0.1785237916460033,0.5677114922177605,-0.5190842242950966,-0.103511270647143,-0.16386715083996556,-0.030500975329661985,-0.18676586499361808,-1.4918936304191734,0.5540897564361178
174,5.803333333333334,tracked,1,1,0.24839212983332631,0.5638561652171266,-0.5217824053734008,-0.10399184439462578,-0.16803216099294704,-0.03234280075310432,-0.18778017386615728,-1.494792386134063,0.5579480167415309
175,5.836666666666667,tracked,1,1,0.22705450361695426,0.549516367783562,-0.5227680568632223,-0.10460710206155704,-0.16761853203512644,-0.03353129195522166,-0.18729496626426148,-1.494930842578072,0.558860500804876
176,5.87,tracked,1,1,0.1816090938863426,0.5620356804909126,-0.5216223023979809,-0.10568785996736757,-0.16345275183967684,-0.04104252585771422,-0.19250204928774023,-1.4908458289425028,0.5567553791275084
177,5.903333333333333,tracked,1,1,0.14786015037031996,0.567765590090458,-0.5221589646227035,-0.10387070563674466,-0.1649629615599124,-0.038749361230471596,-0.19076791181742314,-1.4926103854522441,0.5573615402159949
178,5.936666666666668,tracked,0,1,0.13794220040038793,0.5657431361153139,-0.5205356227480245,-0.11057406121282648,-0.15587892350942106,-0.060347786887797954,-0.1933530011986405,-1.4861955517512133,0.5545107720840303
179,5.970000000000001,tracked,1,1,0.13315421856641774,0.5674309421719659,-0.521569450901413,-0.1051559806331056,-0.16804367164676692,-0.03529804662522595,-0.19457597420903242,-1.4901226936878114,0.5579705619089935
180,6.003333333333334,tracked,1,1,0.18731938757638775,0.5646312137085031,-0.5218133752096439,-0.10640147034079656,-0.16867744004581053,-0.03759638138160062,-0.19451162605012745,-1.490703276314171,0.5586255903722743
181,6.036666666666667,tracked,1,1,0.12827642782194995,0.5667861790113086,-0.5204307706424975,-0.10525606394125947,-0.16994452086106937,-0.03000877213863102,-0.1974180624010415,-1.4920218472572186,0.5575017185611617
182,6.07,tracked,1,1,0.17047080505660228,0.5733685063646363,-0.519148696544265,-0.1026687778445125,-0.16726022766386767,-0.029306774527819334,-0.19574175263466342,-1.4922166571980757,0.5550065142193054
183,6.1033333333333335,tracked,1,1,0.16463610375633828,0.5681894143280481,-0.5218819907598113,-0.1031810743108974,-0.1720493219367586,-0.021529540657402934,-0.1912762031905682,-1.4936165750181483,0.5591136875039576
184,6.136666666666667,tracked,1,1,0.1250455946104457,0.5673699762548535,-0.5220847990393591,-0.10410239837207308,-0.17096335997448037,-0.02727270287117503,-0.19723817477228583,-1.4937142926393812,0.559140695342907
185,6.170000000000001,tracked,0,1,0.12369891756123251,0.5540381603267179,-0.5230679028840205,-0.1143137358713136,-0.15979082491768848,-0.061683254126503106,-0.19828279859936404,-1.4819816261381782,0.5587492899004158
186,6.203333333333334,tracked,1,1,0.12540908509223822,0.5676144087587893,-0.5211736690943269,-0.10406913805456325,-0.16702172566639367,-0.03518329217739477,-0.1927501423216556,-1.4931665209799245,0.5570894324049263
187,6.236666666666667,tracked,1,1,0.19341409004402196,0.5684815578106267,-0.5210957665745926,-0.10722486914963425,-0.16812278881358905,-0.03583033390578005,-0.20166369761337422,-1.4900462491186435,0.5579455552512064
188,6.270000000000001,tracked,1,1,0.13737040686370308,0.5486509734664665,-0.521644406031528,-0.10484661740140128,-0.1721738933539259,-0.02472981265420703,-0.19212560966092562,-1.494799568175167,0.5592401533126448
189,6.303333333333334,tracked,1,1,0.14125944265283416,0.56514551238017,-0.5233486458470074,-0.10791107135053501,-0.1737268618130839,-0.030620409510087584,-0.20437185464815733,-1.490037116032144,0.561889336920838
190,6.336666666666667,tracked,1,1,0.1541037632518165,0.5650310745790643,-0.5219775038736688,-0.10573151995205521,-0.1745254514737632,-0.024748855554565696,-0.19551215313302553,-1.4898998154326955,0.5604451820416325
191,6.37,tracked,0,1,0.16289382025732216,0.5656260255131732,-0.5213754928286057,-0.1148820467528252,-0.1599656909380796,-0.05715566304803886,-0.1980530289813255,-1.4799266139734915,0.5573323169040955
192,6.403333333333333,tracked,0,1,0.1503113558547022,0.5624527779214425,-0.5230718163566254,-0.11483036128453017,-0.16042014473331162,-0.06093877111868168,-0.1992750145209428,-1.4811668530971747,0.5590391397528545
193,6.436666666666668,tracked,1,1,0.15609734648614856,0.5683053805786598,-0.5210030168978756,-0.1039617338378816,-0.17650526037215175,-0.016294435696327898,-0.1929726363882435,-1.492811543053647,0.5598270203002957
194,6.470000000000001,tracked,1,1,0.1502247493700842,0.5511966040769446,-0.5253637181128895,-0.10710022636059585,-0.17649284779423902,-0.027296594381549525,-0.19441179139575757,-1.4922707110699158,0.5644707433679897
195,6.503333333333334,tracked,1,1,0.1618344215175467,0.5608593840816315,-0.5253856434172277,-0.10775207605994386,-0.17827749551832478,-0.025088767514410457,-0.19672418216537796,-1.4915783120957564,0.5651755918406673
196,6.536666666666667,tracked,1,1,0.14156600914121095,0.5553050871458792,-0.5237092352554409,-0.10367849934420403,-0.18073957756401698,-0.010642137915687423,-0.18775540803433247,-1.495815543900476,0.5636376399923307
197,6.57,tracked,0,1,0.14788142735270704,0.5623196509725639,-0.5216882555847216,-0.11678452931795186,-0.16096563305503248,-0.05524945882719192,-0.1986991650158954,-1.4771528356096923,0.5583074397926763
198,6.6033333333333335,tracked,0,1,0.13379490661276225,0.5643841912189348,-0.5215117781354329,-0.11384568158471325,-0.15980117293445933,-0.053378670571929056,-0.19307287725007455,-1.4818299340312016,0.5571999540745656
199,6.636666666666667,tracked,0,1,0.19067024459130738,0.5673755403746246,-0.521365633995861,-0.11358808451027724,-0.1598203898360941,-0.056639111613036336,-0.19788890808515594,-1.4804109449385674,0.5570160987457913
200,6.670000000000001,tracked,1,1,0.1290566669441816,0.5674739144844588,-0.5237825474413929,-0.1073964616606164,-0.17775998522709946,-0.023123360326021324,-0.20313693729270532,-1.4895500177804497,0.5634543187600516
201,6.703333333333334,tracked,1,1,0.18512302052854746,0.5631414961258256,-0.5232330294733887,-0.1080150437687939,-0.18045228667727115,-0.019362451817198163,-0.20664729364501822,-1.4895000543518977,0.5639176186104939
202,6.736666666666667,tracked,0,1,0.16386064743745493,0.5711150078952085,-0.5199159492015439,-0.11496821768048676,-0.16035393116337515,-0.05478872821659714,-0.2001018890114988,-1.4776333336759786,0.556096815806671
203,6.770000000000001,tracked,1,1,0.1635365352114141,0.5634197134460688,-0.522552104406216,-0.10840166959115455,-0.1795668163097729,-0.0215814796561699,-0.20546969175276536,-1.4870119495112013,0.56307713975009
204,6.803333333333334,tracked,1,1,0.20129449262568072,0.5709740828133791,-0.519608767622475,-0.10700629656429395,-0.17903574169639297,-0.010240984698443105,-0.20178152721694564,-1.4872528017699311,0.5599083993827297
205,6.836666666666667,tracked,1,1,0.15494304601187675,0.5730636456312139,-0.520608032803253,-0.10659030769790667,-0.18331666365248478,-0.008418421332605988,-0.2074544447226239,-1.4912458891480922,0.5621380761762056
206,6.87,tracked,0,1,0.15170992898993998,0.5821095294157848,-0.517527688941241,-0.11242311029348401,-0.15743076242876464,-0.05721066404210718,-0.20178025597823698,-1.4754858846624535,0.5525018638048427
207,6.903333333333334,tracked,1,1,0.14598327907074893,0.5732641765434846,-0.520885871125139,-0.10976522811896167,-0.18617120166206097,-0.012031189265588094,-0.21769564134742628,-1.4862970560840658,0.5639416746172412
208,6.936666666666668,tracked,1,1,0.19410000089046286,0.5588861108242694,-0.5196101656222682,-0.10961193554764093,-0.18726111502981801,-0.005215487025213378,-0.2151405887474724,-1.4836871961766516,0.5630952191545511
209,6.970000000000001,tracked,1,1,0.1412119621458755,0.5734307626989646,-0.5198572972235349,-0.10900763522528634,-0.1916329288104237,0.003010655251803684,-0.21753405353379981,-1.4891594081683046,0.5646746438600097
210,7.003333333333334,tracked,1,1,0.21036707036109992,0.5787199141049635,-0.5171095707355424,-0.11072565313092075,-0.19242700630339366,0.003023971013855324,-0.22828609469375255,-1.481918538482135,0.5627527264815803
211,7.036666666666667,tracked,1,1,0.1623627250880323,0.5722586000939073,-0.5190297543460172,-0.11149078620102687,-0.19752185084039936,0.0033904454297840245,-0.23234374839557628,-1.4836806906495075,0.5664247195026246
212,7.07,tracked,1,1,0.15629102741239476,0.569019782127908,-0.5191012690795838,-0.11183329231394779,-0.1961034880452875,0.003307570510945442,-0.23150862030127875,-1.4843317236293354,0.5660648291965679
213,7.1033333333333335,tracked,1,1,0.194249604322421,0.577964793752259,-0.517124810859639,-0.10844339813007736,-0.1976134456396048,0.011124602800201857,-0.23278144848934573,-1.486497653616754,0.5641179969671
214,7.136666666666667,tracked,1,1,0.22561948830886247,0.5696273828802264,-0.5177377045862601,-0.1108790779121363,-0.19790973591835542,0.008443512834940527,-0.23321971970521138,-1.4847515012382069,0.5652563703667286
215,7.170000000000001,tracked,0,1,0.12127173301781742,0.5780685797832212,-0.5197627171938154,-0.11774091516801,-0.16512966987925282,-0.05589935322436449,-0.20743066351180864,-1.4756682331463657,0.5579283226040148
216,7.203333333333334,tracked,0,1,0.19359887225676287,0.5801157668076476,-0.5184560379773131,-0.11825825388367128,-0.1647060461898836,-0.058858670822764504,-0.21199587745262344,-1.4738855387616563,0.5566953920936045
217,7.236666666666667,tracked,0,1,0.14417348013290054,0.5756523360612136,-0.5205449232750404,-0.11948368597326614,-0.1650225283885849,-0.06266018751120014,-0.21013718436506623,-1.475388890565874,0.5589953517131758
218,7.270000000000001,tracked,0,1,0.185987207257622,0.5746138573078288,-0.5213714188505719,-0.1197405641328031,-0.16671040558320877,-0.06247678436520882,-0.2109270074849111,-1.4739574097319845,0.5603198358284476
219,7.303333333333334,tracked,0,1,0.21607989742859124,0.5708461739055326,-0.5224198392002095,-0.12006903493777482,-0.1684096740244243,-0.06142285888097471,-0.2112962314482965,-1.4750047847374277,0.5618726544741914
220,7.336666666666667,tracked,1,1,0.14427038619948515,0.565456821116005,-0.5193474595307241,-0.11245801701792058,-0.2021959498535426,0.00994040671340892,-0.2347527487503904,-1.4873634770832627,0.5685523647385493
221,7.37,tracked,0,1,0.1928746760892099,0.5712523133841593,-0.5225653364673893,-0.12007568480954517,-0.16775715653892032,-0.06542118880207418,-0.21658329013891953,-1.4727837948563371,0.561814172596047
222,7.403333333333334,tracked,1,1,0.14654722248269658,0.5774217606463123,-0.5168784519121086,-0.11053366764791989,-0.20230679653814332,0.015126928374339323,-0.2405123799519812,-1.4845634269939443,0.565958537050449
223,7.436666666666668,tracked,1,1,0.19588346653289165,0.5725188041398541,-0.5181136615512478,-0.11086206853239355,-0.20738976545316495,0.020134573866419606,-0.23849010749726146,-1.4843703007652,0.5689839007740385
224,7.470000000000001,tracked,1,1,0.07680446482565703,0.5681553290120152,-0.5210343521512886,-0.11286425890744028,-0.20857495260011816,0.015032928993548227,-0.23936301545400424,-1.4875894202979925,0.5724671588070186
225,7.503333333333334,tracked,1,1,0.14826834752209347,0.5759852186934828,-0.5174057675209124,-0.1129081093225171,-0.2042167686758224,0.014007616104763457,-0.24404281994223437,-1.4839662832209148,0.5675926867244542
226,7.536666666666667,tracked,1,1,0.2003798362034242,0.5604443789211642,-0.5170883550903639,-0.11091890484234473,-0.20643728539141426,0.019397364342548542,-0.24282010296838785,-1.4818472814594048,0.5677144733237471
227,7.57,tracked,0,1,0.13860513173402766,0.5713624479204594,-0.5188861538759053,-0.11881355854791203,-0.16693870321666315,-0.058946127475613494,-0.21736292896201198,-1.4733117849080763,0.5578781524765143
228,7.6033333333333335,tracked,0,1,0.14835279203405588,0.5767863984357249,-0.5215704374917811,-0.12108874710017298,-0.16634455541566706,-0.06412009043249732,-0.21066541672861244,-1.4754901673248424,0.5606859344197013
229,7.636666666666667,tracked,0,1,0.14785522691870845,0.572276244830852,-0.5195234050868986,-0.12030789937905018,-0.1681596472964943,-0.060567148111741985,-0.21562012300192065,-1.4743669819274017,0.5591567097558311
230,7.670000000000001,tracked,0,1,0.10945328348691069,0.5792286479370539,-0.5191580605776546,-0.11976227692396763,-0.16606249919785376,-0.062193164415648414,-0.2142889115612444,-1.4741891478131903,0.5580724401693762
231,7.703333333333334,tracked,0,1,0.15464018227157447,0.5811725831749258,-0.5181561441419316,-0.11910453709701108,-0.16697758373886346,-0.059243114614091305,-0.21603316655963647,-1.473686790637826,0.557272997677437
232,7.736666666666667,tracked,0,1,0.15158579169096187,0.5884267172795806,-0.5138974376194703,-0.11720648444410109,-0.1648697187375498,-0.053045531103411515,-0.21947363949699392,-1.4720328561932348,0.5522770686387417
233,7.770000000000001,tracked,0,1,0.2525626905803443,0.5756434764727826,-0.516387872767096,-0.11739073391924026,-0.16714316641627247,-0.05708919754095377,-0.21830961420850514,-1.4740312078502014,0.5553141972169289
234,7.803333333333334,tracked,1,1,0.22673534679903598,0.5768860993299101,-0.5176773628990903,-0.11167977506184062,-0.20728947792869978,0.018047755575494793,-0.24141469872473173,-1.486016766394,0.5687100771711124
235,7.836666666666667,tracked,0,1,0.20520300167003275,0.5829287422749945,-0.5192399895753091,-0.11861682014561697,-0.16565051745020815,-0.057119020672434094,-0.21211029626057848,-1.4740809026873767,0.5577815080541363
236,7.87,tracked,0,1,0.14701475550649637,0.5789534282391039,-0.5198692045950111,-0.11823516620035396,-0.16747697464552463,-0.05488111410886795,-0.2089438080277617,-1.4779276763016744,0.5588309954262491
237,7.903333333333334,tracked,0,1,0.13730758336938428,0.5856750129195758,-0.5162679682529128,-0.11700698876642429,-0.1643363869312705,-0.053781473714739986,-0.21320507935746189,-1.4741139007061086,0.5542830491128165
238,7.936666666666668,tracked,1,1,0.1292835547185774,0.5790091051455204,-0.5173363380384166,-0.10802567099150162,-0.1994310824854168,0.01553726158960829,-0.22645256987334372,-1.487952398361531,0.564870948898479
239,7.970000000000001,tracked,0,1,0.22579624814293847,0.5859545313952852,-0.5162072696456895,-0.11633305844491382,-0.16189590932370107,-0.05218026377656222,-0.2105217704164128,-1.471378967824207,0.5533657119644778
240,8.003333333333334,tracked,1,1,0.12261213487567228,0.5852100821444443,-0.5167502395258533,-0.11032023017794312,-0.19625164370100312,0.011095254090078022,-0.2311982299774365,-1.4825199642577496,0.5636630827825134
241,8.036666666666667,tracked,1,1,0.17060757436882842,0.5835397133236675,-0.5220862134909775,-0.10953475589956901,-0.1902617256476013,-0.007625771442653414,-0.21681103735817958,-1.4840026233307027,0.5663668434095765
242,8.07,tracked,1,1,0.20625355717448565,0.5993020716974409,-0.5127217940637234,-0.10487110772610186,-0.18874194055852095,0.01057275104536231,-0.22556934118380662,-1.4817703786004441,0.5563318321554315
243,8.103333333333333,tracked,1,1,0.18303667752859637,0.5892580274359482,-0.5168493993350709,-0.10532323190018822,-0.18502718544085583,0.0040684807435959,-0.21257245712260128,-1.4875412256736744,0.5589824184382629
244,8.136666666666667,tracked,1,1,0.08501012208933494,0.5434373083074895,-0.5201662743571513,-0.10793956056884346,-0.18835628130167048,0.0012489773166212373,-0.21025367490509347,-1.4894955220611075,0.5636505924951984
245,8.17,tracked,1,1,0.10466925912845217,0.5733314632046345,-0.5212701021593316,-0.10799534184960541,-0.18385761344575957,-0.00853085129053101,-0.2070636898242995,-1.4902215339619993,0.5631954681000048
246,8.203333333333333,tracked,1,1,0.1381226823637833,0.5245542950566664,-0.5223001649648975,-0.10749625839925614,-0.18458810807252918,-0.008536225415464144,-0.20469746428063804,-1.4888435703259963,0.5642921916294735
247,8.236666666666666,tracked,1,1,0.17119854144209148,0.5760588247833552,-0.519875798375116,-0.10738379986277319,-0.187569522588047,-0.00038513502168546364,-0.2070910909246691,-1.4886834872226302,0.5630137227573057
248,8.270000000000001,tracked,1,1,0.15679366865988978,0.5777323159471008,-0.5193429076079086,-0.1033590535239774,-0.1810027147263743,-0.0030283056351105824,-0.1992631652102209,-1.491834180184586,0.5596089101920432
249,8.303333333333335,tracked,1,1,0.19418787087451553,0.5758925757163587,-0.5215963124694586,-0.10674762759592543,-0.1836024691386559,-0.007827893994911997,-0.20229191605811528,-1.4943531688567164,0.5631763807661917
250,8.336666666666668,tracked,0,1,0.11416195606292223,0.5727706376410038,-0.5212585538594672,-0.11491366193602492,-0.1604259183204922,-0.05421006696399427,-0.19979094244177453,-1.4825458439768806,0.5573617361643901
251,8.370000000000001,tracked,0,1,0.20156983680653875,0.5711954272965636,-0.5199484801965105,-0.11448344695620516,-0.16013603405742688,-0.053478882784844334,-0.2010320007255751,-1.4786191586667135,0.5559644153084591
252,8.403333333333334,tracked,0,1,0.20463144504306988,0.5793373557808413,-0.5185743576134516,-0.11538540130670494,-0.15991522465207492,-0.05091866625860982,-0.2014824477361437,-1.4751967561390478,0.5548026985194259
253,8.436666666666667,tracked,0,1,0.16444378662802073,0.5524404228268107,-0.5209901257362416,-0.11576428484064122,-0.1618458075778797,-0.056531818521992704,-0.20485380574740678,-1.4754530959656045,0.5576971814433581
254,8.47,tracked,1,1,0.13513586119625642,0.5804789427290747,-0.5220703171628279,-0.10447458928420977,-0.1798377766980937,-0.011069836727745495,-0.19831397592658076,-1.4922657576204292,0.5619732927785034
255,8.503333333333334,tracked,0,1,0.15263772915160567,0.5699453184812882,-0.520240334253687,-0.1150904259439951,-0.160887680107345,-0.053646680744308284,-0.201695343373525,-1.4768316824160204,0.5565794257234825
256,8.536666666666667,tracked,1,1,0.20716615258311,0.5874853316062905,-0.5187670887725743,-0.10282436617621976,-0.18035347972248061,-0.005359164904395697,-0.19924099572418183,-1.4925054814163508,0.558766069407512
257,8.57,tracked,1,1,0.11823010556692555,0.5777376134409653,-0.5231094703944671,-0.10532927485128246,-0.18172104713152065,-0.008292205899567997,-0.19287475976670646,-1.4942848696297708,0.5637023267005851
258,8.603333333333333,tracked,0,1,0.1821693541761268,0.578496641350028,-0.5195310804525427,-0.11461201148384237,-0.15905710775446097,-0.05487876766300551,-0.19988611621144514,-1.4793581535349485,0.5552905728173071
259,8.636666666666667,tracked,0,1,0.15876514667910827,0.5795212623675452,-0.5198265216369765,-0.11537038591643783,-0.1601825546058122,-0.05468514263535999,-0.20366484642135807,-1.4784136933994065,0.5560471107233179
260,8.67,tracked,0,1,0.21737298886054954,0.5751818171084876,-0.5215480637185045,-0.11563417729728859,-0.1608004789281382,-0.05733002640326563,-0.20066814620480727,-1.4794737307367571,0.5578892719449448
261,8.703333333333333,tracked,1,1,0.20203355827592553,0.5838282451799869,-0.5198756779898517,-0.10532669981910597,-0.18230787204660842,-0.0031792287505854008,-0.2039556341813548,-1.4911016614463217,0.5608926764278124
262,8.736666666666666,tracked,0,1,0.1292533620594152,0.5816034914843502,-0.5191034246648183,-0.11480518061607703,-0.15918753228128374,-0.051411861571272664,-0.19932202481141156,-1.481427653955713,0.5549678057588904
263,8.770000000000001,tracked,1,1,0.15732828390115738,0.5838679241635146,-0.5212524906083762,-0.10469824354049201,-0.17798214480343866,-0.012014646839217909,-0.19598016169906685,-1.4937983173290896,0.560663468610834
264,8.803333333333335,tracked,0,1,0.12152831899761951,0.5819127398553662,-0.5190413970830832,-0.11485626802677196,-0.1589671093037241,-0.05342763171404154,-0.19816128791025073,-1.4796439984866487,0.5548571672343962
265,8.836666666666668,tracked,1,1,0.20033889090814228,0.5769145271025972,-0.5236105651471428,-0.1083348824597341,-0.18030882107381235,-0.01682863713925927,-0.20144980947101318,-1.4897726222572516,0.5642833877125064
266,8.870000000000001,tracked,0,1,0.27864775108075557,0.5786792530143446,-0.5212139954849742,-0.11653015098307046,-0.15989744189329164,-0.059144503158009815,-0.20189531649632833,-1.474685131157691,0.5575038090466884
267,8.903333333333334,tracked,0,1,0.2334941623441251,0.5795496831028932,-0.5200637792301526,-0.11535338686126972,-0.1593047667788558,-0.05570657281753332,-0.20003025961118442,-1.4774747465312321,0.5560132615738407
268,8.936666666666667,tracked,0,1,0.14104174752881335,0.5834710722512333,-0.520335158107067,-0.11588315745410943,-0.15860854671312974,-0.05756378917909795,-0.19910913875181643,-1.479979800598957,0.5561782574267816
269,8.97,tracked,1,1,0.18199234212586352,0.5764075388049965,-0.5228180742533908,-0.10778166753228074,-0.18111998323070588,-0.01551486677209866,-0.19951124273957543,-1.4900984018627477,0.5637021154364726
270,9.003333333333334,tracked,0,1,0.16309096254538288,0.5869299810400849,-0.5161678042204834,-0.11367183179796986,-0.15590407689664015,-0.049731379213732975,-0.19406049485992838,-1.4772502217601793,0.5510504229660791
271,9.036666666666667,tracked,0,1,0.1533155055619741,0.58862980096352,-0.5181143882686876,-0.11340225371243534,-0.15723954495552173,-0.052814302938464036,-0.19616115322643346,-1.4785925761940417,0.5531969495359816
272,9.07,tracked,0,1,0.2253393577754008,0.5870963197051332,-0.5198699854712376,-0.11550019182384946,-0.15862070467849276,-0.057038437504377475,-0.19923833112710254,-1.4767016134237125,0.5556668282864404
273,9.105,tracked,0,1,0.15391225765911554,0.5868350468871332,-0.519389977494439,-0.11624638685631844,-0.15819281647668199,-0.05917754261953597,-0.19855154405394207,-1.4789554495510329,0.5552514190559515
274,9.138333333333334,tracked,1,1,0.21321554937405304,0.5870627936753966,-0.5220204953663351,-0.11221433515075563,-0.17536257938175542,-0.031328116550353155,-0.20945832904973796,-1.4810118820328353,0.5620048832912953
275,9.171666666666667,tracked,0,1,0.18990403341505072,0.5757645609228828,-0.5176860633538556,-0.11433502597540907,-0.1555055066827531,-0.053584775978969115,-0.19291803025550644,-1.4789780065293385,0.552497349282573
276,9.205,tracked,0,1,0.14870558983443932,0.5853910364350927,-0.520398645644892,-0.11550002760650702,-0.15710014455520294,-0.06163900781774708,-0.19757307337685157,-1.4787246473458941,0.5557296664614977
277,9.238333333333333,tracked,0,1,0.1472520490627353,0.5894315867030233,-0.519285725801941,-0.11570807073064532,-0.15665127136192042,-0.06021487639844487,-0.19648261448167892,-1.4783153817066128,0.5546040420634912
278,9.271666666666667,tracked,1,1,0.2049597011324147,0.5933774440833707,-0.5199713646357437,-0.10863720509911606,-0.17793027382753024,-0.01612450116716717,-0.20359418629679024,-1.4837752157808395,0.5602066089553432
279,9.305,tracked,0,1,0.2409345742524558,0.5933464754675299,-0.5178347242208576,-0.11466890015873837,-0.15556412248142953,-0.05448859847727081,-0.19498363821628908,-1.4777886409362544,0.5527223122653215
280,9.338333333333335,tracked,0,1,0.2269970822070863,0.5772318375046428,-0.5205768090419507,-0.11692993717700262,-0.15810368593074126,-0.062011709865901335,-0.1961693692057235,-1.4803500997485954,0.5564796490667057
281,9.371666666666668,tracked,1,1,0.2108352889882785,0.5962418310123258,-0.5180456017280352,-0.11204821762259198,-0.17957972134553096,-0.02100356423036474,-0.22158987334070895,-1.4798211635488585,0.559620339927616
282,9.405000000000001,tracked,1,1,0.15144227086918224,0.5967417391696026,-0.5162112612595653,-0.10870071509290807,-0.17954589662683507,-0.01625422130252209,-0.21265822737020149,-1.4853603159380995,0.5572491729096014
283,9.438333333333334,tracked,0,1,0.16666752124324277,0.6011378265741371,-0.5155922301039966,-0.11196795020027417,-0.15371456660444222,-0.05557925142325125,-0.19713535024431642,-1.4777618308374705,0.5495455737261971
284,9.471666666666668,tracked,1,1,0.16979456239614577,0.5999467236689819,-0.517213903814844,-0.10871879872625995,-0.1784828178280647,-0.01136010758057406,-0.2109710110408336,-1.4834594805183943,0.5578405827435987
285,9.505,tracked,1,1,0.1031020625551397,0.58905195277416,-0.5169056102958209,-0.11086297877461843,-0.17866261268591987,-0.01613443917673113,-0.216946856042679,-1.4826301349693891,0.5580343530552896
286,9.538333333333334,tracked,0,1,0.18341112093124762,0.5939906126667078,-0.5178196560122899,-0.11514282478284948,-0.1565447411239227,-0.056405405505105186,-0.1950736181044708,-1.479798872916672,0.5530834676838715
287,9.571666666666667,tracked,1,1,0.14436735893440994,0.5979994294095059,-0.516698437261119,-0.10988737009610827,-0.1781668331684026,-0.01541967936034797,-0.21474735497051864,-1.4815729197189345,0.5574907439733676
288,9.605,tracked,0,1,0.1411563704626671,0.6001742489433943,-0.5187813633090677,-0.11577494068056371,-0.15471031019369902,-0.06198228123221882,-0.19447656966205285,-1.479031516563347,0.5536002347241495
289,9.638333333333334,tracked,0,1,0.1796164186524086,0.6026424741756374,-0.5163198348793121,-0.11425396766136298,-0.15469346374312376,-0.05882161428327753,-0.1993031484631619,-1.4793231770742603,0.5509720580401596
290,9.671666666666667,tracked,1,1,0.1448855032097648,0.6002718770200306,-0.518038960099148,-0.11123566952391711,-0.17902342189393217,-0.020673551696535678,-0.21426270679360931,-1.4854413521759786,0.5592737468732585
291,9.705,tracked,1,1,0.20924574971827967,0.6005566090395495,-0.515931812389179,-0.11031944249441483,-0.17961660644471683,-0.01644335524882892,-0.21668532344156816,-1.4843478220867354,0.5573312657102396
292,9.738333333333333,tracked,0,1,0.16123311248905509,0.60008871903708,-0.5198821278596459,-0.11770650912277508,-0.15579489174588623,-0.06645065878104002,-0.19789712550331737,-1.478956049582565,0.555341604286817
293,9.771666666666667,tracked,0,1,0.18415812597388087,0.6062664613567632,-0.5155191527865957,-0.1151327874336498,-0.15371625275916995,-0.05706162376310316,-0.1968879790943285,-1.4782854109320358,0.5501311134578486
294,9.805000000000001,tracked,0,1,0.1602395870726202,0.589539178668269,-0.5188172442391983,-0.11577087053421908,-0.15575156484345704,-0.06204670182353503,-0.1973621584889664,-1.4790584121426653,0.5539248841994665
295,9.838333333333335,tracked,0,1,0.19813004936557937,0.6037580103388418,-0.5180158148191435,-0.11575027200428367,-0.15574773335376918,-0.060171621326512194,-0.1985648251858533,-1.480667604199899,0.5531689310840258
296,9.871666666666668,tracked,0,1,0.18475308039295324,0.6043099962274083,-0.5179854687351595,-0.1169866531913834,-0.1561231032936352,-0.06351798249039974,-0.20103001575541124,-1.480395449289442,0.553506319952843
297,9.905000000000001,tracked,0,1,0.19336108462849755,0.6064446609785825,-0.5187213340142325,-0.11661923447171235,-0.15610471717733782,-0.06516014364640442,-0.2020420701764168,-1.477656559889876,0.5541123991892708
298,9.938333333333334,tracked,0,1,0.17765882739864503,0.6079124426063238,-0.516044617845184,-0.114656364270383,-0.15501627638210397,-0.0589609562685156,-0.1988154504787068,-1.480902697399302,0.5508885326616062
299,9.971666666666668,tracked,0,1,0.20252607084866736,0.5904573870077108,-0.5164057827386441,-0.11542452568423417,-0.1557422517995053,-0.05744486357883987,-0.19899862641950158,-1.480557021731167,0.551591699149763
300,10.005,tracked,0,1,0.16155898804802613,0.5928917626936833,-0.5171028813657125,-0.11589298877112952,-0.15514959244433402,-0.062075226049031665,-0.19897788848083517,-1.4804219204114344,0.5521756702342745
301,10.038333333333334,tracked,0,1,0.1766379438943708,0.5915641981189432,-0.517935906366301,-0.11601255146246009,-0.15569635427963768,-0.06422333132923423,-0.19930144087641904,-1.478995163769929,0.553134585735047
302,10.071666666666667,tracked,1,1,0.15066983943708792,0.6066493468474877,-0.5154771296919161,-0.11488340642533246,-0.18422777142728775,-0.014325341517523413,-0.23120459413046435,-1.4778819038111106,0.5593341935483379
303,10.105,tracked,0,1,0.18703402059139748,0.604254497274075,-0.5180068292754981,-0.11531856437794896,-0.15566178747035436,-0.06213438317852005,-0.19913523318567852,-1.4821104133855736,0.5530461450410011
304,10.138333333333334,tracked,0,1,0.2017032210420707,0.6080047412809902,-0.5165404982269974,-0.11424086752643653,-0.1560778948161476,-0.0585736877520577,-0.19895322644538208,-1.4815078560276107,0.551566289191089
305,10.171666666666667,tracked,0,1,0.16111661770011582,0.609298771323874,-0.5174381975099471,-0.11651132994176433,-0.15671758502459304,-0.06326409838937325,-0.20345276251954492,-1.4780549726323826,0.5530620034888333
306,10.205,tracked,1,1,0.17346400725259978,0.6089005388890949,-0.5162668092673499,-0.11473197282589104,-0.18364773402842277,-0.018293838496397253,-0.23241058307912849,-1.4786898169360068,0.5598404541951086
307,10.238333333333333,tracked,0,1,0.15775563444946883,0.6102098788235649,-0.5155400219508373,-0.1142088398758136,-0.15563883649419458,-0.059643108308819186,-0.20280919595705785,-1.4829191682812017,0.5504985202197328
308,10.271666666666667,tracked,0,1,0.20163232719549465,0.6029254419916286,-0.5169565959927174,-0.11559763102775689,-0.15533799040555984,-0.06321406702648975,-0.19989954775239654,-1.4796382125783114,0.552029732625739
309,10.305000000000001,tracked,0,1,0.13548215086895704,0.6057562046619178,-0.5179203477620374,-0.11480270505488838,-0.1578001165661978,-0.06238643697690136,-0.20262265168028287,-1.4809034191517845,0.5534636614107336
310,10.338333333333335,tracked,0,1,0.17380679360838924,0.6091774031349457,-0.5158392612293635,-0.11459940968281546,-0.15647445907153984,-0.0607826313862509,-0.2037062085487497,-1.4828641712396216,0.5510965654647435
311,10.371666666666668,tracked,0,1,0.20374499885324662,0.6038956980349414,-0.5171762390479098,-0.11394185757786296,-0.15616631773042344,-0.060346099578362324,-0.20140392165844304,-1.4806310853946938,0.552124920590906
312,10.405000000000001,tracked,0,1,0.18861635532952384,0.6118919563916703,-0.5153870915500169,-0.1135314163235202,-0.1561284254027558,-0.05852138388111754,-0.2024088912049923,-1.479653707169492,0.550353815147632
313,10.438333333333334,tracked,0,1,0.09922612725908685,0.6094359552430341,-0.5164975259159872,-0.1145890723140584,-0.15591862443305782,-0.05968777416278662,-0.1993207249709129,-1.4807963914933133,0.5515532315345721
314,10.471666666666668,tracked,0,1,0.12953340847778738,0.607668830482343,-0.5154257231285264,-0.11353842101913669,-0.15616582529004847,-0.058684026572556176,-0.20144057606393484,-1.4812695338893693,0.5504020476875109
315,10.505,missing_tag,0,0,,,,,,,,,
316,10.538333333333334,missing_tag,0,0,,,,,,,,,
317,10.571666666666667,missing_tag,0,0,,,,,,,,,
318,10.605,missing_tag,0,0,,,,,,,,,
319,10.638333333333334,missing_tag,0,0,,,,,,,,,
320,10.671666666666667,missing_tag,1,0,,,,,,,,,
321,10.705,missing_tag,0,0,,,,,,,,,
322,10.738333333333333,missing_tag,0,0,,,,,,,,,
323,10.771666666666667,missing_tag,1,0,,,,,,,,,
324,10.805000000000001,missing_tag,0,0,,,,,,,,,
325,10.838333333333335,missing_tag,0,0,,,,,,,,,
326,10.871666666666668,missing_tag,0,0,,,,,,,,,
327,10.905000000000001,tracked,0,1,0.15963107915963082,0.6149330341571643,-0.5141465944732536,-0.1141726814497141,-0.1554155811768656,-0.05834613741136188,-0.20053121048822542,-1.4776888400266215,0.5491230505728247
328,10.938333333333334,tracked,0,1,0.1962267049264435,0.6160531893981824,-0.5144241274639602,-0.11513040546503406,-0.15557257135197367,-0.06010337433952044,-0.2016052968114234,-1.4735274916234768,0.549627162844655
329,10.971666666666668,tracked,1,1,0.1516706826829112,0.6131169673280085,-0.5143393177502378,-0.1133556637558274,-0.18893965457871642,-0.00578562044213715,-0.23130587898970953,-1.4759768766457582,0.5595468106973973
330,11.005,tracked,0,1,0.18800851104422367,0.6113717309844587,-0.5143339745234534,-0.11504236494520204,-0.15524107879225085,-0.06010017174826152,-0.20064458344843197,-1.4746317384294898,0.5494305921823605
331,11.038333333333334,tracked,0,1,0.14134738887949744,0.6168724061954765,-0.513842646485641,-0.11433624086355842,-0.1547215194762599,-0.05903933317045815,-0.20064602503300372,-1.4745571178721417,0.5486763981722012
332,11.071666666666667,tracked,1,1,0.18257285549545027,0.6130407419904509,-0.5119706356933436,-0.11126046973173997,-0.18804266314492601,0.0006605878467474744,-0.23105188417701772,-1.479311540655594,0.5566442913565268
333,11.105,tracked,0,1,0.19508219838332655,0.6145092478362087,-0.5139147390727801,-0.11431442683037912,-0.1551749978860033,-0.06003835955550156,-0.20040060905531223,-1.4751228165327763,0.5488674040118642
334,11.138333333333334,tracked,0,1,0.16372308681917827,0.6143284026540641,-0.5151656504076245,-0.11579296965359165,-0.15532405374033253,-0.06196111316367372,-0.20018344078618536,-1.4745058921592749,0.550390062457016
335,11.171666666666667,tracked,0,1,0.18695329418113601,0.6173186452853279,-0.513925093381933,-0.11538901171590482,-0.1546713068993223,-0.061126814975171445,-0.2034632337365111,-1.4720212722418244,0.5489597788639402
336,11.205,tracked,0,1,0.1769547736121408,0.6181459676560435,-0.5142516796485836,-0.11546489555095885,-0.15500986804397748,-0.06143927944937355,-0.2016056447074757,-1.4726701423893593,0.5493769118892735
337,11.238333333333333,tracked,1,1,0.149212667566259,0.6126945500002474,-0.5123872572645741,-0.11173338071270711,-0.18676859225184128,-0.0010754566284060644,-0.22781369475354224,-1.479342802321319,0.5566934136707009
338,11.271666666666668,tracked,1,1,0.18005084936606947,0.6125317248546656,-0.514449291733357,-0.11241897800272194,-0.19126455344460036,0.0003600349655721867,-0.2315285529026435,-1.4792435208419277,0.5602483643746686
339,11.305000000000001,tracked,1,1,0.22437186086253336,0.6154796885352408,-0.5145788795109427,-0.11200532342118436,-0.19024653061410612,-0.000621555557107467,-0.22888443641749595,-1.4800990689532278,0.5599378163011723
340,11.338333333333335,tracked,1,1,0.1792129930318316,0.6206865880831729,-0.5114453782051003,-0.1122942220125086,-0.18848119055081197,-0.0009664579995373388,-0.2366475871542835,-1.473077611534844,0.5565173190262852
341,11.371666666666668,tracked,0,1,0.20838723350848265,0.618653932030285,-0.5145108278374504,-0.11496801888333574,-0.15643975992119874,-0.06169724791022307,-0.20506826623150143,-1.4702321378538303,0.549920390431324
342,11.405000000000001,tracked,0,1,0.17626514935760418,0.6193739896883029,-0.5125418206309882,-0.11481824952706587,-0.15534598726041587,-0.05812614661089848,-0.20273061094481018,-1.4734962428762401,0.5477359985231032
343,11.438333333333334,tracked,0,1,0.1482971059833796,0.6202191915980054,-0.5118640690783103,-0.11384157329432887,-0.15498366980945294,-0.058392963440250904,-0.20372412522739808,-1.47208896527463,0.5467949039001175
344,11.471666666666668,tracked,0,1,0.1615084054885381,0.6091337611013611,-0.5143572356296132,-0.1159036650691293,-0.15661104076438132,-0.06107219514210086,-0.20603588313629279,-1.470552828226903,0.5500218573023231
345,11.505,tracked,0,1,0.12417741145278728,0.6194520620908686,-0.5131691707156889,-0.11573703038215077,-0.1552836309674795,-0.05959097746490822,-0.20351952046107497,-1.4730641982521817,0.5484985542562087
346,11.538333333333334,tracked,0,1,0.21588588952552518,0.6208365095634631,-0.5132600903298823,-0.11576086130584906,-0.15590994283171639,-0.0614649387800196,-0.2052621341792265,-1.4688376104609258,0.5487662595399795
347,11.571666666666667,tracked,0,1,0.15087238239124878,0.6179273559609108,-0.5151147398064834,-0.1162588154634458,-0.15589173646067372,-0.06088580454832258,-0.20386813428180878,-1.4736259887540784,0.5506010723160543
348,11.605,tracked,0,1,0.17268067327413164,0.6184104501994314,-0.5138200229141743,-0.11524309051314557,-0.1562010719815607,-0.05992649740416367,-0.20324730621412904,-1.4711755099847736,0.549263835280216
349,11.638333333333334,tracked,0,1,0.1724485453370677,0.6237901239515397,-0.5125722235493952,-0.11467298641622531,-0.15508162776323126,-0.059832982441638045,-0.20463286937933206,-1.470195342734456,0.5476590996575155
350,11.671666666666667,tracked,1,1,0.16386967663249774,0.62303616565625,-0.5135000358939078,-0.1124894182031258,-0.19050397679252035,0.0019941676069763566,-0.23276221497068994,-1.475581274905607,0.5591313989077054
351,11.705,tracked,1,1,0.17043701678585668,0.6073575457582331,-0.5128688307981051,-0.11480771149807428,-0.19456872567699124,0.004045903772342761,-0.24055195318608968,-1.4756903682175533,0.5604214817752873
352,11.738333333333333,tracked,0,1,0.182117178749717,0.6224407582692084,-0.5140061989970435,-0.11550114474458917,-0.1552127719178104,-0.06217521635774684,-0.20503929227033693,-1.4702949938214296,0.5492120643349971
353,11.771666666666668,tracked,0,1,0.14852860801289866,0.6206330499743343,-0.5135869161397981,-0.11546333187255109,-0.15620858950331895,-0.05826939754131958,-0.20275748914518357,-1.4716044644865383,0.5490941857930344
354,11.805000000000001,missing_tag,0,0,,,,,,,,,
355,11.838333333333335,missing_tag,0,0,,,,,,,,,
356,11.871666666666668,tracked,0,1,0.18650269799143715,0.6204331723022855,-0.5100884960580669,-0.1111243266492537,-0.15533692806437638,-0.055892032265888195,-0.20524076615820303,-1.48678430547633,0.5446727926053475
357,11.905000000000001,tracked,0,1,0.19404893866827763,0.6176804596216069,-0.5105677077938564,-0.11153475977130262,-0.1549331884906962,-0.05692719415513565,-0.20316725367992614,-1.4873892546891752,0.5450905243856369
358,11.938333333333334,tracked,1,1,0.1768778909060146,0.6180734112735118,-0.510030826335924,-0.10988208327540588,-0.19322551277761552,0.008874069695210542,-0.23685658061653192,-1.4887035983770127,0.5563646419624644
359,11.971666666666668,tracked,1,1,0.13912021974918645,0.6159227127013747,-0.5095788320290203,-0.1088411449286465,-0.1948485085110086,0.01253923408467659,-0.23526750256014603,-1.490210983518179,0.556311892871619
360,12.005,tracked,1,1,0.1467264318748744,0.6176723201815957,-0.5112766309127899,-0.10827214403300794,-0.19241047181633686,0.007413934168513877,-0.23161923024290715,-1.4907803421145418,0.5569097235240402
361,12.038333333333334,tracked,1,1,0.1735304626203287,0.6188321592179317,-0.5103540918318821,-0.10926562891529779,-0.19054089516198935,0.004697568015875806,-0.23378543748771255,-1.4885681734279508,0.5556132732764156
362,12.071666666666667,tracked,1,1,0.2024370407468482,0.619479083529649,-0.5096299127458825,-0.11016444740120596,-0.18915051200386063,0.003495299929439811,-0.2367581308146231,-1.4881039689572555,0.5546501326312936
363,12.105,tracked,0,1,0.1653193799553173,0.6177148833597366,-0.5111448430124242,-0.11218265044633685,-0.1554701653973129,-0.0592592416658814,-0.20463364272661985,-1.4854883958090863,0.5459166327636745
364,12.138333333333334,tracked,0,1,0.2022307383185688,0.6179096228265875,-0.5087907407860115,-0.1103900486147199,-0.15430774312639767,-0.053791660517151306,-0.20298922031315728,-1.4857538875776177,0.543014604160423
365,12.171666666666667,tracked,0,1,0.14166784860160475,0.6074235904185427,-0.5107921214268467,-0.11117008867931971,-0.15491807312403139,-0.058670451176807775,-0.20358791679071997,-1.4863071055072596,0.5452219633407747
366,12.205,tracked,1,1,0.20173385715894449,0.6185207546298104,-0.5112275570226898,-0.10860317822922466,-0.19195064105256415,0.005843392689782342,-0.23364340702784328,-1.4894836329607521,0.5567704320286474
367,12.238333333333333,tracked,0,1,0.1535526442283561,0.6223393668573094,-0.5092068135534793,-0.10991544236582979,-0.1542700883280913,-0.05486275052760022,-0.20546513959368792,-1.4870622204985473,0.5432975645008185
368,12.271666666666668,tracked,0,1,0.1554840821509663,0.621910258022665,-0.5109949834759971,-0.11114656766103315,-0.15418771951961302,-0.06006013123728898,-0.20440809226272136,-1.4860480114337804,0.5452002251385467
369,12.305000000000001,tracked,0,1,0.13680272073347488,0.6206664859615689,-0.5106053448823114,-0.11183518578122442,-0.15415775777037155,-0.05877482421054341,-0.20296885799393993,-1.485501174006778,0.5449674680950172
370,12.338333333333335,tracked,1,1,0.19480882543174652,0.6144150270479882,-0.5104995353657826,-0.10844911446213179,-0.1928130706104118,0.009634762037851248,-0.23253755249485955,-1.4919273924693632,0.5563702600198146
371,12.371666666666668,tracked,0,1,0.19540184050442233,0.6185789020054082,-0.5119302432685855,-0.11243705628509071,-0.15549752329303435,-0.06019312268716445,-0.20495379786794868,-1.487277088879574,0.5467121229215222
372,12.405000000000001,tracked,0,1,0.1905701876464175,0.6187765602858433,-0.5116118885094156,-0.11293738143060444,-0.15509067146495836,-0.060150557447861096,-0.20502416800837123,-1.485394425531034,0.5464015857993315
373,12.438333333333334,tracked,0,1,0.17376084796150013,0.6174146445097933,-0.5108899242903314,-0.11150283693463997,-0.15454915275094938,-0.058779016338010866,-0.20201954430263735,-1.4881323076035473,0.5452768452830999
374,12.471666666666668,tracked,1,1,0.19239440381921097,0.6189920818601751,-0.5092092472949532,-0.10865681232160018,-0.19585756813969046,0.014140106812516326,-0.24008868681333306,-1.490789408327584,0.5562917826034982
375,12.505,missing_tag,1,0,,,,,,,,,
376,12.538333333333334,tracked,0,1,0.1794971634222272,0.6216266770642288,-0.5120680218431054,-0.11141333093148192,-0.15620480121916208,-0.05782140317922196,-0.20474975519811847,-1.4874803410680049,0.5468331822662894
377,12.571666666666667,tracked,0,1,0.1896513693761025,0.6239550945528438,-0.5118854418867647,-0.11148985547660262,-0.15614955959154153,-0.05949482552058241,-0.20723303810854563,-1.4854222322100192,0.546662033115923
378,12.605,tracked,0,1,0.19647405572287163,0.6240689065388854,-0.509996207007795,-0.10985136486079078,-0.1531391811491476,-0.05857081419409536,-0.20605698073007578,-1.4885337046064102,0.5437049405027949
379,12.638333333333334,tracked,0,1,0.2120736490692999,0.6155075143450254,-0.5114531589484471,-0.1108623949280052,-0.1551181204639725,-0.060973983591971,-0.20730296537578607,-1.4878848568521603,0.5458355390626319
380,12.673333333333334,tracked,0,1,0.17344004701924937,0.628443717640683,-0.5091567499116215,-0.10994925476324235,-0.15436843413277207,-0.05234734901205796,-0.206128240386037,-1.4860228443978107,0.5432854204376939
381,12.706666666666667,tracked,1,1,0.21123280357313784,0.6259036121588222,-0.5071342452256993,-0.10898865427331444,-0.19315827328551316,0.009818963145542599,-0.24637309929443715,-1.4872248621775066,0.5535104226476577
382,12.74,tracked,1,1,0.17308452413578265,0.6276242802006593,-0.5111468595463641,-0.10505410807854265,-0.187681142687595,0.0031266296625178016,-0.22732725820300057,-1.4923969449901244,0.5545553975653018
383,12.773333333333333,tracked,0,1,0.2068282397464479,0.6260283210334088,-0.5115748574892269,-0.10960463175745466,-0.15320160795293042,-0.059054573386975916,-0.20291049705052566,-1.4882295791033506,0.5451538707531788
384,12.806666666666667,tracked,0,1,0.21636300896645466,0.6249289081759132,-0.5127767943012788,-0.11129618542686204,-0.15427636084012109,-0.06299406588626959,-0.20425557523043453,-1.485669423979151,0.546926025325672
385,12.840000000000002,tracked,0,1,0.21542305349316246,0.625858455851257,-0.511940581339313,-0.11086098890326684,-0.1534715820528963,-0.058855804640548265,-0.20460686281498652,-1.4859253271326942,0.5458267528991803
386,12.873333333333337,tracked,0,1,0.20016007411995868,0.6163127196561136,-0.5140655935141598,-0.11216456942522424,-0.15541178122020066,-0.062093524707735735,-0.20511196105248886,-1.4878428043734693,0.5486320687049262
387,12.906666666666668,tracked,0,1,0.16540844909386768,0.6144470771619982,-0.5134163429914687,-0.11150392761059313,-0.15479493744532263,-0.06066744068996703,-0.2052884278602423,-1.4859240576641266,0.5477142866331159
388,12.940000000000001,tracked,1,1,0.14156359459914794,0.6166349539003759,-0.511362727636101,-0.11040307167342162,-0.18851423241301007,-0.0036407704773066,-0.2375312699382132,-1.4862673582719244,0.5560739998171343
389,12.973333333333334,tracked,1,1,0.18467164680049314,0.6137403184010279,-0.5150106755580842,-0.10535000135293182,-0.18376899051255363,-0.007413688425049981,-0.22117005410447144,-1.4956253749219384,0.556871314217082
390,13.006666666666668,tracked,1,1,0.1464113028732495,0.6197717958474884,-0.5138619261695354,-0.10349089248636428,-0.18442964718834437,0.0018949551848100967,-0.2161796051491583,-1.4985140352385566,0.5556786290260823
391,13.040000000000003,tracked,0,1,0.21690211930831632,0.6150772085989507,-0.5136224913884752,-0.1102652857549985,-0.15614192545135247,-0.05446268383897912,-0.20372748694938575,-1.4871908534271687,0.5480390476840054
392,13.073333333333334,tracked,0,1,0.1770663258312025,0.6084854391720487,-0.5145118432576448,-0.10935581638936553,-0.1533841056289763,-0.05794134578645921,-0.2006462905743179,-1.4896910901470073,0.5479122331999576
393,13.106666666666667,tracked,1,1,0.20560945705503475,0.6105115893662343,-0.5118096914202156,-0.10217496871801679,-0.17650378850454235,-0.009994187134316315,-0.21125577289876413,-1.4999032996986217,0.5509468865695134
394,13.14,tracked,0,1,0.21712997814022794,0.6138398166174912,-0.5142808187165209,-0.10909945285773182,-0.15328974999853728,-0.05567851562430684,-0.19865143728869414,-1.4870522147516276,0.547617748587649
395,13.173333333333334,tracked,1,1,0.19972326306017954,0.6058621950349836,-0.5145484448688561,-0.10237714872416381,-0.18081355135554195,-0.0028329253217981316,-0.2117147064982199,-1.4984993320786388,0.5549186634558716
396,13.206666666666667,tracked,1,1,0.1734031153696034,0.6125919311683188,-0.5145534110152541,-0.0999516640982206,-0.17238755827831287,-0.014784171806402515,-0.20314963395189115,-1.5001736574836857,0.5517907376828604
397,13.24,tracked,1,1,0.19554747787012428,0.6178266461378924,-0.5171846548980134,-0.09646612586269382,-0.1733327411124866,-0.008764961024906174,-0.19089755091599633,-1.5060759237590704,0.5539223048790349
398,13.273333333333333,tracked,1,1,0.23023169431901827,0.6112174050184056,-0.5175634420367525,-0.1007695826586612,-0.17416071567005853,-0.016358595851296145,-0.2019516212797404,-1.5012753891241615,0.5553002613044934
399,13.306666666666667,tracked,1,1,0.181302287049827,0.6092130734511719,-0.5190234801856451,-0.09922886501251393,-0.17463485836321824,-0.014019456106312165,-0.194158729943282,-1.5062634255395533,0.5565330847229406
400,13.340000000000002,tracked,1,1,0.2181759457419133,0.6046928333260884,-0.5175418224137425,-0.09783663317460994,-0.1731456002318642,-0.01230817413804788,-0.19498454763350836,-1.5033205876018159,0.554437501994529
401,13.373333333333337,tracked,1,1,0.15604754283184552,0.6098093548280566,-0.5182329356578432,-0.09736076930692078,-0.17584804138532062,-0.00833501011288465,-0.19507443417981024,-1.5064801374616654,0.5558480265860761
402,13.406666666666668,tracked,1,1,0.10101876386565829,0.6060376349005947,-0.5179051261326942,-0.09781898655822568,-0.17623521000695852,-0.002811425255281271,-0.19576810519736798,-1.5071044442468526,0.5557455560344113
403,13.440000000000001,tracked,1,1,0.1485647578917364,0.5978807262928784,-0.5205000193784646,-0.09638245831609843,-0.17132333188685994,-0.016724061355090615,-0.1858221508620773,-1.5102474195287552,0.556382541506158
404,13.473333333333334,tracked,1,1,0.16300049895635815,0.6048939602922414,-0.5203228223034039,-0.09447693516849975,-0.17223779557080593,-0.011824319122857916,-0.18534503285949985,-1.5130655785865152,0.5561722655002704
405,13.506666666666668,tracked,1,1,0.11887790665630896,0.6129164327564696,-0.5156222175138063,-0.09189246326024231,-0.17215417714278491,-0.0007541556881901787,-0.18865273631038654,-1.5138853386092042,0.5513143900766597
406,13.540000000000003,tracked,1,1,0.1954548044821737,0.608260688912727,-0.5189947934194762,-0.09282312323462111,-0.17197835153141,-0.007424156608202788,-0.1833735403955986,-1.5108673913016486,0.5545703573028544
407,13.573333333333334,tracked,1,1,0.1763799044052446,0.6036540368579828,-0.5221215283255644,-0.09263951958186234,-0.17142203285733126,-0.014099346910464624,-0.17917386090543466,-1.512562896747914,0.5572956883722692
408,13.606666666666667,tracked,1,1,0.17370545117508623,0.6001142872256071,-0.5243926745524148,-0.09298495499352777,-0.17431268125982197,-0.014268548364006437,-0.1801120066616202,-1.5143701035084995,0.5603737947364879
409,13.64,tracked,1,1,0.1631433792058729,0.5975500485728873,-0.5234291854908755,-0.09114577424411119,-0.1691550855573623,-0.015915665463589582,-0.1715076924369024,-1.5190817990234906,0.5575832739206928
410,13.673333333333334,tracked,1,1,0.19113251633970307,0.6047653993138645,-0.521414599425394,-0.0881300080201014,-0.1697597894264184,-0.00791367724351309,-0.17047663712404112,-1.519469563970216,0.5553903752439983
411,13.706666666666667,tracked,1,1,0.12229918309730284,0.6007265672991111,-0.5243820341581134,-0.08836229598684248,-0.17043465628854126,-0.013093801907465367,-0.16917876183675087,-1.5197070461652649,0.5584195422476369
412,13.74,tracked,1,1,0.2094429615185456,0.5966136165204131,-0.5240827005702626,-0.08861402394975232,-0.16881774087045115,-0.01472554962253229,-0.1697504419076612,-1.5214778487151137,0.557686786565891
413,13.773333333333333,tracked,0,1,0.18121259049838023,0.6014198950322208,-0.5153757883731044,-0.10137919664978373,-0.15152801601484545,-0.04705184302361757,-0.19874163496733546,-1.488008191278115,0.5466723739059344
414,13.806666666666668,tracked,1,1,0.14192798429329975,0.598695166294457,-0.5251320351102122,-0.08808075241377272,-0.16446817025634808,-0.02357521913095225,-0.16695018027881872,-1.5201586783421845,0.5572895587324785
415,13.840000000000002,tracked,1,1,0.1491290231568898,0.5989102672957936,-0.5231920118060847,-0.08785147055295006,-0.16065167776468497,-0.024226280817194783,-0.16269966989015658,-1.5174757176980722,0.5543074270336112
416,13.873333333333337,tracked,1,1,0.17935895680167432,0.6012608950715772,-0.5234504320231625,-0.08564793917133035,-0.15962375544154406,-0.023037008478093018,-0.15456579257350053,-1.5214261409818397,0.5539094398643096
417,13.906666666666668,tracked,1,1,0.16748434900185385,0.5908859025552783,-0.5259817199844767,-0.08579747104934776,-0.16522859559374636,-0.016662300342630946,-0.1559504379109708,-1.5250716376723605,0.5579591961767222
418,13.940000000000001,tracked,1,1,0.17805814065465747,0.6000716233964198,-0.5225080555602817,-0.08767673748722032,-0.1616938706659345,-0.024644543179727786,-0.16745641131311018,-1.5191122315770362,0.5539375291788067
419,13.973333333333334,tracked,1,1,0.20270169028859641,0.599025333164736,-0.5244169418779849,-0.08709881358436744,-0.16332069679242706,-0.02236940266994413,-0.16338813252064288,-1.5203428337542757,0.5561231718398597
420,14.006666666666668,tracked,1,1,0.2326114047751382,0.6010394660535641,-0.5234139391845634,-0.08872552719036564,-0.15891993208137173,-0.03199472330509673,-0.16620147477189745,-1.5164220753473892,0.5541569414170122
421,14.040000000000003,tracked,1,1,0.17176187704613624,0.6051394152624356,-0.5204077216091159,-0.08671745791695479,-0.15885563296429644,-0.02324883418216764,-0.1644456781260997,-1.5177954775843663,0.5509802413358006
422,14.073333333333334,tracked,1,1,0.1806626019325164,0.5993094281610983,-0.5243663863681159,-0.0875218374532698,-0.16183358808757425,-0.026336704117948133,-0.1621732384306666,-1.5211724798382096,0.5557070176066264
423,14.106666666666667,tracked,1,1,0.22255358741224668,0.5976085792626187,-0.5244985970383014,-0.08862328174618728,-0.1611893151909931,-0.028565239911992262,-0.16690764967087357,-1.5191055134906486,0.5558190889978067
424,14.14,tracked,1,1,0.16542085231323864,0.595526750565911,-0.5257882121857473,-0.08863303167113157,-0.16315463287509302,-0.025479169068016193,-0.16567236421689988,-1.52055060885363,0.5576096238456674
425,14.173333333333334,tracked,0,1,0.18900410847272814,0.5905781459111079,-0.5204209564345579,-0.10238001024690357,-0.1544644726515227,-0.053987142987741286,-0.19660081583468197,-1.4919008950677415,0.5524300061599922
426,14.206666666666667,tracked,1,1,0.17566022798777667,0.5976739602153099,-0.5249285201084063,-0.08914420551610863,-0.16175612732768385,-0.027858588822442833,-0.16732695180836582,-1.5203798602001404,0.5564725378024953
427,14.24,tracked,1,1,0.16257946897387737,0.5930049894552141,-0.5250486341493441,-0.0877563516186739,-0.16565137393082668,-0.02065996098377914,-0.16439674024257475,-1.5226851521692792,0.5575102000472123
428,14.273333333333333,tracked,1,1,0.15267333318318763,0.5938867913871612,-0.5240062950629927,-0.09048965842148593,-0.1639288699865159,-0.02643416558066773,-0.1716193620340069,-1.5198603692514532,0.5564563324843536
429,14.306666666666668,tracked,1,1,0.20324339777400593,0.6029997098984193,-0.5242009009642233,-0.08681533081750231,-0.1638639346727383,-0.02069043613912038,-0.16284542645602168,-1.5211041667038459,0.5560349587238983
430,14.340000000000002,tracked,1,1,0.18991243200946092,0.5989261065840681,-0.5259532723808633,-0.08744080875907712,-0.1637437440361182,-0.023325836045364656,-0.16071859863468244,-1.5222260455044252,0.5577497229721821
431,14.373333333333337,tracked,1,1,0.13122426455233785,0.6057217265895397,-0.5234162441267793,-0.0871543003139143,-0.16379231191777494,-0.01646896008747872,-0.16406459207886218,-1.5221916861080491,0.5553272531781255
432,14.406666666666668,tracked,1,1,0.17423150903869764,0.6063517354156839,-0.5227173096883155,-0.08847370982081698,-0.16447967905547922,-0.018439866090507438,-0.1704022618965739,-1.517555638124412,0.5550806680109135
433,14.440000000000001,tracked,1,1,0.1947922217052147,0.6015585414804822,-0.5241883668959741,-0.08762675840494905,-0.16474407459010548,-0.019077364548930272,-0.16728801319311146,-1.5215812613272894,0.5564103727377645
434,14.473333333333334,tracked,1,1,0.15543053332785733,0.6020055724699045,-0.5241990215733223,-0.08909269398157427,-0.15989886104227458,-0.0292620766845739,-0.16917693016558458,-1.5186759189155061,0.5552384785854989
435,14.506666666666668,tracked,1,1,0.19199365906894936,0.604660479083747,-0.5244305461785296,-0.08689251605295456,-0.16238103950593374,-0.02243888626227238,-0.16402966267348862,-1.5210774336194592,0.5558284889263517
436,14.540000000000003,tracked,1,1,0.15148798552726508,0.6021273897194822,-0.5246117826612091,-0.08843574029658152,-0.16448581123305167,-0.02256091492228196,-0.16739436585398446,-1.517982092168016,0.556860830698094
437,14.573333333333334,tracked,1,1,0.23800205319877044,0.5967333031219144,-0.5223206681314613,-0.08677564846642521,-0.16414401661996864,-0.018882384880953382,-0.17035003785567987,-1.5196363433221336,0.554339383154581
438,14.606666666666667,tracked,1,1,0.17756921908610518,0.6032622448564433,-0.5257330954832564,-0.08738565362836237,-0.16089475616550974,-0.02884658815602305,-0.16191731975184268,-1.5210494770087557,0.556703388446686
439,14.64,tracked,1,1,0.20076313367529833,0.6078700274943141,-0.5212594596474768,-0.08895965231455749,-0.16340624858484398,-0.02399677415774016,-0.17360683380549613,-1.51921024417935,0.5534680172227464
440,14.673333333333334,tracked,1,1,0.20060210123343805,0.6019950389335503,-0.5238291837065913,-0.08660753626821233,-0.16478301079693364,-0.019363617549313046,-0.1655870275775229,-1.5209727065159433,0.5559238434250376
441,14.706666666666667,tracked,1,1,0.22397487373326183,0.6089287908478308,-0.5226141522850156,-0.08641729787481389,-0.16661585395978107,-0.012174893439857983,-0.16748753363989238,-1.5221413300305746,0.5552966273365226
442,14.74,tracked,1,1,0.16987528046754458,0.6094644848313511,-0.5239718593588019,-0.08794838228913054,-0.163857573691015,-0.022472989343512627,-0.16805117844938836,-1.5181602512908854,0.5559952623926767
443,14.773333333333333,tracked,1,1,0.15164344920480008,0.60734909747538,-0.5215458763718419,-0.08816074181518646,-0.16251331982194434,-0.023004932362844527,-0.17195527757439258,-1.517373574751473,0.5533470851802024
444,14.806666666666668,tracked,1,1,0.15102634339797066,0.6075361719068428,-0.5237105756357465,-0.08666695464453461,-0.16132758513846923,-0.02253432023471994,-0.16194665849596615,-1.5210125771004985,0.5548067391323692
445,14.840000000000002,tracked,1,1,0.18239379476813733,0.6120567010007207,-0.5221750834317067,-0.08744100410317551,-0.16319079090343752,-0.01919465562702632,-0.16785142142905285,-1.5197604712484047,0.5540252532070816
446,14.873333333333337,tracked,1,1,0.1895586966671256,0.6096220141499165,-0.5218399351539353,-0.08981422771423625,-0.16463221005216888,-0.020790666165226658,-0.17606613881276997,-1.5159031070579758,0.5545153541679704
447,14.906666666666668,tracked,1,1,0.16711830092579336,0.6115944295665589,-0.5232688210673657,-0.08794320986641119,-0.16246719861228232,-0.02357126988838309,-0.16835162560686062,-1.5176979129745019,0.5549232900931094
448,14.940000000000001,tracked,1,1,0.18886540649283987,0.6105149111545949,-0.5234343978761888,-0.08697771748189564,-0.16104750175806676,-0.024495718304148872,-0.16362824099127085,-1.5189642335323643,0.554513291130955
449,14.973333333333334,tracked,1,1,0.17452302033028003,0.6103336013808175,-0.5224231893236078,-0.08735044275830384,-0.1646813842520194,-0.01703078593429534,-0.16701123654022998,-1.5184138165422267,0.5546855387625345
450,15.006666666666668,tracked,1,1,0.15857109910296305,0.6087654104488521,-0.5213732184099021,-0.08780653464914984,-0.16406659777697186,-0.017740563161509033,-0.1716764876896054,-1.5168412248985463,0.5535863698722201
451,15.040000000000003,tracked,1,1,0.16218849124537402,0.605822941561366,-0.521575165266041,-0.08809836789925224,-0.16446486837604352,-0.018325281241778506,-0.1720434476908682,-1.5159029317809845,0.5539410333047727
452,15.073333333333334,tracked,1,1,0.16851109027655894,0.6015419143889041,-0.5208546769640721,-0.08666874027986632,-0.1623066922417789,-0.018256986300995075,-0.16680391877276946,-1.5188176153588926,0.5523988843250086
453,15.106666666666667,tracked,1,1,0.17158195444036145,0.6116367623585883,-0.5218122809482642,-0.08864413998778264,-0.16166683638995216,-0.024132783437659667,-0.1713397760371016,-1.5164445469330499,0.5534275075300642
454,15.14,tracked,1,1,0.18626343511840796,0.6144915148239352,-0.5217723699357775,-0.08691762630108008,-0.16140219507878945,-0.022602966809891295,-0.1673354805680725,-1.5171503169937768,0.553038649975265
455,15.173333333333334,tracked,1,1,0.23673343976414118,0.6107108938966013,-0.5230837336028604,-0.08811456247385457,-0.16372398283020367,-0.022601696391334157,-0.1718276680906694,-1.5182200105262402,0.5551453062340093
456,15.206666666666667,tracked,1,1,0.182705327190768,0.6084596892434199,-0.5224509772777917,-0.08747953309845141,-0.16622755160386432,-0.013538227450999177,-0.1671847530518807,-1.520211771336846,0.5551930216436965
457,15.24,tracked,1,1,0.13761206327244432,0.599771049907658,-0.521473032779919,-0.08805204460369187,-0.16417525642509911,-0.018986872655271138,-0.17255466868225247,-1.5213000694716627,0.5537515700183829
458,15.273333333333333,tracked,0,1,0.18140697452836613,0.6070143649412201,-0.5157533202950892,-0.10053242125391793,-0.15169005065096608,-0.04848301369930157,-0.19745956383877036,-1.4896107739726054,0.5469169284133347
459,15.306666666666668,tracked,1,1,0.16392076635253233,0.6113852641658228,-0.5220776799550678,-0.08847583906389256,-0.16199735608154892,-0.02267792311226686,-0.17031789427632793,-1.5177980277489582,0.5537474346511577
460,15.340000000000002,tracked,1,1,0.12067028888441693,0.6136445540018556,-0.5208123213617106,-0.08888128625564662,-0.16369646981686303,-0.01882381210464772,-0.17309971779067074,-1.516584044698123,0.5531201418852283
461,15.373333333333337,tracked,1,1,0.12365608522251971,0.6116360182357768,-0.5214947041450253,-0.086919837148701,-0.16521560944544755,-0.013116731753858172,-0.16587186505614038,-1.520235433282673,0.5539025023825898
462,15.406666666666668,tracked,1,1,0.12598667429326185,0.6123510069750454,-0.5219640031714385,-0.08628608831660542,-0.16617596485149227,-0.011891931763716675,-0.16614027008797674,-1.5227928341749974,0.5545323804234149
463,15.440000000000001,tracked,1,1,0.16543222338240418,0.6172997524622105,-0.5217217247753273,-0.08650907562407006,-0.16181126215085717,-0.020257426957154205,-0.16525724451115564,-1.5179645337141707,0.5530463478106756
464,15.473333333333334,tracked,1,1,0.17487935241002764,0.6142006179251354,-0.5228301405367005,-0.086614280445306,-0.16389046546850705,-0.018567211309005786,-0.16520825313518425,-1.5192932469970846,0.5547192750411402
465,15.506666666666668,tracked,1,1,0.1605100000223932,0.6125893118567739,-0.5240627197774921,-0.08922440062584763,-0.16525460744379333,-0.023216255053757844,-0.1723228723824254,-1.5155690844188499,0.5566972365739085
466,15.540000000000003,tracked,1,1,0.11715505507950193,0.6092667679491901,-0.5242217566498152,-0.08983996868040817,-0.1653733593799916,-0.023633773557980377,-0.1709702239776126,-1.5181636084913162,0.556981164950969
467,15.573333333333334,tracked,1,1,0.1715781711481816,0.6109452919125044,-0.5236909103591587,-0.08708021362099944,-0.16565569331542224,-0.014950616325710379,-0.16038006256647896,-1.5207739553823802,0.556126731892018
468,15.606666666666667,tracked,0,1,0.2032127482298894,0.6047398622435272,-0.5147502099241215,-0.09953125989922029,-0.15147488503559808,-0.047573451534241175,-0.1978650677944758,-1.4886689117227951,0.5457278544390061
469,15.64,tracked,1,1,0.2362100728581865,0.6120992645609479,-0.5231912328553041,-0.08617829055200782,-0.16514229084989146,-0.013539506289491193,-0.15908880125254934,-1.5210675156352815,0.5553627104210991
470,15.673333333333334,tracked,1,1,0.1597720178441471,0.6118435163796754,-0.5231618760976775,-0.08770139496224905,-0.16526811928393131,-0.01609452141711204,-0.16407465625009013,-1.5201024571935111,0.5556108661032592
471,15.706666666666667,tracked,1,1,0.10868813255615364,0.6081374486162638,-0.5229574498217635,-0.08750201767129556,-0.1677097541996253,-0.012810701386572238,-0.16716818509790168,-1.519789094484009,0.5561183858445329
472,15.74,tracked,0,1,0.18722334131409132,0.6126724563687023,-0.5135942701065126,-0.10011609545572253,-0.15237606752912597,-0.04552282378800554,-0.20008534504214873,-1.487358174614149,0.5449961218313223
473,15.773333333333335,tracked,1,1,0.2120548660596801,0.610834399003144,-0.5228497711412303,-0.08737970233659381,-0.1663459152995298,-0.014207829179759674,-0.16285190283214568,-1.5198060182209707,0.5555880300183824
474,15.806666666666668,tracked,1,1,0.2052808650335377,0.6073991970215339,-0.524713800196557,-0.0886412612224805,-0.1676088487454459,-0.016440903093682405,-0.16347246948544547,-1.521286107119559,0.5579198611678904
475,15.840000000000002,tracked,1,1,0.08908918871082896,0.6042378870359383,-0.5227851327560218,-0.08607511828439027,-0.16770784216262574,-0.008569878744165142,-0.15910413426195838,-1.5212599333898913,0.5557329766544786
476,15.873333333333337,tracked,0,1,0.18041750050637018,0.6151781385876459,-0.5120041764060792,-0.09948592530832251,-0.15137633105764092,-0.042070635058197414,-0.19822757464809987,-1.4861425455735469,0.5431026786862619
477,15.906666666666668,tracked,1,1,0.12859858756370837,0.61215076598934,-0.5225258603596021,-0.08774355342693152,-0.16753245969189656,-0.009825752416585119,-0.1628148698892088,-1.5208062575466583,0.5556971575984029
478,15.940000000000001,tracked,1,1,0.14772551957637955,0.6116533481251614,-0.5239873791721164,-0.08722721503078676,-0.1688228793518073,-0.009215714924517579,-0.1578273889153646,-1.5211369421291627,0.557380054510677
479,15.973333333333334,tracked,1,1,0.10814885470754271,0.6115663373040232,-0.5229368804525707,-0.08703789594938452,-0.17026020450675106,-0.003984225180927046,-0.1598152727966912,-1.5220667816279803,0.5568007843990908
480,16.006666666666668,tracked,1,1,0.19698493984478835,0.6120611892604421,-0.5236767946778619,-0.08818160738696765,-0.16923840752902392,-0.009594765252954194,-0.16040857660372476,-1.5210539520411295,0.5573643509845142
481,16.040000000000003,tracked,0,1,0.1778173533479179,0.613215295270782,-0.5108071299071697,-0.09944827707252735,-0.15110720670136418,-0.041377979293457025,-0.19509960910691032,-1.4911366211610364,0.5418923063614975
482,16.073333333333334,tracked,1,1,0.09594129933603973,0.6134799997301621,-0.5237585789360297,-0.08542398050267289,-0.17111457385049034,-0.0014682536624205911,-0.15634926074422514,-1.5290610006645904,0.5575845252856694
483,16.10666666666667,tracked,1,1,0.07943743159197748,0.6132327081005038,-0.5240693782645189,-0.0872617676702297,-0.17272412765667655,-0.00392120953479521,-0.16047169843732292,-1.5241906779053387,0.5586563824089478
484,16.14,tracked,1,1,0.11743350087448545,0.6192315317861874,-0.5216990122191599,-0.08530356805300107,-0.17436217858221265,0.005587812495588711,-0.15891694810570772,-1.5237062107332144,0.5566405728950734
485,16.173333333333336,tracked,1,1,0.15482769980955954,0.6196131916432914,-0.5218363192800444,-0.08906679009495844,-0.1740862691988525,0.0005565832924687278,-0.1646422286231685,-1.5181649836296058,0.5572719859647882
486,16.206666666666667,tracked,1,1,0.0571204440237702,0.6184312634957989,-0.5199824636455213,-0.08852317512349117,-0.17023701707565903,-0.0006836593561626385,-0.15980867282901914,-1.5203896515560364,0.554255137112529
487,16.240000000000002,tracked,1,1,0.17929516101869497,0.6204419180466894,-0.5229295161425906,-0.08963398884371249,-0.1738783125498381,-0.00322005418144055,-0.16697335848050543,-1.5187823971906733,0.5583217695776674
488,16.273333333333333,tracked,1,1,0.11137698566755552,0.6212207102108392,-0.5217176316472805,-0.09148382397936083,-0.17279395115262391,-0.007261554384952947,-0.17352064504355794,-1.5154511096828005,0.5571501833226562
489,16.308333333333334,tracked,1,1,0.1841871625442121,0.6205034683374356,-0.5215582126089342,-0.0897443772749072,-0.17297838544722877,-0.002501883334663746,-0.16484276615702248,-1.5177158671124027,0.5567751289562215
490,16.34166666666667,tracked,1,1,0.1804865290192172,0.6229819294129513,-0.5209110690052507,-0.09209630712098188,-0.17172447455672885,-0.00838924310404397,-0.16951789629614927,-1.5135785003949906,0.5561648737193854
491,16.375,tracked,1,1,0.1148697101639995,0.6258783144129522,-0.5209266015045478,-0.08819695103075914,-0.1684646240215626,-0.006091258579780046,-0.15751582399364547,-1.5202577361848857,0.55454806452906
492,16.408333333333335,tracked,1,1,0.17012180327758183,0.637908228051156,-0.516825188931265,-0.08661622476970654,-0.16453982050047333,-0.003798756476489149,-0.154588011284225,-1.5164565854959255,0.5492576798166067
493,16.441666666666666,tracked,1,1,0.1892842016027564,0.6168858378040171,-0.5204621977537515,-0.09130283645291687,-0.17249797826565605,-0.0037613412942899774,-0.16653120062851529,-1.5139412082496952,0.5558530918693823
494,16.475,tracked,1,1,0.19127546269583512,0.6350819930867762,-0.5201628219755874,-0.09002755053925054,-0.16994735073058426,-0.008255481373939819,-0.1646963298415438,-1.5148209369804455,0.5545776981109574
495,16.508333333333333,tracked,1,1,0.15177578740995606,0.6443793725895892,-0.5161011640453591,-0.08904885412022207,-0.17156480996183926,6.517913184416899e-05,-0.17174799754247694,-1.5117224442821566,0.5511121428224398
496,16.541666666666668,tracked,1,1,0.21829941277087225,0.6215194565722167,-0.5201825471851937,-0.09276670950671317,-0.17531587228352946,-0.003250556573068694,-0.17289875421130568,-1.513705114173318,0.5567146485079354
497,16.575,tracked,1,1,0.17393440795287038,0.6273960156935906,-0.5196595671080264,-0.09272950963946547,-0.17663750941315093,0.00315937512366311,-0.1705603448214652,-1.5126891300515877,0.5566377972942173
498,16.608333333333334,tracked,0,1,0.10250774611880169,0.6294307126027084,-0.5060424756418427,-0.10306711589190432,-0.14914652260041777,-0.04348878346587132,-0.19794591311963938,-1.485787459580145,0.5375374431012198
499,16.64166666666667,tracked,1,1,0.09489828759898933,0.6225280022024944,-0.517512302067226,-0.08869552390001167,-0.17751056213742095,0.0151244985942324,-0.16364581607556983,-1.5161456586023652,0.554252540292925
500,16.675,tracked,1,1,0.13036238509142906,0.6138909019182401,-0.5200003027459995,-0.09191944255864543,-0.18029546595464857,0.009450885656623973,-0.16624018509495372,-1.5173750823044436,0.5579927901147353
501,16.708333333333336,tracked,1,1,0.0854821792953641,0.6093523438656148,-0.5161255691351485,-0.08933027545503688,-0.17456327145142064,0.009042723733371458,-0.16301766889373068,-1.5170578679161824,0.5521212158283506
502,16.741666666666667,tracked,1,1,0.1471068951929927,0.6473258265200207,-0.5147970086597407,-0.09043426890197487,-0.1772695696938607,0.010024895920129668,-0.17342445389254146,-1.511116629714766,0.5519228365055194
503,16.775000000000002,tracked,1,1,0.19648654183354436,0.6407197361654762,-0.5160666443452555,-0.09126430223062659,-0.1821759916093053,0.017247163402731917,-0.17050988430595385,-1.5123262355343168,0.5548351522625881
504,16.808333333333334,tracked,0,1,0.22969716254017214,0.6337348792719468,-0.5046939954386613,-0.10228654264123099,-0.15228005392184735,-0.042715797717871776,-0.19691735634311724,-1.4846241393148647,0.5369988646727073
505,16.84166666666667,tracked,0,1,0.22292178776223712,0.644146446803078,-0.5011046485445318,-0.10069619735375862,-0.14972970426742205,-0.03766858742626602,-0.2036855031790294,-1.484454062095674,0.5326017060566512
506,16.875,tracked,1,1,0.15644415609772577,0.6490899368219037,-0.5165290784593043,-0.08859802263078898,-0.18447641310125318,0.023226866672726755,-0.16965321072285203,-1.518051726926488,0.5555928774730722
507,16.908333333333335,tracked,1,1,0.18657026726677997,0.6466761899315453,-0.5164734274574201,-0.09117368714622129,-0.19005275534707977,0.027051066914108794,-0.17672329142562176,-1.5150181341591227,0.5578328533821479
508,16.941666666666666,tracked,1,1,0.22634699784679294,0.6381853844405156,-0.5170291106513925,-0.0904811465886218,-0.19627063723003296,0.036669351596377846,-0.18063368853318829,-1.5178024774766152,0.5603821037360532
509,16.975,tracked,0,1,0.16735782053001227,0.6498293357021238,-0.5004481678943898,-0.10158666616091755,-0.15126780931108053,-0.03308203017350935,-0.2015968693323073,-1.4850272480985118,0.5325881801395095
510,17.008333333333333,tracked,1,1,0.13963392076726203,0.6460194732488633,-0.5162137562647277,-0.09155588097357431,-0.19750995731767962,0.03880579442944135,-0.18268854665974102,-1.515546410471076,0.5602403990586707
511,17.041666666666668,tracked,0,1,0.17609849583888945,0.6497089843487276,-0.5008258306718498,-0.10206122609539087,-0.1513237556303243,-0.041036465987725326,-0.20335820127414284,-1.484481444448039,0.5330496089092542
512,17.075000000000003,tracked,0,1,0.20244329189847055,0.6538948320801605,-0.4989614210287539,-0.10200510549155084,-0.15012572250311657,-0.039601540820461564,-0.20277005360635314,-1.4834351598666324,0.5309475245054436
513,17.108333333333334,tracked,1,1,0.18642707583104326,0.6407304109796389,-0.5141513096507733,-0.09157470079255423,-0.20091210184050518,0.04768210175799852,-0.18786939044070017,-1.5127364694592476,0.5595562239014241
514,17.14166666666667,tracked,1,1,0.17019296444006832,0.6493818272196072,-0.5110890837672384,-0.09290112715076615,-0.19938106432658875,0.049154348146194786,-0.19181811869348167,-1.5087117183153307,0.5564130478196224
515,17.175,tracked,1,1,0.1591037657329549,0.6550229489702033,-0.5137254035465522,-0.09222027859431556,-0.19776982628824524,0.04159387087653399,-0.1905824658867273,-1.5114028365768322,0.5581498671711422
516,17.208333333333336,tracked,0,1,0.14843935344327358,0.662945320023395,-0.4951412074466818,-0.10038971046428646,-0.1460806977371938,-0.039293015688177314,-0.2064563272872171,-1.481195448350116,0.5259110947016108
517,17.241666666666667,tracked,0,1,0.1590215970313848,0.6554385243040726,-0.4983448181549269,-0.1022533299623104,-0.14909122685413784,-0.03618495206297208,-0.2021109088298525,-1.482837303945093,0.5301240375564197
518,17.275000000000002,tracked,0,1,0.16002053495346594,0.6534407350634415,-0.4997152056491829,-0.10398128418854469,-0.15152587127450168,-0.03733171724926524,-0.20638952610540323,-1.479515936448698,0.5324354269618062
519,17.308333333333334,tracked,1,1,0.185748040814967,0.6551496556133461,-0.5128062054215672,-0.09356035296323087,-0.19331146140791972,0.03672095802555814,-0.18564533170256214,-1.5110516483559626,0.5559613881171395
520,17.34166666666667,tracked,0,1,0.15586788744492497,0.6363187993676191,-0.4993035737359979,-0.10315519021107039,-0.1498692801868936,-0.03772418620303323,-0.20337463405936074,-1.4829449389238636,0.5314187173564352
521,17.375,tracked,0,1,0.10408531144567,0.663970210110676,-0.4969072619106478,-0.10057276617738614,-0.14701709945188063,-0.03920323122329445,-0.20364792707050847,-1.4803325825583271,0.5278690517233914
522,17.408333333333335,tracked,0,1,0.15225547505894854,0.6551567833182163,-0.49970245801912594,-0.10370063186683964,-0.1506969172015159,-0.038769913289284,-0.20355845278652424,-1.4793887986085459,0.532133374685312
523,17.441666666666666,tracked,0,1,0.14326098009369007,0.6605866389611117,-0.49821875058079346,-0.10228931959504389,-0.149641738520717,-0.03941057891629719,-0.20682909569648514,-1.4799140324722568,0.5301675944840524
524,17.475,tracked,0,1,0.15243704650941076,0.6539778789331605,-0.49922649516648254,-0.10272467610582514,-0.14950851930749537,-0.03698083706631949,-0.20220504770479672,-1.4820043340004743,0.5311612277856662
525,17.508333333333333,tracked,0,1,0.22061285310539094,0.662473896061335,-0.4963865547387566,-0.10161284539709775,-0.14732513902196176,-0.0376932501447278,-0.20511289947645528,-1.4821852306401984,0.5276641722373686
526,17.541666666666668,tracked,0,1,0.1433319929810346,0.6583041696574848,-0.499547884682891,-0.1033859754688155,-0.15057833931600884,-0.03818912128385994,-0.20445873840981194,-1.4798327394271966,0.5318933965429131
527,17.575000000000003,tracked,0,1,0.17665415833144174,0.6596415039790764,-0.4986221331262137,-0.1020492686650159,-0.14939777987655878,-0.03599895816703441,-0.20357195840583975,-1.4818714899929533,0.530431693538805
528,17.608333333333334,tracked,1,1,0.1620030494832281,0.6537529849739224,-0.5136913235209715,-0.09322805760966996,-0.19864027562198805,0.04373343597563836,-0.18617821249505778,-1.5098822740614175,0.5585948493188768
529,17.64166666666667,tracked,0,1,0.15820227386932548,0.6623780448279876,-0.49797678126661504,-0.10237376059540848,-0.14861648488387041,-0.038758674679497264,-0.20233378128337917,-1.480301264619129,0.5296679347651148
530,17.675,tracked,0,1,0.16336703434789915,0.6595439699251896,-0.4978690606455335,-0.10313150189823073,-0.14988413258484867,-0.034584399491619906,-0.204490447295043,-1.4805568130499935,0.5300707136152337
531,17.708333333333336,tracked,0,1,0.12012403454969604,0.6592421516383393,-0.4969170647810251,-0.10244581056165197,-0.1488824063635127,-0.03680719627140889,-0.20612682859897935,-1.4829795684872324,0.5287605169609523
532,17.741666666666667,tracked,0,1,0.14337282694114686,0.6570981046981432,-0.49836338699106886,-0.10352813169154462,-0.150672760447775,-0.036904490856812494,-0.2061185382321296,-1.4818261221503124,0.5308355868681981
533,17.775000000000002,tracked,0,1,0.15397049035640148,0.6626483160606342,-0.4971277684540063,-0.10213076856128256,-0.14901459716884707,-0.036161314653774444,-0.20736588706572878,-1.4814181643995186,0.528934837408515
534,17.808333333333334,tracked,0,1,0.12899304036372466,0.6603485437080936,-0.4991865681840457,-0.10317783416686177,-0.150065797843062,-0.0417204481266557,-0.20451411407531087,-1.4811447046556792,0.5313686469871968
535,17.84166666666667,tracked,0,1,0.21871024144785053,0.65839267319292,-0.497348163663462,-0.10164540250333515,-0.14908250934391248,-0.03736456514210463,-0.20367811659658538,-1.4850079297968377,0.5290676500616538
536,17.875,tracked,0,1,0.15990241921192375,0.6616899648503315,-0.4977550042846436,-0.1023266143053666,-0.15012612989974128,-0.035811206446839945,-0.20255030726050277,-1.4818240677657037,0.5298760564172331
537,17.908333333333335,tracked,0,1,0.2038108503433034,0.659272114339419,-0.49722887801820015,-0.10181877546593388,-0.15032167927646173,-0.035503715848466635,-0.20600969184407725,-1.4808299107722238,0.5293394255419823
538,17.941666666666666,tracked,0,1,0.1773610466086501,0.6546551483369056,-0.49899340356377664,-0.10400289865838164,-0.1512163107960226,-0.04049498964720841,-0.20727749427448364,-1.480242846736982,0.5316741411619216
539,17.975,tracked,0,1,0.16605102871392496,0.6631431144708703,-0.4975692838763671,-0.10304256096943981,-0.15003488601957232,-0.03703270501135305,-0.20404836770251708,-1.4817782021980686,0.5298145228769098
540,18.008333333333333,tracked,1,1,0.1789768529250919,0.6626696232818253,-0.5136481917620561,-0.09231582182002576,-0.19875636595210056,0.04543222790389881,-0.18043852899980153,-1.5106537816135086,0.5584449559851196
541,18.041666666666668,tracked,0,1,0.18616054513822688,0.6568659599809791,-0.498073338815479,-0.10191730308214153,-0.14953660804333158,-0.037830601701861324,-0.20428481309916338,-1.482797414871201,0.5299296034865772
542,18.075000000000003,tracked,0,1,0.1308947449001305,0.66212438393809,-0.4965611160661014,-0.10139377907434999,-0.14924703924661364,-0.03547297170313067,-0.2053528976926848,-1.482840405320946,0.5283259591839782
543,18.108333333333334,tracked,0,1,0.17619326386480758,0.6621606902050401,-0.4966678902610333,-0.10083339706980765,-0.14941929754217542,-0.03500965406849506,-0.20627130899106508,-1.4824148413795466,0.5283677636447747
544,18.14166666666667,tracked,1,1,0.16196996552328602,0.6615870834828577,-0.5138698603903021,-0.0901930153216946,-0.19902923163420344,0.0480070915810222,-0.17481006372371477,-1.5129376165938537,0.5583991838060559
545,18.175,tracked,0,1,0.16016460178405179,0.6628638551951861,-0.496982136470291,-0.1013221320325734,-0.14922056091867347,-0.03834280812755577,-0.20327845995084076,-1.4824613077831057,0.5287004768402283
546,18.208333333333336,tracked,0,1,0.18714865481891726,0.6574675064036828,-0.49829217255647573,-0.10164309769484559,-0.149996257057615,-0.03961097862068664,-0.20506548075634168,-1.482949680288216,0.5302124910555679
547,18.241666666666667,tracked,0,1,0.19882409407220572,0.6656186170626909,-0.49576071405983224,-0.10040686104573993,-0.14849289621960576,-0.034043147277191696,-0.20492864465477736,-1.484480611278935,0.5271720436231988
548,18.275000000000002,tracked,0,1,0.19040436366492733,0.6671224953430122,-0.49705866051251446,-0.10088196432551855,-0.14939337819646514,-0.03623390395097074,-0.20452640300477665,-1.4834141594216816,0.5287370463336406
549,18.308333333333334,tracked,1,1,0.1723223947845071,0.6672991439972039,-0.5128979395048682,-0.08972774444393766,-0.20147551982076656,0.05410467677834761,-0.179750901062166,-1.5158253580027645,0.5583079343501972
550,18.34166666666667,tracked,0,1,0.21141146091582838,0.6678758112733378,-0.49632812885553246,-0.1011353760549244,-0.14972151870792255,-0.035935921876186695,-0.20536380524910774,-1.4829139769371222,0.5281917350235724
551,18.375,tracked,1,1,0.16122497624909976,0.6675201757774376,-0.5113915626493,-0.09240711352692538,-0.20032620745754853,0.048076443211512186,-0.19024556063229725,-1.5106507997434389,0.5569479278833845
552,18.408333333333335,tracked,0,1,0.16057891890002027,0.662853824461334,-0.49729177393840085,-0.10197881219390648,-0.14963091447830973,-0.037383483184928366,-0.20311986307110072,-1.4823099878594028,0.5292335941065126
553,18.441666666666666,tracked,1,1,0.17285630661623244,0.6668599003477199,-0.5117613383190909,-0.0879263617579007,-0.20542725632486258,0.06490350941782648,-0.1796094635153084,-1.5171583519075693,0.5584183647869123
554,18.475,tracked,0,1,0.1503323901598193,0.669298804995405,-0.4973829158511398,-0.10193817938538896,-0.14985120073783298,-0.0389628152488965,-0.20706571107480862,-1.4816213998198382,0.5293737240924979
555,18.508333333333333,tracked,0,1,0.1599644667816782,0.6477430649194088,-0.497152226791689,-0.10157951675623683,-0.1498842436166244,-0.03767003918921487,-0.2066924492950176,-1.4823228164479243,0.5290973646814858
556,18.541666666666668,tracked,1,1,0.16858607545680776,0.6685564585334003,-0.5119764404908832,-0.09248718635480263,-0.20242076824798805,0.0510662312402078,-0.19158275164299102,-1.5112358185037484,0.5582543530288399
557,18.575000000000003,tracked,1,1,0.13513511208763324,0.668881100725035,-0.511211537099133,-0.09179408516437068,-0.20310851673244074,0.053929258620976604,-0.19237577650962273,-1.5099684298625493,0.5576884966571162
558,18.608333333333334,tracked,0,1,0.17278726702445307,0.6675786567494821,-0.4958685457529705,-0.1011039952425456,-0.14912248682770296,-0.03554265901815036,-0.20532093879035138,-1.4834109052605435,0.5275842573455438
559,18.64166666666667,tracked,1,1,0.19067777045731715,0.6729698443785286,-0.509324608957504,-0.08861269967898913,-0.20420611992307097,0.06837439855940962,-0.1843138080789424,-1.5152454868976513,0.5558452187868028
560,18.675,tracked,0,1,0.17585726155409073,0.6707395638791442,-0.4976555168633815,-0.10155331650380861,-0.1493809250308325,-0.038799913305358175,-0.20613551087007448,-1.4818010950199592,0.5294230353134903
561,18.708333333333336,tracked,0,1,0.13899411156156352,0.6714285217956905,-0.4950513003936267,-0.10054898930498912,-0.148930898075753,-0.03449256132940985,-0.20676419725339673,-1.4828178095981426,0.5266557715181007
562,18.741666666666667,tracked,0,1,0.15546698939602924,0.6535375227055802,-0.4971083791468738,-0.10065792219641634,-0.14927817562814832,-0.0372036781967527,-0.20479533726192156,-1.482044827142573,0.528708550751546
563,18.775000000000002,tracked,0,1,0.16282513263305604,0.6757148264342607,-0.49524356415897286,-0.09977754711435022,-0.14863413062361752,-0.03570811648633712,-0.20823404389892913,-1.480770171288653,0.5266059736988156
564,18.808333333333334,tracked,0,1,0.19230368692008534,0.6743620395670067,-0.4969107020320882,-0.10137919794104161,-0.14943292236951017,-0.03898507786915546,-0.20754724567329794,-1.4808799856684007,0.5287042517864631
565,18.84166666666667,tracked,0,1,0.19660366831600834,0.6624403787860547,-0.4983050038119673,-0.10148309024687968,-0.1499178413733127,-0.04132322786049969,-0.2064297069534628,-1.4844105959239315,0.530171720852909
566,18.875,tracked,0,1,0.1742795001837713,0.6625133033713058,-0.4970942257243036,-0.1009910476221883,-0.14844518298075893,-0.037623075519191834,-0.20512367003946544,-1.484689434107682,0.5285242031340315
567,18.908333333333335,tracked,0,1,0.16455489755122008,0.6663471565666192,-0.49565864961741,-0.10095542556723819,-0.14945803424877374,-0.03460102644372819,-0.2068052357633882,-1.4838313523029494,0.5274535040110401
568,18.941666666666666,tracked,1,1,0.2050183729864978,0.6705450054656745,-0.5113625487451204,-0.08759641438470198,-0.20666309041784053,0.06663543076428813,-0.1802106948899724,-1.5185534982622269,0.5584571792118126
569,18.975,tracked,0,1,0.1849113415298689,0.6686971977416407,-0.4962299311910279,-0.10047478664823484,-0.14893723909254714,-0.03963436707595297,-0.203691877075438,-1.485274852558867,0.5277514837026714
570,19.008333333333333,tracked,0,1,0.1662944436523863,0.6726432351170418,-0.4957543691352503,-0.10010628329631954,-0.14895331264513978,-0.03715386360736533,-0.20423178620610194,-1.4829075385246409,0.5272387996155573
571,19.041666666666668,tracked,0,1,0.1700463171388978,0.6673301452882577,-0.49581986155773894,-0.10102481602473001,-0.1491667670766122,-0.03764569635497203,-0.20567965340861855,-1.4829685915235893,0.5275358499363377
572,19.075000000000003,tracked,1,1,0.16640326246413956,0.6724367603985104,-0.5101035043400141,-0.0903797355565934,-0.2026216308964886,0.05800532541501699,-0.18641762086082533,-1.5138193849307333,0.5562639724504862
573,19.108333333333334,tracked,0,1,0.18452555144303331,0.6736345698002366,-0.49600138765780377,-0.10082491917806291,-0.149727171174173,-0.03695397376390183,-0.20531532592306223,-1.483073303516211,0.5278269287120069
574,19.14166666666667,tracked,0,1,0.195486972350403,0.6729289863281988,-0.49753635297625176,-0.10102952833574735,-0.14910755131881098,-0.041915693664613986,-0.20589488923367266,-1.4841297546052066,0.5291336787513575
575,19.175,tracked,0,1,0.15357002430124925,0.6680635460170454,-0.4952926200580749,-0.10044376581438286,-0.14971881078703275,-0.03604377396524515,-0.2087985235625714,-1.4833062170423554,0.5270858107352638
576,19.208333333333336,tracked,0,1,0.181585656883275,0.6737075457961563,-0.49648718850560936,-0.10037567221219756,-0.148321049608376,-0.03794188010496906,-0.204374523484817,-1.4859484502721307,0.5278010398617886
577,19.241666666666667,tracked,1,1,0.17535276283771267,0.676475597206438,-0.510430696313162,-0.08852673810205033,-0.19978277259328697,0.05541759302850548,-0.18332738287889283,-1.5171125221370507,0.555238359016008
578,19.275000000000002,tracked,0,1,0.15695223186634918,0.6731452373722584,-0.4967217740937893,-0.1004371792214962,-0.14863077379282075,-0.040164060356309934,-0.2073826233625699,-1.4859632963901448,0.5281204926407468
579,19.308333333333334,tracked,1,1,0.15963160448278502,0.6739633010970443,-0.5107248157916137,-0.08801997727746416,-0.20050749945089819,0.057488739908020906,-0.18299792745009333,-1.5172189177126383,0.5556893117573479
580,19.34166666666667,tracked,1,1,0.24726454635233847,0.677529130974573,-0.5103242678962526,-0.08812036979241683,-0.20041629857239995,0.05795472786865886,-0.18441416383100695,-1.5171647023308006,0.5553041965532584
581,19.375,tracked,1,1,0.22971046198330378,0.6743580268398203,-0.5103083247426338,-0.08779795646506705,-0.20452440826953594,0.06278358952817706,-0.18405960897953497,-1.5168494084608024,0.5567344977986176
582,19.408333333333335,tracked,0,1,0.1860888539236094,0.677576525137621,-0.4964170228510195,-0.10070775505220642,-0.14898384698974987,-0.04080287355155827,-0.20872637058554602,-1.4833457963467895,0.5279849421790266
583,19.441666666666666,tracked,0,1,0.2029796887414226,0.663873945217347,-0.497117880483567,-0.10192389743065233,-0.1516424462718221,-0.038297567251042434,-0.2082679220725343,-1.4837609212041123,0.5296320415866383
584,19.475,tracked,0,1,0.16395239980820087,0.6771826676026564,-0.49572748289541513,-0.10019083417605379,-0.14892499575864104,-0.03639827244290182,-0.20548157379814203,-1.4844474528978433,0.5272215804691883
585,19.508333333333333,tracked,0,1,0.15577767834435818,0.6630651204064274,-0.49626696399474834,-0.10079502494089893,-0.1490489975190728,-0.03886818867700946,-0.20695836517293822,-1.4826523662344457,0.5278789068212916
586,19.541666666666668,tracked,0,1,0.17118927989416538,0.6744684543081123,-0.4968561623183113,-0.10069102418382364,-0.14924718544058352,-0.04004061868958079,-0.2069204842176901,-1.4845327942880377,0.5284689685750749
587,19.575000000000003,tracked,1,1,0.1662176798009746,0.6770206467408098,-0.5100917078113665,-0.09028533661929114,-0.20414838386110035,0.05827626080948724,-0.1933646864551922,-1.5140188900891283,0.5567957929254443
588,19.608333333333334,tracked,0,1,0.17325844429948595,0.6757365097765282,-0.4978218823080369,-0.10145637516254258,-0.14989137111716055,-0.04014645170218743,-0.20592323774293056,-1.4846406765360007,0.5297050553857513
589,19.64166666666667,tracked,1,1,0.14469094684924416,0.6768613355662001,-0.509504553141829,-0.08915330045459549,-0.20625301451724998,0.06395575225087873,-0.19235047830403076,-1.5140304567707075,0.5568514224204291
590,19.675,tracked,0,1,0.15106250556042386,0.6782971397369119,-0.4976137422457054,-0.10110130694721031,-0.14903914849538363,-0.04298457645916432,-0.208456435753987,-1.485198959878722,0.5292008867362549
591,19.708333333333336,tracked,1,1,0.2028534119105467,0.6773601078294867,-0.5101887497974996,-0.0904925607303991,-0.20238331937161624,0.05391932281424716,-0.19441943965314096,-1.5127746019376074,0.5562737383045817
592,19.741666666666667,tracked,1,1,0.16698359886899558,0.6782455474086024,-0.507340835933055,-0.08875143022353732,-0.2066706009381366,0.06872059122136036,-0.19740253992658402,-1.51451801716469,0.5549633118180921
593,19.775000000000002,tracked,1,1,0.10152628885081215,0.6690967807073063,-0.5083696048556292,-0.09021413171689227,-0.20220780564855917,0.05633595328994052,-0.19676682936113474,-1.5130237974437513,0.5544963853513446
594,19.808333333333334,tracked,0,1,0.18283693350476493,0.6774837314472382,-0.4983160086091081,-0.10174764501698425,-0.14860482469748731,-0.045714685452452906,-0.20687010991071822,-1.4852091147871043,0.5298630215687691
595,19.84166666666667,tracked,0,1,0.17901888164481555,0.679276513182413,-0.49733505490583707,-0.10163053291586521,-0.14925747217711566,-0.043116162520943954,-0.210342057283328,-1.484184318347441,0.5291018002801137
596,19.875,tracked,0,1,0.1519013565042984,0.6675313353471021,-0.4975046661465511,-0.10093736135378584,-0.14941552190209895,-0.041958163816390795,-0.20824729562732588,-1.4857423880470286,0.5291731681972666
597,19.908333333333335,tracked,1,1,0.16279246099228345,0.6791174489461764,-0.5092431621827546,-0.0891333265647915,-0.203156612637241,0.057825167427243404,-0.1955459012161211,-1.5157263179165403,0.5554691327091318
598,19.943333333333335,tracked,1,1,0.17662399054687059,0.676411225236851,-0.5095562373160684,-0.08922530324079606,-0.20505460871905468,0.05852491582730689,-0.19768963930331257,-1.5167614211300537,0.5564675249132208
599,19.976666666666667,tracked,0,1,0.18400524124945214,0.6744447483620117,-0.4982564619275499,-0.1015315586221543,-0.1498123018812414,-0.042401521837945724,-0.2062736472399733,-1.4854987107172983,0.5301055414195933
600,20.01,tracked,0,1,0.21810929580615648,0.6745100437873669,-0.49973174784772106,-0.10125920811597267,-0.1488046751608541,-0.046570384842964864,-0.20612906453173838,-1.4843011817360319,0.531157300980547
601,20.043333333333333,tracked,1,1,0.20239036943770825,0.6709675000018656,-0.5112766187074762,-0.08986832243720197,-0.20456263759707438,0.05364531146473186,-0.19670887331402936,-1.5160742986530793,0.5579659209264477
602,20.076666666666668,tracked,0,1,0.12251621516317594,0.6651374957563807,-0.5013600686266679,-0.1024793553558982,-0.15074888360766897,-0.0475982415018588,-0.20812682223759144,-1.4851721419176456,0.5334689893484496
603,20.110000000000003,tracked,0,1,0.14905937944095216,0.6605829742168792,-0.4997972570149098,-0.10145858539968744,-0.14845546646872182,-0.05133223206156711,-0.20540001738865685,-1.4866791484608413,0.5311592682005833
604,20.143333333333334,tracked,0,1,0.17240700081281526,0.6601150506572389,-0.5003066047419087,-0.10180353071752474,-0.1495612070672755,-0.046469991454976635,-0.20569637877502664,-1.487235879310113,0.532014297058219
605,20.17666666666667,tracked,1,1,0.20994652750476384,0.6730452642768148,-0.509458517068582,-0.08903477804117046,-0.19630623561643484,0.049515790649375606,-0.1908871154869646,-1.5139739234872387,0.5531828906035096
606,20.21,tracked,1,1,0.1906063693049926,0.6644898720062098,-0.5101043624470445,-0.0915000134854701,-0.1997790349181407,0.04996747215415225,-0.19777045613222458,-1.5135842579894874,0.5554190992828484
607,20.243333333333336,tracked,1,1,0.281041735069395,0.6628116871917028,-0.5108806291733088,-0.09243523583284702,-0.1993056703966688,0.04102321179487759,-0.20241701183710042,-1.5122680970599474,0.5561169304564063
608,20.276666666666667,tracked,0,1,0.249808742990918,0.6647270669785337,-0.5027890870983658,-0.10241216344812992,-0.14894638666858406,-0.050333539767367576,-0.2031340988916357,-1.4861397916089543,0.5342940608213439
609,20.310000000000002,tracked,0,1,0.26736898324990305,0.6608433335733925,-0.5017699599890789,-0.10172853770882406,-0.14816505179292483,-0.04677422652819488,-0.20307617962067848,-1.4862265513809563,0.5329865577147491
610,20.343333333333334,tracked,0,1,0.19229480681494862,0.6656062793822869,-0.5016134312641973,-0.10129895600746264,-0.1473768323958209,-0.047481496442687184,-0.20216190616660812,-1.4854849842140483,0.5325386780693675
611,20.37666666666667,tracked,1,1,0.19079572561505465,0.6605734925895037,-0.5107509664193832,-0.09339441710082233,-0.19512781542209712,0.03622838043370914,-0.1985250710710187,-1.50977901032903,0.5546746174067606
612,20.41,tracked,0,1,0.2073506640801816,0.6656835908539174,-0.5010092230514147,-0.10051192813662368,-0.14722804315450372,-0.04391842120098104,-0.19952489988610406,-1.4878684150701633,0.5317790762820859
613,20.443333333333335,tracked,1,1,0.1994943385762147,0.6625953403245566,-0.511688843318726,-0.0911145553732493,-0.1935648437293891,0.03724920200545322,-0.1925141524834353,-1.5133451095723462,0.5546121918112723
614,20.476666666666667,tracked,0,1,0.18307352106482355,0.6626456165741373,-0.5025455740784945,-0.10118462680419549,-0.14752038802709305,-0.04629500710458481,-0.20021255597080417,-1.4873821071718307,0.5334347641568293
615,20.51,tracked,0,1,0.18016141967096508,0.6610221597453014,-0.5032266494470639,-0.10160986292728824,-0.14784866654583462,-0.0490209953390145,-0.20067224773832143,-1.4861636724113059,0.5342479322909933
616,20.543333333333333,tracked,1,1,0.17653252278749781,0.6574080578941022,-0.5122960409501512,-0.09364991977443249,-0.19082025050109963,0.02689365532731945,-0.19554085588619238,-1.509409766540331,0.554643947995702
617,20.576666666666668,tracked,1,1,0.1911983784028592,0.6635967041762652,-0.5126031836907995,-0.09450507273696535,-0.18473313787240964,0.016390315193179288,-0.1954210436609456,-1.5052429868958288,0.5530095522964765
618,20.610000000000003,tracked,0,1,0.1331783886758497,0.6613153964674616,-0.5033908441744712,-0.10071417338682725,-0.14690120545261903,-0.04776073054731134,-0.19770342397768895,-1.4866998406953076,0.5339715824677483
619,20.643333333333334,tracked,0,1,0.1630595642125137,0.6611407966413941,-0.5019816579223398,-0.10037825561320185,-0.1464991467186713,-0.044885017819642443,-0.1981809449696946,-1.4880482460408864,0.5324691343915712
620,20.67666666666667,tracked,1,1,0.12989851692283358,0.6617859223265644,-0.5114665723659677,-0.09110965412721467,-0.1831179312101418,0.023954750320669002,-0.1847271455554427,-1.5129987604224977,0.5508458953769689
621,20.71,tracked,0,1,0.16323917695357246,0.6622737318838782,-0.5031805508954672,-0.10074379660157012,-0.14681007106958954,-0.047890064907609366,-0.19819021175677026,-1.4876717022727324,0.5337538536822215
622,20.743333333333336,tracked,0,1,0.17012554672583083,0.6626502674512927,-0.5033606665417112,-0.10047336608629037,-0.14633988436008227,-0.04740581712913617,-0.19875427959358768,-1.487808346009148,0.5337435898149483
623,20.776666666666667,tracked,0,1,0.14520032727074203,0.6646325940880492,-0.5033902608040751,-0.10117850760876773,-0.1447015676702294,-0.05309068263897731,-0.1992395270994787,-1.4870621591969604,0.5334579540700037
624,20.810000000000002,tracked,0,1,0.12820046921983502,0.6660501515573722,-0.5015260137208402,-0.099673042344746,-0.14559153302283917,-0.045788455412910475,-0.20210035258091086,-1.4881373415728356,0.5316577398072132
625,20.843333333333334,tracked,0,1,0.16797661328255464,0.6638746742089071,-0.5026754584837796,-0.0993121340325202,-0.14415996144093518,-0.047854298413915544,-0.19633311489469402,-1.4900723628041677,0.5322852722090131
626,20.87666666666667,tracked,0,1,0.22534699608224615,0.663132457345713,-0.5037655019183357,-0.10061422975226042,-0.1454126528542053,-0.051343352834297064,-0.19853053143041596,-1.4887538872700816,0.533898626858855
627,20.91,tracked,1,1,0.20763328314841742,0.6676346423336901,-0.510162549694253,-0.09279113627295643,-0.18137521928259265,0.016029724658367377,-0.19776309404150783,-1.5065310387427293,0.5493386862866807
628,20.943333333333335,tracked,0,1,0.17941091915927418,0.6727302317977907,-0.4995936329569999,-0.09685929391026021,-0.14190343459350968,-0.04658956079560022,-0.1973650023117472,-1.4891096961279287,0.5283106147498857
629,20.976666666666667,tracked,0,1,0.17054718472964966,0.6553860932353676,-0.5061056427218431,-0.10130778963112425,-0.14644948374738243,-0.05466514882267253,-0.197218533270631,-1.4919207353650428,0.5365199354401557
630,21.01,tracked,0,1,0.18794010509586007,0.6550629775352894,-0.5079491379648937,-0.10214123044604007,-0.14614582044215868,-0.05790555831065218,-0.19538738961879162,-1.4917715238885711,0.5383342442656063
631,21.043333333333333,tracked,1,1,0.15573384968553658,0.6442120876993647,-0.5139036441550796,-0.0935952304765908,-0.17526640869815802,-0.0022471694963113156,-0.1905613429143933,-1.511373664080573,0.5509767115421365
632,21.076666666666668,tracked,1,1,0.17450199871350008,0.6629664665087389,-0.5149852011658196,-0.09325619543455904,-0.16789927127070453,-0.016875076445574552,-0.1813327231786103,-1.507988682547328,0.5496331874077128
633,21.110000000000003,tracked,0,1,0.15414845774089375,0.6567016415067259,-0.5044210819096275,-0.09842234324172011,-0.1437079184137271,-0.05245054678528173,-0.1956899716137866,-1.4920564351948142,0.533647403571756
634,21.143333333333334,tracked,1,1,0.14337233525966186,0.6545898902394305,-0.5125644134759775,-0.09416949795696711,-0.17312130837002354,-0.0017779311981272396,-0.18619524879207236,-1.5088645743325568,0.549145845581289
635,21.17666666666667,tracked,0,1,0.21165043161256647,0.6554395708647418,-0.5058397469897336,-0.09939728788742891,-0.1441750234769426,-0.054838365919687944,-0.19527157283976707,-1.4910354682709972,0.5352944123270773
636,21.21,tracked,0,1,0.15760066173709755,0.6525948511382761,-0.5068449914626914,-0.09949512071165839,-0.1440679772887995,-0.05441673190698111,-0.1936862994742136,-1.493390517070144,0.5362338170018086
637,21.243333333333336,tracked,0,1,0.1932305172294617,0.6538827721331025,-0.5055732681532332,-0.09949000827921822,-0.14372518945770268,-0.05220910319273971,-0.1933770094054285,-1.4927764243342732,0.53493880145601
638,21.276666666666667,tracked,1,1,0.16554547217990795,0.6493355372890686,-0.5144052832256737,-0.09614000302775527,-0.1718760930770416,-0.012511399990892381,-0.18974130266806527,-1.5073621722740405,0.5508149298667295
639,21.310000000000002,tracked,0,1,0.19597345218345003,0.6516684098454721,-0.5060062016123539,-0.10091656170167984,-0.14284421300880235,-0.05499820462457161,-0.19339428944420115,-1.4896443018288226,0.53537920923954
640,21.343333333333334,tracked,0,1,0.14463491857078248,0.6553733083224274,-0.5061320836598933,-0.10032413321184491,-0.14251235849823962,-0.05466794838222564,-0.19224127374381894,-1.4908921629869014,0.5352984122331618
641,21.37666666666667,tracked,0,1,0.10502379007388578,0.6526315369604605,-0.506897142221443,-0.10104374507999975,-0.14216651709371464,-0.0576617271706353,-0.19167893056211302,-1.4920223478812995,0.5360651730849667
642,21.41,tracked,0,1,0.12982690879533615,0.6511587592147694,-0.5067359531798985,-0.10045121967012866,-0.14251318438685817,-0.05533158764156167,-0.1913830443067754,-1.4919088648101697,0.5358934423021421
643,21.443333333333335,tracked,0,1,0.17428654780076974,0.6494458691243581,-0.5083944568322529,-0.10186763540601479,-0.14282176670373187,-0.05840310718199173,-0.18973623464232459,-1.491403656281826,0.5378103717160441
644,21.476666666666667,tracked,0,1,0.10297554250254702,0.6506963282052749,-0.5072574224663725,-0.1003682251643288,-0.14223705432109157,-0.057192232742270525,-0.19093666490786487,-1.4936539682828989,0.5362977278450902
645,21.51,tracked,0,1,0.18624833034619628,0.6469732591236259,-0.5088941542424105,-0.1024818304324509,-0.14443922534869647,-0.059465758775881734,-0.1934622226024767,-1.4940021254373421,0.5388306557817729
646,21.543333333333333,tracked,1,1,0.18949755499985413,0.6500952197950192,-0.5117826208957004,-0.09848229150463111,-0.1668373629935011,-0.01774388878839434,-0.19117151836586974,-1.5018006218779847,0.5472247422051569
647,21.576666666666668,tracked,0,1,0.1688460801856246,0.6485899092295325,-0.5073129145629159,-0.1007402494581272,-0.14296717464740993,-0.05645164969508976,-0.1910020083786704,-1.4960468546958798,0.5366140178656063
648,21.610000000000003,tracked,1,1,0.16036322444382567,0.6478740801334827,-0.5133005076340986,-0.09805367579401014,-0.16694248688445285,-0.01865835946393488,-0.18819271462976936,-1.5031510949170666,0.5485997889183936
649,21.643333333333334,tracked,0,1,0.14461978936148145,0.6543769810789973,-0.5066594077640394,-0.1011180030458892,-0.1418581404783983,-0.05632438206549733,-0.19046512342273145,-1.4932656549821224,0.5357726551773472
650,21.67666666666667,tracked,0,1,0.1675668566912364,0.6525082535012331,-0.5063382835542556,-0.10218293493358033,-0.14287056593032882,-0.0560085010469216,-0.19214390330794334,-1.4914139795506867,0.5359401162383373
651,21.71,tracked,1,1,0.19242546607034525,0.6542245204057413,-0.511663811124614,-0.09996432165248065,-0.16317504011447942,-0.026238303602153425,-0.19354695719840923,-1.501438668412892,0.5462772326707084
652,21.743333333333336,tracked,0,1,0.2034540383710078,0.6546367279352165,-0.5071794698222868,-0.10236279667041337,-0.14056271013432986,-0.060394129707525376,-0.1880047074644062,-1.4934039103195027,0.5361595212543669
653,21.776666666666667,tracked,0,1,0.17037904708273036,0.6537584672817413,-0.5072723974423836,-0.10262991578265868,-0.14101978921882602,-0.06088900742459134,-0.18973028613554796,-1.494557053056835,0.5364184614382892
654,21.810000000000002,tracked,0,1,0.1981739208281169,0.655048871538591,-0.5076687755027568,-0.10318143253016593,-0.14203368298049562,-0.062043972514593725,-0.1894164176123389,-1.493779729396009,0.5371662319435666
655,21.843333333333334,tracked,0,1,0.16950920479027892,0.6600469728255716,-0.5036936919945139,-0.10203983066117106,-0.13978290588550496,-0.05918109490041122,-0.18699430926435393,-1.4940328516322297,0.532596210251463
656,21.87666666666667,tracked,0,1,0.18355938810722225,0.6178392574621299,-0.5071428397661962,-0.10285536542683277,-0.1401297693104523,-0.05977171159749243,-0.18418211690398265,-1.4921231782840942,0.5361058089316041
657,21.91,tracked,1,1,0.16428914483541737,0.655533494566639,-0.5107870980832346,-0.10306396532527401,-0.1631557852390202,-0.032350124342499904,-0.20204866251722822,-1.4939433909520763,0.5460269689070518
658,21.943333333333335,tracked,1,1,0.18645599655758416,0.6628398782909741,-0.5093097642742078,-0.10209575547493988,-0.1629889846799807,-0.02538031526133562,-0.2021133603877113,-1.4925903094945614,0.5444128841220226
659,21.976666666666667,tracked,1,1,0.13700993284699622,0.6535811395111222,-0.5109017043878868,-0.10350056599756696,-0.16262946392100935,-0.030925886380836105,-0.20095744018223197,-1.492068080397873,0.5460597597731399
660,22.01,tracked,1,1,0.14680564044230637,0.6567813642678165,-0.5126928985829102,-0.10263964781933144,-0.16542200910841198,-0.029890777699147317,-0.1998921943140286,-1.495050686876059,0.548409834575645
661,22.043333333333333,tracked,1,1,0.18013502867466788,0.6658777837276991,-0.5101703336789153,-0.10224470045219675,-0.15818762915469514,-0.03399273647228393,-0.19668602427093007,-1.4925329920446015,0.5438300048307362
662,22.076666666666668,tracked,0,1,0.1427030158188822,0.6622045282722749,-0.5068430666844834,-0.10283742194861051,-0.13941105445522756,-0.059942784040294614,-0.1883446629242457,-1.4897659278031015,0.5356312833502975
663,22.110000000000003,tracked,0,1,0.16878983211317203,0.6619348421530433,-0.5070390080519115,-0.10278522915383148,-0.1392066167031612,-0.05966500909681549,-0.18711340563217402,-1.4927721394608267,0.5357535264955452
664,22.143333333333334,tracked,1,1,0.1926522094812967,0.663479947848104,-0.5099213251764927,-0.10080516754564678,-0.16099910099036713,-0.025702697241580388,-0.1918742714809195,-1.4965627920676705,0.5441526901462151
665,22.17666666666667,tracked,1,1,0.20898283639145326,0.6506147146704075,-0.5090492157180744,-0.10312080661324957,-0.15933527440494272,-0.03243730165998758,-0.19989835565056033,-1.4924626876666494,0.5432796098230194
666,22.21,tracked,1,1,0.1646981494748467,0.6609725520578827,-0.508856829858646,-0.10221439833526247,-0.16074328857157477,-0.02649823711255861,-0.19588929946793027,-1.4931138306855798,0.5433428580018654
667,22.243333333333336,tracked,1,1,0.18341017916526373,0.6620118309031511,-0.5104748973779172,-0.10223428738788676,-0.15966465580676198,-0.03241941710787243,-0.19827718465076133,-1.4920877117252862,0.5445450143786057
668,22.276666666666667,tracked,0,1,0.22324888532142523,0.6594548427122651,-0.5064512358970085,-0.10256042503832968,-0.13920809547820334,-0.060999351290329414,-0.18682227669264767,-1.49322362258281,0.535154546810843
669,22.310000000000002,tracked,1,1,0.23663132224860955,0.6602641559152431,-0.5110183628895448,-0.10308449358200239,-0.16595865629961348,-0.029680647042013827,-0.20056840797364217,-1.4952321033844793,0.5470909025273054
670,22.343333333333334,tracked,0,1,0.18458456813433205,0.6649795703161074,-0.5051960961279234,-0.10093655884552205,-0.13837128845500213,-0.05767837281990321,-0.1829526500712958,-1.4972207995952223,0.533439685365803
671,22.37666666666667,tracked,1,1,0.16637063940148425,0.6637855436294532,-0.5090861270631566,-0.10191405759305189,-0.163717355333741,-0.02385970764167212,-0.2007785191520342,-1.4961868171990034,0.544388218407341
672,22.41,tracked,0,1,0.19731409476119532,0.6538198206306007,-0.5045864978630115,-0.10120705626874338,-0.13800381285514518,-0.055296615995597834,-0.18285495999163837,-1.4949178341339797,0.5328184066141122
673,22.443333333333335,tracked,1,1,0.18360518058414474,0.6655276007741836,-0.5110739044582965,-0.10536817976927038,-0.1602089076098107,-0.04102670163651028,-0.20920598264841295,-1.492928510113963,0.5458625130961697
674,22.476666666666667,tracked,1,1,0.1623099327536884,0.6700174432338057,-0.5095462219061109,-0.10263800695728104,-0.16220609496903154,-0.026663194020027408,-0.20173307977383848,-1.492690648119092,0.5445022772918925
675,22.51,tracked,1,1,0.20124190878513012,0.661107822911541,-0.5091573717953677,-0.1043360798457113,-0.16171812672148506,-0.03160861388099993,-0.20625537076583617,-1.4898967040289688,0.5443160840186915
676,22.543333333333337,tracked,1,1,0.22956496159207673,0.6592424142255853,-0.508450303175838,-0.10358139296477459,-0.16197417799132524,-0.027035954691374223,-0.2053388657598826,-1.4929047231999923,0.5435866537214559
677,22.576666666666668,tracked,1,1,0.19619389540315907,0.6606008472740514,-0.5110774599822456,-0.10444025235889581,-0.16140909410559162,-0.0367168888183219,-0.2064347432447283,-1.4919651203687818,0.5460410534700495
678,22.610000000000003,tracked,1,1,0.24073830773786997,0.6466051044642704,-0.5095473501077217,-0.10182454011410563,-0.16497434507154474,-0.021900945180606028,-0.20002394288561967,-1.4929349341033757,0.5451818719501185
679,22.643333333333334,tracked,0,1,0.1834146518538611,0.6708402852468524,-0.5045971291080792,-0.10098897780283439,-0.13730919866574887,-0.058199199212248275,-0.18765342139243704,-1.491324923336216,0.5326075969980216
680,22.67666666666667,tracked,1,1,0.2812262011411727,0.6479168223336823,-0.5094254994605623,-0.10195669642105643,-0.16511504102736463,-0.02412383914193592,-0.20291695393007594,-1.4954149828076901,0.5451352898310722
681,22.71,tracked,0,1,0.18090929222535285,0.6680789831330247,-0.5067999747404383,-0.10262598383800198,-0.13889085080653457,-0.06261612465561611,-0.18742158017959182,-1.4921559485769622,0.5354147694950054
682,22.743333333333336,tracked,0,1,0.1698255986012116,0.6635393662563176,-0.5072732512721494,-0.1037537736728702,-0.14025395081022268,-0.06252515769532675,-0.18750458130517814,-1.490997950374116,0.5364346816952226
683,22.776666666666667,tracked,0,1,0.2021546313320243,0.6639279156082248,-0.5069309608946584,-0.10338066817063357,-0.14079256644189803,-0.06253779191332241,-0.19059614603149932,-1.4895740281826675,0.5361801082008587
684,22.810000000000002,tracked,1,1,0.1525624033969055,0.6697217768640064,-0.5103186574230446,-0.1013862210146646,-0.16207408823966868,-0.026978340778377505,-0.19477896111610898,-1.4947011223050575,0.5449516565755288
685,22.843333333333334,tracked,1,1,0.1813551167504701,0.6697294300699885,-0.5102698297478934,-0.10378712546539937,-0.16382007079894018,-0.029852669112027535,-0.2044719551054846,-1.4921958210628012,0.5458791827500701
686,22.87666666666667,tracked,1,1,0.2538995184846124,0.6692109861714792,-0.5103660191039638,-0.10435293041854687,-0.1660156325544182,-0.026139056055883157,-0.20765145825243195,-1.4908330048689413,0.5467396069386314
687,22.91,tracked,1,1,0.18828692011538564,0.6701904105428844,-0.5109841120210097,-0.10616950431494587,-0.16211361963988652,-0.03618694739254622,-0.20937677769896432,-1.4893309381659126,0.5464957017736982
688,22.943333333333335,tracked,1,1,0.13748662442845808,0.6720498211295657,-0.5099460611314298,-0.1049671622565076,-0.16153812611455892,-0.03484367265526141,-0.20729800948602342,-1.4903676165703732,0.5451216897209714
689,22.976666666666667,tracked,0,1,0.16160851022508024,0.669086949104929,-0.5067735509415384,-0.10399929367294658,-0.13933670421712863,-0.06212980071358268,-0.18690204050089443,-1.4910205686045714,0.5357704752601243
690,23.01,tracked,0,1,0.22734104242798814,0.6482434428427384,-0.5063391664675458,-0.1030728329746397,-0.13839523985820718,-0.06190987488921645,-0.18345427695878042,-1.4931460073970153,0.5349360735750374
691,23.043333333333337,tracked,1,1,0.1639504935042672,0.6615613671644314,-0.5097330353678727,-0.10471258221051499,-0.16494389441622015,-0.02751315086514817,-0.20585151567489354,-1.4921744400821073,0.545892828789432
692,23.076666666666668,tracked,1,1,0.16843757332983825,0.6701678202829047,-0.509716180915921,-0.10403991850943267,-0.1649992044547997,-0.023623860951944332,-0.20126453288574636,-1.491038492684492,0.545765175878489
693,23.110000000000003,tracked,1,1,0.2208944568007577,0.6673998582771292,-0.5103345425226093,-0.10518296473936217,-0.16515779136752323,-0.026409877146680687,-0.20410157469264356,-1.489737886283249,0.5466094560218668
694,23.143333333333334,tracked,0,1,0.20848165471516428,0.6627419724881776,-0.5062538272784223,-0.10370072417801501,-0.13913508315433776,-0.06028679299454418,-0.18727521994814703,-1.4920863717539827,0.5351685241056875
695,23.17666666666667,tracked,1,1,0.17292151558713284,0.6691771186215183,-0.5090102433659731,-0.10387276596979861,-0.16305575717318066,-0.02573617296181273,-0.1997046364575572,-1.4930720445084962,0.5444888973239244
696,23.21,tracked,0,1,0.1807613726428583,0.6631426417598275,-0.5050324890299059,-0.10324658063377878,-0.13824210959014438,-0.05872310271414486,-0.18238726919247356,-1.4940083351080855,0.5336933129169251
697,23.243333333333336,tracked,0,1,0.2229668492986242,0.6593868686233895,-0.5049584302382821,-0.10288529032425131,-0.13758397415806883,-0.06028662572433463,-0.18145126400768072,-1.4926604590601065,0.5333833041809086
698,23.276666666666667,tracked,1,1,0.1492224202830333,0.6695766759481822,-0.5098629314471029,-0.1049391329782775,-0.16106811367808294,-0.032812203133160495,-0.20304332494731903,-1.4895069773717375,0.5448994106602444
699,23.310000000000002,tracked,1,1,0.1984796475568909,0.6665625025022659,-0.5103723379664866,-0.10400940734769942,-0.16432643640416583,-0.0258941140836541,-0.20021702165141764,-1.489960982531199,0.546169440631284
700,23.343333333333334,tracked,1,1,0.18520616228894507,0.6712802356570585,-0.5098179232814621,-0.10372988525977322,-0.16396643930536736,-0.024914780665453343,-0.20220004189079452,-1.4903629025217537,0.5454898690292141
701,23.37666666666667,tracked,0,1,0.20105388676022712,0.668373022621136,-0.505231348378927,-0.10159460411268756,-0.13880271726910937,-0.058627277596895275,-0.18625440348354327,-1.4938803911460758,0.5337100086103789
702,23.41,tracked,1,1,0.12387736414461548,0.6673978714160257,-0.5083359157792453,-0.10341544006059433,-0.166327701661229,-0.020275916513187834,-0.20172765839219642,-1.4917817277278176,0.5447614715212129
703,23.443333333333335,tracked,1,1,0.20129054337985236,0.6635112092058864,-0.5089735116867106,-0.10369158239641385,-0.16272875225938183,-0.028709754642695262,-0.19877897617573148,-1.4932404265929704,0.5443221717608696
704,23.476666666666667,tracked,1,1,0.19002590006640238,0.6633924635476769,-0.5124369167324044,-0.10300829386481503,-0.16504229137929294,-0.027325491460895236,-0.1939195333663266,-1.4953618562498388,0.5481252230821718
705,23.511666666666667,tracked,1,1,0.2017970087342604,0.6654042448762728,-0.5104260042594935,-0.10535742097797551,-0.16672645207854536,-0.025386421065747383,-0.20694904978674322,-1.4898207808410087,0.5472043510446004
706,23.543333333333337,tracked,1,1,0.19702183514875468,0.6577488954489785,-0.5093697598365549,-0.10415218484414507,-0.16408350609369055,-0.026403842944144114,-0.20067923608647179,-1.4925186982896095,0.5451867815856843
707,23.578333333333333,tracked,1,1,0.16495494001047817,0.6582367176928252,-0.510267417634073,-0.10373274355043766,-0.16281726066437263,-0.031162315521843315,-0.19771151284665883,-1.4943936362745847,0.545566476200377
708,23.611666666666668,tracked,1,1,0.15639583538875612,0.6678508249261453,-0.5092133238990749,-0.10268735231347664,-0.1617639650728832,-0.02447404289060813,-0.1973942827969781,-1.4924192048714082,0.5440684533747543
709,23.645000000000003,tracked,1,1,0.1494387458651288,0.6672518805476785,-0.5108894923506139,-0.10357309334173431,-0.16130544923906925,-0.031694909258359306,-0.1995586615066463,-1.491432468924612,0.5456692285742907
710,23.678333333333335,tracked,1,1,0.14671137614788732,0.6681314035408096,-0.510088314990186,-0.10388035887233321,-0.16332662062409886,-0.025931751298292623,-0.2006317983970389,-1.4915135238785857,0.5455793279198363
711,23.71166666666667,tracked,1,1,0.12937081143935908,0.6663096939054041,-0.5095977349963128,-0.10288139863964507,-0.16471935830189305,-0.022467199451008325,-0.20099825338376062,-1.4918603443289251,0.5453502550644028
712,23.745,tracked,1,1,0.17717527391471735,0.6660603173024864,-0.5104187493509318,-0.10419285308649728,-0.16573618445762162,-0.0271848622073669,-0.20192804188068156,-1.4918916147379473,0.5466735160604037
713,23.778333333333336,tracked,1,1,0.21151612386591448,0.6676829567181252,-0.5099718749085351,-0.10217324055849442,-0.1640906187901484,-0.02216509986202057,-0.1928938050572558,-1.4949727311267287,0.5453773147637188
714,23.811666666666667,tracked,1,1,0.18532548971487584,0.6584273910369639,-0.5070565264249587,-0.10326750047885391,-0.1633321304352809,-0.022192399124876767,-0.200831783409264,-1.4910915692590603,0.5426305211447496
715,23.845000000000002,tracked,1,1,0.15062818944851308,0.6695093006179215,-0.5089662574740044,-0.10431436738775901,-0.16299607818867767,-0.028512169723910262,-0.20102700287366,-1.4906652522596942,0.5445143340587945
716,23.878333333333334,tracked,1,1,0.15294648110023654,0.6625462041888919,-0.5105751268125741,-0.10425189280981717,-0.1646923406005696,-0.030020161937685058,-0.1994528383134264,-1.493560317027372,0.5465153102398869
717,23.91166666666667,tracked,0,1,0.19512289951283557,0.6673083135260697,-0.5058343989741276,-0.10174467731646747,-0.13853454054735104,-0.062430091462195574,-0.18291901516112108,-1.4933665351450682,0.534239868853322
718,23.945,tracked,0,1,0.17790285893747115,0.6686571804752435,-0.5059782933924499,-0.10297471009157255,-0.13964881485666297,-0.06131089100025156,-0.18667757008047686,-1.49103374821373,0.534901501020188
719,23.978333333333335,tracked,1,1,0.19981549730404977,0.6679435738860864,-0.5097547440655605,-0.10475327192439737,-0.16471706330470043,-0.025676011680148582,-0.20608562779232859,-1.4878455416909757,0.5458524141376829
720,24.011666666666667,tracked,0,1,0.18743063357809733,0.6757677798927535,-0.5041987952005873,-0.10276735118631203,-0.13799907742253242,-0.05917217592515842,-0.1892093796963896,-1.4888713104327056,0.5327488140963288
721,24.045,tracked,0,1,0.15752226829661586,0.6609018812555797,-0.5056164387289024,-0.1033409920550672,-0.13934695523054302,-0.060506001724958555,-0.1889375111992918,-1.4911209626302246,0.5345511366406831
722,24.078333333333333,tracked,0,1,0.16297917375874416,0.6696626547989754,-0.5047847889369745,-0.10201312118512146,-0.13825146612553035,-0.058319637203785045,-0.18834700931407924,-1.4907792136849731,0.5332239941356117
723,24.111666666666668,tracked,1,1,0.1784835453917857,0.6740170978259579,-0.5097616010656497,-0.10520520582685877,-0.16428032931282632,-0.030689316776702755,-0.21004571405509073,-1.4866540251570302,0.5458141184077387
724,24.145000000000003,tracked,0,1,0.18898039657743515,0.6747231858500757,-0.504242526156432,-0.10183725173539532,-0.13771258365753403,-0.0620932283538292,-0.18480297059610612,-1.4936689662461256,0.5325374228383124
725,24.178333333333335,tracked,0,1,0.15825573828658626,0.6739640759503629,-0.5053398363268768,-0.10327698412843939,-0.13897500838743548,-0.06224099711794258,-0.1872762786742463,-1.490880951269091,0.5341802491536245
726,24.21166666666667,tracked,0,1,0.1527326524634796,0.6738444106385908,-0.5064516643567091,-0.10299258500538438,-0.1386900840363106,-0.06251446465704959,-0.18651382792404889,-1.48978452048938,0.5351034482282571
727,24.245,tracked,0,1,0.13726359129695243,0.6674536464384413,-0.506025044611493,-0.10263591719417586,-0.13838655473710598,-0.06180860294055707,-0.18897917089499178,-1.4919889218276583,0.5345524443909683
728,24.278333333333336,tracked,0,1,0.19553362119606763,0.6747884321093588,-0.5042915863201088,-0.10175321399654258,-0.13843369484366508,-0.058395760655512996,-0.18630199634194305,-1.493235408686538,0.5327547357461471
729,24.311666666666667,tracked,0,1,0.17430670389448574,0.6747317361033293,-0.5051245093822474,-0.10204575030184104,-0.13818288132599843,-0.06134939862053903,-0.18531037648847692,-1.4950607644926783,0.5335340793472118
730,24.345000000000002,tracked,1,1,0.19682932708265372,0.6780466929066504,-0.5072130981569387,-0.10421803005170421,-0.16209468278056322,-0.02834396746353065,-0.20834597443353828,-1.4888995269172993,0.5425875145223577
731,24.378333333333334,tracked,1,1,0.20387109217447622,0.6773050794288019,-0.5071660068788899,-0.10372144760178104,-0.1634671215317946,-0.025243415662231858,-0.20929321036448406,-1.4907342767124745,0.542860016070421
732,24.41166666666667,tracked,0,1,0.15998658015742467,0.6775138246553611,-0.5066455513526422,-0.10230100138284048,-0.13826219556772307,-0.0654511267611916,-0.18795773503686344,-1.4932397782396334,0.5350435910396106
733,24.445,tracked,0,1,0.2505282064066842,0.6613755961780752,-0.5057720277579997,-0.10201051397025801,-0.13698570667682558,-0.06536440248634649,-0.18635739313710578,-1.4949226048812008,0.5338319706205917
734,24.478333333333335,tracked,1,1,0.21238586672885226,0.6735537295833769,-0.5084106403631439,-0.10472264769485096,-0.16417237004813923,-0.03207595501452402,-0.2085491153097198,-1.4931231304519608,0.5444270192247121
735,24.511666666666667,tracked,1,1,0.17421052627480735,0.6807407450302713,-0.5071715420818164,-0.1055808888769163,-0.1655321684645022,-0.02878945609176013,-0.21763445803373546,-1.4907720460488623,0.5438485046318025
736,24.545,tracked,1,1,0.1938143542212619,0.6778986364559731,-0.5084389983196077,-0.1051189850135199,-0.16171238190844184,-0.036121629502367275,-0.21564940757411963,-1.492341033062797,0.5437932607940451
737,24.578333333333333,tracked,1,1,0.1597907270954619,0.6761377621195785,-0.5078542477928881,-0.10575045904271457,-0.16171018949928978,-0.03681382205643104,-0.2172711286010522,-1.4907848890318898,0.5433684587615675
738,24.611666666666668,tracked,1,1,0.21328142793328092,0.6864044194060945,-0.5068557102655586,-0.10312416998358354,-0.15923030639077645,-0.03526771225908411,-0.20759748775209225,-1.4923682514048247,0.5411946008016963
739,24.645000000000003,tracked,0,1,0.1789911057664246,0.6752210639738756,-0.5036990256473954,-0.10104215763671581,-0.13520081786113197,-0.06580735310633665,-0.18685539945943955,-1.4932542042054926,0.5312263992012609
740,24.678333333333335,tracked,1,1,0.1843509103585261,0.6859074424666153,-0.5044595546877598,-0.10204613607465812,-0.158855705402616,-0.03029069544573365,-0.2105903805456634,-1.4901783748971706,0.5386353045823337
741,24.71166666666667,tracked,0,1,0.18402740012912722,0.6805508487318744,-0.5054481849879139,-0.10182397771740231,-0.136144118962235,-0.06749476836032604,-0.18267274058761893,-1.4959147962620953,0.5332740489408552
742,24.745,tracked,0,1,0.15673651602541813,0.6840496659313701,-0.5066542407028876,-0.10179369672801769,-0.13627918626225183,-0.06584655060703852,-0.18787169332858897,-1.4927386505256823,0.534445968198916
743,24.778333333333336,tracked,1,1,0.24588203720155927,0.6538955275769522,-0.5084252772124288,-0.1044313971327901,-0.1592217360726232,-0.03954227483702821,-0.20826900126329728,-1.4901705518478383,0.5429122769413322
744,24.811666666666667,tracked,0,1,0.20791162936094015,0.6740889537697079,-0.5068305748268762,-0.10209714573445122,-0.13600822973768456,-0.0676191896082206,-0.18291104005903122,-1.4964495237356017,0.5346019989701145
745,24.845000000000002,tracked,0,1,0.1689318505382863,0.6733047350707242,-0.5075540399975811,-0.10154681030967039,-0.13635464223508276,-0.06450055763439214,-0.1848093338020008,-1.4945134394704307,0.5352713766501921
746,24.878333333333334,tracked,0,1,0.1612629610985092,0.6776084070042523,-0.5073380242108614,-0.10134621640537034,-0.13562317289370684,-0.06580021309302285,-0.18189665716375317,-1.4986493322682437,0.5348425669443495
747,24.91166666666667,tracked,0,1,0.1700848454055292,0.6753730298220115,-0.5090137008515063,-0.10211650116860543,-0.13741858312211735,-0.06829223375240212,-0.1851685080879431,-1.495535561473964,0.5370350030051625
748,24.945,tracked,1,1,0.15070480002606423,0.6752661333675187,-0.5109436692915548,-0.10217205317111122,-0.15723064670725456,-0.03980350516720881,-0.2006803422240316,-1.4944634610523866,0.5442646763315616
749,24.978333333333335,tracked,1,1,0.16559591959949804,0.6749493349700328,-0.5098838941351288,-0.09778514417737705,-0.15625096226359114,-0.030232102241016204,-0.19078869089000539,-1.4981917854064963,0.5421788294727966
750,25.011666666666667,tracked,1,1,0.16810131989485544,0.665307889218893,-0.5110106474582434,-0.09999242774459094,-0.153836330432656,-0.040018027735023415,-0.19107053880192745,-1.4973931288356481,0.5429511801100866
751,25.045,tracked,1,1,0.21640879366150756,0.667638402568751,-0.5118707180611138,-0.0988434227185282,-0.15753347315045885,-0.03589093163254536,-0.18787287799386296,-1.500998524405727,0.5446085285652074
752,25.078333333333337,tracked,0,1,0.1421419508492521,0.6705073110896664,-0.5094449412107992,-0.10012559501708734,-0.13587506763517165,-0.06625077304652276,-0.18103624839550336,-1.495928717472995,0.5366761750885378
753,25.111666666666668,tracked,0,1,0.19265708516319616,0.6726331615685465,-0.5077620862387646,-0.09933310520719807,-0.13688329219002354,-0.05972427921999381,-0.1842970900164034,-1.4938191135562102,0.535188226414246
754,25.145000000000003,tracked,1,1,0.21109782872624733,0.6744956088826042,-0.5107806952289996,-0.09892299996113424,-0.1521862221238705,-0.04476860676580953,-0.19300297669704902,-1.4954170717059092,0.5420731728690019
755,25.178333333333335,tracked,0,1,0.2434503101449146,0.6687906480885756,-0.5071431597022427,-0.09859573114601727,-0.1362879254890812,-0.06055563094467898,-0.18619165778648453,-1.4918438154102747,0.5343123630116652
756,25.21166666666667,tracked,0,1,0.18833749212710996,0.6650040130872763,-0.5076810609920523,-0.0983275091859444,-0.1358991107390618,-0.06161890730686602,-0.1826891229763712,-1.497914510475314,0.534674599221242
757,25.245,tracked,1,1,0.2158099029648536,0.6575207072113687,-0.5100583865559555,-0.09670563444553776,-0.15044328771359683,-0.03800120596615314,-0.1842341107872241,-1.5010708136017228,0.540504135273408
758,25.278333333333336,tracked,0,1,0.21076097998458873,0.670583821128727,-0.5081351710596593,-0.09788529673746016,-0.1350623543347178,-0.06457498609477634,-0.18345243543108306,-1.494075197555831,0.5348127924270761
759,25.311666666666667,tracked,0,1,0.1849680722099487,0.6600018456563201,-0.5077058550119763,-0.09695745937390787,-0.1341425073064489,-0.06231561952939994,-0.18105979401081118,-1.4988817157092427,0.5340039292066544
760,25.345000000000002,tracked,0,1,0.20539301186845046,0.6691088220787315,-0.5068933670098418,-0.09672273805525178,-0.13443687689124545,-0.05988983027174754,-0.1811884302918595,-1.4971941356082688,0.5332630190100855
761,25.378333333333334,tracked,1,1,0.2202077068417536,0.6733185530654029,-0.5120400381666852,-0.09786886257932476,-0.1499813045788687,-0.04791007161190214,-0.1856396608614195,-1.4989877654001407,0.5424552577600208
762,25.41166666666667,tracked,0,1,0.20581358712471307,0.6793375780680735,-0.5075256637211789,-0.09674760995864495,-0.13312332334758598,-0.0656394113517481,-0.1835282632741619,-1.4936366146635012,0.5335393318092296
763,25.445,tracked,1,1,0.18556638557235558,0.6750254337104958,-0.5103720926075712,-0.0971709799584694,-0.1483681079675746,-0.04864169843300094,-0.1868597406059843,-1.5004419764145263,0.5403100662773167
764,25.478333333333335,tracked,1,1,0.1750551772963566,0.6734921212449456,-0.5114637679852099,-0.09762699641068212,-0.14903224594289177,-0.05105853674108789,-0.18622807786548398,-1.4997025861183273,0.5416057853463001
765,25.511666666666667,tracked,0,1,0.16455541802209414,0.67829873220884,-0.5078332352259831,-0.09669494072337043,-0.13330482956769635,-0.06166292476984405,-0.18156413449276554,-1.4956740958548127,0.5338676652014592
766,25.545,tracked,1,1,0.2135487373634928,0.681737371039487,-0.508932662024452,-0.0965632181722248,-0.14561790868438246,-0.051304186020854306,-0.1883405159915616,-1.497281336152604,0.538090591730319
767,25.578333333333337,tracked,1,1,0.21555819485324085,0.677439475861422,-0.5100764021620026,-0.09702472598551354,-0.15001527428589834,-0.044946958348986175,-0.19263168435428024,-1.4982581322929303,0.5404593564868411
768,25.611666666666668,tracked,1,1,0.15492311346282156,0.6615661775462451,-0.5105607191793682,-0.09636501468961589,-0.1513548693446683,-0.04069620302338671,-0.1885942550418306,-1.5005268749237775,0.5411716552993376
769,25.645000000000003,tracked,0,1,0.21009279303419923,0.6718287086856123,-0.5075737584877551,-0.09738029757881306,-0.13463098249113364,-0.06392045811960012,-0.18343647270009752,-1.4965695907642496,0.5340782190919716
770,25.678333333333335,tracked,1,1,0.16352736938163273,0.6741645481090551,-0.5123467133052682,-0.09717886219722222,-0.14994677137968854,-0.0525070486549599,-0.19143121043777556,-1.5000722594000315,0.5426112053209461
771,25.71166666666667,tracked,1,1,0.1520739924903206,0.6806615843289328,-0.5093541645155515,-0.09479360588544744,-0.14833877061519823,-0.044387857501008175,-0.1879268849745531,-1.5009414930449632,0.5389173252862905
772,25.745,tracked,0,1,0.16469870899301361,0.6769317029461882,-0.5087586370143822,-0.0968516746523545,-0.13514453512223373,-0.06582503771873502,-0.1837093891663101,-1.4967001058169376,0.5352379311979879
773,25.778333333333336,tracked,0,1,0.2238949654273714,0.676513492274217,-0.5085100676213834,-0.09675419800582719,-0.13530554865656114,-0.06514351607393519,-0.1832548417099175,-1.497155524225986,0.5350247239159213
774,25.811666666666667,tracked,0,1,0.15731038971235448,0.676771613251226,-0.5082767603431022,-0.09662276107929313,-0.13529267003514245,-0.06428670960807938,-0.18216161536634137,-1.498072745204284,0.5347759620894562
775,25.845000000000002,tracked,1,1,0.18447911509387707,0.6835587436401774,-0.5091482678472502,-0.09325396224964977,-0.15026830018490522,-0.03895111748305152,-0.18752642229824615,-1.5036967498924922,0.538988703191055
776,25.878333333333334,tracked,1,1,0.199552267866834,0.6835807217173143,-0.5089778539003964,-0.09368083824075707,-0.1506924690937046,-0.034830793346455315,-0.1879791637969398,-1.5037375202172738,0.5390201994880166
777,25.91166666666667,tracked,1,1,0.1457878403284722,0.6776864084658454,-0.5108462267976137,-0.09387965658442982,-0.15260836822913565,-0.03709390679625682,-0.18552435119623556,-1.5064882856688684,0.5413562333688686
778,25.945,tracked,0,1,0.11462475890590298,0.675282989074887,-0.5065534632552333,-0.09521652504595951,-0.13466723756043258,-0.0584685648248855,-0.18629416489124745,-1.4968228982271454,0.5327268180313967
779,25.978333333333335,tracked,1,1,0.19937855034951765,0.6782059344291291,-0.5112435076083031,-0.09379752132934482,-0.15092382724946074,-0.041507923947765375,-0.18509789179260164,-1.502838849622962,0.54124476968447
780,26.011666666666667,tracked,1,1,0.2007616580019124,0.6786618878686139,-0.5110593406628189,-0.09386724344016717,-0.15027576081370353,-0.041611140256635176,-0.18533711642484071,-1.504114474929292,0.5409024989384946
781,26.045,tracked,0,1,0.21581991573693488,0.6780077222980965,-0.5072739053400865,-0.09525457001418414,-0.13486368875679788,-0.061646045215062124,-0.18109315717274233,-1.498992182369047,0.533468333355093
782,26.078333333333337,tracked,1,1,0.15021319729249455,0.6758814775220163,-0.5087728064767411,-0.0930857980075902,-0.14748895691435887,-0.0373819864984911,-0.18298449378483655,-1.5059597881498403,0.5378361523852919
783,26.111666666666668,tracked,1,1,0.1096333035604679,0.6781775025290213,-0.51101698078423,-0.09383570541476072,-0.14968997920971894,-0.04337253995016829,-0.18468320463932464,-1.505598916260523,0.5406945386596038
784,26.145000000000003,tracked,0,1,0.22327566589649459,0.6733558568433398,-0.5072397570339844,-0.09547449893794957,-0.13531740082548982,-0.06010642637908009,-0.1829243098375446,-1.4975099727865546,0.5335900580309891
785,26.178333333333335,tracked,1,1,0.23321520672635468,0.6632002526725159,-0.5128175145550344,-0.09344359031412003,-0.1490276161489747,-0.043958577569726556,-0.17977635506738585,-1.5066725307402087,0.5421464176587744
786,26.21166666666667,tracked,1,1,0.16829542828634944,0.6750877955122448,-0.5113098705786436,-0.09412769409775856,-0.14619126921847025,-0.047250743035197953,-0.17871391701777556,-1.504136743163619,0.5400645273881796
787,26.245,tracked,1,1,0.2115162673885151,0.6674611763620057,-0.5121539620588699,-0.09351583286874593,-0.14816616833775892,-0.04748857692380635,-0.17627008909491296,-1.5069415318830093,0.5412948413661695
788,26.278333333333336,tracked,1,1,0.21253841290922185,0.6551090295257513,-0.5105419389195051,-0.09353619248891581,-0.14632294428411569,-0.045691327885901196,-0.1763066040708615,-1.5075146708125629,0.5392703354765433
789,26.311666666666667,tracked,0,1,0.2065782933215146,0.6750159478956703,-0.5069658704593214,-0.09436309200385684,-0.1335601357702575,-0.06168006730138094,-0.17698813449315365,-1.5020967437087152,0.5326885551709135
790,26.345000000000002,tracked,1,1,0.19541608955253179,0.6801202817092402,-0.5101700013719128,-0.09265477569419878,-0.14309615241191437,-0.04937320248746388,-0.1765583263201988,-1.506086107126213,0.5378985467482262
791,26.378333333333334,tracked,1,1,0.22783460952686285,0.6688887471015965,-0.5124635955000105,-0.09364890762607209,-0.14771127832776954,-0.0430069079623422,-0.17854626069295265,-1.5068397911929925,0.5414865430992526
792,26.41166666666667,tracked,1,1,0.2007258970061982,0.6710098146202788,-0.5115512327342379,-0.09482083201476327,-0.14366819311744072,-0.05500845256753104,-0.17620354173665936,-1.5058070604140636,0.5397371615976805
793,26.445,tracked,0,1,0.14939243445671724,0.6531448170342385,-0.5081613884446836,-0.09541108962031936,-0.13436140152953452,-0.06020650464294791,-0.1816783443681904,-1.4983758262559672,0.5342136828550408
794,26.478333333333335,tracked,1,1,0.19851939968021018,0.6761759991890904,-0.5126333722282476,-0.09441806821806231,-0.14809178958341607,-0.04402702699990346,-0.17941044668908748,-1.5028148044650136,0.5418846040165327
795,26.511666666666667,tracked,0,1,0.2126115179308607,0.6770032877914605,-0.5077714179346019,-0.0959556867559132,-0.13357859856424115,-0.06142759681518323,-0.1811028226800259,-1.497610035867014,0.533743898032101
796,26.545,tracked,0,1,0.18718989306339864,0.6815598629705235,-0.507494403451669,-0.09568592048781882,-0.13280089622129188,-0.06190934140545955,-0.18127749127353707,-1.4967081652164467,0.5332376983593198
797,26.578333333333337,tracked,1,1,0.15976324590581345,0.6820813722414951,-0.5108207961827758,-0.09630456012800998,-0.14450404765074093,-0.051918537100017856,-0.18551939537907805,-1.4981371500545018,0.5395311611961834
798,26.611666666666668,tracked,0,1,0.12670445196746605,0.6805704232357994,-0.5065040630795793,-0.09619548987645365,-0.13290420576992484,-0.059874419994567676,-0.17876759821215416,-1.4980375448218757,0.5324128718391657
799,26.645000000000003,tracked,1,1,0.18487050228178542,0.6806959527880734,-0.5107853939542386,-0.09612962048048507,-0.14540214425231385,-0.05110692511360442,-0.1829637213538987,-1.501441521922959,0.5397077043769892
800,26.678333333333335,tracked,1,1,0.23365456493931452,0.6796361701282791,-0.5098316697423954,-0.09610381005646274,-0.14474378343800126,-0.05158150723236192,-0.18467616797749845,-1.4999690280754632,0.5386232789470156
801,26.71166666666667,tracked,0,1,0.17335590297651898,0.6835446602985495,-0.5064868277376573,-0.09710944107146235,-0.13505939661948835,-0.05856625287352447,-0.1847055142305023,-1.4933399452377734,0.5331042963925421
802,26.745,tracked,1,1,0.1374399152632518,0.6798137731149781,-0.5097356005818158,-0.09835462982103732,-0.1478193312570652,-0.04726030409748626,-0.19100019562628656,-1.4990577375151395,0.5397727025341534
803,26.778333333333336,tracked,1,1,0.20758722195654972,0.6741627034578708,-0.5103648059055046,-0.09872515636873636,-0.14727619456790642,-0.05188652562945874,-0.1916541438160163,-1.4964668473257872,0.5402861918403974
804,26.811666666666667,tracked,1,1,0.22556023131929387,0.6796963274826389,-0.5108651452586738,-0.09866049232629315,-0.1457171085762185,-0.05141150802753445,-0.1872131805013867,-1.4967263242228304,0.5403244998313937
805,26.845000000000002,tracked,0,1,0.23031413448837895,0.6736232899169006,-0.5071364833124604,-0.09797443008105045,-0.13253339733163116,-0.060414280129507114,-0.17886912097145072,-1.4959764065400536,0.5332461936708973
806,26.878333333333334,tracked,1,1,0.19048108894567284,0.6830715351502198,-0.5110551089926076,-0.0994224614615915,-0.1456041951342888,-0.055241432368943154,-0.18926323954454669,-1.4950430221815743,0.5406132923922901
807,26.91166666666667,tracked,1,1,0.1651334268507135,0.6948327002572473,-0.5068623344898262,-0.09633885928420832,-0.14269144280156726,-0.05203794903413622,-0.18622343654552964,-1.4960032943118815,0.5353050063108432
808,26.945,tracked,0,1,0.25637807191204093,0.6771193253470846,-0.5074958665354005,-0.09805861992406012,-0.13223439085102795,-0.06611378886262706,-0.1812462745095938,-1.4981629164076888,0.5335292696897432
809,26.978333333333335,tracked,1,1,0.09693323896147164,0.6821180565264993,-0.5101692235793776,-0.10107772727189651,-0.14802730896012084,-0.056148094375828565,-0.19498187945613582,-1.494566712302572,0.5407415536427841
810,27.011666666666667,tracked,1,1,0.17629947538799048,0.6807431660240618,-0.5097605144995464,-0.10090506690118967,-0.15092092218835157,-0.04881408761991331,-0.19623700535063882,-1.4951027575459541,0.5411235897864354
811,27.045,tracked,0,1,0.161366493711567,0.6737558858797521,-0.5067572032972358,-0.09979682934222966,-0.13417930478477508,-0.06472527283036854,-0.18136118228430312,-1.4965538434697474,0.5336350401472187
812,27.078333333333337,tracked,1,1,0.20271197236239066,0.6761369380370971,-0.508928537649841,-0.09991703720268957,-0.14956699962367898,-0.046506684391301054,-0.19328409119744636,-1.4946188273233973,0.5397795458649752
813,27.111666666666668,tracked,0,1,0.18722823084501947,0.683468798210239,-0.5053266922958771,-0.09718581673817966,-0.13309404268229097,-0.06128709212307316,-0.17987852153419298,-1.4966397126037443,0.5315206234185788
814,27.14666666666667,tracked,0,1,0.18250854940842726,0.6879119723882847,-0.5036942600827369,-0.09717237189551525,-0.1332157191843773,-0.0591039418015462,-0.18427018556722333,-1.495962629484549,0.5299969861592676
815,27.180000000000003,tracked,1,1,0.14821438059328382,0.6841824459637569,-0.5097363990826413,-0.0999863020859974,-0.14934787348265577,-0.0528953922327687,-0.19890268808808517,-1.494280592889867,0.5404935193583374
816,27.213333333333335,tracked,1,1,0.1622716591191753,0.6871776794057901,-0.5081442802366267,-0.09924409657647082,-0.15501491777750454,-0.03736192825856265,-0.20036714632624691,-1.4947764394707994,0.5404531663114259
817,27.246666666666673,tracked,1,1,0.1893438900661954,0.6831100668645707,-0.5096120881272024,-0.1023438407291446,-0.15450554255192667,-0.04760419953692083,-0.20723656039490276,-1.4920567345894755,0.5422644233027142
818,27.28,tracked,1,1,0.17871607102055492,0.6831045647698635,-0.5094152403038861,-0.10115957728701241,-0.15588165654463093,-0.03972867469649921,-0.19990325195547692,-1.4953380109407683,0.5422510838881296
819,27.313333333333336,tracked,0,1,0.17490642291202826,0.6810154338085984,-0.5083311112433793,-0.10107706508173248,-0.13684671991834385,-0.06868850303106573,-0.18899575107316496,-1.4944625520560282,0.5360448829117533
820,27.346666666666668,tracked,0,1,0.19308794680424185,0.6845228619551254,-0.5072010443412014,-0.10035428645066441,-0.1352769385387153,-0.06912471043498315,-0.18680024037681553,-1.4955344945430746,0.5344377721402509
821,27.380000000000003,tracked,1,1,0.1936001098170782,0.6871769969974061,-0.5086388394188074,-0.10171643937495867,-0.15639194568799208,-0.04103533385753426,-0.2107738333498391,-1.4937663277674074,0.5417731478031251
822,27.413333333333334,tracked,1,1,0.16103045136983643,0.6914526752988288,-0.5053386009327303,-0.10146496546231043,-0.15570057738715026,-0.03564868849983237,-0.20938455751528529,-1.4909228724696968,0.5384281851905685
823,27.44666666666667,tracked,0,1,0.2355160940433824,0.6818432822363641,-0.5068629999447162,-0.10062011730399784,-0.1368473894336973,-0.06670386506686947,-0.18722476544738081,-1.4953097379754698,0.5345668496213039
824,27.48,tracked,1,1,0.17198246518190574,0.6804206051558837,-0.5086534814599109,-0.10127636593933637,-0.15704602505735998,-0.038910113131661934,-0.20236553582849734,-1.4964431293114084,0.5418936431491729
825,27.513333333333335,tracked,1,1,0.19070714314945583,0.6855326411942515,-0.5082026657488187,-0.09989336393595044,-0.15804513202878834,-0.034353430042202586,-0.20002291707346884,-1.4977249565778883,0.541504291202427
826,27.546666666666667,tracked,1,1,0.12595756100547065,0.6788465247556944,-0.5079793523805248,-0.10025553168654505,-0.1608398152336573,-0.02896068684284203,-0.20545995387463817,-1.4956273784110903,0.5421841386863749
827,27.580000000000005,tracked,0,1,0.1674123429146835,0.6876139930265468,-0.5053405999822805,-0.09957022469164312,-0.1368633451516409,-0.06238097582395478,-0.1854818909337324,-1.4970375002949148,0.5329305084921417
828,27.613333333333337,tracked,1,1,0.1883375219389836,0.6903228766153087,-0.5088288612724101,-0.10319537992979771,-0.16128716531753273,-0.03907046962193867,-0.21690258343214752,-1.489532140447485,0.543663173480417
829,27.64666666666667,tracked,1,1,0.19715681540554794,0.6884477545193712,-0.5090407671887167,-0.1029426619241493,-0.16388278095958603,-0.030358745565417067,-0.21353810685228405,-1.4930523936802327,0.5445890746233849
830,27.680000000000003,tracked,0,1,0.17744376761219297,0.6825452800161597,-0.5056693792171889,-0.10074134006666241,-0.13663644031240807,-0.06631566434003196,-0.18920147537424503,-1.4939792015714233,0.5334040265104588
831,27.713333333333335,tracked,1,1,0.1553261076623051,0.6811520184347517,-0.5071289215568529,-0.10110280622983692,-0.16049959688806315,-0.031789191211195174,-0.20609110096538755,-1.496641732160922,0.5414440332187578
832,27.746666666666673,tracked,1,1,0.21723279484232996,0.691233171657123,-0.5085903059681713,-0.1018576331059553,-0.15994589368060136,-0.03388726747419949,-0.20739687568964985,-1.4915580115047014,0.5427907199391233
833,27.78,tracked,0,1,0.11864213104278747,0.6890306700631342,-0.5036542110209171,-0.09899285787583578,-0.13487416222427884,-0.06284117413832364,-0.1849237898844689,-1.4955444785414511,0.5307147914136453
834,27.813333333333336,tracked,1,1,0.1749055952385776,0.6926692543526102,-0.5066085189499467,-0.10282145223077543,-0.1647980605289041,-0.02508475227128556,-0.21208750287719175,-1.4920277932564407,0.5425705882791588
835,27.846666666666668,tracked,1,1,0.18993253875304633,0.6950495612308465,-0.5081548075029945,-0.1014395798549772,-0.16066910095635,-0.03173044055501644,-0.20829703843896505,-1.4927729923234627,0.5425180704379177
836,27.880000000000003,tracked,1,1,0.19866917087426714,0.6966912117533838,-0.5074321460818074,-0.10150606941433521,-0.16472729283079623,-0.024083343180740686,-0.20793804283634795,-1.4927602832201987,0.5430708480562176
837,27.913333333333334,tracked,0,1,0.2088825850894979,0.6983391054223522,-0.5033488427699154,-0.0990897999996399,-0.1345732300985828,-0.06058048826641074,-0.18658620646095184,-1.4956092877060443,0.5303666658463254
838,27.94666666666667,tracked,0,1,0.21950641786338534,0.7008180959918764,-0.5038864730634752,-0.09995280887265628,-0.13540180561360904,-0.06425618773664116,-0.18885801811878541,-1.4913316404131391,0.5312492736007342
839,27.98,tracked,1,1,0.13966985422266232,0.6988206809630261,-0.5076906811475506,-0.10253561155634577,-0.16056925790687437,-0.03276520954784031,-0.21338258383399955,-1.4902220710086382,0.542259961592281
840,28.013333333333335,tracked,1,1,0.20838273362236043,0.6875399503966946,-0.5060392761764927,-0.10252944501362948,-0.16341444002797773,-0.024644925030744464,-0.21281712883873632,-1.4909001428611066,0.5415646917383823
841,28.046666666666667,tracked,0,1,0.24759616934385117,0.6931454960747098,-0.5035017180740001,-0.09911958210548616,-0.13437908742580285,-0.0628497900615942,-0.1863574077231221,-1.4954167140573023,0.5304681053537788
842,28.080000000000005,tracked,1,1,0.19406480898430184,0.6993652370097123,-0.5061303043373553,-0.1026914902167464,-0.16410198534716053,-0.022599304624955685,-0.21350077529910208,-1.4913193595406267,0.5418882622150435
843,28.113333333333337,tracked,1,1,0.20686094893845566,0.697258306540609,-0.5053293139798247,-0.10271044941610924,-0.16414904259210344,-0.023980270232044992,-0.21198929403592343,-1.492044781433593,0.5411580731823962
844,28.14666666666667,tracked,1,1,0.17166865024131459,0.7000697468614365,-0.5059918694809317,-0.10263082292150016,-0.1642921983845525,-0.02227997231148626,-0.21471813727251549,-1.4916782506711006,0.5418051164804386
845,28.180000000000003,tracked,1,1,0.2518953106528303,0.6865593413189244,-0.5066145297109168,-0.10263317550965811,-0.16454591293702248,-0.024112262211938473,-0.21120985931004205,-1.4892385239182115,0.5424640152984231
846,28.213333333333335,tracked,1,1,0.1977013793749444,0.6989786758812542,-0.5062238277142033,-0.10288172782098409,-0.16516926052711467,-0.02150694810951023,-0.21574810985425882,-1.4900512188643147,0.5423357800183611
847,28.246666666666673,tracked,1,1,0.20350839004598642,0.6910368942580251,-0.5053944478741691,-0.10258693918137746,-0.16605699042755878,-0.018507156381424222,-0.21512151581373787,-1.4890766777638615,0.5417772163006656
848,28.28,tracked,0,1,0.16310755661412957,0.6943981573101278,-0.5032081728992837,-0.10005203493033576,-0.13481909128032044,-0.06441068753759811,-0.18704768835787783,-1.4933856953196287,0.5304762599212032
849,28.313333333333336,tracked,0,1,0.1844229700965661,0.698196542199842,-0.5039277938171148,-0.1000122215328999,-0.1350851759302215,-0.06563016889055309,-0.18683914944998528,-1.4944683107167758,0.531219042009442
850,28.346666666666668,tracked,1,1,0.19996718098304658,0.7011714588454896,-0.5070353793397573,-0.10254139755075992,-0.16418971348347844,-0.025397314029589578,-0.2128984264064074,-1.4910515400300248,0.5427318639325144
851,28.380000000000003,tracked,1,1,0.16330899587193135,0.7000693898576102,-0.5055124442799608,-0.10244035647563521,-0.1654874725708017,-0.021074271648574554,-0.2161565085930909,-1.4887419314145207,0.5416852975064281
852,28.413333333333334,tracked,1,1,0.25297570129748664,0.6853673765923822,-0.5065379366656011,-0.1025235244514387,-0.16308367981099703,-0.026613888003004668,-0.2115040325220014,-1.492239341294151,0.5419299225620274
853,28.44666666666667,tracked,0,1,0.12363513172914722,0.7032452838481824,-0.5024372458173381,-0.09936707981347032,-0.135680861968137,-0.05851137644547241,-0.18878273173034674,-1.4921109353882138,0.5298361056398341
854,28.48,tracked,1,1,0.19067378050901923,0.7041515483551783,-0.5056651227108766,-0.10147195979868079,-0.16644842538429416,-0.016022974786327856,-0.21353233513727551,-1.492088570604459,0.5419398982032066
855,28.513333333333335,tracked,1,1,0.1721530840768878,0.7008357194788508,-0.507113709322109,-0.1025467622692568,-0.1656147508391818,-0.02181124998723683,-0.21276202392813012,-1.4893242405897162,0.5432388041458932
856,28.546666666666667,tracked,1,1,0.19458878275242186,0.7006186228465267,-0.5074206398330395,-0.10282712514190007,-0.16521802022827242,-0.024733214102987584,-0.21374302133284723,-1.4904930474360891,0.5434575582340069
857,28.580000000000005,tracked,1,1,0.19330218102471663,0.7022774996677362,-0.505701613237932,-0.1015155941571449,-0.16699829875108757,-0.01748584799690352,-0.21174246682002765,-1.4924111158600029,0.5421512420665313
858,28.613333333333337,tracked,0,1,0.20676756722992862,0.6985342744557469,-0.50295692296228,-0.09931939042123439,-0.13476664433549607,-0.06379473160967411,-0.18654221842421936,-1.4953588437670766,0.5300868382583939
859,28.64666666666667,tracked,0,1,0.2200291700004807,0.7120109684503187,-0.5013950420577578,-0.0984039900138069,-0.13265296754868877,-0.06610124112486408,-0.1905490524969595,-1.489569347495733,0.5278988001977383
860,28.680000000000003,tracked,0,1,0.1636956462787548,0.6999561429851978,-0.5052188270534264,-0.10042649146471655,-0.1361886620729546,-0.06345012787194568,-0.18704635016702448,-1.4942431347533611,0.5328028669915114
861,28.713333333333335,tracked,1,1,0.17817741735466286,0.7103351088479709,-0.5037853197870074,-0.10053893130231417,-0.16261447275718105,-0.018723430036219253,-0.21029111063514522,-1.4913759266098292,0.5388424555381699
862,28.746666666666673,tracked,1,1,0.22391250955083486,0.7008768270786785,-0.5070553604030715,-0.10215804789139166,-0.16402473209845286,-0.025376012974586023,-0.21152595369750296,-1.492774678961361,0.5426283424245714
863,28.78,tracked,1,1,0.17782985585909133,0.7061662919057117,-0.5063016431254703,-0.10260958375510021,-0.1616578743019917,-0.028426060081701843,-0.21541455186405228,-1.4902373130965276,0.5412978374553002
864,28.813333333333336,tracked,1,1,0.17252014679673391,0.6977835561306936,-0.5061275384841197,-0.10164632066665741,-0.16444750022478033,-0.02190850705240934,-0.21135938038806146,-1.4923802793505467,0.5417933554845816
865,28.846666666666668,tracked,0,1,0.18742527809440818,0.7023410489208015,-0.5030569145015507,-0.09892256068798078,-0.13526334438142262,-0.06182484941564731,-0.1879263132459539,-1.49441157136791,0.5302340092583038
866,28.880000000000003,tracked,1,1,0.1675626134977828,0.7059219248890867,-0.506306059125089,-0.1032487100387473,-0.16029064872177007,-0.033658047296914954,-0.21419209731493397,-1.4894567898092494,0.5410168331014196
867,28.913333333333334,tracked,1,1,0.22734749813943042,0.7075137106545861,-0.5055424207818561,-0.10296169957308371,-0.15960542372527542,-0.035219807974510464,-0.21414003097490342,-1.4909732753813387,0.5400445741524322
868,28.94666666666667,tracked,1,1,0.20921519807495692,0.7105525589456356,-0.505089466884461,-0.10208353766522377,-0.16208195215985194,-0.025862757949608975,-0.2152016874093427,-1.490188962311434,0.5401916117784732
869,28.98,tracked,1,1,0.1812642009541996,0.7081884913227725,-0.5067170413339475,-0.10119395129439035,-0.1606914917129041,-0.029378943635254517,-0.2101456555848433,-1.4928413322571046,0.5411322678104856
870,29.013333333333335,tracked,0,1,0.19870664594539042,0.6986098748814479,-0.5027920652215606,-0.09894843623205485,-0.1338044076578035,-0.06362535737225844,-0.18488914927782518,-1.4956075947651184,0.5296171007352263
871,29.046666666666667,tracked,1,1,0.16577537708221837,0.7086455634553657,-0.5057153215860578,-0.10118981342762684,-0.15952211466430521,-0.029176886692555512,-0.2070589493953876,-1.4916046918767643,0.5398468948649974
872,29.080000000000005,tracked,0,1,0.1920524124926244,0.70457634398808,-0.5021314466243523,-0.09923958619856776,-0.133658314171747,-0.06349051091343935,-0.18593940312165944,-1.495501914524189,0.529007589837009
873,29.113333333333337,tracked,0,1,0.13735494923051533,0.7091960550585168,-0.5032893815754411,-0.09844726164134199,-0.1329373030445964,-0.06636632813730603,-0.18543175202537943,-1.49672298257167,0.5297776811758302
874,29.14666666666667,tracked,0,1,0.17026421911943684,0.7017590646385272,-0.5040358162439897,-0.09910791797625035,-0.13396768502322598,-0.06726224581840323,-0.18768542014218567,-1.4946623865710151,0.5308689330642871
875,29.180000000000003,tracked,1,1,0.15694195038188835,0.7095952850202354,-0.5063378816352047,-0.10285493257916195,-0.15885550164553142,-0.0361566984036622,-0.21541009138901174,-1.4910169751633946,0.5405481088097006
876,29.213333333333335,tracked,0,1,0.16447154123578417,0.705796308736264,-0.5026756352100709,-0.09880438528334506,-0.1328285417753779,-0.06344265474146535,-0.18388548711132652,-1.4957805251010365,0.5292339013094693
877,29.246666666666673,tracked,0,1,0.18936311688573246,0.7058818781985524,-0.5044917846629657,-0.09944879113615912,-0.1345299202667904,-0.0679486143467201,-0.18613294934002497,-1.4951456992428227,0.5315075938289655
878,29.28,tracked,0,1,0.1855179443531812,0.7031380390235109,-0.5028308970660753,-0.0989609365583472,-0.13382666264790755,-0.06182384678690841,-0.1846546251971606,-1.4954964449709505,0.5296619239139775
879,29.313333333333336,tracked,0,1,0.18113425259270913,0.7018507816866912,-0.5052824513101727,-0.09988638220462781,-0.13486934931439393,-0.06699909462001949,-0.1864348794828525,-1.4956391373250848,0.5324259444621703
880,29.346666666666668,tracked,0,1,0.2541576001859631,0.6923425165975867,-0.5050899400352967,-0.1003640871493583,-0.13548477996466507,-0.06555312996224538,-0.18819038486674206,-1.493434074351783,0.532489364322197
881,29.380000000000003,tracked,0,1,0.1919837089086502,0.7084955438653933,-0.5032703866277743,-0.09933708511311912,-0.1335094500785557,-0.06513768517219856,-0.1881124294531146,-1.494885524213938,0.5300695348683218
882,29.413333333333334,tracked,0,1,0.19027051567236036,0.7053208916620188,-0.5042616942128452,-0.09900262232063611,-0.13393142640736555,-0.06563096877897918,-0.18567832646558438,-1.4971674572311962,0.5310546134403532
883,29.44666666666667,tracked,0,1,0.17253242227609936,0.7034042865087753,-0.5037702819054497,-0.09864213508165287,-0.13377618918928447,-0.06290017485619205,-0.1830343804439527,-1.498205916023591,0.5304817023598181
884,29.48,tracked,0,1,0.2038287132342523,0.7030985502187739,-0.5031511647695202,-0.0992679807812577,-0.13328258326827025,-0.06660101335506159,-0.18484406417052668,-1.4965819584307263,0.5298862836684645
885,29.513333333333335,tracked,0,1,0.16985414363113865,0.7037842547927715,-0.5037588370567865,-0.09989119097870752,-0.1335983518528086,-0.06869859881487052,-0.18691108575018942,-1.495085532132115,0.530659717300774
886,29.546666666666667,tracked,0,1,0.19282681850967082,0.6996708872225177,-0.5037912116878293,-0.09911875027360084,-0.13375994196195057,-0.06395662622489962,-0.18640362193981305,-1.4962765590647469,0.5305863112664668
887,29.580000000000005,tracked,1,1,0.17496040225064624,0.7009675763390979,-0.5066597086249852,-0.10087846441748727,-0.1565438031128401,-0.03496619085974888,-0.20431876212527478,-1.4923669995447382,0.5398022667794354
888,29.613333333333337,tracked,1,1,0.17434163823219717,0.6958510498263547,-0.507161423417925,-0.10254666144456726,-0.15897029706107496,-0.03599859839196793,-0.21202400844302197,-1.4902656974331578,0.541294820337687
889,29.64666666666667,tracked,1,1,0.1701002821449816,0.6993561381310478,-0.5073978679391211,-0.10241819036668676,-0.15744757972223888,-0.03750103880186911,-0.2092855418040746,-1.491421352388214,0.5410469688183674
890,29.680000000000003,tracked,1,1,0.22038093454889113,0.6905435529647386,-0.5068787163517283,-0.10236416593355235,-0.15349334251877678,-0.0424478544021111,-0.20637846606383667,-1.4899658887789915,0.5394114030637785
891,29.713333333333335,tracked,1,1,0.2097958332660649,0.6965772273490022,-0.5086997187164297,-0.10273824623664635,-0.1546557480509227,-0.046277345422013554,-0.2070233198628662,-1.4907170939311003,0.5415246545330573
892,29.746666666666673,tracked,1,1,0.16336168713378463,0.694356151398159,-0.5074666348062741,-0.10196418924729539,-0.15517538276326243,-0.0409730992081469,-0.20444041277513034,-1.493230933700144,0.5403688376897651
893,29.78,tracked,0,1,0.18504079617735392,0.6903793491379769,-0.5043549757293907,-0.10032122143659433,-0.1338019286915183,-0.06438845952112134,-0.18908821992494348,-1.4923461417860457,0.5313579256349665
894,29.813333333333336,tracked,1,1,0.1630657014932762,0.6922788685258359,-0.5092554891965978,-0.10072310668383727,-0.15400973441818194,-0.04084844861034298,-0.19783591569233527,-1.4909480498557939,0.5414843449191017
895,29.846666666666668,tracked,1,1,0.2021305225199199,0.6992761502479549,-0.5054772561713722,-0.10011954864888445,-0.15111383076237567,-0.03909408464815978,-0.19995145623349136,-1.4914088622996824,0.5369977377753795
896,29.880000000000003,tracked,0,1,0.18831896816090835,0.6873695886138229,-0.503307535642282,-0.0973012081792145,-0.13189301962266325,-0.059653552765420385,-0.18306138996708282,-1.495883222933432,0.5293219900709076
897,29.913333333333334,tracked,0,1,0.20840209447450073,0.6878287833785053,-0.5047916625919369,-0.09859314146472609,-0.13215645420509786,-0.06579688146065474,-0.18467620198126242,-1.496295893202207,0.5310372478030891
898,29.94666666666667,tracked,1,1,0.15499938974411856,0.6929919655604126,-0.5088250728713843,-0.10099916544684778,-0.15231346532713969,-0.04460787897206171,-0.19770293469338637,-1.4940185132723167,0.5406506986248063
899,29.98,tracked,1,1,0.17723885180896826,0.6928460200718567,-0.5077937016424281,-0.10194656952812359,-0.15226641787971162,-0.04377785215389587,-0.1994446214964598,-1.4915831672545148,0.5398449856025254
900,30.013333333333335,tracked,1,1,0.1557177376466076,0.6907435699917142,-0.5082485192406242,-0.10207971195985333,-0.15134807858038907,-0.04562155296257326,-0.20050320236782876,-1.4909215434737315,0.5400398742630671
901,30.046666666666667,tracked,0,1,0.15701085373209908,0.6762983112468016,-0.5054438059035422,-0.09851205054140916,-0.13220719912021223,-0.06305974464200097,-0.18188509033202935,-1.4963224908043324,0.5316547832262419
902,30.080000000000005,tracked,0,1,0.20320640913600913,0.6820672069442493,-0.5034425720962294,-0.09756100563496833,-0.13060334757414138,-0.06101590019636241,-0.18258172833125805,-1.4954541243035842,0.5291784270139378
903,30.113333333333337,tracked,0,1,0.17221488008820773,0.6795455760810201,-0.5071254551540787,-0.09906211099241857,-0.13286992799427544,-0.06742177599825278,-0.1842001839494555,-1.4952143435853529,0.5335203340686366
904,30.14666666666667,tracked,0,1,0.1942030250645108,0.6892016926740328,-0.5050192242500116,-0.09992826144364286,-0.13398256618137078,-0.06006050299525483,-0.18420376301655844,-1.4941398681950784,0.5319599630966394
905,30.180000000000003,tracked,0,1,0.20186822545837407,0.6766697542791587,-0.5060713004953081,-0.09937250350140475,-0.13328178083821468,-0.061493012524203486,-0.18411714908808813,-1.4930564709374676,0.5326791611660391
906,30.213333333333335,tracked,1,1,0.15396226931021484,0.6855522072381707,-0.5082397629092101,-0.10120434404871725,-0.1493028448512213,-0.04601677210142822,-0.19599578005178184,-1.4889766242365048,0.5392970566737864
907,30.246666666666673,tracked,0,1,0.24915015833413026,0.6691118120199135,-0.5074920962425565,-0.09897778213805625,-0.13200599320551598,-0.06550696298428876,-0.17958273222418245,-1.4954991865736844,0.5336388398044201
908,30.28,tracked,1,1,0.23925294488620796,0.6735723812237507,-0.5092187705259669,-0.09896770720042786,-0.15127197523655822,-0.041202222875661845,-0.18971910754598287,-1.4962860677594492,0.5403531935840269
909,30.313333333333336,tracked,1,1,0.18161285414094297,0.6802218574226218,-0.5098886844633903,-0.1000524336115296,-0.15006083111997037,-0.04432562585774698,-0.19180174952989243,-1.4944461727929526,0.5408467556081044
910,30.346666666666668,tracked,1,1,0.1709398773919813,0.6835129975067602,-0.5093339639776786,-0.0989377467155696,-0.1492655752400987,-0.04237562298119434,-0.18598965336657794,-1.4960539052374633,0.5398981168129103
911,30.380000000000003,tracked,0,1,0.2464368992837103,0.6769396995439609,-0.505787287385491,-0.09702432680014822,-0.1307790428147953,-0.06222743563003847,-0.17843600328250886,-1.497551940806829,0.5313545502876109
912,30.413333333333334,tracked,1,1,0.25248304616180356,0.6609982220373367,-0.5093599162475356,-0.0990679280504454,-0.1459913547230186,-0.045642854018529855,-0.18379806359098058,-1.4949403878033973,0.5390505118277572
913,30.44666666666667,tracked,1,1,0.23742046661653826,0.6812609944119506,-0.5104423869979509,-0.09879326569772107,-0.1462180844774557,-0.04960216947286203,-0.1836221548294356,-1.4948534321346527,0.5400845008141252
914,30.48,tracked,1,1,0.2117191631553748,0.6566797125163835,-0.5101811856717118,-0.09872641611275562,-0.14484004498089692,-0.05058632641176338,-0.18236425813415752,-1.4952203088175755,0.5394537849361434
915,30.513333333333335,tracked,0,1,0.17958262544418344,0.6828231648557008,-0.5057708587633826,-0.0981739509363167,-0.13195434988455573,-0.05892528299993774,-0.18095610222705508,-1.494834110955164,0.5318404240654818
916,30.546666666666667,tracked,0,1,0.1595851605139778,0.6756409404219779,-0.5068079900870743,-0.09796605162964678,-0.13286490474802598,-0.059555875148190635,-0.1819333688334038,-1.495093742715315,0.5330147924792563
917,30.580000000000005,tracked,1,1,0.17739037887163805,0.6815189079176291,-0.5111873981435113,-0.09791735630886828,-0.14336193615742537,-0.05361057666470926,-0.18162187753190753,-1.4942486975063667,0.5398638804606735
918,30.613333333333337,tracked,1,1,0.20005816903992918,0.6795304909985453,-0.5103590604156011,-0.09761400203439508,-0.14547705946336942,-0.050058403446309505,-0.18412464959273203,-1.4961870699541457,0.5395909921149303
919,30.64666666666667,tracked,1,1,0.1595164442685066,0.6784071899692802,-0.5117165168536113,-0.09548771984796778,-0.14846954820492037,-0.040271268673754815,-0.17462584982981216,-1.4995644744228078,0.5413085118550506
920,30.680000000000003,tracked,1,1,0.21644336520025345,0.6781361552133274,-0.5094161707538842,-0.0971860735082406,-0.14694283930822577,-0.040238469990410426,-0.18267824935863256,-1.4972468274721145,0.5390196340890216
921,30.713333333333335,tracked,0,1,0.18771732476114208,0.6776211223265581,-0.507172103596707,-0.09684285677045307,-0.13347211072110454,-0.06129477748729385,-0.18451954800191375,-1.494718144928331,0.533307496585711
922,30.746666666666673,tracked,1,1,0.18276728880227094,0.6711620045998055,-0.5119906436325088,-0.09677480853840942,-0.1468641327459157,-0.04720787346219678,-0.1807280126881833,-1.495724999969217,0.541358343633943
923,30.78166666666667,tracked,1,1,0.19801578063307732,0.6771100913500037,-0.5123388033514695,-0.0963765409670514,-0.1443687757083904,-0.05022554667844365,-0.17633147734762009,-1.497051790232509,0.5409453119012393
924,30.815,tracked,1,1,0.18079222752191526,0.6723781541454509,-0.5122729039826889,-0.0970887668689201,-0.14608254121601078,-0.04616095846165143,-0.17968116085173377,-1.4970198289424836,0.5414700967321392
925,30.848333333333336,tracked,1,1,0.1744677361475096,0.6779427460553831,-0.51114425523499,-0.09532040808052655,-0.14580164722388178,-0.04146349337572961,-0.17530887233062858,-1.4976865308048273,0.5400116204208646
926,30.881666666666668,tracked,0,1,0.1801831959149798,0.6724100619115877,-0.5069649540892927,-0.09575546005897656,-0.13435606089276309,-0.056367117234105056,-0.18060837641174746,-1.4966506273168865,0.5331361213653458
927,30.915000000000003,tracked,1,1,0.1954841833365977,0.671374154710104,-0.5123266401595687,-0.0948268337572849,-0.14857308911279343,-0.039160014239608215,-0.17579652004699042,-1.499127791973809,0.5417976351241688
928,30.948333333333334,tracked,0,1,0.17930047834530047,0.6733029694749583,-0.5065321076571886,-0.09567664296678313,-0.13435945025306567,-0.05289921708932981,-0.18220368806507836,-1.4949952020601138,0.5327112331923676
929,30.98166666666667,tracked,1,1,0.17593261594590381,0.6681070221060985,-0.5128458197703017,-0.09446628402554436,-0.1463589189021361,-0.04882063925111665,-0.1731116143750264,-1.5035569517634215,0.5416231594159077
930,31.015,tracked,1,1,0.17606989978615528,0.6667770180413264,-0.5137311787746914,-0.09608376895771481,-0.1463284172361577,-0.04885968395731569,-0.17449742462808812,-1.5018161244393007,0.5427373401500881
931,31.048333333333336,tracked,1,1,0.19421981576032032,0.6708750577942719,-0.5128369661408688,-0.09398150335433963,-0.14856735302530727,-0.038839300248378,-0.17088861256303778,-1.5020844746184707,0.5421314740893196
932,31.081666666666667,tracked,1,1,0.16676077561161265,0.6639174326603763,-0.510783574451078,-0.09694141152529595,-0.14522751567553627,-0.047551368468570776,-0.18118678057483778,-1.4964712196789223,0.5398041575486658
933,31.115000000000002,tracked,1,1,0.1764992489383397,0.6705882153209393,-0.511922746831541,-0.09332621853857487,-0.14875073669094063,-0.03643053558565538,-0.17222162302160846,-1.503289101106171,0.5412037171494274
934,31.148333333333337,tracked,1,1,0.17052504890475356,0.6632045501240831,-0.5136343409645053,-0.09513583353087851,-0.14952019375190845,-0.04070347627022098,-0.17668197282142806,-1.5034976701581995,0.543348278159842
935,31.18166666666667,tracked,1,1,0.20498271746106442,0.6659959525492498,-0.5142513537777921,-0.09677455190437917,-0.15131041737871787,-0.044476810457096075,-0.18371865754967087,-1.5005059472606237,0.544715165169749
936,31.215000000000003,tracked,0,1,0.21577026650394782,0.6617989103856484,-0.5096810716617372,-0.09798350426571334,-0.13670014554762278,-0.05818396778912331,-0.18518227106466842,-1.496445584281976,0.5367145346561681
937,31.248333333333335,tracked,1,1,0.21220930846781094,0.6661600183539107,-0.5145423784112044,-0.09608421350500324,-0.14957938823897,-0.04690729777655008,-0.17895754141911457,-1.4999077322579497,0.5443895927108441
938,31.28166666666667,tracked,1,1,0.1469949401987108,0.6624642342003026,-0.5153390940750529,-0.09688219873820131,-0.15066464722628353,-0.04774883723474925,-0.18107982452536753,-1.50050384410701,0.5455826044131769
939,31.315,tracked,1,1,0.1327172058496422,0.6634839320561476,-0.5143033120939084,-0.09766939838497501,-0.1475440455129563,-0.051005369880521984,-0.1813246839778302,-1.499015281240525,0.5438901116751218
940,31.348333333333336,tracked,1,1,0.17962170848304015,0.6624698356635818,-0.5132531336590476,-0.09736107826348533,-0.14730504087101132,-0.04881267959605735,-0.17911169998865342,-1.4998028682033868,0.5427768729758766
941,31.381666666666668,tracked,1,1,0.12913046361016392,0.6657345963422618,-0.512542128195408,-0.09451037576011373,-0.1485091257160529,-0.04411473871729557,-0.1800703096153908,-1.5012663821474983,0.5419285974391297
942,31.415000000000003,tracked,1,1,0.15363553952888595,0.6608850963672704,-0.5125741699185218,-0.09436754218122856,-0.1480045292932795,-0.04322202100410554,-0.17319613843366297,-1.5056539928171202,0.5417959517902592
943,31.448333333333334,tracked,1,1,0.11048593554571268,0.6630609170417643,-0.5108583711700835,-0.09305912476085915,-0.1474877837379452,-0.03706726017671446,-0.17001740716750474,-1.5060718875493944,0.5398045224409841
944,31.48166666666667,tracked,1,1,0.17866130160757174,0.663640929549942,-0.5143391717937427,-0.09465115114198197,-0.15200586000674982,-0.039689453954605894,-0.1764249473719515,-1.5043276230781777,0.5446185872060989
945,31.515,tracked,1,1,0.1755051398531993,0.6679951242243619,-0.5124777838095662,-0.0936481668461176,-0.1531738523848385,-0.034767498012325905,-0.18092383934099357,-1.503279744734089,0.543015365442282
946,31.548333333333336,tracked,1,1,0.19310847742238718,0.6624582146219367,-0.5151980047683772,-0.09602790141775086,-0.15029962135632896,-0.0500969099424183,-0.18108403164746412,-1.502450965022646,0.5451975037982749
947,31.581666666666667,tracked,1,1,0.1578232579646872,0.6647040314414168,-0.5133954731129577,-0.09396038955612895,-0.15343398520356077,-0.03511417612476323,-0.17824977628069555,-1.5055866727271838,0.5440086896676043
948,31.615000000000002,tracked,1,1,0.17915166097619475,0.6637492170688949,-0.5138445267963864,-0.09589965624900737,-0.15273273443272378,-0.04047415858315014,-0.18181151770547832,-1.5037880109380037,0.54457343853201
949,31.648333333333337,tracked,1,1,0.1938330585502877,0.6653995822706107,-0.5140771580806888,-0.09637435085453988,-0.14909133488430676,-0.048183262770112756,-0.17935912049960467,-1.5016204888861115,0.543867232052581
950,31.68166666666667,tracked,1,1,0.1861009491072999,0.6615952953127018,-0.5137684898217297,-0.09507929558419675,-0.15304910060037707,-0.037114613863311316,-0.17685731393339735,-1.504910232879062,0.5444466555844312
951,31.715000000000003,tracked,1,1,0.16513578784510513,0.6651964066314824,-0.5146610370671374,-0.09567120313758792,-0.1572653231914904,-0.033078751990301386,-0.18194846833633896,-1.5039750139145343,0.5465906549359758
952,31.748333333333335,tracked,1,1,0.17651437090592823,0.6584719728875901,-0.5169117388849344,-0.09649762261908751,-0.15125682942792568,-0.04973533631242353,-0.1783481999503137,-1.504601416696701,0.5471637464386425
953,31.78166666666667,tracked,1,1,0.17660960682020138,0.6695357512855227,-0.514211763113735,-0.09609927226483339,-0.15038689769116115,-0.04832714131125528,-0.18416614963814618,-1.4997849965697285,0.5443023300074493
954,31.815,tracked,1,1,0.19367746496413163,0.6647671503056022,-0.5141086886490952,-0.09537676480200097,-0.1542239316296285,-0.0388079166379801,-0.18239084063156377,-1.5061148608869384,0.5451508892920279
955,31.848333333333336,tracked,1,1,0.18897374468738493,0.6671739612547387,-0.5139558815393377,-0.0961136307460504,-0.15383825652442207,-0.040288171386206065,-0.1843558703422655,-1.5022414483980144,0.5450272354245609
956,31.881666666666668,tracked,1,1,0.2183290558871891,0.6612005649135108,-0.5145065207392053,-0.09567324151698303,-0.15052173210461745,-0.04514344783890666,-0.17975943374267514,-1.5030388839217006,0.5445430385757434
957,31.915000000000003,tracked,1,1,0.14304467674447466,0.6688674833423848,-0.513181833827701,-0.09557728157785661,-0.15307840148510227,-0.038197127861594724,-0.1803246075036176,-1.501897123756391,0.5439886104743454
958,31.948333333333334,tracked,1,1,0.1847006131029055,0.6683903646945791,-0.5139080610808107,-0.09471633388194783,-0.15376279358227718,-0.03606063106236835,-0.17561382067023698,-1.5056942384680498,0.5447161424431085
959,31.98166666666667,tracked,1,1,0.16347599281790987,0.6714912545546099,-0.5122334840913964,-0.0950598052199591,-0.15282178675563962,-0.034836973498985235,-0.18159288366711512,-1.5043105378827692,0.5429309415570764
960,32.015,tracked,0,1,0.1674276179720991,0.66625077039414,-0.5078893372929647,-0.0968325588184123,-0.13767150324337252,-0.05972160242123122,-0.1858041035052617,-1.4951667637081545,0.5350528629850494
961,32.04833333333333,tracked,0,1,0.1654982125250952,0.6679428596019513,-0.5057776095403704,-0.09809366791088714,-0.13736098814851172,-0.05780897048007206,-0.18939595819064325,-1.4923244849109232,0.5331992114226337
962,32.08166666666667,tracked,1,1,0.1984646699068491,0.6685981874378969,-0.5124749060489179,-0.0966888295684315,-0.15631241714803973,-0.034423542567274264,-0.18729044561048439,-1.5030003699783492,0.5444380872494348
963,32.115,tracked,1,1,0.2101460165404038,0.6701307709136146,-0.5127571557809079,-0.09490878228908883,-0.15822790916043555,-0.02886336572831293,-0.18083158736232263,-1.5060725198743203,0.5449437117697633
964,32.14833333333333,tracked,0,1,0.26648807595147966,0.6646292134317415,-0.5078157166935504,-0.09864712723551738,-0.13850733608268195,-0.06072877899252103,-0.1875332531316921,-1.4936275596928261,0.5355299617962805
965,32.18166666666667,tracked,1,1,0.2165947733167392,0.6640544445636829,-0.5133705114349278,-0.09745020150380584,-0.15915198049167456,-0.03394328357105582,-0.18956763346056635,-1.5014591351521203,0.5462372897180438
966,32.215,tracked,1,1,0.22074473396745978,0.6684386775244647,-0.5121935769730337,-0.0962761253318265,-0.1592762221364007,-0.02870647842869956,-0.18759977381789905,-1.504396957366973,0.5449589595000569
967,32.248333333333335,tracked,1,1,0.22805926960600562,0.6714261219841599,-0.5125992919372064,-0.09709176474082537,-0.16053037883110471,-0.030440668340026854,-0.19040922647204558,-1.5023897087059246,0.5458524044122836
968,32.281666666666666,tracked,1,1,0.19682192487785116,0.6735213380716929,-0.511596810416307,-0.09761616100056958,-0.1612291558700758,-0.027311784469341297,-0.19405632841467066,-1.499333766954021,0.5452110160471861
969,32.315000000000005,tracked,1,1,0.17591049383542157,0.6756614746049304,-0.5110459481999179,-0.09560642213397769,-0.15968849301186355,-0.02461854477525239,-0.18591054191829157,-1.5032536548491668,0.543883226368688
970,32.348333333333336,tracked,1,1,0.20978213227195883,0.6752616927807736,-0.5114914628876492,-0.0968725362418279,-0.15998539682931262,-0.027988780247054985,-0.1883944937964957,-1.500819535667008,0.544612827689088
971,32.38166666666667,tracked,1,1,0.24359271953313916,0.6750800134074055,-0.5118913418783335,-0.09893356351426524,-0.15947675160565383,-0.03342970937526411,-0.19454687424677147,-1.4986744759681563,0.5452095286972922
972,32.415,tracked,0,1,0.15637515988511402,0.6680285610498271,-0.5050259710263412,-0.09757846061120762,-0.13653889044816053,-0.0555842676696034,-0.1861639355370972,-1.4943383495945988,0.5321800973271799
973,32.44833333333334,tracked,1,1,0.2153023366756376,0.6711117323493816,-0.5126919445780529,-0.09644006017654788,-0.15999603184637007,-0.03075378233960775,-0.18787206733164202,-1.5021658727864637,0.545666973023534
974,32.48166666666667,tracked,1,1,0.2611363818809165,0.6746016222825136,-0.5108756430148754,-0.09856754664968759,-0.16151855187753922,-0.029409230448173666,-0.19666457696248876,-1.4975846197923275,0.5447914522815296
975,32.515,tracked,1,1,0.18546194517850897,0.6675837861264221,-0.510902999008464,-0.09550326541741522,-0.1585902675801107,-0.025878593809223173,-0.18632973198605576,-1.503774842996455,0.5434092574408013
976,32.54833333333333,tracked,1,1,0.18899743008278644,0.6763566024067226,-0.511831048875603,-0.09678784243120808,-0.15586993119959097,-0.035204070746485634,-0.18535368572205455,-1.5005875026502693,0.5437226724054769
977,32.58166666666667,tracked,1,1,0.17353578099069958,0.6750729810340743,-0.5109820583307954,-0.09891501498161887,-0.15828711396411838,-0.03378796254997443,-0.19355233136662636,-1.4992345488511176,0.5440051971919754
978,32.615,tracked,1,1,0.19167458168400037,0.67174784849511,-0.5114065911410872,-0.09734964700720988,-0.15920733858744135,-0.029852371619651364,-0.1904114447975232,-1.501159205087862,0.5443901467652328
979,32.64833333333333,tracked,0,1,0.19634643888675332,0.6753291287471521,-0.5044488650667162,-0.09784793156847676,-0.13626905000968853,-0.0547187362899362,-0.18580348606190314,-1.4948810298011765,0.5316127624219252
980,32.68166666666667,tracked,1,1,0.1767654904406446,0.6721785362322873,-0.5123026831615116,-0.09660015091433921,-0.16075902472109332,-0.02714663821570393,-0.1873596418178958,-1.501529854762031,0.5455539316698528
981,32.715,tracked,1,1,0.20085364087760252,0.6620548818848041,-0.512532501955062,-0.09568681819506691,-0.160573528773713,-0.027338028535470797,-0.18273646405276311,-1.5038827635485328,0.5455542052623679
982,32.748333333333335,tracked,1,1,0.22154702218609346,0.6731306601583884,-0.5116871470852578,-0.09571431367498517,-0.16052573006800047,-0.02486803090688378,-0.1840205117957519,-1.505145723805105,0.5447508387771314
983,32.781666666666666,tracked,1,1,0.19063714980896831,0.6757678746967012,-0.5115541369324198,-0.09558954605230202,-0.15886161771672336,-0.026278370131112394,-0.18124721840174066,-1.5012869728173894,0.5441158056064282
984,32.815000000000005,tracked,1,1,0.1631550194629056,0.6764337294745716,-0.5107624356355002,-0.09633691300257324,-0.15742098654644626,-0.028502149465054704,-0.18400950610407632,-1.5026518064409726,0.543084186354593
985,32.848333333333336,tracked,1,1,0.13741301896171815,0.6698006182059613,-0.5098238720519026,-0.09595251827875528,-0.1603734539332039,-0.023892358957602677,-0.18796134116063448,-1.5030347214093072,0.542998076427988
986,32.88166666666667,tracked,1,1,0.1946792490090569,0.6721326747030464,-0.5101908713662333,-0.09576493940878955,-0.16268327858957887,-0.019737878248659583,-0.19154237726177406,-1.5023936270416685,0.5439958620964502
987,32.915,tracked,1,1,0.1741983057647779,0.6731392393271753,-0.5111181202321292,-0.09892900762360407,-0.158458543021613,-0.03595571551471081,-0.19403247650888758,-1.4980909623194854,0.5441854382795894
988,32.94833333333334,tracked,1,1,0.19252067340996845,0.6681392674200626,-0.5109916051797921,-0.09650883959365297,-0.16117936828709845,-0.025387020190699862,-0.18856208892740256,-1.504281838038044,0.5444310474664006
989,32.98166666666667,tracked,0,1,0.13271115418248206,0.6752155265235386,-0.5046666753644876,-0.09857985003280728,-0.13762065303702198,-0.05817092053316968,-0.18900561826343032,-1.492310153712759,0.5323024367765681
990,33.015,tracked,1,1,0.158344629505056,0.6786838041002381,-0.5096070860760794,-0.09942668757340717,-0.16265594459451804,-0.027069775819482885,-0.2006645783456228,-1.49794904145714,0.5440974220603397
991,33.04833333333333,missing_tag,1,0,,,,,,,,,
992,33.08166666666667,missing_tag,0,0,,,,,,,,,
993,33.115,missing_tag,0,0,,,,,,,,,
994,33.14833333333333,missing_tag,1,0,,,,,,,,,
995,33.18166666666667,missing_tag,1,0,,,,,,,,,
996,33.215,missing_tag,1,0,,,,,,,,,
997,33.248333333333335,missing_tag,1,0,,,,,,,,,
998,33.281666666666666,missing_tag,1,0,,,,,,,,,
999,33.315000000000005,missing_tag,0,0,,,,,,,,,
1000,33.348333333333336,missing_tag,1,0,,,,,,,,,
1001,33.38166666666667,missing_tag,0,0,,,,,,,,,
1002,33.415,missing_tag,0,0,,,,,,,,,
1003,33.44833333333334,missing_tag,0,0,,,,,,,,,
1004,33.48166666666667,missing_tag,1,0,,,,,,,,,
1005,33.515,missing_tag,1,0,,,,,,,,,
1006,33.54833333333333,missing_tag,1,0,,,,,,,,,
1007,33.58166666666667,missing_tag,1,0,,,,,,,,,
1008,33.615,missing_tag,1,0,,,,,,,,,
1009,33.64833333333333,missing_tag,1,0,,,,,,,,,
1010,33.68166666666667,missing_tag,1,0,,,,,,,,,
1011,33.715,missing_tag,1,0,,,,,,,,,
1012,33.748333333333335,missing_tag,1,0,,,,,,,,,
1013,33.781666666666666,missing_tag,1,0,,,,,,,,,
1014,33.815000000000005,missing_tag,1,0,,,,,,,,,
1015,33.848333333333336,missing_tag,1,0,,,,,,,,,
1016,33.88166666666667,missing_tag,1,0,,,,,,,,,
1017,33.915,missing_tag,0,0,,,,,,,,,
1018,33.94833333333334,missing_tag,0,0,,,,,,,,,
1019,33.98166666666667,missing_tag,1,0,,,,,,,,,
1020,34.015,missing_tag,1,0,,,,,,,,,
1021,34.04833333333333,missing_tag,0,0,,,,,,,,,
1022,34.08166666666667,tracked,0,1,0.1447264697155,0.7106724731449814,-0.4995336735464733,-0.09810188290603405,-0.13645478192746524,-0.057678839623901405,-0.1927711326392972,-1.4884993196279408,0.5270462768556627
1023,34.115,tracked,1,1,0.21719397673563715,0.7107650246607734,-0.5051299716327712,-0.09694617318763327,-0.17225346846935558,-0.0033069935118769326,-0.21239918713101508,-1.4952406531666795,0.5424261296593058
1024,34.14833333333333,tracked,1,1,0.20333743028880966,0.7091514382278478,-0.5049932849334653,-0.09748553756211065,-0.17432667498000043,-0.0003121657663225059,-0.215775231506672,-1.4944532507232977,0.5430574900240751
1025,34.18166666666667,tracked,0,1,0.19327598971752155,0.7095253394676679,-0.49957094615302566,-0.09778008476937,-0.13781010675450434,-0.056546662606398145,-0.19454639369019813,-1.4906372171375981,0.5273743459265177
1026,34.215,tracked,0,1,0.16103374946423288,0.7088330706114923,-0.5007950715726575,-0.09751229616061458,-0.13645094597006124,-0.060990052415646624,-0.19274436602518372,-1.4909941208292181,0.5281318133478641
1027,34.248333333333335,tracked,0,1,0.1275502091447857,0.7083260408572272,-0.5001060807722644,-0.09737989496259536,-0.13693427299713695,-0.05860054125626613,-0.1931588235365549,-1.4913533829144445,0.5275793126057685
1028,34.281666666666666,tracked,0,1,0.1794875178018353,0.7094205032573275,-0.5000337071684098,-0.09744847159411818,-0.13708061941833277,-0.059832991679536957,-0.193123965987408,-1.4904440965442858,0.5275613795007424
1029,34.315000000000005,tracked,1,1,0.19066574687450044,0.7077642755495677,-0.505881785929064,-0.09586516139514334,-0.1738391544134133,-0.0012688207400467825,-0.20753826856767363,-1.499872213707401,0.5434395661996527
1030,34.348333333333336,tracked,1,1,0.23859782047683747,0.7107862150289626,-0.5051639442042519,-0.0955340266636881,-0.1746324575897717,0.0027451399685072746,-0.20870506923375362,-1.5002585762976888,0.5429676380949588
1031,34.38333333333333,tracked,1,1,0.19408945366349226,0.7172789881450093,-0.5021076374984301,-0.09531528577592113,-0.17567377694380026,0.007141615852848548,-0.21536500381738202,-1.4979782125110332,0.5404242400582162
1032,34.41666666666667,tracked,1,1,0.21753483958617148,0.7088383442562294,-0.5062403547940362,-0.09620577779245149,-0.17172548998638454,-0.004885310229431515,-0.20467918565489893,-1.5013421869031918,0.5431615711864252
1033,34.45,tracked,1,1,0.26005254618674134,0.7104065331928089,-0.501858191597004,-0.09634114255704679,-0.1674120274740144,-0.007647667722464178,-0.21355390130546975,-1.4938734103588924,0.5377453367209915
1034,34.483333333333334,tracked,1,1,0.13718458465154026,0.7123764940299082,-0.5046734494016719,-0.09754806017544482,-0.17131315735836178,-0.005337027528675954,-0.2108696281821329,-1.4974741655477282,0.5418109563852183
1035,34.516666666666666,tracked,1,1,0.1186738028351478,0.7149335503520352,-0.5026659009917277,-0.09661492391705773,-0.16863832512379,-0.005527454604200339,-0.21023835221480633,-1.4978486156304451,0.5389307341800812
1036,34.550000000000004,tracked,1,1,0.17632081451371726,0.718009921820294,-0.504287017706044,-0.0947916990886159,-0.17139304670673594,6.14936806278905e-05,-0.20679944052385932,-1.4993198523593976,0.5409865422562561
1037,34.583333333333336,tracked,0,1,0.14639640602674028,0.7177038877705824,-0.4961043964534323,-0.09493606389830272,-0.13417464622199426,-0.056015783903332804,-0.19403677042818432,-1.489884726026477,0.5226234438845279
1038,34.61666666666667,tracked,1,1,0.17759065277048708,0.7074899694606185,-0.503668724088431,-0.09618640139869844,-0.17300747352339163,-0.0012388895605817197,-0.21239080827299384,-1.4997789520118376,0.5411705769291663
1039,34.650000000000006,tracked,1,1,0.2036952595785528,0.7120858153682409,-0.503647802595019,-0.09667067085632502,-0.1740402373878046,0.0010414270230141886,-0.21270258551789878,-1.4986922161142715,0.5415684000129684
1040,34.68333333333334,tracked,0,1,0.19746032204329064,0.7204972867543582,-0.49552423932740663,-0.09478807768964387,-0.13530439679780926,-0.05604246254937094,-0.19361941516720177,-1.4910892773470354,0.5223373729936639
1041,34.71666666666667,tracked,1,1,0.1987157781084106,0.7206954747837515,-0.502145101681947,-0.09416081211344429,-0.1765430763014254,0.011134459214824087,-0.2098969653976399,-1.5001832999868878,0.5405399332806109
1042,34.75,tracked,1,1,0.18748006281759325,0.7179272675528617,-0.5042099604659204,-0.09397172847683233,-0.17669753802542632,0.011029037075398753,-0.20620191093745954,-1.5019080860764726,0.5424761653107125
1043,34.78333333333334,tracked,0,1,0.1798355972810426,0.7131527244804775,-0.4972750947216886,-0.09576716876641422,-0.1357791809031822,-0.0582540320946669,-0.1934044951506752,-1.490335093909476,0.5242993957756754
1044,34.81666666666667,tracked,0,1,0.20541030446899242,0.7202508891152211,-0.4969160016552925,-0.09601608507447446,-0.13547088041338023,-0.056737955028693235,-0.19360971143386982,-1.4895806001160392,0.5239245754248294
1045,34.85,tracked,1,1,0.20770104465427622,0.7185798425801331,-0.503713487198631,-0.0968301244402216,-0.17445537688009155,-0.0017128076936937936,-0.21627266753861743,-1.498456984953589,0.5417914992940448
1046,34.88333333333333,tracked,1,1,0.2111805658703071,0.7192185663720722,-0.5039173096157703,-0.0958161780446043,-0.17674970080102537,0.004451831776971485,-0.21038185644747356,-1.5001370191596903,0.5425438707042255
1047,34.91666666666667,tracked,1,1,0.20639515908294617,0.7174765455103447,-0.502148715457976,-0.09565486327240585,-0.1795782636785867,0.013466105034336873,-0.2143630056217112,-1.4998830118949753,0.5418039664764129
1048,34.95,tracked,1,1,0.16533760242315942,0.7209254967220518,-0.503332072000466,-0.09640013057210062,-0.17665889855264844,0.004001916960166371,-0.214278889383149,-1.4993132370603168,0.542074281179651
1049,34.983333333333334,tracked,1,1,0.14907835540018344,0.7220124253832567,-0.5015296600541658,-0.09851233181719204,-0.18332931295946775,0.014900408131103245,-0.22679970096562493,-1.4960792991921363,0.5429975289301952
1050,35.016666666666666,tracked,1,1,0.18719760091490598,0.7283882439858325,-0.5007245157837392,-0.09718892066977769,-0.17991195586486303,0.010715107249954768,-0.2233973287913858,-1.4961426563504805,0.5408687815643799
1051,35.050000000000004,tracked,0,1,0.20895987938269872,0.7231770617461284,-0.49843011019061056,-0.09729379034522156,-0.13608147183294894,-0.06446075767396042,-0.19349858560157934,-1.4929763578101904,0.5257535766503028
1052,35.083333333333336,tracked,0,1,0.1537333382879631,0.7261900464384319,-0.4973254859530297,-0.09725317353722601,-0.13613010803898362,-0.06164349685049404,-0.19496789937257128,-1.4915837870896926,0.5247115636768303
1053,35.11666666666667,tracked,0,1,0.21115702877476705,0.7294360739095477,-0.4961884271913969,-0.09675442589129368,-0.134768019727188,-0.05977892323874754,-0.19200713571527983,-1.493449068397521,0.5231890608082452
1054,35.150000000000006,tracked,0,1,0.15964148618311844,0.7253515225095925,-0.4982309740963261,-0.09717941910796823,-0.13630189632765077,-0.06222314774284295,-0.19199301478459263,-1.4945373951440344,0.5256007515116867
1055,35.18333333333334,tracked,0,1,0.1985620473852957,0.7333301432441959,-0.4970295414879489,-0.09695941127322855,-0.1348642098350893,-0.061682957034605634,-0.19292694817054817,-1.488622656774484,0.5240494706042692
1056,35.21666666666667,tracked,0,1,0.18161033418253114,0.7400759076562531,-0.4960356841309598,-0.09599769308960798,-0.13312526880584358,-0.05977978548972349,-0.1883326895541869,-1.4824452840972036,0.5224837741063583
1057,35.25,tracked,1,1,0.1745101995619458,0.7479734227486262,-0.4982320568051001,-0.10166469439410475,-0.18283949900190322,0.01783186809642262,-0.23539182526774266,-1.474683630617563,0.540371330577182
1058,35.28333333333334,tracked,0,1,0.16715498412553695,0.7514386740428022,-0.49488579869231086,-0.10222064954678928,-0.13354016629785748,-0.06492200702209643,-0.19828669538191745,-1.4659734602008572,0.5226796255412616
1059,35.31666666666667,tracked,0,1,0.18541571172977156,0.7463287802811827,-0.4957324788039916,-0.10276338518902206,-0.13303045446956102,-0.06473113251150525,-0.1954411565426319,-1.4653342773525162,0.5234578356401166
1060,35.35,tracked,1,1,0.15516210697831992,0.7460937625199057,-0.49985533551732575,-0.1073701270000107,-0.18357509868869454,0.011042366142276612,-0.23542753831598826,-1.4660707773706358,0.5432159031873981
1061,35.38333333333333,tracked,0,1,0.16794411589532826,0.7516536213290657,-0.495888461452031,-0.10336324510656986,-0.1337900019512338,-0.06199721519125763,-0.19521007228198256,-1.4661732646566683,0.523917065252063
1062,35.41666666666667,missing_tag,0,0,,,,,,,,,
1063,35.45,missing_tag,0,0,,,,,,,,,
1064,35.483333333333334,missing_tag,1,0,,,,,,,,,
1065,35.516666666666666,missing_tag,0,0,,,,,,,,,
1066,35.550000000000004,missing_tag,0,0,,,,,,,,,
1067,35.583333333333336,missing_tag,0,0,,,,,,,,,
1068,35.61666666666667,missing_tag,1,0,,,,,,,,,
1069,35.650000000000006,missing_tag,0,0,,,,,,,,,
1070,35.68333333333334,missing_tag,0,0,,,,,,,,,
1071,35.71666666666667,missing_tag,0,0,,,,,,,,,
1072,35.75,missing_tag,1,0,,,,,,,,,
1073,35.78333333333334,missing_tag,0,0,,,,,,,,,
1074,35.81666666666667,missing_tag,0,0,,,,,,,,,
1075,35.85,missing_tag,0,0,,,,,,,,,
1076,35.88333333333333,missing_tag,0,0,,,,,,,,,
1077,35.91666666666667,tracked,0,1,0.1762250988175373,0.7456558492122821,-0.4950427357065642,-0.1035214060252081,-0.13354770234430585,-0.06352164602534084,-0.194897321723759,-1.4656358482177958,0.523086016332609
1078,35.95,tracked,0,1,0.20429937992395156,0.755718737673183,-0.4949105722529137,-0.10262022088325468,-0.13283267590369385,-0.06355980061191238,-0.1932187971205329,-1.4658973652472091,0.5226010945736435
1079,35.983333333333334,tracked,0,1,0.1951624516638644,0.7551915868709206,-0.4950072149560625,-0.10319295504342663,-0.1335467153798729,-0.06279766254378163,-0.19392020428324871,-1.4662610204370359,0.5229872407792612
1080,36.016666666666666,tracked,0,1,0.21130073798461949,0.7527146839526195,-0.49454707754037136,-0.10288522419591523,-0.1323420991149279,-0.06318553508250443,-0.19377536203844536,-1.4659861102052494,0.5221844621010004
1081,36.050000000000004,tracked,0,1,0.22222168385559712,0.7492100208826814,-0.4958816161150573,-0.10191751946068206,-0.13242974613973657,-0.06367448959268455,-0.1926395408686551,-1.4674915211962993,0.5232813732940765
1082,36.083333333333336,tracked,0,1,0.1788839119366504,0.7523378071722331,-0.4967406722693408,-0.10245950927212466,-0.1338319102106323,-0.062387853150706093,-0.19290304472275685,-1.4659028431163696,0.5245571720198934
1083,36.11666666666667,tracked,0,1,0.20574705412447514,0.7501672704301483,-0.49622146405640255,-0.10212368847468822,-0.13279358281064085,-0.06435700330668194,-0.19466959435120323,-1.46664463785613,0.523735739446566
1084,36.150000000000006,tracked,0,1,0.1791143370710265,0.7512803847928113,-0.49737639026563557,-0.10198384490368273,-0.13382399966357256,-0.06505830683351917,-0.19170179035667678,-1.4715442083939156,0.5250646065971007
1085,36.18333333333334,missing_tag,0,0,,,,,,,,,
1086,36.21666666666667,missing_tag,0,0,,,,,,,,,
1087,36.25,missing_tag,0,0,,,,,,,,,
1088,36.28333333333334,missing_tag,0,0,,,,,,,,,
1089,36.31666666666667,missing_tag,0,0,,,,,,,,,
1090,36.35,missing_tag,0,0,,,,,,,,,
1091,36.38333333333333,missing_tag,0,0,,,,,,,,,
1092,36.41666666666667,missing_tag,0,0,,,,,,,,,
1093,36.45,missing_tag,0,0,,,,,,,,,
1094,36.483333333333334,missing_tag,0,0,,,,,,,,,
1095,36.516666666666666,missing_tag,0,0,,,,,,,,,
1096,36.550000000000004,missing_tag,0,0,,,,,,,,,
1097,36.583333333333336,missing_tag,0,0,,,,,,,,,
1098,36.61666666666667,missing_tag,0,0,,,,,,,,,
1099,36.650000000000006,missing_tag,0,0,,,,,,,,,
1100,36.68333333333334,missing_tag,0,0,,,,,,,,,
1101,36.71666666666667,missing_tag,0,0,,,,,,,,,
1102,36.75,missing_tag,0,0,,,,,,,,,
1103,36.78333333333334,missing_tag,0,0,,,,,,,,,
1104,36.81666666666667,missing_tag,0,0,,,,,,,,,
1105,36.85,missing_tag,0,0,,,,,,,,,
1106,36.88333333333333,missing_tag,0,0,,,,,,,,,
1107,36.91666666666667,missing_tag,0,0,,,,,,,,,
1108,36.95,missing_tag,0,0,,,,,,,,,
1109,36.983333333333334,missing_tag,0,0,,,,,,,,,
1110,37.016666666666666,missing_tag,0,0,,,,,,,,,
1111,37.050000000000004,missing_tag,0,0,,,,,,,,,
1112,37.083333333333336,missing_tag,0,0,,,,,,,,,
1113,37.11666666666667,missing_tag,0,0,,,,,,,,,
1114,37.150000000000006,missing_tag,0,0,,,,,,,,,
1115,37.18333333333334,missing_tag,0,0,,,,,,,,,
1116,37.21666666666667,missing_tag,0,0,,,,,,,,,
1117,37.25,missing_tag,0,0,,,,,,,,,
1118,37.28333333333334,missing_tag,0,0,,,,,,,,,
1119,37.31666666666667,missing_tag,0,0,,,,,,,,,
1120,37.35,missing_tag,0,0,,,,,,,,,
1121,37.38333333333333,missing_tag,0,0,,,,,,,,,
1122,37.41666666666667,missing_tag,0,0,,,,,,,,,
1123,37.45,missing_tag,1,0,,,,,,,,,
1124,37.483333333333334,missing_tag,1,0,,,,,,,,,
1125,37.516666666666666,missing_tag,0,0,,,,,,,,,
1126,37.550000000000004,missing_tag,1,0,,,,,,,,,
1127,37.583333333333336,missing_tag,0,0,,,,,,,,,
1128,37.61666666666667,missing_tag,0,0,,,,,,,,,
1129,37.650000000000006,missing_tag,0,0,,,,,,,,,
1130,37.68333333333334,missing_tag,0,0,,,,,,,,,
1131,37.71666666666667,missing_tag,0,0,,,,,,,,,
1132,37.75,missing_tag,0,0,,,,,,,,,
1133,37.78333333333334,missing_tag,0,0,,,,,,,,,
1134,37.81666666666667,missing_tag,0,0,,,,,,,,,
1135,37.85,missing_tag,0,0,,,,,,,,,
1136,37.88333333333333,missing_tag,0,0,,,,,,,,,
1137,37.91666666666667,missing_tag,1,0,,,,,,,,,
1138,37.95,missing_tag,0,0,,,,,,,,,
1139,37.983333333333334,missing_tag,0,0,,,,,,,,,
1140,38.01833333333334,missing_tag,0,0,,,,,,,,,
1141,38.05166666666667,missing_tag,0,0,,,,,,,,,
1142,38.085,missing_tag,0,0,,,,,,,,,
1143,38.11833333333333,missing_tag,0,0,,,,,,,,,
1144,38.15166666666667,tracked,0,1,0.1478986587610301,0.7447913979511023,-0.5021518020706831,-0.09858828106560347,-0.13291185456898735,-0.07117411454267658,-0.19641796223771582,-1.5001876927450881,0.5287169777596257
1145,38.185,tracked,0,1,0.13988385877679388,0.7456885044568444,-0.5017429814449522,-0.09831709213312206,-0.13342501520530797,-0.06778819143700741,-0.19719446060898546,-1.4986857957540636,0.5284075176578387
1146,38.218333333333334,tracked,0,1,0.2318350461201079,0.7375002178465373,-0.5013098845170909,-0.09849854878654885,-0.13270141218141962,-0.0690308649804133,-0.19587315533941554,-1.5011526245641373,0.5278477329898634
1147,38.25166666666667,tracked,1,1,0.23034810143638773,0.744357575313103,-0.49999090482960684,-0.10528775204315821,-0.18119130789353788,0.006340732695965034,-0.25479114466862424,-1.49256664241025,0.5421316313394758
1148,38.28500000000001,tracked,0,1,0.1852866222756681,0.7477140631143158,-0.5013076641400123,-0.09796555267056262,-0.1323876421920805,-0.06899837545419127,-0.1970838172784292,-1.5012547022629497,0.5276676145460724
1149,38.318333333333335,tracked,0,1,0.1753720325799035,0.7401141214136626,-0.5020490409225371,-0.09900794663781876,-0.13314450926161647,-0.06893299938835452,-0.19525525191095078,-1.500840337924602,0.5287563459053642
1150,38.35166666666667,tracked,1,1,0.16916589582539074,0.740225191620407,-0.5021421796848753,-0.10539116920589964,-0.17848453779244183,-0.001649536834250076,-0.24952319309763552,-1.4941709993459529,0.5432410122553761
1151,38.385000000000005,tracked,0,1,0.18326895870754126,0.7371729299930879,-0.5012837923232467,-0.09803429251234252,-0.13105174948044884,-0.06981035280145415,-0.19439961347371273,-1.5021554669774861,0.5273241166457854
1152,38.41833333333334,tracked,0,1,0.19817898021158942,0.7492228608811973,-0.49967066240077734,-0.09763807352883258,-0.13134317311012206,-0.06795662613849411,-0.19874363966648725,-1.4999539428903494,0.5257898757004444
1153,38.45166666666667,tracked,0,1,0.18556735065049887,0.7398630323400972,-0.5017324576625515,-0.09820724268513564,-0.13167205181237324,-0.06890421986633147,-0.19091884841408518,-1.5022143711432938,0.5279371655949233
1154,38.485,tracked,0,1,0.16333156467625704,0.7272341697315174,-0.5026023352714846,-0.09852469642994183,-0.13216511401284214,-0.0709128441704773,-0.1926366056207112,-1.501573332562826,0.5289459713326017
1155,38.51833333333334,tracked,0,1,0.21956948475581697,0.7327148343380894,-0.5008890618131456,-0.09732107690607561,-0.13103220732319998,-0.06711443012406,-0.19440313895194333,-1.5021142053901617,0.5268118104315825
1156,38.55166666666667,tracked,0,1,0.14115181398870777,0.746506047638706,-0.5000169840484512,-0.09647528766236724,-0.13040154126513792,-0.06733116391054024,-0.19428759882032812,-1.500011876750584,0.5256700746958772
1157,38.585,tracked,1,1,0.2152063125554051,0.7307558754340743,-0.5038776735749027,-0.10326535348688709,-0.1712233939156384,-0.013074364478612878,-0.2400744344384594,-1.4945206446590915,0.542101368548372
1158,38.61833333333333,tracked,1,1,0.28285823303522,0.721939167967766,-0.5038734987827383,-0.1020935234724118,-0.17045319912664303,-0.01173737322044309,-0.23702454138415682,-1.496644666585138,0.5416326092501053
1159,38.65166666666667,tracked,0,1,0.1764168436648812,0.7303206557960208,-0.5031374557038495,-0.09679108415034893,-0.1312804630326761,-0.07190044528416621,-0.1917140789257373,-1.5041321478214122,0.5289143345355813
1160,38.685,tracked,1,1,0.16337841561729016,0.7350669723598028,-0.5009291837301937,-0.09916379945798309,-0.16762673871109868,-0.007329909729107917,-0.23560966553617343,-1.4965461625985785,0.5374590493855883
1161,38.718333333333334,tracked,1,1,0.17901109889067396,0.7312616971247325,-0.5016603897305331,-0.09928065720946755,-0.1687769315065754,-0.00517661958640727,-0.2354156304491927,-1.4973202639237984,0.5385215391507654
1162,38.75166666666667,tracked,1,1,0.21968152926014087,0.7198937266911265,-0.5044852044622683,-0.1013974773154413,-0.16267584228481946,-0.02473998136545942,-0.2260692279216353,-1.4989156058894328,0.5396760135399271
1163,38.78500000000001,tracked,0,1,0.1620637763916632,0.7325739751893836,-0.5034667904500032,-0.09709039641249778,-0.12999880420649995,-0.07064525333976526,-0.19089353056498068,-1.5014154450855022,0.5289660133285344
1164,38.818333333333335,tracked,1,1,0.17350415116940493,0.765457612308998,-0.49544493665678224,-0.0910955713508711,-0.1458483340377557,-0.02621190384912849,-0.21353920952706382,-1.4964226611333988,0.5244385806938439
1165,38.85166666666667,tracked,1,1,0.18193247961435952,0.7235600711818041,-0.5045845122437623,-0.09589681921100962,-0.15378870371320597,-0.02918114704935578,-0.20927991605733387,-1.5051443585281332,0.5361461510827554
1166,38.885000000000005,tracked,1,1,0.27845629432063074,0.7105429074163068,-0.5037852199905075,-0.0976101902528756,-0.1562359923105835,-0.02828784123006006,-0.21391551670466372,-1.5037605791057878,0.5364112064595215
1167,38.91833333333334,tracked,1,1,0.210555732959966,0.7146834188671509,-0.5059675123194708,-0.09809810987622264,-0.15146936031399477,-0.038473460337924426,-0.20901659097574862,-1.5023394817275066,0.537186494429981
1168,38.95166666666667,tracked,1,1,0.234891365348179,0.7239923021492649,-0.5031600149744193,-0.10033735506417385,-0.1518127933798853,-0.03639447014465948,-0.21995908291047692,-1.4987259572251355,0.5350558005704972
1169,38.985,tracked,1,1,0.2206713620114935,0.7245406087207746,-0.5053501939316216,-0.09917503486770735,-0.15141390073238176,-0.03884124455464345,-0.2151600433538188,-1.4989971456832398,0.536787365148188
1170,39.01833333333334,tracked,0,1,0.18493397960653254,0.7219818476909979,-0.5036427993956667,-0.09541294494616936,-0.12797550232151106,-0.07171727983113284,-0.1871131037291631,-1.5030419472546617,0.5283345802054297
1171,39.05166666666667,tracked,1,1,0.1913835316343335,0.7161001269920906,-0.5039661481963252,-0.10067795076385921,-0.15362541563924437,-0.03638389558919452,-0.22287309458641424,-1.4956034290588651,0.5363941616276048
1172,39.085,tracked,0,1,0.16390908640755408,0.7292549413841006,-0.5032268322370161,-0.09411992027458999,-0.12562921853252956,-0.07080345535151572,-0.18525989028523024,-1.5037527290948185,0.5271418259111027
1173,39.11833333333335,tracked,1,1,0.22160703161200287,0.7225681157335916,-0.5068195345336434,-0.09878771188532176,-0.14972969475980957,-0.04503157695961731,-0.2096330981704438,-1.4992281970745305,0.5376281559752074
1174,39.15166666666667,tracked,0,1,0.2024642842140858,0.7130503246173506,-0.5043207507312784,-0.09491185508836125,-0.1285597597699138,-0.07101817270008738,-0.18469262635972022,-1.5049913383348374,0.5290324108091793
1175,39.185,tracked,0,1,0.21236347642984008,0.7227580298831819,-0.504191992838831,-0.09470046975672508,-0.1280602698858977,-0.06824898773945319,-0.1859982044277855,-1.5052321659586045,0.5287505814069476
1176,39.218333333333334,tracked,0,1,0.20528365958845063,0.7307833847297742,-0.500373824677803,-0.09362228519487847,-0.12558139521159883,-0.06636306150722387,-0.19029407942762636,-1.501625213521487,0.5243183990011181
1177,39.25166666666667,tracked,1,1,0.16762227602581262,0.7229489379202647,-0.5047962433143143,-0.09788979049839963,-0.1476907272833427,-0.04353113086245043,-0.210945444127689,-1.4975029298692497,0.5349899151138717
1178,39.28500000000001,tracked,1,1,0.17897877907581766,0.7158322361142246,-0.5063145267155722,-0.09845556592946253,-0.14879867912217554,-0.04495083793511492,-0.20917859126939964,-1.4993780192231063,0.5368323251576872
1179,39.318333333333335,tracked,1,1,0.1793162969445222,0.7189622746204269,-0.5050077263380505,-0.09948708982967869,-0.15064494378650656,-0.04124312932141389,-0.21566610709011955,-1.4970716178556334,0.5363062406800293
1180,39.35166666666667,tracked,0,1,0.19885331687363286,0.7169973176284417,-0.5060582433748866,-0.09588387820527572,-0.1274470157758233,-0.07408713366527599,-0.1842871668488072,-1.5014679844895764,0.5305953313190035
1181,39.385000000000005,tracked,0,1,0.17420422656550688,0.7129491639248304,-0.5037119441122959,-0.09459331375609037,-0.1277001983540128,-0.06881944173835328,-0.18422041450100354,-1.5050300667145675,0.528186480618731
1182,39.41833333333334,tracked,1,1,0.1682980145078598,0.7235411130386693,-0.5054554191532822,-0.0957176602483929,-0.14628086231954962,-0.04033972167857278,-0.19740617121155035,-1.5037132849183548,0.5348318819178584
1183,39.45166666666667,tracked,0,1,0.19863716734317516,0.718584404601464,-0.506362251203571,-0.09472171702010584,-0.12770843500235324,-0.07371232306035812,-0.18579279776281166,-1.5058287132524777,0.5307394629099438
1184,39.485,tracked,1,1,0.1880490708496733,0.7320147950971233,-0.5016541682181052,-0.0945223470897863,-0.14152351372281807,-0.04367701159785778,-0.20420406433147825,-1.502110259398237,0.5297360508087152
1185,39.51833333333334,tracked,1,1,0.19635140597756404,0.7176434130614718,-0.5064869307743263,-0.09535738345650407,-0.1484989387779052,-0.042540067072496315,-0.2052937565148059,-1.5050774068508435,0.5363524740718849
1186,39.55166666666667,tracked,1,1,0.1598939741801977,0.7218402718218603,-0.5063487897135098,-0.09488101905439511,-0.1453261201574833,-0.04572871861144349,-0.19978097405018666,-1.5057669728274508,0.5352673965609749
1187,39.585,tracked,1,1,0.14724096963192157,0.7202514024125666,-0.5076317246953213,-0.09453923697911393,-0.14693547130881274,-0.0436972881692095,-0.19607495066927277,-1.508438281198253,0.5368590764572044
1188,39.61833333333335,tracked,0,1,0.16830624409702843,0.720920199892483,-0.5033702323992898,-0.09236701462181413,-0.12690889977309466,-0.0655415410703311,-0.1827239264486703,-1.5058007580534183,0.5272751891540877
1189,39.65166666666667,tracked,1,1,0.2265354384961707,0.7178787733439509,-0.5070890460517409,-0.09328029865136794,-0.14609629262840046,-0.04218691823702688,-0.19661469803326237,-1.5071869740538189,0.5358961106986281
1190,39.685,tracked,1,1,0.1284701317028656,0.7154420370896747,-0.5074643094592212,-0.09159438781783097,-0.1487744245747843,-0.03466337590447831,-0.19175920012343486,-1.5133417800571887,0.5366967362134837
1191,39.718333333333334,tracked,1,1,0.16366127530863236,0.7204556405162733,-0.5056115735761801,-0.09063463494581736,-0.14854194692221667,-0.031500015924956014,-0.19480114337370324,-1.511437600161186,0.5347171311837552
1192,39.75166666666667,tracked,1,1,0.211157553611136,0.7243717307845362,-0.5064924333979243,-0.09171390857425571,-0.15266995759349417,-0.02642915923762603,-0.19672088769023025,-1.5119995424660915,0.5368930452770989
1193,39.78500000000001,tracked,1,1,0.189422611528211,0.7214086183043031,-0.5064463982096383,-0.0924546919601062,-0.15088099570071029,-0.03071230409733107,-0.19810381400684499,-1.5114764915567476,0.5364707812999617
1194,39.818333333333335,tracked,1,1,0.10800193817891468,0.7170616743512526,-0.5077187846403093,-0.09282809964723665,-0.1539191597020355,-0.03108413610082569,-0.19931330616820236,-1.5132313158249389,0.5385968140308024
1195,39.85166666666667,tracked,1,1,0.21988921584087634,0.7227882636253835,-0.5065137157756064,-0.09058440438191012,-0.1516092155562369,-0.026167781751732306,-0.19146328528974363,-1.5156034785481067,0.5364205745752252
1196,39.885000000000005,tracked,0,1,0.14049266887514444,0.7242701370858012,-0.5039391928399676,-0.09204729142653834,-0.13006415959149176,-0.06440743902594809,-0.1865043415461794,-1.5068455257031623,0.5285301311651032
1197,39.91833333333334,tracked,1,1,0.15278810411226118,0.7300577941435175,-0.506517027919144,-0.0924009677469319,-0.1540936518404728,-0.025549775949094734,-0.2007644944377716,-1.5104018829911128,0.537440500846508
1198,39.95166666666667,tracked,1,1,0.11627863977737507,0.7308668554221253,-0.5090053052613727,-0.08994530342400764,-0.15534385857270705,-0.021045380876945276,-0.19019451575749224,-1.5161428386761642,0.5397298146188676
1199,39.985,tracked,1,1,0.18827105828998267,0.7349017027353117,-0.5088299741820709,-0.08999351609038403,-0.15077521133672916,-0.028270191325554733,-0.18610940404560056,-1.5158764590584815,0.538274966832076
1200,40.01833333333334,tracked,1,1,0.1426763944458783,0.7386373327992589,-0.5010165967565439,-0.09066241307109951,-0.15771702560901218,-0.015878662490722638,-0.20992345439674154,-1.5123544601911327,0.5330215413436288
1201,40.05166666666667,tracked,1,1,0.12312860339826792,0.7424939184580791,-0.5042076046695961,-0.08966579428019769,-0.15732626008345252,-0.011315673701112396,-0.1952821111624943,-1.5130392965468304,0.5357395032871821
1202,40.085,tracked,1,1,0.14676540130214896,0.7368045382098412,-0.50703918340615,-0.09143578907509792,-0.15798889544191602,-0.014020842627362796,-0.19847669179349692,-1.5136419615095411,0.5388967694428293
1203,40.11833333333335,tracked,1,1,0.16133265175264322,0.7346271409930237,-0.5073403863686665,-0.09292021506458903,-0.15320573498559142,-0.027641811915140493,-0.20451675627326862,-1.5097322895604175,0.538052442835113
1204,40.15166666666667,tracked,1,1,0.1164924428298159,0.7364901345803088,-0.5084157472483862,-0.09337990429738191,-0.15664924416908765,-0.02281602273334697,-0.203495538247722,-1.5107709285203759,0.540134579781252
1205,40.185,tracked,1,1,0.15792963614171368,0.7346230519076047,-0.5090601130854188,-0.09401987849445037,-0.15302032913021762,-0.03039222809997247,-0.20031074275776597,-1.5095767351036058,0.5398121501168446
1206,40.218333333333334,tracked,1,1,0.1869628595049311,0.7339015035095289,-0.5094278530804692,-0.09113432963252802,-0.1567083392646167,-0.018526072782952346,-0.1920452642385265,-1.5137655389317064,0.5407214690825773
1207,40.25166666666667,tracked,1,1,0.17188070580720166,0.7327889877384663,-0.5094618147543057,-0.08851128745474432,-0.1505929324412148,-0.023953477424104048,-0.17953315569840222,-1.5170358579535392,0.538575732836981
1208,40.28500000000001,tracked,1,1,0.1537323289344568,0.728827843638538,-0.5090825845801205,-0.08738386881176954,-0.15005684908632688,-0.02335420730348627,-0.18073771256028665,-1.5172693838363123,0.5378829579090648
1209,40.318333333333335,tracked,1,1,0.1914270900277666,0.7306524190611617,-0.5082004437541647,-0.09055210665955782,-0.15218348119519226,-0.023741063999779603,-0.1911066202369321,-1.510246817242216,0.5381702212136057
1210,40.35166666666667,tracked,1,1,0.13098501391719006,0.7410926475359301,-0.5063877736649574,-0.08759327405351011,-0.1538469384864441,-0.010400437093839624,-0.1862770058144398,-1.516578926438174,0.536442018729347
1211,40.385000000000005,tracked,1,1,0.1631522441290013,0.7284268238337858,-0.5073296363407591,-0.087335807948316,-0.15263444500902135,-0.015389670714657888,-0.18564409182906996,-1.5158472764115234,0.5369433648559632
1212,40.41833333333334,tracked,1,1,0.17430819701034664,0.7356239207920572,-0.5103239403150942,-0.08939550169868318,-0.15231335062981627,-0.0245671055391664,-0.18822181355957832,-1.515813968318521,0.540019848304453
1213,40.45166666666667,tracked,0,1,0.1576905129803917,0.7291180993555179,-0.5042460656877872,-0.09311844555165033,-0.13204806308309042,-0.05860591195160783,-0.19121741746572338,-1.5012327664992189,0.5295014925640565
1214,40.485,tracked,1,1,0.1461006168509756,0.7301221594440519,-0.5112734035735035,-0.0914819180350506,-0.15631974904489904,-0.021405925279308218,-0.18991208490094746,-1.5134686134300128,0.5424069491354867
1215,40.51833333333334,tracked,1,1,0.22301340235850534,0.7256947132861485,-0.5129446552321917,-0.08891508215064917,-0.15710672777812584,-0.01759686558514295,-0.17812879812799146,-1.518255529109903,0.5437836289171262
1216,40.55166666666667,tracked,1,1,0.15313209296108593,0.7313769785618776,-0.5104653501674778,-0.08871450673163281,-0.15891870981993433,-0.010307294636288919,-0.18487320621164088,-1.5152506586356722,0.5419412272166375
1217,40.585,tracked,0,1,0.16541245362831436,0.7319234240645962,-0.5018862397133578,-0.09186062823524732,-0.13101230876352044,-0.05789115090916352,-0.1932283035360028,-1.499326726748544,0.5267754717912901
1218,40.61833333333335,tracked,0,1,0.18074505008030592,0.7237550483556493,-0.5045786107231984,-0.09218275529410053,-0.13174337148784637,-0.059603495362577134,-0.18948376158100944,-1.5033141435595896,0.529578653935324
1219,40.65166666666667,tracked,0,1,0.21297677285958122,0.7247149092098524,-0.5035107931366289,-0.09219838994352014,-0.1318784562195447,-0.05849516065573411,-0.19093961941819834,-1.5020805744454084,0.5285977573998067
1220,40.685,tracked,0,1,0.20428799806001985,0.7212385031416548,-0.5044369834055278,-0.09244346963881062,-0.13219240109807417,-0.0597550404742514,-0.18853261388256104,-1.5023257369528191,0.5296010727086988
1221,40.718333333333334,tracked,0,1,0.19982379770898734,0.7203410155792147,-0.5042443554778433,-0.09221526131839947,-0.13301485964693693,-0.05643822223740157,-0.19079704143634954,-1.5042996050906012,0.5295837774499712
1222,40.75166666666667,tracked,0,1,0.17561604099308872,0.720608258905055,-0.5037144233768388,-0.09270523934204294,-0.13260110419297227,-0.05494624743381122,-0.18926535203809436,-1.5016904443805263,0.5290609932252822
1223,40.78500000000001,tracked,1,1,0.19808626928957299,0.7188353786625962,-0.5138119567995764,-0.08958064223283779,-0.1638623422182962,-0.007633343402828344,-0.17997410992777874,-1.5191876016895716,0.5466976180763214
1224,40.818333333333335,tracked,0,1,0.10622491057733872,0.7179510866891254,-0.5035430959760611,-0.09224168501127433,-0.13274073897440702,-0.055293185942623134,-0.18764054635076377,-1.5044702357556585,0.5288518523578672
1225,40.85166666666667,tracked,1,1,0.16927983098793822,0.7195012408039845,-0.5136262496097099,-0.09042558638656015,-0.16403863608069358,-0.007652646275940694,-0.1798176281995411,-1.5206679581881093,0.5467150858433518
1226,40.885000000000005,tracked,1,1,0.2116144338145952,0.716735829322143,-0.5128552068188648,-0.09013414230773217,-0.16408563953742145,-0.006543582424661713,-0.1802562678855871,-1.5192359156720148,0.5459567051270419
1227,40.91833333333334,tracked,1,1,0.2110491933246294,0.7193365204773894,-0.5120016263755847,-0.08951024616837386,-0.1644657182226777,-0.0015252990589259571,-0.1787519154992084,-1.5193098988114946,0.5451666919859172
1228,40.95166666666667,tracked,1,1,0.21154157210723715,0.7197535793469759,-0.5128943054332993,-0.09124354795654621,-0.16277773949991842,-0.009208230081655635,-0.18086756494959857,-1.5168175769009158,0.5457861724762807
1229,40.985,tracked,1,1,0.20479422618577559,0.7216986214318672,-0.5115358401419129,-0.09165996797796433,-0.1643956967064012,-0.005822247864313499,-0.18480103958832864,-1.5159624850940916,0.5450655103517348
1230,41.01833333333334,tracked,0,1,0.13350936355718437,0.7223250658188778,-0.5011636928688235,-0.09280194829861149,-0.13081190913499496,-0.051939710299445885,-0.18646950081303112,-1.5027569221225454,0.5262024365484036
1231,41.05166666666667,tracked,0,1,0.15853362619210165,0.7316116775886639,-0.4999285350907598,-0.09224381354195477,-0.12999740932021447,-0.05290688066475216,-0.18767489746526195,-1.502219855243957,0.5247254403635518
1232,41.085,tracked,1,1,0.2189916663635182,0.7332475632917506,-0.5055626631830212,-0.09393809341496206,-0.1694404077790525,0.0009145586866404399,-0.210045071553406,-1.507946268092499,0.5414129880114428
1233,41.11833333333335,tracked,0,1,0.19070104814765748,0.7207396553499317,-0.49888504553555224,-0.09340649518788419,-0.12948935779901183,-0.05690671476797474,-0.18947964276875243,-1.5022501284872363,0.5238115651505747
1234,41.15166666666667,tracked,1,1,0.18651162682900765,0.7280493054720834,-0.5058615363900066,-0.09714112535692787,-0.17346228408943148,0.004632649850238466,-0.21418412114541013,-1.5065775997128756,0.5435268679982537
1235,41.185,tracked,0,1,0.16030338888039733,0.728142021460665,-0.5015518471535306,-0.09669290616940207,-0.13189916871589968,-0.06073848803227381,-0.19246259824498843,-1.4984403690042474,0.5275425709784459
1236,41.218333333333334,tracked,0,1,0.2010522944880067,0.7258189879705026,-0.5012112357994707,-0.09591370246963582,-0.1322079675129446,-0.061377662456808396,-0.1895500431798248,-1.5004186331045835,0.5271537611427716
1237,41.25166666666667,tracked,0,1,0.18181179569341444,0.7383849159523653,-0.49769828655576165,-0.09481334661446672,-0.12961627234649487,-0.059688546206335014,-0.19130418977209207,-1.4980519845350457,0.5229660918202793
1238,41.28500000000001,tracked,0,1,0.10098161255930425,0.7584277374538885,-0.49410286697444716,-0.09148588312123224,-0.12598180930912956,-0.05508619372555544,-0.18953901771925608,-1.497489944342465,0.5180528218624447
1239,41.318333333333335,tracked,0,1,0.09690507326072993,0.7388641074380271,-0.4997251359361791,-0.09706770237032597,-0.13143145478391682,-0.06322096106419532,-0.19041149427866438,-1.5009853791690089,0.5257580980227539
1240,41.35166666666667,tracked,0,1,0.17996957665955318,0.7353276542187633,-0.4970303868499778,-0.09629813436958928,-0.13071259916261496,-0.06502697552767164,-0.1776080500238721,-1.5072216750099148,0.5228750517237828
1241,41.385000000000005,tracked,0,1,0.2095675930922699,0.7465759900551295,-0.4927909149697908,-0.09336460862526397,-0.12796352972368424,-0.05860341972527832,-0.19121137017054146,-1.5023227164357214,0.5176238991389951
1242,41.41833333333334,tracked,1,1,0.21691629968070317,0.7513755594885733,-0.49772561054214176,-0.10514613902514802,-0.18006364810757935,0.009047053669453166,-0.25052074341669367,-1.4895585941426306,0.5396382226188706
1243,41.45166666666667,tracked,0,1,0.2074672614857326,0.7481407527646475,-0.49607246235671465,-0.09720695183676409,-0.13091993770868432,-0.06200028265866736,-0.19199080346106145,-1.5028718044213516,0.5221849380092218
1244,41.485,tracked,0,1,0.20924932219865755,0.7487431449716562,-0.4959356267767815,-0.09703221890366737,-0.13163756098157586,-0.06283701852218532,-0.19305624679206412,-1.502540328542792,0.5222028771205942
1245,41.51833333333334,tracked,1,1,0.21173777152767667,0.755760049720802,-0.49668177153712173,-0.11190710653064295,-0.1844283805506281,0.007296486480084463,-0.27197854449711767,-1.4792787825286335,0.5415069807692616
1246,41.55166666666667,tracked,0,1,0.16144499361728026,0.7459620319975803,-0.49714960570437705,-0.09880166250988798,-0.13301462335406394,-0.06258040435359886,-0.19729244665878148,-1.4990112107947853,0.5240347211709916
1247,41.585,tracked,0,1,0.16863629672915542,0.7515634404259313,-0.49586915589209496,-0.09909572698878549,-0.13208496168262995,-0.06105053246725468,-0.19494572164442692,-1.5001899936180167,0.5226400481930911
1248,41.620000000000005,tracked,0,1,0.2276852617913167,0.7415487790374722,-0.49712353568132533,-0.09896051389702104,-0.13166442307870563,-0.06407102547903677,-0.1933007083776751,-1.5020937027337957,0.5236988765919904
1249,41.653333333333336,tracked,0,1,0.2101892142598928,0.7550029628126916,-0.4971002304620658,-0.09892344638562572,-0.1315296136384071,-0.06642030779503813,-0.19332349250921801,-1.4985574528079626,0.5236358721803895
1250,41.68666666666667,tracked,0,1,0.22594460860585738,0.7478790669094943,-0.4960223197390734,-0.09905591259487162,-0.13221193791091995,-0.06369051780337916,-0.19501280756232764,-1.4988988586255971,0.5228099195936275
1251,41.720000000000006,tracked,0,1,0.15929437078838724,0.7504769603928785,-0.49721143037925475,-0.0994457366626007,-0.13240558705291372,-0.0669006189980671,-0.1945066458844459,-1.4987120097208135,0.5240609702343598
1252,41.75333333333334,tracked,0,1,0.21451850863594313,0.7537914692130924,-0.49557442195160795,-0.09737993336100925,-0.13052855523683893,-0.06394648889391155,-0.19405750618625267,-1.4985322964642356,0.5216460129688345
1253,41.78666666666667,tracked,0,1,0.15728682616678138,0.7552902729435529,-0.4967183237150263,-0.098754043167741,-0.1313984225646913,-0.06736051689751923,-0.19442302663301747,-1.499799436225267,0.5232083711187454
1254,41.82,tracked,0,1,0.2120130014761694,0.7512239828556528,-0.49838300388151413,-0.10020103435234895,-0.1339156070337572,-0.06932679116861222,-0.195738182023838,-1.4993598314841199,0.5256988259930411
1255,41.85333333333334,tracked,0,1,0.22615295181575046,0.7545083832279643,-0.49689509149551797,-0.09963531471798237,-0.13331950664081615,-0.0671749338991917,-0.19634505028748167,-1.497817896792674,0.5240286430551685
1256,41.88666666666667,tracked,0,1,0.16700500370768503,0.7583238029512938,-0.49535037867110376,-0.09872206817101536,-0.1322270812534721,-0.06655227839352365,-0.19835747763305583,-1.4965839805674699,0.5221130580730392
1257,41.92,tracked,0,1,0.12394600923060344,0.7596215287308131,-0.4936289721795424,-0.09803642700864657,-0.1324097600355439,-0.06347045649159459,-0.19936464412207552,-1.497551331598932,0.5203970097419118
1258,41.95333333333333,tracked,0,1,0.20235546769440227,0.7545521302291105,-0.4950563885273694,-0.09847338649533438,-0.13414873227225227,-0.06326415057381705,-0.1994032155669356,-1.4987324298805509,0.5222774339753476
1259,41.98666666666667,tracked,0,1,0.15165703145148451,0.758545581762073,-0.4954812090526115,-0.09847813746160905,-0.13451954886261058,-0.0640744863760087,-0.2016431617584192,-1.4973745632548179,0.5227763203401102
1260,42.02,tracked,0,1,0.16612440056645683,0.7596926111629578,-0.4952107553372059,-0.09866662304507956,-0.13606307497426423,-0.061882877129593304,-0.20376280851544054,-1.4966792167273657,0.5229550220393892
1261,42.053333333333335,tracked,0,1,0.13721311569844893,0.7621643729134224,-0.49518036133751075,-0.09848190595634881,-0.13570264295713969,-0.06328056427745551,-0.20384724048178268,-1.4956826541257207,0.5227977461319967
1262,42.086666666666666,tracked,0,1,0.09742399333793529,0.7628732587777413,-0.49312067120369596,-0.09828439361412644,-0.1347619644358557,-0.06317298809304253,-0.20627754774811996,-1.4942748971986617,0.5205656591200489
1263,42.120000000000005,tracked,0,1,0.14111215040811692,0.7582135598458852,-0.4950707401558563,-0.09906898776805584,-0.1368837119465815,-0.06200207714681659,-0.20280677931511543,-1.497586013778974,0.5231126577441318
1264,42.153333333333336,tracked,0,1,0.22116553192038857,0.7623359920080498,-0.4938843296065749,-0.09865626430663416,-0.13619690046169086,-0.06202776464167778,-0.20439073395772497,-1.4980301770245803,0.5217321009994
1265,42.18666666666667,tracked,0,1,0.1585507130783552,0.7612304533875801,-0.4949458142562492,-0.09942089971385376,-0.13744019072953412,-0.06256291510803538,-0.2057509279444048,-1.4959717048885235,0.5232071104041539
1266,42.220000000000006,tracked,0,1,0.20239856413703675,0.7613166221097881,-0.49462366991661055,-0.09903361079765988,-0.13669815442445676,-0.06114312123943777,-0.20219418641822187,-1.4971469402256037,0.5226343045882571
1267,42.25333333333334,tracked,0,1,0.19386715033774407,0.7606366796549026,-0.49523706448865523,-0.09893543459966014,-0.13713032733434222,-0.06459825027502963,-0.20431559853196413,-1.4972975394769312,0.5233093701985356
1268,42.28666666666667,tracked,0,1,0.17414394107035694,0.7609097829647926,-0.4945315155585671,-0.09927062033090206,-0.13818502151620776,-0.05962602871420302,-0.2066333821548551,-1.4965513101486219,0.5229829596774356
1269,42.32,tracked,0,1,0.18214080719797704,0.7650145962299693,-0.4940095150924463,-0.09898044372739839,-0.1374836639182645,-0.0615107650889415,-0.20786908612656368,-1.4961937271216952,0.5222492576220065
1270,42.35333333333334,tracked,0,1,0.16987153085063422,0.766454020410555,-0.49392970352534704,-0.09810845458258122,-0.13705977665521862,-0.06155653914632374,-0.20502428596621194,-1.49561896105217,0.5218976942485931
1271,42.38666666666667,tracked,0,1,0.21846321210004638,0.7519777095124677,-0.4948681675810559,-0.09872441498138967,-0.13719972564429633,-0.061626093217500434,-0.20245312540846475,-1.4986560889400324,0.5229385988003944
1272,42.42,tracked,0,1,0.17113871815818593,0.7650533398832633,-0.49496278193625276,-0.09926944140249727,-0.13826331095862465,-0.06385196728295642,-0.2088750295074361,-1.4947681028832,0.523411234743466
1273,42.45333333333333,tracked,0,1,0.18059598115702322,0.7607260911060246,-0.4944892961132905,-0.09939783725323115,-0.13809828513710576,-0.062283880754693925,-0.20647537691005324,-1.4959342001100546,0.5229442899382751
1274,42.48666666666667,tracked,0,1,0.23015497713716979,0.7622711286732942,-0.4948418119609301,-0.09957912034440763,-0.13817336599710828,-0.06516817951938286,-0.20678044095883427,-1.4947540447992076,0.5233319206242949
1275,42.52,missing_tag,0,0,,,,,,,,,
1276,42.553333333333335,missing_tag,0,0,,,,,,,,,
1277,42.586666666666666,missing_tag,0,0,,,,,,,,,
1278,42.620000000000005,missing_tag,0,0,,,,,,,,,
1279,42.653333333333336,missing_tag,0,0,,,,,,,,,
1280,42.68666666666667,missing_tag,0,0,,,,,,,,,
1281,42.720000000000006,missing_tag,0,0,,,,,,,,,
1282,42.75333333333334,missing_tag,0,0,,,,,,,,,
1283,42.78666666666667,missing_tag,0,0,,,,,,,,,
1284,42.82,tracked,0,1,0.21135256309157663,0.7724303353914088,-0.49419769143058845,-0.09930199488113323,-0.13812712233052699,-0.06264339619077278,-0.2094549826329921,-1.4952543813945378,0.5226579630370211
1285,42.85333333333334,tracked,0,1,0.21295224865152462,0.7576459857409025,-0.4941749888642261,-0.09978562250845152,-0.13802797529874172,-0.0631845897952702,-0.2086173497026197,-1.4954409160229158,0.5227024125096681
1286,42.88666666666667,tracked,0,1,0.18413347935383714,0.7686143989772742,-0.49426029726195303,-0.09980976113237405,-0.13827131610546844,-0.0639356382154687,-0.20999500695839793,-1.4942574868010918,0.5228519740082408
1287,42.92,tracked,0,1,0.21836894368799012,0.7630583560643244,-0.49373868622565964,-0.09993923745993527,-0.1389050483447648,-0.0648594541304797,-0.21218243742311246,-1.4914722312651445,0.5225517715170193
1288,42.95333333333333,tracked,0,1,0.1262578678359816,0.777611255521146,-0.4938553569332382,-0.09987780038654098,-0.13817399297998423,-0.06474962787312219,-0.20930870457568654,-1.4900836069147179,0.5224564488239595
1289,42.98666666666667,tracked,0,1,0.2332080157176577,0.7686161830754841,-0.4932868877489871,-0.09947525779489574,-0.13838363293953393,-0.0664902906266132,-0.20785783043582262,-1.4899310710162688,0.5218977968951263
1290,43.02,tracked,0,1,0.2448204969919007,0.7697977394230798,-0.49265277516365424,-0.09915554434111201,-0.1379597998210163,-0.06563497606115204,-0.20884888575572616,-1.4895835544163099,0.5211252106899906
1291,43.053333333333335,tracked,0,1,0.18836276841579766,0.7596443996903534,-0.49291713692580436,-0.09933221699045602,-0.13905707698836262,-0.06336991378833422,-0.20896727179157415,-1.4886403099087409,0.5217001666358931
1292,43.086666666666666,tracked,0,1,0.15837764292045262,0.7669100577314029,-0.49224217381173574,-0.09836089618204907,-0.13780059947732243,-0.06334712515295893,-0.20722012573690557,-1.488093960495002,0.5205441660348796
1293,43.120000000000005,tracked,0,1,0.218634480047091,0.7738943789803364,-0.49100554254343504,-0.09756729770056838,-0.13721259165593447,-0.06254942531666795,-0.2090287617517246,-1.4884924442166518,0.5190694709746496
1294,43.153333333333336,tracked,0,1,0.23643356330981422,0.7772645983272175,-0.4919283586081886,-0.09847186983866152,-0.13788217758841798,-0.06432866369099997,-0.20803789581360116,-1.4885515177871944,0.5202900287810568
1295,43.18666666666667,tracked,0,1,0.18315794571564398,0.7741916671855922,-0.4925119524575473,-0.09909166267303937,-0.13918612592805346,-0.06458362431753907,-0.21173751749928357,-1.4872220697792569,0.521306012410861
1296,43.220000000000006,tracked,0,1,0.20055080490528782,0.7632161020956953,-0.49205223457339586,-0.09793673104338291,-0.1367892015248981,-0.06475818553823372,-0.2072088747865247,-1.4908748787247474,0.5200175867121758
1297,43.25333333333334,tracked,0,1,0.20417523064039908,0.7774003519934477,-0.4922056028936418,-0.0982905669755515,-0.13754676282277817,-0.06459496076172906,-0.20841197492499977,-1.4897414172685968,0.5204291527569285
1298,43.28666666666667,tracked,0,1,0.2546915794650179,0.7735845373890611,-0.4927094796191427,-0.0988481178396754,-0.13760615344260735,-0.0653803697476088,-0.20782649714064796,-1.489513047009295,0.5210269044610683
1299,43.32,tracked,0,1,0.17338827053399655,0.7768810742770703,-0.4929988889450775,-0.09863367131098516,-0.13774605141560792,-0.06546595608879811,-0.2089009332540213,-1.488346542893186,0.5212969214353329
1300,43.35333333333334,tracked,0,1,0.1929219825501136,0.7783669067056614,-0.49236637079979584,-0.09815271860294222,-0.1375125216406804,-0.06524455123276576,-0.21052863669754138,-1.489512990496143,0.5205461486474461
1301,43.38666666666667,tracked,0,1,0.21679839375935572,0.7783156419774196,-0.49295806068609604,-0.09862020684080053,-0.13850515031643879,-0.06613333948963998,-0.2096374803314298,-1.4877134105157388,0.5214568740144273
1302,43.42,tracked,0,1,0.17897630989708518,0.7796343225339712,-0.4924519067996278,-0.09820524679032488,-0.1380159509909777,-0.06566128295551737,-0.20747367479070608,-1.4905315201798375,0.5207701544210093
1303,43.45333333333333,tracked,0,1,0.16261878884792189,0.7782702733039487,-0.4929118535279575,-0.09881268344770594,-0.13913043349659449,-0.06697982017499311,-0.21196465121268193,-1.4888265950534885,0.5216160650166495
1304,43.48666666666667,tracked,0,1,0.2112325992870538,0.776385602079805,-0.49209930404609853,-0.09823212025325373,-0.1378425268493058,-0.06491823624186545,-0.20943435564516635,-1.4893203933528567,0.5203958461597343
1305,43.52,tracked,0,1,0.2370068321274863,0.7811785898774803,-0.49175895793735475,-0.09810599511789142,-0.1384300368983643,-0.06235056598024584,-0.21260046662095375,-1.4885196547651172,0.520206241893912
1306,43.553333333333335,tracked,0,1,0.18825750508138606,0.7793245930295791,-0.4929570318034404,-0.09858436106946811,-0.1385710207001586,-0.06670451910650815,-0.21081076018726855,-1.4910719974824445,0.5214666233133404
1307,43.586666666666666,tracked,0,1,0.2439995739947096,0.7803008630507311,-0.4934451511835748,-0.09870953808865618,-0.1379125509569455,-0.06815793298338788,-0.20940958233455417,-1.4902688461676843,0.5217773105911265
1308,43.620000000000005,tracked,0,1,0.22860986828233923,0.7887447468560278,-0.49189302588418826,-0.09700072138115884,-0.1362657808309255,-0.06552418547669797,-0.20838936283032614,-1.4903550975820439,0.5195538969995603
1309,43.653333333333336,tracked,0,1,0.17258084588004463,0.7754491357897304,-0.49439033318693715,-0.0982352982068806,-0.13689594642154995,-0.07313178028076961,-0.20892190742390843,-1.4893540354794776,0.5223145369498511
1310,43.68666666666667,tracked,0,1,0.17190421031036854,0.7785901529416973,-0.4922324478981695,-0.09745822703015461,-0.13703234145652415,-0.06476909089109396,-0.20956160467631735,-1.4930365438564768,0.5201622356387887
1311,43.720000000000006,tracked,0,1,0.23633171468001735,0.781490830258453,-0.49417037000207664,-0.09905559510926637,-0.1378959033018628,-0.07117477764143139,-0.21137182111179187,-1.4886219326844654,0.5225243014998221
1312,43.75333333333334,tracked,0,1,0.13085319764580122,0.7729508567497583,-0.49533368873762035,-0.09930311673604447,-0.13754425650930036,-0.07354139931567885,-0.21051466389652254,-1.4890920896942301,0.5235790243035013
1313,43.78666666666667,tracked,0,1,0.29236079745366256,0.7744007922564229,-0.4947779604949261,-0.0994912157591249,-0.13716317744780587,-0.07189925051565037,-0.2079813806038466,-1.4912713261147548,0.5229889764156848
1314,43.82,tracked,0,1,0.2681885035057985,0.788003436338502,-0.4924414580070009,-0.09664097936708138,-0.13668257741209017,-0.06457922946865731,-0.20995658211422577,-1.4918906107446557,0.5201155596837125
1315,43.85333333333334,tracked,0,1,0.22668246894867286,0.782892479980736,-0.4936606606458157,-0.09760157473033942,-0.13521018002832275,-0.06904158188558518,-0.20636852829615204,-1.4916037914495197,0.5210649748758754
1316,43.88666666666667,tracked,0,1,0.19628169689961344,0.7811619172664845,-0.493603823093985,-0.09661812789457519,-0.13587369713393732,-0.06691175071450302,-0.20483871271174564,-1.4923008947206604,0.5210004399073915
1317,43.92,tracked,0,1,0.21281888136813482,0.7822954392839379,-0.49422645366045287,-0.09698098371324415,-0.1346732554121987,-0.06829402368382508,-0.2043547848015579,-1.4917295874165217,0.5213463190846326
1318,43.95333333333333,tracked,0,1,0.14423689484851784,0.7770756580657266,-0.49466074630676415,-0.0966519378842921,-0.13482947683376018,-0.06800826183915971,-0.202546055576092,-1.4912852882707917,0.5217373274520613
1319,43.98666666666667,tracked,0,1,0.1802004464166248,0.7737068470228455,-0.4969552557490991,-0.09729790662832388,-0.13463991068844394,-0.07332354804334021,-0.2015694100688279,-1.4932587393717942,0.5239840783851154
1320,44.02,tracked,0,1,0.1428780066990903,0.7633975176474539,-0.49638234805238696,-0.09811066683830866,-0.13540733556240653,-0.07060759712372947,-0.19933273658290587,-1.4935763530255073,0.523790306257732
1321,44.053333333333335,tracked,0,1,0.16194294975223075,0.767558203817507,-0.49658763062499817,-0.09830918471032257,-0.13532559729087273,-0.06931171457020334,-0.19984175622144182,-1.4925369193120988,0.5240009427188937
1322,44.086666666666666,tracked,0,1,0.14746931261462926,0.7664114303612729,-0.4973534076552902,-0.09840096463210302,-0.13459726002995298,-0.07173799893599916,-0.20038299318386904,-1.4920993792641069,0.5245565597287183
1323,44.120000000000005,tracked,0,1,0.19080126490482563,0.7669988461139398,-0.49717499033782747,-0.09845111738248663,-0.13545719342697432,-0.07044401287745555,-0.2026697489319248,-1.4891362432322508,0.5246181895268136
1324,44.153333333333336,tracked,0,1,0.1792207045500108,0.7644208899053135,-0.4976213897891487,-0.09774883724946026,-0.13535953225160746,-0.07013429605881259,-0.20181321654393952,-1.4933294943594775,0.5248848309207261
1325,44.18666666666667,tracked,0,1,0.14352391365959766,0.7624982736053636,-0.4974369621872376,-0.09771205046760323,-0.13489847604725036,-0.0707606153688174,-0.20034613271739435,-1.4932782451358455,0.524584383103921
1326,44.220000000000006,tracked,0,1,0.1760106348688615,0.7633514779505544,-0.4980282855364904,-0.09754510928051707,-0.13511453986725047,-0.0711407464276755,-0.2018913291374312,-1.4925717669027176,0.5251696491825312
1327,44.25333333333334,tracked,0,1,0.15717693371863797,0.7607777281793187,-0.4979556787918086,-0.09797879422234201,-0.1346763374684528,-0.0734437356003416,-0.19876554638078148,-1.4923280732353172,0.525068965024778
1328,44.28666666666667,tracked,0,1,0.15528156329536133,0.7514632755179329,-0.4981154458706726,-0.0974640128634493,-0.13427055140500427,-0.07261672590580089,-0.1998539305553238,-1.4915165916399922,0.5250207731061596
1329,44.32,tracked,0,1,0.18808305391190222,0.7586673959473296,-0.4975393922821209,-0.09728828422546754,-0.13411310641601126,-0.07183316684498384,-0.19880273772583706,-1.4935092261785496,0.5244013562459101
1330,44.35333333333334,tracked,0,1,0.16896205564299466,0.7618004758282686,-0.49736591918947126,-0.096884260150634,-0.1329452512757326,-0.06828734025129257,-0.19912264911397784,-1.4934076401039384,0.5238643500686901
1331,44.38666666666667,tracked,0,1,0.21392378884790655,0.761788808179012,-0.49801482879644554,-0.09682641165526878,-0.1334419392564773,-0.06825333335001511,-0.19781935013340424,-1.4929359717113895,0.5245959157749114
1332,44.42,tracked,0,1,0.1796608668924524,0.7598518577270432,-0.4979790289214744,-0.09624763666276293,-0.13269827620346764,-0.06960612324507798,-0.19498859897897028,-1.494578251579388,0.5242666814857813
1333,44.45333333333333,tracked,0,1,0.16892303713036122,0.7592617120752612,-0.49842863161598017,-0.0942188092305773,-0.13090319743579953,-0.07152727966712133,-0.193948480385734,-1.4950050652975757,0.5238739656886209
1334,44.48666666666667,tracked,0,1,0.19110183783648857,0.7629798089462856,-0.49753930281892284,-0.09402533319293593,-0.1307669649898922,-0.06944107749216953,-0.1948055879301929,-1.4943279422759177,0.5229590043820358
1335,44.52,tracked,0,1,0.15287385106492354,0.757314694463414,-0.49903125924264846,-0.0958470134447334,-0.13071018736589496,-0.07293087829466746,-0.19381713779440024,-1.4942815755115977,0.5246941973843485
1336,44.553333333333335,tracked,0,1,0.1585979980868562,0.7515313458278381,-0.5006472790054104,-0.09652384329091707,-0.1320021993526585,-0.0750854232369165,-0.1921460199196536,-1.494236624349641,0.5266774448684031
1337,44.586666666666666,tracked,0,1,0.19557191221793832,0.7493385897956077,-0.5005574176145322,-0.09636264219821022,-0.13237867162224637,-0.07433600694556664,-0.1946343409875612,-1.4951222838038245,0.526657003979649
1338,44.620000000000005,tracked,0,1,0.17839928508589015,0.7502061184866915,-0.5009555961429146,-0.09635982054496478,-0.1327621751348838,-0.07195692306727165,-0.19656736039145953,-1.4954599077699078,0.5271314062630933
1339,44.653333333333336,tracked,0,1,0.14026780367150346,0.750229465519326,-0.5007776236804764,-0.09581600086705405,-0.13214288733808627,-0.07443014143130694,-0.1954478981576224,-1.4950223299607823,0.5267073922732302
1340,44.68666666666667,tracked,0,1,0.18038291221015915,0.7492371611299977,-0.5000081391267364,-0.09505513184301162,-0.13148382589552438,-0.06962779189302765,-0.19388974628034727,-1.4971910909093766,0.5256725347160518
1341,44.720000000000006,tracked,0,1,0.16551442921514967,0.7517360667993777,-0.4994578859692054,-0.09437963059483406,-0.13033866027670044,-0.07095387802673798,-0.19383836719123904,-1.4964633296486214,0.5247417087394237
1342,44.75333333333334,tracked,0,1,0.21559437811858967,0.7385522922300805,-0.5021027449757242,-0.09515150494676367,-0.13109410983047098,-0.0750971331815826,-0.19175914624433754,-1.4973507627719918,0.5275856717520243
1343,44.78666666666667,tracked,1,1,0.21116250171097492,0.7397163829795173,-0.50106763742762,-0.09803280315031149,-0.16991690606167809,-0.008004130360415935,-0.23290146967542516,-1.4965860997335887,0.5380993985653373
1344,44.82,tracked,0,1,0.2156784834045309,0.7489893383588925,-0.4996069470063416,-0.09374349378224855,-0.129768050174432,-0.07259450922900369,-0.19266089234392003,-1.497077678021944,0.5246281454226163
1345,44.85333333333334,tracked,0,1,0.22623355792039987,0.7474134816456542,-0.4996260541353059,-0.09253087153879219,-0.12872516175981868,-0.07121157417581417,-0.19222328431979074,-1.4979298465777118,0.5241739438665715
1346,44.88666666666667,tracked,0,1,0.17335615558870646,0.7436418417292903,-0.5017219705356157,-0.09392638093974437,-0.12860031101167074,-0.07699073684483122,-0.18976958856623205,-1.4975720016848386,0.5263887733860569
1347,44.92,tracked,1,1,0.19110972858862657,0.7441872167069712,-0.5005857995735965,-0.09398793680132378,-0.16335212582732328,-0.010875340284922583,-0.2214142782502714,-1.5000058038246198,0.5348867095107264
1348,44.95333333333333,tracked,1,1,0.2057031496305088,0.7443611791876662,-0.5003417380971179,-0.09446591156061807,-0.16101399969858493,-0.016268755989562577,-0.22273910866916058,-1.497549259344818,0.5340329310332457
1349,44.98666666666667,tracked,1,1,0.1912487191862666,0.7263747711630266,-0.5033420538435895,-0.0950839582635098,-0.15594908433774446,-0.03106520442854211,-0.21809663508925733,-1.4987401046869713,0.5354570936987583
1350,45.02,tracked,1,1,0.20775371723923086,0.735612725677377,-0.5011619504888267,-0.0961634144711867,-0.1600881663716623,-0.021959884305267723,-0.22700335912914332,-1.4949961151123088,0.5348260688417904
1351,45.053333333333335,tracked,1,1,0.20739283329899355,0.7292519342489692,-0.502482829638545,-0.09614521156160755,-0.16195979183033388,-0.019395106876455032,-0.22355369971601816,-1.496008018624298,0.5366226513645416
1352,45.08666666666667,tracked,0,1,0.16040365497336542,0.7354935749862103,-0.5023020917406329,-0.09362756180016246,-0.12871096017254385,-0.07234147064681683,-0.18910442282048665,-1.4981838008782633,0.5269155747975159
1353,45.120000000000005,tracked,0,1,0.23394014063888047,0.7225024832983489,-0.5034299188944532,-0.09505608393718706,-0.13122470001985675,-0.07335213473944023,-0.19043474784042103,-1.497565501112563,0.5288641264321591
1354,45.153333333333336,tracked,1,1,0.21068631325373763,0.7296199378521365,-0.5030465094017558,-0.09570739175604154,-0.15828285976385298,-0.022888530689180696,-0.2158158724529419,-1.4973556003454467,0.5359749613116817
1355,45.18666666666667,tracked,1,1,0.18639929165017688,0.729408103947467,-0.5030158547443501,-0.09527462706012918,-0.15466446426020458,-0.031265186147989066,-0.2179956462989986,-1.4949941894084553,0.5348114632190786
1356,45.220000000000006,tracked,1,1,0.17339730967751316,0.7189628422658121,-0.5039755066358806,-0.09473366934958061,-0.15018022862662322,-0.037284954877788816,-0.2083738382235119,-1.499961314676716,0.534340603424139
1357,45.255,tracked,1,1,0.19540812776538147,0.7259675763126312,-0.5043125609736865,-0.09529203387539098,-0.15410518691563713,-0.03025575805200997,-0.20986205420204063,-1.4983278704133114,0.5358732494818624
1358,45.288333333333334,tracked,1,1,0.194546355628098,0.7235792412112445,-0.5042566041385048,-0.09456946519220821,-0.15262319779620342,-0.033368202200371094,-0.20810806496196432,-1.498523718685675,0.5352681076522082
1359,45.32166666666667,tracked,1,1,0.20203803243841714,0.7287775601564229,-0.5037019465491188,-0.09346717962199086,-0.15078355773162844,-0.03228400967622691,-0.20315403420877015,-1.500072014014623,0.534029442920583
1360,45.355000000000004,tracked,1,1,0.1706133893152452,0.7253259972398901,-0.5043028392165088,-0.09531626470476834,-0.14653043708699875,-0.046828929918281914,-0.2094127509017677,-1.497125211068214,0.533739367999034
1361,45.388333333333335,tracked,1,1,0.1684979899162514,0.7259759043068814,-0.5036519210918078,-0.09235822650738357,-0.14611702954763123,-0.03809649772099104,-0.19800769877995833,-1.501383991347365,0.5324898928119491
1362,45.42166666666667,tracked,1,1,0.1982525988395236,0.7203940788868171,-0.5044574612617507,-0.09461510843597976,-0.14766357677130326,-0.04026244808418536,-0.20453597059476375,-1.4993462558548245,0.5340729171863122
1363,45.455000000000005,tracked,1,1,0.190546382695323,0.7197689328457144,-0.5048496052967699,-0.09303002096289137,-0.14539132545771144,-0.04110395305020062,-0.19726089666350505,-1.5034523619094793,0.5335413257536951
1364,45.48833333333334,tracked,1,1,0.2515460879352138,0.7190385114935316,-0.5055895509673973,-0.09177915423103195,-0.1444531307957463,-0.04374041457080636,-0.19487249934398368,-1.5021909250024523,0.5337704695798288
1365,45.52166666666667,tracked,1,1,0.15574461796744263,0.7189850976758754,-0.5049355057327342,-0.09294560021193538,-0.14532020811945306,-0.04370861059262425,-0.19984261388667865,-1.501168105000492,0.5335885235237074
1366,45.555,tracked,0,1,0.1881050244581423,0.7192008801480345,-0.5043662607656431,-0.09198571386760335,-0.12869105206246428,-0.06670112699288001,-0.18685868869106326,-1.498497503848874,0.5285906577261777
1367,45.58833333333334,tracked,1,1,0.2203069574733354,0.7186932775570869,-0.5059520431915683,-0.09113830399799477,-0.142561580589032,-0.045804660026551015,-0.19012935352834168,-1.5043334234702066,0.5334955151877067
1368,45.62166666666667,tracked,1,1,0.16679089230006142,0.7172068058881834,-0.5068080982172765,-0.09196507635270357,-0.1414784294092567,-0.05108161599249507,-0.19204179887278217,-1.5030385109493938,0.534161183235249
1369,45.655,tracked,1,1,0.22230661656890274,0.7149637511526471,-0.5040441416139098,-0.0922670306348804,-0.14545654128442126,-0.04518049549029107,-0.19939436625881368,-1.5013304361290258,0.5326643474458448
1370,45.68833333333334,tracked,1,1,0.17496112096877003,0.7163879491992409,-0.5066157698543285,-0.09138942036079728,-0.1414285662383774,-0.04967536291085891,-0.18925927157090883,-1.5046193483915176,0.53386665354489
1371,45.72166666666667,tracked,1,1,0.2191638739837158,0.718010791116074,-0.5081235460444031,-0.09047134623328934,-0.13762992612561675,-0.05708022395109901,-0.18328188027398937,-1.5033874902061066,0.5341503525219703
1372,45.755,tracked,1,1,0.14951266259170806,0.718869329362014,-0.5088528164393175,-0.09033660521007958,-0.13832545648106126,-0.05494580508253333,-0.18190539030631817,-1.5072513860662788,0.5350007691114111
1373,45.788333333333334,tracked,1,1,0.1864844976191644,0.7100467901863571,-0.5098465839350914,-0.0901306521746037,-0.13848959261404103,-0.05651696405087095,-0.17946034988337956,-1.5086781072066608,0.5359537674782263
1374,45.82166666666667,tracked,1,1,0.22893885339388173,0.6953801284849386,-0.5086230468268862,-0.08996838344232982,-0.13783467897507246,-0.05566789245922657,-0.18131838768425151,-1.5080792991610241,0.5345934085927849
1375,45.855000000000004,tracked,1,1,0.20614213095161882,0.7067758736747594,-0.508622112768061,-0.09026563585690844,-0.13577782703233848,-0.05830382207318615,-0.18023557988554811,-1.5089035436373586,0.5341160519277826
1376,45.888333333333335,tracked,1,1,0.10306822642091987,0.7051068483828309,-0.5085159084658246,-0.09020610254670913,-0.1344327964345195,-0.06093621501059367,-0.1795652972035168,-1.5073589842265094,0.5336644515579947
1377,45.92166666666667,tracked,1,1,0.20155859669286358,0.7105472617211174,-0.5075534888108385,-0.08840650783375986,-0.1338723474539063,-0.055773554810870575,-0.17562398979777216,-1.50810112847016,0.5323044805787699
1378,45.955000000000005,tracked,1,1,0.1717493901778303,0.7171093280325523,-0.5083636474043696,-0.089080420692705,-0.1346950292055789,-0.056123811536681494,-0.1742904648617653,-1.5078143903783587,0.5333963537987068
1379,45.98833333333334,tracked,0,1,0.1393363675098685,0.7158952058166557,-0.5075095162869585,-0.08994378474980058,-0.12642504198339694,-0.0688820801672866,-0.180347466254157,-1.5002061520887764,0.5306967917534877
1380,46.02166666666667,tracked,0,1,0.10913624556806124,0.7151127094102411,-0.5060965806738622,-0.09040304018287637,-0.12677672768545734,-0.06373621380686809,-0.18076653680437504,-1.500993723558288,0.5295080710685292
1381,46.055,tracked,1,1,0.2147860117357367,0.7162922539037673,-0.5087124773273354,-0.08765881684323829,-0.13697076783711254,-0.051923283380408074,-0.17760568305804195,-1.5085867605545504,0.5340725081866312
1382,46.08833333333334,tracked,0,1,0.19077836994771852,0.6953781432359203,-0.5082057220850962,-0.09078138318518164,-0.12798144010191081,-0.06585661697818618,-0.18152457271885222,-1.502147342926027,0.5318773961202035
1383,46.12166666666667,tracked,1,1,0.18285133006377338,0.7097607484834185,-0.5087073545700563,-0.08742512654584084,-0.13545621284988196,-0.05362799650118444,-0.1742389081136586,-1.5102577342188117,0.5336428683537838
1384,46.155,tracked,1,1,0.166783500534847,0.7184275211328551,-0.5090111312520419,-0.08783369993527562,-0.13688471550753722,-0.05284696416741467,-0.17645029171624477,-1.5122726277443208,0.5343636551285864
1385,46.18833333333334,tracked,1,1,0.08554098241824783,0.7185921098462802,-0.5091892252867118,-0.08654793284207568,-0.1370958379377329,-0.05028383021763903,-0.1720803221671551,-1.5152575532350367,0.5343776572866491
1386,46.22166666666667,tracked,1,1,0.20726484114679591,0.7171389069477175,-0.5095468895564953,-0.08757343218252628,-0.1369526589864084,-0.055091707304417765,-0.17725921464319486,-1.5107256362525456,0.5348487351432872
1387,46.255,tracked,1,1,0.20079065941564553,0.7194113588694282,-0.5093978861913834,-0.0879118640057387,-0.13530011736586062,-0.057883515494347275,-0.1731564625202068,-1.509257287961278,0.5343414863628209
1388,46.288333333333334,tracked,1,1,0.12371575631589125,0.7183950807934898,-0.5094752498379592,-0.08644726786819684,-0.13664013890558036,-0.051883244714678894,-0.1699204624408831,-1.5141108324490715,0.534517247504197
1389,46.32166666666667,tracked,1,1,0.20591141024801446,0.7008182627421078,-0.5077150749375725,-0.08735985736082291,-0.13705491024181232,-0.049924802292080774,-0.17704845079968742,-1.5115224877373588,0.5330951044779528
1390,46.355000000000004,tracked,1,1,0.15507353952062553,0.7207935802058096,-0.5088746949145689,-0.08690897428868183,-0.1374936513849105,-0.051082769998472013,-0.17601252188769542,-1.5104421295714463,0.5342388315233756
1391,46.388333333333335,tracked,1,1,0.14243925541536842,0.7164263076745544,-0.5075614634843761,-0.08752106905790297,-0.13706863813763265,-0.04728465443367291,-0.1743360345106519,-1.51146697275101,0.5329787878559007
1392,46.42166666666667,tracked,1,1,0.16959352523960877,0.7203622262881586,-0.5080174908406142,-0.08803110353640353,-0.13576511923191104,-0.05198667784454982,-0.17559332215689386,-1.5104750231680923,0.5331635900827114
1393,46.455000000000005,tracked,1,1,0.16647276411367576,0.7153337045045712,-0.5089717188768724,-0.08737934169421951,-0.13696063272164083,-0.051616428047385914,-0.17286578063371028,-1.51074484759513,0.5342710687346878
1394,46.48833333333334,tracked,1,1,0.18728511225575764,0.7156135784918672,-0.5074901087476893,-0.08700857811828444,-0.1353612743456598,-0.05182038304329474,-0.17703466907416482,-1.5096469024945176,0.5323902494743759
1395,46.52166666666667,tracked,1,1,0.20718232398313408,0.7091521904325431,-0.5087492355663852,-0.08677826951825374,-0.13501970530625934,-0.0549537386944834,-0.17139051407287662,-1.5150794359170425,0.5334665627487378
1396,46.555,tracked,1,1,0.27797238346419106,0.6871807990729961,-0.5089909665769783,-0.08777874707074196,-0.13430697762870736,-0.056653357438743224,-0.17358508413512924,-1.5102147231783107,0.533680875368449
1397,46.58833333333334,tracked,1,1,0.13373329508373719,0.7207253819007139,-0.5074581181527582,-0.08592362207340004,-0.13381963549953135,-0.050414756222601095,-0.1697663004360517,-1.5132052579928073,0.5317934799850207
1398,46.62166666666667,tracked,0,1,0.19787409602653505,0.7138778185039388,-0.50710106212799,-0.08940578962720463,-0.12507676410773927,-0.06834832596505067,-0.17630571401051376,-1.5013783053361975,0.5298953475450248
1399,46.655,tracked,1,1,0.18188103092606211,0.7038588482924197,-0.5085957842995504,-0.0884812980236796,-0.13105402264259053,-0.06102884484847084,-0.1689358716062649,-1.5099671064738522,0.5326103348209033
1400,46.68833333333334,tracked,1,1,0.20889513059667525,0.7060754195211085,-0.5080305466508319,-0.08796296759567646,-0.1319938297112666,-0.05853967340062715,-0.1719671859089447,-1.50782721365453,0.5322169586554227
1401,46.72166666666667,tracked,1,1,0.29116083344646726,0.6980348602511396,-0.5072751537811991,-0.08747152899194793,-0.13175368756501077,-0.056197932890494254,-0.17381297193667805,-1.5067963389863293,0.5313552335442899
1402,46.755,tracked,1,1,0.1724476990923746,0.7193157761690377,-0.5074880220644276,-0.08734515926010494,-0.1320316056506205,-0.05665218102582591,-0.1706113696404337,-1.5081393819510869,0.5316066349056593
1403,46.788333333333334,tracked,1,1,0.21672569187466476,0.7068672802666702,-0.509602875967657,-0.08839721098557818,-0.13149024315594804,-0.06484842815514102,-0.16852171066284502,-1.509284180163794,0.5336654777571306
1404,46.82166666666667,tracked,1,1,0.14810572032448363,0.7130789609796334,-0.5101614257717062,-0.08933221587526208,-0.13047208951528572,-0.06787339390236106,-0.1698103511225328,-1.5086258074734347,0.5341047568418477
1405,46.855000000000004,tracked,0,1,0.15521879672208827,0.7133324269231867,-0.5082240117362258,-0.09037906803481793,-0.12508769582866414,-0.06894683470627339,-0.17660899612593414,-1.5014093701004552,0.5311374150743196
1406,46.888333333333335,tracked,1,1,0.20123727319193693,0.6987872822413632,-0.50780222241383,-0.08943032726646405,-0.12882838790003953,-0.06393458858586441,-0.17134955356480228,-1.506085089606042,0.5314674346113172
1407,46.92166666666667,tracked,0,1,0.16750611424627354,0.7100230257666122,-0.5072041586369491,-0.09040813012398502,-0.1251687454508229,-0.06334515290757858,-0.17639242469601213,-1.5032510397592593,0.5301857253537328
1408,46.955000000000005,tracked,1,1,0.23252535507966926,0.7031530224018052,-0.5089964579731021,-0.08989325220697536,-0.13133620714488325,-0.06413661886848687,-0.17322130485601625,-1.5069277307396656,0.5332985939684395
1409,46.98833333333334,tracked,0,1,0.1655318821595815,0.7000893921438058,-0.5085627074862639,-0.0908896152147145,-0.12628887911388686,-0.06606634582189085,-0.1775208694959196,-1.4990165308034373,0.5318325211826369
1410,47.02166666666667,tracked,1,1,0.1803815692265904,0.715281769186113,-0.509152238185014,-0.08771796452700759,-0.1317903243463403,-0.0576679604652344,-0.16792847948189948,-1.509862648178456,0.5331970860206235
1411,47.055,tracked,0,1,0.13684350469094123,0.7175276592534076,-0.5068536199228358,-0.08975896851835896,-0.1253676949374481,-0.0632516191471616,-0.17586657277475357,-1.5007302412405328,0.529787054760959
1412,47.08833333333334,tracked,1,1,0.11877798666640263,0.7078395795812356,-0.5078487291484106,-0.08612816704998416,-0.12975734918053333,-0.05762465167760163,-0.16293747309804715,-1.5128178910284218,0.5311923968990939
1413,47.12166666666667,tracked,1,1,0.145979084648098,0.6988911697967986,-0.509117052582456,-0.08884702757370849,-0.13194586617655107,-0.06269281917406609,-0.17124371908558536,-1.5085588343672733,0.5333888629696076
1414,47.155,tracked,1,1,0.18772317706657338,0.698189658577322,-0.5100310941949384,-0.09088920948855017,-0.1342186141824579,-0.06136137900984131,-0.17778946916066912,-1.5081080660674442,0.5351702550032086
1415,47.18833333333334,tracked,1,1,0.21861284097266803,0.7085619354120403,-0.5115449690243253,-0.0881512391657453,-0.13324278105351417,-0.06221970215967309,-0.1652772051533946,-1.5113653151952409,0.5359128054109447
1416,47.22166666666667,tracked,1,1,0.20603506973663674,0.7165921235740668,-0.5102144074169228,-0.0878815741640272,-0.13239091296544447,-0.06074807364347808,-0.16696449140701947,-1.510118763728924,0.5343868135060716
1417,47.255,tracked,1,1,0.13087767920682541,0.7124700339900147,-0.5092194569677642,-0.08667640585611919,-0.1330745611560858,-0.05482786127099675,-0.16221293074749166,-1.5163491891195422,0.5334098738433365
1418,47.288333333333334,tracked,1,1,0.14813089955253508,0.7081046960996269,-0.5092946390472453,-0.08952949441531804,-0.13046634237614052,-0.06506612594121469,-0.17235542430435144,-1.5099032036301512,0.5333085656780084
1419,47.32166666666667,tracked,1,1,0.18625568073878682,0.6905929039328591,-0.509104725245342,-0.08843614678044309,-0.1337641940886235,-0.05678122640432645,-0.17598120081075944,-1.5077110849973574,0.5337615881127886
1420,47.355000000000004,tracked,0,1,0.18230328635993706,0.7053553621744262,-0.5071234068423531,-0.09069677237962587,-0.12564493492606665,-0.06130574039887579,-0.17433490006567684,-1.4997558968256623,0.5302704064532096
1421,47.388333333333335,tracked,1,1,0.17668776862784558,0.7171583894118072,-0.5106143993501853,-0.08963727160114382,-0.13015986915617073,-0.06624144537630894,-0.1686083626295289,-1.5042732145290914,0.5345123916455063
1422,47.42166666666667,tracked,1,1,0.18034877997521556,0.7082531289585005,-0.5105734606783072,-0.08641588623785101,-0.13327049894393117,-0.05601289355335632,-0.1616145998285137,-1.5144417788835756,0.5347092574774263
1423,47.455000000000005,tracked,1,1,0.17977472924502894,0.7043421878132211,-0.5112936022058066,-0.08889604595150119,-0.13095087672821443,-0.06631034145422043,-0.1642847017224726,-1.5106189486817023,0.5352305921360334
1424,47.48833333333334,tracked,1,1,0.18350133392497708,0.706555566513196,-0.5126591152485542,-0.088241035425558,-0.13401332894338086,-0.06046068292351887,-0.16359867430286953,-1.5100001434109,0.5371828563114164
1425,47.52166666666667,tracked,1,1,0.13655493368827282,0.7055258546902807,-0.5109244678284238,-0.08815805908840524,-0.13460511400898295,-0.055552040834480614,-0.16643793407600288,-1.512579875284633,0.5356623861401546
1426,47.555,tracked,1,1,0.13522090079179877,0.70777985250701,-0.5137668389450063,-0.0900621914670337,-0.13288579497436787,-0.06812123688402688,-0.16819388099973367,-1.5083411581589927,0.5382622015684906
1427,47.58833333333334,tracked,1,1,0.13000865674785858,0.7161587975738329,-0.5107565438838376,-0.08903183795986114,-0.13241262203384324,-0.05929940560083215,-0.1686940618851882,-1.5082114041160382,0.5351000072552334
1428,47.62166666666667,tracked,1,1,0.26068616361372904,0.7098230750057777,-0.5104230929424596,-0.08945836761271736,-0.13149550417837536,-0.06427763979016213,-0.16758489052844344,-1.5082982302298666,0.5346265995664674
1429,47.655,tracked,1,1,0.17107439545396558,0.7144182886915178,-0.512208648652747,-0.08682025923095715,-0.1341215461357641,-0.05920170765117426,-0.16260784304864753,-1.5118636478304694,0.5365482702473764
1430,47.68833333333334,tracked,1,1,0.23513642687931027,0.7130473131297251,-0.5101766403997855,-0.0884648856232062,-0.1321600145897603,-0.05996883642899421,-0.16554799139882354,-1.508854571645852,0.5343898481954018
1431,47.72166666666667,tracked,1,1,0.21019626506019726,0.7015953109076649,-0.5098231615637693,-0.08882305077899832,-0.13040962439232984,-0.06482213379998827,-0.1633850554601927,-1.507770077066441,0.533681422339877
1432,47.755,tracked,1,1,0.19890114249127436,0.683708353135322,-0.510212947099149,-0.08665712628073152,-0.1332600689988871,-0.05555112765307262,-0.16763099975829215,-1.5110012944450144,0.5344014922438202
1433,47.788333333333334,tracked,1,1,0.12235091625083824,0.7174625255899998,-0.5112393099200356,-0.08736622334828364,-0.1307408090040756,-0.06339630436768431,-0.16400355904716218,-1.5116594066956144,0.5348753575635137
1434,47.82166666666667,tracked,1,1,0.21258310364236674,0.7104330082579103,-0.5107138488462638,-0.08916482523332842,-0.13442868468091557,-0.05989102717748637,-0.17342680919676529,-1.507091799659724,0.535583861526181
1435,47.855000000000004,tracked,1,1,0.09596488891527696,0.7155583468364602,-0.5099904260276773,-0.0882114972743474,-0.13199126442101056,-0.06150768190618308,-0.1671625102472381,-1.5108667840934502,0.534128445951656
1436,47.888333333333335,tracked,1,1,0.15858440722797462,0.7151274382717806,-0.5105506621536795,-0.08969975127968399,-0.1315267889588777,-0.0641791044592878,-0.16891150020737342,-1.5065482175801266,0.5347965222577937
1437,47.92166666666667,tracked,1,1,0.17796885259528858,0.7142275663266544,-0.5109806575468723,-0.08706045283260067,-0.13054564906310867,-0.06414189445132941,-0.16393855971995744,-1.511901661725361,0.5345305616368066
1438,47.955000000000005,tracked,1,1,0.24060828497660217,0.7126042994448194,-0.5099112387297308,-0.08703164540615921,-0.1304155578905683,-0.06314173766328587,-0.16450872055315366,-1.511432320920457,0.5334718328317813
1439,47.98833333333334,tracked,1,1,0.23740125753235536,0.7023105848010587,-0.5096459419235442,-0.08654502453062435,-0.1300588915735315,-0.06285045756800052,-0.16292581618796664,-1.5119272838117304,0.5330519136702152
1440,48.02166666666667,tracked,1,1,0.1786406170711425,0.7145913088851642,-0.5122176935025531,-0.08694067851739012,-0.1328736680448227,-0.06009783211258212,-0.16276782715568716,-1.5124952176182531,0.536265847111137
1441,48.055,tracked,1,1,0.2878905390397559,0.6998709803621393,-0.5120457043800337,-0.0891013005499291,-0.13249762508039914,-0.06779736549475333,-0.1696982277669118,-1.509273517279622,0.5363631845920073
1442,48.08833333333334,tracked,1,1,0.09458279404842097,0.7085302614092932,-0.5104906668864129,-0.08811924055502901,-0.12964847552668857,-0.0648067972605644,-0.16126406623822137,-1.510479835542214,0.5340172738222275
1443,48.12166666666667,tracked,1,1,0.14355225602839985,0.7131821818344259,-0.5104227426652896,-0.08813934235261639,-0.13287853173483644,-0.0609760471560095,-0.16601759334315236,-1.5130648750162239,0.534749122576479
1444,48.155,tracked,0,1,0.19073131018194667,0.7187393479466387,-0.5073084460219752,-0.09064085205976347,-0.12502215084144902,-0.06424651671069406,-0.17723417357544666,-1.499042360768171,0.5302906388654937
1445,48.18833333333334,tracked,1,1,0.19012117704677986,0.7124860148590426,-0.510283527468604,-0.08790871730268046,-0.13229142161258212,-0.05905638468938976,-0.16521730368784165,-1.5091702795365445,0.5344326348716759
1446,48.22166666666667,tracked,0,1,0.21674675576024624,0.6912270155120263,-0.5069580657800024,-0.0900013045131256,-0.12481777851704157,-0.06171718285144809,-0.17598321706909126,-1.5029340977666008,0.5297982569878792
1447,48.255,tracked,1,1,0.22242965029959771,0.7075052343716866,-0.5119955651879444,-0.08753717505824787,-0.13174117660566975,-0.06225220778142461,-0.16215381225203246,-1.5131044501238082,0.5358712097162407
1448,48.288333333333334,tracked,1,1,0.20485103185011333,0.7124032351402504,-0.5096769037440356,-0.08697047619517245,-0.12949930942468002,-0.0626630094173887,-0.16269704616276812,-1.511874505428517,0.5330145223923932
1449,48.32166666666667,tracked,1,1,0.2546295444919888,0.7036000858376836,-0.5095668572162857,-0.08700476353363557,-0.1314832808111323,-0.05846609049547791,-0.16764581385840177,-1.5111509792198028,0.5334004724254426
1450,48.355000000000004,tracked,1,1,0.20839005641934646,0.7035678859536146,-0.5101220241497311,-0.08608467154726951,-0.1298624436682964,-0.06136285716415001,-0.16468535721443894,-1.5102767971669564,0.5333847621309795
1451,48.388333333333335,tracked,1,1,0.19153335584429856,0.7036533037047953,-0.509053696346325,-0.08664319438266749,-0.12910146889523327,-0.062426409778204545,-0.1603282768934746,-1.5125740850286546,0.5322686334620856
1452,48.42166666666667,tracked,1,1,0.2653850161965549,0.7083859410944657,-0.5121467458190414,-0.08600814670718598,-0.13121062854993282,-0.06196908584303117,-0.1558339098567482,-1.514033269088408,0.5356378623636562
1453,48.455000000000005,tracked,1,1,0.15459838362147268,0.7166508989414317,-0.5096733172373956,-0.08704999256934581,-0.13076491464476014,-0.06294728924545968,-0.16675432174068586,-1.5100551480872628,0.5333329676779277
1454,48.48833333333334,tracked,1,1,0.19344950192974117,0.7043753685068688,-0.5115001584370619,-0.08655271107746393,-0.1305420561143445,-0.06440389914312121,-0.16158346033114038,-1.5078889332197138,0.5349439337823721
1455,48.52166666666667,tracked,0,1,0.17348708020151818,0.7023220019552564,-0.5083436189480801,-0.08887504517948436,-0.12427914763041426,-0.06390725583014725,-0.17411217143941463,-1.500664944348598,0.5308081716746913
1456,48.555,tracked,1,1,0.13415783749253707,0.6995788153231046,-0.5082798674843978,-0.08447884955372342,-0.13031007956661333,-0.0569577197472828,-0.15464985908727139,-1.513498566161087,0.5314751325777479
1457,48.58833333333334,tracked,0,1,0.18008668273300085,0.7176175612778519,-0.5051117290388241,-0.08745456445516725,-0.12220053622650007,-0.05981857581243474,-0.16947417708916268,-1.503611821312964,0.5269906362647041
1458,48.62166666666667,tracked,1,1,0.18007466446404027,0.7150776761105768,-0.5082422797752817,-0.08302489145664421,-0.12493002331050784,-0.06335617910124991,-0.14834338771484737,-1.5156187605015852,0.5299158973619562
1459,48.655,tracked,1,1,0.14251284432000874,0.712710461483782,-0.5089516036553324,-0.08424968587981291,-0.1272961828693513,-0.0667516537570366,-0.14851123780804934,-1.5183199216302066,0.5313511669388608
1460,48.68833333333334,tracked,0,1,0.1800586385182012,0.7186730747630197,-0.5052677678146364,-0.08840999445234476,-0.12281078080432323,-0.06725566991186877,-0.16983127181109395,-1.4996791527507314,0.5274413068704579
1461,48.72166666666667,tracked,0,1,0.1563721082712485,0.7172864139668477,-0.5057404301451474,-0.0882494233577234,-0.12379059500668227,-0.06507377694082662,-0.16851643686299536,-1.5033492724299988,0.5280960658994515
1462,48.755,tracked,1,1,0.09508175405943026,0.727487872680296,-0.5095214106237209,-0.08291641883943615,-0.12577587108955718,-0.06469683996617914,-0.14571438939209297,-1.5186878968325161,0.5313254841859932
1463,48.788333333333334,tracked,1,1,0.1336765626094973,0.7290594274517033,-0.5111094081804073,-0.08255525663550298,-0.12364405609533835,-0.06781066374532078,-0.14199974742600618,-1.5179281973004448,0.5322931994083591
1464,48.82166666666667,tracked,1,1,0.18381265356033752,0.7313476235581605,-0.5124727032001388,-0.08533390274365377,-0.12467434650947118,-0.07088903951386649,-0.14982236733078633,-1.5109519073185276,0.5342788028363886
1465,48.855000000000004,tracked,1,1,0.151279250243667,0.7315526220090807,-0.5112302030926548,-0.08427383578775871,-0.12728651380703304,-0.06139775389840441,-0.1538075377045963,-1.515762602804445,0.5335356188200439
1466,48.89,tracked,1,1,0.16589087947347828,0.7233095646035678,-0.5128730101431576,-0.08332763331994983,-0.1288197086655919,-0.056686291336293444,-0.1508649677190654,-1.5178654335792983,0.5353286246304183
1467,48.92333333333334,tracked,1,1,0.16981981075702188,0.7314487607077739,-0.5130951346096547,-0.08153214490908206,-0.12585854389911705,-0.06011999379472459,-0.14003306011386,-1.5178385447329146,0.5345600816428226
1468,48.95666666666667,tracked,1,1,0.10365075860179862,0.7235820473128911,-0.5124884957114267,-0.08241808881414689,-0.12600444463865507,-0.06033498413519013,-0.14172517672252408,-1.5208844466198477,0.5341482188204258
1469,48.99,tracked,1,1,0.16915971345190034,0.7135459544606688,-0.5123041488973579,-0.08158705516161169,-0.12787208482271561,-0.05535374041399293,-0.14469568546917966,-1.5179712970157653,0.5342876178841298
1470,49.02333333333333,tracked,1,1,0.1445077711353828,0.7183675741039298,-0.5142604430430264,-0.08258856755428223,-0.12571897509621083,-0.06432977018193699,-0.14426182203496984,-1.5164241684294206,0.5358077411429586
1471,49.05666666666667,tracked,1,1,0.15286289534083758,0.7210930068007726,-0.5128128728547313,-0.08151537268235257,-0.12675909176115502,-0.05990701482444734,-0.1433446848783932,-1.5188700168692972,0.5344994535948363
1472,49.09,tracked,1,1,0.2087317618222582,0.7200364985987141,-0.514901881716356,-0.08073116206950381,-0.12634371440077397,-0.06313370227202071,-0.14031506013076928,-1.5207058494990433,0.5362874252606722
1473,49.123333333333335,tracked,1,1,0.15835756074428786,0.7144532071844478,-0.5159686101433852,-0.08141791965805276,-0.12633535714403693,-0.06854834126272374,-0.1377280431313661,-1.5232814333821239,0.5374133481403799
1474,49.156666666666666,tracked,1,1,0.17993442993497633,0.7169781525642486,-0.5129537264522552,-0.07815940787385692,-0.1277753498155601,-0.05138650159702591,-0.13467313521085358,-1.5235512143055778,0.5343752974651204
1475,49.190000000000005,tracked,1,1,0.14179816118413643,0.7180343191159753,-0.5150841031042839,-0.07943474862510366,-0.13020875530329612,-0.053431106848867205,-0.14048838914104284,-1.5226117977019167,0.5371925469675762
1476,49.223333333333336,tracked,1,1,0.1283938938428079,0.7227232620307908,-0.514525507499356,-0.07897793185484789,-0.13036391560734945,-0.04982565247307662,-0.13857450615982697,-1.5243936899210282,0.5366272095971457
1477,49.25666666666667,tracked,1,1,0.18445353525767344,0.7233010402481364,-0.5157404291908072,-0.07720938452368836,-0.13010510343926235,-0.05152191638495468,-0.1348811919949344,-1.5272550673041976,0.5374726200481155
1478,49.290000000000006,tracked,1,1,0.13684622684180103,0.72883062865042,-0.5134697911489905,-0.07952972580304349,-0.12664221630984435,-0.05809429480492944,-0.13933523514394636,-1.519531226402902,0.534803192455659
1479,49.32333333333334,tracked,1,1,0.1343595767005688,0.7286746376056357,-0.514548877357164,-0.07726619478002208,-0.128729071878113,-0.052415641029008975,-0.13558450023625537,-1.524485027881117,0.5360053973533313
1480,49.35666666666667,tracked,1,1,0.18134249522802035,0.723464640866884,-0.5153481398799213,-0.08003891138042596,-0.12947243975379163,-0.055403624984923794,-0.1396682138815971,-1.5218335304914161,0.5373574650718624
1481,49.39,tracked,1,1,0.18584246219846465,0.7237039125475783,-0.5146517914267811,-0.07883208444419224,-0.12947584556897412,-0.054176572392626195,-0.1389389175877115,-1.52496822124784,0.5365118438044142
1482,49.42333333333334,tracked,1,1,0.1506180476138825,0.7256468753308413,-0.5156095449983775,-0.07926523843210509,-0.12784034422631047,-0.058971756587628994,-0.13719136367194648,-1.5211980495735782,0.5371027225112845
1483,49.45666666666667,tracked,1,1,0.14719080183592245,0.7191719649294412,-0.5162554179802006,-0.07865726375097698,-0.12955914585159306,-0.05427516066661114,-0.13543192069112175,-1.5250337095151516,0.5380447881064333
1484,49.49,tracked,1,1,0.1336336250184998,0.7199287506070331,-0.5167438242559228,-0.07893758114507338,-0.1302651924487735,-0.05415268792391668,-0.13791807743644863,-1.5252864732208116,0.5387247367509562
1485,49.52333333333333,tracked,1,1,0.1855379328271395,0.7228404082024181,-0.5170542198356636,-0.07851240448244648,-0.13052376252225217,-0.05438577781932617,-0.13743635828329534,-1.5265472822946418,0.5390229276111057
1486,49.55666666666667,tracked,1,1,0.15743700143517972,0.7227091457080121,-0.5159832178673669,-0.07998790301496206,-0.12824862436222845,-0.05953468814631288,-0.13825631654462747,-1.5230733931292297,0.5376657469100088
1487,49.59,tracked,1,1,0.1382484611633228,0.7252234457776638,-0.5153168626825358,-0.07772518085387936,-0.1291662860305014,-0.05271853164937516,-0.1326860717032497,-1.5256021742489443,0.5369139615903586
1488,49.623333333333335,tracked,1,1,0.13243987662998985,0.7040468905534027,-0.5157549177575916,-0.07722770923100841,-0.12870874432333057,-0.05201701282265192,-0.12938314911494964,-1.5274022722971623,0.5371528601147888
1489,49.65666666666667,tracked,1,1,0.10861990024671717,0.7216131635631924,-0.5166331456319813,-0.0786529739775425,-0.1314268574311837,-0.051300344737890725,-0.13724353192793645,-1.5265737902156795,0.5388590876429057
1490,49.690000000000005,tracked,1,1,0.15331109863407721,0.722279281793901,-0.5171043416374428,-0.07803418861470546,-0.1292634389261867,-0.056925809235863656,-0.13280973302733182,-1.527136175919786,0.5386977551244042
1491,49.723333333333336,tracked,1,1,0.1440839859024527,0.7211184554169796,-0.5148438358670149,-0.07851937562285849,-0.130665787038155,-0.0513727072363253,-0.13872519888791288,-1.5239552338842652,0.5369385584783103
1492,49.75666666666667,tracked,1,1,0.1279406953722235,0.7217304543524008,-0.5156304177953024,-0.0773581976867295,-0.12876402817264065,-0.05252246371446811,-0.13313815229850298,-1.524925830271969,0.5370653530589566
1493,49.790000000000006,tracked,1,1,0.14120390406230354,0.7214146263473736,-0.515570008090799,-0.0788612840890123,-0.12898025068135172,-0.05597389601133072,-0.13710997063705094,-1.523227428441217,0.537277805643169
1494,49.82333333333334,tracked,1,1,0.15235937342624506,0.7145641705700018,-0.5153695259700476,-0.0780139039796062,-0.12795092928643198,-0.055468048894332767,-0.13459906340487832,-1.5248567175434853,0.5367153415153999
1495,49.85666666666667,tracked,1,1,0.18157808883727625,0.7211158650333857,-0.5157991436676368,-0.07740439268216337,-0.12849763686221222,-0.05341153895929926,-0.13165252748259298,-1.5277200923643905,0.53717021445156
1496,49.89,tracked,1,1,0.18925376521262016,0.7230745470650616,-0.5151982300254355,-0.0785125701654755,-0.12566234535139764,-0.06028465670703596,-0.132776710538991,-1.5214931135185665,0.5360825169081195
1497,49.92333333333334,tracked,1,1,0.16622561374188707,0.7195789707864624,-0.5154358598259902,-0.07860834579620093,-0.1289133187972294,-0.05636554896262778,-0.1341493171572257,-1.5253506282522018,0.5370959331317721
1498,49.95666666666667,tracked,1,1,0.17783021635130344,0.7161641577362007,-0.5174174279030046,-0.08091750027615657,-0.12739446924030218,-0.06320081304478335,-0.13664023946579798,-1.5215471462841663,0.5389784664916781
1499,49.99,tracked,1,1,0.15866823487210643,0.7091360059326987,-0.5174205507699974,-0.07959640657126865,-0.1299835489794885,-0.05623762202689479,-0.13613902980393555,-1.524747696352344,0.5394027598219063
1500,50.02333333333333,tracked,1,1,0.17163357534983598,0.7099572738890094,-0.5174404573844297,-0.08006139496687872,-0.13097211666770847,-0.05667357965622389,-0.13872985264145188,-1.5218269972757077,0.5397297001709932
1501,50.05666666666667,tracked,1,1,0.18480319092408104,0.690018836845222,-0.5182450008517774,-0.07864704207936063,-0.1312387924286637,-0.05346237031361546,-0.13354101111285424,-1.5239412124445968,0.5403580838423955
1502,50.09,tracked,1,1,0.16791280500186861,0.7170203188941333,-0.515849172875728,-0.07848490943713601,-0.1297440409036803,-0.04870942872960692,-0.13378623191269498,-1.5232038025589671,0.5376744054871349
1503,50.123333333333335,tracked,1,1,0.1589315582911191,0.7121221478724744,-0.5183455199107367,-0.07917165153801795,-0.1295472986308957,-0.056331394718020913,-0.13113604046474198,-1.5241426337390347,0.5401228850931534
1504,50.15666666666667,tracked,1,1,0.14240251460934858,0.7034838900353049,-0.5182950941670214,-0.07863106151418137,-0.1304103417106925,-0.05341693675668276,-0.13010828457534007,-1.5251886333795313,0.5402032077816163
1505,50.190000000000005,tracked,1,1,0.1712107364150916,0.703699762878838,-0.5167164534875518,-0.07963662393005305,-0.12909608468991934,-0.05615693863905616,-0.1305442583971665,-1.5253888194976257,0.5385199014502592
1506,50.223333333333336,tracked,1,1,0.14381917575990633,0.7129460130955845,-0.515322676350735,-0.07906694556566743,-0.12915662082578394,-0.05177592101689869,-0.13218390190637047,-1.5243785842497206,0.5371130936269418
1507,50.25666666666667,tracked,1,1,0.1804494644563987,0.7074630795819554,-0.5179103912524056,-0.07844850900807993,-0.13063237087525809,-0.0538821620594417,-0.13148870887769365,-1.5265753023985007,0.5398612398138076
1508,50.290000000000006,tracked,1,1,0.16123282777591003,0.713116627820499,-0.5167492908625798,-0.0769398992514807,-0.1287866121243051,-0.05281590591569188,-0.1265018101973869,-1.5305573211536367,0.5380850947259768
1509,50.32333333333334,tracked,1,1,0.24702542241603864,0.7039741350546178,-0.5166090520534854,-0.07759326896401786,-0.1300509287496559,-0.05195242940247263,-0.13117760790225594,-1.5254475320534606,0.5383482814319845
1510,50.35666666666667,tracked,1,1,0.11079179892884734,0.7126119029836231,-0.5160910092928214,-0.07850551216634807,-0.13019259574662034,-0.04922881829060967,-0.13045635713530632,-1.526805155076741,0.5380178038881488
1511,50.39,tracked,1,1,0.18489508811903252,0.7050036928697384,-0.5172712177195808,-0.07945927156912114,-0.13054792707035767,-0.052884757278718574,-0.13505556465398452,-1.5234677962613026,0.5393756110372073
1512,50.42333333333334,tracked,1,1,0.16623686727127418,0.6991298201543727,-0.5184804534590709,-0.07874641466883195,-0.12984745386922103,-0.05585079958719338,-0.12803074933614417,-1.5247909520890754,0.5402622878923151
1513,50.45666666666667,tracked,1,1,0.18892710933559312,0.7057261700336194,-0.5186747702456176,-0.0792300586764425,-0.13102324007006183,-0.05351966362003862,-0.13266557406695123,-1.5242211965657104,0.5408031147521932
1514,50.49,tracked,1,1,0.15288078319277593,0.7074134487647754,-0.5185390302561694,-0.07783035713625161,-0.12996319760693076,-0.05184692996713083,-0.1259038798016412,-1.527524091621217,0.5402135902799773
1515,50.52333333333333,tracked,1,1,0.18141923062625578,0.7069574933619505,-0.5192885057763039,-0.07849943651923053,-0.1316142745372983,-0.05349506156969857,-0.12843260175610813,-1.5273934693229825,0.5414286943145906
1516,50.55666666666667,tracked,1,1,0.1679788884155077,0.7101674295563299,-0.5180083689775663,-0.07748953971360117,-0.13103751943690156,-0.049536704604834496,-0.12931910191675267,-1.528131817127723,0.5399149290360479
1517,50.59,tracked,1,1,0.1430943150597478,0.7093441524380254,-0.5169221539866102,-0.07923184330373129,-0.13102832903101558,-0.04877023910823068,-0.1337364118234799,-1.5235201825251115,0.5391239387043798
1518,50.623333333333335,tracked,1,1,0.14219997191977252,0.708215030578066,-0.5184960516858703,-0.07868678217861372,-0.1306976588549006,-0.05088550415701758,-0.13036168006269822,-1.5273043093596987,0.5404735362009997
1519,50.65666666666667,tracked,1,1,0.18233886737602992,0.7082626304386024,-0.5193203370071109,-0.07968978519368403,-0.13024441296755046,-0.055591736083880884,-0.13061301578717652,-1.5237799739766793,0.5413018394598863
1520,50.690000000000005,tracked,1,1,0.13120052781454183,0.7067250126005984,-0.5177416932189824,-0.08052031612669136,-0.13100330170252583,-0.05181983363150027,-0.13318772875249676,-1.5226829910113493,0.5400942947887565
1521,50.723333333333336,tracked,1,1,0.1730574030614253,0.7041055369703224,-0.5189653998375077,-0.0793570996893187,-0.13264280258419026,-0.05109925659733335,-0.1327371049998722,-1.5260068539302951,0.541494920176536
1522,50.75666666666667,tracked,1,1,0.1727069780988538,0.7066685972509992,-0.5182165235005006,-0.07923725832563552,-0.1320186617511841,-0.04899172446454082,-0.13037578499324548,-1.5259732939489132,0.5406069139277466
1523,50.790000000000006,tracked,1,1,0.1969657264857593,0.7003729969186958,-0.5186087932645804,-0.07953627633671251,-0.13124934200365596,-0.05394004930613513,-0.13141660928076307,-1.5259356105785744,0.5408396153031385
1524,50.82333333333334,tracked,1,1,0.15913333590293735,0.7107567500510257,-0.5176452008684485,-0.0794194281270097,-0.13099384080803544,-0.05079727930647528,-0.13170662056600707,-1.523411886742008,0.5398364436343646
1525,50.85666666666667,tracked,1,1,0.18217915296354215,0.7106598537041714,-0.5171459144630898,-0.07967981890764306,-0.12716636769581868,-0.05824132171716478,-0.1305904344992279,-1.5234494955493911,0.5384793918619062
1526,50.89,tracked,1,1,0.16219332152774146,0.706183742756462,-0.5170684062869161,-0.07892464134754454,-0.13268364037147684,-0.04710285752194962,-0.13384191517961166,-1.5226813600207312,0.539623743189787
1527,50.92333333333334,tracked,1,1,0.17874769855703027,0.7103783012641895,-0.5176339326673041,-0.07953107756514696,-0.13066183562297246,-0.05092867978906901,-0.13246827248915857,-1.5236174591724487,0.5397616101907
1528,50.95666666666667,tracked,1,1,0.1791770255772726,0.6895720534968235,-0.5180206190424097,-0.07985189581787955,-0.1305310950135875,-0.052482415310365786,-0.12974692795545764,-1.5255363874956218,0.5401481776181765
1529,50.99,tracked,1,1,0.16088428978488065,0.7094021359798609,-0.5177304240353643,-0.07974527212986476,-0.12882428630520526,-0.05755698115101264,-0.1292878149756446,-1.5253484990527573,0.5394439703444184
1530,51.02333333333333,tracked,1,1,0.15504550032165218,0.7109676265792255,-0.5178736702645141,-0.07879821590195465,-0.13080374060184452,-0.05299858035166775,-0.1344919878646394,-1.5234755991948365,0.5399184343380067
1531,51.05666666666667,tracked,1,1,0.17484146385123556,0.7077320664439313,-0.5203953557763326,-0.07932611600826658,-0.13251073529139606,-0.053783413214282455,-0.13069268191992223,-1.5241768251575694,0.5428287519669525
1532,51.09,tracked,1,1,0.12858549848205314,0.706120744949727,-0.5186308228495353,-0.0828612090838674,-0.1308779817109535,-0.06020230058335437,-0.13519072172852659,-1.519152723133719,0.5412697631284784
1533,51.123333333333335,tracked,1,1,0.15031843060044048,0.709239843303457,-0.5185747200586821,-0.07947339525103339,-0.1322494949070137,-0.051267031252460266,-0.13266783452766143,-1.5238088008092365,0.5410413013253496
1534,51.15666666666667,tracked,1,1,0.1289789668764419,0.7093035409970205,-0.5193723154560456,-0.07848086652460459,-0.13167271956955945,-0.05165839412796616,-0.1294632587740545,-1.5257318585548028,0.5415205938387485
1535,51.190000000000005,tracked,1,1,0.15434171779790998,0.7034943027541624,-0.5183607074225376,-0.07977790936207568,-0.13114820006402844,-0.05443214724680147,-0.1336860103326887,-1.5252705932452961,0.5406127895285234
1536,51.223333333333336,tracked,1,1,0.1586589015185801,0.7098489356683231,-0.5176821609674349,-0.08063671889475083,-0.12945445564200103,-0.05588055901892139,-0.1329168495213789,-1.5205032152902758,0.5396809764143916
1537,51.25666666666667,tracked,1,1,0.12640459315434968,0.710640847774185,-0.5180428010416177,-0.07841231328792864,-0.1315272524228036,-0.04820034760494456,-0.1291879488009561,-1.5266680778694937,0.5402001968863963
1538,51.290000000000006,tracked,1,1,0.12166564241670105,0.7071213709466121,-0.5189169811038481,-0.07922676591655975,-0.1318075560942163,-0.05192302538110629,-0.13038404525360306,-1.5258346790244073,0.5412254110433644
1539,51.32333333333334,tracked,1,1,0.1459887733719824,0.7113907284527725,-0.5178771133292163,-0.0801756922827638,-0.13148932795321683,-0.05180655541593261,-0.13417856721992744,-1.5228331177706402,0.5402909304336053
1540,51.35666666666667,tracked,1,1,0.15887760223296726,0.7133091947704551,-0.5176295708575848,-0.07779818285620854,-0.13174647571510562,-0.045351222580165516,-0.12639283622550213,-1.5259442400290961,0.5397685279314517
1541,51.39,tracked,1,1,0.16969660579423226,0.7117335788705004,-0.5183312576374628,-0.07940669191507418,-0.1327783390073839,-0.047778714011334454,-0.13390559416474127,-1.5235567364377682,0.5409277240764141
1542,51.42333333333334,tracked,1,1,0.18795558386202696,0.7097624564705056,-0.5181775589789479,-0.07997886760597753,-0.13211182345439354,-0.051207256646490645,-0.13534667495788716,-1.5229515318551379,0.5407015219040541
1543,51.45666666666667,tracked,1,1,0.17596824111306186,0.703701569723427,-0.5179184871805137,-0.0788443236621997,-0.1328129777436181,-0.04671679834642883,-0.13197175846032674,-1.524355526362207,0.5404583922877213
1544,51.49,tracked,1,1,0.17094578852100095,0.7078685229775179,-0.5176068603840165,-0.0793099296995382,-0.13130516005762233,-0.04953098669015057,-0.13228710960107742,-1.5221550348796489,0.5398592149100562
1545,51.52333333333333,tracked,1,1,0.13816473425054168,0.7097134110837745,-0.5186602693648004,-0.08080762908169012,-0.1319599821941979,-0.055223441212154716,-0.13420798374679532,-1.5221684186445155,0.5412502053912445
1546,51.55666666666667,tracked,1,1,0.1677356743560538,0.7091265655933583,-0.5200917222287613,-0.08033792025180542,-0.1327664209829011,-0.05259563615304096,-0.13373508482888175,-1.5221949347095303,0.5427490244135621
1547,51.59,tracked,1,1,0.22546132535438873,0.7098204895226994,-0.518525486120434,-0.0797437914030946,-0.13034366354354338,-0.05533770982180134,-0.12977132237876937,-1.5249797171924533,0.5405712003517438
1548,51.623333333333335,tracked,1,1,0.17382333592204438,0.7089162373459954,-0.5191289397388913,-0.08076425691521627,-0.1308376241028234,-0.05588647652531273,-0.13399852119114852,-1.5227272330154986,0.5414205437091986
1549,51.65666666666667,tracked,1,1,0.15640662553065532,0.7086699664011766,-0.5186711982539367,-0.08034696953096249,-0.1320052043744327,-0.051142511575502515,-0.13431885247351452,-1.5248640295354292,0.5412031239681823
1550,51.690000000000005,tracked,1,1,0.1381420425570314,0.7101291107480088,-0.5187192089867823,-0.08021371595877255,-0.13048309267130687,-0.054193413822094874,-0.13195837056020865,-1.523082844548225,0.5408601440972117
1551,51.723333333333336,tracked,1,1,0.1846625215253307,0.7041408683679251,-0.5184887156158369,-0.079019451216332,-0.13101427916428926,-0.04953954425028319,-0.12981071179680462,-1.5244267337807482,0.5405916788449752
1552,51.75666666666667,tracked,1,1,0.22787562765765498,0.6997113972105888,-0.5168313432372187,-0.08028258753227621,-0.12959832219191747,-0.05263494758994776,-0.12963586804193974,-1.5226837896418315,0.53884659814109
1553,51.790000000000006,tracked,1,1,0.15981403555377996,0.7055701115639228,-0.5168182038933915,-0.07941860713874813,-0.13145168704393773,-0.04745700649618737,-0.1319516673335776,-1.5238985366547255,0.5391548173411301
1554,51.82333333333334,tracked,1,1,0.22458943530285969,0.7017945692514737,-0.5183042640509993,-0.0796850255686414,-0.13009711795583118,-0.05330490777343608,-0.12879688236573483,-1.5232609317336139,0.5402909156498344
1555,51.85666666666667,tracked,1,1,0.12839209195240292,0.7128887114293592,-0.5183229558886147,-0.08027771276389697,-0.130093177024716,-0.053721536044790415,-0.13278810716853046,-1.5229635468817768,0.5403956258854226
1556,51.89,tracked,1,1,0.14280972384376714,0.7119723619316234,-0.5189698453741703,-0.08023910431289968,-0.1316144391346139,-0.05279625043628643,-0.13399975159313765,-1.523542699435235,0.5413782179376501
1557,51.92333333333334,tracked,1,1,0.18440461335235486,0.7131151123236603,-0.5191543607410678,-0.07999387074433414,-0.13078308928675764,-0.0552944143784319,-0.13221204019483834,-1.5225152652741543,0.5413173616987691
1558,51.95666666666667,tracked,1,1,0.16780331168650572,0.7154698244357532,-0.5164198175472324,-0.07996293339719646,-0.1319742803698271,-0.04817871211851205,-0.13580292924816292,-1.5222347948225332,0.5389811771779558
1559,51.99,tracked,1,1,0.14191059055618843,0.7141878387304115,-0.517930772416552,-0.08104726622537925,-0.12981995509407995,-0.055548732646847856,-0.13424564627590913,-1.520474298353158,0.540068667040815
1560,52.02333333333333,tracked,1,1,0.13724663780649723,0.7014392880050706,-0.5194670121920546,-0.08015393013145405,-0.1326273955757305,-0.05201367391142768,-0.13271939367039987,-1.524904413916976,0.5420891580989786
1561,52.05666666666667,tracked,1,1,0.1316193228086193,0.7032002748470738,-0.5164965529129139,-0.0806538548256531,-0.13152615508256799,-0.04994615194225791,-0.13717018334862538,-1.5215340911971558,0.5390481081869815
1562,52.09,tracked,1,1,0.1442733735367591,0.7109269070744816,-0.5188434487582834,-0.07978006074559327,-0.13185626747819268,-0.05073859419863324,-0.13265057501978256,-1.525584942508909,0.5412480555948821
1563,52.123333333333335,tracked,1,1,0.17835688356319426,0.7063799378779849,-0.5173078188740039,-0.07926316228893618,-0.13184334220927757,-0.04691384071621798,-0.13004043480641214,-1.5240963960734848,0.5396968549557558
1564,52.15666666666667,tracked,1,1,0.1425119601154033,0.7053543194591225,-0.5172684768154288,-0.07998261516673735,-0.13335741207862284,-0.047272097481962996,-0.1350683690861099,-1.524378929731087,0.5401371077718803
1565,52.190000000000005,tracked,1,1,0.19875800653252637,0.7111368842286587,-0.5182316500036506,-0.08126616675615103,-0.1323053860211147,-0.05138965872974468,-0.1374914709357645,-1.5213878319203644,0.5409925582620716
1566,52.223333333333336,tracked,1,1,0.1768164700198591,0.709116434012185,-0.5167983499422644,-0.07979846948160316,-0.1311951137041656,-0.05178010922196003,-0.134836005566286,-1.525137731049005,0.5391293797359799
1567,52.25666666666667,tracked,1,1,0.17284551710581658,0.7053635396494549,-0.5174904182952904,-0.07899646674144234,-0.13195086918944637,-0.04829458972720741,-0.13222684180318325,-1.5281342045639825,0.5398590618531071
1568,52.290000000000006,tracked,1,1,0.16354043662653192,0.6904709476884467,-0.5187435158306919,-0.07928469549126901,-0.13209905430020413,-0.04983543473620638,-0.13137413848777368,-1.5242988767792351,0.5411386682750908
1569,52.32333333333334,tracked,1,1,0.14694573533503036,0.6968396847976233,-0.5181759651312916,-0.07880876627137243,-0.13177792159981394,-0.048364092545501836,-0.13184643329505932,-1.5251140947374129,0.5404466422341137
1570,52.35666666666667,tracked,1,1,0.12853439436630448,0.7103136806972821,-0.5195516337061398,-0.07856512317243136,-0.13167058265005804,-0.051365002057913674,-0.12767687488241908,-1.5259073308981466,0.5417042744904492
1571,52.39,tracked,1,1,0.133927001237046,0.7124778488281907,-0.5169189898316489,-0.07993475673395883,-0.13014313552214246,-0.05378016212525321,-0.13360424907258006,-1.5231860232200056,0.5390102439715077
1572,52.42333333333334,tracked,1,1,0.15115314683008793,0.7074150851906812,-0.5176813321495339,-0.078838131595096,-0.13198145018020407,-0.04802701913887776,-0.13208903894855017,-1.5261777297690542,0.5400264029111831
1573,52.458333333333336,tracked,1,1,0.15015612553165977,0.7012003235953992,-0.5181936412644228,-0.07911608393870104,-0.131848581940661,-0.050415150929266586,-0.13142407983459953,-1.5273246590468768,0.5405257192256814
1574,52.49166666666667,tracked,1,1,0.16247398642960492,0.709735397355572,-0.5183150056158015,-0.07945156102674,-0.13152088825397484,-0.050390488089189396,-0.1334733544805337,-1.5245680612467634,0.5406114497892258
1575,52.525000000000006,tracked,1,1,0.1157788588229945,0.7116708277352269,-0.5196970806922339,-0.07994185823351241,-0.1320130228084414,-0.05178347903429878,-0.13285521750577076,-1.5226747371312086,0.5421283930665126
1576,52.55833333333334,tracked,1,1,0.15770495947321012,0.7033480574794422,-0.5200910316307,-0.07865296121023693,-0.13370648387197936,-0.04663026257553415,-0.1300607017285075,-1.5257965778147717,0.5427323404029215
1577,52.59166666666667,tracked,1,1,0.17898980467624934,0.7114310828106545,-0.51893576187052,-0.07897717411134147,-0.13032850767236565,-0.05218699390281764,-0.12928767631363952,-1.5266156939850892,0.540848628445017
1578,52.625,tracked,1,1,0.17652933376825758,0.7141366699771885,-0.5169404278689298,-0.07875052857256529,-0.13197098847353667,-0.04709750165291239,-0.13512204469662262,-1.5244301020745048,0.5393008376726787
1579,52.65833333333334,tracked,1,1,0.17053324006265877,0.7110614075837255,-0.5191439128589473,-0.07879499106950158,-0.13112302951183952,-0.05183429359487908,-0.12993630321919242,-1.5268974880920159,0.541213730188457
1580,52.69166666666667,tracked,1,1,0.16885615993803563,0.7082882241278137,-0.5182816130078718,-0.07916494571131621,-0.12962901217674516,-0.054935613004163955,-0.12733155604668833,-1.5254300636357099,0.5400801790562544
1581,52.725,tracked,1,1,0.18274401890164396,0.7142670267954572,-0.5164950837996574,-0.07909011374834196,-0.1292278777058123,-0.053810184455353204,-0.13455934177769974,-1.5222402984407262,0.5382585457364232
1582,52.75833333333334,tracked,1,1,0.1437128857702216,0.7092364216386587,-0.519340091103057,-0.07912721877359924,-0.13199095400512134,-0.051363781648718514,-0.12672789021669392,-1.5256077833718618,0.5416612030752791
1583,52.79166666666667,tracked,1,1,0.1490583703798951,0.7088613231622442,-0.5187714343633002,-0.07993015078128574,-0.13156638116795993,-0.052878056499390404,-0.13148080294562334,-1.5247643096315804,0.5411306152574513
1584,52.825,tracked,1,1,0.18936854854870108,0.7088129094860564,-0.5192343058006518,-0.07856239528607104,-0.1316121927868495,-0.051657048729404506,-0.1258808187854342,-1.527930315693387,0.5413853374109171
1585,52.858333333333334,tracked,1,1,0.18268317542477064,0.7109681520314218,-0.5190673233329851,-0.08051197683057165,-0.1305555285016456,-0.05797655047473233,-0.13359469084338066,-1.5237341357768133,0.5412557718746104
1586,52.89166666666667,tracked,1,1,0.13774402858054546,0.7112678871120524,-0.5188781693696746,-0.07992221580244777,-0.13213371093884896,-0.051931568157745175,-0.13456069529334572,-1.5231558885958616,0.5413699592641514
1587,52.925000000000004,tracked,1,1,0.14704888573422625,0.7083249428070063,-0.5199458814971161,-0.08008252300373891,-0.13161217443596124,-0.05469426539534956,-0.13396520545913307,-1.5239543448974089,0.5422902309983274
1588,52.958333333333336,tracked,1,1,0.11669727367022983,0.7115056878163106,-0.5194223635443054,-0.07797320311709849,-0.13230450732265858,-0.04843479099932191,-0.12805071889718875,-1.5273565546986214,0.5416492359564299
1589,52.99166666666667,tracked,1,1,0.18317127919019618,0.7073792052914819,-0.5199272565695356,-0.07804629243080505,-0.13245203713621395,-0.049829718460451464,-0.12859134020908522,-1.5293096889511517,0.5421799683017176
1590,53.025000000000006,tracked,1,1,0.19745646902412745,0.7128756236273208,-0.5184829937221511,-0.07877187562740151,-0.13097558734414932,-0.052419428534208425,-0.13390027746252936,-1.5267021768932012,0.5405406808456584
1591,53.05833333333334,tracked,1,1,0.1353449896520796,0.7094137320450582,-0.5196886253343826,-0.07935788934800231,-0.1307956443738411,-0.055072995691263164,-0.13111136399444367,-1.5265452471524705,0.5417392753815053
1592,53.09166666666667,tracked,1,1,0.14986366945037322,0.7097794944658805,-0.5198523825322809,-0.07777446376913447,-0.13134381465410083,-0.051242201820831355,-0.1264986602649999,-1.527408746156082,0.5417993766025909
1593,53.125,tracked,1,1,0.1742313045984905,0.7092195867862827,-0.5175155378349519,-0.07879878771093024,-0.13116758816989732,-0.04794214635242599,-0.13192618548789004,-1.5264203583563383,0.5396633367495142
1594,53.15833333333334,tracked,1,1,0.16280373583939112,0.7026373560176727,-0.5181075722123984,-0.0790779515101886,-0.13050753847302282,-0.05025693055163242,-0.12873883171163736,-1.5255672695350493,0.5401120220816797
1595,53.19166666666667,tracked,1,1,0.19679198009913543,0.7092677859972447,-0.5185830830046062,-0.07963652645734226,-0.1318675375406574,-0.05199820841779262,-0.13270645896966612,-1.5244453229283297,0.5409800715200052
1596,53.225,tracked,1,1,0.18389220616547078,0.7056214702221482,-0.5196594065232096,-0.07843225324433592,-0.13025858405177881,-0.05240857015353038,-0.1287009900583231,-1.5283392599748262,0.5414469649524434
1597,53.25833333333334,tracked,1,1,0.20872249810480176,0.7096071181966612,-0.5178936515084503,-0.0799973058674869,-0.13053742131154922,-0.05288735471513096,-0.13394236967706824,-1.5236878665861953,0.5400494621620147
1598,53.29166666666667,tracked,1,1,0.19241318048383949,0.7130909685623512,-0.517402556923247,-0.0802419856531717,-0.12903635711834,-0.055207447141051635,-0.13375876398272116,-1.523530193017668,0.5392537098904832
1599,53.325,tracked,1,1,0.18787966041682114,0.7120184056899634,-0.5184226003380445,-0.07819016582829616,-0.1291308505117919,-0.05257973192728475,-0.1287296589698513,-1.528179603362284,0.5399541379852691
1600,53.358333333333334,tracked,1,1,0.1465314204463389,0.7085468819835862,-0.519174921955039,-0.07880236743325902,-0.1299633753010206,-0.053805608976575936,-0.1281529550979942,-1.5278149411398183,0.5409647785389924
1601,53.39166666666667,tracked,1,1,0.16912299801295788,0.7123477205016435,-0.5170291105063605,-0.08059420506341172,-0.12644936132807438,-0.05966678099274236,-0.13211924471626194,-1.5206694312940525,0.5383344387841814
1602,53.425000000000004,tracked,1,1,0.15223836053366965,0.711499602909694,-0.518522575259576,-0.07867228797837067,-0.13163077175461768,-0.051719118261172516,-0.1336878304327413,-1.5273201923155013,0.5407232656565562
1603,53.458333333333336,tracked,1,1,0.16129002592417832,0.7094589884830714,-0.5171505874924969,-0.07828982785486285,-0.12999977864319356,-0.050793459018609134,-0.13125009810448166,-1.525649773605444,0.5389563709027457
1604,53.49166666666667,tracked,1,1,0.1798492264688842,0.7093052703366194,-0.5173057172154356,-0.08059470689905127,-0.12879384367564345,-0.056757919452082306,-0.13415706568117386,-1.5223076077870954,0.5391554191628479
1605,53.525000000000006,tracked,1,1,0.1230338673488607,0.7134472148361206,-0.5165928809589011,-0.07968025876361251,-0.12696510316013954,-0.057168152680570586,-0.13070775262115342,-1.524295826111177,0.5379008140117642
1606,53.55833333333334,tracked,1,1,0.16393901855199494,0.708375383800425,-0.5182860533936087,-0.07907328102524744,-0.12801328509215681,-0.056427367547844186,-0.12521208082486854,-1.5275404840259876,0.5396854806964017
1607,53.59166666666667,tracked,1,1,0.1772388468862919,0.707223916510482,-0.5174346516074428,-0.079293240538025,-0.1276327374506528,-0.05871768933788203,-0.1294984100612637,-1.5253714073835052,0.5388099408402597
1608,53.625,tracked,1,1,0.18830997165291116,0.7119005131249923,-0.5178174946783369,-0.07903781212339409,-0.12829370198046286,-0.05578741625407143,-0.13263123618997472,-1.5248231471985367,0.5392969567020143
1609,53.65833333333334,tracked,1,1,0.12193046920275805,0.7112247718111934,-0.5171751083777494,-0.07909815532036363,-0.12967517548265217,-0.05391222295380257,-0.13418482630962184,-1.5236979717505899,0.5390197232356881
1610,53.69166666666667,tracked,1,1,0.13132707860148551,0.7123102781662479,-0.5172099634715254,-0.0780689008680076,-0.12960061851892984,-0.050461053022400455,-0.12884343800330025,-1.5248188589428768,0.5388851639426016
1611,53.725,tracked,1,1,0.16090164740270252,0.7044847687243926,-0.5178711327456254,-0.07887915415287444,-0.12890948344800274,-0.057301392376019146,-0.13026937335954117,-1.5239469506005006,0.5394720437742265
1612,53.75833333333334,tracked,1,1,0.20128404768100508,0.7002913618064702,-0.5170481845877293,-0.07958350548465451,-0.1269720460538804,-0.05766034466489326,-0.1292545379976718,-1.5214200200387735,0.5383254220355949
1613,53.79166666666667,tracked,1,1,0.16270105252025077,0.7120495020699904,-0.5177184643064042,-0.08069144876403353,-0.12786266323860168,-0.0597052742746705,-0.13385300369656133,-1.520143151572371,0.5393443972434387
1614,53.825,tracked,1,1,0.13097878678297098,0.7094778433743585,-0.5173109410490713,-0.0801455985511603,-0.12849658093132732,-0.054835028051948724,-0.1313967630991009,-1.5234581396792375,0.5390225394241326
1615,53.858333333333334,tracked,1,1,0.2102511008207062,0.7036492401184957,-0.5177818487476358,-0.07874489913810107,-0.12840965638988905,-0.054887453657492855,-0.1316183103376173,-1.5252335301330058,0.5392474774043534
1616,53.89166666666667,tracked,1,1,0.14916432186719408,0.7071100732701072,-0.5176481791753326,-0.07740039779660648,-0.12843204621880688,-0.053321614352374674,-0.12708674654642846,-1.5287776844894843,0.5389297259184725
1617,53.925000000000004,tracked,1,1,0.14933790781563328,0.7127237257878182,-0.5168532428962336,-0.08006076409435287,-0.12738563374654482,-0.05805054645462255,-0.13125556442605082,-1.5209208535049699,0.5383066972690693
1618,53.958333333333336,tracked,1,1,0.13691200278366863,0.7102953959689374,-0.517709002803163,-0.07999405526331649,-0.12815174153842046,-0.05792609215781812,-0.13074832602826678,-1.5214834044762837,0.5393000364548904
1619,53.99166666666667,tracked,1,1,0.1849062499661721,0.7129106037968439,-0.5183809976865857,-0.080796743594406,-0.12628536850910665,-0.0634048554061368,-0.13291106227173285,-1.5209650586614172,0.5396248389737829
1620,54.025000000000006,tracked,1,1,0.15507370178203414,0.7170388383114039,-0.5152029974922288,-0.07802603753592152,-0.12690259977263418,-0.05414419223602159,-0.1320999165298162,-1.5247518104287332,0.53630817725221
1621,54.05833333333334,tracked,1,1,0.1596373476520205,0.7116586959816471,-0.517776794770076,-0.0798343143713911,-0.1297564010304912,-0.0551436312530824,-0.13370190304948495,-1.5204161395852296,0.5397249767816097
1622,54.09166666666667,tracked,1,1,0.1617004963122228,0.7154070202639838,-0.5165943001051639,-0.08022665269277157,-0.12675130062426582,-0.05791302113494605,-0.1316703385568003,-1.518766838456054,0.537932968791999
1623,54.125,tracked,1,1,0.19281175966967184,0.701394313287788,-0.5174732626492645,-0.08162782871915403,-0.12661872001947394,-0.06473296160998741,-0.13527121948856347,-1.519459645111673,0.5389563806447125
1624,54.15833333333334,tracked,1,1,0.18951423270283094,0.7131956723632824,-0.5155599349741465,-0.080316290448571,-0.13006422079188157,-0.051529048250503216,-0.13676958752403084,-1.5205458482031355,0.5377447857414935
1625,54.19166666666667,tracked,1,1,0.15865433980858856,0.7079909843827678,-0.5175494658326796,-0.08278535073946608,-0.12750810264645557,-0.06298669939134131,-0.13751347647853088,-1.5177336369506609,0.5394155912849085
1626,54.225,tracked,1,1,0.15412439914078963,0.7108888448719288,-0.5169785628790695,-0.0815006645167512,-0.12740070891382843,-0.059635473291779824,-0.13303601106716448,-1.5201372590759532,0.5386465756179334
1627,54.25833333333334,tracked,1,1,0.117219707827825,0.7082595599974155,-0.516539840163402,-0.07964564205258126,-0.12711412984092052,-0.0582309603375815,-0.12904983701729328,-1.5257497158496371,0.537879946437135
1628,54.29166666666667,tracked,1,1,0.18611868517285415,0.7092085582923948,-0.5176119672004743,-0.0788259125240012,-0.12924771879992214,-0.054438246042884844,-0.131844011141771,-1.5257666437366026,0.539296436006553
1629,54.325,tracked,1,1,0.17506930542215968,0.7083584120413359,-0.5160239049385393,-0.0795064465862127,-0.1287610461396826,-0.050812923715564055,-0.13161616098712167,-1.5236367632400278,0.5377558484291645
1630,54.358333333333334,tracked,1,1,0.1992818986316628,0.7061326925862158,-0.5164073315822757,-0.08038523165110026,-0.13013028283952693,-0.05324569070987568,-0.13570783098220177,-1.522759550076341,0.5385835200703998
1631,54.39166666666667,tracked,1,1,0.16852348803610565,0.7061363239635153,-0.5159528794761483,-0.08068353411647972,-0.12866806393116642,-0.052425697691861214,-0.13445528494778425,-1.5209804086061887,0.5378407544924879
1632,54.425000000000004,tracked,1,1,0.2194927238886402,0.7042852624110452,-0.5175203669531334,-0.07881734257792478,-0.1293964213186663,-0.054315339644014325,-0.130615324554433,-1.524376875129133,0.5392429299976307
1633,54.458333333333336,tracked,1,1,0.17615668649229915,0.7077494201784889,-0.5169210245093869,-0.08124966187490729,-0.12846804031552583,-0.05609156019991153,-0.1337501761514885,-1.5205922514499244,0.5388069139470396
1634,54.49166666666667,tracked,1,1,0.17639624160760853,0.7128812914278291,-0.5154434323223074,-0.08079023331804769,-0.12828475341487666,-0.0542882458623839,-0.13796326511267776,-1.519905318503319,0.5372764387933844
1635,54.525000000000006,tracked,1,1,0.20356905718778814,0.7013870961449117,-0.5173472740011886,-0.0817906629657161,-0.12730320588772182,-0.060893743724115254,-0.13421534076861769,-1.5196481610411425,0.5390213545808032
1636,54.55833333333334,tracked,1,1,0.15837008013404424,0.7083881382835495,-0.516092135075236,-0.08057015625362329,-0.12907234291750413,-0.053512763767329066,-0.13511525317038525,-1.5199692028774143,0.5380541902740491
1637,54.59166666666667,tracked,1,1,0.1165594209739312,0.7063998823174211,-0.5167707179945895,-0.07984016929744331,-0.13058642866763287,-0.049170600072449756,-0.13095715745051154,-1.5243636560141878,0.5389612629514803
1638,54.625,tracked,1,1,0.17282953275522533,0.7069043646819189,-0.5188967271579743,-0.08067528622514583,-0.13003881218796176,-0.05377146775314778,-0.1289642555114903,-1.5232619766144306,0.5409920590341623
1639,54.65833333333334,tracked,1,1,0.16738722445536758,0.7059886517941751,-0.5179890981047568,-0.08135561152343701,-0.13017960523414884,-0.055178286348562644,-0.13354621270600842,-1.5217205726149337,0.540257504252047
1640,54.69166666666667,tracked,1,1,0.14668701747430915,0.7070886297596357,-0.515482566583901,-0.08077728445127477,-0.13262031145665293,-0.046129126803730575,-0.13464640577227963,-1.522649407438377,0.5383636253928266
1641,54.725,tracked,1,1,0.1687792424847075,0.7025116645353877,-0.5177648434622601,-0.08101144928707715,-0.12939869675835342,-0.05320112776001275,-0.1297761041197089,-1.5226191924379264,0.5398030295986229
1642,54.75833333333334,tracked,1,1,0.20022899558393528,0.7048406199043988,-0.5174218271346791,-0.08260324090003565,-0.13239473991058143,-0.052233273420915424,-0.1398795710325359,-1.5198379697726259,0.5404414952227203
1643,54.79166666666667,tracked,1,1,0.21147635967362116,0.7065834553312886,-0.5163001612932769,-0.08211807664615134,-0.13196158650626677,-0.05363592734165402,-0.13874263516317403,-1.5201614255788547,0.5391874399286188
1644,54.825,tracked,1,1,0.2209479905636613,0.6942143433374994,-0.5202023291778454,-0.08109470333846283,-0.13223331759802792,-0.05378145265349766,-0.12917266504304872,-1.5267182822920606,0.5428374199284622
1645,54.858333333333334,tracked,1,1,0.20006832945489333,0.700931926152244,-0.5187060326014854,-0.08310745272242237,-0.134882533475979,-0.05027348132620832,-0.1372932285780767,-1.5217269373264461,0.5423615904468914
1646,54.89166666666667,tracked,1,1,0.18249309798424043,0.6870964465031694,-0.5161793856963244,-0.08360064028934469,-0.13395728223650516,-0.04929314379855929,-0.143052734320864,-1.520571968803039,0.5397914215128042
1647,54.925000000000004,tracked,1,1,0.1952985679197776,0.701335154864645,-0.5165572439954673,-0.08376088332076168,-0.13565318683779382,-0.05084974010642695,-0.1455262708979935,-1.5190845907299897,0.5406006465017559
1648,54.958333333333336,tracked,1,1,0.1587203885840772,0.7001987425247009,-0.5180996335812351,-0.08299120062896476,-0.13629206917863224,-0.04996785694670242,-0.1386814426067861,-1.5209296572372186,0.5421164983837332
1649,54.99166666666667,tracked,1,1,0.12830336330624828,0.6992747858638723,-0.518610936657649,-0.0837654082564738,-0.1377570691634306,-0.04733237624271446,-0.14417977695720888,-1.520783037662044,0.5430938752608023
1650,55.025000000000006,tracked,1,1,0.14986742194723957,0.700797816736788,-0.5184377129200043,-0.08458900204257236,-0.13755596200517728,-0.050077575275838726,-0.14700466917577618,-1.5190677133863812,0.5430051603138343
1651,55.05833333333334,tracked,1,1,0.18800707156222796,0.6990856263115671,-0.51840695543869,-0.08613997701451934,-0.13670432578568842,-0.057094840977208856,-0.1486083233716928,-1.515986231752801,0.5430045485774437
1652,55.09166666666667,tracked,1,1,0.20109762571853237,0.697929755550842,-0.5188763658982739,-0.08328247327196822,-0.14051853041111884,-0.043120007067412446,-0.13730096348182233,-1.521620816956041,0.5439798809064504
1653,55.125,tracked,1,1,0.16223564617865205,0.699353663694027,-0.5177372614112985,-0.08351785914325768,-0.1391824492755765,-0.04586821989125357,-0.14091900712232366,-1.521547018046257,0.5425853470523256
1654,55.15833333333334,tracked,1,1,0.1839120910338599,0.6944726444477536,-0.5150669343191667,-0.08459608334175786,-0.13805298299838098,-0.041799592398830854,-0.14410460009221468,-1.518956395189976,0.5399157992321226
1655,55.19166666666667,tracked,1,1,0.16281999101682268,0.6924830081885359,-0.5167275039161483,-0.08591291392802156,-0.1377584619660871,-0.04916453343999128,-0.14724600948007177,-1.516548935027311,0.5416324731090987
1656,55.225,tracked,0,1,0.15141342191220747,0.6935031400927381,-0.5072208264418675,-0.09096970847093905,-0.13103287802140623,-0.049647233316227606,-0.18071953298969642,-1.4963072933640615,0.5317123938354563
1657,55.25833333333334,tracked,1,1,0.17384183899635652,0.6841028619724185,-0.518816937655608,-0.0856790189702328,-0.1402611158798867,-0.047158781109477355,-0.14164968000309577,-1.520125411019999,0.544228894600347
1658,55.29166666666667,tracked,1,1,0.17767771244671887,0.6951125088570824,-0.51739701035792,-0.0869467112878349,-0.14254433801122718,-0.04321921562268488,-0.14763053482409547,-1.5154859246218144,0.543671118627928
1659,55.325,tracked,1,1,0.20116664350388858,0.6952600160200261,-0.516670444342458,-0.08656208643792387,-0.1405334710012524,-0.045599326055391916,-0.1497282229057072,-1.5178838145865696,0.5423937677897668
1660,55.358333333333334,tracked,1,1,0.1832957813370904,0.6875548678642389,-0.5165589829638922,-0.0855899830867072,-0.142272957134302,-0.038106485216058306,-0.14215249964940535,-1.5189059725993836,0.5425867879125076
1661,55.39166666666667,tracked,1,1,0.16911581478426366,0.6862905032514217,-0.5182741507693442,-0.08634277148601405,-0.1399495214408285,-0.045968767355909365,-0.1475341462478927,-1.5165204944438841,0.5437361842797368
1662,55.425000000000004,tracked,1,1,0.2204740189327347,0.6778316577698745,-0.5178265790818612,-0.0877298835085564,-0.14207152566723819,-0.044573694961046226,-0.15289750911619884,-1.5145243042571632,0.5440819946198043
1663,55.458333333333336,tracked,1,1,0.1864626451718044,0.6957855169399967,-0.5168418363961943,-0.08652189027224741,-0.14320882564197523,-0.03641459926229508,-0.1475399705939954,-1.5183630668600239,0.5432497483546835
1664,55.49166666666667,tracked,1,1,0.1451809376014901,0.6933325123434277,-0.5169120797307918,-0.08716235745478293,-0.1433574874792588,-0.037282558309728916,-0.14769289210727707,-1.5190013817165469,0.5434581344915665
1665,55.525000000000006,tracked,1,1,0.22509865336203072,0.6992151264693127,-0.5168282896042168,-0.08756070011438838,-0.14448060383452543,-0.03920348232886954,-0.1574479637186555,-1.5134995091443313,0.5437398293523578
1666,55.55833333333334,tracked,1,1,0.19206373274900157,0.7023012458522571,-0.5171148865682142,-0.08580455970253306,-0.1439507331105453,-0.03575412331503977,-0.1482345817170442,-1.5170294793845105,0.5435917971596574
1667,55.59166666666667,tracked,1,1,0.17484391562492338,0.6969370904813884,-0.5179696581375852,-0.0869153174291386,-0.14467939574701705,-0.036953556119759895,-0.14816224895592983,-1.5157481514043902,0.5447742346226525
1668,55.62500000000001,tracked,1,1,0.14446874197647167,0.689035535074468,-0.5185012300697799,-0.08720134011245548,-0.14664937945671458,-0.03340654595572497,-0.14562254819906154,-1.5176425987803526,0.5458512982455226
1669,55.65833333333334,tracked,1,1,0.1782897187247556,0.6927634485362298,-0.5168494446810088,-0.087731600699308,-0.14393022231399905,-0.03701809270708543,-0.14785915267062597,-1.51539154860965,0.5436415097503935
1670,55.69166666666667,tracked,1,1,0.15473348977771387,0.6921217905020155,-0.5189546122061306,-0.08880337129535082,-0.14842463401627565,-0.03596555185955571,-0.15310888500273265,-1.514482833537751,0.5470190127100709
1671,55.725,tracked,1,1,0.16030209481986407,0.6935319831185831,-0.5180486249633678,-0.08867585788321147,-0.14672917690563642,-0.03448056182280389,-0.1498878681279436,-1.5140419568495556,0.545680526455879
1672,55.75833333333334,tracked,1,1,0.1546574243641922,0.6946574240562,-0.5176655258532026,-0.08908661112157801,-0.14655879569125335,-0.03511898074024954,-0.15128701669473824,-1.5122285999918137,0.5453379700080222
1673,55.79166666666667,tracked,1,1,0.1730283036781962,0.6950525801780761,-0.517109702828817,-0.08912509665012042,-0.145282291061483,-0.036515208598406096,-0.15044448097638705,-1.5147805558031795,0.544474674992946
1674,55.825,tracked,1,1,0.1031330726691778,0.695266570886628,-0.517356696571828,-0.09031382741587068,-0.14732915916707157,-0.035442878475736926,-0.15542653749190682,-1.512148506384698,0.5454543244407313
1675,55.858333333333334,tracked,1,1,0.12802365280136355,0.6940546098693162,-0.5181661587692507,-0.09114945691818288,-0.14625940886740624,-0.04160901026422554,-0.15792399677611538,-1.5107596986050689,0.5460734440278185
1676,55.89166666666667,tracked,1,1,0.14051416024134955,0.6919859808033613,-0.5160039638237421,-0.08968686651757463,-0.14375133376900712,-0.039394138539912894,-0.1539216900454871,-1.511923131294666,0.5431098145568017
1677,55.925000000000004,tracked,1,1,0.12197238939213562,0.6987743493796535,-0.514615562742655,-0.08873468542727153,-0.14331887750437533,-0.032985449468619275,-0.1466974914347593,-1.5139128831712005,0.5415194571425208
1678,55.958333333333336,tracked,1,1,0.17082542362287598,0.6810894017011339,-0.5182246659049878,-0.0899582128808552,-0.14448326439480486,-0.04087611076133303,-0.15112508534673308,-1.5116612663539812,0.5454582459796832
1679,55.99166666666667,tracked,1,1,0.17661248946754327,0.7041798992187297,-0.5122687108584366,-0.08777483620529608,-0.14807968355271067,-0.020564670796806756,-0.15153110411284829,-1.5114534896557854,0.540417659478761
1680,56.025000000000006,tracked,1,1,0.11874477601703302,0.7013597802071327,-0.5143024649378013,-0.08926518200759098,-0.14825476217035388,-0.026786939196461447,-0.15428140605227758,-1.512031548750668,0.5426368699840943
1681,56.06,tracked,1,1,0.17236269222639378,0.6987135283535925,-0.5166828202652674,-0.09001007518656556,-0.14559761319823245,-0.03810980505545918,-0.1553035394040432,-1.5113654403922219,0.5442991965467007
1682,56.093333333333334,tracked,1,1,0.16830149955929705,0.6917467211912914,-0.5162440135627012,-0.08899673096800487,-0.14501396780466247,-0.03459335470152338,-0.14599316353706535,-1.513898115930079,0.5435598867841238
1683,56.12666666666667,tracked,0,1,0.1287337442813842,0.6977531876520284,-0.5034096480949879,-0.09369849591325463,-0.13078435878746653,-0.04531537166426857,-0.17981959211103282,-1.4911812492527106,0.5284933589317604
1684,56.16000000000001,tracked,1,1,0.14621998843340558,0.6973414605866048,-0.5156262216656009,-0.09023307845821699,-0.14761465333863072,-0.0305797208622433,-0.15414836071965837,-1.509973483993752,0.5438772791701031
1685,56.193333333333335,tracked,1,1,0.19892576049741129,0.6909106511487634,-0.5174846392484564,-0.09220285216621837,-0.14727898669974587,-0.038922367550724236,-0.15907004533824548,-1.5093267190728659,0.545878024588822
1686,56.226666666666674,tracked,1,1,0.17277446330279378,0.7003696119860804,-0.5154976636993354,-0.09070687075112477,-0.14699713881472115,-0.033917935630363195,-0.15393652696329865,-1.5101205737495569,0.543666935265194
1687,56.260000000000005,tracked,1,1,0.16512680585896883,0.688464881608466,-0.5139756417035712,-0.09018954018530695,-0.14559309808493726,-0.03253984628307107,-0.15422106321106954,-1.5107126096869559,0.541758676564949
1688,56.29333333333334,tracked,1,1,0.21951736580548545,0.7025869916713704,-0.514769618421433,-0.09124651045704268,-0.14768140525651252,-0.03152580206154266,-0.16033554272046227,-1.5096769767219522,0.5432526881469371
1689,56.32666666666667,tracked,1,1,0.1627544889956842,0.6961489122186716,-0.51564487356538,-0.09103410578718979,-0.1510043611449977,-0.026811423399604916,-0.15583124606670853,-1.5136404278728748,0.5449579443732689
1690,56.36000000000001,tracked,1,1,0.20449537359048373,0.6975402450628683,-0.5161567489490473,-0.09252863681773932,-0.14878470186453158,-0.03395165128225493,-0.159649825490701,-1.5085880061469137,0.5450836868095729
1691,56.39333333333334,tracked,1,1,0.12184991024214598,0.6996989103868501,-0.5161978424009819,-0.09238617261032628,-0.1501115374876818,-0.03201966138428492,-0.16095715523833995,-1.508361699036389,0.5454620894947051
1692,56.42666666666667,tracked,1,1,0.12268602952642885,0.6976390825855192,-0.5158656714954564,-0.0921283598849581,-0.15195152582581173,-0.026412097358377528,-0.15992720436330463,-1.5094970918147854,0.5456136837757488
1693,56.46,tracked,1,1,0.14608687092965172,0.6965556961602026,-0.51447471748249,-0.09220753227188144,-0.1522732969466068,-0.025307590629112156,-0.1635333133646898,-1.5085619852175647,0.5444020765016858
1694,56.49333333333335,tracked,1,1,0.12920023600278122,0.7006832441364459,-0.515239483607334,-0.09156668293844394,-0.15259483723006617,-0.024856890797525358,-0.15980805028088854,-1.5124754000065335,0.5451067484828748
1695,56.52666666666667,tracked,1,1,0.2179172457111458,0.6983518320182106,-0.5165461949917469,-0.09227752077133328,-0.1486254392375176,-0.034156880999035175,-0.15447529404098698,-1.5119673128226547,0.545366513079691
1696,56.56,tracked,0,1,0.1977357918361039,0.6963209460559585,-0.5043381617206544,-0.09579203710968037,-0.1323000525974825,-0.045406884843506,-0.17880160192832253,-1.4908987958801292,0.530128663306077
1697,56.593333333333334,tracked,0,1,0.15923330842778124,0.7016532371531157,-0.5029688505119443,-0.09577550411919977,-0.13177121394859587,-0.04699015762666174,-0.18330612920546221,-1.4904439919533328,0.5286910861742233
1698,56.62666666666667,tracked,1,1,0.15521770539183094,0.6978763194943209,-0.5170803365414978,-0.09338053332955076,-0.1522056236757156,-0.030177102917869052,-0.15999857339915136,-1.507952476134885,0.5470452909232411
1699,56.66000000000001,tracked,0,1,0.22241433647903233,0.7013960880153826,-0.5035017202546431,-0.09566887029965404,-0.13202462106490764,-0.04751128629477544,-0.18118281256327917,-1.4919512708300717,0.529241925409476
1700,56.693333333333335,tracked,1,1,0.1868231858023201,0.6928060888573964,-0.5151194115773434,-0.09489567368027901,-0.1533726383065006,-0.027200216124349138,-0.1670522003475889,-1.5040928279123806,0.5457805083072491
1701,56.726666666666674,tracked,1,1,0.16348208392129274,0.6954606032157828,-0.515167467914005,-0.09357460043789356,-0.15329443721781272,-0.026225902227809243,-0.16059416525797607,-1.5080316419944988,0.545575760390768
1702,56.760000000000005,tracked,1,1,0.19651026289040904,0.700311614248695,-0.515843909318686,-0.09485394461450802,-0.15371687441679138,-0.02975891940945017,-0.1637395723776605,-1.5072137074772574,0.5465538281547248
1703,56.79333333333334,tracked,1,1,0.1489911900925365,0.7021402348782139,-0.5146318609606209,-0.09408777561040838,-0.1515661451016624,-0.030574175077135227,-0.163371400271838,-1.506441206160582,0.5446749105439725
1704,56.82666666666667,tracked,1,1,0.1655220942423781,0.7046648506619997,-0.5123735287861988,-0.09281191512486014,-0.15178826119069444,-0.024644012502811483,-0.16445085303589524,-1.5049919035946433,0.5423839607005911
1705,56.86000000000001,tracked,0,1,0.1336318573953286,0.705748257807682,-0.5014393043075699,-0.09497640527384882,-0.13069218351121425,-0.04444494604418227,-0.18034750317831447,-1.4917289783038896,0.5268228737385374
1706,56.89333333333334,tracked,1,1,0.15187178217691433,0.7136598251250929,-0.5114061919045441,-0.09366782134683194,-0.1504540378912575,-0.02846663496567541,-0.1667025243314351,-1.5024759601637803,0.5412452044978813
1707,56.92666666666667,tracked,0,1,0.19113015428311564,0.6833832803697407,-0.5021297671229291,-0.09625355253705081,-0.1320030172647756,-0.04968414643835127,-0.18323447670858253,-1.4922815697346865,0.5280377315816877
1708,56.96,tracked,1,1,0.20176815031068476,0.6978609534954144,-0.5130457339106974,-0.0956290123267381,-0.15530450865128131,-0.026985967787688882,-0.1711166024827301,-1.5065774488509258,0.544500067483898
1709,56.99333333333335,tracked,1,1,0.20319047725295183,0.7075416537526826,-0.5128933301583992,-0.09342827733465753,-0.15347413400347737,-0.022954269513571292,-0.1656557247843072,-1.5072182730742487,0.543454433172471
1710,57.02666666666667,tracked,0,1,0.12957742655639773,0.7071139999787126,-0.5024258422175931,-0.09568292919754462,-0.13357491226117735,-0.046461093629713096,-0.18442528240768238,-1.4900982436296966,0.5286106384225173
1711,57.06,tracked,1,1,0.11865817594930332,0.7098998659644158,-0.5133890881400336,-0.09371804241438614,-0.15554007176309487,-0.021412681875004405,-0.16751473095889682,-1.5076679593030002,0.544558666462401
1712,57.093333333333334,tracked,1,1,0.15081530738805446,0.7057929387941362,-0.5142154701982402,-0.0945309481471332,-0.15591281114470174,-0.023653702769557104,-0.1684704626663564,-1.505303857911619,0.5455845073202104
1713,57.12666666666667,tracked,1,1,0.18223389592206063,0.7037639216354047,-0.5141648194166786,-0.09333254973307409,-0.15719724489993048,-0.01941713719569755,-0.16848530335481202,-1.5075982859772208,0.5456990014372312
1714,57.16000000000001,tracked,1,1,0.1770227488233665,0.697908353815641,-0.5131658523390228,-0.0935436515365835,-0.15773243229306977,-0.01715437316379493,-0.16765622200036184,-1.5061027003199106,0.5449487379072653
1715,57.193333333333335,tracked,1,1,0.17110359020104374,0.7131786488543166,-0.5140130114720791,-0.09337117283356178,-0.15814448087690913,-0.01610177712923808,-0.16849271223615928,-1.5085463924975815,0.5458362654777875
1716,57.226666666666674,tracked,1,1,0.15990935228545636,0.7103515200176279,-0.5126604210472688,-0.0919509791885244,-0.1574874409880665,-0.014290026934772847,-0.16704514263053588,-1.508617919550385,0.5441304843059807
1717,57.260000000000005,tracked,1,1,0.15451188970134253,0.7108280856116008,-0.5145382189272434,-0.09317190620824534,-0.1594998822447588,-0.016610701797735307,-0.164644310951828,-1.5113279568396583,0.5466907675088265
1718,57.29333333333334,tracked,1,1,0.17589766024043807,0.7105833283556114,-0.5137853949921917,-0.09241728444977804,-0.16224210287780733,-0.00819815593955122,-0.16578688727102472,-1.5116426766823463,0.5466615831742401
1719,57.32666666666667,tracked,1,1,0.16201741961449032,0.7145357827296399,-0.5140678558215466,-0.09146109934747013,-0.1608805726234605,-0.00860475507971915,-0.16274642071856185,-1.5138495978942128,0.5463638455557457
1720,57.36000000000001,tracked,1,1,0.1620453611602001,0.7133169736923799,-0.5154072319916901,-0.09247541062035664,-0.16391047399444653,-0.008778852814644189,-0.16482784702801384,-1.5133173696737254,0.5486920446332565
1721,57.39333333333334,tracked,1,1,0.15946615254495117,0.7135442125782061,-0.5145020956404835,-0.09317309413897126,-0.16341473487090047,-0.008605279682730638,-0.16987357169975598,-1.51047635657976,0.5478120183628737
1722,57.42666666666667,tracked,1,1,0.1543263855513663,0.7206307582736706,-0.5134358203661897,-0.0923205389154268,-0.16393832893448634,-0.004532603764348684,-0.16873817561083104,-1.5114410660724142,0.5468228225253303
1723,57.46,tracked,1,1,0.16066361239005744,0.7106378396015584,-0.514808371044912,-0.09310900505326666,-0.16530874283469965,-0.007679430824823715,-0.17093497931814355,-1.5102170628531504,0.5486564737406402
1724,57.49333333333335,tracked,1,1,0.16546847547366803,0.7228700064533596,-0.5135156748939252,-0.09381689719808456,-0.16356010458353443,-0.00832087154328456,-0.17410265982651013,-1.5075915838830207,0.5470391817530224
1725,57.52666666666667,tracked,1,1,0.14667687436359123,0.7216907372715018,-0.5145316566211097,-0.09360140292266397,-0.16428614282995652,-0.0075695815036044755,-0.17118862888910952,-1.5091909347224264,0.5481733165891052
1726,57.56,tracked,1,1,0.16619766741878028,0.7236948382736592,-0.514442725810982,-0.09327051763195779,-0.16541819565725385,-0.003484725172497665,-0.1701313651859431,-1.5093638581024191,0.5483738570114992
1727,57.593333333333334,tracked,1,1,0.19161192872723984,0.7224266144674951,-0.5139001816017367,-0.0946554205331406,-0.1637080406141519,-0.007835127367299154,-0.17356461303320034,-1.507773619873881,0.5475886849162686
1728,57.62666666666667,tracked,1,1,0.1383863300864369,0.7103983584938631,-0.5142739970761286,-0.09396084369344077,-0.16456738160933426,-0.005267309292602652,-0.17235465537949862,-1.5084552849569637,0.5480773734665512
1729,57.66000000000001,tracked,1,1,0.15034111190396743,0.696088694772004,-0.5134476641104566,-0.09435309981700613,-0.16382804488374075,-0.006041781921250373,-0.1711641012651252,-1.5091027002213908,0.547147730979478
1730,57.693333333333335,tracked,1,1,0.17762739729806976,0.7049077549127791,-0.5141155006639864,-0.09412787229556374,-0.16289358739668758,-0.008802260078669511,-0.16956385507997668,-1.50732115740208,0.5474569619438898
1731,57.726666666666674,tracked,1,1,0.15587048149282523,0.7217053433004815,-0.5143249112915813,-0.09408439580814457,-0.16434577611379086,-0.007086057057217406,-0.1723766975631241,-1.5078712178679483,0.5480798500548263
1732,57.760000000000005,tracked,1,1,0.21859207235068162,0.7202836718209373,-0.5142760506474294,-0.09440000430286685,-0.1625995877702509,-0.010531977989534763,-0.17052109738051408,-1.508583792201332,0.5475672041174071
1733,57.79333333333334,tracked,1,1,0.17754473017666597,0.7157699157376645,-0.5147369785175584,-0.09457446980092352,-0.16402648979293355,-0.009440770260997766,-0.17181394431702213,-1.5063386734704096,0.548455264123978
1734,57.82666666666667,tracked,1,1,0.15704129892345559,0.7227041360026831,-0.5135913852718592,-0.09481130275593427,-0.16036798698680454,-0.013653346763775564,-0.17061541538192992,-1.5069388886806427,0.5463361468967111
1735,57.86000000000001,tracked,1,1,0.15773504583348144,0.717871471413628,-0.5147965345651033,-0.09491592243445451,-0.16190328473071464,-0.012862565900621162,-0.17229355353951883,-1.5066646719628705,0.5479390275737054
1736,57.89333333333334,tracked,1,1,0.13061514587634465,0.7223597238881412,-0.5147226464206587,-0.093239747012346,-0.16367470911704174,-0.00897883371291836,-0.16911421297611892,-1.5075562004335215,0.5481080765376122
1737,57.92666666666667,tracked,1,1,0.17227570234113257,0.7202446511099357,-0.514133655846399,-0.09377150945727172,-0.16387817359782048,-0.006505308253111,-0.16909143839361787,-1.509081705312853,0.5477066439633868
1738,57.96,tracked,1,1,0.1671973672973656,0.7184265760640011,-0.5148101024167229,-0.09271502292592942,-0.1647604531136891,-0.004398271146869502,-0.16774003180320377,-1.5106639086302915,0.5484264070380824
1739,57.99333333333335,tracked,1,1,0.1940364404635939,0.7212426200522774,-0.5140607530687433,-0.09254307438158263,-0.16320227260012055,-0.0049871124032446505,-0.166671249620303,-1.512164334633876,0.5472272473510823
1740,58.02666666666667,tracked,1,1,0.16773546595374572,0.7219216256080612,-0.5130558460760853,-0.09305849822426687,-0.16269469441357137,-0.004409298577016782,-0.16778748551890968,-1.5105993764581538,0.5462195061281948
1741,58.06,tracked,1,1,0.1588008425280375,0.7187681071805756,-0.5138306172725988,-0.09282177673699393,-0.16268246146753002,-0.005144048182436561,-0.16834390091007698,-1.5104387329192164,0.5469034364058125
1742,58.093333333333334,tracked,1,1,0.13473749285619058,0.7199121577480683,-0.5145284319980735,-0.09313542146756765,-0.16227694578624197,-0.006846196681214085,-0.16380210645955073,-1.5105323773492976,0.5474920284351623
1743,58.12666666666667,tracked,1,1,0.12390047970796508,0.717357300386205,-0.5150015231364206,-0.09376326741389962,-0.16292006175626683,-0.008983414883641953,-0.16757792076326136,-1.510825301489195,0.5482344987973936
1744,58.16000000000001,tracked,1,1,0.17616759510642388,0.7219968838978923,-0.5146804543127993,-0.0924645219939452,-0.16559717269862595,-0.0020610421597266485,-0.16767292570363868,-1.510370700895404,0.5485144314281775
1745,58.193333333333335,tracked,1,1,0.15114134009363167,0.721358573286287,-0.5135225747345258,-0.09369348631832092,-0.16410231624030075,-0.00416941747406538,-0.16994589339839086,-1.5096833194979826,0.5471868733219847
1746,58.226666666666674,tracked,1,1,0.21473837844159147,0.7145184178637607,-0.5147873776087021,-0.0937327688299757,-0.1630077167798062,-0.009105034795389138,-0.16955206969904238,-1.5113265628417385,0.5480541869446338
1747,58.260000000000005,tracked,1,1,0.18039183860211674,0.7241630943983626,-0.5136316963655467,-0.0927617790985385,-0.16228260263070077,-0.005817664726970366,-0.16916934575553566,-1.5111174294344905,0.5465875138433636
1748,58.29333333333334,tracked,0,1,0.17176502481099593,0.7218788209157885,-0.4993922047268205,-0.0967112681834204,-0.13243253257252308,-0.043870078078634155,-0.18625495396095232,-1.490578400858244,0.5256272626292632
1749,58.32666666666667,tracked,1,1,0.1439639673327531,0.7201047926777613,-0.5144776003164592,-0.0930676321561284,-0.1616937776243726,-0.008447934529285007,-0.1670005505478403,-1.512786538040504,0.5472601420759334
1750,58.36000000000001,tracked,1,1,0.17289161976873257,0.7210876403126281,-0.5136000933776459,-0.09412332724367387,-0.1616241806084487,-0.008916052403523585,-0.17023508279160698,-1.5113074393424082,0.5465954924862615
1751,58.39333333333334,tracked,1,1,0.1601316941968759,0.7233552823948268,-0.5137338670469055,-0.09353122376691725,-0.16435661961439818,-0.0041139428705357604,-0.1723863507851109,-1.5108263543056195,0.54743371688395
1752,58.42666666666667,tracked,1,1,0.16525275471844364,0.7167994510745939,-0.5141495824241165,-0.09253056535362622,-0.16285152857961932,-0.003454035010950992,-0.16468527558204465,-1.5135881259892374,0.547204092631144
1753,58.46,tracked,1,1,0.19034789208684605,0.7088193158891134,-0.5149482746587599,-0.09515708420826247,-0.16201353102942473,-0.013732600161838379,-0.17177368453048675,-1.5094652838825104,0.5481559818935431
1754,58.49333333333335,tracked,1,1,0.14756412920979553,0.7243558679484535,-0.5129422138864487,-0.0934350713088116,-0.16353480498845058,-0.002909045040891802,-0.17006226654442858,-1.509400172355415,0.5464279090418283
1755,58.52666666666667,tracked,1,1,0.1250494985771981,0.7161936309332044,-0.5135169808966993,-0.09390211727781284,-0.1639685261440978,-0.005368124279753622,-0.17153714943055892,-1.5103404606064734,0.5471772791923882
1756,58.56,tracked,0,1,0.16933056224740345,0.7214928794663003,-0.5001376100823876,-0.09696173012796216,-0.1335641697385097,-0.04501340446088114,-0.18894947758280625,-1.4900590175363955,0.5266674411488407
1757,58.593333333333334,tracked,1,1,0.16834149353265815,0.7154329960715682,-0.5157683119966596,-0.09301528521351618,-0.16371733930238663,-0.008275615687318322,-0.1686018390877594,-1.5134070845461092,0.5490648068593436
1758,58.62666666666667,tracked,0,1,0.1370015087752997,0.720766042192779,-0.49929292467834485,-0.09674833598361732,-0.13207152782832388,-0.043557487253670486,-0.18437773309696584,-1.4925370242674034,0.5254489067572241
1759,58.66000000000001,tracked,1,1,0.15223517627629252,0.7215842326269233,-0.5143022532362549,-0.09173206880725274,-0.16237310136084132,-0.004330668949952542,-0.16103334157463556,-1.515269910110799,0.5470709315775107
1760,58.693333333333335,tracked,1,1,0.134236196589572,0.7218470549757032,-0.5144910552544717,-0.09389932296034981,-0.1620912546389479,-0.010150635789577625,-0.16889973523450655,-1.5111691521998112,0.5475323767775748
1761,58.726666666666674,tracked,1,1,0.17463618882916743,0.7250434651270593,-0.5128865890257932,-0.09416499612998025,-0.1635049360110724,-0.007249867813778063,-0.17468347586652025,-1.5083284368119714,0.5464920528229638
1762,58.760000000000005,tracked,1,1,0.15375344111929676,0.7175690788604135,-0.5153353327000948,-0.09344540259800288,-0.16414827391478787,-0.008662112944655156,-0.16648095265079524,-1.5123378276258017,0.5488599131153818
1763,58.79333333333334,tracked,1,1,0.14838933659458034,0.7189209942370922,-0.5149502939874662,-0.09213954990673509,-0.1628367331392387,-0.0073449981010568835,-0.1622039854656255,-1.515412716141196,0.5478862140939971
1764,58.82666666666667,tracked,1,1,0.13562750393099726,0.718699201441579,-0.5153231864487946,-0.09378011125294133,-0.1629500093093479,-0.010707878061595774,-0.1686483846011523,-1.5111951925540703,0.548548449357274
1765,58.86000000000001,tracked,1,1,0.14318702015820955,0.7175992181392619,-0.5142314924533515,-0.09429557753343706,-0.1637866470094299,-0.00945548012168511,-0.17331563254811508,-1.5099854673342916,0.5478610677094672
1766,58.89333333333334,tracked,1,1,0.13842804477301887,0.7260220625422622,-0.5125734289609476,-0.09263630047549165,-0.16242817816018518,-0.0066736264360821515,-0.1704037036935578,-1.5100398760749894,0.5456151732705076
1767,58.92666666666667,tracked,1,1,0.14887874281898258,0.7221559553600629,-0.5132137838768506,-0.09256423167090941,-0.16180374272276865,-0.007783874780580307,-0.16736210145258523,-1.512531921143493,0.5460192085495861
1768,58.96,tracked,1,1,0.1827909134235039,0.7143601033386022,-0.5122000149478826,-0.09246789548269163,-0.16134243080886607,-0.009437185700867889,-0.17274582918852968,-1.5103916436920952,0.5449133389695309
1769,58.99333333333335,tracked,1,1,0.19019858195097403,0.7202013456322713,-0.5138070807863355,-0.09274434501324949,-0.16343077308952364,-0.0050583578165509435,-0.17036215973307592,-1.5116127936985686,0.5470912605687939
1770,59.02666666666667,tracked,1,1,0.22216561030817528,0.7101320569990853,-0.5143921283020398,-0.09260488642820128,-0.1639175506489695,-0.006191564141899374,-0.16927267290579437,-1.5134395717740474,0.5477626219999314
1771,59.06,tracked,1,1,0.171895126844102,0.7202376411279522,-0.5149577083594759,-0.09159186856468216,-0.1615166239118821,-0.010056465155942221,-0.16616670530340774,-1.513931921454028,0.5474103868085674
1772,59.093333333333334,tracked,1,1,0.14958844249921333,0.7177926985442048,-0.5132576352428877,-0.0905008621983856,-0.1600734840995346,-0.007315415698032804,-0.16214063573430695,-1.5163694749174284,0.5452039311170971
1773,59.12666666666667,tracked,0,1,0.21981421345253546,0.7175658470232404,-0.5003887085291389,-0.09667002490069165,-0.13278618400535702,-0.0461708971094794,-0.18485598931266298,-1.492335303139124,0.5266556028378169
1774,59.16000000000001,tracked,1,1,0.20204565481543976,0.7215168359486482,-0.5143141626861556,-0.09109327373602921,-0.16149681649746916,-0.006467975486373462,-0.1631965566445463,-1.5151439615557394,0.5467158898352285
1775,59.193333333333335,tracked,1,1,0.16757004691218122,0.7160544574414734,-0.5154380256538655,-0.09156537396040326,-0.1622103706211192,-0.009831764206288385,-0.1627437438999509,-1.516120086133774,0.5480627521876525
1776,59.226666666666674,tracked,1,1,0.13817354335910567,0.7152812614118115,-0.5147814392447069,-0.09221948064351077,-0.16099498223400283,-0.013063876637985345,-0.16630603713495454,-1.5135478078855333,0.5471962601348237
1777,59.260000000000005,tracked,1,1,0.1256332223340963,0.7171988141985153,-0.5149692285750828,-0.09176369395075976,-0.16284673217184842,-0.006076727265878183,-0.1640581742783685,-1.5137562708669798,0.5478439012033942
1778,59.29333333333334,tracked,1,1,0.1533282493116184,0.7188433644036761,-0.5149089432458606,-0.09194882216865696,-0.1611613915140686,-0.010284328803102701,-0.16220047625685122,-1.5152161020426098,0.5473196505219989
1779,59.32666666666667,tracked,1,1,0.15365251526176923,0.7206862460604868,-0.5143113960889873,-0.0923231252571898,-0.15959242969832688,-0.013560647658603181,-0.16573990410340173,-1.5126412090447043,0.546360243082596
1780,59.36000000000001,tracked,1,1,0.17092270736493986,0.7211803625226545,-0.5130818568664963,-0.09153235001183996,-0.16035945590433404,-0.007895855671972637,-0.16573022576396573,-1.513877365048471,0.5452947075134654
1781,59.39333333333334,tracked,0,1,0.1846266577498362,0.7192353341801916,-0.5007140740171938,-0.09664956475402897,-0.13313243559385612,-0.048213160148213544,-0.18820748387290295,-1.4919860548009911,0.5270483542268122
1782,59.42666666666667,tracked,1,1,0.13456887280974314,0.7189328104382808,-0.5145977277690659,-0.09135521908217364,-0.15904005968474377,-0.014750795466685665,-0.1632409652723513,-1.515471817558407,0.5463060845928448
1783,59.46,tracked,1,1,0.12414597901449063,0.7227861536103823,-0.5139894998935525,-0.09150952773439697,-0.159616708940723,-0.010014670532836868,-0.1627534344097189,-1.5129329213435492,0.5459273701144356
1784,59.49333333333335,tracked,1,1,0.1822326259005768,0.7220588771243048,-0.5137129266730563,-0.09225118218929484,-0.16126768954498188,-0.010881258224109052,-0.16813065713220218,-1.5129319593847852,0.5462769621149112
1785,59.52666666666667,tracked,1,1,0.20464252015832216,0.7184407703804784,-0.5147806124349614,-0.09337343376616908,-0.16095410808256083,-0.015736244969501805,-0.17038073661020806,-1.510375100792854,0.547379120885015
1786,59.56,tracked,1,1,0.17058647678002187,0.7299748105530206,-0.5109234222543078,-0.08912320493780779,-0.15938755426836443,-0.005157253094358409,-0.16495669254841985,-1.5151534619883047,0.5425772585743812
1787,59.593333333333334,tracked,1,1,0.18018967481870965,0.7251617502558839,-0.5146769638042683,-0.08908508688323574,-0.15894730885072755,-0.012768857684771713,-0.15916818915874362,-1.5174486260896927,0.5459787328886193
1788,59.62666666666667,tracked,1,1,0.18550820338394305,0.7296508854041198,-0.5113404860434146,-0.09225780091101082,-0.1582790745311603,-0.012307972459032196,-0.17209608068110918,-1.508827505207055,0.5431692737356302
1789,59.66000000000001,tracked,1,1,0.1750422157783401,0.7251733234482284,-0.5111355112951621,-0.09100773237777107,-0.15829346056170157,-0.012039946954674646,-0.1704692132305227,-1.5102025694608374,0.5427695071723445
1790,59.695,tracked,1,1,0.15043118774705186,0.7369900049918171,-0.507570921379636,-0.0883916179342685,-0.15658586415426917,-0.005330703990932769,-0.1696264740666889,-1.511739021330327,0.5384797593263367
1791,59.72833333333334,tracked,1,1,0.11779223156271473,0.7270662258677887,-0.5112914931355728,-0.088657308406245,-0.15904666378872212,-0.0019525225275671947,-0.16431861071409468,-1.5141196834693036,0.5427475937753813
1792,59.76166666666667,tracked,1,1,0.1389133482664014,0.7089125529135345,-0.5128764102706886,-0.09099351951567997,-0.15906628239207948,-0.011878837869169157,-0.16695777821001254,-1.5111007129889327,0.5446320914158795
1793,59.795,tracked,0,1,0.13102376859224965,0.7449850127632335,-0.4932180863895609,-0.0912995642547802,-0.1260577284054591,-0.04603411306650191,-0.1897164772622873,-1.4886035557325712,0.5171945882021945
1794,59.82833333333334,tracked,1,1,0.1913277007523835,0.7222198625545585,-0.5140362188655846,-0.09013537827557858,-0.15796453482352218,-0.013792375471282975,-0.16234491952576574,-1.5135321872629957,0.5452617857364668
1795,59.86166666666667,tracked,1,1,0.19491118694284953,0.7277002088396778,-0.5128657820962048,-0.08945859976910889,-0.15530353989400303,-0.014794767126360206,-0.16169976458382876,-1.5123004714252442,0.5432801680729838
1796,59.895,tracked,1,1,0.2008391183314771,0.7217401576508689,-0.5137186301459958,-0.09048138414961443,-0.15417638870238004,-0.020760891209958235,-0.16248427800986123,-1.512581251857717,0.5439338844657647
1797,59.928333333333335,tracked,1,1,0.13382451131238987,0.7285128982208497,-0.5120245062587714,-0.08819294435745537,-0.15366836445107968,-0.01162094719243619,-0.15514562995738929,-1.5154106169460293,0.5418127505670622
1798,59.96166666666667,tracked,1,1,0.18175450076784513,0.7189161692837076,-0.5146043481574788,-0.08907226345983069,-0.15386170786081638,-0.018883537754440287,-0.15495713421083085,-1.5151746940707247,0.5444491972684764
1799,59.995000000000005,tracked,1,1,0.17573241670207562,0.7214052403685367,-0.5140254352750949,-0.08803396829741256,-0.15432944318102926,-0.01513352777592693,-0.1537643236251661,-1.5162440306665212,0.5438655208013349
1800,60.028333333333336,tracked,0,1,0.18747262309810986,0.7038775780248369,-0.4999517041936245,-0.09425627578600715,-0.13175163694334335,-0.04435948367098703,-0.1869641879298562,-1.4917213595604693,0.5255420495910939
1801,60.06166666666667,tracked,1,1,0.23423554271952157,0.7192627051048599,-0.5130281681498399,-0.08889084956951551,-0.15252989277210638,-0.01860562376592028,-0.15468392484157875,-1.515447720098894,0.5425540089626478
1802,60.095000000000006,tracked,1,1,0.16305418431637475,0.715046364536224,-0.514286947217367,-0.0891373264453594,-0.15300066661978717,-0.018509208235878528,-0.15346430311900075,-1.5164090133666963,0.5439170258689138
1803,60.12833333333334,tracked,0,1,0.21405257739964992,0.7193647328679807,-0.4994651631426399,-0.09329232355825762,-0.13003133798745076,-0.04660964965498162,-0.18703045596508835,-1.49284230356405,0.5244778886538585
1804,60.16166666666667,tracked,1,1,0.1807186684671384,0.7215439846512415,-0.5147041745706152,-0.08794861584964919,-0.15371602179335536,-0.014515802049513669,-0.14840483253468517,-1.517603140349877,0.5443197237894865
1805,60.19500000000001,tracked,1,1,0.13839005551565245,0.7230432392689623,-0.5137881019490244,-0.08968465927639427,-0.15248539570316383,-0.02072632580192697,-0.15786620400375564,-1.5153643726799046,0.5433906032649576
1806,60.22833333333334,tracked,1,1,0.10423215035467097,0.7226467326099197,-0.5139877745883311,-0.08788047432681356,-0.15374508915442342,-0.01303963890899859,-0.1507476740753066,-1.5193056468399488,0.5436395521237141
1807,60.26166666666667,tracked,1,1,0.15931250851170056,0.7225939134200926,-0.5149577336978747,-0.0875740849845909,-0.15512049622701451,-0.012448286441524683,-0.15291665494098663,-1.5197705050214922,0.5448972895930524
1808,60.295,tracked,1,1,0.1815373695727792,0.7234067077488107,-0.5137059790664895,-0.08911388420413677,-0.15505311725666415,-0.013155719836230456,-0.15665677075912937,-1.5152817004462134,0.5439453892236037
1809,60.32833333333334,tracked,1,1,0.21038923338327054,0.7129910948413212,-0.5152575497457133,-0.0885325782405432,-0.1529996734101186,-0.01834224339132025,-0.15354644894080965,-1.5191346113142448,0.5447359544251481
1810,60.36166666666667,tracked,1,1,0.1737248297109727,0.7194427200543407,-0.5156855802308168,-0.09050823862197499,-0.15221489740520988,-0.022536945794508698,-0.15684009894269754,-1.5137562358684082,0.545245572112718
1811,60.395,tracked,1,1,0.2135502263905091,0.7189416131746567,-0.5144659382806576,-0.0905386044555645,-0.15194988720570546,-0.021544012820697834,-0.15831863309604235,-1.5140027591569425,0.5440231693315875
1812,60.428333333333335,tracked,0,1,0.23579950557330462,0.706291352533257,-0.5009812687117546,-0.09468158024297185,-0.1312710327989805,-0.04406550173516611,-0.18495133666366403,-1.4930844619059913,0.5264778412140977
1813,60.46166666666667,tracked,1,1,0.20979801983447685,0.7180284322685996,-0.515703232659224,-0.09014216495003788,-0.15154361850328985,-0.024254713500222472,-0.15448998063124833,-1.5175702129908846,0.5450145891497991
1814,60.495000000000005,tracked,1,1,0.15655459714689404,0.7193289385868789,-0.5146406032108191,-0.09051122168350942,-0.1508929760626826,-0.022962227200575707,-0.15453832037161036,-1.5160073047023541,0.543889622946504
1815,60.528333333333336,tracked,1,1,0.2103038737199865,0.7139174726779876,-0.5161511017913433,-0.0894130663233052,-0.15137979642683752,-0.022751852847884318,-0.15042870077512133,-1.5171560330612213,0.5452728666236604
1816,60.56166666666667,tracked,1,1,0.12079158143718977,0.7099546079966612,-0.5161005713545037,-0.0887727857956187,-0.15059830489016474,-0.023123739884048557,-0.14923715118661593,-1.5168632718740294,0.5449038967434083
1817,60.595000000000006,tracked,1,1,0.1523234078372073,0.7151993710189106,-0.5164752753097172,-0.08926490212629382,-0.15089086488476416,-0.023494600196044622,-0.15034216818485338,-1.517138982907065,0.5454200086754584
1818,60.62833333333334,tracked,1,1,0.16611692275720022,0.7176753067166888,-0.516452092391227,-0.08735032877740392,-0.15314699190110442,-0.014204442510641518,-0.14464860577706717,-1.5199223062288982,0.5457168174073015
1819,60.66166666666667,tracked,1,1,0.17396823460906471,0.705218668495364,-0.5176362125251082,-0.08848493584556372,-0.15459297769266045,-0.018197594585817153,-0.1491243959261468,-1.5180334896894883,0.5474265440593978
1820,60.69500000000001,tracked,1,1,0.1673217692022982,0.71386209140664,-0.5184202999543003,-0.08811434999516829,-0.15364384471248677,-0.018067372069874216,-0.14553475537839394,-1.5194988588898388,0.5478413795048822
1821,60.72833333333334,tracked,1,1,0.162224450034051,0.714427189140926,-0.5182268915637238,-0.08817016725041679,-0.15316734902525825,-0.019930757001612,-0.14841747032960126,-1.5185192243146661,0.547533858624461
1822,60.76166666666667,tracked,1,1,0.16835943161666136,0.7104210128232248,-0.5173546264630657,-0.08763758860296414,-0.154828932149831,-0.014014975033432577,-0.14714414068453255,-1.5188924075079198,0.5470906274919519
1823,60.795,tracked,0,1,0.18000267272398848,0.7151927064085299,-0.5002151760347002,-0.09412733579142829,-0.13327376174768857,-0.038120100288791384,-0.1865623457835675,-1.490785370680702,0.5261530891755727
1824,60.82833333333334,tracked,1,1,0.20218920250705721,0.7143520326806685,-0.5189240727540277,-0.08869336149866017,-0.15549992400087193,-0.017856364148373802,-0.148894455003472,-1.5183187869990848,0.5489343603946071
1825,60.86166666666667,tracked,1,1,0.19098978621767213,0.7119122747508771,-0.5178579885852254,-0.08891903173504567,-0.15550952875228735,-0.01598499472181737,-0.15183288205993034,-1.5162494149768524,0.5479659698183748
1826,60.895,tracked,1,1,0.1726597993277491,0.7196341698170755,-0.5143802716078609,-0.08579128243751155,-0.150088642895984,-0.016192885403105192,-0.14833053778378547,-1.5165725567463355,0.5426544099959087
1827,60.928333333333335,tracked,0,1,0.16704725707558424,0.7128034094860723,-0.4997730636897103,-0.09431679115559277,-0.13285955480345096,-0.037805201312009686,-0.18865834622938826,-1.489904528043763,0.5256619004514765
1828,60.96166666666667,tracked,1,1,0.18899273607064102,0.7153893647409668,-0.5164996247369484,-0.08773392551052123,-0.15466264317883488,-0.014918735758564535,-0.14938447822091672,-1.5176534834010758,0.5462505260720193
1829,60.995000000000005,tracked,1,1,0.1429487348843984,0.710083549432877,-0.5171882740606659,-0.08775201417470921,-0.15445761561306348,-0.012418946292940216,-0.1447151643611767,-1.520313639349266,0.5468466712328436
1830,61.028333333333336,tracked,1,1,0.21214690085223514,0.7202324872573171,-0.5157901385739114,-0.08602227244250762,-0.15201486793304547,-0.014759607437618975,-0.14276150835736995,-1.5193168675971178,0.5445620428187857
1831,61.06166666666667,tracked,1,1,0.17534480163564245,0.7265104376062216,-0.5140003758534071,-0.08615573039545732,-0.15125426579435042,-0.015448976237280795,-0.14770448924922572,-1.5167021382273227,0.542675823285326
1832,61.095000000000006,tracked,1,1,0.14173418200598986,0.7205166441272847,-0.5149913485108122,-0.08675577130707143,-0.1530793179894514,-0.010804259255733547,-0.1454057125545802,-1.5176831236947859,0.5442204796699452
1833,61.12833333333334,tracked,1,1,0.1477939614596746,0.7208523392421758,-0.5156604933907407,-0.0872769589814884,-0.15717013732973711,-0.010357894419040926,-0.1526085067207051,-1.5160822767021291,0.546100232632515
1834,61.16166666666667,tracked,1,1,0.19425066915671976,0.7125393723835417,-0.5158335602306962,-0.08880070007337823,-0.15745044799375896,-0.009540759298236511,-0.15177491828232711,-1.517120613213513,0.5465898551631129
1835,61.19500000000001,tracked,0,1,0.18021496766558276,0.7177389557499204,-0.49738934364323983,-0.09364236510045038,-0.13120954840259424,-0.03914236680898754,-0.1875749963948354,-1.490983997803814,0.5228584868809836
1836,61.22833333333334,tracked,1,1,0.18938569076546397,0.72223853427069,-0.5139222334039694,-0.08699532621017583,-0.16011991543363108,-0.0017059246133291001,-0.1548964738632229,-1.5173296404182814,0.5452729922596681
1837,61.26166666666667,tracked,0,1,0.182802456087912,0.7207492280607755,-0.4965065408382898,-0.0943317077342542,-0.13207856324880546,-0.03524740060543963,-0.18830191239415695,-1.487217562060832,0.5223619081146076
1838,61.295,tracked,0,1,0.1622112681283483,0.7208808140228765,-0.4967960556570009,-0.0946437558266815,-0.13320672941236267,-0.0360315879064594,-0.19086783781762404,-1.4862631052763815,0.5229797263700313
1839,61.32833333333334,tracked,0,1,0.17239247343144734,0.7168044043895181,-0.49817117041868775,-0.09529337627751111,-0.1348062405930358,-0.03704033107276965,-0.19073693362733915,-1.4881377074292117,0.5248124094393348
1840,61.36166666666667,tracked,1,1,0.13804166889477962,0.7158351457334792,-0.5171787170514949,-0.08875150054127981,-0.16848532569425412,0.005698321804813327,-0.15925767667857454,-1.5182460028206193,0.5511242683766139
1841,61.395,tracked,1,1,0.13700052267662186,0.7219913319829016,-0.5145139395106441,-0.08829418835992012,-0.16800148782583008,0.008867733150912587,-0.1584132820087712,-1.5165265645496195,0.5484021859553372
1842,61.428333333333335,tracked,1,1,0.18440797838501324,0.7261246919153335,-0.513940406609772,-0.0871280707517913,-0.16843642333774633,0.01128578947294052,-0.15926607030870876,-1.5184570457527085,0.5478109810563854
1843,61.46166666666667,tracked,0,1,0.16314177673370578,0.7240343752907418,-0.4975126549629894,-0.09602288152672145,-0.13548155969050685,-0.037669363639192203,-0.19435818641468822,-1.4875603041955292,0.5244945077321493
1844,61.495000000000005,tracked,1,1,0.16538683056777828,0.7197885143112331,-0.5155512289039906,-0.08796377191216387,-0.1749796427939571,0.021059395590242922,-0.15960590600660565,-1.5205065706108045,0.5514966638029019
1845,61.528333333333336,tracked,0,1,0.14917961350115505,0.7203286856268413,-0.4985809062712777,-0.09803836208775812,-0.1375544646844548,-0.03602208919320432,-0.19484869119483325,-1.4851960332476555,0.5264177725853924
1846,61.56166666666667,tracked,0,1,0.13887881495787915,0.7149381290623871,-0.49970288205509994,-0.09800800038414681,-0.13840957305938,-0.04002188441526765,-0.19674520000760062,-1.487594233467428,0.5276985393081469
1847,61.595000000000006,tracked,0,1,0.22001572450163645,0.7197596979711802,-0.49891038713723446,-0.09868015535582836,-0.13873508441869958,-0.03827087834595277,-0.1977760909461654,-1.4862758113264936,0.5271591515881511
1848,61.62833333333334,tracked,1,1,0.22771619786407102,0.7179135789005874,-0.5156902782333305,-0.08767870378590359,-0.1802742051941028,0.030745511862323823,-0.16479557172929724,-1.521169646052331,0.5532836589131397
1849,61.66166666666667,tracked,0,1,0.21723496546669727,0.7093922605657361,-0.49918394601019467,-0.0993378513992339,-0.13969119347729897,-0.03920944560487715,-0.19871992559239837,-1.4874501630583843,0.5277937572670194
1850,61.69500000000001,tracked,0,1,0.18127203079583482,0.7084056397523051,-0.5010640431689852,-0.10009664578673466,-0.14039371872715106,-0.0433597106193753,-0.1984371383078439,-1.4870952170409852,0.5299008493224409
1851,61.72833333333334,tracked,0,1,0.18385154768169124,0.7174700331571449,-0.49936511639531106,-0.09897471167942351,-0.13965297406941535,-0.04038816541031648,-0.19966747706436588,-1.4877316620439733,0.5278867929688718
1852,61.76166666666667,tracked,0,1,0.19005407339187413,0.7045291062664805,-0.5003046749369737,-0.09912108299794509,-0.1406073929829762,-0.04089145347250909,-0.1971326473148759,-1.487457244566273,0.5290559477219263
1853,61.795,tracked,0,1,0.15266987597603482,0.7203204253772006,-0.4965204788267375,-0.09779219917399301,-0.1398325657271346,-0.03349978664959039,-0.19801494814032686,-1.485952211220392,0.5250229009780926
1854,61.82833333333334,tracked,0,1,0.15727094668126754,0.7180185162606473,-0.499297863157129,-0.09889799753246553,-0.14043703081679815,-0.04057077598465054,-0.2003584354760796,-1.4857372416832189,0.528016789215878
1855,61.86166666666667,tracked,0,1,0.165747344996453,0.7136040246965376,-0.4994178830373848,-0.09912583325607832,-0.14072181163666103,-0.038978032195604126,-0.20123969745938802,-1.4850423334021836,0.52824878701854
1856,61.895,tracked,0,1,0.15707136929697355,0.7088527312303626,-0.4981523587906893,-0.09902775293036109,-0.14102227335119222,-0.035520425883289616,-0.197416313627663,-1.4877966391854667,0.5271143614058553
1857,61.928333333333335,tracked,0,1,0.190166351356039,0.7190393691271172,-0.49822864730860733,-0.09900873911155711,-0.1398321491321463,-0.03718773992267023,-0.19744917982160115,-1.4847372851445737,0.5268657754593098
1858,61.96166666666667,tracked,0,1,0.20840609975410437,0.7186643374551083,-0.49825418755604434,-0.09903316166557302,-0.1399096704572111,-0.03730330631359703,-0.198767430368475,-1.4875439010839506,0.526915096020278
1859,61.995000000000005,tracked,0,1,0.19420719770869566,0.7171591238361192,-0.4998895643650475,-0.09927099704848397,-0.14068195172353054,-0.038833264082609106,-0.19913086324666604,-1.4874114673165435,0.5287113758534223
1860,62.028333333333336,tracked,0,1,0.21216318917873672,0.7201095482929283,-0.4988135892956232,-0.09905100093281999,-0.1401881466614895,-0.03890093276624727,-0.19823956681864127,-1.4859961006567954,0.5275213873542565
1861,62.06166666666667,tracked,1,1,0.18891265372162402,0.7172417920297189,-0.5166482347021133,-0.08634013343061739,-0.19026752327003194,0.0481531132040558,-0.16662604808509932,-1.5238468137460959,0.5572986160694632
1862,62.095000000000006,tracked,0,1,0.16184454420157485,0.7162740650935626,-0.49855860205441893,-0.09988592676176145,-0.14232202359218216,-0.03426632686988533,-0.20168126303550127,-1.4843551532881494,0.5280089359536314
1863,62.12833333333334,tracked,0,1,0.12748067031947602,0.7260710102894015,-0.4961316444700644,-0.0973184906642055,-0.13924043648086715,-0.03520252949729878,-0.20192258532977883,-1.483827791483909,0.52440956934548
1864,62.16166666666667,tracked,1,1,0.2392697526056982,0.7156780223834873,-0.5167918875391805,-0.08564710356288191,-0.19164733848323834,0.051667472621431544,-0.162159332079985,-1.5257739923338889,0.5577974396882159
1865,62.19500000000001,tracked,0,1,0.13144688376685007,0.717252089935896,-0.49820982991489343,-0.10042261553090903,-0.1428703991551179,-0.032473831243761984,-0.2029185880325492,-1.4836682942950088,0.5279296234240304
1866,62.22833333333334,tracked,0,1,0.13509427828003165,0.7163428676737617,-0.49911185879603326,-0.1009744117068459,-0.14297019211700474,-0.03733986932476363,-0.20503517251277037,-1.4834540065443225,0.5289129940210849
1867,62.26166666666667,tracked,0,1,0.13200154107293147,0.7163611227799278,-0.4976265572017771,-0.09998209521191331,-0.14167743728794907,-0.03603133037459701,-0.20293588666107554,-1.4843645340293292,0.5269735344701272
1868,62.295,tracked,1,1,0.1294231137284084,0.7129348107133331,-0.5165418525580912,-0.08616450107121001,-0.19477045324226627,0.05816441471329414,-0.1663644042338771,-1.5241339062872357,0.558726530733232
1869,62.32833333333334,tracked,1,1,0.17388223242876044,0.7156071247931564,-0.5169959749271535,-0.08583229496978995,-0.19183579321524308,0.05180124110486062,-0.16146090086909204,-1.5251781765035668,0.5580797366946596
1870,62.36166666666667,tracked,1,1,0.18483572720077107,0.7104228464496867,-0.5183009715111011,-0.08598258492635166,-0.19224403168946896,0.04995506504956008,-0.16091177164129383,-1.525480823760536,0.5594521156454679
1871,62.395,tracked,0,1,0.24067600058935715,0.7042119146281478,-0.49934684205275914,-0.10099052334659081,-0.14374679310884275,-0.03538603208248637,-0.20385671917249765,-1.4832088029442558,0.5293481793705896
1872,62.428333333333335,tracked,1,1,0.20642138488796158,0.7059108811398612,-0.5183453414523698,-0.08647748809403427,-0.19255765639310513,0.05129969836863381,-0.16198751485933388,-1.5242979537365984,0.5596773177358833
1873,62.46166666666667,tracked,1,1,0.22609154643552892,0.7112254473085708,-0.5186803844542991,-0.08623191411624631,-0.19177689426633637,0.049698772495984714,-0.16024634556929698,-1.5248721239403795,0.5596817501082672
1874,62.495000000000005,tracked,0,1,0.17726212362583244,0.6853799165714201,-0.4999268615653389,-0.10087298525795807,-0.14332081159172755,-0.036909701478899735,-0.2014830982294105,-1.4834669639333151,0.5297575682373337
1875,62.528333333333336,tracked,0,1,0.21308184665339772,0.7099881800653325,-0.4990929984738909,-0.10087077750020901,-0.1416509665588372,-0.03746698796913347,-0.19875358252119246,-1.484634978361308,0.5285203224155234
1876,62.56166666666667,tracked,0,1,0.13622926204869695,0.7148593641468453,-0.4994369383340899,-0.10114990241667032,-0.14327129140629408,-0.0345713051574145,-0.20186001223325806,-1.4805530412341643,0.5293346966453821
1877,62.595000000000006,tracked,0,1,0.19026147087417802,0.7113739970410942,-0.49799882109394866,-0.10054713348073191,-0.14229596788312254,-0.035356299073090035,-0.20271156305932678,-1.4816129111704972,0.5275989900842775
1878,62.62833333333334,tracked,0,1,0.19799296434171912,0.6953599307053712,-0.4989888891319206,-0.10103349322115096,-0.14412891905938546,-0.03537697031688499,-0.20291361157623972,-1.483995428485063,0.5291226923302415
1879,62.66166666666667,tracked,0,1,0.20055064541315482,0.7080376430058711,-0.4985360202829735,-0.10060906874283848,-0.14290589454988928,-0.03371972733923736,-0.20008361753944628,-1.4862779368978716,0.5282825408150364
1880,62.69500000000001,tracked,0,1,0.18343708326715955,0.7121751100826132,-0.4999013092259593,-0.10135107148732275,-0.14434069075887407,-0.03728141451413593,-0.20369345836609637,-1.4829586649552318,0.5301014937407793
1881,62.72833333333334,tracked,0,1,0.20594111328260292,0.7114573490909982,-0.49924807408761596,-0.10059355115405955,-0.1426496844367292,-0.035110338930707495,-0.19963575802309735,-1.4840815881907758,0.5288824391902954
1882,62.76166666666667,tracked,0,1,0.14688786467662684,0.7146738167434821,-0.49910015555458037,-0.10132438691722817,-0.14343685869603684,-0.03486894783055678,-0.20255779115465106,-1.4823381779892377,0.5290951985147335
1883,62.795,tracked,0,1,0.13450705796493512,0.7159344415211826,-0.4982918238743927,-0.10140804672613313,-0.14181236799698593,-0.035851624653232696,-0.2007995638219815,-1.4823666735892065,0.527910107307855
1884,62.82833333333334,tracked,0,1,0.1557732977707549,0.7117629000680016,-0.4998574547658514,-0.10228747150852585,-0.14389750697605297,-0.037283178618165456,-0.2028182830322641,-1.4813748096468469,0.5301195095698006
1885,62.86166666666667,tracked,1,1,0.16815985139428288,0.716036580059746,-0.517552948716386,-0.08679754929426214,-0.1949638098829269,0.05497902787003372,-0.16517554455518804,-1.5239624274708405,0.5598265413970492
1886,62.895,tracked,0,1,0.17726157210466367,0.7151244214572168,-0.49955023792846537,-0.10230614730459858,-0.14328641379417056,-0.03665459064014243,-0.20410549118472085,-1.4821676872215317,0.5296678056751145
1887,62.928333333333335,tracked,0,1,0.17404759367064698,0.7114095399167828,-0.5002301289252454,-0.10249117745209657,-0.14364052033170843,-0.038592063946354276,-0.2041919131879015,-1.4827717060827423,0.5304405927351797
1888,62.96166666666667,tracked,0,1,0.13282897341260455,0.7139347745547029,-0.500222105047904,-0.10208642431706982,-0.14444205115098985,-0.03558371114808152,-0.20392693610593082,-1.4829995237359368,0.5305726138325518
1889,62.995000000000005,tracked,0,1,0.12390043571765391,0.7116326219745364,-0.4994123264592657,-0.10194949656952312,-0.142820944414071,-0.03502116946636408,-0.20058733551208313,-1.48614939753441,0.529343172085522
1890,63.028333333333336,tracked,0,1,0.1909807561767215,0.7117444652533189,-0.5007325336591786,-0.10240650641807769,-0.14342888987865204,-0.03822895721000322,-0.2037963849518207,-1.4855976496935317,0.5308408511722875
1891,63.06166666666667,tracked,0,1,0.17941108321686847,0.7119942419059577,-0.4995669713223897,-0.10199296083058457,-0.14337128849641773,-0.034443231388036094,-0.2048603111057267,-1.4854603483497422,0.52964615476782
1892,63.095000000000006,tracked,0,1,0.1620057495122011,0.7084049561001253,-0.5002526708877391,-0.10223737807836975,-0.14388283493705117,-0.03557863919851345,-0.20447740498481465,-1.4856452824562725,0.5304785447086232
1893,63.12833333333334,tracked,0,1,0.16919218134762004,0.7111726808755809,-0.5007001917059458,-0.10235444696345036,-0.14421086963018437,-0.036233163791853866,-0.204771377346879,-1.4851864147751903,0.5310121370619119
1894,63.16166666666667,tracked,1,1,0.19238757059249773,0.7072416809956443,-0.5187894514130564,-0.08592216012041098,-0.19610228137341174,0.0595465096904579,-0.1627428871893338,-1.531889651521064,0.5612318747693099
1895,63.19500000000001,tracked,0,1,0.21231661887614867,0.7091589570519239,-0.5005024493276339,-0.10277025900558945,-0.1429958226023842,-0.035513444021461615,-0.20299972950068346,-1.4897353192448,0.530577264119722
1896,63.22833333333334,tracked,1,1,0.1685691926624246,0.7107229719392483,-0.5173052244518953,-0.08680259329511134,-0.19690297906095688,0.06143581545377629,-0.1668354118190018,-1.5325797249719721,0.5602768678172086
1897,63.26166666666667,tracked,0,1,0.1538082094089912,0.7090751256856667,-0.5002564990659959,-0.10258454264540018,-0.1432487503525945,-0.0333621911707539,-0.2031529553470625,-1.4926595849113604,0.5303775614834328
1898,63.296666666666674,tracked,0,1,0.17425761213868285,0.7118423200290485,-0.5005920796914114,-0.10259338863017275,-0.14307891665884886,-0.03576557478122699,-0.20495287635713602,-1.4919135136479582,0.530649988252769
1899,63.330000000000005,tracked,0,1,0.12387044792743578,0.7104309834029884,-0.5018764138581749,-0.10323494408406625,-0.14406469815992806,-0.03871080596404364,-0.2048596961086767,-1.490225993334232,0.532251844264624
1900,63.36333333333334,tracked,1,1,0.15068869003748606,0.7055712860496076,-0.5190675072160782,-0.0864786516247299,-0.1989165171616285,0.06352570999005806,-0.16389190819282717,-1.5362273390451742,0.5625632542515172
1901,63.39666666666667,tracked,1,1,0.22884984208382605,0.7090193391249514,-0.5187818513078849,-0.08772622182561599,-0.19671016740693426,0.05869697276289728,-0.16814427930570763,-1.534691639397305,0.5617164669150243
1902,63.43000000000001,tracked,1,1,0.2106790728614958,0.7042474485496563,-0.5180413282447005,-0.08709238632921576,-0.19867140666400795,0.06224779602254252,-0.16879799552132527,-1.534470834168474,0.5616246338542377
1903,63.46333333333334,tracked,0,1,0.16084160369873085,0.7152742174500999,-0.500192034871748,-0.10322501822931085,-0.14179553726732902,-0.03984237502397891,-0.20562299834782277,-1.4878102431559195,0.5300504226264818
1904,63.49666666666667,tracked,1,1,0.1658256260838895,0.7133570778171694,-0.5156764528749422,-0.0860105787079781,-0.19720173094241822,0.06329495763182506,-0.1721937335283636,-1.5303521190159213,0.5587562495275107
1905,63.53,tracked,1,1,0.14906085596200236,0.7107330967033112,-0.5182904138143063,-0.08836133136276542,-0.19694329063890992,0.05702939257835834,-0.1710252598759471,-1.5304099249135026,0.5614439755306734
1906,63.56333333333334,tracked,0,1,0.17375184541497568,0.7032290385259683,-0.5008016344632183,-0.10309177153346138,-0.14404057135150106,-0.03503937976724825,-0.20471453806134554,-1.4921576560215433,0.5312041760323475
1907,63.59666666666667,tracked,0,1,0.1923963492345694,0.7039975440195451,-0.5005555345248377,-0.10288260019944795,-0.14310851989908385,-0.03677366501350434,-0.2059619140544043,-1.4895289215693897,0.5306794899324374
1908,63.63,tracked,0,1,0.1923939998496256,0.702787444183785,-0.5027888254931799,-0.10422578386917158,-0.14438377486559278,-0.04260573569867552,-0.20443980185607297,-1.490231618035865,0.5333913118043757
1909,63.663333333333334,tracked,0,1,0.1372982287042735,0.686086943195976,-0.502153758272992,-0.10385160906585278,-0.14475353754529863,-0.03663401279742165,-0.20302789638831686,-1.4912724512797926,0.532819988631372
1910,63.69666666666667,missing_tag,0,0,,,,,,,,,
1911,63.730000000000004,missing_tag,0,0,,,,,,,,,
1912,63.763333333333335,missing_tag,0,0,,,,,,,,,
1913,63.796666666666674,missing_tag,0,0,,,,,,,,,
1914,63.830000000000005,missing_tag,0,0,,,,,,,,,
1915,63.86333333333334,missing_tag,0,0,,,,,,,,,
1916,63.89666666666667,missing_tag,0,0,,,,,,,,,
1917,63.93000000000001,missing_tag,0,0,,,,,,,,,
1918,63.96333333333334,missing_tag,0,0,,,,,,,,,
1919,63.99666666666667,tracked,0,1,0.2042484319532825,0.6984077397433104,-0.501618072962037,-0.10263284640736903,-0.1447973668498742,-0.03484463429446349,-0.2035614766520855,-1.488467671478703,0.5320906593151989
1920,64.03,tracked,1,1,0.1675685067982601,0.6993919907131302,-0.5206075575001521,-0.0880017071380455,-0.18734814323698962,0.03993929831040812,-0.1597788773616431,-1.5313371487188014,0.5602462460024449
1921,64.06333333333333,tracked,0,1,0.17687855497534502,0.7009531709951226,-0.5008446945222151,-0.10176695668857355,-0.1427422811264828,-0.0346179360016297,-0.19968627250815987,-1.4907119526415231,0.5306385590266663
1922,64.09666666666666,tracked,1,1,0.15943654987067252,0.7028741009809993,-0.5177603713991692,-0.08719320764181748,-0.18977049865672307,0.04922945314115526,-0.16330880876004145,-1.5288202735653789,0.5582932023683399
1923,64.13000000000001,tracked,0,1,0.14083914469773137,0.6991558337755772,-0.500854084449805,-0.10245652594504734,-0.143946067452349,-0.03419479381124733,-0.20308514442061326,-1.4898917877576956,0.531105096900582
1924,64.16333333333334,tracked,0,1,0.19283875154870742,0.6973268429827356,-0.5010768405237628,-0.10165958257382396,-0.14344870949997518,-0.0358432132945547,-0.20099596364984432,-1.492861106026933,0.5310274974947802
1925,64.19666666666667,tracked,1,1,0.2132165060548567,0.6990679875219816,-0.5199909025299205,-0.08689050856346095,-0.18895233091740726,0.04473504051942705,-0.15811627473521964,-1.5318322222077518,0.560038822360932
1926,64.23,tracked,1,1,0.19153263067087603,0.6956808722123771,-0.5204477589564697,-0.08755382996490449,-0.1888542820047307,0.04285708792128799,-0.15796561583821783,-1.532703050106747,0.5605332129105797
1927,64.26333333333334,tracked,0,1,0.16799461478683134,0.6963780515993232,-0.5016306372287682,-0.10227841819330497,-0.14371325565377996,-0.03809183198109206,-0.2031220949527241,-1.489791471002569,0.5317402287633252
1928,64.29666666666667,tracked,1,1,0.16637119468483005,0.6928024299299852,-0.5191942739030143,-0.08564832159041941,-0.1915425357235791,0.05216627935524534,-0.15971644781294686,-1.533517934759097,0.5599882784812131
1929,64.33,tracked,0,1,0.15920141507301402,0.6967080236920202,-0.5008130744633407,-0.10129837033573391,-0.14314942427662408,-0.03233474844925075,-0.20005542566009557,-1.4929749350616095,0.5306287337271023
1930,64.36333333333334,tracked,1,1,0.1586474147688433,0.698266682832291,-0.5198212956438334,-0.08673041615723392,-0.18942746208107347,0.04709339808623088,-0.15881062596342752,-1.5315764861797014,0.5600170603491622
1931,64.39666666666668,tracked,0,1,0.1898230777901717,0.6957189604473935,-0.5020187044085371,-0.10152566705265786,-0.14432153897630162,-0.03716561067351142,-0.2007836099920752,-1.4929725268734972,0.5321268150159335
1932,64.43,tracked,0,1,0.14991862369465467,0.6953560680357549,-0.5028557176762839,-0.10251572219501814,-0.14387218351616832,-0.040953506814359726,-0.20113024277306482,-1.4907574476122942,0.5329845694638886
1933,64.46333333333334,tracked,0,1,0.17128674425150917,0.6948505074736464,-0.5004762542654722,-0.101046111450661,-0.14340473896334505,-0.03411531203696921,-0.20378033644148527,-1.4901127348598575,0.5303317045774674
1934,64.49666666666667,tracked,1,1,0.14964299309567577,0.6949917489165517,-0.5197497307428134,-0.08746197647688025,-0.18764115606948872,0.042623166878082985,-0.15902302121041187,-1.5303255392965343,0.5594627631822905
1935,64.53,tracked,1,1,0.21080896803059082,0.6957915161422076,-0.5195098524178794,-0.08747270475357444,-0.18718359321720224,0.039985573869491614,-0.16132016110924888,-1.5302602840504833,0.5590882384792725
1936,64.56333333333333,tracked,0,1,0.1809163516589494,0.6972082591769835,-0.5012106821828273,-0.10153133324063968,-0.14340004470689222,-0.03598186777334607,-0.20198870533299249,-1.4910420261463415,0.5311161194934075
1937,64.59666666666666,tracked,0,1,0.13861420866872287,0.6986120122953248,-0.5014221054307648,-0.10109432707450522,-0.14304645991983678,-0.035075581298595275,-0.2013065386614538,-1.4899895364060196,0.5311369696009359
1938,64.63000000000001,tracked,0,1,0.15195661154819842,0.6999182187911313,-0.5005378841902086,-0.10152479642301782,-0.14168996128836803,-0.035954706097802915,-0.2014073778017343,-1.491683703177485,0.5300202853931585
1939,64.66333333333334,tracked,0,1,0.15038323065238265,0.6935569285276137,-0.5013426414564989,-0.10169585204902792,-0.14284637918510645,-0.0379547750581199,-0.2005116986072536,-1.4907929916935254,0.5311229410530602
1940,64.69666666666667,tracked,0,1,0.15751042373844296,0.698889266595495,-0.5016987127728704,-0.10161665355918592,-0.14225236381955686,-0.038612305955265956,-0.19891711593938627,-1.4913332658008889,0.5312845543499023
1941,64.73,tracked,0,1,0.16348319569107436,0.6908774379323757,-0.501648936446492,-0.10233263138329529,-0.1431474765981814,-0.038454493380215705,-0.19951254580397768,-1.4924525404380393,0.5316152959990457
1942,64.76333333333334,tracked,0,1,0.15754361091901567,0.6896966817106078,-0.49999127802176446,-0.10173002109546647,-0.14224802281297327,-0.03611605289518781,-0.201279999609078,-1.4916216229233352,0.5296930953713873
1943,64.79666666666667,tracked,1,1,0.17771304953873465,0.6927639427826717,-0.5153033054919716,-0.08865734579127316,-0.1900369537251662,0.05125809286513852,-0.1705800644504626,-1.528383444961548,0.5563377260215655
1944,64.83,tracked,0,1,0.17248868060510278,0.7035775627621955,-0.5001693091561374,-0.10284762575818895,-0.14281887784748787,-0.040858518602510566,-0.20367801269772343,-1.4900500916922945,0.5302303309085967
1945,64.86333333333334,tracked,1,1,0.16011685063553868,0.7026494213228048,-0.5171101942347109,-0.0892407936469076,-0.19723104304248146,0.05545412815303924,-0.17799723777809418,-1.5276990676769475,0.5605951806533976
1946,64.89666666666668,tracked,1,1,0.15790888122911714,0.7010268791396633,-0.5165020573113145,-0.08976848036356871,-0.19650035043916325,0.05279148762751232,-0.1757811779692991,-1.5303240848040867,0.5598617177449435
1947,64.93,tracked,1,1,0.22160545791611153,0.7025150142814461,-0.5165806422139639,-0.08816845460831552,-0.19894382071984495,0.05753916968831905,-0.17445150048944705,-1.5312286025617814,0.5605424873288553
1948,64.96333333333334,tracked,0,1,0.16129083518080997,0.7029295075525402,-0.5020809829807833,-0.10418265971660717,-0.14466153604779736,-0.04440104489013089,-0.20456750603019017,-1.4939378769718246,0.5327910472861609
1949,64.99666666666667,tracked,0,1,0.17310398594889245,0.7077089851564,-0.5018364451850847,-0.10471727049468454,-0.14483017101072782,-0.04432982475170871,-0.20677178574617172,-1.489298402795156,0.5327112753554745
1950,65.03,tracked,0,1,0.1431001005182756,0.7084487129604159,-0.5016818966356844,-0.10473368987885562,-0.1454271258507293,-0.043646493559665864,-0.2061009926021064,-1.4913393352916677,0.5327315648061617
1951,65.06333333333333,tracked,0,1,0.19548660527804843,0.7139853860061889,-0.5004728840764572,-0.10394973805703411,-0.1438099692079544,-0.04504104787178093,-0.20654566483380482,-1.4927383454495027,0.5309990235221961
1952,65.09666666666666,tracked,0,1,0.1344220846359676,0.7155318459326415,-0.5006593150438379,-0.10468999672554624,-0.14412684924218322,-0.04478904410028929,-0.20512078456106303,-1.4911984951463244,0.5314059595328593
1953,65.13000000000001,tracked,0,1,0.199781943816134,0.7168964831397806,-0.5012165734228982,-0.10538485298432382,-0.14418582706111738,-0.04862573903942775,-0.2061656750366323,-1.4906547649476536,0.5320841789018138
1954,65.16333333333334,tracked,0,1,0.1719410352349372,0.7200918426863203,-0.5006426165172153,-0.10473757766495062,-0.14424567075178424,-0.047687416810920216,-0.20830008882620893,-1.4899815829322858,0.5314318424586141
1955,65.19666666666667,tracked,0,1,0.2084507963987934,0.719817426329756,-0.49973221443758575,-0.10477776901724029,-0.14376049897791654,-0.046533737679654213,-0.2048911770332234,-1.4931715487342285,0.5304505142737661
1956,65.23,tracked,0,1,0.18349868990370324,0.7268604741273417,-0.4989553714679534,-0.10430699376509278,-0.14253984305575368,-0.047945907024483175,-0.20703892758033843,-1.490015774105707,0.5292957760301827
1957,65.26333333333334,tracked,0,1,0.17098660419177245,0.7244276931541512,-0.4995314386512034,-0.10522566614339252,-0.143338834433145,-0.0485233540718695,-0.2073512214997253,-1.491537794318354,0.530235910206876
1958,65.29666666666667,tracked,0,1,0.21299428576641188,0.7254409273313648,-0.49995108550378564,-0.10585527031295383,-0.14347412746918448,-0.051049670625836055,-0.20820528186375478,-1.4908242113873458,0.5307930400848205
1959,65.33,tracked,0,1,0.14586990174000675,0.7299538100970766,-0.49890048690832944,-0.10471475755822574,-0.14156670399501903,-0.051775911941733636,-0.20598166233849774,-1.4925530774426992,0.5290633307722805
1960,65.36333333333334,tracked,0,1,0.17745940027804244,0.7289565042177512,-0.4991502613935792,-0.1052549505501556,-0.14344753716208875,-0.05085724490308906,-0.20752390740855506,-1.4917787167184415,0.5299120530639617
1961,65.39666666666668,tracked,0,1,0.18102524850485194,0.7355907478903517,-0.49744617483134934,-0.10436992401982698,-0.14227680836332557,-0.05042558336273779,-0.20846038436960942,-1.4901579955026325,0.5278148047301253
1962,65.43,tracked,0,1,0.1924997200721936,0.7322085883537284,-0.49876691745719137,-0.10493334623055733,-0.14280209211686967,-0.05397554743388039,-0.2083471793632556,-1.4912061013345186,0.5293126510993722
1963,65.46333333333334,tracked,0,1,0.1674327935042038,0.7326257865279329,-0.5004108021439722,-0.10676447074647644,-0.14392583989293883,-0.05690047930999033,-0.21080381388962474,-1.4909104488109148,0.5315301219169396
1964,65.49666666666667,tracked,0,1,0.22220670916500646,0.7327342156606853,-0.500713133110631,-0.10712659601025115,-0.1445699871763812,-0.05763635029725126,-0.21077363933348553,-1.4915490417240256,0.5320622430077021
1965,65.53,tracked,0,1,0.19661179665803816,0.7424653127418316,-0.49943696065161736,-0.10726094642061729,-0.14353906233758262,-0.05916785266007045,-0.211461058487209,-1.4903195651209393,0.5306087548361073
1966,65.56333333333333,tracked,0,1,0.18749371960751013,0.7434252992271514,-0.4988927638442848,-0.10697500475167515,-0.1436018224683781,-0.05730623459998578,-0.2098734434094137,-1.491770686425033,0.530055775248275
1967,65.59666666666666,tracked,0,1,0.14584770845936304,0.74715456518601,-0.4982274617952145,-0.10674327501539177,-0.14252924870321965,-0.05803405318324368,-0.20995120725252217,-1.4922401833110723,0.5290929192342473
1968,65.63000000000001,tracked,0,1,0.18473358619918429,0.745119366011165,-0.49840073870901425,-0.10736739608775592,-0.14348558636257147,-0.05774823371222614,-0.2100336545927067,-1.493850359666508,0.5296406022787218
1969,65.66333333333334,tracked,0,1,0.15895291553765162,0.7502769617308616,-0.49580520655716925,-0.10546638982330753,-0.141112785476803,-0.0598313587332924,-0.21291881539611549,-1.4909515567927119,0.5261737169952347
1970,65.69666666666667,tracked,0,1,0.18641435304991932,0.7415533361273337,-0.49527985437597044,-0.10525660610289572,-0.14035404461769363,-0.05950412253302906,-0.2157932745366498,-1.4869870616268248,0.5254334830590149
1971,65.73,tracked,0,1,0.18915039945185524,0.7542064919783402,-0.4955343855961719,-0.10494612727568092,-0.1410340087029956,-0.05684725867773419,-0.2153427808680482,-1.4910373879074175,0.5257933135264994
1972,65.76333333333334,tracked,0,1,0.18349307904582907,0.7407177145835719,-0.49736950069741787,-0.10650546863021088,-0.14240909555840853,-0.060154516962724065,-0.21357317000348527,-1.4934338123897284,0.528204681510779
1973,65.79666666666667,tracked,0,1,0.19944721063245197,0.7398224174652757,-0.4978920788198319,-0.1061170926756349,-0.14331109753960097,-0.05886427754485788,-0.21357320803346982,-1.4914908854939128,0.5288623924873728
1974,65.83,tracked,0,1,0.1907963315978228,0.7286976061738272,-0.49709634422390947,-0.10529090532280522,-0.1417606636331709,-0.05899179528570078,-0.21300641889198263,-1.4920522167902022,0.5275291801769723
1975,65.86333333333334,tracked,0,1,0.23438251471837585,0.7352857598786264,-0.4973476757519595,-0.1054293902473557,-0.14307896587204633,-0.056816809484883435,-0.21329399642180275,-1.4949159961062477,0.5281492756587096
1976,65.89666666666668,tracked,0,1,0.19115851750655816,0.7416008275774322,-0.49748033286818477,-0.10637292316229663,-0.14250274437675253,-0.06186658406110887,-0.2107602307457849,-1.4918134064498834,0.5283075927219274
1977,65.93,tracked,0,1,0.18021202025954589,0.759977784425435,-0.49103084264313523,-0.10280922114174895,-0.13805062527967982,-0.059306566295528385,-0.21453029169798432,-1.4895423993196262,0.5203258589756145
1978,65.96333333333334,tracked,0,1,0.2020767128164379,0.797638196576133,-0.48052037664753666,-0.09441678870529413,-0.12639035911062452,-0.05139430396544864,-0.21737116638620052,-1.482863045080337,0.5057557565060662
1979,65.99666666666667,tracked,0,1,0.19293553599829683,0.7494861103537516,-0.49275058668229266,-0.10058388568237309,-0.1383721945431538,-0.04885628627225647,-0.20892800454973826,-1.4931063609238793,0.5216005396444646
1980,66.03,tracked,0,1,0.10618190854677981,0.7347151269400858,-0.49590632176219746,-0.10209077284375095,-0.13943196170186634,-0.05309608231361053,-0.20798164378827846,-1.4926329060768737,0.5251541467108274
1981,66.06333333333333,tracked,0,1,0.1207624961137283,0.7387713664504476,-0.49524833788304534,-0.09982541092709923,-0.1380037031721642,-0.052847281850934374,-0.20527342522091976,-1.494252279422742,0.5237184844283368
1982,66.09666666666666,tracked,0,1,0.15737492112304957,0.736562417642372,-0.49592863686042,-0.10130479316030738,-0.13969156114472764,-0.05166725286387286,-0.20259026171976807,-1.4971976767949018,0.5250919978732662
1983,66.13000000000001,tracked,0,1,0.17365941143895766,0.7365238471898388,-0.49648208542612104,-0.10257586143656261,-0.14055640493584087,-0.05366762754743521,-0.20586297706627163,-1.4944215991291565,0.5260915998825786
1984,66.16333333333334,tracked,0,1,0.15028756332503207,0.7368808672049463,-0.49589732119595065,-0.10171344273919941,-0.13983453939874435,-0.05147446559293642,-0.2049529015269435,-1.4934383225079961,0.5251794702880523
1985,66.19666666666667,tracked,0,1,0.1789652715745903,0.737559185794057,-0.49649042883197925,-0.1015660747096035,-0.13989105802721746,-0.051671791990819664,-0.20498073982265533,-1.4954267773568684,0.5257260898696713
1986,66.23,tracked,0,1,0.18023548718802382,0.7309628057135826,-0.4977334509622448,-0.10365451598555298,-0.14202448904270404,-0.054112495411377054,-0.20731239234851598,-1.4923614093034037,0.5278766923996794
1987,66.26333333333334,tracked,0,1,0.1588065034660151,0.7340014519944157,-0.4979633596646128,-0.10300581144132998,-0.1415010990234578,-0.05424380105668136,-0.20822166618763113,-1.4917193840365182,0.5278259805883012
1988,66.29666666666667,tracked,0,1,0.13157163512158307,0.7301904239227583,-0.4965782942609307,-0.10244325535073207,-0.14054376897889576,-0.05073197398014505,-0.20606592965484,-1.4933750518306648,0.5261531848204893
1989,66.33,tracked,0,1,0.16222469932492664,0.7308536448359224,-0.4958084893232571,-0.10157958932024413,-0.1405837436427244,-0.0450629451687527,-0.20458470659082906,-1.4936861344675065,0.5252697021798259
1990,66.36333333333334,tracked,0,1,0.17696580585779095,0.7279263775273954,-0.4976897302759886,-0.10275000054715944,-0.14228763686769708,-0.05116883030338879,-0.20677081243827886,-1.4936106729980216,0.5277294778956556
1991,66.39666666666668,tracked,0,1,0.18735674815970318,0.7356841350253843,-0.4947727275854144,-0.10121583069503837,-0.1396656547861534,-0.045723636110075794,-0.20708482800350406,-1.4899358431628116,0.5239763272061462
1992,66.43,tracked,0,1,0.2236561158804069,0.728536110064944,-0.49523911545783694,-0.10095488745107645,-0.1401207031690384,-0.046063343653436686,-0.20532632609128054,-1.4934122980800455,0.52448782849205
1993,66.46333333333334,tracked,0,1,0.11905221846244568,0.7306437681231157,-0.4957269638489312,-0.10000893185945248,-0.13931409306726222,-0.04844418805929703,-0.20521116187546196,-1.4934345476878326,0.5245525957096219
1994,66.49666666666667,tracked,0,1,0.16679274012442494,0.7276346978871123,-0.4962447817147673,-0.1001550199048391,-0.1399631833679495,-0.047509240307643856,-0.20333190854204325,-1.4945439142404306,0.5252424241145854
1995,66.53,tracked,0,1,0.16601458215141127,0.7296225427070957,-0.4954383826325121,-0.09953962448012216,-0.13897616887046155,-0.04523365244141952,-0.20131810755979157,-1.4953271373166068,0.5241008522613507
1996,66.56333333333333,tracked,0,1,0.17448048216521583,0.7294143863349964,-0.4963019765463661,-0.10032670184794545,-0.13964713326524886,-0.04794376605537961,-0.2027898217965525,-1.4940403338975519,0.5252451055047714
1997,66.59666666666666,tracked,0,1,0.14782110551179492,0.727813594031214,-0.4968584377658337,-0.10060592326526968,-0.1398948423632383,-0.049815531056934814,-0.20186109101714547,-1.495456471676513,0.5258901272081437
1998,66.63000000000001,tracked,0,1,0.1730359471252602,0.7334292005348481,-0.49584910743951904,-0.10104382984050492,-0.14011280263097575,-0.04797157747432158,-0.20439425950111986,-1.4924815881212146,0.5250788420404229
1999,66.66333333333334,tracked,0,1,0.13795812901804916,0.7338630856631007,-0.4965585925860703,-0.10092101295672706,-0.1397598857523631,-0.049369748311528856,-0.20382688418826653,-1.494398111227578,0.5256313464708744
2000,66.69666666666667,tracked,0,1,0.15960670832523058,0.7343132301979952,-0.4968890028172297,-0.1016842686932688,-0.14108362088093174,-0.05125014442732815,-0.20663665818428772,-1.491929797173077,0.5264436909122002
2001,66.73,tracked,0,1,0.13211354549805743,0.7356067183419317,-0.4931694800866983,-0.09860579098027333,-0.13722561407841105,-0.045425304889773616,-0.20297942982994438,-1.495767035308882,0.5213157462258614
2002,66.76333333333334,tracked,0,1,0.1592126874737866,0.7313581918914538,-0.49650892490341664,-0.10041436965803313,-0.13970331918947893,-0.05217046596595548,-0.20496993372908293,-1.493792249024324,0.5254723356515776
2003,66.79666666666667,tracked,0,1,0.15828485272096146,0.732146443894502,-0.4969221267130671,-0.10139272384908593,-0.13955630432664523,-0.053817787570285464,-0.20415973892417028,-1.4949081609936263,0.5260114509627009
2004,66.83,tracked,0,1,0.16268859339622996,0.7405520101793067,-0.4948818504184421,-0.10092032370081572,-0.13914481939580758,-0.049941365785178445,-0.20521189213817365,-1.4924482587491215,0.5238838023590257
2005,66.86333333333334,tracked,0,1,0.1430854969161291,0.7329904404658001,-0.49657684273664804,-0.10198921401840338,-0.14009264558925272,-0.053286221792902926,-0.20702383261884522,-1.492045249983795,0.5259432572688667
2006,66.89833333333334,tracked,0,1,0.18840059092844955,0.7370889001951568,-0.49440801474579515,-0.1008066728469027,-0.13929894478359095,-0.04845405731826987,-0.2045645319300377,-1.4922278141902432,0.5234553145715141
2007,66.93166666666667,tracked,1,1,0.16597981398241043,0.7343104550950531,-0.49968665785145727,-0.09421940092478664,-0.21828926617886701,0.09267653577915384,-0.23503147107162417,-1.5127151487245962,0.5533662939448817
2008,66.965,tracked,0,1,0.18458876702145913,0.7206853750794119,-0.49356464045617954,-0.1007608676873612,-0.13814004865380347,-0.050634746440821055,-0.20688860042084412,-1.4935017382711797,0.5223423013770021
2009,66.99833333333333,tracked,0,1,0.1807519123855576,0.7305400754297877,-0.4958718440275622,-0.10252871385391238,-0.14014845342790483,-0.05191802670969876,-0.20587489854858265,-1.4936444871210726,0.5253975750439528
2010,67.03166666666667,tracked,0,1,0.1947610395106561,0.7294019636347449,-0.4955544611482211,-0.10163743950296589,-0.13915437665394154,-0.05279704231941606,-0.20534696281291884,-1.4953730426680534,0.5246602077674367
2011,67.065,tracked,0,1,0.2187394740694276,0.7068869054399153,-0.4952508657209434,-0.10236691345522275,-0.13882280679299264,-0.053346858845156914,-0.20625366290360803,-1.4911405139581202,0.5244274751131729
2012,67.09833333333334,tracked,0,1,0.21004956134385774,0.7298346191652796,-0.49559199147194377,-0.10201913380378203,-0.1391436047755613,-0.053182061772272096,-0.20524724510602627,-1.4929325665252569,0.5247668705464731
2013,67.13166666666667,tracked,0,1,0.162296496131603,0.7420182677293433,-0.4958111095144354,-0.10189697774441686,-0.13826493936866013,-0.05503956944393459,-0.20444237715451224,-1.4926247413142784,0.5247178707172083
2014,67.165,tracked,0,1,0.2063737148090674,0.7287404658500163,-0.49569068108513786,-0.10296500134947156,-0.13982042264947947,-0.05330931304569606,-0.20485232933365408,-1.4935530959184178,0.5252245171423584
2015,67.19833333333334,tracked,0,1,0.20837041316262914,0.7420766149420822,-0.4954552051772751,-0.10281707580801247,-0.13895397377116991,-0.055099245225800154,-0.20655791607939217,-1.4927534718966589,0.5247431926588141
2016,67.23166666666667,tracked,0,1,0.20529087085031866,0.7375525857190779,-0.49586410419596094,-0.10233251435868995,-0.13884039067938786,-0.05392417964336783,-0.20391099175248373,-1.49583898786914,0.5250045784648352
2017,67.265,tracked,0,1,0.17410646943988314,0.7375429868224955,-0.49708017327151377,-0.10247786509153234,-0.1397244600000016,-0.056358670243965125,-0.2036138218129357,-1.4938940847131077,0.5264155546862654
2018,67.29833333333333,tracked,0,1,0.21356840083105508,0.7374331888289949,-0.49633299511304735,-0.10212272333575567,-0.13848262770101294,-0.055354537329542756,-0.2051574794396016,-1.4929024261642057,0.5253122222396667
2019,67.33166666666668,tracked,0,1,0.1431053129549888,0.7394282210142844,-0.49579178297057436,-0.10238885721253621,-0.13889844508913096,-0.05438160421776571,-0.20469210441549432,-1.491143027768019,0.5249626159933758
2020,67.36500000000001,tracked,0,1,0.15578153536475384,0.7396658431067602,-0.495789804356603,-0.10108323894139776,-0.13790801747291148,-0.055913363951420714,-0.201802938425294,-1.4944725965848817,0.5244463486212401
2021,67.39833333333334,tracked,0,1,0.16048101066006215,0.7325826926549412,-0.4955536172899071,-0.10154680839852959,-0.13879447490720392,-0.05236625226458008,-0.20145479527566126,-1.4947891568942246,0.524546516688278
2022,67.43166666666667,tracked,0,1,0.16845026475933778,0.7384865599201048,-0.49453661987777775,-0.10048230440273365,-0.13917088568578273,-0.04771388205093442,-0.2013088769121937,-1.4960700066940253,0.5234803695658382
2023,67.465,tracked,0,1,0.13752762513294273,0.7402551741307064,-0.495888567969754,-0.10078870409201296,-0.13919698488440807,-0.05109911109289428,-0.20473320653261365,-1.4927706381021943,0.5248234325147372
2024,67.49833333333333,tracked,0,1,0.17924912495667936,0.7378057612745509,-0.4958150280206385,-0.10058323632393296,-0.13948929032286794,-0.052746893690786036,-0.2026314548215947,-1.495282955002724,0.5247921412857475
2025,67.53166666666667,tracked,0,1,0.19613056618549807,0.7385134031560655,-0.49568324194127045,-0.10102821581951177,-0.13941962911717026,-0.05115008436394617,-0.2030504707536691,-1.4947196170336725,0.5247346088416993
2026,67.565,tracked,0,1,0.21095902876518255,0.7371025735157672,-0.49677866741771715,-0.10192576933946562,-0.14011306973285786,-0.0517628614921701,-0.20633089956099931,-1.4920548049475446,0.5261269610718781
2027,67.59833333333334,tracked,0,1,0.1826994097896748,0.735226767000486,-0.4952764123528537,-0.1009215693856389,-0.13902905056015674,-0.053871679629734395,-0.2041548471576749,-1.4935526633687835,0.5242260625913527
2028,67.63166666666667,tracked,0,1,0.19345586374184562,0.7403694545356562,-0.49445289081195065,-0.09967855944704274,-0.13893970636539016,-0.04674082952053434,-0.20385686548279827,-1.4950622850908177,0.5231861221884935
2029,67.665,tracked,0,1,0.21697308602558824,0.7368969344269141,-0.4952563124769499,-0.10055682587193443,-0.1386395088154646,-0.05201860645171568,-0.20323233048477754,-1.4941482365560719,0.5240337810507049
2030,67.69833333333334,tracked,0,1,0.162209311630926,0.7385433384977301,-0.4942712286380544,-0.1012575991308381,-0.13923896803767905,-0.04872706993171165,-0.2063948874377958,-1.4928617177649623,0.523397209642267
2031,67.73166666666667,tracked,0,1,0.1809004353747625,0.7431356909000646,-0.49443702172745174,-0.1012254836892914,-0.13866933699814338,-0.04900306099117238,-0.2062341299877549,-1.4923298841939647,0.5233963622593762
2032,67.765,tracked,0,1,0.16933422787564348,0.7388209595489522,-0.4960513246180653,-0.10198815377536147,-0.14011464189154033,-0.05319655192045643,-0.20537861275733313,-1.4925081305495316,0.5254527695599658
2033,67.79833333333333,tracked,0,1,0.16476541011644005,0.7381108490198165,-0.494286353944158,-0.10051152621979648,-0.13895062073590586,-0.05031125870953953,-0.2045462022655125,-1.495609173782177,0.5231910182728062
2034,67.83166666666668,tracked,0,1,0.1778604370140571,0.7365310520827887,-0.49632638730081213,-0.1012496970943802,-0.14011024361518037,-0.05297786892576024,-0.20287055051707523,-1.4955533232260003,0.525568515284815
2035,67.86500000000001,tracked,0,1,0.19822283077352826,0.7385823594885501,-0.4943700440505736,-0.1009745563777808,-0.14118340002442048,-0.045179868516257854,-0.20625072923634913,-1.4930290833027204,0.5239564427819465
2036,67.89833333333334,tracked,0,1,0.18809793623390547,0.7418832563010318,-0.49522223235163026,-0.10088669988471566,-0.1389519014481838,-0.0508797324572649,-0.2054497581787848,-1.4933513820202475,0.5241477048934075
2037,67.93166666666667,tracked,0,1,0.18353180409896838,0.7444156709796453,-0.4947055425571041,-0.10104767647892504,-0.139502797661334,-0.04834698653071585,-0.20707787497134952,-1.4937338351276432,0.5238370331637954
2038,67.965,tracked,0,1,0.16666109944457766,0.7411787548038664,-0.4965379768416251,-0.10143607307027702,-0.13964215707640326,-0.052823955188300444,-0.2057726983202127,-1.4934262570473236,0.5256797232144718
2039,67.99833333333333,tracked,1,1,0.1991853157014854,0.7445570151613274,-0.4987551556325701,-0.09913041130368971,-0.215104628819204,0.0800322624975305,-0.24934687256367274,-1.5061326726409958,0.5521354408609861
2040,68.03166666666667,tracked,0,1,0.1907444420836118,0.7433352532238968,-0.49626118976153444,-0.10216553931256178,-0.14010732699963407,-0.05109838923174113,-0.20708576292348208,-1.4926889910924326,0.5256833923242608
2041,68.065,tracked,0,1,0.1853227925473037,0.7404346994068154,-0.4968943942945586,-0.10185814205928367,-0.14056657792310118,-0.05377964916109193,-0.20569515268329863,-1.49380263115724,0.5263440728403207
2042,68.09833333333334,tracked,0,1,0.22890148722441553,0.74496740473841,-0.4960061297491328,-0.10128546354259604,-0.13968197900952445,-0.05303607981879057,-0.2076347180123562,-1.4930292790917177,0.5251589103631104
2043,68.13166666666667,tracked,0,1,0.24104551881383757,0.7429821968208545,-0.4961442890291978,-0.10124831219697034,-0.14018058183246712,-0.05021582954236827,-0.20693048734179384,-1.4928464919084774,0.5254150471597786
2044,68.165,tracked,0,1,0.19194575962768934,0.7427856600743277,-0.4958656107170998,-0.10157087844331575,-0.13960938470006745,-0.054750213374554275,-0.20521915199021626,-1.4947402959094385,0.525062022561069
2045,68.19833333333334,tracked,0,1,0.1219298897299678,0.7426759377218035,-0.496970399789778,-0.10183858316557987,-0.1393437013196976,-0.0547629104791619,-0.20580090446086102,-1.4955038600382775,0.526086820197824
2046,68.23166666666667,tracked,0,1,0.10581261379034566,0.73149281873671,-0.4969136484107768,-0.10173914072967222,-0.13946772751181857,-0.05625299072935298,-0.20638776650492174,-1.4950012665709358,0.5260468360808114
2047,68.265,tracked,0,1,0.1513512733252554,0.7379473969185171,-0.49573924886485604,-0.10120893383620005,-0.13895309729030825,-0.05226911201944367,-0.20640819890592496,-1.4948944091791279,0.5246985938612013
2048,68.29833333333333,tracked,0,1,0.12423431090121717,0.7433635392762772,-0.49611364256586854,-0.1015156429938231,-0.13907239398917298,-0.05434979067171567,-0.2064500216519089,-1.4937013198470541,0.5251431260925953
2049,68.33166666666668,tracked,0,1,0.14555575715157532,0.7394593350802031,-0.4970896135810512,-0.10181977761574118,-0.13849811433534204,-0.056518562449016804,-0.20283779933452198,-1.4957477268941988,0.5259725075689063
2050,68.36500000000001,tracked,0,1,0.1441976318801592,0.741801429892614,-0.49521474014872124,-0.10102289092575245,-0.13821560766028196,-0.0526249305898333,-0.20384881318539091,-1.4946387639031378,0.5239721534131971
2051,68.39833333333334,tracked,0,1,0.17553692511786023,0.7425227601559173,-0.4961100681536096,-0.10188350391040712,-0.13908124407691175,-0.0544999853252359,-0.2044906360776911,-1.4940829479379458,0.525213328606979
2052,68.43166666666667,tracked,0,1,0.18512617825711364,0.7402837856733088,-0.49653742341435686,-0.1011993076981258,-0.13927423545468198,-0.05462707595976874,-0.20235750954946377,-1.496708147283541,0.5255359411030176
2053,68.465,tracked,1,1,0.14901291552313364,0.7521183225490267,-0.5022477789541485,-0.09147375689844248,-0.19957430921041885,0.06686659545883433,-0.21649450529980127,-1.5138730468403687,0.5481333638470718
2054,68.49833333333333,tracked,0,1,0.22032804654158966,0.7343735700313164,-0.4973766921723332,-0.10194637530190459,-0.14006379945999853,-0.051665599848252725,-0.2032105959666088,-1.4952471454837442,0.5266825469603672
2055,68.53166666666667,tracked,0,1,0.18897174674195544,0.7486666447631825,-0.49558134458171865,-0.09998318967425412,-0.13790175887310457,-0.05214238853314983,-0.2069353122133146,-1.4930301905251187,0.5240366422447555
2056,68.565,tracked,0,1,0.2205963608898765,0.7243062744435165,-0.4968619546991575,-0.10214798490523208,-0.14036199867877786,-0.0520370138306136,-0.2093616832275107,-1.4947053979351939,0.5263150230810141
2057,68.59833333333334,tracked,0,1,0.21474048076874339,0.7417224282196088,-0.495455531663951,-0.09975847611983851,-0.13939914526798386,-0.049355062850867,-0.2075529285341065,-1.4949827572777417,0.5242709787081536
2058,68.63166666666667,tracked,0,1,0.16146756891775513,0.7449370177150854,-0.495195154272111,-0.10019492743942576,-0.14005818794501074,-0.05387212262313262,-0.20250679567056168,-1.4994125197026291,0.5242838547100336
2059,68.665,tracked,0,1,0.18533292026077697,0.7443994797890707,-0.49406229975707083,-0.09935603536090082,-0.1387956526745715,-0.052660014192113955,-0.20502054702354608,-1.4953615151764361,0.5227173337524236
2060,68.69833333333334,tracked,0,1,0.16411306828853156,0.7545419993631789,-0.49491056991612736,-0.0983826681837438,-0.13829805929513156,-0.045719141909007936,-0.2095039914388154,-1.4956894243886532,0.523203569195068
2061,68.73166666666667,tracked,0,1,0.16907683456559536,0.7651674243062474,-0.4935490026303847,-0.0963384468439622,-0.13638832781644838,-0.04791110240198266,-0.21021141281292618,-1.4905928262564367,0.5210311797794076
2062,68.765,tracked,0,1,0.2136396830826821,0.7505110514307519,-0.4979760990166705,-0.10053513141339265,-0.14151607847872671,-0.04992043678971881,-0.20919935745467988,-1.4930735564183124,0.5273654409497897
2063,68.79833333333333,tracked,0,1,0.20964205814967812,0.7569856440108642,-0.49451499313476976,-0.09788490170251546,-0.13960685636128162,-0.042570332775448014,-0.21249562175395514,-1.4928453823125423,0.5230837473669699
2064,68.83166666666668,tracked,0,1,0.1820572086726606,0.7422693360185614,-0.49939854179117227,-0.09976310350361645,-0.14251157714875118,-0.049941520455394815,-0.2082581076387487,-1.493768482324619,0.5288299632067447
2065,68.86500000000001,tracked,0,1,0.18015729197372177,0.7401918756178217,-0.49803048405031486,-0.0987645846723762,-0.14233668744600253,-0.046004512230223844,-0.20697899709113893,-1.4965629939489897,0.5273030806111404
2066,68.89833333333334,tracked,1,1,0.1694512845623956,0.7421434266821743,-0.51156329349171,-0.0779751635778749,-0.20615229576722977,0.08973497936862558,-0.1731963740185184,-1.5409790320201355,0.5570241452874204
2067,68.93166666666667,tracked,1,1,0.14241966626814892,0.7311088619167766,-0.5147144640043049,-0.0796054001029001,-0.1992727290453823,0.06751965368941765,-0.16767114078504802,-1.5433510549536786,0.557653673638017
2068,68.965,tracked,0,1,0.17784488630589404,0.729579609029171,-0.49685045302510383,-0.09675298561892015,-0.14040253744976305,-0.04611513075417304,-0.19883498988152004,-1.4995969550394719,0.5252945701411333
2069,68.99833333333333,tracked,0,1,0.19745201017331554,0.7258265369762025,-0.498594630837534,-0.09773774592682555,-0.14171576005391623,-0.0461466911355483,-0.20182305529972527,-1.4964964392993234,0.5274776104504652
2070,69.03166666666667,tracked,0,1,0.1593658098061427,0.7297844377427382,-0.4984090478193428,-0.09752328030165192,-0.14036567931566218,-0.043541307514404486,-0.20954378428310297,-1.4923799266740294,0.5269012175718764
2071,69.065,tracked,1,1,0.13853482233140002,0.7201810110579056,-0.5132288015571498,-0.0820314277711843,-0.19317214797222204,0.06146644006878265,-0.17339539643914265,-1.5343486889026188,0.5544803302572322
2072,69.09833333333334,tracked,0,1,0.20761137370269478,0.7141531217183629,-0.4992158983505164,-0.09629561806106779,-0.14129709454206624,-0.043654475301996856,-0.20233896197653567,-1.4960970606389794,0.5276876236465148
2073,69.13166666666667,tracked,1,1,0.19227800539722198,0.714976053418479,-0.5182999012055494,-0.07942297927933667,-0.1886259637136768,0.05097625182793557,-0.15483578872010545,-1.5410321761796182,0.5572455037182458
2074,69.165,tracked,0,1,0.11300357091140073,0.7113958766192503,-0.4966990110306688,-0.09523437571575233,-0.1403443157638528,-0.035348596137725695,-0.20924847244296346,-1.4919393023540417,0.5248580959116831
2075,69.19833333333334,tracked,1,1,0.11524080439487842,0.7204456661636971,-0.5146847597223048,-0.07953767948013749,-0.17709614526256223,0.036169543866150136,-0.1548079667767025,-1.5388360229020337,0.550081529424821
2076,69.23166666666667,tracked,1,1,0.18123514817789044,0.7023821212299939,-0.5195683483618617,-0.08046535000069979,-0.1806237182178485,0.0330185700142818,-0.1480698730819132,-1.5417895774118129,0.5559234378518761
2077,69.265,tracked,1,1,0.1326739932162245,0.7023920936188066,-0.5171531516240684,-0.08053839132657567,-0.17813039644171969,0.03148717780199991,-0.1472471893281804,-1.5403280311602339,0.5528691100510713
2078,69.29833333333333,tracked,0,1,0.1720375535074996,0.6972598238077632,-0.49926241644450065,-0.09514047771275386,-0.14092349630388945,-0.03774324020489973,-0.20315157576523432,-1.4956531689556325,0.5274221295925355
2079,69.33166666666668,tracked,0,1,0.13182489304975364,0.6957344073374561,-0.4998307598384638,-0.09543164532533238,-0.14115177013464064,-0.038176334459596485,-0.20404065839714697,-1.4950617663670667,0.528073678213882
2080,69.36500000000001,tracked,0,1,0.14677243580356175,0.6926617417145826,-0.49908479320278787,-0.09514177455978934,-0.14092064960964323,-0.03971681177222179,-0.2002640865433168,-1.4961493380371262,0.5272534661422902
2081,69.39833333333334,tracked,1,1,0.1886423623223172,0.6913293707176554,-0.5184540300840706,-0.08220476862929987,-0.17487921411768964,0.02417666773192394,-0.1519351238591784,-1.5351845610303363,0.5532946275053029
2082,69.43166666666667,tracked,1,1,0.20848734655686665,0.6891300133312033,-0.5195802199671655,-0.08226041603060513,-0.17460563390311956,0.02228238903863005,-0.15089671782843733,-1.5347237787794374,0.5542720527118127
2083,69.465,tracked,1,1,0.21163114334747904,0.6792913102545394,-0.519996773638016,-0.08283605277130582,-0.17147572023159852,0.0172719774029716,-0.14595354852956444,-1.5352326579012585,0.5537710527479944
2084,69.49833333333333,tracked,1,1,0.08449398759373859,0.6636974525712884,-0.5203489879948313,-0.08170956402578494,-0.1710207628710133,0.018221317236562732,-0.14268508241065805,-1.5393760717676093,0.5537938456623659
2085,69.53166666666667,tracked,1,1,0.1991490897220621,0.6810195756817493,-0.520338039377826,-0.07977776698864347,-0.1736130453408148,0.02759241198306469,-0.13873275675686217,-1.5383278194348107,0.5543082687835047
2086,69.565,tracked,1,1,0.17154635281474143,0.6776987110403124,-0.5207713183501261,-0.08213190100301929,-0.17066338353681476,0.01804157069408272,-0.14159399200888703,-1.5369425120244369,0.5541429469538813
2087,69.59833333333334,tracked,0,1,0.11970343861207018,0.6754017646378591,-0.49975926935914566,-0.09538440019037397,-0.14069622064786508,-0.03418368460809724,-0.20044152251340877,-1.492788633772455,0.5278758733022918
2088,69.63166666666667,tracked,0,1,0.18189346545694407,0.6708487530944103,-0.4999678755020676,-0.09472197512606068,-0.14119726186269949,-0.029522114303565838,-0.19540150913150248,-1.4966479336450835,0.5280878675593266
2089,69.665,tracked,0,1,0.15443708045485416,0.6722832224390376,-0.5023899894216467,-0.09587236996186876,-0.14335600789956687,-0.03715487056557205,-0.20014193065926167,-1.4947681595907951,0.5311667890541429
2090,69.69833333333334,tracked,1,1,0.1840943762651138,0.6735603434204573,-0.5210884328122984,-0.08393242461515105,-0.16985493617909014,0.013276353134548053,-0.14161823661491213,-1.533912105581747,0.5544623576555563
2091,69.73166666666667,tracked,1,1,0.1093215014831119,0.6632215010393124,-0.5234042027612062,-0.08520951738575247,-0.17417086759935213,0.010251046598362313,-0.14896211235191537,-1.5345031866577983,0.5581649509253674
2092,69.765,tracked,1,1,0.1384590348549355,0.6699402368646379,-0.5216303922247217,-0.08273257213956786,-0.17308118366279768,0.015429891281898363,-0.14415746255766415,-1.5383414499705645,0.5557877658994133
2093,69.79833333333333,tracked,0,1,0.12936910650245312,0.6604316810288203,-0.5006258864084752,-0.09541984904874046,-0.14395682291531176,-0.03067167786202718,-0.20045848857803433,-1.49887294179108,0.5295798264649308
2094,69.83166666666668,tracked,0,1,0.10797050515244341,0.6637548266358025,-0.5021697570036419,-0.0955661199320808,-0.14428651321423935,-0.03641798858380271,-0.20184703698738807,-1.496387493706134,0.5311552936980789
2095,69.86500000000001,tracked,1,1,0.14911287469654877,0.6674774669265385,-0.5211139878965898,-0.08494974615904327,-0.176462069199827,0.018695053119864427,-0.1525357337617688,-1.5348336043661297,0.5567001972518579
2096,69.89833333333334,tracked,1,1,0.13261384579840726,0.665960830835415,-0.5218357707343624,-0.08575886810540448,-0.17744126964187612,0.01705191243715432,-0.15483160097788307,-1.5337499712737357,0.5578105047852425
2097,69.93166666666667,tracked,0,1,0.12654677782759952,0.655192341587252,-0.501788098352997,-0.09742230624623888,-0.1457185004265934,-0.0340561747753942,-0.2025576719503025,-1.4963236241652538,0.5315226079572044
2098,69.965,tracked,0,1,0.14516315206660718,0.6652571766005522,-0.5026670885697305,-0.09801471911621323,-0.14477479618846362,-0.03998675402631632,-0.20286499867971727,-1.4954118388670496,0.5322037473618639
2099,69.99833333333333,tracked,1,1,0.16441300571293632,0.6693072843012866,-0.5180958041218255,-0.08563278842363506,-0.18176659437026665,0.03084346454230862,-0.16207427490220383,-1.5322146599543311,0.5556935590150502
2100,70.03166666666667,tracked,1,1,0.16089411820504895,0.6663530828129234,-0.5192016029130533,-0.08731419138519372,-0.1790515212924101,0.024549706209805042,-0.1588638814851107,-1.5301152886585991,0.5561056731969748
2101,70.065,tracked,0,1,0.1432409519475663,0.665837910353555,-0.5009205658171495,-0.09818898490847389,-0.1448749798629041,-0.03624350375478328,-0.2018232208835793,-1.4944525535757396,0.5306140309172069
2102,70.09833333333334,tracked,0,1,0.14913829830150985,0.6599170544590679,-0.5008886239536221,-0.09850208586476666,-0.14523895982138196,-0.035472639179075165,-0.2022709665954993,-1.4931264489649068,0.5307413965160999
2103,70.13166666666667,tracked,1,1,0.15038404589316032,0.6651363242030428,-0.5172990726684416,-0.08705187179974055,-0.18256235506522162,0.032669247892666786,-0.16154700493256044,-1.5296279443984218,0.5554325993803642
2104,70.165,tracked,0,1,0.15206776211517156,0.6663251095764972,-0.5005074396592317,-0.09840538685542544,-0.14547734047939698,-0.035361641350629594,-0.2004950146486137,-1.4962453366257413,0.5304290470075746
2105,70.19833333333334,tracked,1,1,0.14459783458973674,0.6666066855120363,-0.5180894557104576,-0.08756645984186903,-0.1861561413932591,0.03425286967922963,-0.16380059567386301,-1.5265832728313953,0.5574393940026332
2106,70.23166666666667,tracked,1,1,0.22592048028183606,0.6568338160038579,-0.5160339704232872,-0.09003215924638408,-0.18785176121465874,0.032217784916467464,-0.1767079191148143,-1.5250748209291254,0.556493605103273
2107,70.265,tracked,0,1,0.1493691487142366,0.6652357797751013,-0.49917063666226946,-0.09882853198119051,-0.1465173700745619,-0.0329714422864766,-0.20466537497835816,-1.49427440722707,0.5295335144945396
2108,70.29833333333333,tracked,1,1,0.16107532123599239,0.6676851280063916,-0.5150238921689525,-0.08780387284779623,-0.18849567135285156,0.038932712366771975,-0.17289075348847877,-1.5264763680202904,0.5554185338199393
2109,70.33166666666668,tracked,0,1,0.17427938312728097,0.6746619744482518,-0.495639625128659,-0.09705258750194223,-0.14254643816508117,-0.03698261447547445,-0.20682182010787134,-1.491566001087931,0.5247831264170477
2110,70.36500000000001,tracked,1,1,0.1605194964490526,0.6717118048953078,-0.515720432712869,-0.08806108826701606,-0.1842234267513716,0.0330489374398311,-0.16744982465669586,-1.526881274788525,0.5546716064017863
2111,70.39833333333334,tracked,0,1,0.18361151963783773,0.6712531714164551,-0.4985797803898649,-0.09956442982166158,-0.14573804051076572,-0.03901378027166135,-0.20653231895635651,-1.4903399867396743,0.5288992811029677
2112,70.43166666666667,tracked,0,1,0.17075324904386413,0.6607421341614584,-0.4999400677471809,-0.10035681356316517,-0.14656026689399648,-0.03676050255768864,-0.20390319840655627,-1.494050765265179,0.5305577001605454
2113,70.465,tracked,0,1,0.11685545929586068,0.6669310060355235,-0.49915146594086807,-0.09953544063575531,-0.14543109215200412,-0.039958793895177695,-0.2048875851817383,-1.4931438557986076,0.5293483658782714
2114,70.49833333333333,tracked,0,1,0.15969608245789912,0.6685843649762907,-0.4985951068196792,-0.10034615142135245,-0.1470561428983862,-0.035206767415903374,-0.20357928790223417,-1.4939614486298904,0.5294260475399325
2115,70.53166666666667,tracked,0,1,0.11819984503991068,0.6666952117025113,-0.49862448310987545,-0.10100466172563394,-0.14582235865763504,-0.040131872938973384,-0.20352002930952678,-1.4936326181872852,0.5292376376745859
2116,70.56666666666668,tracked,0,1,0.1809267364610252,0.6668934489753451,-0.4953967890736656,-0.09941173994705688,-0.1456887196043723,-0.03593915610582346,-0.20814319263314202,-1.492299918183663,0.5258572769143359
2117,70.60000000000001,tracked,0,1,0.18684638241238297,0.6771069066437857,-0.49705237815104475,-0.10040436294347255,-0.14533918863381806,-0.039978729074933425,-0.20605696646067143,-1.493289693430785,0.5275088458750529
2118,70.63333333333334,tracked,0,1,0.15160141283023112,0.682477400068165,-0.4959942645215777,-0.09976568888867143,-0.14571860632268147,-0.03785822382081257,-0.20709125594954703,-1.4924682111529621,0.5264954086659793
2119,70.66666666666667,tracked,0,1,0.16033770790600346,0.6865154046481068,-0.4962671217001885,-0.10076789757993077,-0.14567056980152338,-0.03869051091932411,-0.2078896476526627,-1.4918699720259423,0.5269299195999119
2120,70.7,tracked,0,1,0.1507965933294947,0.6800275838882976,-0.49876283966939167,-0.1031942834950284,-0.14849134240062578,-0.04385349325335931,-0.20814998552310557,-1.4907779712480267,0.5305309690763278
2121,70.73333333333333,tracked,0,1,0.1437496266406291,0.6806817086056246,-0.49933120297997546,-0.10324495458889965,-0.14783256827927754,-0.04673803302372362,-0.20728095609767697,-1.4915456739839639,0.5308913628620648
2122,70.76666666666667,tracked,1,1,0.18535801328231472,0.6781740590071178,-0.5063716232646022,-0.0950379082702981,-0.22170668904732183,0.08543680877930099,-0.22348635427222902,-1.515620084888411,0.5608906139563645
2123,70.80000000000001,tracked,0,1,0.17214028731895276,0.6824569439236394,-0.49760894860908206,-0.10335055728802606,-0.1484158210569606,-0.0435311826885962,-0.20832206554304417,-1.49210780286624,0.5294556254943311
2124,70.83333333333334,tracked,0,1,0.20393528438142022,0.6878549005142776,-0.49539152252552043,-0.10294068150914432,-0.14684609024045409,-0.041900190778718045,-0.2098030087566318,-1.4899416798548644,0.5268522740945776
2125,70.86666666666667,tracked,0,1,0.14155737724004355,0.6920349979657844,-0.49532939501532597,-0.10325953037255464,-0.147706199037131,-0.03954446858113709,-0.2124864491776644,-1.4896566575454904,0.5270966338471589
2126,70.9,tracked,0,1,0.1436970578706484,0.6866694140158749,-0.4963987831168803,-0.10507259080799158,-0.14910044226099367,-0.04243339182846164,-0.2114948703752897,-1.4899354282199935,0.5288505867458664
2127,70.93333333333334,tracked,0,1,0.15358785870922156,0.6895063959905963,-0.49667280972394806,-0.10588168283429683,-0.14993973502117458,-0.04429860589955467,-0.21576378555845657,-1.4870344246221103,0.5295061234935096
2128,70.96666666666667,tracked,0,1,0.14917420396378456,0.6826745356793776,-0.4973751930863797,-0.10538542634521209,-0.149888115071252,-0.04582553218394858,-0.21165553842611853,-1.4885221346179427,0.5300515237439549
2129,71.0,tracked,0,1,0.13784464967861326,0.6884131664262811,-0.49533200002393785,-0.10370703926794994,-0.14794937916221346,-0.042633046103471066,-0.2098479995264546,-1.492213788610177,0.5272551176005055
2130,71.03333333333333,tracked,0,1,0.117108296208624,0.7050632726445574,-0.4912200033820636,-0.1008735495333184,-0.14466354289865752,-0.041421574809746446,-0.2165801017292917,-1.4872752074422801,0.5219196349651134
2131,71.06666666666668,tracked,0,1,0.16787348060086463,0.6973376531691526,-0.4944084341872405,-0.10307548717790971,-0.14654684087201164,-0.04219752718937588,-0.21265396639341513,-1.489187034079074,0.5258709275307099
2132,71.10000000000001,tracked,0,1,0.17164592197910178,0.6718350422587153,-0.4970853101005124,-0.1062928243731292,-0.1511990050641993,-0.043603854969901865,-0.21474186335147288,-1.4894953653628826,0.5303330172291211
2133,71.13333333333334,tracked,0,1,0.1657088555888683,0.6916457876572918,-0.4939269941005334,-0.10343969322942104,-0.1480883916626819,-0.0389743177603269,-0.21108921862871227,-1.4899787387186916,0.5259218738385246
2134,71.16666666666667,tracked,0,1,0.1916139515682742,0.6935504592370136,-0.49500870174534206,-0.10405108303893856,-0.14878742784665416,-0.04114032644732425,-0.21293421606000895,-1.489568918344086,0.5272551008481647
2135,71.2,tracked,0,1,0.2051270827680797,0.6901348326393338,-0.4943941698120115,-0.10457602068275929,-0.14955279967693247,-0.03700874566084088,-0.21256199557281832,-1.4911453416153626,0.5269988416848348
2136,71.23333333333333,tracked,0,1,0.19779668081325832,0.6917258513289624,-0.4953357848983199,-0.1050830274059128,-0.15162716472492144,-0.03973474759074234,-0.21832834282275615,-1.4887052624167336,0.5285742895110818
2137,71.26666666666667,tracked,0,1,0.15456405821827873,0.6905551724906318,-0.49508254288481074,-0.10506064380292252,-0.15078901434862307,-0.03951898014777551,-0.21404083923769252,-1.4881756549362917,0.5280925960414559
2138,71.30000000000001,tracked,0,1,0.17887906011104102,0.6886244184358519,-0.49623971415980395,-0.10594859888551006,-0.15212976540411255,-0.0395310937526147,-0.21765704556361096,-1.4853339442489406,0.5297380721046175
2139,71.33333333333334,tracked,0,1,0.1420408578843752,0.6919285160485211,-0.4948528906177795,-0.10496600272862472,-0.15066670700027396,-0.03754138553842073,-0.21553916677708537,-1.487587072957004,0.5278235516533002
2140,71.36666666666667,tracked,0,1,0.12909611894536122,0.6853720762069567,-0.49566818350565645,-0.10560947964045025,-0.1519393265474624,-0.03708214017321323,-0.21466180606386778,-1.4865348768182336,0.5290802106310726
2141,71.4,tracked,0,1,0.17819085794160655,0.6890129944263379,-0.49403866787102046,-0.1042187178719382,-0.14973174891569907,-0.03887260891407446,-0.21254155697283755,-1.4888278337643237,0.5266453675292294
2142,71.43333333333334,tracked,0,1,0.16025819880273032,0.687528160791011,-0.4942788870289163,-0.10507139192928083,-0.15097071745765323,-0.03467751575835308,-0.21442157671459713,-1.487830386057248,0.5273933760431385
2143,71.46666666666667,tracked,0,1,0.17511487639237366,0.6900377356353443,-0.49420087839513177,-0.1049527762987042,-0.15070347039207166,-0.03585372552776059,-0.21233944137641622,-1.4882655286570845,0.5272201906675613
2144,71.5,tracked,0,1,0.1904681529486813,0.6893456215888787,-0.49390750684716855,-0.1042038518781972,-0.15127488289726132,-0.0361791914519845,-0.2174299036282567,-1.4863516799520624,0.5269603004608784
2145,71.53333333333333,tracked,0,1,0.14878982005747868,0.7006032191806789,-0.49120048586980825,-0.10255175051423032,-0.14854748188600853,-0.03108146008416624,-0.21611664762025495,-1.486117718358413,0.5233174306546101
2146,71.56666666666668,tracked,0,1,0.17826777979427383,0.6890516619753926,-0.4936490858570219,-0.10441441735796003,-0.14976031529954104,-0.03628593150870917,-0.21423722623895564,-1.487576291405421,0.5263268400512114
2147,71.60000000000001,tracked,0,1,0.1402144860602817,0.6900125070407381,-0.49447810293805994,-0.10537635109684446,-0.1516370997054582,-0.034713343181625535,-0.2164816848560171,-1.4858580354862465,0.5278319615775375
2148,71.63333333333334,tracked,0,1,0.18849570767507845,0.6868253287315587,-0.4936583440440379,-0.10511106310553009,-0.14994650419101413,-0.036214032897278675,-0.21317817781567752,-1.4880733353867326,0.5265271601262201
2149,71.66666666666667,tracked,0,1,0.17490684155353786,0.6918191778372387,-0.49379277927833776,-0.10545254518594993,-0.1507002958096758,-0.036148689927140855,-0.21489795698799583,-1.4874741241557579,0.5269365496060638
2150,71.7,tracked,0,1,0.17404274787533186,0.6944987955547692,-0.4932943568445597,-0.10530186191811847,-0.1514230867525404,-0.03219809858456159,-0.2146513657211567,-1.4871338579453706,0.5266467087334522
2151,71.73333333333333,tracked,0,1,0.1932646746702018,0.6888131710181461,-0.4934741419940756,-0.10519938291504927,-0.15048816927405978,-0.03626605905823663,-0.21391599605582315,-1.4871165964138926,0.526526664162371
2152,71.76666666666667,tracked,0,1,0.1794558279957634,0.6924699821857639,-0.49368317486734126,-0.10559543462609178,-0.15087437034520823,-0.03784976215446422,-0.21544300805932556,-1.4891505549602757,0.5269122778869687
2153,71.80000000000001,tracked,0,1,0.14912911767519846,0.693500613893026,-0.4943703665361349,-0.10659095779008665,-0.15084633709724493,-0.04062544839454085,-0.21486998217390865,-1.486122135519433,0.5277483387063725
2154,71.83333333333334,tracked,0,1,0.1461747470966624,0.6873728568572728,-0.49397206860654164,-0.10644669929959333,-0.15100711782580156,-0.0373411228705864,-0.21680728486142373,-1.4875864660450184,0.5273921254524563
2155,71.86666666666667,tracked,0,1,0.2354645474643356,0.6850664644334998,-0.4938104576862446,-0.1059825271652815,-0.1506276284836205,-0.03854257385284686,-0.21812265023707192,-1.4851776044915936,0.5270386576402509
2156,71.9,tracked,0,1,0.18377820537537357,0.6872437925581457,-0.49363625510991105,-0.1061035286184227,-0.15058340173469736,-0.03587559645964338,-0.21538016179440944,-1.4893505857772917,0.5268871530244507
2157,71.93333333333334,tracked,0,1,0.2013848510499117,0.6974874064190539,-0.4942664425036768,-0.10644834803352421,-0.15002841797229743,-0.04000042662134211,-0.21494148739332317,-1.486448226073165,0.5273889391934354
2158,71.96666666666667,tracked,0,1,0.1741351232766727,0.6949392690176406,-0.4943113174439533,-0.10701363265525621,-0.1505461157997538,-0.03919759276921427,-0.21523124920810757,-1.4862105773530088,0.5276928359468639
2159,72.0,tracked,0,1,0.18675954002166503,0.6928029004311873,-0.49314303793044867,-0.10540133969955101,-0.14883523225339995,-0.03694940214311593,-0.21244912965082746,-1.4887341828069824,0.5257864819769101
2160,72.03333333333333,tracked,0,1,0.26565902848588263,0.6792798977319072,-0.4938274063243958,-0.10675869139335326,-0.14982701625827172,-0.03802713282823364,-0.21202425581382273,-1.4876805534024546,0.5269829790666465
2161,72.06666666666668,tracked,0,1,0.18450636770760154,0.6950205520834632,-0.4931992422126793,-0.10575763418187806,-0.14928399627258315,-0.03737145306194891,-0.21394033295850037,-1.4893133049871314,0.5260379085674546
2162,72.10000000000001,tracked,0,1,0.2118555901791456,0.69449762528683,-0.4936034662608237,-0.10630553732330139,-0.1492172351249611,-0.03842564655392021,-0.21370235985536348,-1.4879949894413251,0.5265083403220066
2163,72.13333333333334,tracked,0,1,0.16991948753502306,0.6841597806444848,-0.49368693652233586,-0.10657803400716859,-0.14966754268359456,-0.038047901830491636,-0.21263251036033715,-1.4872348295897495,0.5267694390894252
2164,72.16666666666667,tracked,0,1,0.19165198588658786,0.6884035955170343,-0.4925321308778293,-0.10591486653910848,-0.14898371949341915,-0.040233160624955536,-0.21481754344530035,-1.4892724260321186,0.5253589321360647
2165,72.2,tracked,0,1,0.17393430494200462,0.69116299490365,-0.4925570454186206,-0.10590817514812478,-0.1491485709485234,-0.03762651944539918,-0.21321562637835534,-1.4883083475783547,0.5254277122218751
2166,72.23333333333333,tracked,0,1,0.1945894457625854,0.6907498065772717,-0.4922802502869388,-0.10584210280449236,-0.14891602896093054,-0.036557429067205195,-0.21520519751523715,-1.4863423877623598,0.5250889250690216
2167,72.26666666666667,tracked,0,1,0.20334177159509215,0.6873293061901756,-0.49464326389869034,-0.10671671228194085,-0.15099516644275007,-0.04033965828587755,-0.21557550515148907,-1.4862493511295567,0.528071922648506
2168,72.30000000000001,tracked,0,1,0.1667138644515177,0.6981634304918409,-0.49349291675901685,-0.1058077301306175,-0.14962477408665192,-0.0380697262104713,-0.21352231581451347,-1.4900857094944542,0.5264200866866662
2169,72.33333333333334,tracked,0,1,0.18678723324956967,0.701329385049891,-0.49299362463038143,-0.10554888131739121,-0.15026801711222432,-0.03714745848568443,-0.21772264150139958,-1.4853655834124984,0.5260834128162509
2170,72.36666666666667,tracked,0,1,0.17821586161362768,0.6914082707560942,-0.4938897932952334,-0.10621419249939618,-0.15064400771264352,-0.039313118523523864,-0.21448004311030627,-1.4876927447026274,0.5271643004502811
2171,72.4,tracked,0,1,0.1919267736099193,0.6947345691432416,-0.49351666057664734,-0.10607367162350517,-0.15082678275785283,-0.03996236794375849,-0.21427802949865507,-1.488294916490463,0.5268387196054419
2172,72.43333333333334,tracked,0,1,0.13964651281644216,0.6995068845728644,-0.4932499694590774,-0.10592135704563671,-0.15005414661111033,-0.03772049169080863,-0.21701956432553324,-1.486265882295468,0.5263374517977594
2173,72.46666666666667,tracked,0,1,0.14997777685292488,0.6953875153163283,-0.4937591382209884,-0.10647856740736023,-0.15048185907785605,-0.038713299282014335,-0.21609066132115134,-1.4866017151794786,0.5270489178486041
2174,72.5,tracked,0,1,0.16856776048739974,0.6919779669996371,-0.4927588433269785,-0.10555080068837891,-0.15000479117408544,-0.03572199354023958,-0.21481827063331746,-1.4866048598939388,0.525788632986755
2175,72.53333333333333,tracked,0,1,0.14496610982662847,0.6975945679542997,-0.4934410973889999,-0.10593360272731017,-0.15081325144839497,-0.03450577489964165,-0.21499034083683682,-1.4867021601740644,0.5267358746010042
2176,72.56666666666668,tracked,0,1,0.19744917233639822,0.6965813605330632,-0.49350518349086686,-0.10586511477151478,-0.15001314973245522,-0.039341735557663425,-0.2147187560549824,-1.488031284969331,0.5265536380565538
2177,72.60000000000001,tracked,0,1,0.17710404678145478,0.7004100704068201,-0.49314013135822676,-0.1061154503848189,-0.15024803345650434,-0.03683887842913897,-0.2161220077452868,-1.487958187650926,0.5263289366203695
2178,72.63333333333334,tracked,0,1,0.14729240486916373,0.6976735549407282,-0.4938126463814537,-0.10660735113704539,-0.1506174414366377,-0.03734241280733932,-0.216407159989497,-1.4875634574327827,0.5271637987453529
2179,72.66666666666667,tracked,0,1,0.21189921494149308,0.6951066257488602,-0.4942261836342422,-0.106549148571017,-0.15023822984854718,-0.040404946530035714,-0.2175483154567931,-1.4857623966803069,0.527431291600054
2180,72.7,tracked,0,1,0.21238251473551553,0.6893827477796393,-0.49428209974739573,-0.10692883363255234,-0.15048021958518548,-0.0400295785394137,-0.2182996488883128,-1.4854253335187024,0.5276294780232793
2181,72.73333333333333,tracked,0,1,0.2249319516256836,0.6788842048454348,-0.49397327724336204,-0.1066357823608049,-0.14972097378559374,-0.039205696036573166,-0.2174549183793317,-1.486550406623208,0.527064662732719
2182,72.76666666666667,tracked,0,1,0.16458126717967522,0.6898109727110895,-0.4945020133096497,-0.1069085031472522,-0.15036395076709386,-0.03975824315428197,-0.21679096568400466,-1.4859840424715927,0.5277982445052011
2183,72.80000000000001,tracked,0,1,0.10297445516070969,0.696601694466984,-0.49449387002214584,-0.10624067211067562,-0.14984555701231944,-0.04046251081808919,-0.21529797035051898,-1.4884036153743792,0.5275082547755431
2184,72.83333333333334,tracked,0,1,0.1917539691631388,0.6938518346021457,-0.4948931029437147,-0.10616988371604702,-0.15093988087653581,-0.040563657045870505,-0.21463824603117337,-1.4874682421292156,0.5281799647739016
2185,72.86666666666667,tracked,0,1,0.1568594936559363,0.6959928834604091,-0.49458591376495176,-0.1057497262564781,-0.15064052623554725,-0.03735547495873135,-0.2137948896066718,-1.488249413405797,0.5277222743475538
2186,72.9,tracked,0,1,0.14797526123201055,0.6945408281768781,-0.49278477160560863,-0.10515694047782803,-0.14955725459718355,-0.03473007060656097,-0.21556854160227187,-1.4888713064117152,0.5256064931673657
2187,72.93333333333334,tracked,0,1,0.17754227063565395,0.6943795050220785,-0.49391350689180047,-0.10540069516403133,-0.1490510004862714,-0.03743506875476918,-0.21415765908658552,-1.4889298368618231,0.5265700898998881
2188,72.96666666666667,tracked,0,1,0.18565335967434535,0.6839704267184522,-0.4952265706232136,-0.10659259576520103,-0.15107486388036329,-0.041295666207590405,-0.21496782129449865,-1.4877753996889862,0.5286160726081478
2189,73.0,tracked,0,1,0.1946379263412519,0.6962560732784911,-0.4941615538690453,-0.10612062601326744,-0.1498042879596742,-0.04028871958107419,-0.21620355582278955,-1.4867833985931225,0.5271608419437298
2190,73.03333333333333,tracked,0,1,0.16002369064434704,0.695818873960264,-0.4943818608046022,-0.10617772664434982,-0.1495383606649635,-0.04366348070160515,-0.21581075692169285,-1.490155138408192,0.5273033806437696
2191,73.06666666666668,tracked,0,1,0.2282123409293272,0.7010769126521024,-0.4920946796266806,-0.1043585424817236,-0.14802403202446662,-0.03680764657538488,-0.21382718582867577,-1.490173122095489,0.5243653241420292
2192,73.10000000000001,tracked,0,1,0.1777568005684278,0.6984225387079157,-0.49534611715595384,-0.10677725756445838,-0.151343106773203,-0.041896375307434654,-0.21637223286659918,-1.4884334793230534,0.5288420316902126
2193,73.13333333333334,tracked,0,1,0.17901344995923066,0.695674684830828,-0.4939794157860017,-0.10588147477099119,-0.1495116140106677,-0.04068618042621931,-0.21704389959665027,-1.4871564420669308,0.5268588735553711
2194,73.16666666666667,tracked,0,1,0.19181907186088026,0.6932908240035149,-0.49484990232213566,-0.1059271705384105,-0.1494420046293678,-0.04561249989887581,-0.21748759742226983,-1.486802403817685,0.5276645753072161
2195,73.2,tracked,0,1,0.17342217216768865,0.7055542237534979,-0.49435283049345274,-0.10515425288862618,-0.14919469994552736,-0.04271771211606447,-0.21599387158327527,-1.4884416453049043,0.5269736202214391
2196,73.23333333333333,tracked,0,1,0.21534940872806765,0.6992542532885468,-0.4960167426731618,-0.10733122254240618,-0.1509731350710517,-0.046371210808035086,-0.21574014365685248,-1.4875417059550105,0.5294766169130826
2197,73.26666666666667,tracked,0,1,0.18197323738228002,0.7025196066136116,-0.4939152039150757,-0.1052168266660084,-0.1492982421309152,-0.04107503432708766,-0.21602272777994241,-1.488592073439817,0.5266049509599364
2198,73.30000000000001,tracked,0,1,0.1395932617153786,0.6966398325724048,-0.49536391638036237,-0.10634688325813935,-0.1498090009080434,-0.044519191182245926,-0.2162070364650176,-1.4883312088928164,0.5283349373110556
2199,73.33333333333334,tracked,0,1,0.19623840687316424,0.6989700797144298,-0.4947392667436905,-0.10564480167014889,-0.14899914196077152,-0.04345423938501672,-0.21758597108673594,-1.488064431362657,0.5273789059898545
2200,73.36666666666667,tracked,0,1,0.21498852372509475,0.6904210154659272,-0.49505792305013857,-0.10522649910170295,-0.1495281035865939,-0.042087830763353776,-0.21431917637140976,-1.4913071008739582,0.5277438934275988
2201,73.4,tracked,0,1,0.17026418450295372,0.7036686947228821,-0.49439074228490343,-0.10475922738605786,-0.14839368793103713,-0.04443137326362501,-0.2164389246299498,-1.4888456790897215,0.5267042703427756
2202,73.43333333333334,tracked,0,1,0.20709685178574289,0.6911920996931072,-0.4950620539790994,-0.10553302792868152,-0.14850317215745418,-0.045643905280436395,-0.21494357445274123,-1.4885641637489673,0.527519525150138
2203,73.46666666666667,tracked,0,1,0.18356191705530567,0.7038426128921339,-0.49441445185257127,-0.10473835131343434,-0.14724274573485785,-0.045609203417405625,-0.21394768372297318,-1.4894535951098444,0.5263992767928874
2204,73.5,tracked,0,1,0.2062516128381867,0.6979343494131727,-0.4937348175450005,-0.10432675862081031,-0.14753725448200172,-0.041380329998511024,-0.21489741081465455,-1.4911300289683174,0.5257617179679467
2205,73.53333333333333,tracked,0,1,0.11807149731424052,0.6972437396998052,-0.4939221386676266,-0.10410045647171817,-0.1473936166366107,-0.042317228109967554,-0.21369440980698667,-1.4902496363028213,0.5258525100528118
2206,73.56666666666668,tracked,0,1,0.19207317157207213,0.6901587711170815,-0.49620950710026435,-0.10531745523328978,-0.1490266152301421,-0.04603696759240445,-0.21518462645416792,-1.4888388787254807,0.5287008354073749
2207,73.60000000000001,tracked,0,1,0.15911080673340353,0.692638089994694,-0.49618625996095816,-0.10492648895259582,-0.1494742320321084,-0.04445928174985312,-0.211780432557715,-1.4921102779937967,0.5287276413235376
2208,73.63333333333334,tracked,0,1,0.1999613505885922,0.6950421797659013,-0.4967476512066721,-0.1043957359550447,-0.14845033804479474,-0.04492971561811299,-0.21263793596145084,-1.4898557237399497,0.5288612308825017
2209,73.66666666666667,tracked,0,1,0.1515837616391464,0.6968828904197062,-0.49611638506390776,-0.1046518008557546,-0.14830854969082874,-0.044007116696959996,-0.21372535889838998,-1.4860864372016702,0.528279180796129
2210,73.7,tracked,0,1,0.14265031417654692,0.6973183480415209,-0.49546337549728403,-0.10289583137650349,-0.14706350740800345,-0.04312622676798015,-0.21046607320007002,-1.490348383623784,0.5269717106116498
2211,73.73333333333333,tracked,0,1,0.08803825349222921,0.6960334945115769,-0.4962598122361752,-0.10383171925338075,-0.14757682685971102,-0.043688592636349506,-0.21325880742628767,-1.4890019529290868,0.5280471067904623
2212,73.76666666666667,tracked,0,1,0.08232950785043955,0.6955813067354901,-0.4951353729494161,-0.1029388218701267,-0.14688085601975048,-0.04046579146021101,-0.21153967308412883,-1.4902394515780295,0.5266207596163123
2213,73.80000000000001,tracked,0,1,0.1144047207842548,0.693087185240494,-0.4953757647835203,-0.10276954212065204,-0.1472154034248666,-0.04047757647095993,-0.21051713443729816,-1.4915887531033054,0.5269071095820328
2214,73.83333333333334,tracked,0,1,0.12413772381154715,0.6966474781238307,-0.4958939264088159,-0.10253875093622661,-0.1453012393069968,-0.045407150594981856,-0.209182264436701,-1.49052594486417,0.5268182151718587
2215,73.86666666666667,tracked,0,1,0.19000433005122702,0.6914362558171538,-0.49597917363840216,-0.10356495349023331,-0.14862853166236767,-0.039484590103257645,-0.2103639917765027,-1.490555199325165,0.5280260227475326
2216,73.9,tracked,0,1,0.17688951759556962,0.6932659836834713,-0.4967132502374084,-0.1028713496101189,-0.1470774004747406,-0.04262694968582981,-0.21007437435339793,-1.4901821731432965,0.5281461249147104
2217,73.93333333333334,tracked,0,1,0.16519340633148374,0.6933831407211991,-0.4972904963068986,-0.10382309883766794,-0.1463286853453024,-0.04571347669608818,-0.2093915952558506,-1.4902993782318312,0.5286673412688759
2218,73.96666666666667,tracked,0,1,0.10887579482557878,0.6946203604518367,-0.4961089134109281,-0.10268336972055958,-0.14512831668958914,-0.04520129568102619,-0.21002893080470786,-1.491755447650762,0.5270010974258921
2219,74.0,tracked,0,1,0.15302715508186834,0.6927211219814894,-0.496622205571354,-0.10366734288444024,-0.14645425385449778,-0.04791259439273965,-0.21060459062039671,-1.4918333994620598,0.5280429731748676
2220,74.03333333333333,tracked,0,1,0.1959383286004543,0.6886577200599038,-0.4976726204498002,-0.10257980299504421,-0.1456479477691977,-0.04877798858703899,-0.20892953652047475,-1.4935681212166971,0.5285962332605596
2221,74.06666666666668,tracked,0,1,0.13414711868700313,0.6937912950266379,-0.4972210957586515,-0.10175299045581249,-0.1445640746559626,-0.04731945631816019,-0.20644858278513012,-1.4941492777919292,0.5277132372939582
2222,74.10000000000001,tracked,1,1,0.18394756378060267,0.6849423091919837,-0.5039200309498907,-0.09506898110901299,-0.21611943129721095,0.08414239363554758,-0.22403301730815597,-1.5143233450575209,0.5564899975254493
2223,74.135,tracked,0,1,0.15833988238079497,0.686502575606668,-0.49965354379270177,-0.10303038217607519,-0.1458959123103904,-0.05189874237608304,-0.20531914665103468,-1.4948593830483285,0.5306171319367993
2224,74.16833333333334,tracked,0,1,0.21407553870314744,0.6897329612221177,-0.4985393006263371,-0.10241942847654861,-0.145236778155308,-0.04942827574729528,-0.20459349817720238,-1.4964734021199921,0.5292682640470656
2225,74.20166666666667,tracked,0,1,0.14128019170747105,0.6913602891392473,-0.499521412098643,-0.10398269577273433,-0.14518841998850163,-0.052228919772325404,-0.207054303939617,-1.492018291364899,0.5304844196241252
2226,74.235,tracked,0,1,0.1689859032789937,0.6919711566166513,-0.4987257428031488,-0.10246156553221197,-0.14474263117391956,-0.05074031651184566,-0.20676974034157683,-1.4952483574330382,0.5293166993634469
2227,74.26833333333335,tracked,0,1,0.1758536392439645,0.6849600826039043,-0.4999360323980269,-0.10333471130167649,-0.14471682657988627,-0.05467939338838408,-0.20899837452173486,-1.4935351801222727,0.5306195048667498
2228,74.30166666666668,tracked,0,1,0.17085224976083396,0.695670052039286,-0.49844324235920623,-0.10208669411371651,-0.14398351266970932,-0.051317196231625124,-0.20914138738930266,-1.4928528179845808,0.5287708491296909
2229,74.33500000000001,tracked,1,1,0.18340851886597143,0.6926783327295551,-0.5038745985192677,-0.09610137617409631,-0.20488548105572685,0.0628677230592725,-0.2259839766856576,-1.513273808353707,0.5523614268601176
2230,74.36833333333334,tracked,1,1,0.17555568955051415,0.6865587640336918,-0.5058936707009807,-0.09396862954893909,-0.20017899363021463,0.05620509573344628,-0.2107126959621897,-1.5169395933883714,0.5521142444145265
2231,74.40166666666667,tracked,1,1,0.20504069140972167,0.6901110498707749,-0.5059116789133409,-0.09208403852082289,-0.20547972122908154,0.06617564252999637,-0.21000353652476744,-1.5190984925657207,0.5537580815189975
2232,74.435,tracked,1,1,0.19285623487710374,0.6884252769410886,-0.5054302964639638,-0.09592598669240282,-0.19766683154991876,0.04703059229696056,-0.21857928405131088,-1.5128988963942789,0.5511204548930708
2233,74.46833333333333,tracked,1,1,0.19400889689596898,0.6925708363942852,-0.5060606803986966,-0.09329060423473218,-0.1977366496640796,0.05107695203169952,-0.2120173340949505,-1.518453103824746,0.5512715589475373
2234,74.50166666666667,tracked,1,1,0.18342324738110755,0.6849774761429341,-0.5058996153933728,-0.0946609406551632,-0.19588602148440298,0.04795138564116125,-0.21132125371424137,-1.5152289486193304,0.5506963300711843
2235,74.53500000000001,tracked,0,1,0.1642953472826132,0.6895649851504934,-0.4981011273990132,-0.0996022086857225,-0.14112258827717755,-0.0495332812463454,-0.20221526585917188,-1.4963028968763363,0.5272010223940123
2236,74.56833333333334,tracked,1,1,0.15298949821296356,0.6919327626328738,-0.5064115008383392,-0.09288910212596935,-0.18943250627821823,0.04337143141943342,-0.20138756415017492,-1.5166123700357779,0.5486033794190072
2237,74.60166666666667,tracked,1,1,0.1549068260001574,0.6894771290715787,-0.506342264967371,-0.09569207213446049,-0.1879380856095429,0.036319074935746404,-0.20799860022040678,-1.5140973424354605,0.5485072342132362
2238,74.635,tracked,0,1,0.15852819084114528,0.6857239146704064,-0.500013487530798,-0.10061885021658307,-0.14172448703315,-0.05118090148477655,-0.19908566884453266,-1.4988933710492407,0.5293613803031235
2239,74.66833333333334,tracked,0,1,0.14154993376959674,0.6874557449978014,-0.49958924615422445,-0.09949040441207485,-0.1415234471338226,-0.05074212288350471,-0.2009200666735454,-1.4977662618637289,0.5286933341093534
2240,74.70166666666667,tracked,0,1,0.14986647700698996,0.6748196562297549,-0.5013414991849859,-0.10070004699318186,-0.14143887880947592,-0.05711998278721528,-0.20220407984636246,-1.4956554661091208,0.5305551382357538
2241,74.735,tracked,0,1,0.12984190976726673,0.6890592272109388,-0.49902444272756896,-0.09929359195845289,-0.14083326834778376,-0.0496103985573674,-0.2014963873937924,-1.4966576886013048,0.5279380847382498
2242,74.76833333333335,tracked,0,1,0.18328014873335108,0.6852399194061543,-0.49880577557410655,-0.09976001624173875,-0.1398590474037118,-0.05240720771145669,-0.20275607459274553,-1.4964848850663506,0.5275602484335905
2243,74.80166666666668,tracked,1,1,0.2036466918180058,0.6876296768101369,-0.5074426527036215,-0.09583482516103081,-0.18592733821020002,0.024840358482260953,-0.2111761101317961,-1.5122833690803366,0.5488636757797547
2244,74.83500000000001,tracked,0,1,0.2021535175522621,0.6818660994637521,-0.5021909465427347,-0.10095633997404702,-0.14270784478729082,-0.05328050327179092,-0.20217821336078665,-1.4956036443355063,0.5317456707245266
2245,74.86833333333334,tracked,0,1,0.14758383729656496,0.6831649762083534,-0.5015719796602018,-0.10070960447748428,-0.14119759093047374,-0.05344294963167065,-0.1987481585514994,-1.4961377271575753,0.5307105000834585
2246,74.90166666666667,tracked,1,1,0.14938493521567034,0.683236689954379,-0.5084119305704589,-0.09673862330621577,-0.18114475659815982,0.017073936925207648,-0.20716123238988957,-1.5112514011704605,0.5483196834225172
2247,74.935,tracked,1,1,0.14480979542819716,0.6809297533591987,-0.5082143980831173,-0.09518971423475062,-0.1828706652117188,0.025105692620294395,-0.2053014240467526,-1.515006433711965,0.5484383614500861
2248,74.96833333333333,tracked,0,1,0.1531481624258273,0.6619021168665158,-0.5024641422201257,-0.09977639975558206,-0.13927007913155937,-0.057720821694151964,-0.1973845653988446,-1.49865559559195,0.5308688153456589
2249,75.00166666666667,tracked,1,1,0.17682099822998926,0.6837193852140471,-0.5069453317127839,-0.09740758397367044,-0.18500002552018935,0.021928398444143914,-0.21934184438772455,-1.508820487182088,0.548367409866271
2250,75.03500000000001,tracked,1,1,0.17558661174386037,0.6897818916013613,-0.504234733075879,-0.09368335680424497,-0.18365730297841798,0.03058030124085009,-0.21161408705792648,-1.5127850670846086,0.5447561310527131
2251,75.06833333333334,tracked,1,1,0.13247080095476071,0.684228725460235,-0.5086524452303107,-0.09452705262833261,-0.1762825327558633,0.012499285108918696,-0.19885328387438742,-1.5142208337512386,0.546569487871575
2252,75.10166666666667,tracked,0,1,0.20443530079055924,0.6810051724172653,-0.5017599849034848,-0.09886685392367583,-0.13970405365019772,-0.054243695397464826,-0.19693605613492182,-1.4992665521958588,0.5301461683926502
2253,75.135,tracked,1,1,0.20387866394717752,0.6775037403508377,-0.5075730596446555,-0.09414945898169916,-0.1778070442324034,0.01858898921971224,-0.1986072687669185,-1.5160242075094303,0.5459943923542141
2254,75.16833333333334,tracked,0,1,0.2004145038270188,0.6749686683450109,-0.5005259695175213,-0.09859069243060048,-0.13845335029234468,-0.0525031990575916,-0.1978167807715584,-1.4991144532747709,0.5285978632217261
2255,75.20166666666667,tracked,1,1,0.18917876489275787,0.6804726098142686,-0.5083238701582804,-0.09252303320844876,-0.17502222166346454,0.014795949665039092,-0.191598660959313,-1.520660325748402,0.5455148455567447
2256,75.235,tracked,1,1,0.1512872747910673,0.6827178762672049,-0.5082172316665474,-0.0941199944996208,-0.17462794429707135,0.012158744044220893,-0.19522979164182327,-1.5173247155433898,0.5455623216982995
2257,75.26833333333335,tracked,0,1,0.158607865510903,0.678758391106469,-0.5000528539249692,-0.09783859526143329,-0.1373553472410345,-0.05202507713515988,-0.1967025368868734,-1.4988921782245401,0.5277231649804113
2258,75.30166666666668,tracked,1,1,0.17714537204055522,0.6848405187285,-0.5077258073045054,-0.09319205677406658,-0.17509188659274133,0.01607523859530311,-0.19461074244476675,-1.5176793435964757,0.5450939585056855
2259,75.33500000000001,tracked,1,1,0.1606882466415708,0.682433792980683,-0.5096315627378576,-0.09404299604746519,-0.1751850695737241,0.008398220142542571,-0.19647149834553845,-1.5160239053651368,0.5470449921585655
2260,75.36833333333334,missing_tag,1,0,,,,,,,,,
2261,75.40166666666667,missing_tag,0,0,,,,,,,,,
2262,75.435,missing_tag,0,0,,,,,,,,,
2263,75.46833333333333,missing_tag,1,0,,,,,,,,,
2264,75.50166666666667,missing_tag,1,0,,,,,,,,,
2265,75.53500000000001,missing_tag,1,0,,,,,,,,,
2266,75.56833333333334,missing_tag,0,0,,,,,,,,,
2267,75.60166666666667,missing_tag,0,0,,,,,,,,,
2268,75.635,missing_tag,0,0,,,,,,,,,
2269,75.66833333333334,missing_tag,0,0,,,,,,,,,
2270,75.70166666666667,missing_tag,1,0,,,,,,,,,
2271,75.735,missing_tag,1,0,,,,,,,,,
2272,75.76833333333335,missing_tag,0,0,,,,,,,,,
2273,75.80166666666668,missing_tag,0,0,,,,,,,,,
2274,75.83500000000001,tracked,0,1,0.2943541701486649,0.6809024529295042,-0.5054021763728391,-0.09976606832748419,-0.14084005429993124,-0.060367119286912296,-0.19690717035440278,-1.4944790865960373,0.5340604358751304
2275,75.86833333333334,tracked,1,1,0.23404082590607694,0.6813331735383792,-0.5108962677378481,-0.0943161933557358,-0.17313904833703836,0.003182459930929698,-0.1915586004707742,-1.5162439862092891,0.5476200058221347
2276,75.90166666666667,tracked,1,1,0.2070221356904023,0.6847769322674943,-0.5094321116392064,-0.09331119052522743,-0.1746776743586399,0.01006842298118098,-0.1964643278355781,-1.5149380222532653,0.5465714450698639
2277,75.935,tracked,1,1,0.20116027914371842,0.6804231465071988,-0.5112735520596947,-0.09373920657548149,-0.17305853306452162,0.0035167371004239533,-0.19505317524226454,-1.5167156256739267,0.5478475515611823
2278,75.96833333333333,tracked,1,1,0.1562207098474909,0.6837646374724828,-0.5105555528041754,-0.0934662617815181,-0.17433758353002737,0.008038514607387772,-0.19437214526688323,-1.5189498073541692,0.5475367637169926
2279,76.00166666666667,tracked,0,1,0.14728386402916172,0.6890679704829302,-0.501235882030843,-0.09855309849580474,-0.13937518381696296,-0.0547197447550466,-0.20055377077167913,-1.4966861484257366,0.5295050184109431
2280,76.03500000000001,tracked,0,1,0.12345600150836455,0.6816737948541571,-0.5021324065207584,-0.09844094685288046,-0.13907099785057064,-0.05363706860386121,-0.19800569365105436,-1.4986332977446,0.5302530680144842
2281,76.06833333333334,tracked,1,1,0.1675648733184213,0.6871553018024454,-0.5093115978430967,-0.09269177899171815,-0.17625866435154008,0.014465742157746155,-0.19583085934016306,-1.51857991281376,0.5468612130597
2282,76.10166666666667,tracked,0,1,0.1733939019148947,0.6857768830205059,-0.5022048625965139,-0.098858381487551,-0.13958262821879297,-0.05339788552056187,-0.19779997978506883,-1.4993083670802556,0.5305337064752694
2283,76.135,tracked,0,1,0.12086025558563358,0.6852969944593951,-0.5036027573790252,-0.09917289320449368,-0.14138274936762496,-0.056581657036890214,-0.20023778266625206,-1.4966372749894947,0.532390910708528
2284,76.16833333333334,tracked,0,1,0.12900234400805907,0.6817577213969207,-0.502560474827304,-0.09856856415073684,-0.14007870853742926,-0.05450442416340409,-0.19753114751145803,-1.499109177985783,0.5309471134518929
2285,76.20166666666667,tracked,1,1,0.11294458198142794,0.6740471040663049,-0.5090727863461346,-0.09138994741929579,-0.17906700092601896,0.02250489588063995,-0.19398137455496062,-1.5211100444466432,0.5473319058013681
2286,76.235,tracked,1,1,0.12992407721994842,0.6883201841943001,-0.5085853163854891,-0.09202540833978332,-0.17730993413193064,0.018636312207225187,-0.19713201016611076,-1.5201212535882227,0.5464124015474956
2287,76.26833333333335,tracked,0,1,0.14721368395821938,0.6837860378055991,-0.5011312475723078,-0.09724498758695366,-0.13946277983527489,-0.05070350656787642,-0.1968167603640106,-1.5012627659643247,0.5291870953297583
2288,76.30166666666668,tracked,1,1,0.16015012282908533,0.6879651074326024,-0.5079314282386215,-0.09229952409990216,-0.1780289057288128,0.021025193404852777,-0.19621129903561166,-1.519391329133565,0.5460840862143785
2289,76.33500000000001,tracked,1,1,0.18172750769371682,0.6852786794029613,-0.5084540483495094,-0.09270300715942567,-0.17921302668905437,0.021980039705465925,-0.1998021034487787,-1.5194871980464422,0.5470252971796253
2290,76.36833333333334,tracked,0,1,0.13129959803504596,0.6841100636099692,-0.502804967440747,-0.09887712440845431,-0.1407398558238549,-0.05479306872151273,-0.2016157157899954,-1.4972483263938305,0.5314106021069724
2291,76.40166666666667,tracked,0,1,0.15563523039391214,0.6858952145825946,-0.5016518613764792,-0.0984262813450219,-0.14020963963160687,-0.05254404104235619,-0.2003729635405584,-1.4989748629480386,0.5300953366400432
2292,76.435,tracked,1,1,0.1335995240011349,0.6866479595841128,-0.5097994675379343,-0.09114013801918727,-0.18188791472538712,0.023217172191857004,-0.19667915567512928,-1.519403738178895,0.5488945576185534
2293,76.46833333333333,tracked,1,1,0.1522014324783262,0.674027885544799,-0.509422122873729,-0.09253348546473247,-0.1808950215427666,0.021728211474028505,-0.1988537921401141,-1.5190412198023786,0.5484490441457497
2294,76.50166666666667,tracked,1,1,0.18926292066701061,0.68630510302868,-0.5085286050090599,-0.09236183939262979,-0.17872906838074748,0.019353609744754523,-0.20135604298063822,-1.5194686931117145,0.5468785343864763
2295,76.53500000000001,tracked,1,1,0.13290072900121327,0.6847340411806605,-0.5093830023201098,-0.09039763759876704,-0.1781843915712047,0.022238367765581954,-0.19098345777287873,-1.5222498282643913,0.5471676647387776
2296,76.56833333333334,tracked,1,1,0.17066224903809318,0.684127081850546,-0.5105353592945815,-0.08952652677915712,-0.18020014898506675,0.0255322073566242,-0.18564034856583997,-1.5242296168020262,0.5487562717467809
2297,76.60166666666667,tracked,1,1,0.20497855551301886,0.6740684517332289,-0.50931914727789,-0.09142796439901876,-0.18015758860247616,0.02481263003728544,-0.195685077981182,-1.5193704238555152,0.5479250160278177
2298,76.635,tracked,1,1,0.1520074592891634,0.6847724998047068,-0.5108840832515377,-0.09040492186808108,-0.17790324514094275,0.01880743897586373,-0.1884052439719477,-1.5201739143864825,0.5484753057790444
2299,76.66833333333334,tracked,1,1,0.1511568518669168,0.6856691268412982,-0.5104805983810226,-0.09130338376712163,-0.18199810731453187,0.023502060905768743,-0.19454981612424052,-1.5184050565304277,0.5495908116743264
2300,76.70166666666667,tracked,1,1,0.15054997993377997,0.6820721888649357,-0.5101787971045351,-0.09010908902416853,-0.18222581049930253,0.027083054214944856,-0.19210156207373216,-1.5205935108036734,0.5491887644079435
2301,76.735,tracked,1,1,0.1445518012667874,0.6864305716024937,-0.5090847691739474,-0.09129311362653242,-0.1800623040684926,0.024432890340125708,-0.19654844109635447,-1.5211425277966686,0.5476533284359482
2302,76.76833333333335,tracked,1,1,0.16433134586931872,0.6880168326642071,-0.5086442566049868,-0.09035580442239588,-0.18081685627684307,0.0289979258016766,-0.19332378166985728,-1.522608815137796,0.5473370868887824
2303,76.80166666666668,tracked,1,1,0.1643759596284086,0.6810276953015757,-0.5092987512666973,-0.0909948075531462,-0.18070117521466122,0.02450520592062934,-0.19461883762291782,-1.5203215356954578,0.5480129448903658
2304,76.83500000000001,tracked,1,1,0.15502714879025023,0.6873375434596226,-0.5102219303704071,-0.0899024014004971,-0.18255395989808348,0.02955099482766894,-0.19177369926003884,-1.5219180163916437,0.549303930700438
2305,76.86833333333334,tracked,1,1,0.1663516480044164,0.6861718400528666,-0.5100456583459855,-0.09014807760278579,-0.18028681553821846,0.025045708759400025,-0.19017578963855122,-1.5234044110750702,0.5484310215058765
2306,76.90166666666667,tracked,0,1,0.19122157967982142,0.6916272671932465,-0.5000231037498266,-0.09759469257244663,-0.13985424218601605,-0.04856353393711453,-0.20143879726032776,-1.4974322028350093,0.5283058180252656
2307,76.935,tracked,0,1,0.16013067806901604,0.6898346883714274,-0.49993514494274616,-0.09732712415429495,-0.13948879998431374,-0.04856942106892166,-0.19777521363018094,-1.4993077207677232,0.5280765508580494
2308,76.96833333333333,tracked,1,1,0.1424450817555281,0.692424273954853,-0.509760950402673,-0.08869911962638469,-0.17907947060522822,0.02636869558289647,-0.1864280020576704,-1.5238417125169006,0.5475337589319776
2309,77.00166666666667,tracked,1,1,0.13596276302998378,0.688343177175099,-0.5097870919341767,-0.08849833937527896,-0.18214874374832934,0.03334811269903265,-0.18844997195450533,-1.5244688542176321,0.5485371455279773
2310,77.03500000000001,tracked,0,1,0.14498147664231764,0.6897109966352791,-0.5008382424140574,-0.097807567233124,-0.14029787473194277,-0.048958484246789405,-0.19904553666378566,-1.5000905106553086,0.5292341248698577
2311,77.06833333333334,tracked,1,1,0.1305144830239104,0.6923884700205869,-0.5092738773339404,-0.08992710083443184,-0.18153280194290294,0.02854549608403901,-0.19251752685248796,-1.5225454619474976,0.548088426971846
2312,77.10166666666667,tracked,1,1,0.16311517011059742,0.6931796025974837,-0.5106378210819085,-0.0890986538379755,-0.18145482067224633,0.028292101630728164,-0.18702113836408366,-1.5228751148876811,0.5491952352125933
2313,77.135,tracked,1,1,0.15195208260692733,0.6925721895726691,-0.5090866374591794,-0.09026969411370567,-0.1830366953017627,0.029339609317631143,-0.19621704265429638,-1.521108626668045,0.5484708323528847
2314,77.16833333333334,tracked,1,1,0.21114926325938943,0.6885812936673916,-0.5097500941958402,-0.08990737048664668,-0.18425967919320152,0.033987590124064965,-0.19288043184510953,-1.5230002500060844,0.5494361866285042
2315,77.20166666666667,tracked,1,1,0.19685822639476233,0.6949174361618347,-0.5089186458095074,-0.09030087551210444,-0.1857896781251896,0.03691195549208271,-0.19786199612090022,-1.520397323599305,0.5492451553438564
2316,77.235,tracked,1,1,0.16512160339227555,0.6950529792383504,-0.5096272838995433,-0.09040231801562748,-0.1837543385334759,0.031990064284154,-0.1960133431526103,-1.5207643939637516,0.5492341982499811
2317,77.26833333333335,tracked,1,1,0.16483190354475874,0.6959612454880341,-0.5080914237061569,-0.08988827932815022,-0.1840566759796018,0.03551891296336609,-0.19825950740553844,-1.5204001754462337,0.5478263023778478
2318,77.30166666666668,tracked,1,1,0.17620544215335815,0.6943366275061991,-0.5096089316778585,-0.09037453147573143,-0.18571924387515842,0.0334695704583452,-0.19667435896067967,-1.5186012709891359,0.5498731278493856
2319,77.33500000000001,tracked,0,1,0.15263180323404343,0.6857368356576675,-0.5012792309268226,-0.09826363780846253,-0.1410228769884327,-0.05181900961171209,-0.20064731914376382,-1.4941741582361063,0.5299283552594956
2320,77.36833333333334,tracked,0,1,0.10411955891597031,0.694414952347192,-0.501563339940278,-0.09882549715397526,-0.14034243697661586,-0.05279618634531091,-0.1998916751349811,-1.4924391506472887,0.5301209885264991
2321,77.40166666666667,tracked,1,1,0.12272856986169489,0.6926916173018342,-0.5102391276195243,-0.08871422066573567,-0.18454793792370006,0.035027356606299576,-0.19068644798748913,-1.5208675735233057,0.5497927988744049
2322,77.435,tracked,1,1,0.12115946781471672,0.6913485817716731,-0.509352984046263,-0.09033061279020338,-0.18424083700290783,0.034195641683861064,-0.19615216842156097,-1.520241492568123,0.5491309206222303
2323,77.46833333333333,tracked,1,1,0.160934469965919,0.6945941231777532,-0.5094364967978828,-0.08980667530612227,-0.18591178438359202,0.03740260145432458,-0.1939053682276097,-1.5205180946114403,0.5496853416018384
2324,77.50166666666667,tracked,1,1,0.14879342370445034,0.6950710483283495,-0.5092416357813867,-0.09020437748100396,-0.18539778222811104,0.03613494565400059,-0.19685537278971688,-1.51821485801337,0.5493962240361141
2325,77.53500000000001,tracked,0,1,0.1765850287355941,0.6873000520964115,-0.5017465552124938,-0.09904513513334035,-0.14211999912704315,-0.05037694961949591,-0.20408970602659743,-1.4934730010076598,0.5308084763952592
2326,77.56833333333334,tracked,1,1,0.18329735145572434,0.6923277368722023,-0.5100619247567008,-0.0905291927083092,-0.18551086042439102,0.03475127350994897,-0.1963756431733117,-1.519012274378192,0.5502481087239885
2327,77.60166666666667,tracked,1,1,0.13988318292555235,0.6917015282049995,-0.510757948063118,-0.08972833306023856,-0.18745225513853386,0.03737021615052366,-0.1928591297503911,-1.521763312075526,0.5514192626486111
2328,77.635,tracked,0,1,0.17593375218641993,0.6961522698985241,-0.5008983187213492,-0.09883914996748105,-0.14062075885074965,-0.04874979864993506,-0.2027361299836254,-1.492839356651457,0.5295682213690028
2329,77.66833333333334,tracked,1,1,0.17558077557945573,0.690082955586804,-0.5095943111037755,-0.0887934419372797,-0.18742290219177782,0.042498520270072504,-0.19377626515891858,-1.5235062100024124,0.5501799537482162
2330,77.70166666666667,tracked,0,1,0.19203964370644835,0.689158411652219,-0.5024285527541645,-0.0990027605910564,-0.14181233584693215,-0.05158778188169399,-0.2010997165363491,-1.493960283530269,0.5313630922689846
2331,77.735,tracked,1,1,0.16159174703319884,0.6943446014600239,-0.5087840523074798,-0.08971077991895782,-0.1866454718001444,0.04026613480045538,-0.19546154064305019,-1.520705813664996,0.5493139066686611
2332,77.77000000000001,tracked,0,1,0.19349758825878532,0.6923959538858457,-0.5011074367988004,-0.0985349046135574,-0.14063276986028406,-0.05042053004894579,-0.19858712013283697,-1.4959453408215515,0.5297125320405798
2333,77.80333333333334,tracked,0,1,0.20310350823665468,0.6916824303350498,-0.501039762497441,-0.09879881257809381,-0.14171305203129597,-0.04756596939557496,-0.20053820807840275,-1.4957145362417223,0.529985507430494
2334,77.83666666666667,tracked,1,1,0.1567244742676526,0.6941395309724825,-0.5109486102149858,-0.08917919505104172,-0.18515573360408877,0.036036700359608625,-0.1906220991641929,-1.522066652042022,0.5507304756385337
2335,77.87,tracked,0,1,0.16083383184874692,0.6892299296093066,-0.5026430760690594,-0.09932951961110187,-0.141608861169995,-0.05294031139410685,-0.19907361442528934,-1.495628273419076,0.5315726525586144
2336,77.90333333333334,tracked,0,1,0.11447267284572106,0.6920678602434126,-0.5025396548061607,-0.09947483958900066,-0.141638025005572,-0.051183813563962385,-0.20228088607514594,-1.4943992104474408,0.5315098103435454
2337,77.93666666666667,tracked,0,1,0.0947232261391593,0.6897173472000678,-0.5017147166758721,-0.09877910371548082,-0.1420013854065556,-0.04799653631405878,-0.20188067506791468,-1.494105870833143,0.5306970526744665
2338,77.97,tracked,1,1,0.17709456856285954,0.6914243407834654,-0.5120332898024632,-0.08859147856779453,-0.1856532418723148,0.03508170071739973,-0.18783530251326522,-1.523928611966101,0.5518094473262137
2339,78.00333333333334,tracked,0,1,0.1513804744394071,0.6940520632369336,-0.5013552922916805,-0.09845074678364285,-0.14060504283289915,-0.05018495043945112,-0.20118712201517172,-1.4956194937581517,0.5299240103271173
2340,78.03666666666668,tracked,1,1,0.18212005772935388,0.6914679816465681,-0.5101141223571515,-0.09080406947350378,-0.1870043355724459,0.03431446887751405,-0.19988566345545927,-1.521642770618236,0.5508470008850441
2341,78.07000000000002,tracked,1,1,0.15423392801643704,0.6942845496861485,-0.5096743407852624,-0.09174304228241673,-0.18295065599586802,0.02962531943656742,-0.19913246819628017,-1.5180648246628696,0.5492318836260724
2342,78.10333333333334,tracked,0,1,0.11628835050513002,0.6884068475348669,-0.5019694047859342,-0.09830434213949696,-0.1412564101644363,-0.0485267043682865,-0.20022649497015177,-1.4971980870540142,0.5306509214513508
2343,78.13666666666667,tracked,1,1,0.15356165029828256,0.6932289764328579,-0.5088066167393843,-0.08951154602958089,-0.18718476290373598,0.041056892561309524,-0.1962960284348715,-1.5236436961644406,0.5494857828676847
2344,78.17,tracked,1,1,0.10389634742134835,0.6929708664026054,-0.5101531130353656,-0.08984574259589923,-0.18920717897396305,0.04061734555175229,-0.19808286946547146,-1.521234740118235,0.5514778443215723
2345,78.20333333333333,tracked,1,1,0.11097024235379357,0.6900888428760833,-0.5098153618215231,-0.09082856771763254,-0.18752011229893262,0.034413212011850124,-0.1984655811508311,-1.5203048389301228,0.5507497838215203
2346,78.2366666666667,tracked,1,1,0.19780830762830812,0.6874273460157301,-0.5092504883510918,-0.09042422185835011,-0.18797254716282397,0.03986777880435566,-0.19654304595352462,-1.5199501822359751,0.5503147083909294
2347,78.27000000000001,tracked,1,1,0.15098773215583308,0.6890099493988202,-0.5094377979717523,-0.08954312736174794,-0.18765283226307988,0.04067531562948953,-0.19576235840969203,-1.523118619595847,0.5502348835873511
2348,78.30333333333334,tracked,1,1,0.12517501179153342,0.6934640964780828,-0.5103178586836853,-0.09224651325259908,-0.1845883703204223,0.027795449728894504,-0.20130390029896367,-1.5169859012761167,0.550460355117708
2349,78.33666666666667,tracked,1,1,0.1584565873809639,0.6899150711497597,-0.5119817446340584,-0.0894750724519443,-0.18329410870549107,0.02854075362148179,-0.19101776246573823,-1.5220465198486326,0.551115074839144
2350,78.37,tracked,0,1,0.1917656243662951,0.6940365074392048,-0.502380830981251,-0.0987414683166078,-0.14110640015996062,-0.05480437449783165,-0.20092035619805654,-1.4957644112314388,0.5310813431752567
2351,78.40333333333334,tracked,0,1,0.2002631551487938,0.6936942987232909,-0.5011673078952369,-0.09885691525818718,-0.14165750319407683,-0.04951455514647348,-0.20229252586151317,-1.494455384910065,0.5301020735749894
2352,78.43666666666667,tracked,1,1,0.14783236187300908,0.6920581172018891,-0.5113439718686126,-0.08993904016108728,-0.1886948269959371,0.03688649738363839,-0.194340775329625,-1.5210037612900167,0.5524196106642963
2353,78.47,tracked,1,1,0.17577330273825625,0.6937447451649643,-0.5104772472819287,-0.09183769102335382,-0.1846194845293141,0.029194893893862567,-0.20017935148139832,-1.5177262012841393,0.5505502116545828
2354,78.50333333333334,tracked,1,1,0.15302226409390499,0.6914406409982148,-0.5097118471351596,-0.09019185874944949,-0.18878985997795988,0.038742680248854834,-0.19964328293864458,-1.5216058074133199,0.5509830757156835
2355,78.53666666666668,tracked,1,1,0.11484171219786253,0.6855966374472939,-0.5097029808481415,-0.09150238616611275,-0.1869291878740772,0.03205950898819087,-0.20280551049976728,-1.5201945949573956,0.5505563882463225
2356,78.57000000000002,tracked,1,1,0.19337276798271696,0.6939482783647601,-0.5112147645053278,-0.08976033405357334,-0.18525517963183208,0.03242034986791469,-0.1952331866446073,-1.5201117365916341,0.5511051937680039
2357,78.60333333333334,tracked,1,1,0.18338622398121357,0.6937500159656715,-0.5105365285980241,-0.0880860360956355,-0.18341922337962324,0.032409137956116725,-0.18972368015081084,-1.522905775262164,0.5495901275433783
2358,78.63666666666667,tracked,1,1,0.217929002725934,0.6936350261818994,-0.51008896539598,-0.08980731865133168,-0.18674574771436736,0.03539944350402374,-0.199279750212065,-1.5215990558349386,0.5505725033013193
2359,78.67,tracked,1,1,0.13163847400927545,0.6935558689737106,-0.5110067213577775,-0.08814367048494406,-0.1852454823612194,0.035017904749588505,-0.19186408017333734,-1.5245824120730807,0.5506478590302739
2360,78.70333333333333,tracked,1,1,0.16338094376353388,0.6918343887868473,-0.5105846125814326,-0.08941584972103894,-0.18376016946348522,0.030400926508909257,-0.19335564492149232,-1.5229379443946285,0.5499633084738615
2361,78.7366666666667,tracked,1,1,0.14680361884094004,0.6964097524798842,-0.5098869800912951,-0.0891420892044544,-0.18440014428044743,0.03346236924000163,-0.19538670491341018,-1.5226617134943279,0.549485630153333
2362,78.77000000000001,tracked,1,1,0.14412441073690394,0.693260345326086,-0.5088897305133975,-0.08988341977623734,-0.18550810042819432,0.03509597547909852,-0.20045494751330192,-1.5207624568242504,0.54905468060763
2363,78.80333333333334,tracked,1,1,0.1740347041247613,0.6899510936129649,-0.510028972342476,-0.09001363419147465,-0.18585270806923782,0.03425117785638442,-0.19754633706841887,-1.520818474164475,0.5502483403571047
2364,78.83666666666667,tracked,1,1,0.16239544854387591,0.6949622505059021,-0.509680989104073,-0.08730357800722632,-0.18335250186730107,0.03562692526054781,-0.1882937720721757,-1.5261192250792148,0.5486481252387259
2365,78.87,tracked,1,1,0.13058857804468219,0.6958667365863007,-0.5101544817474167,-0.08981086048413853,-0.18366044402173676,0.030884193729929177,-0.19519135751452246,-1.5216621332114937,0.5495950733095578
2366,78.90333333333334,tracked,1,1,0.1359792389302063,0.6978820696085388,-0.5096133748410525,-0.08726015418502678,-0.1842109674556805,0.037509436105446575,-0.19352154492835327,-1.522904148274099,0.5488659279425527
2367,78.93666666666667,tracked,1,1,0.11417258097357993,0.6984744397231936,-0.5091232580691807,-0.08892237043782608,-0.18736585610685086,0.03770758571979331,-0.19926641535668205,-1.5221356461454905,0.5497450717431787
2368,78.97,tracked,1,1,0.12964768358059414,0.6980318051187702,-0.5101282243719226,-0.08950191453278797,-0.18633035628256306,0.032740871495719276,-0.1991139632049058,-1.5216223884853972,0.5504183860285483
2369,79.00333333333334,tracked,1,1,0.14821918650420574,0.7038158153842604,-0.5095962512511008,-0.08855948530725993,-0.1815680879524046,0.029448594881915292,-0.19729194073024492,-1.5232865688163437,0.548177062900076
2370,79.03666666666668,tracked,1,1,0.18227570346457864,0.705500402685198,-0.5096784838550198,-0.08768078218876402,-0.18494271806930201,0.03497705637645379,-0.19717267303085048,-1.5224184662523885,0.5492393698897107
2371,79.07000000000002,tracked,0,1,0.19504778965402744,0.6957720456210769,-0.49851539920472143,-0.09533882221599954,-0.1373799139603582,-0.05349434372790728,-0.20366631990471215,-1.496748771288767,0.5258139737830596
2372,79.10333333333334,tracked,0,1,0.1699750373406074,0.7114672346716565,-0.4991378428374723,-0.09581655354832636,-0.13717157102875283,-0.053484215078682736,-0.2008001617857271,-1.4964305887233733,0.5264365469691678
2373,79.13666666666667,tracked,1,1,0.17009932827922616,0.705817053799659,-0.5101957644532142,-0.08878891516601525,-0.18155061133205064,0.023757337922916077,-0.19794830263575708,-1.5217203222805966,0.5487657186791088
2374,79.17,tracked,1,1,0.11561848833301155,0.7042979821697509,-0.5095200654798645,-0.0876889101980807,-0.1838207434529721,0.03138515240461264,-0.19657838238794312,-1.5244476318366602,0.5487167828870699
2375,79.20333333333333,tracked,1,1,0.19496607072586586,0.7105540009534244,-0.5070022332106562,-0.08775083300560452,-0.18354399641883756,0.03301385766270772,-0.20347447311387365,-1.5235744673600327,0.5462965053843639
2376,79.2366666666667,tracked,1,1,0.1427397477114022,0.6980250729730093,-0.5093249958264372,-0.08823010119645408,-0.18098795731645184,0.028463378624290592,-0.1969360540280253,-1.5237175780466825,0.5476797812812872
2377,79.27000000000001,tracked,1,1,0.18818436880840597,0.7062831564915716,-0.509641305109166,-0.08739081209016228,-0.1787934205212826,0.024778716374011002,-0.19226094533251,-1.5213294176001673,0.5471183611732038
2378,79.30333333333334,tracked,1,1,0.13203235129216326,0.7244002114730116,-0.5052795510825305,-0.08466089693208723,-0.1760371322495321,0.02865947045454947,-0.1985402117244257,-1.522970359654042,0.5417231434433537
2379,79.33666666666667,tracked,1,1,0.18412332893545508,0.7110876084970301,-0.5110671520679957,-0.08685602759949987,-0.1732755912876927,0.01295456588511,-0.18612148693378017,-1.5243246489566817,0.5465876269998768
2380,79.37,tracked,1,1,0.16629223059960574,0.7085972352831604,-0.5102695811156561,-0.08656222882771103,-0.17813666850907794,0.023868214510766952,-0.19212524199686215,-1.524555840400164,0.5473579610630335
2381,79.40333333333334,tracked,1,1,0.18496701250380113,0.7046453285290954,-0.5098369104487465,-0.08620165491522816,-0.17667878876322246,0.02295581286126802,-0.18877339278098226,-1.5266757574719614,0.5464245556020396
2382,79.43666666666667,tracked,0,1,0.14669463681180187,0.6998276057660887,-0.5037581017872961,-0.09626592305146553,-0.13787918217516093,-0.060223954091753844,-0.20035096732632657,-1.4972888213791897,0.5310838181818212
2383,79.47,tracked,1,1,0.16195606753881783,0.6995576561844499,-0.5121772764557537,-0.08678334942211705,-0.17239974647975143,0.00819713434318016,-0.1814978798783186,-1.5270631444825102,0.5473377246644319
2384,79.50333333333334,tracked,1,1,0.1658763740868161,0.6912968276148082,-0.512750878463633,-0.08711257820449189,-0.173521689636003,0.002817019134049937,-0.1753000324952256,-1.5324673762923788,0.5482808052638669
2385,79.53666666666668,tracked,1,1,0.12764661079464817,0.6958994383230135,-0.5107136984605287,-0.08538994436674407,-0.17351817709752487,0.016113652507783634,-0.1859615663523279,-1.5282885942538729,0.5461029959425562
2386,79.57000000000002,tracked,1,1,0.18391221115376685,0.6980769007360778,-0.511519884011142,-0.08568787007288595,-0.17385337310912136,0.016210382104386814,-0.18597114993395436,-1.5292305375412911,0.547010053068332
2387,79.60333333333334,tracked,0,1,0.2148766903571513,0.6962845478593058,-0.5040393984885372,-0.09575562769719237,-0.138838288339672,-0.056769575306155826,-0.19932383269752,-1.501234249480399,0.5315081615304318
2388,79.63666666666667,tracked,1,1,0.22345594717890047,0.6996091450707104,-0.5113071216612615,-0.08657655320686541,-0.17175938911151645,0.01129270371078256,-0.185223435341045,-1.527259377522042,0.5462890809586683
2389,79.67,tracked,1,1,0.16825110978364663,0.7002652694685761,-0.5119670775029043,-0.08588545790450972,-0.17020502308982072,0.00960222884561764,-0.18447558114808343,-1.5269317524418937,0.5463115871106328
2390,79.70333333333333,tracked,1,1,0.22339742417164754,0.6955846594398897,-0.5118887170275214,-0.08689893817106614,-0.1726167101138671,0.012624118917256942,-0.18487816152319753,-1.5248247538480761,0.5471544687616793
2391,79.7366666666667,tracked,1,1,0.22233481483132306,0.6910258624419849,-0.5121624605631767,-0.08872667334940881,-0.17643683841154345,0.014152891182357649,-0.19112151478850833,-1.5244878822911592,0.5489196357595902
2392,79.77000000000001,tracked,1,1,0.21331336040525914,0.6882768442124314,-0.5128845628744467,-0.08889813547720019,-0.16987152953814283,0.002428053053953843,-0.18738321825765325,-1.5241192505264183,0.5475488926788759
2393,79.80333333333334,tracked,1,1,0.2030475576371202,0.6973579985098026,-0.5123234545682733,-0.08784455778377215,-0.16605654057681368,0.0016995498521527428,-0.1812923174051182,-1.524462296825365,0.5456800922714106
2394,79.83666666666667,tracked,1,1,0.19851266625899527,0.7012169373532608,-0.5125775104629082,-0.08747730443808449,-0.1616421841866283,-0.010826925128713806,-0.1797002082581081,-1.5216988512354763,0.5445329914089044
2395,79.87,tracked,1,1,0.14295250641547488,0.6966594225548034,-0.5120340454681019,-0.08769244816295715,-0.16313294112910004,-0.00466198617768268,-0.1845239874868855,-1.5231457315293198,0.5445008591955329
2396,79.90333333333334,tracked,1,1,0.20442629820928737,0.6981224920733977,-0.5093390402107221,-0.08746802460205963,-0.1644675453689864,0.0010063767683874483,-0.18974143486100534,-1.5211823936684228,0.5423342942229135
2397,79.93666666666667,tracked,1,1,0.19029451255720525,0.687574459592496,-0.512741679670351,-0.08922013803427056,-0.16596080588150536,-0.0039054995474104045,-0.18679076758320073,-1.5229458077443374,0.5462666493488925
2398,79.97,tracked,1,1,0.18053629778222205,0.6879437959244912,-0.5129654249680407,-0.08957894417160128,-0.1637423618863817,-0.007233815534273011,-0.18319961857353909,-1.5212806414516487,0.5458658035888236
2399,80.00333333333334,tracked,1,1,0.17468541308252816,0.6854109781873409,-0.5136083191273787,-0.0902884935812931,-0.16277883607896448,-0.010719856981174674,-0.18430612289959158,-1.5200498356121868,0.5462988806736225
2400,80.03666666666668,tracked,1,1,0.1859608877512442,0.6827944252049135,-0.512141270546313,-0.09081512349021229,-0.15872973411696378,-0.019173508366876,-0.19136687186081008,-1.5192706662282778,0.5438117285827663
2401,80.07000000000002,tracked,1,1,0.15531033106817368,0.6995569503926308,-0.5088188288273894,-0.08664247935353972,-0.157582847832464,-0.007963225562598037,-0.1811813809659068,-1.5203167996910751,0.5396627407268304
2402,80.10333333333334,tracked,1,1,0.18994982067707017,0.6903470185187226,-0.5100035636280361,-0.09005333529209328,-0.1580437536750534,-0.011134048578088949,-0.18787045348307463,-1.5175987171146204,0.5414712053158759
2403,80.13666666666667,tracked,1,1,0.1448233321883639,0.6872820115059604,-0.5105619101391297,-0.09044381287312259,-0.1571754612922605,-0.01674163738364242,-0.18799802216858338,-1.5178002827648236,0.541809628010042
2404,80.17,tracked,1,1,0.2280565150520964,0.6928288874972062,-0.5101071616032632,-0.08942507869136795,-0.15479001925453917,-0.01966665330238601,-0.18605291261311466,-1.5176091358910895,0.5405239227626429
2405,80.20333333333333,tracked,1,1,0.15207333749441887,0.7142408106432365,-0.5026546366268394,-0.08524463033173862,-0.1505186724622279,-0.013650413200041947,-0.19019458405587888,-1.5175771672059664,0.5315864948271788
2406,80.2366666666667,tracked,0,1,0.20037381429988282,0.6884018350958989,-0.5064855450572332,-0.09519670200815328,-0.135443150682811,-0.05742524671548112,-0.1951027702627119,-1.4996009147930256,0.5328553898498526
