frame,time_s,status,world_source_id,detection_count,error_px,ambiguity_gap_px,x_m,y_m,z_m,relative_rx_rad,relative_ry_rad,relative_rz_rad,distance_m
0,0.0,tracked,1,1,0.32240981433539895,0.39098085688352036,-0.16675471969082561,0.30636880516750387,-0.07901710938110457,-0.2693792903204181,-0.07617963334462023,-0.5227717383762998,0.35764882901230816
1,0.03333333333333333,tracked,1,1,0.3170789174485662,0.45189979475593367,-0.16408186824407794,0.3059693598878983,-0.07643754336327208,-0.271316144937706,-0.08877106464014982,-0.5206518295133272,0.35550359592005437
2,0.06666666666666667,tracked,0,1,0.3133045607641589,0.4497263278238922,-0.16500177855303244,0.3065247025320888,-0.07743479486380667,-0.26848540903012885,-0.07668787796934164,-0.5246014509587658,0.35662182721147245
3,0.1,tracked,0,1,0.2471119404638351,0.47208970368099723,-0.16648732443413916,0.30217182466262327,-0.0837391920293526,-0.270175873196298,-0.06127096464198739,-0.5260348366262247,0.35501844050542813
4,0.13333333333333333,tracked,0,1,0.24638922082665574,0.40043955500047634,-0.16756179539036625,0.30510758215436323,-0.08131653239304948,-0.27095899445635313,-0.07297805495649938,-0.5222644093766005,0.3574632434292432
5,0.16666666666666669,tracked,1,1,0.29798319857968464,0.40715869719701886,-0.1656198451111734,0.30686124911162405,-0.07735347865229747,-0.265526578464496,-0.07436738694284946,-0.5245624316510393,0.35717967461854083
6,0.2,tracked,0,1,0.2923333608944448,0.41937599891942984,-0.16754219552061944,0.30551094609777063,-0.08069069654279587,-0.2788208627022854,-0.07291371843542946,-0.5187019984656556,0.3576566984889084
7,0.23333333333333334,tracked,1,1,0.22763588497447465,0.40441664979623515,-0.164722191658915,0.3071837511895602,-0.07590841097964268,-0.26505871934286,-0.07702292659579121,-0.5249914029579094,0.3567314736286389
8,0.26666666666666666,tracked,0,1,0.2591745920117123,0.4641413512026758,-0.16665629239467394,0.3059597840658185,-0.0790769044221451,-0.2761560763851276,-0.07393590448027737,-0.5186461244275085,0.35726581990631345
9,0.30000000000000004,tracked,1,1,0.35563731725185466,0.40568148934403037,-0.1649232498496816,0.30692972729658297,-0.07604568147080581,-0.2630932550671387,-0.07653610613898056,-0.5253188779437787,0.3566349415154025
10,0.33333333333333337,tracked,1,1,0.3101351591458033,0.3940207871073345,-0.16479460792289807,0.306804010909428,-0.07597626827894066,-0.26351494844650003,-0.0713745099169598,-0.5267621884273661,0.356452461419707
11,0.3666666666666667,tracked,1,1,0.31100633075871575,0.4105174917117148,-0.16406658023742515,0.3068003367223301,-0.07652512872319606,-0.2658705090124393,-0.08859052292910734,-0.5234369969961852,0.35623080255620837
12,0.4,tracked,1,1,0.2467915453834181,0.45211739380288407,-0.16562985440573375,0.3068207948181089,-0.0775777872619216,-0.2678666459633696,-0.08372537954391668,-0.522036034753817,0.357198210913404
13,0.43333333333333335,tracked,1,1,0.2668333401896643,0.4113805434759076,-0.16459561176104354,0.30722091755941866,-0.07580293880315858,-0.26377570227569863,-0.07987840325878752,-0.5244800546559938,0.3566826224085478
14,0.4666666666666667,tracked,1,1,0.2864476250924247,0.3864111752759414,-0.16551155901727782,0.30657153114885793,-0.07766717618441915,-0.2687942206274496,-0.08541021173487749,-0.520844103047745,0.3569486939824078
15,0.5,tracked,1,1,0.30181561871467644,0.43339313715287164,-0.16516468869369388,0.30653927885114307,-0.07736578615346645,-0.2666253903006341,-0.08593591570053388,-0.5235056023742447,0.3566947837255369
16,0.5333333333333333,tracked,1,1,0.2477981595672756,0.4678099948857658,-0.16438390554778765,0.3069124921372061,-0.07658459793933337,-0.26539095572255633,-0.08909054292148484,-0.5237302337684394,0.3564863908686332
17,0.5666666666666667,tracked,1,1,0.28975685664332484,0.40286197043631955,-0.16478347262684606,0.30699838747194896,-0.07667555073480176,-0.2687431072584889,-0.08288020065982775,-0.5223122445370952,0.3567642678882298
18,0.6000000000000001,tracked,1,1,0.31981720904557615,0.3952941137768991,-0.16469292380406775,0.30694493360796415,-0.076939992688068,-0.2671216328317825,-0.0837928346128849,-0.5241567706763552,0.3567333932975296
19,0.6333333333333334,tracked,1,1,0.26519907155295236,0.4242091895207741,-0.16332570887645148,0.3067189109377328,-0.07475112786253946,-0.26831710480201904,-0.0888688572815636,-0.5198980879028123,0.35544269386716326
20,0.6666666666666667,tracked,1,1,0.2798562329503281,0.4021626132884934,-0.16440034544505405,0.30698799335912424,-0.0762250431208863,-0.26364916550535844,-0.08940051645324658,-0.524064220752415,0.35648191938427365
21,0.7000000000000001,tracked,1,1,0.275129938088014,0.3839880940328648,-0.16343679494048008,0.3069703731936466,-0.0750989217629141,-0.26552860027231834,-0.09092103331476703,-0.5227074843804622,0.35578398503729125
22,0.7333333333333334,tracked,1,1,0.314364344364743,0.40908140557338707,-0.16368496169550656,0.3071406497566874,-0.07495337151032139,-0.2613201643222118,-0.09055898128848945,-0.5240216553758277,0.3560142599938714
23,0.7666666666666667,tracked,1,1,0.27344758349676024,0.4300093771391308,-0.16140364343392655,0.30704350390161894,-0.07241499831522413,-0.2678060717512508,-0.0861127184121052,-0.5265733307754847,0.35435967798682105
24,0.8,tracked,1,1,0.2536278918035005,0.4335202600897489,-0.16226603240320103,0.30676142361229763,-0.0734291116999522,-0.26615431738979534,-0.08807564915204236,-0.5242792157024034,0.35471773388648653
25,0.8333333333333334,tracked,1,1,0.29814776382705704,0.44329946695474404,-0.16343335378334767,0.3068673717084838,-0.07539915890524829,-0.2638469474419564,-0.09201137025346774,-0.5235182348594691,0.3557570492790895
26,0.8666666666666667,tracked,1,1,0.3140019254064502,0.39751746107355257,-0.1630105850463947,0.3070225089383888,-0.074997058967326,-0.26351396828245033,-0.09565506790426569,-0.5240504581032425,0.3556119102135634
27,0.9,tracked,1,1,0.2897948525296418,0.4028062603215595,-0.16247335218510073,0.3071684420360529,-0.07387904265737583,-0.25758101193758426,-0.10076619808676592,-0.5220948345866686,0.3552578709854155
28,0.9333333333333333,tracked,1,1,0.29459593526766953,0.43880087459778755,-0.1632305369188174,0.3070069973468936,-0.07494038577007933,-0.2619269554513905,-0.09706254069301994,-0.523120014892666,0.35568745553101705
29,0.9666666666666667,tracked,1,1,0.32973390524821045,0.40147900687048843,-0.16297734629715582,0.30711159259190735,-0.07436033206312764,-0.25936070790802823,-0.09376343494617419,-0.5231100486379325,0.3555398777843905
30,1.0,tracked,1,1,0.29475163739854654,0.4308950698048056,-0.162771094011959,0.3068446346272698,-0.07463911241066984,-0.26700669739843963,-0.09759188476464926,-0.5202290745699535,0.3552732131006295
31,1.0333333333333334,tracked,0,1,0.2703834246807948,0.4177135776547082,-0.16387173702868818,0.30574392540669193,-0.07744805077648909,-0.28140601249891467,-0.08441660450034967,-0.5152451226930652,0.3554314205145206
32,1.0666666666666667,tracked,1,1,0.2877925969391315,0.41931067069348926,-0.16285859495272903,0.3071023628186992,-0.07411440547498804,-0.26015834784492936,-0.09295378409932548,-0.5238166525533426,0.35542612213752095
33,1.1,tracked,1,1,0.3100516076989374,0.3741993473726682,-0.16334299109227468,0.3067215869961527,-0.07510456215728906,-0.2684197987991754,-0.09133036678190812,-0.5198872651896489,0.35552743906096407
34,1.1333333333333333,tracked,1,1,0.2988742090814189,0.404085676953819,-0.1624483810852766,0.30724180958554803,-0.07296740376580779,-0.2539177868311896,-0.09468731380227204,-0.5239170285195679,0.35512145540216494
35,1.1666666666666667,tracked,1,1,0.32432944918028633,0.39160233063319344,-0.16307054242644797,0.3071394287221037,-0.07390289319384002,-0.2585597544282778,-0.08648726603543543,-0.5250735586222681,0.3555112770439446
36,1.2000000000000002,tracked,1,1,0.2905438875839413,0.38540991349037673,-0.16313122505060268,0.3070261686864613,-0.07365243872702415,-0.2599563312991466,-0.0877075828655496,-0.5239079280233837,0.3553892887739244
37,1.2333333333333334,tracked,1,1,0.32348692313751676,0.3536650993135008,-0.16205798750659473,0.30732975433142345,-0.07195418443893692,-0.25261220808291185,-0.08899147941745707,-0.5256714537776626,0.3548123079465723
38,1.2666666666666668,tracked,0,1,0.32109978786685334,0.38364379875745835,-0.16166265177480932,0.3069576638528521,-0.07328239646228829,-0.2713164048053513,-0.09042938742229084,-0.5171659622397896,0.354581626721013
39,1.3,tracked,1,1,0.3114508806013838,0.42010981914100165,-0.16197482950548375,0.30721516648077646,-0.07240348977980343,-0.2592244750746911,-0.09039526956694208,-0.5243851483059505,0.35476649960422674
40,1.3333333333333335,tracked,1,1,0.27591329340575493,0.41676492134284265,-0.1613123218712511,0.30739455256786635,-0.07109782237356421,-0.2547177536721529,-0.08829978635807421,-0.526536665339395,0.35435572026165424
41,1.3666666666666667,tracked,1,1,0.2968055585498178,0.4482501726172985,-0.16233443763334188,0.3072801711835041,-0.0719148406392528,-0.2562283545452664,-0.08459189022073482,-0.5230992600811605,0.35488775344954643
42,1.4000000000000001,tracked,1,1,0.2943108465000028,0.4021583548150914,-0.16107567166771203,0.30707839755898136,-0.07067969095892168,-0.25949608797784934,-0.08719540041704184,-0.5230504782295057,0.35389000122162967
43,1.4333333333333333,tracked,1,1,0.27182371563724533,0.4288639051904563,-0.15823607064221462,0.30691602827882053,-0.06713258342355144,-0.2590468091076858,-0.09071650034471068,-0.5193610212326856,0.3517710707603082
44,1.4666666666666668,tracked,0,1,0.29124588986828304,0.45210519133026605,-0.1620551412526562,0.3069055471912681,-0.07105396766555477,-0.2681379656255272,-0.08862101134313863,-0.5164621541908666,0.3542619793658469
45,1.5,tracked,1,1,0.2963950986081821,0.41932917040809,-0.16205695168819678,0.30744605151410376,-0.07110241880113471,-0.2532763249503634,-0.07884042888845443,-0.5254059125664772,0.3547408690036369
46,1.5333333333333334,tracked,1,1,0.33920985271308823,0.3994673797981376,-0.16227436259549916,0.3074099471040838,-0.0715381982201509,-0.2545876295539327,-0.07577171874685618,-0.5252390803631554,0.35489654568464984
47,1.5666666666666669,tracked,1,1,0.332568978634729,0.3966026824644838,-0.16263893062866652,0.30723225758080747,-0.07202957190271236,-0.2587709593799551,-0.0761929688934494,-0.5220873241287436,0.3550089309900863
48,1.6,tracked,0,1,0.31281482951574524,0.41039180979023826,-0.16333665626514704,0.3063534379944924,-0.07198466813845655,-0.26518286724915935,-0.08494676711828056,-0.5154822287020187,0.3545604105056398
49,1.6333333333333335,tracked,0,1,0.3294983433755591,0.4256294501454381,-0.16357809127154882,0.3058592786928404,-0.07248536524592092,-0.26707921608566776,-0.08106384659586686,-0.5172732981524011,0.3543470311451506
50,1.6666666666666667,tracked,1,1,0.3215461856008395,0.4008020650886658,-0.1629576085950193,0.30687533624861296,-0.07223002765163206,-0.26150072924138174,-0.07412714691336857,-0.5214151980062379,0.35488706808118875
51,1.7000000000000002,tracked,1,1,0.31507574842157543,0.4239163056189175,-0.16285807112920114,0.30711137725335785,-0.0725933126158127,-0.2608084328373603,-0.07555987452322505,-0.520850333172542,0.35511961140848775
52,1.7333333333333334,tracked,0,1,0.35375516811277596,0.42253674865713675,-0.16316128945995184,0.306221993377833,-0.07192494272654604,-0.265531003808574,-0.08329531718821068,-0.517261043969324,0.3543539374590675
53,1.7666666666666668,tracked,1,1,0.2900325928243393,0.419700418244995,-0.16311471950217643,0.30704972049582857,-0.07253976315449762,-0.2606677606314506,-0.07318435440395003,-0.5212443648999839,0.3551731406136319
54,1.8,tracked,1,1,0.30591950947572555,0.4151131948714287,-0.16340743244965777,0.3068648322696876,-0.07269582112313,-0.25979089901711055,-0.07153481156616068,-0.5217387604160227,0.3551798089312779
55,1.8350000000000002,tracked,1,1,0.32379674482535237,0.42042613180836463,-0.1635225936841126,0.3067888893758394,-0.0728450125861752,-0.2622905769725796,-0.07276538333622068,-0.5223305895454555,0.355197771879724
56,1.8683333333333334,tracked,0,1,0.3379694041203179,0.4395089445465778,-0.16141685431610708,0.3064512212766848,-0.06916118573685559,-0.2677537809263294,-0.08623647057396308,-0.5144033443721459,0.35320110630037216
57,1.9016666666666668,tracked,1,1,0.3126594217811272,0.4302006315098004,-0.1623342930392167,0.30678456585406544,-0.07214941267743313,-0.2624570875029367,-0.08013795986586818,-0.519163134304596,0.3545063191150593
58,1.935,tracked,1,1,0.3004865074798313,0.4436165747159915,-0.16295392128745362,0.30693262584219216,-0.0724435586955069,-0.255727425513027,-0.07751459119350115,-0.5202625780690981,0.35497843098674337
59,1.9683333333333335,tracked,0,1,0.2989084755171926,0.43385734536880805,-0.16329470321671608,0.30603954822835006,-0.07179504518118035,-0.2676897466837243,-0.08042849218625052,-0.5154001784116998,0.354231412626006
60,2.001666666666667,tracked,1,1,0.2864009384924621,0.4336907502189627,-0.16295868191231583,0.306987636809713,-0.07247926846300162,-0.2595185268533708,-0.07667271963169998,-0.5199809370579795,0.35503547079347364
61,2.035,tracked,0,1,0.3297590872609328,0.41994016266451845,-0.1627238128095571,0.3060010948768686,-0.07148939298669876,-0.2674774872880349,-0.0825163193951259,-0.5147012084534801,0.35387348393278745
62,2.0683333333333334,tracked,1,1,0.29652711578248875,0.46227258708278757,-0.1628424027783118,0.3071095281345553,-0.07227938174071558,-0.2579785692353717,-0.07691853379802849,-0.5230102210627596,0.3550467848586482
63,2.101666666666667,tracked,1,1,0.29340007424354,0.451572115141777,-0.16272671098819974,0.3070103697971063,-0.07185864611089277,-0.2546501482476687,-0.08164680116196435,-0.5208566893348722,0.35482251147987154
64,2.1350000000000007,tracked,1,1,0.2932381447711589,0.47045018217206996,-0.16183146252884584,0.3066131971077634,-0.07108051122711723,-0.2598450126611833,-0.08222991659932849,-0.5203018701949682,0.35391173190666875
65,2.1683333333333334,tracked,1,1,0.37304091792416705,0.409460515771754,-0.16413009120131206,0.3065709206886515,-0.07402548193277164,-0.2615490675676387,-0.08045988028610027,-0.5196596469371416,0.3555336667954493
66,2.2016666666666667,tracked,1,1,0.3289359799536769,0.46376378720797123,-0.1634007018807066,0.3066347642512554,-0.0733020437463841,-0.26326215113479784,-0.07930055454911014,-0.5195537675303421,0.3551026015673883
67,2.2350000000000003,tracked,1,1,0.31283598261983775,0.4619959237942077,-0.16386726840896088,0.306375289355409,-0.07374503827331652,-0.2617028490204373,-0.08276637883300803,-0.5178307393850997,0.35518534633815896
68,2.2683333333333335,tracked,1,1,0.3247199249597452,0.44535958852328394,-0.16298657304423336,0.3069096260271866,-0.07282808303488164,-0.25682388708453013,-0.08485004148813777,-0.521397837590653,0.3550522091459034
69,2.3016666666666667,tracked,1,1,0.2695769960038369,0.45622677813644064,-0.16287601491874082,0.3065773537868189,-0.07310801627038971,-0.262876888305929,-0.08286231450150709,-0.5187759303246563,0.3547718310882782
70,2.335,tracked,1,1,0.30857978103562733,0.46377963462072835,-0.16251723487730668,0.30692234210056957,-0.07226963260463709,-0.25707030102085987,-0.08575058772100867,-0.5211989148752632,0.354733809369045
71,2.3683333333333336,tracked,0,1,0.3082109802243819,0.42631745257062564,-0.16093021701061172,0.30595947671143026,-0.0705036536503868,-0.26928036993547266,-0.08967236959035334,-0.5146956694003613,0.3528179435837533
72,2.401666666666667,tracked,0,1,0.28492800382311695,0.42575877515067856,-0.16077989976778817,0.3059445742208894,-0.07013819420110795,-0.268565817495154,-0.0885572662685631,-0.5146286291125701,0.3526636144406361
73,2.435,tracked,1,1,0.2842742804022893,0.4474198440197986,-0.16188349979776406,0.30676052429660466,-0.0717632728854935,-0.25889980845460925,-0.09113948051831808,-0.5190339247034028,0.35420086689439123
74,2.468333333333334,tracked,1,1,0.24858498264203185,0.4411133606849028,-0.16225644998675842,0.3069692730184914,-0.07183824907570169,-0.25870692700393616,-0.08268122390242451,-0.5194879641955785,0.35456737606563454
75,2.501666666666667,tracked,1,1,0.26238923412029397,0.46714431734727285,-0.16210791757218485,0.30689535188894534,-0.0716831110148981,-0.25779798897942097,-0.08820739338033129,-0.5184226692153242,0.35440401007240885
76,2.535,tracked,1,1,0.28312531970987376,0.5018573316061679,-0.16235925107670152,0.3070860347375791,-0.07162465323322903,-0.25461829357243,-0.08244377980553776,-0.5218659955334914,0.354672313680977
77,2.5683333333333334,missing_tag,1,0,,,,,,,,,
78,2.601666666666667,tracked,1,1,0.3005591138071315,0.4298896564813235,-0.1623041256971205,0.3070233270525452,-0.07152447430180986,-0.2553995932978628,-0.0822073418968212,-0.5217265544255634,0.35457256379600366
79,2.6350000000000007,missing_tag,1,0,,,,,,,,,
80,2.6683333333333334,missing_tag,1,0,,,,,,,,,
81,2.7016666666666667,missing_tag,1,0,,,,,,,,,
82,2.7350000000000003,missing_tag,1,0,,,,,,,,,
83,2.7683333333333335,missing_tag,1,0,,,,,,,,,
84,2.8016666666666667,missing_tag,1,0,,,,,,,,,
85,2.835,missing_tag,1,0,,,,,,,,,
86,2.8683333333333336,missing_tag,1,0,,,,,,,,,
87,2.901666666666667,missing_tag,1,0,,,,,,,,,
88,2.935,missing_tag,1,0,,,,,,,,,
89,2.968333333333334,missing_tag,1,0,,,,,,,,,
90,3.001666666666667,missing_tag,1,0,,,,,,,,,
91,3.035,missing_tag,1,0,,,,,,,,,
92,3.0683333333333334,missing_tag,1,0,,,,,,,,,
93,3.101666666666667,missing_tag,1,0,,,,,,,,,
94,3.1350000000000007,missing_tag,1,0,,,,,,,,,
95,3.1683333333333334,missing_tag,1,0,,,,,,,,,
96,3.2016666666666667,missing_tag,1,0,,,,,,,,,
97,3.2350000000000003,missing_tag,1,0,,,,,,,,,
98,3.2683333333333335,missing_tag,0,0,,,,,,,,,
99,3.3016666666666667,missing_tag,1,0,,,,,,,,,
100,3.3350000000000004,missing_tag,0,0,,,,,,,,,
101,3.3683333333333336,missing_tag,1,0,,,,,,,,,
102,3.401666666666667,missing_tag,0,0,,,,,,,,,
103,3.435,missing_tag,1,0,,,,,,,,,
104,3.468333333333334,missing_tag,0,0,,,,,,,,,
105,3.501666666666667,missing_tag,1,0,,,,,,,,,
106,3.535,missing_tag,1,0,,,,,,,,,
107,3.5683333333333334,missing_tag,1,0,,,,,,,,,
108,3.601666666666667,missing_tag,1,0,,,,,,,,,
109,3.6350000000000007,missing_tag,1,0,,,,,,,,,
110,3.6683333333333334,missing_tag,0,0,,,,,,,,,
111,3.701666666666667,missing_tag,1,0,,,,,,,,,
112,3.7350000000000003,missing_tag,1,0,,,,,,,,,
113,3.7683333333333335,missing_tag,1,0,,,,,,,,,
114,3.8016666666666667,missing_tag,1,0,,,,,,,,,
115,3.8350000000000004,missing_tag,1,0,,,,,,,,,
116,3.8683333333333336,missing_tag,1,0,,,,,,,,,
117,3.901666666666667,missing_tag,1,0,,,,,,,,,
118,3.935,missing_tag,1,0,,,,,,,,,
119,3.968333333333334,missing_tag,1,0,,,,,,,,,
120,4.001666666666667,missing_tag,1,0,,,,,,,,,
121,4.035,missing_tag,1,0,,,,,,,,,
122,4.068333333333333,missing_tag,1,0,,,,,,,,,
123,4.101666666666667,missing_tag,1,0,,,,,,,,,
124,4.135000000000001,missing_tag,1,0,,,,,,,,,
125,4.168333333333334,missing_tag,1,0,,,,,,,,,
126,4.201666666666667,missing_tag,1,0,,,,,,,,,
127,4.235,missing_tag,1,0,,,,,,,,,
128,4.2683333333333335,missing_tag,1,0,,,,,,,,,
129,4.301666666666667,missing_tag,1,0,,,,,,,,,
130,4.335,missing_tag,1,0,,,,,,,,,
131,4.368333333333333,missing_tag,1,0,,,,,,,,,
132,4.401666666666667,missing_tag,1,0,,,,,,,,,
133,4.4350000000000005,missing_tag,1,0,,,,,,,,,
134,4.468333333333334,missing_tag,0,0,,,,,,,,,
135,4.501666666666667,missing_tag,0,0,,,,,,,,,
136,4.535,missing_tag,0,0,,,,,,,,,
137,4.568333333333333,missing_tag,1,0,,,,,,,,,
138,4.601666666666667,missing_tag,1,0,,,,,,,,,
139,4.635000000000001,missing_tag,1,0,,,,,,,,,
140,4.668333333333334,missing_tag,1,0,,,,,,,,,
141,4.701666666666667,missing_tag,1,0,,,,,,,,,
142,4.735,missing_tag,1,0,,,,,,,,,
143,4.7683333333333335,missing_tag,1,0,,,,,,,,,
144,4.801666666666667,missing_tag,1,0,,,,,,,,,
145,4.835,missing_tag,1,0,,,,,,,,,
146,4.868333333333334,missing_tag,1,0,,,,,,,,,
147,4.901666666666667,missing_tag,1,0,,,,,,,,,
148,4.9350000000000005,missing_tag,1,0,,,,,,,,,
149,4.968333333333334,missing_tag,0,0,,,,,,,,,
150,5.001666666666667,missing_tag,1,0,,,,,,,,,
151,5.035,missing_tag,1,0,,,,,,,,,
152,5.068333333333333,missing_tag,0,0,,,,,,,,,
153,5.101666666666667,missing_tag,1,0,,,,,,,,,
154,5.135000000000001,missing_tag,0,0,,,,,,,,,
155,5.168333333333334,missing_tag,1,0,,,,,,,,,
156,5.201666666666667,missing_tag,0,0,,,,,,,,,
157,5.235,missing_tag,0,0,,,,,,,,,
158,5.2683333333333335,missing_tag,0,0,,,,,,,,,
159,5.301666666666667,missing_tag,0,0,,,,,,,,,
160,5.335,missing_tag,1,0,,,,,,,,,
161,5.368333333333334,missing_tag,0,0,,,,,,,,,
162,5.401666666666667,missing_tag,1,0,,,,,,,,,
163,5.4350000000000005,missing_tag,1,0,,,,,,,,,
164,5.470000000000001,missing_tag,1,0,,,,,,,,,
165,5.503333333333334,missing_tag,0,0,,,,,,,,,
166,5.536666666666667,missing_tag,1,0,,,,,,,,,
167,5.57,missing_tag,1,0,,,,,,,,,
168,5.6033333333333335,missing_tag,1,0,,,,,,,,,
169,5.636666666666667,missing_tag,1,0,,,,,,,,,
170,5.67,missing_tag,1,0,,,,,,,,,
171,5.703333333333334,missing_tag,1,0,,,,,,,,,
172,5.736666666666667,missing_tag,1,0,,,,,,,,,
173,5.770000000000001,missing_tag,1,0,,,,,,,,,
174,5.803333333333334,missing_tag,1,0,,,,,,,,,
175,5.836666666666667,missing_tag,1,0,,,,,,,,,
176,5.87,missing_tag,1,0,,,,,,,,,
177,5.903333333333333,missing_tag,1,0,,,,,,,,,
178,5.936666666666668,missing_tag,0,0,,,,,,,,,
179,5.970000000000001,missing_tag,1,0,,,,,,,,,
180,6.003333333333334,missing_tag,1,0,,,,,,,,,
181,6.036666666666667,missing_tag,1,0,,,,,,,,,
182,6.07,missing_tag,1,0,,,,,,,,,
183,6.1033333333333335,missing_tag,1,0,,,,,,,,,
184,6.136666666666667,missing_tag,1,0,,,,,,,,,
185,6.170000000000001,missing_tag,0,0,,,,,,,,,
186,6.203333333333334,missing_tag,1,0,,,,,,,,,
187,6.236666666666667,missing_tag,1,0,,,,,,,,,
188,6.270000000000001,missing_tag,1,0,,,,,,,,,
189,6.303333333333334,missing_tag,1,0,,,,,,,,,
190,6.336666666666667,missing_tag,1,0,,,,,,,,,
191,6.37,missing_tag,0,0,,,,,,,,,
192,6.403333333333333,missing_tag,0,0,,,,,,,,,
193,6.436666666666668,missing_tag,1,0,,,,,,,,,
194,6.470000000000001,missing_tag,1,0,,,,,,,,,
195,6.503333333333334,missing_tag,1,0,,,,,,,,,
196,6.536666666666667,missing_tag,1,0,,,,,,,,,
197,6.57,missing_tag,0,0,,,,,,,,,
198,6.6033333333333335,missing_tag,0,0,,,,,,,,,
199,6.636666666666667,missing_tag,0,0,,,,,,,,,
200,6.670000000000001,missing_tag,1,0,,,,,,,,,
201,6.703333333333334,missing_tag,1,0,,,,,,,,,
202,6.736666666666667,missing_tag,0,0,,,,,,,,,
203,6.770000000000001,missing_tag,1,0,,,,,,,,,
204,6.803333333333334,missing_tag,1,0,,,,,,,,,
205,6.836666666666667,missing_tag,1,0,,,,,,,,,
206,6.87,missing_tag,0,0,,,,,,,,,
207,6.903333333333334,missing_tag,1,0,,,,,,,,,
208,6.936666666666668,missing_tag,1,0,,,,,,,,,
209,6.970000000000001,missing_tag,1,0,,,,,,,,,
210,7.003333333333334,missing_tag,1,0,,,,,,,,,
211,7.036666666666667,missing_tag,1,0,,,,,,,,,
212,7.07,missing_tag,1,0,,,,,,,,,
213,7.1033333333333335,missing_tag,1,0,,,,,,,,,
214,7.136666666666667,missing_tag,1,0,,,,,,,,,
215,7.170000000000001,missing_tag,0,0,,,,,,,,,
216,7.203333333333334,missing_tag,0,0,,,,,,,,,
217,7.236666666666667,missing_tag,0,0,,,,,,,,,
218,7.270000000000001,missing_tag,0,0,,,,,,,,,
219,7.303333333333334,missing_tag,0,0,,,,,,,,,
220,7.336666666666667,missing_tag,1,0,,,,,,,,,
221,7.37,missing_tag,0,0,,,,,,,,,
222,7.403333333333334,missing_tag,1,0,,,,,,,,,
223,7.436666666666668,missing_tag,1,0,,,,,,,,,
224,7.470000000000001,missing_tag,1,0,,,,,,,,,
225,7.503333333333334,missing_tag,1,0,,,,,,,,,
226,7.536666666666667,missing_tag,1,0,,,,,,,,,
227,7.57,missing_tag,0,0,,,,,,,,,
228,7.6033333333333335,missing_tag,0,0,,,,,,,,,
229,7.636666666666667,missing_tag,0,0,,,,,,,,,
230,7.670000000000001,missing_tag,0,0,,,,,,,,,
231,7.703333333333334,missing_tag,0,0,,,,,,,,,
232,7.736666666666667,missing_tag,0,0,,,,,,,,,
233,7.770000000000001,missing_tag,0,0,,,,,,,,,
234,7.803333333333334,missing_tag,1,0,,,,,,,,,
235,7.836666666666667,missing_tag,0,0,,,,,,,,,
236,7.87,missing_tag,0,0,,,,,,,,,
237,7.903333333333334,missing_tag,0,0,,,,,,,,,
238,7.936666666666668,missing_tag,1,0,,,,,,,,,
239,7.970000000000001,missing_tag,0,0,,,,,,,,,
240,8.003333333333334,missing_tag,1,0,,,,,,,,,
241,8.036666666666667,missing_tag,1,0,,,,,,,,,
242,8.07,missing_tag,1,0,,,,,,,,,
243,8.103333333333333,missing_tag,1,0,,,,,,,,,
244,8.136666666666667,missing_tag,1,0,,,,,,,,,
245,8.17,missing_tag,1,0,,,,,,,,,
246,8.203333333333333,missing_tag,1,0,,,,,,,,,
247,8.236666666666666,missing_tag,1,0,,,,,,,,,
248,8.270000000000001,missing_tag,1,0,,,,,,,,,
249,8.303333333333335,missing_tag,1,0,,,,,,,,,
250,8.336666666666668,missing_tag,0,0,,,,,,,,,
251,8.370000000000001,missing_tag,0,0,,,,,,,,,
252,8.403333333333334,missing_tag,0,0,,,,,,,,,
253,8.436666666666667,missing_tag,0,0,,,,,,,,,
254,8.47,missing_tag,1,0,,,,,,,,,
255,8.503333333333334,missing_tag,0,0,,,,,,,,,
256,8.536666666666667,missing_tag,1,0,,,,,,,,,
257,8.57,missing_tag,1,0,,,,,,,,,
258,8.603333333333333,missing_tag,0,0,,,,,,,,,
259,8.636666666666667,missing_tag,0,0,,,,,,,,,
260,8.67,missing_tag,0,0,,,,,,,,,
261,8.703333333333333,missing_tag,1,0,,,,,,,,,
262,8.736666666666666,missing_tag,0,0,,,,,,,,,
263,8.770000000000001,missing_tag,1,0,,,,,,,,,
264,8.803333333333335,missing_tag,0,0,,,,,,,,,
265,8.836666666666668,missing_tag,1,0,,,,,,,,,
266,8.870000000000001,missing_tag,0,0,,,,,,,,,
267,8.903333333333334,missing_tag,0,0,,,,,,,,,
268,8.936666666666667,missing_tag,0,0,,,,,,,,,
269,8.97,missing_tag,1,0,,,,,,,,,
270,9.003333333333334,missing_tag,0,0,,,,,,,,,
271,9.036666666666667,missing_tag,0,0,,,,,,,,,
272,9.07,missing_tag,0,0,,,,,,,,,
273,9.105,missing_tag,0,0,,,,,,,,,
274,9.138333333333334,missing_tag,1,0,,,,,,,,,
275,9.171666666666667,missing_tag,0,0,,,,,,,,,
276,9.205,missing_tag,0,0,,,,,,,,,
277,9.238333333333333,missing_tag,0,0,,,,,,,,,
278,9.271666666666667,missing_tag,1,0,,,,,,,,,
279,9.305,missing_tag,0,0,,,,,,,,,
280,9.338333333333335,missing_tag,0,0,,,,,,,,,
281,9.371666666666668,missing_tag,1,0,,,,,,,,,
282,9.405000000000001,missing_tag,1,0,,,,,,,,,
283,9.438333333333334,missing_tag,0,0,,,,,,,,,
284,9.471666666666668,missing_tag,1,0,,,,,,,,,
285,9.505,missing_tag,1,0,,,,,,,,,
286,9.538333333333334,missing_tag,0,0,,,,,,,,,
287,9.571666666666667,missing_tag,1,0,,,,,,,,,
288,9.605,missing_tag,0,0,,,,,,,,,
289,9.638333333333334,missing_tag,0,0,,,,,,,,,
290,9.671666666666667,missing_tag,1,0,,,,,,,,,
291,9.705,missing_tag,1,0,,,,,,,,,
292,9.738333333333333,missing_tag,0,0,,,,,,,,,
293,9.771666666666667,missing_tag,0,0,,,,,,,,,
294,9.805000000000001,missing_tag,0,0,,,,,,,,,
295,9.838333333333335,missing_tag,0,0,,,,,,,,,
296,9.871666666666668,missing_tag,0,0,,,,,,,,,
297,9.905000000000001,missing_tag,0,0,,,,,,,,,
298,9.938333333333334,missing_tag,0,0,,,,,,,,,
299,9.971666666666668,missing_tag,0,0,,,,,,,,,
300,10.005,missing_tag,0,0,,,,,,,,,
301,10.038333333333334,missing_tag,0,0,,,,,,,,,
302,10.071666666666667,missing_tag,1,0,,,,,,,,,
303,10.105,missing_tag,0,0,,,,,,,,,
304,10.138333333333334,missing_tag,0,0,,,,,,,,,
305,10.171666666666667,missing_tag,0,0,,,,,,,,,
306,10.205,missing_tag,1,0,,,,,,,,,
307,10.238333333333333,missing_tag,0,0,,,,,,,,,
308,10.271666666666667,missing_tag,0,0,,,,,,,,,
309,10.305000000000001,missing_tag,0,0,,,,,,,,,
310,10.338333333333335,missing_tag,0,0,,,,,,,,,
311,10.371666666666668,missing_tag,0,0,,,,,,,,,
312,10.405000000000001,missing_tag,0,0,,,,,,,,,
313,10.438333333333334,missing_tag,0,0,,,,,,,,,
314,10.471666666666668,missing_tag,0,0,,,,,,,,,
315,10.505,missing_tag,0,0,,,,,,,,,
316,10.538333333333334,missing_tag,0,0,,,,,,,,,
317,10.571666666666667,missing_tag,0,0,,,,,,,,,
318,10.605,missing_tag,0,0,,,,,,,,,
319,10.638333333333334,missing_tag,0,0,,,,,,,,,
320,10.671666666666667,missing_tag,1,0,,,,,,,,,
321,10.705,missing_tag,0,0,,,,,,,,,
322,10.738333333333333,missing_tag,0,0,,,,,,,,,
323,10.771666666666667,missing_tag,1,0,,,,,,,,,
324,10.805000000000001,missing_tag,0,0,,,,,,,,,
325,10.838333333333335,missing_tag,0,0,,,,,,,,,
326,10.871666666666668,missing_tag,0,0,,,,,,,,,
327,10.905000000000001,missing_tag,0,0,,,,,,,,,
328,10.938333333333334,missing_tag,0,0,,,,,,,,,
329,10.971666666666668,missing_tag,1,0,,,,,,,,,
330,11.005,missing_tag,0,0,,,,,,,,,
331,11.038333333333334,missing_tag,0,0,,,,,,,,,
332,11.071666666666667,missing_tag,1,0,,,,,,,,,
333,11.105,missing_tag,0,0,,,,,,,,,
334,11.138333333333334,missing_tag,0,0,,,,,,,,,
335,11.171666666666667,missing_tag,0,0,,,,,,,,,
336,11.205,missing_tag,0,0,,,,,,,,,
337,11.238333333333333,missing_tag,1,0,,,,,,,,,
338,11.271666666666668,missing_tag,1,0,,,,,,,,,
339,11.305000000000001,missing_tag,1,0,,,,,,,,,
340,11.338333333333335,missing_tag,1,0,,,,,,,,,
341,11.371666666666668,missing_tag,0,0,,,,,,,,,
342,11.405000000000001,missing_tag,0,0,,,,,,,,,
343,11.438333333333334,missing_tag,0,0,,,,,,,,,
344,11.471666666666668,missing_tag,0,0,,,,,,,,,
345,11.505,missing_tag,0,0,,,,,,,,,
346,11.538333333333334,missing_tag,0,0,,,,,,,,,
347,11.571666666666667,missing_tag,0,0,,,,,,,,,
348,11.605,missing_tag,0,0,,,,,,,,,
349,11.638333333333334,missing_tag,0,0,,,,,,,,,
350,11.671666666666667,missing_tag,1,0,,,,,,,,,
351,11.705,missing_tag,1,0,,,,,,,,,
352,11.738333333333333,missing_tag,0,0,,,,,,,,,
353,11.771666666666668,missing_tag,0,0,,,,,,,,,
354,11.805000000000001,missing_tag,0,0,,,,,,,,,
355,11.838333333333335,missing_tag,0,0,,,,,,,,,
356,11.871666666666668,missing_tag,0,0,,,,,,,,,
357,11.905000000000001,missing_tag,0,0,,,,,,,,,
358,11.938333333333334,missing_tag,1,0,,,,,,,,,
359,11.971666666666668,missing_tag,1,0,,,,,,,,,
360,12.005,missing_tag,1,0,,,,,,,,,
361,12.038333333333334,missing_tag,1,0,,,,,,,,,
362,12.071666666666667,missing_tag,1,0,,,,,,,,,
363,12.105,missing_tag,0,0,,,,,,,,,
364,12.138333333333334,missing_tag,0,0,,,,,,,,,
365,12.171666666666667,missing_tag,0,0,,,,,,,,,
366,12.205,missing_tag,1,0,,,,,,,,,
367,12.238333333333333,missing_tag,0,0,,,,,,,,,
368,12.271666666666668,missing_tag,0,0,,,,,,,,,
369,12.305000000000001,missing_tag,0,0,,,,,,,,,
370,12.338333333333335,missing_tag,1,0,,,,,,,,,
371,12.371666666666668,missing_tag,0,0,,,,,,,,,
372,12.405000000000001,missing_tag,0,0,,,,,,,,,
373,12.438333333333334,missing_tag,0,0,,,,,,,,,
374,12.471666666666668,tracked,1,1,0.31042725792756604,0.2888136475577204,-0.3429829349321644,0.03727692602007851,-0.10367399654968878,-0.08730019859588063,-0.14915350911436645,-0.42308010905697346,0.3602431962282877
375,12.505,tracked,1,1,0.31242451124910425,0.29142217333275827,-0.34175142029573674,0.038199946508935156,-0.10097992346444024,-0.08509409412379915,-0.1506810820817192,-0.42164433815007907,0.35839951748059456
376,12.538333333333334,tracked,0,1,0.29382300280374324,0.29045970261753623,-0.3375116558524238,0.03716605977616361,-0.07757280001111327,-0.12528340500267438,-0.09141571030633527,-0.41784269790573675,0.3483001193469427
377,12.571666666666667,tracked,0,1,0.2766123536413674,0.28947914042006173,-0.339788266861757,0.03591741980565638,-0.0795753866134542,-0.12935940776369304,-0.08626805074886233,-0.4205532295229587,0.35082526918267026
378,12.605,tracked,0,1,0.229745651930522,0.2883900337992453,-0.34211035182113325,0.03510153242058234,-0.08098745249868333,-0.13692390452439762,-0.08013636772115569,-0.42581951900758386,0.35331371026847974
379,12.638333333333334,tracked,0,1,0.2607088172173268,0.28853218644474216,-0.33995902363654795,0.036055437659231415,-0.07942695523133497,-0.13185998768593712,-0.08479704422351904,-0.42184287816563854,0.35097118621623935
380,12.673333333333334,tracked,0,1,0.24476942849099265,0.2917336686863921,-0.33812810822008155,0.036724626724568166,-0.07826881953250248,-0.1276321686530006,-0.0846195382248598,-0.41843348035544115,0.34900619462634397
381,12.706666666666667,tracked,1,1,0.22105250553036598,0.28995477207096315,-0.34450731634240644,0.03587067516329612,-0.10508827425849532,-0.10142720611597181,-0.1467620329938503,-0.4198623981982549,0.3619606908722912
382,12.74,tracked,1,1,0.24409294660768066,0.28985037600664487,-0.3446752857119013,0.03852619019236539,-0.09984278383233541,-0.0937206982515984,-0.13056221749068,-0.4258088967145784,0.36090705367824216
383,12.773333333333333,tracked,0,1,0.2837346626456129,0.29015782136164775,-0.3378165479007915,0.037720494456599085,-0.07612667676063578,-0.12751658713323946,-0.08670275436997016,-0.41860218654468007,0.34833622644260875
384,12.806666666666667,tracked,0,1,0.2366650986294353,0.2901473062323231,-0.33827424599174205,0.03695552887017295,-0.07660674082669616,-0.12696844110999278,-0.08503495882855361,-0.41830602681316026,0.34880333908299155
385,12.840000000000002,tracked,0,1,0.24051733403033687,0.28564742509540014,-0.34039726213172916,0.03594304720918501,-0.07837924543586511,-0.13149623142437938,-0.08567185422656319,-0.41874429213344866,0.35114883571578936
386,12.873333333333337,tracked,0,1,0.3182735223034175,0.27957670158799036,-0.33920591362596186,0.03648644847517024,-0.07750339144112062,-0.12782411322676085,-0.08504327572420986,-0.419912613186279,0.3498552392719456
387,12.906666666666668,tracked,0,1,0.23712893000867183,0.2880636539535044,-0.339643118420593,0.03646267863889219,-0.07780018521383797,-0.12930678711569454,-0.08604069309989335,-0.41959252011549775,0.3503424662288253
388,12.940000000000001,tracked,1,1,0.2674411910079982,0.28638166795742886,-0.34414195446247386,0.03641369190810417,-0.10001160195522713,-0.10147114814148961,-0.13676083382882762,-0.4237575681317334,0.36022487741032067
389,12.973333333333334,tracked,1,1,0.3120403158808689,0.2868014753833843,-0.34370759796796224,0.03977297133518326,-0.09490036758403259,-0.09127442675547079,-0.12617103426951634,-0.42670118129810797,0.3587797122432094
390,13.006666666666668,tracked,1,1,0.25972464362551567,0.283721996822674,-0.3449104026976547,0.03985546112630309,-0.0965239049294691,-0.08683235766908845,-0.1218450841585953,-0.43195838059969605,0.36037273466992725
391,13.040000000000003,tracked,0,1,0.20545495677751965,0.2825798340086628,-0.34200105863183416,0.036517683343865626,-0.07971098120672909,-0.12435528950662213,-0.08636729107146447,-0.42170138427616227,0.3530610511328567
392,13.073333333333334,tracked,0,1,0.3065633703475644,0.27872889472018725,-0.34118177310226183,0.037477082938242756,-0.07716445619716522,-0.12308974326028785,-0.08443061524232043,-0.4234668606858681,0.3518009200428098
393,13.106666666666667,tracked,1,1,0.3048375196316459,0.2817403867472767,-0.3442585078536945,0.04018571798929951,-0.09261043669119312,-0.09663684322769531,-0.11597806853592904,-0.4285987358452955,0.3587554949322745
394,13.14,tracked,0,1,0.3096660012167812,0.2749682194413386,-0.3420884622541928,0.03715731785196552,-0.07756735788753549,-0.12291493366227814,-0.0839227179366981,-0.42473147658626154,0.3527348540859598
395,13.173333333333334,tracked,1,1,0.3268570768686443,0.26335247366744996,-0.34598177071028635,0.04001898708456572,-0.0951357142053923,-0.08889948650417975,-0.1180827846070156,-0.43015335838017876,0.36104807035694
396,13.206666666666667,tracked,1,1,0.2880936805650713,0.27887386879256554,-0.34333451696563466,0.042205646223843346,-0.08813795062555252,-0.09205719436413078,-0.1102692314790947,-0.4298126812825919,0.3569708747974689
397,13.24,tracked,1,1,0.2530286442987436,0.28041687446332986,-0.34252136673748756,0.044593787294255005,-0.0865469689549559,-0.0796713265455748,-0.10526459821922331,-0.4328368044232986,0.35608969427975845
398,13.273333333333333,tracked,1,1,0.30224801034361076,0.2711320993398744,-0.34535264752876094,0.041762351425821465,-0.08956068896421876,-0.09016054291197911,-0.1057929106785154,-0.43152346482585985,0.3592125584657139
399,13.306666666666667,tracked,1,1,0.27417970274863485,0.2750621105596242,-0.3452565527480972,0.042839370549268674,-0.08889905905495032,-0.08488699349192685,-0.10426872746106128,-0.4324753882147257,0.35908263893623804
400,13.340000000000002,tracked,1,1,0.24711727421622828,0.273745912186223,-0.3445914202735434,0.0434178608859406,-0.08803204641718021,-0.08565919004009287,-0.1011954933058029,-0.4359745003527341,0.35829875630044444
401,13.373333333333337,tracked,1,1,0.24585713456704675,0.2709367059297152,-0.34538362993227756,0.04353449305586457,-0.08975294158551639,-0.0785970430367474,-0.10476798366880088,-0.44000629468831925,0.3595006181275363
402,13.406666666666668,tracked,1,1,0.27594712581103287,0.2731753867460901,-0.347577663215461,0.04238466129218035,-0.09203166119797623,-0.08594778906378356,-0.10281469469292902,-0.4371938421425093,0.36204491177481335
403,13.440000000000001,tracked,1,1,0.3256211740927841,0.2705990303193617,-0.34656662986647147,0.044086986210121304,-0.08747458140825698,-0.08483478379498835,-0.09416992077900914,-0.4426070844235394,0.3601442678742021
404,13.473333333333334,tracked,1,1,0.29223134413019036,0.27128934492572543,-0.3446194771072085,0.045689331606552586,-0.08617134811502464,-0.07768500302855708,-0.0979682336931566,-0.43979675500222887,0.35815583236945914
405,13.506666666666668,tracked,1,1,0.3256965039170513,0.26386347763773066,-0.3456178003941882,0.04545682666198528,-0.08889024820223168,-0.08065704819966325,-0.10147406013688731,-0.44073557509803235,0.3597491671497643
406,13.540000000000003,tracked,1,1,0.27610615725513155,0.26691982260817704,-0.3475012852417133,0.04495400768946789,-0.0889866956431295,-0.08068651367301348,-0.09260521482298482,-0.44117387002868513,0.36151989994116546
407,13.573333333333334,tracked,1,1,0.29047540578401654,0.2693687770913775,-0.3486407573155239,0.04539514704902997,-0.08823289744403373,-0.0811259661498608,-0.08583046681609599,-0.4446481396017066,0.3624860565987531
408,13.606666666666667,tracked,1,1,0.28412929137014914,0.26803258015306325,-0.34833423546196124,0.04582600812264548,-0.08840196946377948,-0.07750160357196209,-0.08781398437003092,-0.4460218691071458,0.3622867245986262
409,13.64,tracked,1,1,0.20504907727165975,0.26903535035363746,-0.34769781978170394,0.04666106566209327,-0.08548037634587774,-0.07910500800875589,-0.08256725555845408,-0.4454060572480277,0.36107883304052224
410,13.673333333333334,tracked,1,1,0.2357963687294095,0.26855048804854614,-0.34672637015256585,0.04797365534428122,-0.08557135370134888,-0.07226619749594146,-0.08598706008765017,-0.44725224049815754,0.3603374861717101
411,13.706666666666667,tracked,1,1,0.23313368027022663,0.262417241745795,-0.34782426230860714,0.048053134584677276,-0.08545823797130137,-0.0685224239818154,-0.07940394690030289,-0.45228547786131706,0.36137782393375967
412,13.74,tracked,1,1,0.25597471203239547,0.2660446939138558,-0.34639047517585864,0.04843534314109699,-0.08350712287057022,-0.06915572937988995,-0.08229813612144855,-0.45046264851030693,0.3595911335501384
413,13.773333333333333,tracked,0,1,0.2749646070092036,0.2670005460089974,-0.3408775570512448,0.043787923782950516,-0.07287450654153216,-0.1104966888739256,-0.09297105556721372,-0.4213645608978384,0.3513197758084762
414,13.806666666666668,tracked,1,1,0.22907725639864987,0.264821765389766,-0.3458656979586148,0.04912129832916376,-0.08051015520160099,-0.07238729723857466,-0.07585438848230613,-0.452329772191726,0.35849388846189323
415,13.840000000000002,tracked,1,1,0.2312520538923285,0.2594780534239167,-0.3454801795447467,0.04879474705502837,-0.07895056739420897,-0.07770786624382557,-0.07292276169377189,-0.449323750743375,0.3577298895679562
416,13.873333333333337,tracked,1,1,0.23650669516134284,0.26133613641363307,-0.3503594706019812,0.04817681951802011,-0.08225482007018003,-0.07715957465035499,-0.06337954980861028,-0.4529607041275439,0.36309588265931925
417,13.906666666666668,tracked,1,1,0.2598982812739709,0.2568927429366075,-0.3489950109113055,0.049090455422375,-0.08280416281943648,-0.0666977928845705,-0.06665473023550549,-0.45630751060745295,0.3620275125384619
418,13.940000000000001,tracked,1,1,0.2373016818969696,0.2608200225159221,-0.34453051111342764,0.04914501021950721,-0.07898254219304496,-0.07802082584169868,-0.07762638946837698,-0.44904404055742514,0.3568679687066791
419,13.973333333333334,tracked,1,1,0.2573072730993056,0.2642347107199669,-0.3457495828602584,0.049255019445032217,-0.07992512466545604,-0.0744428367597703,-0.07401171143006606,-0.45208734078692264,0.358269251459516
420,14.006666666666668,tracked,1,1,0.20460615722792702,0.26436519878168,-0.34576648770716734,0.04838842631392831,-0.07843008553783287,-0.08393491806494321,-0.07081598613623674,-0.44818620110785723,0.35783680936980333
421,14.040000000000003,tracked,1,1,0.2414272286424457,0.2656554093110558,-0.3445310230091155,0.04914648896719878,-0.07840628049596016,-0.07962607251396449,-0.0752235914973671,-0.4474847424229968,0.3567415703485113
422,14.073333333333334,tracked,1,1,0.25588541916259877,0.26506694295206457,-0.3457613963504239,0.049013186119902186,-0.07937696413537892,-0.07679033993204751,-0.07177177366872936,-0.45053868026199273,0.35812558977985415
423,14.106666666666667,tracked,1,1,0.21343227254685596,0.2620533044103568,-0.3467966690439284,0.0484633732699252,-0.07995132885095635,-0.07835631075432149,-0.0722382891785311,-0.4516494261824228,0.35917801045400577
424,14.14,tracked,1,1,0.25259759652929853,0.2617017473841648,-0.34687290173938995,0.048753544184053144,-0.08056223743373014,-0.07685189893737056,-0.07514868357168017,-0.4523163485668767,0.3594273113328196
425,14.173333333333334,tracked,0,1,0.2915754971296932,0.26114785177281286,-0.3468171168113489,0.0420933019182369,-0.07780964973876842,-0.11587075833094339,-0.08347111814130014,-0.4282698781708751,0.3579221984903793
426,14.206666666666667,tracked,1,1,0.2956477580805517,0.25889535347815956,-0.34940381482427507,0.04750631191974217,-0.08241245945736864,-0.0843256515397732,-0.07130281254372488,-0.45273949884587417,0.36212109709292634
427,14.24,tracked,1,1,0.2645786460154293,0.26347309561681337,-0.346934906363551,0.048893973754822406,-0.08194727511060212,-0.07081560569073823,-0.07603960965966183,-0.455516894859527,0.35981912931509896
428,14.273333333333333,tracked,1,1,0.21458802959366038,0.26426231287494883,-0.3473311365937258,0.04746375084758944,-0.0823326195278784,-0.08369574487620464,-0.07802767288885411,-0.44909822212924794,0.3600977455224259
429,14.306666666666668,tracked,1,1,0.2427665248125721,0.26380528754544896,-0.3475079733110278,0.048927668346044506,-0.08212600579136276,-0.07245724780332355,-0.07088630224600773,-0.4566290990320088,0.36041696557149117
430,14.340000000000002,tracked,1,1,0.22866310574095025,0.2665021046209616,-0.34719756977037436,0.049041147487384085,-0.08089983021751918,-0.07249454659094881,-0.07171979743409207,-0.4521391222306511,0.3598554836744283
431,14.373333333333337,tracked,1,1,0.2560730888208879,0.25823657297661434,-0.34994897306969475,0.0478271468616315,-0.08423551399588897,-0.07677366495882558,-0.07135524205150255,-0.4529506398435187,0.36310789243365343
432,14.406666666666668,tracked,1,1,0.2696267067479067,0.26184478535125866,-0.34929561730019754,0.0473751638535814,-0.08448527510058246,-0.07931234441973352,-0.07663065223411691,-0.45289029368953093,0.362477028408837
433,14.440000000000001,tracked,1,1,0.27420817159957483,0.26420428402037316,-0.3477753549075399,0.04863294131131643,-0.08263487317570556,-0.07568588657681519,-0.07625300359756447,-0.4538507564812455,0.360751136833164
434,14.473333333333334,tracked,1,1,0.2454814290594057,0.26579694895470285,-0.34740575142741864,0.048166275110861495,-0.08004363782949475,-0.08643780033630173,-0.07418078836301539,-0.4502487507119849,0.3597467583452058
435,14.506666666666668,tracked,1,1,0.27716803188550265,0.25069965375878733,-0.3495062746829979,0.048438762056652956,-0.08273387965358636,-0.07985337868416709,-0.06860054462960972,-0.4551088467244285,0.36241667256750526
436,14.540000000000003,tracked,1,1,0.18981351697171728,0.2641466894580136,-0.34677924604566984,0.04862316662040206,-0.08149231485371383,-0.07334251269649547,-0.07521570000527576,-0.45078320857833915,0.3595289351365415
437,14.573333333333334,tracked,1,1,0.21682437451654882,0.262036613767212,-0.3477588819327887,0.04872828803718848,-0.08323493161912915,-0.07999505650342555,-0.07896770988606824,-0.4500701437589579,0.3608860483030891
438,14.606666666666667,tracked,1,1,0.2533127536733523,0.2672787669592284,-0.34831614088046936,0.048783417231135884,-0.08043863176453359,-0.07849937808284968,-0.0685791150910642,-0.45129812729171115,0.3607967977612333
439,14.64,tracked,1,1,0.2232705741976882,0.2691129708951956,-0.34567782964898885,0.04826993854999104,-0.08168657502886845,-0.0835154368375865,-0.08505107095564994,-0.4483358625374293,0.3584631716346914
440,14.673333333333334,tracked,1,1,0.22341119891970665,0.2676390757790392,-0.3472368079711877,0.04915980097954267,-0.08240074780910939,-0.07185784391329003,-0.07650620278717878,-0.45292526047720383,0.3602498717305368
441,14.706666666666667,tracked,1,1,0.19118201260524556,0.2605791856067876,-0.3464219664094332,0.049260611358044354,-0.08316965285103117,-0.06852516889790913,-0.08157458214911707,-0.4543896015763145,0.3596553597511203
442,14.74,tracked,1,1,0.21208020310495548,0.2674925605317515,-0.3481502594093064,0.04829107686434356,-0.08266748332498236,-0.07755544046072581,-0.07547781013972506,-0.4521943489973791,0.3610741530915381
443,14.773333333333333,tracked,1,1,0.22502981011767542,0.26883523466383236,-0.34758918962218993,0.047960432968189304,-0.08270145797599054,-0.08224918181959298,-0.07898110008147696,-0.4509874782769988,0.36049685022765654
444,14.806666666666668,tracked,1,1,0.21830794493240935,0.26546446586960326,-0.34708741222860434,0.049232355337557154,-0.08046957443590197,-0.07546720104601984,-0.07269924220934909,-0.45426229907376925,0.3596788135955853
445,14.840000000000002,tracked,1,1,0.210393215438908,0.27009154806083363,-0.34684393151725157,0.0485824759483105,-0.08199438968277656,-0.07661729928029729,-0.07714686382778181,-0.4496161487926393,0.3596999440353905
446,14.873333333333337,tracked,1,1,0.22041184226164642,0.26655007989033574,-0.3474254779432792,0.047322400172665924,-0.08363406740281343,-0.0814240138510773,-0.08100778545974856,-0.44959985493245214,0.36046987323846674
447,14.906666666666668,tracked,1,1,0.22581375800433784,0.2659340743331264,-0.3483230754711431,0.048029858029937256,-0.08229426259837369,-0.07827710999581317,-0.07201884729264735,-0.4515711710649113,0.36112072472327267
448,14.940000000000001,tracked,1,1,0.26861009919501994,0.26714822154411205,-0.3491678405322618,0.04829926008467947,-0.08216440480632375,-0.07937902198552577,-0.0663109580641717,-0.45464900792619195,0.36194196883460195
449,14.973333333333334,tracked,1,1,0.18150747762689712,0.26414355965152186,-0.3463998618795756,0.048802655898420005,-0.08218577262802296,-0.07237546752308893,-0.07822750880154782,-0.4537873061324308,0.3593453279999529
450,15.006666666666668,tracked,1,1,0.2499313370314558,0.2681723302246138,-0.3475906175026794,0.048071740203983054,-0.08334010426122929,-0.07842400820293234,-0.07736314256501575,-0.451473611284361,0.3606600928303626
451,15.040000000000003,tracked,1,1,0.2889195094862604,0.26464219816360474,-0.3487142055555588,0.04754032654368659,-0.08438510112047609,-0.07845601424482028,-0.07585085257090995,-0.4506099361381603,0.36191507995003175
452,15.073333333333334,tracked,1,1,0.27989324223276096,0.264321760893412,-0.345322622531582,0.04913874458805831,-0.08056505376106343,-0.07533681366259429,-0.07756742934961651,-0.44914706267851406,0.3579847171867857
453,15.106666666666667,tracked,1,1,0.2112367321786999,0.2710107620571386,-0.3467923850752948,0.04803501171521746,-0.08140109762808978,-0.08193220883037185,-0.07761575533289634,-0.4451804166754647,0.35944187206243855
454,15.14,tracked,1,1,0.2644276549920083,0.26772509509485637,-0.3480276814284942,0.0483479703488911,-0.08226252044017995,-0.08080031695037514,-0.07155593132801927,-0.4526932027695979,0.3608710511339497
455,15.173333333333334,tracked,1,1,0.24350915419930325,0.2585159871791089,-0.3495705782683855,0.04763344663304614,-0.08423780564429567,-0.08267890582472028,-0.07313984738206458,-0.4550884151032331,0.3627182685346891
456,15.206666666666667,tracked,1,1,0.1959245751113277,0.27039992320036055,-0.3460205146417832,0.048898256979650306,-0.08262706245133572,-0.07340877261065347,-0.08123934740695052,-0.4509713610248179,0.35909395363602176
457,15.24,tracked,1,1,0.19644058857229216,0.2695267572628772,-0.3469380289957643,0.04820505477147252,-0.08294125976478761,-0.07912389186995614,-0.07987462900104692,-0.4511390029578578,0.35995690831036486
458,15.273333333333333,tracked,0,1,0.22409796488534717,0.26494287327587834,-0.34380132800385044,0.04334675124696155,-0.07576226904831806,-0.11583393273841916,-0.08680587673340713,-0.42485553988977315,0.35470863450475354
459,15.306666666666668,tracked,1,1,0.22630336099642415,0.2592285037930673,-0.3465529871647347,0.04821848728597908,-0.08118290547493207,-0.08108990582096512,-0.07735084713820707,-0.448037448818771,0.3591861071510153
460,15.340000000000002,tracked,1,1,0.2824638397558423,0.26497502687234664,-0.34849941775904314,0.047034217481106394,-0.08427630624124616,-0.08176462309202011,-0.07728638556415782,-0.4484107444690414,0.36161658920204476
461,15.373333333333337,tracked,1,1,0.25035141821893664,0.2688133774959111,-0.3476547632325102,0.04832436082000843,-0.08367853169136175,-0.07058690460559774,-0.07611495440647545,-0.4547017316717419,0.3608339991089217
462,15.406666666666668,tracked,1,1,0.2738711610338577,0.26719588561276836,-0.34878298716912187,0.048376533962742635,-0.0849791580676767,-0.07182123864815877,-0.07502190323294433,-0.4557792243935607,0.36223102915508965
463,15.440000000000001,tracked,1,1,0.1941746314199194,0.26977509431756275,-0.3474561961121807,0.04872213688665958,-0.08179279173106357,-0.07831244104362528,-0.07254986621574817,-0.45258803519407453,0.36026339755616266
464,15.473333333333334,tracked,1,1,0.22093721827714496,0.2685452769449387,-0.3475751993989358,0.04891379181707314,-0.082515139648483,-0.07537665859679177,-0.07461346425582355,-0.4549393859915258,0.3605687542457646
465,15.506666666666668,tracked,1,1,0.21556127505296513,0.27185392056683777,-0.3461519290365991,0.048503132883554595,-0.08175883728833239,-0.07831567187236399,-0.07993425837598361,-0.4498400987660548,0.35896827067307563
466,15.540000000000003,tracked,1,1,0.278124746243991,0.2707920942648734,-0.3485499386039176,0.04743360660075824,-0.08377199212470293,-0.08300884664733844,-0.07806388909669885,-0.45031470280655417,0.3616002674231471
467,15.573333333333334,tracked,1,1,0.23043997872996627,0.264168713189771,-0.3471995518732714,0.0487656934702366,-0.08252300979295119,-0.07041553066299527,-0.07371855047652842,-0.4503149632216772,0.36018837963754613
468,15.606666666666667,tracked,0,1,0.2042436897773023,0.26088160621298284,-0.342717277778847,0.044475247443565874,-0.07460262126691003,-0.11276583018167415,-0.08776565398996714,-0.4250442870591252,0.3535515962673677
469,15.64,tracked,1,1,0.15999857080153698,0.27024328309194845,-0.34462428457682975,0.05003965707795863,-0.08036178920775577,-0.06873894479114681,-0.07737954316257532,-0.4536665830212346,0.3573903775498764
470,15.673333333333334,tracked,1,1,0.18891193603405204,0.27298899171731006,-0.3452388575604816,0.0490132358455784,-0.08097429523091687,-0.06922652928542902,-0.0774270111751652,-0.44982174177393797,0.35797905322220247
471,15.706666666666667,tracked,1,1,0.2448396223394402,0.2518755385514022,-0.3466277150179498,0.0487319612106083,-0.08365319780445513,-0.07169488101778825,-0.07940188366832897,-0.4554014894882703,0.35989364312933975
472,15.74,tracked,0,1,0.22818376209119298,0.2578438744616779,-0.3408645430424219,0.04443864744724024,-0.07426386070889418,-0.11237477378128842,-0.08924549452050201,-0.4272132175388932,0.3516796142767579
473,15.773333333333335,tracked,1,1,0.21810689461978314,0.2726992336950411,-0.3464832618450467,0.04883058137803553,-0.08283061913194534,-0.07276677407949701,-0.07806738499689836,-0.4534486378438717,0.3595775130375668
474,15.806666666666668,tracked,1,1,0.2280984131906097,0.2709200557909199,-0.3450198243307618,0.04906853016737542,-0.08151070149443562,-0.0708538228940874,-0.07870377749420147,-0.45322214301474584,0.35789718396786996
475,15.840000000000002,tracked,1,1,0.18675396547709874,0.26912058005708483,-0.3467474219052723,0.049140345539200686,-0.08352559554118982,-0.06389326247756368,-0.07455307430008967,-0.4546677430491741,0.36003482229942063
476,15.873333333333337,tracked,0,1,0.22877034177493394,0.2715499233311729,-0.3400754264010475,0.04484803597832576,-0.07324678204308532,-0.11179685758806165,-0.0911184092255498,-0.4167202193412337,0.35075309414548966
477,15.906666666666668,tracked,1,1,0.2245771568879851,0.2743885529846609,-0.3463112697869255,0.048515434556316045,-0.08329520030189175,-0.06924952237087602,-0.07618682322947573,-0.45156316945431774,0.3594764712257997
478,15.940000000000001,tracked,1,1,0.20097448005017438,0.27667719016072584,-0.34487845315394533,0.0494375259284143,-0.08190563560671515,-0.06317043458119152,-0.07854849008510287,-0.4493131420893086,0.35790187141718144
479,15.973333333333334,tracked,1,1,0.23947355844829543,0.2694968264018902,-0.34723385985716576,0.04854350330502677,-0.08501245634900223,-0.06418622961867172,-0.07445075569516214,-0.45469773813601055,0.36076993067455326
480,16.006666666666668,tracked,1,1,0.2019974964070369,0.27137841665622653,-0.34581706247744426,0.04862771723262582,-0.08309854481251827,-0.06364797129689459,-0.078648078403233,-0.4481061622931717,0.358970003947047
481,16.040000000000003,tracked,0,1,0.2745593961727597,0.2723744405878724,-0.3389079702399178,0.04525254867269268,-0.07231329883165266,-0.10855054063647088,-0.08574074060702817,-0.4243656242042507,0.3494790675297039
482,16.073333333333334,tracked,1,1,0.22755594127087397,0.27646521218109843,-0.34412251289863266,0.05044134061797509,-0.08244637781381725,-0.05552241586276621,-0.07968708224895278,-0.45287314551216956,0.3574381596047446
483,16.10666666666667,tracked,1,1,0.2712075006704285,0.2777699718222372,-0.3438764357019541,0.049698845237742456,-0.08293278952132876,-0.05600973011812276,-0.08014772489440315,-0.45504272342579577,0.3572097784591489
484,16.14,tracked,1,1,0.2075562501425844,0.2769713009811568,-0.3459587417176113,0.04934586396455409,-0.0864077812634359,-0.050162048394050814,-0.08095310136708751,-0.45698670046109896,0.3599844023344775
485,16.173333333333336,tracked,1,1,0.35337708323386036,0.25483671890492393,-0.34554507833085457,0.04771717432600936,-0.0861363058149559,-0.05860199588633407,-0.08308199912885557,-0.4516448086845912,0.3593018133321662
486,16.206666666666667,tracked,1,1,0.27288413181507404,0.2771948764419206,-0.34449594588491056,0.04795920467394463,-0.084029487327624,-0.06047050093357142,-0.0822449751037849,-0.44920035378450185,0.3578246732474437
487,16.240000000000002,tracked,1,1,0.20184644568042825,0.2729785321783926,-0.3465753405042765,0.04736287940010808,-0.08645435105441968,-0.06087269940934791,-0.08099601190899088,-0.44923323466690535,0.3603221666883197
488,16.273333333333333,tracked,1,1,0.23233416777445953,0.2771573343493809,-0.3488580662769073,0.045447744262558626,-0.08858327905666791,-0.0721154722768922,-0.07653822522474238,-0.4511106787271995,0.3627870521303778
489,16.308333333333334,tracked,1,1,0.31210394592626156,0.2761228472076186,-0.3440522796079027,0.04785888184313114,-0.08421986337579468,-0.05832962659628946,-0.08361852048594992,-0.4479790999790353,0.3574289146973238
490,16.34166666666667,tracked,1,1,0.24994124312780217,0.2834808263067645,-0.34438979883691856,0.0465804982737964,-0.08444215056077925,-0.06612496122035488,-0.083895214681103,-0.4470425578042917,0.35763746050113054
491,16.375,tracked,1,1,0.2660626462951876,0.28451885920972975,-0.34291110638240574,0.04863437623002401,-0.08135798529536242,-0.05615281672324736,-0.07269785933040462,-0.4510346313203218,0.35577022247935464
492,16.408333333333335,tracked,1,1,0.2608505615660227,0.28964359653064875,-0.34149812230548443,0.04895808112062311,-0.0798518514682734,-0.060178344680254056,-0.07538686929399725,-0.4495294323124811,0.3541104057043457
493,16.441666666666666,tracked,1,1,0.315868395957791,0.2871912410613559,-0.3436361625548977,0.04688351634419466,-0.08431746960065456,-0.06107804359248799,-0.08557164051176774,-0.44738359545399203,0.3569219970807484
494,16.475,tracked,1,1,0.2595155581099014,0.29085847915997937,-0.34250575185205795,0.047794892378619974,-0.08223751827797837,-0.06207044226374054,-0.07801671396115763,-0.44852885800567216,0.35546807339302383
495,16.508333333333333,tracked,1,1,0.2682382214485619,0.28894268407235413,-0.33916029106359524,0.04860302965378152,-0.08179192444743005,-0.058448584888520165,-0.09153961203705732,-0.4448470080846968,0.3522525747679967
496,16.541666666666668,tracked,1,1,0.30895771362029834,0.29165510450133636,-0.34300026437859854,0.046577972958716435,-0.08545582400241875,-0.06550747069806799,-0.0929090432141229,-0.4416019995100302,0.35654086271374813
497,16.575,tracked,1,1,0.2405136910598811,0.28652837396651554,-0.34418411577051783,0.046021552007350086,-0.0873528005783144,-0.05993034723092261,-0.08795053321205644,-0.4462034027478464,0.35806591651087544
498,16.608333333333334,tracked,0,1,0.1898828210591606,0.29333875601479975,-0.3330851195855218,0.043906140951287864,-0.06860603850340474,-0.11287312841114194,-0.09102103497768982,-0.415828536264382,0.34289974427180075
499,16.64166666666667,tracked,1,1,0.23897527150680586,0.29142162659742854,-0.34364654696206276,0.04744394020391823,-0.08815863626810844,-0.0539346933112892,-0.09008749179879993,-0.4499464957981758,0.3579327057558094
500,16.675,tracked,1,1,0.2626665672342595,0.29239781314734825,-0.34373757913936165,0.04654158916779705,-0.08862468893301939,-0.053817533286345406,-0.09131887004151741,-0.4447159930549766,0.35801672911098353
501,16.708333333333336,tracked,1,1,0.27680732989008944,0.29726308204423674,-0.3407911309612893,0.04796609098926791,-0.08479567373453994,-0.052137507744030864,-0.09123136248061207,-0.44582150173871415,0.3544427275467222
502,16.741666666666667,tracked,1,1,0.27204735688602977,0.2987399098955408,-0.3417888286733131,0.046885680050738565,-0.08771972624903174,-0.05818049309246354,-0.09565350848508555,-0.44620608400197503,0.355967162492414
503,16.775000000000002,tracked,1,1,0.2938208635814487,0.29829563925724606,-0.3410640379867079,0.04714170276923352,-0.08884046857565453,-0.04898924818246408,-0.10273218277053925,-0.44480247968788084,0.35558353027737827
504,16.808333333333334,tracked,0,1,0.22821117999625357,0.2999200081830699,-0.330143845493847,0.045725796138514185,-0.06865618727115808,-0.10890128786081293,-0.09734580959620981,-0.41974775413138254,0.34029322532277717
505,16.84166666666667,tracked,0,1,0.2775101113494781,0.3007120864002436,-0.3299983171237159,0.04558248761947059,-0.06852059864496701,-0.1077103923056885,-0.09295736798730611,-0.4201084528786261,0.3401054614685398
506,16.875,tracked,1,1,0.20141480819511545,0.3042055611930482,-0.3421470469840232,0.04794232242576771,-0.09080115955133161,-0.04200258269767352,-0.09806904730607692,-0.4499925566975714,0.35722250575142944
507,16.908333333333335,tracked,1,1,0.18699996905399974,0.3037038253338814,-0.34280426046394563,0.0466087101622831,-0.09429251998301613,-0.044353911768138535,-0.106566692180567,-0.4441371388180378,0.3585780419657231
508,16.941666666666666,tracked,1,1,0.22195709472957983,0.30690987888665455,-0.34114182425241957,0.047799786647735154,-0.09546623535126314,-0.035971182536504005,-0.11836928603071527,-0.4443150874865281,0.3574582016823512
509,16.975,tracked,0,1,0.2092430501322307,0.307278272939661,-0.3280761963815526,0.04582607872063496,-0.06851624194922812,-0.11008742091178984,-0.10150395131370411,-0.4160198029555697,0.3382728122890488
510,17.008333333333333,tracked,1,1,0.26104609651585914,0.3045089876587473,-0.34200054046701645,0.04675614770386324,-0.09742915426161414,-0.04058677678036644,-0.11797253993785878,-0.4426369477609597,0.35866829679798884
511,17.041666666666668,tracked,0,1,0.2877924265029377,0.30258645215756297,-0.33015781701881464,0.04467902199235241,-0.07048878535957592,-0.11564006361742271,-0.09749735485894126,-0.41570430174535833,0.34054231456059986
512,17.075000000000003,missing_tag,0,0,,,,,,,,,
513,17.108333333333334,missing_tag,1,0,,,,,,,,,
514,17.14166666666667,missing_tag,1,0,,,,,,,,,
515,17.175,missing_tag,1,0,,,,,,,,,
516,17.208333333333336,missing_tag,0,0,,,,,,,,,
517,17.241666666666667,missing_tag,0,0,,,,,,,,,
518,17.275000000000002,missing_tag,0,0,,,,,,,,,
519,17.308333333333334,missing_tag,1,0,,,,,,,,,
520,17.34166666666667,missing_tag,0,0,,,,,,,,,
521,17.375,missing_tag,0,0,,,,,,,,,
522,17.408333333333335,missing_tag,0,0,,,,,,,,,
523,17.441666666666666,missing_tag,0,0,,,,,,,,,
524,17.475,missing_tag,0,0,,,,,,,,,
525,17.508333333333333,missing_tag,0,0,,,,,,,,,
526,17.541666666666668,missing_tag,0,0,,,,,,,,,
527,17.575000000000003,missing_tag,0,0,,,,,,,,,
528,17.608333333333334,missing_tag,1,0,,,,,,,,,
529,17.64166666666667,missing_tag,0,0,,,,,,,,,
530,17.675,missing_tag,0,0,,,,,,,,,
531,17.708333333333336,missing_tag,0,0,,,,,,,,,
532,17.741666666666667,missing_tag,0,0,,,,,,,,,
533,17.775000000000002,missing_tag,0,0,,,,,,,,,
534,17.808333333333334,missing_tag,0,0,,,,,,,,,
535,17.84166666666667,missing_tag,0,0,,,,,,,,,
536,17.875,missing_tag,0,0,,,,,,,,,
537,17.908333333333335,missing_tag,0,0,,,,,,,,,
538,17.941666666666666,missing_tag,0,0,,,,,,,,,
539,17.975,missing_tag,0,0,,,,,,,,,
540,18.008333333333333,missing_tag,1,0,,,,,,,,,
541,18.041666666666668,missing_tag,0,0,,,,,,,,,
542,18.075000000000003,missing_tag,0,0,,,,,,,,,
543,18.108333333333334,missing_tag,0,0,,,,,,,,,
544,18.14166666666667,missing_tag,1,0,,,,,,,,,
545,18.175,missing_tag,0,0,,,,,,,,,
546,18.208333333333336,missing_tag,0,0,,,,,,,,,
547,18.241666666666667,missing_tag,0,0,,,,,,,,,
548,18.275000000000002,missing_tag,0,0,,,,,,,,,
549,18.308333333333334,missing_tag,1,0,,,,,,,,,
550,18.34166666666667,missing_tag,0,0,,,,,,,,,
551,18.375,missing_tag,1,0,,,,,,,,,
552,18.408333333333335,missing_tag,0,0,,,,,,,,,
553,18.441666666666666,missing_tag,1,0,,,,,,,,,
554,18.475,missing_tag,0,0,,,,,,,,,
555,18.508333333333333,missing_tag,0,0,,,,,,,,,
556,18.541666666666668,missing_tag,1,0,,,,,,,,,
557,18.575000000000003,missing_tag,1,0,,,,,,,,,
558,18.608333333333334,missing_tag,0,0,,,,,,,,,
559,18.64166666666667,missing_tag,1,0,,,,,,,,,
560,18.675,missing_tag,0,0,,,,,,,,,
561,18.708333333333336,missing_tag,0,0,,,,,,,,,
562,18.741666666666667,missing_tag,0,0,,,,,,,,,
563,18.775000000000002,missing_tag,0,0,,,,,,,,,
564,18.808333333333334,missing_tag,0,0,,,,,,,,,
565,18.84166666666667,missing_tag,0,0,,,,,,,,,
566,18.875,missing_tag,0,0,,,,,,,,,
567,18.908333333333335,missing_tag,0,0,,,,,,,,,
568,18.941666666666666,missing_tag,1,0,,,,,,,,,
569,18.975,missing_tag,0,0,,,,,,,,,
570,19.008333333333333,missing_tag,0,0,,,,,,,,,
571,19.041666666666668,missing_tag,0,0,,,,,,,,,
572,19.075000000000003,missing_tag,1,0,,,,,,,,,
573,19.108333333333334,missing_tag,0,0,,,,,,,,,
574,19.14166666666667,missing_tag,0,0,,,,,,,,,
575,19.175,missing_tag,0,0,,,,,,,,,
576,19.208333333333336,missing_tag,0,0,,,,,,,,,
577,19.241666666666667,missing_tag,1,0,,,,,,,,,
578,19.275000000000002,missing_tag,0,0,,,,,,,,,
579,19.308333333333334,missing_tag,1,0,,,,,,,,,
580,19.34166666666667,missing_tag,1,0,,,,,,,,,
581,19.375,missing_tag,1,0,,,,,,,,,
582,19.408333333333335,missing_tag,0,0,,,,,,,,,
583,19.441666666666666,missing_tag,0,0,,,,,,,,,
584,19.475,missing_tag,0,0,,,,,,,,,
585,19.508333333333333,missing_tag,0,0,,,,,,,,,
586,19.541666666666668,missing_tag,0,0,,,,,,,,,
587,19.575000000000003,missing_tag,1,0,,,,,,,,,
588,19.608333333333334,missing_tag,0,0,,,,,,,,,
589,19.64166666666667,missing_tag,1,0,,,,,,,,,
590,19.675,missing_tag,0,0,,,,,,,,,
591,19.708333333333336,missing_tag,1,0,,,,,,,,,
592,19.741666666666667,missing_tag,1,0,,,,,,,,,
593,19.775000000000002,missing_tag,1,0,,,,,,,,,
594,19.808333333333334,missing_tag,0,0,,,,,,,,,
595,19.84166666666667,missing_tag,0,0,,,,,,,,,
596,19.875,missing_tag,0,0,,,,,,,,,
597,19.908333333333335,missing_tag,1,0,,,,,,,,,
598,19.943333333333335,missing_tag,1,0,,,,,,,,,
599,19.976666666666667,missing_tag,0,0,,,,,,,,,
600,20.01,missing_tag,0,0,,,,,,,,,
601,20.043333333333333,missing_tag,1,0,,,,,,,,,
602,20.076666666666668,missing_tag,0,0,,,,,,,,,
603,20.110000000000003,missing_tag,0,0,,,,,,,,,
604,20.143333333333334,missing_tag,0,0,,,,,,,,,
605,20.17666666666667,missing_tag,1,0,,,,,,,,,
606,20.21,missing_tag,1,0,,,,,,,,,
607,20.243333333333336,missing_tag,1,0,,,,,,,,,
608,20.276666666666667,missing_tag,0,0,,,,,,,,,
609,20.310000000000002,missing_tag,0,0,,,,,,,,,
610,20.343333333333334,missing_tag,0,0,,,,,,,,,
611,20.37666666666667,missing_tag,1,0,,,,,,,,,
612,20.41,missing_tag,0,0,,,,,,,,,
613,20.443333333333335,missing_tag,1,0,,,,,,,,,
614,20.476666666666667,missing_tag,0,0,,,,,,,,,
615,20.51,missing_tag,0,0,,,,,,,,,
616,20.543333333333333,missing_tag,1,0,,,,,,,,,
617,20.576666666666668,missing_tag,1,0,,,,,,,,,
618,20.610000000000003,missing_tag,0,0,,,,,,,,,
619,20.643333333333334,missing_tag,0,0,,,,,,,,,
620,20.67666666666667,missing_tag,1,0,,,,,,,,,
621,20.71,missing_tag,0,0,,,,,,,,,
622,20.743333333333336,missing_tag,0,0,,,,,,,,,
623,20.776666666666667,missing_tag,0,0,,,,,,,,,
624,20.810000000000002,missing_tag,0,0,,,,,,,,,
625,20.843333333333334,missing_tag,0,0,,,,,,,,,
626,20.87666666666667,missing_tag,0,0,,,,,,,,,
627,20.91,missing_tag,1,0,,,,,,,,,
628,20.943333333333335,missing_tag,0,0,,,,,,,,,
629,20.976666666666667,missing_tag,0,0,,,,,,,,,
630,21.01,missing_tag,0,0,,,,,,,,,
631,21.043333333333333,missing_tag,1,0,,,,,,,,,
632,21.076666666666668,missing_tag,1,0,,,,,,,,,
633,21.110000000000003,missing_tag,0,0,,,,,,,,,
634,21.143333333333334,missing_tag,1,0,,,,,,,,,
635,21.17666666666667,missing_tag,0,0,,,,,,,,,
636,21.21,missing_tag,0,0,,,,,,,,,
637,21.243333333333336,missing_tag,0,0,,,,,,,,,
638,21.276666666666667,missing_tag,1,0,,,,,,,,,
639,21.310000000000002,missing_tag,0,0,,,,,,,,,
640,21.343333333333334,missing_tag,0,0,,,,,,,,,
641,21.37666666666667,missing_tag,0,0,,,,,,,,,
642,21.41,missing_tag,0,0,,,,,,,,,
643,21.443333333333335,missing_tag,0,0,,,,,,,,,
644,21.476666666666667,missing_tag,0,0,,,,,,,,,
645,21.51,missing_tag,0,0,,,,,,,,,
646,21.543333333333333,missing_tag,1,0,,,,,,,,,
647,21.576666666666668,missing_tag,0,0,,,,,,,,,
648,21.610000000000003,missing_tag,1,0,,,,,,,,,
649,21.643333333333334,missing_tag,0,0,,,,,,,,,
650,21.67666666666667,missing_tag,0,0,,,,,,,,,
651,21.71,missing_tag,1,0,,,,,,,,,
652,21.743333333333336,missing_tag,0,0,,,,,,,,,
653,21.776666666666667,missing_tag,0,0,,,,,,,,,
654,21.810000000000002,missing_tag,0,0,,,,,,,,,
655,21.843333333333334,missing_tag,0,0,,,,,,,,,
656,21.87666666666667,missing_tag,0,0,,,,,,,,,
657,21.91,missing_tag,1,0,,,,,,,,,
658,21.943333333333335,missing_tag,1,0,,,,,,,,,
659,21.976666666666667,missing_tag,1,0,,,,,,,,,
660,22.01,missing_tag,1,0,,,,,,,,,
661,22.043333333333333,missing_tag,1,0,,,,,,,,,
662,22.076666666666668,missing_tag,0,0,,,,,,,,,
663,22.110000000000003,missing_tag,0,0,,,,,,,,,
664,22.143333333333334,missing_tag,1,0,,,,,,,,,
665,22.17666666666667,missing_tag,1,0,,,,,,,,,
666,22.21,missing_tag,1,0,,,,,,,,,
667,22.243333333333336,missing_tag,1,0,,,,,,,,,
668,22.276666666666667,missing_tag,0,0,,,,,,,,,
669,22.310000000000002,missing_tag,1,0,,,,,,,,,
670,22.343333333333334,missing_tag,0,0,,,,,,,,,
671,22.37666666666667,missing_tag,1,0,,,,,,,,,
672,22.41,missing_tag,0,0,,,,,,,,,
673,22.443333333333335,missing_tag,1,0,,,,,,,,,
674,22.476666666666667,missing_tag,1,0,,,,,,,,,
675,22.51,missing_tag,1,0,,,,,,,,,
676,22.543333333333337,missing_tag,1,0,,,,,,,,,
677,22.576666666666668,missing_tag,1,0,,,,,,,,,
678,22.610000000000003,missing_tag,1,0,,,,,,,,,
679,22.643333333333334,missing_tag,0,0,,,,,,,,,
680,22.67666666666667,missing_tag,1,0,,,,,,,,,
681,22.71,missing_tag,0,0,,,,,,,,,
682,22.743333333333336,missing_tag,0,0,,,,,,,,,
683,22.776666666666667,missing_tag,0,0,,,,,,,,,
684,22.810000000000002,missing_tag,1,0,,,,,,,,,
685,22.843333333333334,missing_tag,1,0,,,,,,,,,
686,22.87666666666667,missing_tag,1,0,,,,,,,,,
687,22.91,missing_tag,1,0,,,,,,,,,
688,22.943333333333335,missing_tag,1,0,,,,,,,,,
689,22.976666666666667,missing_tag,0,0,,,,,,,,,
690,23.01,missing_tag,0,0,,,,,,,,,
691,23.043333333333337,missing_tag,1,0,,,,,,,,,
692,23.076666666666668,missing_tag,1,0,,,,,,,,,
693,23.110000000000003,missing_tag,1,0,,,,,,,,,
694,23.143333333333334,missing_tag,0,0,,,,,,,,,
695,23.17666666666667,missing_tag,1,0,,,,,,,,,
696,23.21,missing_tag,0,0,,,,,,,,,
697,23.243333333333336,missing_tag,0,0,,,,,,,,,
698,23.276666666666667,missing_tag,1,0,,,,,,,,,
699,23.310000000000002,missing_tag,1,0,,,,,,,,,
700,23.343333333333334,missing_tag,1,0,,,,,,,,,
701,23.37666666666667,missing_tag,0,0,,,,,,,,,
702,23.41,missing_tag,1,0,,,,,,,,,
703,23.443333333333335,missing_tag,1,0,,,,,,,,,
704,23.476666666666667,missing_tag,1,0,,,,,,,,,
705,23.511666666666667,missing_tag,1,0,,,,,,,,,
706,23.543333333333337,missing_tag,1,0,,,,,,,,,
707,23.578333333333333,missing_tag,1,0,,,,,,,,,
708,23.611666666666668,missing_tag,1,0,,,,,,,,,
709,23.645000000000003,missing_tag,1,0,,,,,,,,,
710,23.678333333333335,missing_tag,1,0,,,,,,,,,
711,23.71166666666667,missing_tag,1,0,,,,,,,,,
712,23.745,missing_tag,1,0,,,,,,,,,
713,23.778333333333336,missing_tag,1,0,,,,,,,,,
714,23.811666666666667,missing_tag,1,0,,,,,,,,,
715,23.845000000000002,missing_tag,1,0,,,,,,,,,
716,23.878333333333334,missing_tag,1,0,,,,,,,,,
717,23.91166666666667,missing_tag,0,0,,,,,,,,,
718,23.945,missing_tag,0,0,,,,,,,,,
719,23.978333333333335,missing_tag,1,0,,,,,,,,,
720,24.011666666666667,missing_tag,0,0,,,,,,,,,
721,24.045,missing_tag,0,0,,,,,,,,,
722,24.078333333333333,missing_tag,0,0,,,,,,,,,
723,24.111666666666668,missing_tag,1,0,,,,,,,,,
724,24.145000000000003,missing_tag,0,0,,,,,,,,,
725,24.178333333333335,missing_tag,0,0,,,,,,,,,
726,24.21166666666667,missing_tag,0,0,,,,,,,,,
727,24.245,missing_tag,0,0,,,,,,,,,
728,24.278333333333336,missing_tag,0,0,,,,,,,,,
729,24.311666666666667,missing_tag,0,0,,,,,,,,,
730,24.345000000000002,missing_tag,1,0,,,,,,,,,
731,24.378333333333334,missing_tag,1,0,,,,,,,,,
732,24.41166666666667,missing_tag,0,0,,,,,,,,,
733,24.445,missing_tag,0,0,,,,,,,,,
734,24.478333333333335,missing_tag,1,0,,,,,,,,,
735,24.511666666666667,missing_tag,1,0,,,,,,,,,
736,24.545,missing_tag,1,0,,,,,,,,,
737,24.578333333333333,tracked,1,1,0.29213239030508087,0.250031196421052,-0.4306719762541379,0.28954102567611656,-0.14766489128946753,-0.15151451079343609,-0.22674923930551066,-0.882186996655853,0.5395528489404467
738,24.611666666666668,tracked,1,1,0.23845298786074992,0.2542101831738167,-0.42872257473299924,0.2909795440617603,-0.1422953526211745,-0.1462453686440461,-0.2201116920128046,-0.8853149784634513,0.5373268172403705
739,24.645000000000003,tracked,0,1,0.27510702387872843,0.24829780757689612,-0.42379874075341684,0.29196442928217564,-0.12442668281000574,-0.16853705412734996,-0.1915637678663985,-0.8832089211797057,0.5294625577180601
740,24.678333333333335,tracked,1,1,0.29304035613752055,0.2465457208702797,-0.4298611719221135,0.29046119118580344,-0.1450715459015967,-0.14680721966534593,-0.22029753435793015,-0.8824556968033452,0.5386966531746858
741,24.71166666666667,tracked,0,1,0.29306062031829433,0.24326375309565723,-0.42729315243253585,0.29203133074411947,-0.1266795773303906,-0.16817345117985333,-0.18792325611806637,-0.8863283541616191,0.5328315414505057
742,24.745,tracked,0,1,0.282192297108234,0.24143214996344498,-0.4272132757812666,0.29244998623196833,-0.12615726887515682,-0.16932615699635953,-0.18704210039491487,-0.8869862921965261,0.5328731874854257
743,24.778333333333336,tracked,1,1,0.29573977699260307,0.23945224171123353,-0.4338681485627497,0.29041317981115744,-0.1462642236438601,-0.151871067035627,-0.2153403836887945,-0.8853385126998318,0.542194253440072
744,24.811666666666667,tracked,0,1,0.3025371385018363,0.23528789627548374,-0.42694625992370316,0.2921643789437151,-0.12463607472457783,-0.16943300675400977,-0.1894542719303202,-0.883773978273805,0.5321440446995114
745,24.845000000000002,tracked,0,1,0.31090549584263955,0.23986821006961728,-0.4274075415186359,0.29289624041608886,-0.12491248674543942,-0.16609435061658354,-0.18965985722894296,-0.8893988314977074,0.5329808097312824
746,24.878333333333334,tracked,0,1,0.29641013627873564,0.2273601022547886,-0.4281757573128392,0.29271392315836187,-0.12558998210064232,-0.16746266630526832,-0.18884478334904498,-0.8873669088488967,0.5336560348812917
747,24.91166666666667,tracked,0,1,0.27379956368206737,0.23547127970879211,-0.4293492932373004,0.2930358377802683,-0.125927243623351,-0.16425091835375447,-0.1854792231574777,-0.8878381173823412,0.5348537075813609
748,24.945,tracked,1,1,0.22443825903796463,0.24514075794501675,-0.4299168169635465,0.29262122695669024,-0.13846040284396205,-0.14237790836757355,-0.21224016667428222,-0.8902634469831842,0.5381699872061044
749,24.978333333333335,tracked,1,1,0.305385079912068,0.2305601222875917,-0.4320869990553041,0.29530374190278824,-0.1381227061754161,-0.13574483106342325,-0.19662653625198284,-0.8945363053319609,0.5412775228065796
750,25.011666666666667,tracked,1,1,0.2427026190937641,0.22327321245053736,-0.43393970278164534,0.2938438437774423,-0.1385848146981521,-0.14789011210665345,-0.19982060788294395,-0.8882651435666856,0.542082669932406
751,25.045,tracked,1,1,0.32462025456845955,0.20489496963523102,-0.4363115991542159,0.2954713891389303,-0.14079920337134777,-0.13967510369467906,-0.1917950782093095,-0.8953524479571907,0.5454315438496425
752,25.078333333333337,tracked,0,1,0.2853198799600216,0.2212965708288145,-0.4358195811004413,0.2946306038740009,-0.1290205087942139,-0.16717635330900762,-0.17622055495000424,-0.8894441753490546,0.5416568948137191
753,25.111666666666668,tracked,0,1,0.27057680159986697,0.22573472486052926,-0.4321179655828691,0.29466163037423193,-0.12743049296963166,-0.16133883128663387,-0.18369970385598072,-0.8896370090989959,0.5383214124784202
754,25.145000000000003,tracked,1,1,0.277645239991977,0.22637237161236612,-0.43424775458833476,0.2946513999087265,-0.13816009981104843,-0.1488740006690318,-0.19766995047584507,-0.8905035568428414,0.5426589840894388
755,25.178333333333335,tracked,0,1,0.26303524479647666,0.22862571483878585,-0.4321330411436022,0.2951436977523529,-0.12645086467689837,-0.16110789764552616,-0.18494517079360195,-0.8888908425308073,0.5383665932693871
756,25.21166666666667,tracked,0,1,0.2408633885621306,0.2353886395819095,-0.43333073786771537,0.29523297139580107,-0.12741002068448815,-0.1638352138520678,-0.18394166472767529,-0.8882248150238873,0.5396029550984632
757,25.245,tracked,1,1,0.27401204226629017,0.2252468028937739,-0.43613363305913655,0.2958510634847364,-0.13691840748053097,-0.14764639508313718,-0.18902110629666824,-0.8926927349471391,0.5445062423493562
758,25.278333333333336,tracked,0,1,0.23136322045744231,0.23694164877446952,-0.43356796737782516,0.29562143506952454,-0.1268061623479928,-0.16417257781013267,-0.18167403724871253,-0.8932380128421302,0.5398638884183026
759,25.311666666666667,tracked,0,1,0.2617508022477174,0.21251739581882778,-0.434350569814032,0.2959658642719451,-0.12759269406680657,-0.16664633633243525,-0.1809055145406007,-0.8915499167031982,0.5408660701978257
760,25.345000000000002,tracked,0,1,0.26165090828131243,0.23167613862020825,-0.43500266061440407,0.29609643443097006,-0.12801400283453396,-0.16182089047713902,-0.1799174850199652,-0.8924828777258769,0.5415607058733714
761,25.378333333333334,tracked,1,1,0.25942176733316424,0.21249178940815022,-0.4378882827118499,0.29556644909574653,-0.13842009010194767,-0.15018945811928783,-0.18752238467238924,-0.8954609367000219,0.5461371579660487
762,25.41166666666667,tracked,0,1,0.24036765002857147,0.23098401082490005,-0.434789743068611,0.29553769282740466,-0.12778436800488696,-0.16919890433006643,-0.17969892122488226,-0.891968242229615,0.5410300299113003
763,25.445,tracked,1,1,0.21670034957719486,0.2296355404872466,-0.4375498313030124,0.29528783572094325,-0.138284929537958,-0.15075530358258957,-0.18812506089077496,-0.8938589162460069,0.5456807514796279
764,25.478333333333335,tracked,1,1,0.30017851017586455,0.20370773338508458,-0.4381988407478523,0.29545042059562016,-0.13832579106138654,-0.1529399847015294,-0.1862273359020124,-0.8921506891958364,0.5462995511032833
765,25.511666666666667,tracked,0,1,0.2935507707121691,0.2230834972889581,-0.43327926153545504,0.29555590913456736,-0.12640884085970888,-0.16649501459056235,-0.1819131719673524,-0.8886707427388603,0.5395029276552308
766,25.545,tracked,1,1,0.26853942332680963,0.23106246999982427,-0.43914469984097393,0.2950590049876952,-0.13937662394599465,-0.15616867507067075,-0.18720305975032436,-0.8963330158700801,0.5471139982904213
767,25.578333333333337,tracked,1,1,0.2635532249810183,0.23327817393388528,-0.43583938219419993,0.29543989123723663,-0.13895659420885598,-0.15339152576805798,-0.19689236058013915,-0.8919345174187332,0.5445637074574625
768,25.611666666666668,tracked,1,1,0.283677236141649,0.19570110373045957,-0.43611801359931757,0.29611597640998094,-0.13889699780250403,-0.14995868620647781,-0.1938140151143644,-0.8957777297178494,0.5451384863221452
769,25.645000000000003,tracked,0,1,0.2220606505263056,0.23069220533224546,-0.43733941393755865,0.29495523630880044,-0.13101209240176442,-0.17020438372397065,-0.18123641953328412,-0.8882604672036133,0.5435333685844099
770,25.678333333333335,tracked,1,1,0.2542589864786174,0.22147735616364805,-0.43883256610919646,0.2959193958948065,-0.14040858448388965,-0.15473142239839122,-0.1900180459197178,-0.8967888532101449,0.5475918923263009
771,25.71166666666667,tracked,1,1,0.25169489515260907,0.23476735790764597,-0.43599995810135816,0.2964675113438085,-0.13771273188276428,-0.15054965150936137,-0.19165450500740203,-0.8961528030607591,0.5449346247664865
772,25.745,tracked,0,1,0.2909385227530127,0.21551614161375132,-0.4350327842663529,0.2957444752539878,-0.12926177151092283,-0.1665054990848052,-0.18366553636526844,-0.8891942804257015,0.541688954663037
773,25.778333333333336,tracked,0,1,0.26244962224183516,0.2243292257002471,-0.4349783270780184,0.2958691131308448,-0.1291182536190229,-0.16548410523374454,-0.18341110408700412,-0.8897050014549891,0.5416790567762895
774,25.811666666666667,tracked,0,1,0.25531939098218476,0.22998492657442687,-0.4352694121905459,0.29581251608646497,-0.12993327892867435,-0.1677595359598995,-0.18304161654187515,-0.8910222582088879,0.5420767130538492
775,25.845000000000002,tracked,1,1,0.23207324530381132,0.2245064848331151,-0.43379639988538765,0.2976051298167017,-0.13700455528418654,-0.14369684247634149,-0.19306048486460298,-0.8963231378946063,0.5436160207493491
776,25.878333333333334,tracked,1,1,0.2131258685356691,0.22598475296373585,-0.43434206090506666,0.2972489620326816,-0.13829409038686524,-0.14591900665485796,-0.19548271537666126,-0.8965722393412727,0.5441830820015426
777,25.91166666666667,tracked,1,1,0.19819544236973,0.21441351419053709,-0.4353310701231017,0.29792656911854765,-0.13840186790417336,-0.1438544982317206,-0.19323613539006831,-0.8978868809943367,0.5453700195652836
778,25.945,tracked,0,1,0.24160811603941362,0.21589630013284505,-0.4342990571156318,0.2962202506411574,-0.12970929624243027,-0.1657364458964476,-0.1870556099886387,-0.8903807461028351,0.5414670898892596
779,25.978333333333335,tracked,1,1,0.2616190879372458,0.223084586777393,-0.4370144622894099,0.29797855766210285,-0.1384003768391977,-0.14482756042832864,-0.18954240904393446,-0.8985861499681329,0.5467426500518514
780,26.011666666666667,tracked,1,1,0.23934790545895496,0.23170190328221008,-0.43859215945144525,0.2981194947323541,-0.13989241823287457,-0.14755970232401883,-0.1882665509308235,-0.897686724381326,0.548459847346
781,26.045,tracked,0,1,0.25201922537627197,0.22369131177995671,-0.43460368541605016,0.2964550024015888,-0.12917703058794516,-0.16390948916277825,-0.18346171140828044,-0.8907891065138211,0.5417126886622262
782,26.078333333333337,tracked,1,1,0.29544817734399903,0.21294469776747266,-0.43881455673965153,0.2976880967086336,-0.13964901236418809,-0.149127596518609,-0.18706139674473016,-0.8989376305326174,0.5483413761361793
783,26.111666666666668,tracked,1,1,0.248545885419517,0.221500438443,-0.43902141704333814,0.29771746611237376,-0.13951902170530062,-0.14845648253601748,-0.1852562317741284,-0.8988906923424165,0.548489791763454
784,26.145000000000003,tracked,0,1,0.24811573204809745,0.2272733905467803,-0.43531209604500304,0.296322179409478,-0.12953881295983483,-0.16309925257266722,-0.1850253265975779,-0.8901446863342065,0.542294900433445
785,26.178333333333335,tracked,1,1,0.3066106734781821,0.21893982999844924,-0.4362764239093864,0.2985268312312028,-0.1350298851880088,-0.14466539040526677,-0.18429421285050582,-0.8994691260954291,0.5456083365547053
786,26.21166666666667,tracked,1,1,0.2831563143103932,0.22724346435210413,-0.4369279537992613,0.2974233299163414,-0.13558929098120365,-0.1520620650413323,-0.18564368389613367,-0.8964201230711313,0.5456657674973938
787,26.245,tracked,1,1,0.2414845037975275,0.2324461464170568,-0.4372227656581569,0.2983907233662239,-0.13565830773129267,-0.14788760440275592,-0.18290101105006068,-0.9008339145926694,0.5464466552714035
788,26.278333333333336,tracked,1,1,0.2267312419988325,0.2319216851169687,-0.43630140726592703,0.2977283405074105,-0.13525627837427218,-0.15046130204708746,-0.18680115624868118,-0.8995016990892861,0.5452479652077424
789,26.311666666666667,tracked,0,1,0.28345216759281505,0.23089481222499603,-0.4347594542784525,0.2970443233322874,-0.1276759456828912,-0.16339631477614672,-0.1824549328770597,-0.8927931935659126,0.5418046328838975
790,26.345000000000002,tracked,1,1,0.293834262989216,0.2107270108198055,-0.4370792760889682,0.29774458526451825,-0.13406485668199647,-0.15496726112531053,-0.1798726505808371,-0.8966964723435487,0.5455854813298835
791,26.378333333333334,tracked,1,1,0.23543275629299082,0.22960838965854047,-0.4364060070033086,0.29830658172428215,-0.13495245448712778,-0.14915621931950815,-0.1828384589680487,-0.899606953129311,0.5455723459090444
792,26.41166666666667,tracked,1,1,0.2479329982284614,0.22683572488304635,-0.4381895062141844,0.2969143820201045,-0.13567042283499842,-0.1575667857398409,-0.18116211451061404,-0.8970923790895108,0.546419854360032
793,26.445,tracked,0,1,0.2638193288691044,0.22251296973945534,-0.4361752184504153,0.2969853592034058,-0.12838721123489277,-0.1609517189391614,-0.18056387523290163,-0.8913354835938931,0.543076790868581
794,26.478333333333335,tracked,1,1,0.2439622354568851,0.2358281330096051,-0.4396275800510906,0.2980201727293773,-0.1378106893238864,-0.15061237617873985,-0.18093057588176092,-0.8988139185655039,0.5487077715753175
795,26.511666666666667,tracked,0,1,0.27556124660857884,0.23155071715021802,-0.43707140140206113,0.29617707165564894,-0.12889706229388231,-0.16533706580535223,-0.17938035332601115,-0.8905861685649384,0.5434765131687569
796,26.545,tracked,0,1,0.24219805158512303,0.23773906224390234,-0.4350421500137548,0.29616337448682595,-0.12686780209100035,-0.165028920084722,-0.17959012218295445,-0.8895623734122501,0.541359266923007
797,26.578333333333337,tracked,1,1,0.3101520369757049,0.22630675273976864,-0.436702633524326,0.2956277496258513,-0.13569344435968494,-0.15678277709966282,-0.18789779865329653,-0.8944904573286566,0.5445343582531058
798,26.611666666666668,tracked,0,1,0.26713637287586056,0.23179143463701024,-0.4327562794153108,0.2954908130400554,-0.12624783373789678,-0.16681011010174884,-0.18431773655400183,-0.8897193728116978,0.5390095857106506
799,26.645000000000003,tracked,1,1,0.2735092455031977,0.23365979326805703,-0.4368522125571333,0.29563735480200437,-0.13646035337317747,-0.1575357846973642,-0.18717706667557035,-0.8950192216490498,0.5448511073799167
800,26.678333333333335,tracked,1,1,0.22098798627749577,0.23943331917667432,-0.4375030334929908,0.2954899047573829,-0.1374761884475036,-0.15685342534692986,-0.18930801888639806,-0.8955839960265619,0.5455482476547329
801,26.71166666666667,tracked,0,1,0.27574912900960846,0.22938883442323188,-0.432882023000011,0.29512163734920577,-0.12713569288714083,-0.16168758018451315,-0.18656873525383616,-0.8921179959647333,0.5391169734613738
802,26.745,tracked,1,1,0.2705887349263946,0.226915956067889,-0.43632321574092925,0.29431813628525455,-0.13853194361158688,-0.15547446520648853,-0.19457573740015652,-0.893233322050991,0.5442354392555993
803,26.778333333333336,tracked,1,1,0.2523735967379337,0.22824782898826113,-0.4382524737219325,0.294022076427397,-0.1394090574782837,-0.1560965968526456,-0.19009683368452768,-0.8913923147320022,0.545847137445141
804,26.811666666666667,tracked,1,1,0.25929936696840167,0.23763477465186078,-0.43704246648382006,0.29405687963234844,-0.13714812097417678,-0.15664076977319435,-0.18659592122388668,-0.8914681173159805,0.5443208365074057
805,26.845000000000002,tracked,0,1,0.2684909303675914,0.23211893319065113,-0.4361555262113612,0.29421725886489003,-0.12829056628838187,-0.1666181716747772,-0.17821217147449292,-0.8915122575330042,0.5415292308428722
806,26.878333333333334,tracked,1,1,0.28980622520329374,0.23457376663192092,-0.43921768627940205,0.293635547570314,-0.1388791366999278,-0.16115268475455363,-0.18631184322228128,-0.8908976972564716,0.5462796219410593
807,26.91166666666667,tracked,1,1,0.3287929759577062,0.1976112079195237,-0.4358830645285811,0.2940247538994928,-0.13460354147393766,-0.16020554535931694,-0.18340168369725432,-0.89265208501399,0.5427363220071147
808,26.945,tracked,0,1,0.2681907301888817,0.2315900128750677,-0.4313766927589402,0.29443247458501653,-0.1243165801520223,-0.1724343981091472,-0.17972808840263618,-0.8902570036353971,0.5368714420106472
809,26.978333333333335,tracked,1,1,0.22715413086241482,0.24459618127819893,-0.43545563852729097,0.2922200896585065,-0.13888757244171257,-0.16032244287441205,-0.19647394057415268,-0.8874451573390397,0.5424978817506925
810,27.011666666666667,tracked,1,1,0.2448433297673406,0.24467405517363836,-0.4339407380332787,0.2923585770891819,-0.1393456317984248,-0.15841232742015612,-0.19812267434530495,-0.8862828725915679,0.5414751211494208
811,27.045,tracked,0,1,0.27473848320819644,0.23220785837956132,-0.4337888033922781,0.292949285342876,-0.12855503151163178,-0.1715410997715864,-0.1810248077681234,-0.8845893230237369,0.5389975935552616
812,27.078333333333337,tracked,1,1,0.26874937702648205,0.22975513253700525,-0.43450696602554884,0.29279232036793834,-0.13861401787645616,-0.1534884414861226,-0.198188330107101,-0.8870785762360409,0.5419755458902398
813,27.111666666666668,tracked,0,1,0.27316501575807406,0.24012782314104775,-0.42821529240499634,0.29511378833241736,-0.1228021015440961,-0.16158133203215788,-0.18371768988793366,-0.8893579462477625,0.5343602163868993
814,27.14666666666667,tracked,0,1,0.2737744359015528,0.24811171354405825,-0.4276493969551799,0.29450865172689794,-0.123735981812992,-0.1602136819293574,-0.18449625763937472,-0.892037025743347,0.5337882968493683
815,27.180000000000003,tracked,1,1,0.27972770565163113,0.23823344081757053,-0.43381098733037393,0.29279398358144565,-0.13886924307299975,-0.1536953230699044,-0.19743772662249015,-0.8893940886862538,0.5414840313635423
816,27.213333333333335,tracked,1,1,0.20769782042838983,0.24213497918649526,-0.42988146694728946,0.2932843277236092,-0.13818598246169844,-0.1412289750598326,-0.20653670450484993,-0.8918391027761189,0.5384321110984631
817,27.246666666666673,tracked,1,1,0.22940717178444373,0.23522927904390614,-0.43316772926697034,0.2916650576412473,-0.14264364219961229,-0.15290167142329836,-0.20726747738179382,-0.8883984470899418,0.5413409241754649
818,27.28,tracked,1,1,0.2684613650441311,0.22899949224299276,-0.4323346165691782,0.2928687395754721,-0.14128978757168564,-0.14882856837913208,-0.20964397439463575,-0.8862644007610542,0.5409696140973133
819,27.313333333333336,tracked,0,1,0.24383154882051697,0.23607810528036746,-0.428320792813308,0.29338539433078925,-0.12666749673619782,-0.1690579391701389,-0.18793124010901044,-0.8875300860769605,0.5343953086360959
820,27.346666666666668,tracked,0,1,0.2132789396411041,0.23889351306776654,-0.4288926403217361,0.29365993259283496,-0.12613492363411544,-0.16848336034973677,-0.1850813523866139,-0.8908414473220427,0.5348785580790864
821,27.380000000000003,tracked,1,1,0.29361300203014007,0.2398313262694528,-0.43235900385633963,0.2923416510174394,-0.14360700053667486,-0.14982434764632085,-0.21206806071620912,-0.8896544679165432,0.5413140675600341
822,27.413333333333334,missing_tag,1,0,,,,,,,,,
823,27.44666666666667,missing_tag,0,0,,,,,,,,,
824,27.48,missing_tag,1,0,,,,,,,,,
825,27.513333333333335,missing_tag,1,0,,,,,,,,,
826,27.546666666666667,missing_tag,1,0,,,,,,,,,
827,27.580000000000005,missing_tag,0,0,,,,,,,,,
828,27.613333333333337,missing_tag,1,0,,,,,,,,,
829,27.64666666666667,missing_tag,1,0,,,,,,,,,
830,27.680000000000003,missing_tag,0,0,,,,,,,,,
831,27.713333333333335,missing_tag,1,0,,,,,,,,,
832,27.746666666666673,missing_tag,1,0,,,,,,,,,
833,27.78,missing_tag,0,0,,,,,,,,,
834,27.813333333333336,missing_tag,1,0,,,,,,,,,
835,27.846666666666668,missing_tag,1,0,,,,,,,,,
836,27.880000000000003,missing_tag,1,0,,,,,,,,,
837,27.913333333333334,missing_tag,0,0,,,,,,,,,
838,27.94666666666667,missing_tag,0,0,,,,,,,,,
839,27.98,missing_tag,1,0,,,,,,,,,
840,28.013333333333335,missing_tag,1,0,,,,,,,,,
841,28.046666666666667,missing_tag,0,0,,,,,,,,,
842,28.080000000000005,missing_tag,1,0,,,,,,,,,
843,28.113333333333337,missing_tag,1,0,,,,,,,,,
844,28.14666666666667,missing_tag,1,0,,,,,,,,,
845,28.180000000000003,missing_tag,1,0,,,,,,,,,
846,28.213333333333335,missing_tag,1,0,,,,,,,,,
847,28.246666666666673,missing_tag,1,0,,,,,,,,,
848,28.28,missing_tag,0,0,,,,,,,,,
849,28.313333333333336,missing_tag,0,0,,,,,,,,,
850,28.346666666666668,missing_tag,1,0,,,,,,,,,
851,28.380000000000003,missing_tag,1,0,,,,,,,,,
852,28.413333333333334,missing_tag,1,0,,,,,,,,,
853,28.44666666666667,missing_tag,0,0,,,,,,,,,
854,28.48,missing_tag,1,0,,,,,,,,,
855,28.513333333333335,missing_tag,1,0,,,,,,,,,
856,28.546666666666667,missing_tag,1,0,,,,,,,,,
857,28.580000000000005,missing_tag,1,0,,,,,,,,,
858,28.613333333333337,missing_tag,0,0,,,,,,,,,
859,28.64666666666667,missing_tag,0,0,,,,,,,,,
860,28.680000000000003,missing_tag,0,0,,,,,,,,,
861,28.713333333333335,missing_tag,1,0,,,,,,,,,
862,28.746666666666673,missing_tag,1,0,,,,,,,,,
863,28.78,missing_tag,1,0,,,,,,,,,
864,28.813333333333336,missing_tag,1,0,,,,,,,,,
865,28.846666666666668,missing_tag,0,0,,,,,,,,,
866,28.880000000000003,missing_tag,1,0,,,,,,,,,
867,28.913333333333334,missing_tag,1,0,,,,,,,,,
868,28.94666666666667,missing_tag,1,0,,,,,,,,,
869,28.98,missing_tag,1,0,,,,,,,,,
870,29.013333333333335,missing_tag,0,0,,,,,,,,,
871,29.046666666666667,missing_tag,1,0,,,,,,,,,
872,29.080000000000005,missing_tag,0,0,,,,,,,,,
873,29.113333333333337,missing_tag,0,0,,,,,,,,,
874,29.14666666666667,missing_tag,0,0,,,,,,,,,
875,29.180000000000003,missing_tag,1,0,,,,,,,,,
876,29.213333333333335,missing_tag,0,0,,,,,,,,,
877,29.246666666666673,missing_tag,0,0,,,,,,,,,
878,29.28,missing_tag,0,0,,,,,,,,,
879,29.313333333333336,missing_tag,0,0,,,,,,,,,
880,29.346666666666668,missing_tag,0,0,,,,,,,,,
881,29.380000000000003,missing_tag,0,0,,,,,,,,,
882,29.413333333333334,missing_tag,0,0,,,,,,,,,
883,29.44666666666667,missing_tag,0,0,,,,,,,,,
884,29.48,missing_tag,0,0,,,,,,,,,
885,29.513333333333335,missing_tag,0,0,,,,,,,,,
886,29.546666666666667,missing_tag,0,0,,,,,,,,,
887,29.580000000000005,missing_tag,1,0,,,,,,,,,
888,29.613333333333337,missing_tag,1,0,,,,,,,,,
889,29.64666666666667,missing_tag,1,0,,,,,,,,,
890,29.680000000000003,missing_tag,1,0,,,,,,,,,
891,29.713333333333335,missing_tag,1,0,,,,,,,,,
892,29.746666666666673,missing_tag,1,0,,,,,,,,,
893,29.78,missing_tag,0,0,,,,,,,,,
894,29.813333333333336,missing_tag,1,0,,,,,,,,,
895,29.846666666666668,missing_tag,1,0,,,,,,,,,
896,29.880000000000003,missing_tag,0,0,,,,,,,,,
897,29.913333333333334,missing_tag,0,0,,,,,,,,,
898,29.94666666666667,missing_tag,1,0,,,,,,,,,
899,29.98,missing_tag,1,0,,,,,,,,,
900,30.013333333333335,missing_tag,1,0,,,,,,,,,
901,30.046666666666667,missing_tag,0,0,,,,,,,,,
902,30.080000000000005,missing_tag,0,0,,,,,,,,,
903,30.113333333333337,missing_tag,0,0,,,,,,,,,
904,30.14666666666667,missing_tag,0,0,,,,,,,,,
905,30.180000000000003,missing_tag,0,0,,,,,,,,,
906,30.213333333333335,missing_tag,1,0,,,,,,,,,
907,30.246666666666673,missing_tag,0,0,,,,,,,,,
908,30.28,missing_tag,1,0,,,,,,,,,
909,30.313333333333336,missing_tag,1,0,,,,,,,,,
910,30.346666666666668,missing_tag,1,0,,,,,,,,,
911,30.380000000000003,missing_tag,0,0,,,,,,,,,
912,30.413333333333334,missing_tag,1,0,,,,,,,,,
913,30.44666666666667,missing_tag,1,0,,,,,,,,,
914,30.48,missing_tag,1,0,,,,,,,,,
915,30.513333333333335,missing_tag,0,0,,,,,,,,,
916,30.546666666666667,missing_tag,0,0,,,,,,,,,
917,30.580000000000005,missing_tag,1,0,,,,,,,,,
918,30.613333333333337,missing_tag,1,0,,,,,,,,,
919,30.64666666666667,missing_tag,1,0,,,,,,,,,
920,30.680000000000003,missing_tag,1,0,,,,,,,,,
921,30.713333333333335,missing_tag,0,0,,,,,,,,,
922,30.746666666666673,missing_tag,1,0,,,,,,,,,
923,30.78166666666667,missing_tag,1,0,,,,,,,,,
924,30.815,missing_tag,1,0,,,,,,,,,
925,30.848333333333336,missing_tag,1,0,,,,,,,,,
926,30.881666666666668,missing_tag,0,0,,,,,,,,,
927,30.915000000000003,missing_tag,1,0,,,,,,,,,
928,30.948333333333334,missing_tag,0,0,,,,,,,,,
929,30.98166666666667,missing_tag,1,0,,,,,,,,,
930,31.015,missing_tag,1,0,,,,,,,,,
931,31.048333333333336,missing_tag,1,0,,,,,,,,,
932,31.081666666666667,missing_tag,1,0,,,,,,,,,
933,31.115000000000002,missing_tag,1,0,,,,,,,,,
934,31.148333333333337,missing_tag,1,0,,,,,,,,,
935,31.18166666666667,missing_tag,1,0,,,,,,,,,
936,31.215000000000003,missing_tag,0,0,,,,,,,,,
937,31.248333333333335,missing_tag,1,0,,,,,,,,,
938,31.28166666666667,missing_tag,1,0,,,,,,,,,
939,31.315,missing_tag,1,0,,,,,,,,,
940,31.348333333333336,missing_tag,1,0,,,,,,,,,
941,31.381666666666668,missing_tag,1,0,,,,,,,,,
942,31.415000000000003,missing_tag,1,0,,,,,,,,,
943,31.448333333333334,missing_tag,1,0,,,,,,,,,
944,31.48166666666667,missing_tag,1,0,,,,,,,,,
945,31.515,missing_tag,1,0,,,,,,,,,
946,31.548333333333336,missing_tag,1,0,,,,,,,,,
947,31.581666666666667,missing_tag,1,0,,,,,,,,,
948,31.615000000000002,missing_tag,1,0,,,,,,,,,
949,31.648333333333337,missing_tag,1,0,,,,,,,,,
950,31.68166666666667,missing_tag,1,0,,,,,,,,,
951,31.715000000000003,missing_tag,1,0,,,,,,,,,
952,31.748333333333335,missing_tag,1,0,,,,,,,,,
953,31.78166666666667,missing_tag,1,0,,,,,,,,,
954,31.815,missing_tag,1,0,,,,,,,,,
955,31.848333333333336,missing_tag,1,0,,,,,,,,,
956,31.881666666666668,missing_tag,1,0,,,,,,,,,
957,31.915000000000003,missing_tag,1,0,,,,,,,,,
958,31.948333333333334,missing_tag,1,0,,,,,,,,,
959,31.98166666666667,missing_tag,1,0,,,,,,,,,
960,32.015,missing_tag,0,0,,,,,,,,,
961,32.04833333333333,missing_tag,0,0,,,,,,,,,
962,32.08166666666667,missing_tag,1,0,,,,,,,,,
963,32.115,missing_tag,1,0,,,,,,,,,
964,32.14833333333333,missing_tag,0,0,,,,,,,,,
965,32.18166666666667,missing_tag,1,0,,,,,,,,,
966,32.215,missing_tag,1,0,,,,,,,,,
967,32.248333333333335,missing_tag,1,0,,,,,,,,,
968,32.281666666666666,missing_tag,1,0,,,,,,,,,
969,32.315000000000005,missing_tag,1,0,,,,,,,,,
970,32.348333333333336,missing_tag,1,0,,,,,,,,,
971,32.38166666666667,missing_tag,1,0,,,,,,,,,
972,32.415,missing_tag,0,0,,,,,,,,,
973,32.44833333333334,missing_tag,1,0,,,,,,,,,
974,32.48166666666667,missing_tag,1,0,,,,,,,,,
975,32.515,missing_tag,1,0,,,,,,,,,
976,32.54833333333333,missing_tag,1,0,,,,,,,,,
977,32.58166666666667,missing_tag,1,0,,,,,,,,,
978,32.615,missing_tag,1,0,,,,,,,,,
979,32.64833333333333,missing_tag,0,0,,,,,,,,,
980,32.68166666666667,missing_tag,1,0,,,,,,,,,
981,32.715,missing_tag,1,0,,,,,,,,,
982,32.748333333333335,missing_tag,1,0,,,,,,,,,
983,32.781666666666666,missing_tag,1,0,,,,,,,,,
984,32.815000000000005,missing_tag,1,0,,,,,,,,,
985,32.848333333333336,missing_tag,1,0,,,,,,,,,
986,32.88166666666667,missing_tag,1,0,,,,,,,,,
987,32.915,missing_tag,1,0,,,,,,,,,
988,32.94833333333334,missing_tag,1,0,,,,,,,,,
989,32.98166666666667,missing_tag,0,0,,,,,,,,,
990,33.015,missing_tag,1,0,,,,,,,,,
991,33.04833333333333,missing_tag,1,0,,,,,,,,,
992,33.08166666666667,missing_tag,0,0,,,,,,,,,
993,33.115,missing_tag,0,0,,,,,,,,,
994,33.14833333333333,missing_tag,1,0,,,,,,,,,
995,33.18166666666667,missing_tag,1,0,,,,,,,,,
996,33.215,missing_tag,1,0,,,,,,,,,
997,33.248333333333335,missing_tag,1,0,,,,,,,,,
998,33.281666666666666,missing_tag,1,0,,,,,,,,,
999,33.315000000000005,missing_tag,0,0,,,,,,,,,
1000,33.348333333333336,missing_tag,1,0,,,,,,,,,
1001,33.38166666666667,missing_tag,0,0,,,,,,,,,
1002,33.415,missing_tag,0,0,,,,,,,,,
1003,33.44833333333334,missing_tag,0,0,,,,,,,,,
1004,33.48166666666667,missing_tag,1,0,,,,,,,,,
1005,33.515,missing_tag,1,0,,,,,,,,,
1006,33.54833333333333,missing_tag,1,0,,,,,,,,,
1007,33.58166666666667,missing_tag,1,0,,,,,,,,,
1008,33.615,missing_tag,1,0,,,,,,,,,
1009,33.64833333333333,missing_tag,1,0,,,,,,,,,
1010,33.68166666666667,missing_tag,1,0,,,,,,,,,
1011,33.715,missing_tag,1,0,,,,,,,,,
1012,33.748333333333335,missing_tag,1,0,,,,,,,,,
1013,33.781666666666666,missing_tag,1,0,,,,,,,,,
1014,33.815000000000005,missing_tag,1,0,,,,,,,,,
1015,33.848333333333336,missing_tag,1,0,,,,,,,,,
1016,33.88166666666667,missing_tag,1,0,,,,,,,,,
1017,33.915,missing_tag,0,0,,,,,,,,,
1018,33.94833333333334,missing_tag,0,0,,,,,,,,,
1019,33.98166666666667,missing_tag,1,0,,,,,,,,,
1020,34.015,missing_tag,1,0,,,,,,,,,
1021,34.04833333333333,missing_tag,0,0,,,,,,,,,
1022,34.08166666666667,missing_tag,0,0,,,,,,,,,
1023,34.115,missing_tag,1,0,,,,,,,,,
1024,34.14833333333333,missing_tag,1,0,,,,,,,,,
1025,34.18166666666667,missing_tag,0,0,,,,,,,,,
1026,34.215,missing_tag,0,0,,,,,,,,,
1027,34.248333333333335,missing_tag,0,0,,,,,,,,,
1028,34.281666666666666,missing_tag,0,0,,,,,,,,,
1029,34.315000000000005,missing_tag,1,0,,,,,,,,,
1030,34.348333333333336,missing_tag,1,0,,,,,,,,,
1031,34.38333333333333,missing_tag,1,0,,,,,,,,,
1032,34.41666666666667,missing_tag,1,0,,,,,,,,,
1033,34.45,missing_tag,1,0,,,,,,,,,
1034,34.483333333333334,missing_tag,1,0,,,,,,,,,
1035,34.516666666666666,missing_tag,1,0,,,,,,,,,
1036,34.550000000000004,missing_tag,1,0,,,,,,,,,
1037,34.583333333333336,missing_tag,0,0,,,,,,,,,
1038,34.61666666666667,missing_tag,1,0,,,,,,,,,
1039,34.650000000000006,missing_tag,1,0,,,,,,,,,
1040,34.68333333333334,missing_tag,0,0,,,,,,,,,
1041,34.71666666666667,missing_tag,1,0,,,,,,,,,
1042,34.75,missing_tag,1,0,,,,,,,,,
1043,34.78333333333334,missing_tag,0,0,,,,,,,,,
1044,34.81666666666667,missing_tag,0,0,,,,,,,,,
1045,34.85,missing_tag,1,0,,,,,,,,,
1046,34.88333333333333,missing_tag,1,0,,,,,,,,,
1047,34.91666666666667,missing_tag,1,0,,,,,,,,,
1048,34.95,missing_tag,1,0,,,,,,,,,
1049,34.983333333333334,missing_tag,1,0,,,,,,,,,
1050,35.016666666666666,missing_tag,1,0,,,,,,,,,
1051,35.050000000000004,missing_tag,0,0,,,,,,,,,
1052,35.083333333333336,missing_tag,0,0,,,,,,,,,
1053,35.11666666666667,missing_tag,0,0,,,,,,,,,
1054,35.150000000000006,missing_tag,0,0,,,,,,,,,
1055,35.18333333333334,missing_tag,0,0,,,,,,,,,
1056,35.21666666666667,missing_tag,0,0,,,,,,,,,
1057,35.25,missing_tag,1,0,,,,,,,,,
1058,35.28333333333334,missing_tag,0,0,,,,,,,,,
1059,35.31666666666667,missing_tag,0,0,,,,,,,,,
1060,35.35,missing_tag,1,0,,,,,,,,,
1061,35.38333333333333,missing_tag,0,0,,,,,,,,,
1062,35.41666666666667,missing_tag,0,0,,,,,,,,,
1063,35.45,missing_tag,0,0,,,,,,,,,
1064,35.483333333333334,missing_tag,1,0,,,,,,,,,
1065,35.516666666666666,missing_tag,0,0,,,,,,,,,
1066,35.550000000000004,missing_tag,0,0,,,,,,,,,
1067,35.583333333333336,missing_tag,0,0,,,,,,,,,
1068,35.61666666666667,missing_tag,1,0,,,,,,,,,
1069,35.650000000000006,missing_tag,0,0,,,,,,,,,
1070,35.68333333333334,missing_tag,0,0,,,,,,,,,
1071,35.71666666666667,missing_tag,0,0,,,,,,,,,
1072,35.75,missing_tag,1,0,,,,,,,,,
1073,35.78333333333334,missing_tag,0,0,,,,,,,,,
1074,35.81666666666667,missing_tag,0,0,,,,,,,,,
1075,35.85,missing_tag,0,0,,,,,,,,,
1076,35.88333333333333,missing_tag,0,0,,,,,,,,,
1077,35.91666666666667,missing_tag,0,0,,,,,,,,,
1078,35.95,missing_tag,0,0,,,,,,,,,
1079,35.983333333333334,missing_tag,0,0,,,,,,,,,
1080,36.016666666666666,missing_tag,0,0,,,,,,,,,
1081,36.050000000000004,missing_tag,0,0,,,,,,,,,
1082,36.083333333333336,missing_tag,0,0,,,,,,,,,
1083,36.11666666666667,missing_tag,0,0,,,,,,,,,
1084,36.150000000000006,missing_tag,0,0,,,,,,,,,
1085,36.18333333333334,missing_tag,0,0,,,,,,,,,
1086,36.21666666666667,missing_tag,0,0,,,,,,,,,
1087,36.25,missing_tag,0,0,,,,,,,,,
1088,36.28333333333334,missing_tag,0,0,,,,,,,,,
1089,36.31666666666667,missing_tag,0,0,,,,,,,,,
1090,36.35,missing_tag,0,0,,,,,,,,,
1091,36.38333333333333,missing_tag,0,0,,,,,,,,,
1092,36.41666666666667,missing_tag,0,0,,,,,,,,,
1093,36.45,missing_tag,0,0,,,,,,,,,
1094,36.483333333333334,missing_tag,0,0,,,,,,,,,
1095,36.516666666666666,missing_tag,0,0,,,,,,,,,
1096,36.550000000000004,missing_tag,0,0,,,,,,,,,
1097,36.583333333333336,missing_tag,0,0,,,,,,,,,
1098,36.61666666666667,missing_tag,0,0,,,,,,,,,
1099,36.650000000000006,missing_tag,0,0,,,,,,,,,
1100,36.68333333333334,missing_tag,0,0,,,,,,,,,
1101,36.71666666666667,missing_tag,0,0,,,,,,,,,
1102,36.75,missing_tag,0,0,,,,,,,,,
1103,36.78333333333334,missing_tag,0,0,,,,,,,,,
1104,36.81666666666667,missing_tag,0,0,,,,,,,,,
1105,36.85,missing_tag,0,0,,,,,,,,,
1106,36.88333333333333,missing_tag,0,0,,,,,,,,,
1107,36.91666666666667,missing_tag,0,0,,,,,,,,,
1108,36.95,missing_tag,0,0,,,,,,,,,
1109,36.983333333333334,missing_tag,0,0,,,,,,,,,
1110,37.016666666666666,missing_tag,0,0,,,,,,,,,
1111,37.050000000000004,missing_tag,0,0,,,,,,,,,
1112,37.083333333333336,missing_tag,0,0,,,,,,,,,
1113,37.11666666666667,missing_tag,0,0,,,,,,,,,
1114,37.150000000000006,missing_tag,0,0,,,,,,,,,
1115,37.18333333333334,missing_tag,0,0,,,,,,,,,
1116,37.21666666666667,missing_tag,0,0,,,,,,,,,
1117,37.25,missing_tag,0,0,,,,,,,,,
1118,37.28333333333334,missing_tag,0,0,,,,,,,,,
1119,37.31666666666667,missing_tag,0,0,,,,,,,,,
1120,37.35,missing_tag,0,0,,,,,,,,,
1121,37.38333333333333,missing_tag,0,0,,,,,,,,,
1122,37.41666666666667,missing_tag,0,0,,,,,,,,,
1123,37.45,missing_tag,1,0,,,,,,,,,
1124,37.483333333333334,missing_tag,1,0,,,,,,,,,
1125,37.516666666666666,missing_tag,0,0,,,,,,,,,
1126,37.550000000000004,missing_tag,1,0,,,,,,,,,
1127,37.583333333333336,missing_tag,0,0,,,,,,,,,
1128,37.61666666666667,missing_tag,0,0,,,,,,,,,
1129,37.650000000000006,missing_tag,0,0,,,,,,,,,
1130,37.68333333333334,missing_tag,0,0,,,,,,,,,
1131,37.71666666666667,missing_tag,0,0,,,,,,,,,
1132,37.75,missing_tag,0,0,,,,,,,,,
1133,37.78333333333334,missing_tag,0,0,,,,,,,,,
1134,37.81666666666667,missing_tag,0,0,,,,,,,,,
1135,37.85,missing_tag,0,0,,,,,,,,,
1136,37.88333333333333,missing_tag,0,0,,,,,,,,,
1137,37.91666666666667,missing_tag,1,0,,,,,,,,,
1138,37.95,missing_tag,0,0,,,,,,,,,
1139,37.983333333333334,missing_tag,0,0,,,,,,,,,
1140,38.01833333333334,missing_tag,0,0,,,,,,,,,
1141,38.05166666666667,missing_tag,0,0,,,,,,,,,
1142,38.085,missing_tag,0,0,,,,,,,,,
1143,38.11833333333333,missing_tag,0,0,,,,,,,,,
1144,38.15166666666667,missing_tag,0,0,,,,,,,,,
1145,38.185,missing_tag,0,0,,,,,,,,,
1146,38.218333333333334,missing_tag,0,0,,,,,,,,,
1147,38.25166666666667,missing_tag,1,0,,,,,,,,,
1148,38.28500000000001,tracked,0,1,0.3471154882069736,0.3271158645771276,-0.3928026832934276,0.019409611365905743,-0.0686545795124297,-0.12713122321146128,-0.09601540609758823,-0.2885103421700766,0.3992294231440373
1149,38.318333333333335,tracked,0,1,0.3124915962607007,0.31519782110519085,-0.3939841904201918,0.01847509987021395,-0.06951800629447008,-0.125385641348727,-0.09439816144725087,-0.28958120375487123,0.400496722602603
1150,38.35166666666667,tracked,1,1,0.3134555002767565,0.3134457212948648,-0.4003479635802883,0.013024242179357937,-0.10498620299416056,-0.10357790533462477,-0.1716424418319027,-0.2840921032111914,0.41408963479705874
1151,38.385000000000005,tracked,0,1,0.277802526559891,0.3090523332635261,-0.3945750078024047,0.018464387718330477,-0.06922332756021632,-0.13187481819352181,-0.09356411880421792,-0.29126319203635465,0.4010264822609469
1152,38.41833333333334,tracked,0,1,0.29654271910408037,0.3192068929777676,-0.3939978810475729,0.018442639805419436,-0.0695663632605863,-0.12871680847646236,-0.09390699735634012,-0.2886146648929741,0.4005170909340495
1153,38.45166666666667,tracked,0,1,0.22513709597868328,0.32213803092057436,-0.3966257930671647,0.017642526170443762,-0.07070508089688848,-0.13026541343255327,-0.08940299767846972,-0.28971027845466646,0.4032647851232088
1154,38.485,tracked,0,1,0.24223906937949186,0.30185622041280163,-0.3947366123226329,0.018535623327259665,-0.06921196185389134,-0.12759991982754595,-0.0924838092000361,-0.2890981391272009,0.4011868119763449
1155,38.51833333333334,tracked,0,1,0.23168077691493183,0.31611318464505767,-0.39512354235880043,0.018615014784065465,-0.06954001236896429,-0.12815778190044336,-0.09342641225479816,-0.2904392591603925,0.40162786982709936
1156,38.55166666666667,tracked,0,1,0.28047509358905665,0.32832714157330656,-0.3939658780448278,0.019363762876808854,-0.0685348122792862,-0.12796700794433755,-0.09338470316737722,-0.2888396070111999,0.40035120690531006
1157,38.585,tracked,1,1,0.29127419685529543,0.3295374847231487,-0.4012224186617677,0.014225323864211548,-0.09980787089834864,-0.10983223068320253,-0.15645877105292266,-0.28390871745460894,0.41369481525528207
1158,38.61833333333333,tracked,1,1,0.3049367337529033,0.3237312209636125,-0.4026648024044437,0.014293075821605439,-0.10042266567740177,-0.10990132964161636,-0.153562151603918,-0.2866413431749365,0.4152444423392167
1159,38.65166666666667,tracked,0,1,0.301316319260227,0.3241357594941889,-0.39585734409797724,0.019440394399447725,-0.0690221134358402,-0.13191194387493832,-0.08985585091152387,-0.2915041730763641,0.4022996618863362
1160,38.685,tracked,1,1,0.29382787637470514,0.3264534714320588,-0.39939434309444866,0.01640285716902634,-0.09722201383988133,-0.10511231324883996,-0.1572313039876691,-0.2862834948325682,0.41138426682875917
1161,38.718333333333334,tracked,1,1,0.28694683884561384,0.3280732840586332,-0.3992362628597006,0.016598235765490077,-0.0973967589331371,-0.10386623170569675,-0.15623783964056315,-0.2879001447456834,0.41127998208445105
1162,38.75166666666667,tracked,1,1,0.29298998885667266,0.32491768142599814,-0.40231905367491555,0.014935329725889401,-0.09449227402237309,-0.1136919698599747,-0.14052311601955217,-0.28879004825208304,0.4135365459954172
1163,38.78500000000001,tracked,0,1,0.2447979920087916,0.3211604261115286,-0.39788715670827235,0.01824919619544063,-0.06931619475155054,-0.12734848419890257,-0.08719108703229052,-0.29608030320287393,0.40429192112879014
1164,38.818333333333335,tracked,1,1,0.26324488663454754,0.3330774312584999,-0.3952580355356353,0.020595688068299478,-0.08237566666359186,-0.11341905462698916,-0.12785213472512522,-0.28815158164136134,0.4042757072602402
1165,38.85166666666667,tracked,1,1,0.2678973272010156,0.29532705916833507,-0.4006045501284229,0.018537988437557884,-0.08698953606878923,-0.10844759970081491,-0.12350840869790233,-0.29182547258761593,0.4103594058680394
1166,38.885000000000005,tracked,1,1,0.28465793166146725,0.3163254824219224,-0.4015019461477169,0.01710763480884009,-0.08963885863747889,-0.11117159964447655,-0.12957399200019154,-0.2909692049873048,0.4117421631397333
1167,38.91833333333334,tracked,1,1,0.1844311956383682,0.3031452692251484,-0.40464444861309434,0.016143802238453242,-0.08799297975535858,-0.11670776354043308,-0.11619445499723773,-0.2944074365836807,0.41441587400862956
1168,38.95166666666667,tracked,1,1,0.2396487685790005,0.3149748636525467,-0.40062814996513496,0.015684487739071884,-0.08669783316504631,-0.12088149648904194,-0.12977341113654584,-0.28406041516675645,0.41020169670009654
1169,38.985,tracked,1,1,0.2687141179838244,0.311834787230982,-0.40217146203494464,0.01643116300697961,-0.08645960720736645,-0.11755190809670103,-0.12534340277979003,-0.28581400917907124,0.4116881485682323
1170,39.01833333333334,tracked,0,1,0.2699799626960901,0.3089920856540524,-0.3947473384204761,0.020773695494442357,-0.06521312784533634,-0.12373875772184394,-0.08778978262529502,-0.29412604601158276,0.40063669285016557
1171,39.05166666666667,tracked,1,1,0.24346023143186224,0.28743175087297146,-0.40160260530238723,0.015402087245677876,-0.08824730279651044,-0.117219071064396,-0.13157695022706511,-0.2864035423545852,0.411472311739256
1172,39.085,tracked,0,1,0.25942268304424504,0.30758875970509186,-0.3973061499516965,0.020266471835323485,-0.06584124249274348,-0.12705811580334125,-0.08669726132358642,-0.29155153741523004,0.40323439322939725
1173,39.11833333333335,tracked,1,1,0.26923922274572415,0.31434619538765346,-0.4056463133725925,0.015569067678670556,-0.08720975636706257,-0.12187407040600107,-0.11346914764272964,-0.29314192665584343,0.41520701948156047
1174,39.15166666666667,tracked,0,1,0.2797086229705764,0.3111434078897597,-0.3987107055874879,0.019640702718048075,-0.06818117799871015,-0.1252162230594589,-0.0853301046076276,-0.29584655809645366,0.40497488438991247
1175,39.185,tracked,0,1,0.23964923194263438,0.31421446762046573,-0.40021482284610427,0.019108341856671374,-0.0690154196692136,-0.12493382048709648,-0.08092854925027453,-0.29838010354702543,0.40657122537922885
1176,39.218333333333334,tracked,0,1,0.2761266641719028,0.29562878501773304,-0.39421455488191726,0.020929971332083797,-0.0649500128669373,-0.12468915851071735,-0.09375443916321163,-0.29105461762077917,0.40007709651031675
1177,39.25166666666667,tracked,1,1,0.19226508318482693,0.30465456178755895,-0.4007408994474302,0.017543497691332344,-0.08294667047739274,-0.11557777817422854,-0.11739794553719488,-0.28869221012863616,0.4096110263951232
1178,39.28500000000001,tracked,1,1,0.27030124952138057,0.3150235155276352,-0.40237395306559504,0.016965556028540163,-0.08412516327566277,-0.11550208617193518,-0.11743349936916343,-0.29130093430774084,0.41142395566270584
1179,39.318333333333335,tracked,1,1,0.2760798233807489,0.30268591021625735,-0.39957028204746803,0.01724619875548261,-0.08394571491703406,-0.11338187423807655,-0.12763730462946438,-0.28900749331701375,0.4086572215438493
1180,39.35166666666667,tracked,0,1,0.2776499693332558,0.3040787289043799,-0.3988138355607107,0.019390850110056534,-0.0667399597551494,-0.125387625132596,-0.08562912951736405,-0.29544290574284304,0.40482428624127187
1181,39.385000000000005,tracked,0,1,0.24453382691796205,0.3168913305565569,-0.398455569134909,0.019801113722560437,-0.06729788737302544,-0.12351921190235061,-0.08416143598220822,-0.29329448083416243,0.40458365058928225
1182,39.41833333333334,tracked,1,1,0.19350782659800367,0.29935461379941397,-0.40030069407391866,0.0190672186129896,-0.08099880406643478,-0.1050316232328986,-0.11406502721187063,-0.2976645372425463,0.40885817927722723
1183,39.45166666666667,tracked,0,1,0.2539155946460592,0.30249212844209084,-0.400309127842875,0.01982431915065952,-0.06767351850494774,-0.12461308887851932,-0.08314719993183575,-0.294333679990542,0.4064727623973714
1184,39.485,tracked,1,1,0.2831204215587138,0.30234744984824696,-0.40067072074344956,0.018642644139642672,-0.08038482996480034,-0.11702785989403446,-0.11375360259988505,-0.28890757368587267,0.40907981559845086
1185,39.51833333333334,tracked,1,1,0.23908456923496535,0.3122318168503654,-0.40062230410250244,0.019590532597443144,-0.08225990175143238,-0.109686338228645,-0.11517292379290589,-0.2927813060551878,0.4094492776254523
1186,39.55166666666667,tracked,1,1,0.2528490553101623,0.308642258384294,-0.4022161275456564,0.01921075840741976,-0.0814712902339832,-0.11282700443793271,-0.1096030511504967,-0.2940661249774983,0.41083383213752234
1187,39.585,tracked,1,1,0.22790256527532543,0.3034556021128508,-0.40272938291362975,0.0194891444671709,-0.08205593202716222,-0.1077075257525188,-0.10710536996757794,-0.29514342003131366,0.41146562261615677
1188,39.61833333333335,tracked,0,1,0.2414847761968473,0.3010828196377111,-0.399325105573191,0.02116136226241755,-0.06746586682356764,-0.12489189022613423,-0.08792877221234448,-0.29102810471377005,0.4055366646557334
1189,39.65166666666667,tracked,1,1,0.2062375094724955,0.31313375399511845,-0.4057088144860832,0.019058550398219937,-0.08417422081212722,-0.11217645908984819,-0.1062714582773432,-0.2987775188379235,0.41478689702582616
1190,39.685,tracked,1,1,0.2677041273541393,0.3102652189873122,-0.40287604920962616,0.02116183358908516,-0.08318960775537876,-0.10138645869639736,-0.11028806646964151,-0.2983704213172223,0.4119192215302692
1191,39.718333333333334,tracked,1,1,0.2623871714601853,0.32032340522762837,-0.4015127724864279,0.02176243235111372,-0.08309164148342407,-0.10299067820327529,-0.11351056716678566,-0.29487291845621993,0.41059752899400737
1192,39.75166666666667,tracked,1,1,0.2397085111865913,0.31417663938097284,-0.40364632920625987,0.020528978123974417,-0.08682263409328289,-0.09665680642269808,-0.11593248400354214,-0.3021684020409212,0.4133883982593114
1193,39.78500000000001,tracked,1,1,0.23685283750501418,0.312258054751934,-0.4036713459922977,0.02022585103252794,-0.08586766327942946,-0.10245840795765251,-0.11412183688202791,-0.2990002042275583,0.4131983739347153
1194,39.818333333333335,tracked,1,1,0.20850719023181047,0.2996699356763924,-0.403743833520823,0.020433062986760092,-0.08735321191220546,-0.10202998342842978,-0.11715649975063208,-0.3002787513047205,0.4135905908026555
1195,39.85166666666667,tracked,1,1,0.2753959717193564,0.3151221678056381,-0.4026101616153259,0.02160095273669016,-0.08534292946017591,-0.094330395963434,-0.11416343667932129,-0.30313816753743567,0.41212250485007024
1196,39.885000000000005,tracked,0,1,0.2632625638924788,0.31228335491283243,-0.39792658296234007,0.022558167991103023,-0.06826271144766105,-0.12027348245386714,-0.091582924449306,-0.2944483757314691,0.4043689332099903
1197,39.91833333333334,tracked,1,1,0.3278101772467011,0.31474056209650064,-0.402705821217146,0.020630229864456923,-0.08711799710342949,-0.09937709266703357,-0.12132901455858905,-0.2998602088541532,0.4125374289028202
1198,39.95166666666667,tracked,1,1,0.26242274042110525,0.315285961388002,-0.4040098455597838,0.02207415492735501,-0.08734113717442565,-0.08850454602654005,-0.11648611729980425,-0.3039844276204118,0.413931996670853
1199,39.985,tracked,1,1,0.3012721216025474,0.31250530572535457,-0.40558637240555173,0.021394838091767066,-0.08578971425618354,-0.09469655197125738,-0.1070826775663887,-0.3067773669129136,0.41511193628974996
1200,40.01833333333334,tracked,1,1,0.2799337746701452,0.3317975582799048,-0.39669598773720127,0.02253164055484655,-0.08757460843112391,-0.09715721255128165,-0.13628173900206925,-0.2982521918605595,0.40687183922551245
1201,40.05166666666667,tracked,1,1,0.23213268756943845,0.3179325849723262,-0.40087553192461367,0.022083794936116313,-0.08864682189760964,-0.0883985813241854,-0.12803710244448152,-0.30206903811580493,0.41115343258590087
1202,40.085,tracked,1,1,0.21435309466923563,0.31943619811417284,-0.4028335411004811,0.021262253565655254,-0.08916996812042449,-0.09117239505217412,-0.12769461484453418,-0.29990268316345237,0.41313221670167616
1203,40.11833333333335,tracked,1,1,0.23714608834381593,0.29556443624982065,-0.40487673072092323,0.01980332485130845,-0.0876990225826148,-0.10206246094064168,-0.12054549448129363,-0.2978344213967448,0.41473902314151173
1204,40.15166666666667,tracked,1,1,0.23277834142571274,0.3226938508143574,-0.40443303099474426,0.020010408900694804,-0.08889881730117755,-0.09633415801899364,-0.12631795088649372,-0.30192118248138977,0.4145714567375773
1205,40.185,tracked,1,1,0.2767960879986126,0.31702164688042717,-0.40633785860810834,0.019016508453344516,-0.08767925754262001,-0.10288135392424133,-0.11838548412953075,-0.297707399127991,0.416124662973975
1206,40.218333333333334,tracked,1,1,0.23465326119552898,0.3182549301752434,-0.4064392980148888,0.02058150342894688,-0.08952460363790177,-0.0907286011167371,-0.11839643777454742,-0.30223331242991536,0.41669071973197913
1207,40.25166666666667,tracked,1,1,0.28393546294501815,0.31673377484783793,-0.40474067778250844,0.022679142048543544,-0.08396563473844176,-0.08710276312388739,-0.10834073158057966,-0.30500356215840907,0.41398017772947987
1208,40.28500000000001,tracked,1,1,0.2909241752425809,0.31199358361380297,-0.4045535365859534,0.02325265080311395,-0.08363042115101649,-0.08488472165354763,-0.10820699486889093,-0.30340962968916024,0.4137611594573254
1209,40.318333333333335,tracked,1,1,0.3000858100496948,0.3109678401639234,-0.4047738323553197,0.021276522632001887,-0.08605281407306259,-0.094120153022999,-0.11604345670878749,-0.29996499722200404,0.41436654375663057
1210,40.35166666666667,tracked,1,1,0.2898858523601626,0.3178223630069418,-0.40318108115565965,0.022960092958955902,-0.08653646528791253,-0.08634530094015953,-0.11961818109657887,-0.2999271744992472,0.4130020700856796
1211,40.385000000000005,tracked,1,1,0.2692453183381775,0.3197973300972263,-0.4019737407580584,0.023761581903614076,-0.0843777081950105,-0.08365406474299068,-0.11656378209072875,-0.30451893349031167,0.4114208291686643
1212,40.41833333333334,tracked,1,1,0.28272704424283157,0.31883279212627047,-0.4065949528621009,0.021981931526301762,-0.0864273451562908,-0.0963623406723792,-0.11180931668662408,-0.29880655958142677,0.4162599512291877
1213,40.45166666666667,tracked,0,1,0.28433702131555705,0.3164245672192677,-0.39992019429287023,0.021591955104914212,-0.07029922635518582,-0.12224438785917209,-0.09621344056339201,-0.28951545901379194,0.4066255716929733
1214,40.485,tracked,1,1,0.2853272562800155,0.3108171724377122,-0.407164348749783,0.02071208948773734,-0.0890984406559367,-0.09358016439167058,-0.11446681614837807,-0.2993899797005337,0.41731322728988884
1215,40.51833333333334,tracked,1,1,0.30913704886888016,0.31111935287074377,-0.4076251937118471,0.022334626408777064,-0.0886217669790077,-0.08221456531207344,-0.10744585373514813,-0.30750603939172766,0.4177450797650668
1216,40.55166666666667,tracked,1,1,0.29094448695433667,0.3007781645271029,-0.40647315227148706,0.02226239568230698,-0.09026305488705977,-0.08223512401906359,-0.11556012690376327,-0.3053635428063495,0.41696937160489317
1217,40.585,tracked,0,1,0.2621215203682157,0.3204849399638138,-0.3977646518082183,0.02264824254534073,-0.06894590021417024,-0.11994310267921757,-0.09760944383974406,-0.2911997136920737,0.40433055570269244
1218,40.61833333333335,tracked,0,1,0.30277947026172836,0.2928950399523105,-0.3974933564522936,0.02349491471401044,-0.0678327977852291,-0.11809921984415875,-0.09779346607367233,-0.2895613058172492,0.40392359165626923
1219,40.65166666666667,tracked,0,1,0.2850454809294288,0.2869777224431275,-0.3969813252545167,0.02337111077388876,-0.06796153989456011,-0.11643761788190428,-0.09813908855642335,-0.28787124672327835,0.4034341982584987
1220,40.685,tracked,0,1,0.26680042524474634,0.29804021897743127,-0.3959292077698575,0.02396599356070178,-0.06669787380727143,-0.11087017184384773,-0.09888897045883839,-0.2869079988449006,0.4022224667805483
1221,40.718333333333334,tracked,0,1,0.2967610905476822,0.31286376795917026,-0.39728717602606184,0.023567973875567222,-0.06847166757131212,-0.11525355767096748,-0.09772541861129962,-0.2906823622393158,0.40383278580045817
1222,40.75166666666667,tracked,0,1,0.2770178761159517,0.31020843107171975,-0.39675033043021524,0.023219430878102798,-0.06799864536870637,-0.11341148131469272,-0.0980488012856876,-0.2895443850786282,0.4032043928812868
1223,40.78500000000001,tracked,1,1,0.2614616787133685,0.3070860706836404,-0.40548829223184124,0.02287889413877417,-0.090688495221314,-0.07000301351073494,-0.11755756176776568,-0.3071327360776825,0.4161353170539778
1224,40.818333333333335,tracked,0,1,0.2807030666071019,0.2890074032108903,-0.39510903615993986,0.024272188130697703,-0.06668090538658628,-0.1124688920411557,-0.10012986420090302,-0.28571448220392526,0.4014307321507205
1225,40.85166666666667,tracked,1,1,0.27137941175516084,0.30355464061598,-0.40595013519651324,0.0221203979723075,-0.09131448837933404,-0.07316983781796169,-0.11793210535164812,-0.30396667596799953,0.41668112515507605
1226,40.885000000000005,tracked,1,1,0.2693743570506464,0.3144453171500421,-0.4069483764994186,0.021671755918959007,-0.09247273188891103,-0.07180066141506594,-0.11770578175679655,-0.3019430271243816,0.4178849749430122
1227,40.91833333333334,tracked,1,1,0.2713134916957631,0.30340924744094994,-0.4055443997173279,0.02229684055396955,-0.09202951649475472,-0.06969793304456176,-0.11943459756192618,-0.30350999942128537,0.4164526877654115
1228,40.95166666666667,tracked,1,1,0.234204234058192,0.2775628892012335,-0.40375002871961924,0.022217379260654507,-0.08916758110058504,-0.07361321788823448,-0.11824491479677343,-0.30204788318072684,0.41407554280787284
1229,40.985,tracked,1,1,0.28810654407666764,0.31404343528667383,-0.4057949092350679,0.020917352627782326,-0.0926657763170392,-0.07606842449153896,-0.12156754382739567,-0.30308842272776193,0.41676610958964927
1230,41.01833333333334,tracked,0,1,0.30023886286553325,0.3179813745771298,-0.3970599439287661,0.022115440337870634,-0.06823889004914785,-0.11706698885239565,-0.09522365831635848,-0.28965278514092596,0.4034875932283327
1231,41.05166666666667,tracked,0,1,0.33905505759091487,0.32114017401104705,-0.39096871287956875,0.024510209220361234,-0.0636938601536311,-0.11047127081157872,-0.100814450460759,-0.29165035552587576,0.396880577287429
1232,41.085,tracked,1,1,0.3101618618585845,0.3078336474729023,-0.40058274276309475,0.020098008078324237,-0.09551730693525962,-0.08272218999736923,-0.14612522280858495,-0.29162042774001007,0.4123033102613714
1233,41.11833333333335,tracked,0,1,0.28556148981145224,0.31972087289952755,-0.39215254728359517,0.02273531221131614,-0.06506145327291696,-0.11617778852145567,-0.09951485689328377,-0.288023490967621,0.39816266457861454
1234,41.15166666666667,tracked,1,1,0.20993275186600985,0.32597951340430836,-0.40525234646032504,0.016475961231986608,-0.10220203738194877,-0.08773745796445934,-0.14358562705505482,-0.29557836368879237,0.41826567879176807
1235,41.185,tracked,0,1,0.25233416100131156,0.30691041175501077,-0.3951644814809441,0.020153146763818575,-0.06804818918133843,-0.11961240185184299,-0.0941506880860534,-0.2907619706916092,0.40148682767862587
1236,41.218333333333334,tracked,0,1,0.31588091965001275,0.3299074962345966,-0.39442704351422314,0.020771757174571248,-0.0679895884887936,-0.12117397327160458,-0.09480299380021415,-0.29022990710489327,0.4007826626668945
1237,41.25166666666667,tracked,0,1,0.26816312086934574,0.3347516794321867,-0.39312358903057976,0.02073982027065796,-0.06706043085586344,-0.125866168068901,-0.09720596565101824,-0.284066881747836,0.39934120471561335
1238,41.28500000000001,tracked,0,1,0.27907749073438065,0.33150770003584557,-0.38806088321559007,0.023655856417766685,-0.0625326439695546,-0.11646494647897064,-0.09578955188251008,-0.2889723478982425,0.39377808494981653
1239,41.318333333333335,tracked,0,1,0.2627215414199982,0.32208928946087517,-0.39434529969304105,0.019392461142598516,-0.06872990289433661,-0.1242291242401441,-0.09172134305712915,-0.29132343508868025,0.40075938228696095
1240,41.35166666666667,tracked,0,1,0.285688410602514,0.335192676345531,-0.3896521247398542,0.021024470992813127,-0.06594628447601336,-0.11693715829632198,-0.08722190812599885,-0.2958297359566461,0.3957520930216312
1241,41.385000000000005,tracked,0,1,0.27956342808694457,0.3272007279736432,-0.3882488306927873,0.02210355274843845,-0.06533031595635974,-0.1205987537356158,-0.09448614970320787,-0.29301437041923595,0.39432698583964226
1242,41.41833333333334,tracked,1,1,0.26373615047333615,0.3258558796233267,-0.3985789912780315,0.012284100623372707,-0.10683877335867176,-0.10506799796170173,-0.17762406829406074,-0.27530094526384835,0.412832453798298
1243,41.45166666666667,tracked,0,1,0.28772813421775617,0.3292984201461933,-0.391171033818024,0.019331025446778394,-0.06841573736455725,-0.12889287180575007,-0.09619467364577591,-0.29064381867042516,0.3975791485506021
1244,41.485,tracked,0,1,0.31106398348816766,0.3364798618734832,-0.3908100814498089,0.019597837060497558,-0.06887655520275032,-0.12738446304812756,-0.09629618357216765,-0.2908965242137704,0.3973167185468711
1245,41.51833333333334,tracked,1,1,0.2682685083005013,0.3232557730410498,-0.4002504427080991,0.007545541672128786,-0.11227449656809707,-0.11277474674445746,-0.18884361151561205,-0.2720523863024019,0.4157678615126172
1246,41.55166666666667,tracked,0,1,0.29723419200576345,0.3285640834863414,-0.3914186659139366,0.01860062541235913,-0.06961729915068127,-0.12743015416223555,-0.09765317056036436,-0.2884417859087045,0.3979963864567268
1247,41.585,tracked,0,1,0.26373148489244197,0.33642488286542643,-0.3913403574342253,0.017834224075586547,-0.06964441392988469,-0.12905455447401248,-0.09828680951264465,-0.2851274804309785,0.39788902887207456
1248,41.620000000000005,tracked,0,1,0.20060500216289193,0.32646290232062336,-0.39039469473623384,0.018883520548799493,-0.06775711516093247,-0.12565519464792546,-0.09597142888506899,-0.28754006088290335,0.3966807679752649
1249,41.653333333333336,tracked,0,1,0.2548445170291085,0.3322609724999548,-0.39030069129322126,0.018891995456943367,-0.06763155918671954,-0.12570658887232666,-0.09587324534091711,-0.28764964168580115,0.3965672262231693
1250,41.68666666666667,tracked,0,1,0.27072513665169146,0.3414515547342252,-0.39046516382940344,0.018402541974010533,-0.06877383193805464,-0.12545927805455712,-0.0966924447227869,-0.2874740410131189,0.39690242840636775
1251,41.720000000000006,tracked,0,1,0.22017917307431534,0.33951453734326476,-0.3904397544638266,0.018601110465228166,-0.06825954655808747,-0.12587503612416437,-0.09612451373025425,-0.2872365231569756,0.3967978942391561
1252,41.75333333333334,tracked,0,1,0.28163220943660494,0.3479078151869688,-0.38994007807889186,0.019603355604414174,-0.0674313986037392,-0.1273086442531227,-0.09603632283608203,-0.2883264257957778,0.3962127579480269
1253,41.78666666666667,tracked,0,1,0.2743732371847787,0.334334812640928,-0.39099483041140976,0.018652254252486566,-0.06856680029287582,-0.13062430452173684,-0.09409345792115903,-0.2885209362463061,0.3973993836174756
1254,41.82,tracked,0,1,0.25444627268835557,0.3458978471694755,-0.3898031471785719,0.018927472756335773,-0.06846591608644825,-0.12885740022337117,-0.09765069127700204,-0.28612187670935824,0.3962225693228716
1255,41.85333333333334,tracked,0,1,0.2382397079038311,0.32844788284628035,-0.3899257665729176,0.018766223269005067,-0.06908038259322619,-0.13191872249097095,-0.09816815901772846,-0.28786779307851595,0.39644214436975045
1256,41.88666666666667,tracked,0,1,0.28763545005607005,0.34201087041598266,-0.3884555573186008,0.01945193848359439,-0.06806166427466065,-0.1332452485456437,-0.09939955489179603,-0.28711208625415496,0.39485248899596787
1257,41.92,tracked,0,1,0.2591441658458618,0.3449327939136832,-0.38817521666706634,0.019478056690280632,-0.06879029673560899,-0.13128067836430088,-0.10133724872469693,-0.2835093763451016,0.39470431775181636
1258,41.95333333333333,tracked,0,1,0.28201024675754277,0.34397441961799896,-0.3898475896181059,0.01911741593163796,-0.07057834382419559,-0.13114992545984397,-0.09964445864290401,-0.28534686286851313,0.39664583867717146
1259,41.98666666666667,tracked,0,1,0.30697516775916145,0.3276090663190059,-0.3901150767352083,0.01927319203550923,-0.07089728649093446,-0.13317212277856671,-0.10071988276200272,-0.28422038639534397,0.396973115285069
1260,42.02,tracked,0,1,0.30763329563449815,0.3460501687571612,-0.3885036312315065,0.019912162312981763,-0.07077882584673278,-0.13007801902969157,-0.10412202431730509,-0.28393760813896246,0.3954000605415824
1261,42.053333333333335,tracked,0,1,0.3185808562069269,0.3430366916565284,-0.3883824526973815,0.020058637180116357,-0.07048297273603349,-0.13015951261819136,-0.10499598129143908,-0.2824870560423827,0.39523553475676465
1262,42.086666666666666,tracked,0,1,0.22860227018330354,0.3356181660927771,-0.3875921913082121,0.01980002901363745,-0.07037745869569728,-0.13315191220187925,-0.10595295840200865,-0.27932969616113773,0.394427096691527
1263,42.120000000000005,tracked,0,1,0.25983331422093126,0.33959893596347834,-0.3894397475662619,0.019259507624729638,-0.07227464184697896,-0.13261960415789883,-0.10410633739839514,-0.27901621832454265,0.3965575235354007
1264,42.153333333333336,tracked,0,1,0.2955851016890036,0.3489354667705779,-0.38833615511508435,0.019610515621036523,-0.07161504341174113,-0.13108402301523553,-0.10612251015016083,-0.2810908290359165,0.3953710360349571
1265,42.18666666666667,tracked,0,1,0.28707236013132964,0.3377915989663448,-0.38830192874647895,0.019539314580082873,-0.07197025404963925,-0.1320524266127808,-0.1046225731077435,-0.2848317800192485,0.39539839421836886
1266,42.220000000000006,tracked,0,1,0.28911990432039864,0.35623608110499844,-0.3868930559762199,0.02030047779090538,-0.07037494577923126,-0.13101766367463885,-0.10829344112508904,-0.2825933992373152,0.3937651319690295
1267,42.25333333333334,tracked,0,1,0.25823979376230405,0.3445271013865852,-0.38847906619522243,0.019915271315597977,-0.0717343174241995,-0.1321500630704755,-0.10504769941873017,-0.28371379966735416,0.3955482463616818
1268,42.28666666666667,missing_tag,0,0,,,,,,,,,
1269,42.32,missing_tag,0,0,,,,,,,,,
1270,42.35333333333334,missing_tag,0,0,,,,,,,,,
1271,42.38666666666667,missing_tag,0,0,,,,,,,,,
1272,42.42,missing_tag,0,0,,,,,,,,,
1273,42.45333333333333,missing_tag,0,0,,,,,,,,,
1274,42.48666666666667,missing_tag,0,0,,,,,,,,,
1275,42.52,missing_tag,0,0,,,,,,,,,
1276,42.553333333333335,missing_tag,0,0,,,,,,,,,
1277,42.586666666666666,missing_tag,0,0,,,,,,,,,
1278,42.620000000000005,missing_tag,0,0,,,,,,,,,
1279,42.653333333333336,missing_tag,0,0,,,,,,,,,
1280,42.68666666666667,missing_tag,0,0,,,,,,,,,
1281,42.720000000000006,missing_tag,0,0,,,,,,,,,
1282,42.75333333333334,missing_tag,0,0,,,,,,,,,
1283,42.78666666666667,missing_tag,0,0,,,,,,,,,
1284,42.82,missing_tag,0,0,,,,,,,,,
1285,42.85333333333334,missing_tag,0,0,,,,,,,,,
1286,42.88666666666667,missing_tag,0,0,,,,,,,,,
1287,42.92,missing_tag,0,0,,,,,,,,,
1288,42.95333333333333,missing_tag,0,0,,,,,,,,,
1289,42.98666666666667,missing_tag,0,0,,,,,,,,,
1290,43.02,missing_tag,0,0,,,,,,,,,
1291,43.053333333333335,missing_tag,0,0,,,,,,,,,
1292,43.086666666666666,missing_tag,0,0,,,,,,,,,
1293,43.120000000000005,missing_tag,0,0,,,,,,,,,
1294,43.153333333333336,missing_tag,0,0,,,,,,,,,
1295,43.18666666666667,missing_tag,0,0,,,,,,,,,
1296,43.220000000000006,missing_tag,0,0,,,,,,,,,
1297,43.25333333333334,missing_tag,0,0,,,,,,,,,
1298,43.28666666666667,missing_tag,0,0,,,,,,,,,
1299,43.32,missing_tag,0,0,,,,,,,,,
1300,43.35333333333334,missing_tag,0,0,,,,,,,,,
1301,43.38666666666667,missing_tag,0,0,,,,,,,,,
1302,43.42,missing_tag,0,0,,,,,,,,,
1303,43.45333333333333,missing_tag,0,0,,,,,,,,,
1304,43.48666666666667,missing_tag,0,0,,,,,,,,,
1305,43.52,missing_tag,0,0,,,,,,,,,
1306,43.553333333333335,missing_tag,0,0,,,,,,,,,
1307,43.586666666666666,missing_tag,0,0,,,,,,,,,
1308,43.620000000000005,missing_tag,0,0,,,,,,,,,
1309,43.653333333333336,missing_tag,0,0,,,,,,,,,
1310,43.68666666666667,missing_tag,0,0,,,,,,,,,
1311,43.720000000000006,missing_tag,0,0,,,,,,,,,
1312,43.75333333333334,missing_tag,0,0,,,,,,,,,
1313,43.78666666666667,missing_tag,0,0,,,,,,,,,
1314,43.82,missing_tag,0,0,,,,,,,,,
1315,43.85333333333334,missing_tag,0,0,,,,,,,,,
1316,43.88666666666667,missing_tag,0,0,,,,,,,,,
1317,43.92,missing_tag,0,0,,,,,,,,,
1318,43.95333333333333,missing_tag,0,0,,,,,,,,,
1319,43.98666666666667,missing_tag,0,0,,,,,,,,,
1320,44.02,missing_tag,0,0,,,,,,,,,
1321,44.053333333333335,missing_tag,0,0,,,,,,,,,
1322,44.086666666666666,missing_tag,0,0,,,,,,,,,
1323,44.120000000000005,missing_tag,0,0,,,,,,,,,
1324,44.153333333333336,missing_tag,0,0,,,,,,,,,
1325,44.18666666666667,missing_tag,0,0,,,,,,,,,
1326,44.220000000000006,missing_tag,0,0,,,,,,,,,
1327,44.25333333333334,missing_tag,0,0,,,,,,,,,
1328,44.28666666666667,missing_tag,0,0,,,,,,,,,
1329,44.32,tracked,0,1,0.3873047270423103,0.49661531193196734,-0.34496671353594727,0.09078811714358218,0.04623401094669477,-0.22027369406245778,-0.06474409651436293,-0.36366234941689907,0.3596972330036585
1330,44.35333333333334,missing_tag,0,0,,,,,,,,,
1331,44.38666666666667,missing_tag,0,0,,,,,,,,,
1332,44.42,tracked,0,1,0.3513293857790206,0.5188681143821626,-0.33386658788516055,0.10524156345574162,0.05347289024625729,-0.22138507325782458,-0.05887157212369542,-0.37070743658653826,0.35412149776026985
1333,44.45333333333333,tracked,0,1,0.3334341499426854,0.5272679995902285,-0.33106758700996186,0.11129247563700742,0.05597592632314485,-0.22411247782975044,-0.055806311192533965,-0.37671670589730905,0.35373021729807974
1334,44.48666666666667,tracked,0,1,0.34725156456617495,0.5025227910681138,-0.32866204679549466,0.11664747910220805,0.05612958089081094,-0.22788752208167862,-0.05580221081886936,-0.3779475681871074,0.35323633057159065
1335,44.52,tracked,0,1,0.3526545269960198,0.46993469895030643,-0.322081981107307,0.1235853628417315,0.05861878175302926,-0.24522880028195648,-0.059118212995282596,-0.3687187166350849,0.3499232859312729
1336,44.553333333333335,missing_tag,0,0,,,,,,,,,
1337,44.586666666666666,missing_tag,0,0,,,,,,,,,
1338,44.620000000000005,missing_tag,0,0,,,,,,,,,
1339,44.653333333333336,tracked,0,1,0.2967848876054155,0.4859367701816007,-0.29810430939320465,0.1529663681857122,0.06396604224779823,-0.25948830488757196,-0.06999827797280643,-0.3775430522435859,0.3411107498094621
1340,44.68666666666667,missing_tag,0,0,,,,,,,,,
1341,44.720000000000006,tracked,0,1,0.2391030884384538,0.5458998080343367,-0.2876783116097059,0.1673331516542741,0.06446865415002884,-0.2671443980094566,-0.0691142196862969,-0.39486941342740073,0.3389917432343734
1342,44.75333333333334,missing_tag,0,0,,,,,,,,,
1343,44.78666666666667,missing_tag,1,0,,,,,,,,,
1344,44.82,missing_tag,0,0,,,,,,,,,
1345,44.85333333333334,tracked,0,1,0.38949546269945645,0.6143613888775137,-0.2656799767094965,0.1969952221064135,0.057692145545311935,-0.2482725444924201,-0.01942189110503637,-0.3862714023308887,0.33574000538323584
1346,44.88666666666667,tracked,0,1,0.49236113052356617,0.5742433299519136,-0.2625344106247146,0.20266335641794417,0.05459158777991013,-0.25507163910387814,-0.004888159487687199,-0.3567587871053854,0.33612050555267314
1347,44.92,tracked,1,1,0.28098778994491136,0.683461700494441,-0.2663693240041879,0.20532271090558213,0.0421365235719775,-0.21320022685230264,-0.05332567662780285,-0.33749371646126985,0.33894766410582783
1348,44.95333333333333,tracked,1,1,0.3623608479473826,0.6303283883157969,-0.25966762328619697,0.21206364952554124,0.04256638471042329,-0.22037475860019293,-0.043525732722468326,-0.3164992188790763,0.33794994176728255
1349,44.98666666666667,tracked,1,1,0.493252783409804,0.3284420610283317,-0.24865072997248716,0.22037473440352418,0.04686992720592187,-0.23575986537115207,-0.028534546157910443,-0.3064611026396541,0.3355428425038492
1350,45.02,missing_tag,1,0,,,,,,,,,
1351,45.053333333333335,missing_tag,1,0,,,,,,,,,
1352,45.08666666666667,missing_tag,0,0,,,,,,,,,
1353,45.120000000000005,missing_tag,0,0,,,,,,,,,
1354,45.153333333333336,missing_tag,1,0,,,,,,,,,
1355,45.18666666666667,missing_tag,1,0,,,,,,,,,
1356,45.220000000000006,missing_tag,1,0,,,,,,,,,
1357,45.255,missing_tag,1,0,,,,,,,,,
1358,45.288333333333334,missing_tag,1,0,,,,,,,,,
1359,45.32166666666667,missing_tag,1,0,,,,,,,,,
1360,45.355000000000004,missing_tag,1,0,,,,,,,,,
1361,45.388333333333335,missing_tag,1,0,,,,,,,,,
1362,45.42166666666667,missing_tag,1,0,,,,,,,,,
1363,45.455000000000005,missing_tag,1,0,,,,,,,,,
1364,45.48833333333334,missing_tag,1,0,,,,,,,,,
1365,45.52166666666667,tracked,1,1,0.3856410764998661,0.519334008923386,-0.1128582732406758,0.30207410118029376,0.013671907344344314,-0.3452879475142975,-0.07013463819869069,-0.4071794945430845,0.3227579177854228
1366,45.555,tracked,0,1,0.44834624205581153,0.6069859639156774,-0.09822036635282477,0.30551143928770313,0.01953157090423069,-0.35920336736221675,-0.06433159913756428,-0.4100722816339684,0.3215057731427447
1367,45.58833333333334,tracked,1,1,0.39483892166717016,0.8638794798690697,-0.08975977156967263,0.3046971980737597,0.02174507569831663,-0.3436159884623298,-0.0941972037396724,-0.42818105613161395,0.31838663197968176
1368,45.62166666666667,tracked,1,1,0.2938582073952621,1.010614876373022,-0.084812855693252,0.30642466256093764,0.01924906159970391,-0.3520432703953518,-0.08971060676890938,-0.4306577384342423,0.31852758230473244
1369,45.655,tracked,1,1,0.43337485983112817,0.9824344884827143,-0.08083731009608472,0.3069560775184526,0.019231128055905655,-0.35096114614945934,-0.10613017600979852,-0.4303158393365214,0.31800399449596145
1370,45.68833333333334,tracked,1,1,0.4332173624440818,0.9588342069935674,-0.0736522104077702,0.3074777077729439,0.021418432120328568,-0.3558224279554888,-0.09536285559417465,-0.4279678923380494,0.31690051768614624
1371,45.72166666666667,tracked,1,1,0.35733064388891284,0.9681591498371942,-0.0680031054220388,0.3073261232512875,0.023972741905572748,-0.35667659675349794,-0.07804007693694545,-0.4228688115542219,0.3156714442805647
1372,45.755,tracked,1,1,0.4291750664130836,1.068970912680776,-0.06488338859893678,0.3070677399980317,0.02514624083336553,-0.35511477387094875,-0.07279442695263338,-0.42162908285418255,0.3148535921529705
1373,45.788333333333334,tracked,1,1,0.4749155315552039,1.0718839069410788,-0.06114306798291416,0.3066435143716684,0.026964584170231787,-0.35168064344899835,-0.06991243838368076,-0.42745923222715154,0.3138404187928069
1374,45.82166666666667,tracked,1,1,0.4495221389854318,1.1110441538763658,-0.05832815599791499,0.30653715111581853,0.02783435704780235,-0.3543050951629253,-0.07079229570610647,-0.4256433960343982,0.31327615649548535
1375,45.855000000000004,tracked,1,1,0.47550713654366206,1.0280252489051431,-0.05655663445218262,0.3066244202231815,0.027152875590991832,-0.35570452063574803,-0.06576449684772694,-0.424587594484704,0.3129767828939071
1376,45.888333333333335,tracked,1,1,0.4096402684667303,1.1336131970809364,-0.054972196524241124,0.30614031487247095,0.026491248889403185,-0.3544302736641295,-0.06748042890904457,-0.42943853609497096,0.3121628117643672
1377,45.92166666666667,tracked,1,1,0.4421653111045805,1.026419912571201,-0.05370454805864308,0.30532909358957183,0.02613629297654324,-0.35259666870806045,-0.06774320657215474,-0.4298974055391282,0.3111159585829186
1378,45.955000000000005,tracked,1,1,0.41920954924067394,1.0828628627070618,-0.05363158507384644,0.30485607080141974,0.02440068607520296,-0.3498810036651421,-0.07307406106725907,-0.43212250110849487,0.3104979296274841
1379,45.98833333333334,tracked,0,1,0.42570084318708623,1.060531370686152,-0.053678551572224814,0.3070511306959062,0.026429542084987823,-0.36165303092356504,-0.06986488115473627,-0.42697877362625103,0.312826316756357
1380,46.02166666666667,tracked,0,1,0.5047855155430152,1.0404585676181333,-0.054401208164127524,0.3063667524315498,0.024992405180880528,-0.365083473789142,-0.07640012468191586,-0.43247251877439896,0.3121613345081299
1381,46.055,tracked,1,1,0.44253841820740225,1.0184169148407265,-0.05356866326551393,0.30231760064635715,0.02070987439562927,-0.34811205371066173,-0.07870023886918641,-0.4447032490076138,0.30772460454456196
1382,46.08833333333334,tracked,0,1,0.4090253487166478,0.9832154550048289,-0.05493232319199931,0.30456339730610715,0.020503635475690063,-0.35993107594670354,-0.07119717630800376,-0.42391076298642144,0.31015612548783866
1383,46.12166666666667,tracked,1,1,0.5108165247202965,0.9769357419685301,-0.054577437034780324,0.3000234378130627,0.015324048729113915,-0.34988709690292097,-0.06522008100052051,-0.4189837276301299,0.305331928137079
1384,46.155,tracked,1,1,0.46558395139624337,0.943998537286554,-0.05511405785891843,0.29804061901800827,0.013063417630911234,-0.35468430840646725,-0.05754023803039822,-0.40095386286159423,0.3033750530919004
1385,46.18833333333334,tracked,1,1,0.3618397757900464,0.9355130469080501,-0.05755356958557503,0.29647336627612875,0.007866159659324135,-0.34972169136901154,-0.044642368942988814,-0.38676916590190397,0.30211048765464465
1386,46.22166666666667,tracked,1,1,0.35689576655212124,0.8795238512219052,-0.06001790812045857,0.2952707317364559,0.0031157163268216714,-0.35848000046211725,-0.03095904707386408,-0.36749569690918227,0.3013248446503659
1387,46.255,tracked,1,1,0.2667096497205321,0.8815449343371693,-0.06069669528724406,0.29326692168055996,0.0011841981787841793,-0.3755281210615157,-0.018614008603426834,-0.3504914342113296,0.2994845212963616
1388,46.288333333333334,tracked,1,1,0.394554806884451,0.8703134353005203,-0.06173412207276324,0.2909328527340079,-0.00023971969954617034,-0.3774268404318645,-0.015995317082837874,-0.34703351729621323,0.2974106321125341
1389,46.32166666666667,tracked,1,1,0.38817509921418253,0.7508306115999552,-0.06518876354858272,0.28951540026127554,-0.004058992806661943,-0.3807691213075639,-0.010594379158448837,-0.33094599769710625,0.2967915384643642
1390,46.355000000000004,tracked,1,1,0.39353656259013003,0.6702356357037401,-0.06662711325748452,0.2873300706624715,-0.005624725774438344,-0.3857361853146715,0.004970703123010993,-0.31233682398859763,0.29500742239469874
1391,46.388333333333335,tracked,1,1,0.4305739664245691,0.5679639154675702,-0.06902944035710762,0.2858004847338065,-0.008425398851227617,-0.38076629685067187,0.008369427488465269,-0.3040221017924249,0.29413936842234584
1392,46.42166666666667,tracked,1,1,0.38937560570941276,0.669249067074675,-0.0705469252756247,0.2838217374122514,-0.010769906729388434,-0.3915442252684334,0.010420428024369675,-0.2908404815013783,0.2926561774241461
1393,46.455000000000005,tracked,1,1,0.4035955737987326,0.6934369392993931,-0.07300240782857109,0.28236882290677295,-0.013141631673753262,-0.38557657741721685,0.02196980311784735,-0.28503259102408907,0.2919489787301441
1394,46.48833333333334,tracked,1,1,0.39990973366008326,0.6895289854430677,-0.0759539775108097,0.28139732852971605,-0.016341633862596072,-0.3830292969681179,0.03492927806472187,-0.27694446800873346,0.2919255250927412
1395,46.52166666666667,tracked,1,1,0.3317371055060811,0.6600118481435331,-0.07711454718260016,0.2800071210428938,-0.017459889339140666,-0.37788428707986654,0.04409260662231493,-0.270906691904675,0.290956163292071
1396,46.555,tracked,1,1,0.3726889820416667,0.708911050185131,-0.07783124427364857,0.27853640853406547,-0.01811257399015309,-0.37984435504179953,0.045873273084551455,-0.2614330528670536,0.28977283999848735
1397,46.58833333333334,tracked,1,1,0.28134796773142573,0.7003531938660079,-0.08006019254638136,0.27744657930831057,-0.020106728057650625,-0.37484019380036543,0.06012669577498603,-0.25777960164352276,0.28946592081561284
1398,46.62166666666667,tracked,0,1,0.31408372322305494,0.6560201067313267,-0.08187304093049838,0.27849971518534117,-0.018380975610522488,-0.3867757012507688,0.06700095595158538,-0.23868363602479042,0.29086620026039095
1399,46.655,tracked,1,1,0.3174689879297145,0.6393318290764345,-0.0815047486618505,0.27500982063135054,-0.024666739452804787,-0.38104912945819097,0.06653768099170823,-0.23916054924188926,0.28789212134643694
1400,46.68833333333334,tracked,1,1,0.2889332536840367,0.6149650111298721,-0.08268715692445688,0.27388030637540334,-0.02618038968363512,-0.3713722713014801,0.07543046853549139,-0.22861427457288058,0.287285573853825
1401,46.72166666666667,missing_tag,1,0,,,,,,,,,
1402,46.755,missing_tag,1,0,,,,,,,,,
1403,46.788333333333334,missing_tag,1,0,,,,,,,,,
1404,46.82166666666667,missing_tag,1,0,,,,,,,,,
1405,46.855000000000004,missing_tag,0,0,,,,,,,,,
1406,46.888333333333335,missing_tag,1,0,,,,,,,,,
1407,46.92166666666667,missing_tag,0,0,,,,,,,,,
1408,46.955000000000005,missing_tag,1,0,,,,,,,,,
1409,46.98833333333334,missing_tag,0,0,,,,,,,,,
1410,47.02166666666667,missing_tag,1,0,,,,,,,,,
1411,47.055,missing_tag,0,0,,,,,,,,,
1412,47.08833333333334,missing_tag,1,0,,,,,,,,,
1413,47.12166666666667,missing_tag,1,0,,,,,,,,,
1414,47.155,missing_tag,1,0,,,,,,,,,
1415,47.18833333333334,missing_tag,1,0,,,,,,,,,
1416,47.22166666666667,missing_tag,1,0,,,,,,,,,
1417,47.255,missing_tag,1,0,,,,,,,,,
1418,47.288333333333334,missing_tag,1,0,,,,,,,,,
1419,47.32166666666667,missing_tag,1,0,,,,,,,,,
1420,47.355000000000004,missing_tag,0,0,,,,,,,,,
1421,47.388333333333335,missing_tag,1,0,,,,,,,,,
1422,47.42166666666667,missing_tag,1,0,,,,,,,,,
1423,47.455000000000005,missing_tag,1,0,,,,,,,,,
1424,47.48833333333334,missing_tag,1,0,,,,,,,,,
1425,47.52166666666667,missing_tag,1,0,,,,,,,,,
1426,47.555,missing_tag,1,0,,,,,,,,,
1427,47.58833333333334,missing_tag,1,0,,,,,,,,,
1428,47.62166666666667,missing_tag,1,0,,,,,,,,,
1429,47.655,missing_tag,1,0,,,,,,,,,
1430,47.68833333333334,missing_tag,1,0,,,,,,,,,
1431,47.72166666666667,missing_tag,1,0,,,,,,,,,
1432,47.755,missing_tag,1,0,,,,,,,,,
1433,47.788333333333334,missing_tag,1,0,,,,,,,,,
1434,47.82166666666667,missing_tag,1,0,,,,,,,,,
1435,47.855000000000004,missing_tag,1,0,,,,,,,,,
1436,47.888333333333335,missing_tag,1,0,,,,,,,,,
1437,47.92166666666667,missing_tag,1,0,,,,,,,,,
1438,47.955000000000005,missing_tag,1,0,,,,,,,,,
1439,47.98833333333334,missing_tag,1,0,,,,,,,,,
1440,48.02166666666667,missing_tag,1,0,,,,,,,,,
1441,48.055,missing_tag,1,0,,,,,,,,,
1442,48.08833333333334,tracked,1,1,0.35458475812305834,0.6580039331594592,-0.08845903852915771,0.25913050329522064,-0.0474618775636812,-0.2568751986922858,0.01976396620465643,-0.37448881611107027,0.2778961119868488
1443,48.12166666666667,tracked,1,1,0.39896444454547986,0.6428608943504179,-0.08786190726344961,0.25945370570345294,-0.04645600352878332,-0.256810282160278,0.011338026961847561,-0.3755217884846127,0.2778382630508104
1444,48.155,tracked,0,1,0.3968838754999561,0.6596500294209123,-0.0894962781797875,0.26140492621068057,-0.041983403662279095,-0.26275217261120026,0.008564663020079029,-0.36785823871038786,0.27947222659562276
1445,48.18833333333334,tracked,1,1,0.4044014601456178,0.6835851250242939,-0.08786366362722553,0.25920921252118595,-0.046310231604692054,-0.2541087455405725,0.013950270277157862,-0.3758897299792106,0.2775861610259629
1446,48.22166666666667,tracked,0,1,0.4253872339872561,0.6499258492746428,-0.0893847385807949,0.2616338153085858,-0.041745685732458127,-0.26599300229572564,0.010391774353037639,-0.3676921346969335,0.2796150694818815
1447,48.255,tracked,1,1,0.4154341551787777,0.6512453212059395,-0.0877441782500114,0.2593862689106114,-0.04654282869585974,-0.2561772056679147,0.018504852233053756,-0.37851030020750615,0.27775260974318483
1448,48.288333333333334,tracked,1,1,0.381991085958556,0.6617667275924113,-0.08829568744174132,0.25923053071420565,-0.047212785683683256,-0.2568911756436041,0.020669678809010807,-0.3776736934577737,0.27789502263839094
1449,48.32166666666667,tracked,1,1,0.3734844742522175,0.6291942128999544,-0.08750008299678097,0.25958844385270774,-0.04583528242283097,-0.2562591645186769,0.01428416861076201,-0.3760216218837974,0.2777468232421293
1450,48.355000000000004,tracked,1,1,0.3951394216552383,0.6425629001065704,-0.0872393629836482,0.2592521791044854,-0.04579985883916593,-0.2547176559271963,0.018097260151889397,-0.3790444580658134,0.277344597737011
1451,48.388333333333335,tracked,1,1,0.38018688424249825,0.6213372643413297,-0.08791342160018029,0.25924466599085877,-0.04677649903001818,-0.2579139112173288,0.018674367522323095,-0.3764402652887248,0.2777131747030887
1452,48.42166666666667,tracked,1,1,0.3811936288328592,0.6118090129827547,-0.08763672117094357,0.2592108559552927,-0.04626861043111813,-0.2528096185504081,0.022300606073187276,-0.37935878735805106,0.27750900355465186
1453,48.455000000000005,tracked,1,1,0.3596927392702393,0.6624643817817963,-0.08701079701430953,0.2593300215945531,-0.04525477627704255,-0.25615577992210936,0.015930113762301048,-0.37594979020598357,0.27725607959643
1454,48.48833333333334,tracked,1,1,0.33408418412012836,0.653320294884127,-0.08728751513743821,0.2591683525480572,-0.0455419994750082,-0.2502799496487827,0.021482335285922458,-0.3775279466431509,0.2772389203873154
1455,48.52166666666667,tracked,0,1,0.38581341589656515,0.6324925746564605,-0.08904310314836406,0.26266456794540355,-0.03955603402140173,-0.25915010197437577,0.01093707392965336,-0.3691515116287086,0.28015358162932347
1456,48.555,tracked,1,1,0.3813020734784869,0.6511395895725849,-0.08710272773239913,0.25919994737477425,-0.045091599571434604,-0.24368531540691202,0.025084655298358984,-0.3821386214403883,0.27713669957156667
1457,48.58833333333334,tracked,0,1,0.3317482836075467,0.6542589617818768,-0.0892459557018978,0.2625759954723151,-0.0394561511053198,-0.2522005212983508,0.014295854613526015,-0.3703403925746704,0.280121012898833
1458,48.62166666666667,tracked,1,1,0.3506444674371843,0.6781787382520277,-0.08707304547289602,0.2593582286186757,-0.04553899814051632,-0.24764681957131626,0.025288056476263532,-0.38147046967465464,0.2773485286634566
1459,48.655,tracked,1,1,0.35395059785190175,0.6877765909451767,-0.08737183956503686,0.2593775525743009,-0.045731829319106465,-0.24384300864848607,0.02144185619176696,-0.3800774845197181,0.2774922581645921
1460,48.68833333333334,tracked,0,1,0.35416336960853795,0.6838697122410817,-0.08944777529730802,0.26256416684972356,-0.040052589024781204,-0.2570906071275094,0.006080686293686912,-0.368173235104183,0.28025890905859746
1461,48.72166666666667,tracked,0,1,0.33799606188346676,0.6739553663644549,-0.08909055087736684,0.26302072068525617,-0.03981469675705501,-0.2569593261600242,0.009451517324534017,-0.3682346738099648,0.2805391877140883
1462,48.755,tracked,1,1,0.3408335224459572,0.6792131391318138,-0.08626065335951727,0.2591180963666738,-0.04462060319556704,-0.2487010219692834,0.027043205394344506,-0.3817319333446996,0.27672023130272916
1463,48.788333333333334,tracked,1,1,0.34320306869643885,0.6858640471020856,-0.08555321885126294,0.25914327344661775,-0.04393217521174875,-0.24902348062855226,0.031031135199715013,-0.37932964419137355,0.27641386623553527
1464,48.82166666666667,tracked,1,1,0.3320767785219712,0.6379317317456727,-0.08670509594230336,0.2593170448275502,-0.04526334439047275,-0.2527928178106701,0.026508308331994537,-0.3767237351965572,0.2771495512279756
1465,48.855000000000004,tracked,1,1,0.3858519166956314,0.6817607684316829,-0.0867188200385191,0.25942912750261493,-0.044937230767697345,-0.2485090888976775,0.024348535354915025,-0.3787358518630914,0.2772056649037144
1466,48.89,tracked,1,1,0.3126731885488796,0.6688509891457373,-0.08549679279967631,0.25964087958402227,-0.04311549303772233,-0.24564057474440665,0.020541500818852906,-0.38148850795890027,0.27673459066419837
1467,48.92333333333334,tracked,1,1,0.40637729724417454,0.6539310517717398,-0.08582874636648846,0.2592975853349819,-0.043610678443482265,-0.241308189580157,0.030306994574845075,-0.3834296664415742,0.27659302727598906
1468,48.95666666666667,tracked,1,1,0.36459994324007394,0.6592792979057824,-0.08618890661931256,0.25936222938776954,-0.04402210801671408,-0.24355378580004414,0.028158542860643655,-0.38194908439242076,0.2768307057597871
1469,48.99,tracked,1,1,0.36342866064699464,0.6950744937908856,-0.08498011781407078,0.2596069344489939,-0.04223629319559147,-0.24106245657198064,0.02233671284166265,-0.38121728494894647,0.2764078242391151
1470,49.02333333333333,tracked,1,1,0.4020760984889732,0.6950280133061647,-0.08567296384743112,0.2595732546695726,-0.04338632713394025,-0.2433905721636098,0.029456311244181004,-0.3815467316382086,0.27676796175918067
1471,49.05666666666667,tracked,1,1,0.3348561284263176,0.6669754515824386,-0.08525525978221027,0.25964670237663834,-0.0426413489294839,-0.24094478852823914,0.025236107369474445,-0.38233832040450927,0.2765920353410791
1472,49.09,tracked,1,1,0.36405400485184775,0.6373313701116905,-0.08491154015746166,0.2594975033237132,-0.0425974735997971,-0.23784007980522667,0.029850416498052205,-0.38526482255574696,0.2763394084097275
1473,49.123333333333335,tracked,1,1,0.390126855442219,0.6588949239613611,-0.08493716878139962,0.25947222120174707,-0.04286365148619853,-0.23899632618718802,0.02786994637168031,-0.3844536040979235,0.2763647025846438
1474,49.156666666666666,tracked,1,1,0.3505527453750257,0.688659422195459,-0.08382325480667457,0.25943134675337476,-0.0408009171926495,-0.23589952135082098,0.023941955248198997,-0.38590761065976215,0.2756731335629497
1475,49.190000000000005,tracked,1,1,0.3795398426776184,0.6596725854450931,-0.08428048188820847,0.2593989272644516,-0.04111448348788482,-0.23002953368515028,0.023171928073357013,-0.387680261856824,0.2758285769200364
1476,49.223333333333336,tracked,1,1,0.3670413291278943,0.68904080248073,-0.08413171111847512,0.2593983724742611,-0.0407555868454475,-0.22817012025468897,0.02418434844970534,-0.38763727226942046,0.27572935700997614
1477,49.25666666666667,tracked,1,1,0.3674654725394312,0.6832162363459372,-0.0833606182754108,0.25932807963126997,-0.040094050828596295,-0.22716091425871243,0.024847185645257487,-0.38977727256544226,0.27533176074755183
1478,49.290000000000006,tracked,1,1,0.36950396517322787,0.6804889985416152,-0.08374033022120214,0.25936053554185534,-0.040973193201488844,-0.23593048780503104,0.02335089249856316,-0.3835855407965029,0.27560684473220276
1479,49.32333333333334,tracked,1,1,0.4470207760614168,0.6653694177813159,-0.08331285815406747,0.2593128084023262,-0.0401249829756784,-0.23233142507685714,0.025580719316963707,-0.38601718416107644,0.2753074266962295
1480,49.35666666666667,tracked,1,1,0.36052579980072064,0.6814457023908228,-0.08397463095762342,0.25945372317688814,-0.04082973312579363,-0.23500451281365417,0.021993366560026106,-0.3836660337169659,0.2757445198402715
1481,49.39,tracked,1,1,0.366343469961847,0.721128053128014,-0.08367527754726001,0.2594875900999781,-0.04050616859801337,-0.23113318365465818,0.021515722750170385,-0.3863354727589465,0.2756376447131196
1482,49.42333333333334,tracked,1,1,0.31799879573859574,0.7127832846822011,-0.08320187987952021,0.25915135154586627,-0.04016755298847813,-0.23310693949365716,0.023957838891381096,-0.3831283871280119,0.27512798501173497
1483,49.45666666666667,tracked,1,1,0.4022127116184813,0.7120447188018915,-0.08355480657268188,0.259415539731009,-0.04046129672667825,-0.22950142208686666,0.025391646528737058,-0.38608998257343446,0.27552666747183163
1484,49.49,tracked,1,1,0.3773464915157392,0.7119940636999431,-0.0835107944374398,0.2594287224042041,-0.04052599470105395,-0.22727790856336244,0.022272399572478778,-0.38840296142785413,0.27553524464641505
1485,49.52333333333333,tracked,1,1,0.3956711776495783,0.6884571655512608,-0.08354217038017386,0.2594300956978964,-0.04046271714085914,-0.2310668180699653,0.025057601019106375,-0.38816757232968196,0.2755367493893888
1486,49.55666666666667,tracked,1,1,0.3194576752716649,0.7343735364684756,-0.08401477580868116,0.2593830373848817,-0.04139262375821795,-0.23724704552585452,0.02429010124518084,-0.3841126780074247,0.2757741683674874
1487,49.59,tracked,1,1,0.3586844864762209,0.6714907629636631,-0.08273522108416986,0.2593178444355755,-0.03935424473301735,-0.22819389016555036,0.022277656423502667,-0.3885284340569602,0.2750265765868201
1488,49.623333333333335,tracked,1,1,0.3526867196362113,0.6632763353002968,-0.08312040400189824,0.25935286079821995,-0.04002688091909773,-0.23070610995334606,0.026361756807626296,-0.38876048823814346,0.2752726996303325
1489,49.65666666666667,tracked,1,1,0.43570657128299217,0.6751785139902999,-0.08331484219189228,0.25934564439733854,-0.04006703844969178,-0.2326750343960146,0.021890768040389134,-0.38755890964129286,0.27533051731956587
1490,49.690000000000005,tracked,1,1,0.3697688563330463,0.6805817296400061,-0.08318405650193483,0.2593922131254751,-0.040065109005627875,-0.23244019508186545,0.026937043188128795,-0.38804382427098916,0.27533456093611247
1491,49.723333333333336,tracked,1,1,0.37807434690037733,0.7257237790533473,-0.08327797177134805,0.25943296180071246,-0.03979490793865248,-0.2294008680156449,0.02044969914115841,-0.38723353065958604,0.2753621559853227
1492,49.75666666666667,tracked,1,1,0.33368285469774067,0.7270385056538844,-0.08278633534513835,0.2593528304022549,-0.039472390293172066,-0.22694020394806325,0.025117650215394333,-0.38900255942586526,0.275091871113988
1493,49.790000000000006,tracked,1,1,0.3464387112858627,0.6918484728969281,-0.08301275281849785,0.2593949432657551,-0.03970397791059266,-0.22999515838412035,0.02341603125164543,-0.38622855263005473,0.2752331004517337
1494,49.82333333333334,tracked,1,1,0.36645612730231925,0.6942119692481301,-0.08320337932271038,0.25933927270535656,-0.04011887225839261,-0.23119593902052082,0.025734061151850948,-0.38611566161934135,0.2752983556241253
1495,49.85666666666667,tracked,1,1,0.3940189201239755,0.699881048479807,-0.08281590531498095,0.25929991071132724,-0.039560160807809774,-0.2310519647628113,0.02800719435927209,-0.3875662809230796,0.27506349120008994
1496,49.89,tracked,1,1,0.3884923298295478,0.708165487559614,-0.0830202984796316,0.25932605144924276,-0.040305798651857294,-0.23343564272794082,0.028351216214790906,-0.3858165842762766,0.2752579305394605
1497,49.92333333333334,tracked,1,1,0.3593695816489191,0.7198395518653318,-0.08235548558144606,0.25928062720938627,-0.03902112866178131,-0.23397494785514417,0.02259859077143155,-0.3853118660758686,0.27482998041241385
1498,49.95666666666667,tracked,1,1,0.37203034194482126,0.7045763577747242,-0.0835964315645194,0.2595141430664662,-0.04085733364222999,-0.23810253115269006,0.028656066818379948,-0.3839206769500227,0.27569054306268137
1499,49.99,tracked,1,1,0.3777809939905043,0.686794076108008,-0.08336274516992254,0.2594644520479409,-0.04021328193806878,-0.22963860470079317,0.02477281249117602,-0.38602075618811355,0.27547823362841983
1500,50.02333333333333,tracked,1,1,0.35576679590406546,0.6880882554340199,-0.08339841321602948,0.2594914913669874,-0.040079981861036174,-0.2314508271672596,0.023850465961725922,-0.38531671902389014,0.27549507139837526
1501,50.05666666666667,tracked,1,1,0.32799189025663367,0.6895869507703458,-0.08276659135379622,0.25938826981104696,-0.039509457350702215,-0.22727220162410447,0.02361340783991214,-0.3884144346426678,0.2751246633438045
1502,50.09,tracked,1,1,0.3900957691362604,0.6770552600272526,-0.08267098642970089,0.2595333958424807,-0.03922566764098462,-0.22918035724339558,0.022976144252518926,-0.3871341363085603,0.27519216659758056
1503,50.123333333333335,tracked,1,1,0.34835575069625174,0.6932116890833218,-0.08284731845250659,0.2593636529955118,-0.039666795631606244,-0.22987834141125366,0.027855507439268092,-0.3878491938375862,0.2751483915010715
1504,50.15666666666667,tracked,1,1,0.3350159147745301,0.6887550120208054,-0.08258176441339604,0.2593854622202104,-0.03918696512369224,-0.2275904443723121,0.02644745925959742,-0.38812036579479203,0.27502033390356306
1505,50.190000000000005,tracked,1,1,0.3478123100107586,0.7010461431564599,-0.08310523116721436,0.2594605519660953,-0.03992521686159928,-0.23374103430836765,0.02616634741803869,-0.3860005936523687,0.2753548263883397
1506,50.223333333333336,tracked,1,1,0.3837753913797919,0.6774795227342068,-0.08297135969641306,0.2593626855427709,-0.039701467171613936,-0.23036302915133455,0.02488691783146851,-0.3875345002540411,0.2751898538780247
1507,50.25666666666667,tracked,1,1,0.329594873898768,0.706113260239821,-0.08287786775692962,0.25935741943513235,-0.039576781308403086,-0.22736488518953757,0.027563668094267343,-0.38855635336575994,0.27513875335677346
1508,50.290000000000006,tracked,1,1,0.4027543626915914,0.6662223498746986,-0.08236105723336234,0.2592175597164078,-0.039213932351063796,-0.22704854627929114,0.02768467290896285,-0.39007711093659136,0.27479959880676763
1509,50.32333333333334,tracked,1,1,0.4274796774790137,0.6774988494869156,-0.08207191938710523,0.25931854261657467,-0.03864221606312229,-0.23130599555388806,0.024652695186689347,-0.38742631896047597,0.2747273691479187
1510,50.35666666666667,tracked,1,1,0.4102379924316519,0.6473178720915229,-0.08279615691405301,0.2593006953972785,-0.03931825577308984,-0.2279519333929442,0.024438208605521785,-0.3883490422120754,0.27502359802440013
1511,50.39,tracked,1,1,0.42057162693713424,0.654949632397172,-0.08267191086731451,0.2596358284738168,-0.039477359098702036,-0.2342184938461865,0.025423169764349943,-0.38718089581600257,0.2753250263872616
1512,50.42333333333334,tracked,1,1,0.354208548762749,0.6774189706978652,-0.08240740195122775,0.25935952726817146,-0.03909658910071179,-0.23326486191711654,0.02789387858181229,-0.3862006360583808,0.27493069592250063
1513,50.45666666666667,tracked,1,1,0.3670692189768082,0.6538758255530838,-0.08241108575464212,0.25944974633044054,-0.03901184783259354,-0.23120483593758603,0.025434478323965636,-0.3866717659875064,0.2750048766794916
1514,50.49,tracked,1,1,0.37821167401197786,0.6464365265992367,-0.08215964466045228,0.259191016915106,-0.038647905034183416,-0.22607972335675003,0.027750862520162314,-0.3896689958388579,0.27463403107362677
1515,50.52333333333333,tracked,1,1,0.3477018329116694,0.6838838456833931,-0.08218678138234525,0.2592115284833011,-0.03856001326722097,-0.2253580936874555,0.024907996028265423,-0.38969872273505407,0.274649154660645
1516,50.55666666666667,tracked,1,1,0.34245669412566015,0.6653857294507002,-0.0822409704864473,0.2592982528656937,-0.03879987644037497,-0.22809188488109133,0.025508706148365888,-0.38943617487385673,0.27478098838446285
1517,50.59,tracked,1,1,0.37056539229416874,0.6631533770541316,-0.08253807405339991,0.25953186042751775,-0.03904727542126091,-0.23137980681956313,0.022206476237196134,-0.3871176757311688,0.2751254440491408
1518,50.623333333333335,tracked,1,1,0.355631491818031,0.6593740577780303,-0.08245502470601357,0.25940337355296006,-0.039141177941672434,-0.22572228711252165,0.026029544936547227,-0.3901873490102047,0.27499267830360047
1519,50.65666666666667,tracked,1,1,0.40171439752876775,0.6806559620203818,-0.0824292761525483,0.25927323079851716,-0.039284093979357004,-0.22777127553084114,0.026080991605532296,-0.38877165530821234,0.2748825818699926
1520,50.690000000000005,tracked,1,1,0.3996618141366072,0.6640991094245164,-0.08261444494614312,0.25941881232117603,-0.03894355105818714,-0.2303037868135977,0.023448730047998224,-0.3846848523367478,0.27502702934240936
1521,50.723333333333336,tracked,1,1,0.39496204203862345,0.6710877091481187,-0.08215992334730537,0.2594294544990311,-0.03846289552956467,-0.2281782918013452,0.022811496839481398,-0.38753405970277516,0.2748332025040245
1522,50.75666666666667,tracked,1,1,0.36230030477802516,0.6818063920221582,-0.08229662651644809,0.25944203945649386,-0.038630875770339634,-0.22982196309225794,0.021805244940934464,-0.38709178601067923,0.27490953263958684
1523,50.790000000000006,tracked,1,1,0.4017037444502531,0.6966590917747633,-0.08256364146233142,0.25941483927283887,-0.03922093807793614,-0.2286209388831929,0.023767756013212175,-0.3882028617084932,0.2750474426534203
1524,50.82333333333334,tracked,1,1,0.44523959664984064,0.6666108589962076,-0.08265293471145135,0.2593534313369324,-0.03908186274356751,-0.22667728324849834,0.02392051793442321,-0.3872161656198913,0.27499654899318904
1525,50.85666666666667,tracked,1,1,0.36886022097084653,0.6924605068204368,-0.08251816237668258,0.25931442427158374,-0.039644734513339885,-0.2345238900702806,0.02786672661663172,-0.3848426647823038,0.2749998595126199
1526,50.89,tracked,1,1,0.40412423360490474,0.6444789913843187,-0.08212958296535167,0.2593918147859262,-0.03810376782563368,-0.2254059433154878,0.021093577208811054,-0.38766912906098583,0.2747385650004539
1527,50.92333333333334,tracked,1,1,0.33963006427436643,0.6964569839405974,-0.08226073820280533,0.2593683862943964,-0.038658635115786044,-0.22696413844159607,0.02292546315723837,-0.3874173841292192,0.274833183818194
1528,50.95666666666667,tracked,1,1,0.31659167262762217,0.7185075711206914,-0.08210785763521283,0.25938120846995594,-0.03861022603478825,-0.22689326900452855,0.022028586258132372,-0.388026301730376,0.27479276036176165
1529,50.99,tracked,1,1,0.3449093753972278,0.7083123486563343,-0.08281954946387193,0.25942808341147783,-0.03971696498342664,-0.22833062116034697,0.0253685237437706,-0.3870626015772063,0.2752080041413152
1530,51.02333333333333,tracked,1,1,0.3888468585766645,0.692151729727404,-0.08192040950205481,0.2593269310743539,-0.038653305909572555,-0.22809556235635442,0.02299748201019461,-0.38899723539158443,0.27469162479254083
1531,51.05666666666667,tracked,1,1,0.398881414364986,0.6553537713091513,-0.08218789112748787,0.2593942648417015,-0.0388502225464018,-0.22777535440313643,0.02417980468245486,-0.38974241516883934,0.2748628273751391
1532,51.09,tracked,1,1,0.3699158290350603,0.6922134063297938,-0.08299415810203481,0.2595278275646452,-0.03986235462921972,-0.23896262765937007,0.02056302612285553,-0.38310170296924445,0.2753756177951771
1533,51.123333333333335,tracked,1,1,0.31011210646633,0.6906583340814239,-0.08217330575737775,0.2593669940190249,-0.03853536461239798,-0.22619433049757365,0.02198987836908293,-0.38734254872326745,0.2747883987568814
1534,51.15666666666667,tracked,1,1,0.34242056628432016,0.6936953333158243,-0.08195673198590031,0.25928871873529025,-0.03845625893768906,-0.2241514876162124,0.026849251022625652,-0.3890218814187829,0.274638725296852
1535,51.190000000000005,tracked,1,1,0.3780945362127911,0.6441977055162152,-0.08226039618550463,0.2589110132992131,-0.039021550357757895,-0.22551114206208087,0.02574927798790248,-0.37507470111820396,0.27445285019570215
1536,51.223333333333336,tracked,1,1,0.3416470027993468,0.6295513035620259,-0.0819719635662326,0.25820723850693084,-0.03871179583684581,-0.2321163112705346,0.02721701789266698,-0.35619133957935734,0.2736585170704403
1537,51.25666666666667,tracked,1,1,0.3488051191238327,0.6791346322524016,-0.08129880349949753,0.2573813434112374,-0.03789977175453124,-0.22124185054981663,0.03464605197181051,-0.35173913839299176,0.27256383488215896
1538,51.290000000000006,tracked,1,1,0.38800227706591806,0.6540507489141799,-0.0815784175876757,0.25762179010077435,-0.03822792360570054,-0.22656139579077886,0.031149633935227905,-0.3506101341300328,0.27292013317826136
1539,51.32333333333334,tracked,1,1,0.3748520000030089,0.6840438792648362,-0.08215002996201637,0.2579250379613897,-0.03880238795632157,-0.23407108947395877,0.023473444371548836,-0.3477564107080029,0.2734585488538572
1540,51.35666666666667,tracked,1,1,0.383772236862814,0.6482133541286741,-0.08181439238076271,0.2576362278532505,-0.038102098203261436,-0.22821457061542372,0.02984421036060122,-0.3493994550667179,0.2729867956341046
1541,51.39,tracked,1,1,0.31021468103785876,0.6703960574963254,-0.08174383384412409,0.25759596419310965,-0.038164411291143674,-0.22802509277517555,0.028960059552336347,-0.3481655707154452,0.27293636150083256
1542,51.42333333333334,tracked,1,1,0.3738589407522481,0.6695211200706779,-0.0822683745874982,0.2576476708140988,-0.03919854557177943,-0.2333778492759929,0.02990148922813358,-0.3478323980079516,0.27328910279801133
1543,51.45666666666667,tracked,1,1,0.3427488609507792,0.6815224037998353,-0.08096672040386305,0.2576978969460081,-0.03720591496051573,-0.22956320059074228,0.02405848864003456,-0.34929153265374957,0.2726684727125633
1544,51.49,tracked,1,1,0.36652049802722436,0.6923107612996884,-0.08207873756600065,0.25767962274761197,-0.03899702891635792,-0.23290613299256993,0.027759564243162546,-0.34855886464909613,0.27323337168816564
1545,51.52333333333333,tracked,1,1,0.42019612053640165,0.6899806360546114,-0.08180431596604809,0.25771458399501473,-0.038531638900936804,-0.2332176030122268,0.02640999477972096,-0.3469574167683546,0.273117996680535
1546,51.55666666666667,tracked,1,1,0.33475042685880935,0.6678587720259057,-0.08217950472949259,0.2575985744636844,-0.03895082578112774,-0.22968154938494909,0.02987994354532887,-0.3483836263628497,0.2731806424187827
1547,51.59,tracked,1,1,0.32922256473333644,0.7008355062247151,-0.08250091581146313,0.2577079560329633,-0.039560564555921496,-0.23018790876149092,0.03158512968648718,-0.3493504762246043,0.2734681516747446
1548,51.623333333333335,tracked,1,1,0.3939218766635315,0.6913083157513533,-0.08218857794255607,0.25779493462848013,-0.03910374785480064,-0.2317225349681856,0.030828827896963965,-0.3472972343922656,0.2733903688146563
1549,51.65666666666667,tracked,1,1,0.36415141054707817,0.7232331840663224,-0.08200967476153403,0.25780484675640497,-0.03877361940726376,-0.22910556454621575,0.026944904760913897,-0.34916433924555096,0.2732989559576205
1550,51.690000000000005,tracked,1,1,0.37839670503718653,0.71487115337613,-0.08207753676430124,0.25769916353658334,-0.039020708613891286,-0.23013942165147402,0.030826554334717225,-0.3494586557952892,0.2732548199565383
1551,51.723333333333336,tracked,1,1,0.3636148092760795,0.6968131056335883,-0.0817252697403566,0.25765226701190286,-0.03823904695069508,-0.22802408697922877,0.03215123986159441,-0.35034661037184595,0.2729943866129932
1552,51.75666666666667,tracked,1,1,0.4104245519600054,0.6650053099967885,-0.08168743905642367,0.25769093037768237,-0.03827752951516539,-0.23242600207910974,0.028615718654187373,-0.3459371953804438,0.2730249486114718
1553,51.790000000000006,tracked,1,1,0.4187516147499783,0.6693283497934703,-0.08145863125306513,0.2577334789962312,-0.03801320072097186,-0.22651220262904553,0.029129129752489033,-0.35072896393421515,0.27295981065016967
1554,51.82333333333334,tracked,1,1,0.38130100242690723,0.6583313252631804,-0.08092393021841138,0.25750521004261023,-0.03831593350531015,-0.22558711986032934,0.0316927700616825,-0.3657456103538491,0.2726274499045657
1555,51.85666666666667,tracked,1,1,0.3672342116962282,0.6497727439725929,-0.08140316425677557,0.2579606251021048,-0.03908817317768598,-0.23087174861611834,0.030718963510682623,-0.3658233339549727,0.273309430017431
1556,51.89,tracked,1,1,0.3826218321670352,0.6484522634036363,-0.08096683777683267,0.2579716346787422,-0.03838329368114213,-0.22926116183842285,0.020900291824735368,-0.36449419819522194,0.2730902238312737
1557,51.92333333333334,tracked,1,1,0.37920343469171874,0.6565406116127108,-0.08111776737801774,0.2579162924675333,-0.0386498981812603,-0.23762308282149203,0.02334409071119666,-0.35813653641599646,0.2731203411209318
1558,51.95666666666667,tracked,1,1,0.3827919122399386,0.6748760834497556,-0.08146793231565119,0.25809371006573223,-0.038471207044198374,-0.23262558552127324,0.015032256809471197,-0.36014453244458433,0.2733668248758787
1559,51.99,tracked,1,1,0.36107723550761966,0.6795608351389448,-0.08191957792373977,0.2579686434465731,-0.039361894916123186,-0.23714326127414762,0.02051546280709349,-0.35716056843030286,0.2735105062337766
1560,52.02333333333333,tracked,1,1,0.33512232640225603,0.7072390865951956,-0.08151250035768581,0.25795135352022164,-0.03840778477539308,-0.2292475394350674,0.01850792977198569,-0.36136982551276525,0.27323679552510677
1561,52.05666666666667,tracked,1,1,0.3357339495284147,0.6969358140736879,-0.0820971791170011,0.2580946700400451,-0.03888121250312987,-0.23465059328863175,0.01504092375388268,-0.3586252554980188,0.2736138779516899
1562,52.09,tracked,1,1,0.40830635491405665,0.674273544392763,-0.0816098252868262,0.25806544148029076,-0.038563320951122526,-0.23542343125687473,0.016166768184791985,-0.3614453060450344,0.27339543776834124
1563,52.123333333333335,tracked,1,1,0.3344425809149045,0.675459721816863,-0.08141513976544362,0.2581900213483049,-0.03770503415244397,-0.2335765538782117,0.01212554273162061,-0.36286605980837,0.2733352917339834
1564,52.15666666666667,tracked,1,1,0.3978292162270051,0.6842741621029385,-0.08176401985710818,0.2581983616589559,-0.038021119007824955,-0.23601682472732785,0.010367764330771042,-0.36141131409353583,0.2734910499397919
1565,52.190000000000005,tracked,1,1,0.38099377888878705,0.672088783186901,-0.08168179085522015,0.2583307178115619,-0.038431148052640196,-0.23908860026856352,0.009583504287041146,-0.35925034956089175,0.2736487307900344
1566,52.223333333333336,tracked,1,1,0.3355433581256103,0.6941047246827602,-0.08194878282078488,0.25844663747627544,-0.03889700056204498,-0.24203800820829885,0.011216345374410124,-0.3608613012647236,0.273903713157243
1567,52.25666666666667,tracked,1,1,0.4016237229215544,0.6691557785454831,-0.08136801170298075,0.25837401677490596,-0.037866263203199524,-0.23927269810485755,0.009544100507033488,-0.36126884674047166,0.27351734819179163
1568,52.290000000000006,tracked,1,1,0.3472882308372589,0.6419482877570893,-0.08155064151736785,0.25830280668662803,-0.038136600028682355,-0.23995488675578933,0.012449597867759916,-0.3605746870041342,0.2735420394305626
1569,52.32333333333334,tracked,1,1,0.3423747615811949,0.6925798210101057,-0.08156949859327611,0.25843641452885313,-0.03811644268500858,-0.24151341541365004,0.010502330971372839,-0.36108711535520216,0.2736710190324274
1570,52.35666666666667,tracked,1,1,0.39717822635716576,0.6885981606434022,-0.08210573140720206,0.2583247049968503,-0.03895747887721862,-0.24300218150076702,0.013817327031144624,-0.36083706956331296,0.273844279659244
1571,52.39,tracked,1,1,0.40296044666127423,0.6986402702893793,-0.08205699664057892,0.25832283328675093,-0.03899493681940386,-0.24764921439639218,0.007689137266344592,-0.3567597352510162,0.27383323755986194
1572,52.42333333333334,tracked,1,1,0.3739147074850025,0.6836444264055517,-0.08130828342746016,0.2584417498011362,-0.03764147095299297,-0.23873761681856084,0.008144349790082864,-0.36095717200423943,0.273532548940155
1573,52.458333333333336,tracked,1,1,0.42784713937705504,0.6403378175832859,-0.08180846676017955,0.25818370207870345,-0.03861827575928084,-0.24007442158289236,0.010179844833470546,-0.36169460548444454,0.2735741590050785
1574,52.49166666666667,tracked,1,1,0.4347747029556237,0.6593298495191751,-0.08167019121258096,0.25828780592475953,-0.03841416842347739,-0.24446617421192351,0.011217407492062499,-0.35894910621031717,0.27360237418157224
1575,52.525000000000006,tracked,1,1,0.44678389886262315,0.6595025388300755,-0.08210257536670773,0.25822952268860727,-0.039120613987432606,-0.24252456142023618,0.013838008639787151,-0.36136826177050146,0.27377681002704657
1576,52.55833333333334,tracked,1,1,0.34969564279444487,0.6870216419217929,-0.08133305883703196,0.2586772273122322,-0.03646922277654341,-0.23523095599119362,0.02074437643534507,-0.3706037893418274,0.2736036889364935
1577,52.59166666666667,tracked,1,1,0.41432948889349785,0.7018873282760019,-0.08086610005239347,0.25945588760003424,-0.034971466342778645,-0.24960091459511705,0.012932491379005673,-0.37413833178973066,0.2740067283957995
1578,52.625,tracked,1,1,0.3689415692730212,0.6794267278552746,-0.08038529271246875,0.26014685201814913,-0.03307947202344136,-0.2559030871181362,0.005655115266301424,-0.37454578645803827,0.2742853101585495
1579,52.65833333333334,tracked,1,1,0.37043775019829206,0.6954328874086324,-0.07949113703728533,0.26030059911059567,-0.0314969117514598,-0.25754025000851527,0.00891288000561755,-0.37530045502791537,0.2739841203695841
1580,52.69166666666667,tracked,1,1,0.4072846427269692,0.7276372545443996,-0.07917122411973365,0.2605463122406349,-0.03050549209695408,-0.26011832591349937,0.008628140675980509,-0.3717382455057983,0.27401286210484505
1581,52.725,tracked,1,1,0.35719824653788573,0.7275126113809594,-0.07797408328019517,0.2608238061873525,-0.02817112694991042,-0.2635591085612877,0.002285934887407241,-0.37318670407250043,0.27368344475154577
1582,52.75833333333334,tracked,1,1,0.43145590436521797,0.7154563385133939,-0.07716887010956919,0.26092572456802104,-0.026261769315687633,-0.26135149726450185,0.0021015692160867936,-0.37457396376745494,0.27336230314899806
1583,52.79166666666667,tracked,1,1,0.4117410931222328,0.704569143846808,-0.07590406676781619,0.2614423434492694,-0.024287135665592208,-0.26482417062665176,-0.0004996345149392554,-0.37268789876221686,0.2733192112877866
1584,52.825,tracked,1,1,0.3884824628363068,0.7279457848939439,-0.07427047271814846,0.26166943411054744,-0.02148545821846909,-0.2660201881576681,-0.0012473242581566265,-0.3728575123621878,0.27285274559800377
1585,52.858333333333334,tracked,1,1,0.4262764150249729,0.7263532202047793,-0.07346623671282876,0.2623289119819049,-0.020116481997706326,-0.270499682393485,-0.005148151333295283,-0.37263542976873165,0.2731637216877809
1586,52.89166666666667,tracked,1,1,0.45948108495179874,0.698595195863327,-0.07130679613229929,0.26266824798931204,-0.016007617293650134,-0.2682380064262927,-0.00558608002770861,-0.3727044195830211,0.2726453951341339
1587,52.925000000000004,tracked,1,1,0.43880205518110077,0.7668933984579,-0.0698569545054471,0.2630577123935019,-0.01372849941716442,-0.26716288584863307,-0.002723320057296541,-0.3733874837184098,0.2725212392433396
1588,52.958333333333336,tracked,1,1,0.4645107394858324,0.7460559049738327,-0.06773422590278788,0.26299132654541624,-0.009646434936893544,-0.25950955816741395,7.25316711323683e-05,-0.37690984145419026,0.27174513225402835
1589,52.99166666666667,tracked,1,1,0.47196737926573673,0.7737257928711753,-0.06562157318049472,0.2633177191423151,-0.005822148068437283,-0.2634251805838302,0.0004692487225695171,-0.3764382369966678,0.2714338031438328
1590,53.025000000000006,tracked,1,1,0.48451152675415243,0.7949755982264082,-0.06417552878847993,0.2639270908384508,-0.0033597243036533886,-0.26233748042436866,0.0022164460864618706,-0.374934885187777,0.271638170221207
1591,53.05833333333334,tracked,1,1,0.4232579231296639,0.8065538767779915,-0.06200273996398087,0.2642560676193948,0.0005678708954838241,-0.26356956970764867,0.002333670449527767,-0.37449010142739214,0.2714331068865055
1592,53.09166666666667,tracked,1,1,0.45821558585032907,0.8502413955653428,-0.060188047969584824,0.2644153661045189,0.004750040007408696,-0.26376782512264946,0.003303030538147263,-0.37730595841603726,0.2712206663044831
1593,53.125,tracked,1,1,0.5027690256657084,0.8747976100670706,-0.058332530680941796,0.26543273521240623,0.009161834812564995,-0.2623109350433149,-0.0023730280211052665,-0.37498749189566305,0.27192123910264
1594,53.15833333333334,tracked,1,1,0.44969776048120047,0.8658007240429346,-0.05622731745043141,0.2659741555595795,0.013001807714533464,-0.26854219488421033,0.004034254528949963,-0.3730990253908524,0.2721632040837789
1595,53.19166666666667,tracked,1,1,0.5151036465127695,0.9099914957115444,-0.054020919696434966,0.2669027691719157,0.018079394517819924,-0.272328224903492,-0.004881624437976522,-0.3728009743336332,0.2729142950866014
1596,53.225,tracked,1,1,0.5500686951940509,0.942416884931825,-0.05121052529826714,0.26725328823406713,0.022685859019140886,-0.2704541981401475,0.0008816172086827677,-0.3749735667165119,0.27305949200253443
1597,53.25833333333334,tracked,1,1,0.5734009429389911,0.9577839655599575,-0.049610309490307536,0.26845791572761857,0.027162935193917548,-0.273510108096976,-0.005526059244413172,-0.37432801942784527,0.27435134476231426
1598,53.29166666666667,tracked,1,1,0.5530673281746287,0.9749399180967425,-0.04761625705401318,0.2693801796018772,0.031155871048048678,-0.2790966721764169,0.0045183068695796415,-0.3716058098603187,0.2753246763349339
1599,53.325,tracked,1,1,0.6026562231339215,0.9889427973023833,-0.04408739124045885,0.2695761174401598,0.03720526523981166,-0.27659972955457895,0.004293897235600566,-0.3740542523244685,0.27567954752223617
1600,53.358333333333334,tracked,1,1,0.5250451855504883,1.0239984470751042,-0.04241648238656831,0.27016116849894245,0.04106487920056867,-0.2774267067458651,0.0032605424374653014,-0.37138377843894294,0.2765366869811695
1601,53.39166666666667,tracked,1,1,0.5000810636699129,1.0843392471949673,-0.040634814175733,0.271649728899785,0.0441291176705193,-0.28465011836940074,0.009413821216728532,-0.3680175948694981,0.2781944326560141
1602,53.425000000000004,tracked,1,1,0.5738144464046383,1.0172047481492554,-0.03820682664183234,0.2714956928883999,0.050501631826486704,-0.27587549567057085,0.001597738465491476,-0.3725201799660545,0.27878322703514535
1603,53.458333333333336,tracked,1,1,0.5925858147591192,1.0750747436418608,-0.035803127914118216,0.2720712084544646,0.05456104157638364,-0.28168224392587354,-0.009166760546530458,-0.37221938253579007,0.2797883373127038
1604,53.49166666666667,tracked,1,1,0.5471140139563055,1.133208648147329,-0.03396655048077013,0.2733441527782836,0.057395385191759685,-0.28568957247751625,-0.006300083937522409,-0.3691124264748886,0.28136272434519616
1605,53.525000000000006,tracked,1,1,0.5559093326904807,1.183933787722773,-0.031092360700257116,0.273744059683139,0.061569697634497156,-0.2898140110747418,-0.00442006053187453,-0.367100532792613,0.28230014660379515
1606,53.55833333333334,tracked,1,1,0.6062981094646175,1.1997007741413976,-0.028800937725548093,0.2737141668897276,0.0650688372660922,-0.28740080576584975,-0.0057877771414056615,-0.3682801718488829,0.28281246923212167
1607,53.59166666666667,tracked,1,1,0.5784370069690705,1.2085575037089444,-0.027149797227217887,0.2744887469320236,0.06804128474063076,-0.291227837086178,-0.005131178632255063,-0.3657419239277376,0.28409646268643884
1608,53.625,tracked,1,1,0.6368746012646592,1.2577750358679234,-0.026129108038490556,0.2749084622556681,0.07050827635915735,-0.2934200815244411,-0.007405254800039271,-0.3671859642728338,0.2850066840300461
1609,53.65833333333334,tracked,1,1,0.5766532027769763,1.2624936478529722,-0.025100318670037314,0.2749336993958404,0.0734034267634468,-0.29374581550643036,-0.01742525891400611,-0.36651533145878495,0.28566873843918666
1610,53.69166666666667,tracked,1,1,0.569079053708836,1.3075075468304989,-0.024232288733602114,0.2746680205629997,0.07488105980705861,-0.2894060746786718,-0.01413746665177145,-0.36674367952253695,0.2857217150569648
1611,53.725,tracked,1,1,0.618249651034749,1.2356003332198702,-0.025045825151503998,0.2753897664266308,0.07394606770254158,-0.29245945840183907,-0.010480952053491348,-0.3665596473079102,0.2862426204091607
1612,53.75833333333334,tracked,1,1,0.623742530166375,1.2652505515879273,-0.02487312872927494,0.27599858884848605,0.07422856687681756,-0.29864998022355493,-0.011631633391956797,-0.36484453162354386,0.286886342860243
1613,53.79166666666667,tracked,1,1,0.6426146867407327,1.222922784090806,-0.025425776924475618,0.2763043848918412,0.07453448219641179,-0.30278884346924984,-0.016609932762231196,-0.3622377160411133,0.287308148646987
1614,53.825,tracked,1,1,0.6434956828215882,1.2587953751036713,-0.025747114339316812,0.27612295887816657,0.07536044428997862,-0.29973707049416953,-0.017761881607789496,-0.3641495008112121,0.2873777981682275
1615,53.858333333333334,tracked,1,1,0.6343322164954235,1.242291038413652,-0.025482213232162265,0.2756853897038244,0.0766424647191048,-0.30306467747108407,-0.022932609597068696,-0.3661271845627875,0.2872731186268185
1616,53.89166666666667,tracked,1,1,0.6485766182447261,1.3444808408724758,-0.025968767249762992,0.2753009967441704,0.07753423979282281,-0.3037479921100416,-0.024288347692965024,-0.3659046991030651,0.28718735003662166
1617,53.925000000000004,tracked,1,1,0.6810215230640182,1.2537752820657406,-0.02749120340150063,0.2762533587936345,0.07698202129994663,-0.3090763575743675,-0.02526766571518157,-0.36128099194170216,0.2880935891557684
1618,53.958333333333336,tracked,1,1,0.5986591387787688,1.3025589433668754,-0.027607648824701958,0.27597114688957436,0.07874210305984947,-0.30392014462837397,-0.024001804317516556,-0.36430540058553557,0.28830985932406655
1619,53.99166666666667,tracked,1,1,0.6451182552235796,1.3103666314546878,-0.02834279500389958,0.27638685692024356,0.07838769291697623,-0.3109248771317113,-0.02702937705936139,-0.3592826103094775,0.288682592318502
1620,54.025000000000006,tracked,1,1,0.682169152643674,1.3085608047556385,-0.02649284955645398,0.2750021357504986,0.08337714038493599,-0.3048528195897773,-0.038912072881394755,-0.35898410493366817,0.28858238560890354
1621,54.05833333333334,tracked,1,1,0.6426817189284315,1.3349305704952137,-0.029452675149533425,0.2746297047153572,0.0833766756023725,-0.3051368348193071,-0.030975317880718663,-0.3580694838479377,0.28851447939403574
1622,54.09166666666667,tracked,1,1,0.6463309548931893,1.3218369605814093,-0.031964364693649994,0.2748522060890457,0.08188775854286928,-0.3051512407079278,-0.031221274923693282,-0.35549426555753394,0.28856725524816423
1623,54.125,tracked,1,1,0.6016407674076663,1.3169711715175312,-0.033459296644464565,0.2752068105556799,0.08196249315166071,-0.3086836798947134,-0.033120451406234395,-0.3540760584998187,0.2890954226407056
1624,54.15833333333334,tracked,1,1,0.6128742443466431,1.3541270905247378,-0.035171362083084856,0.27405852786771767,0.08474198051224219,-0.30142222583161393,-0.04251012019899091,-0.3559707964236928,0.2890091774821991
1625,54.19166666666667,tracked,1,1,0.6337148589165292,1.3210402935533567,-0.03661054192445423,0.274255973945514,0.08306855827248799,-0.307468597064972,-0.04152644089391301,-0.3515750662672078,0.28888934974878255
1626,54.225,tracked,1,1,0.6317756490602224,1.332376498239046,-0.03715756194364711,0.27277740834175906,0.08436855151765238,-0.30351945299359734,-0.04107575329819393,-0.3503526076581447,0.28793445677172697
1627,54.25833333333334,tracked,1,1,0.6315202513650746,1.3108161791685187,-0.03759222167039161,0.27095561069637486,0.08502292719854371,-0.30060920393413637,-0.04035547429061673,-0.3515496030207229,0.28645944956899255
1628,54.29166666666667,tracked,1,1,0.5769308796516617,1.3165301114765044,-0.04128913605214779,0.2697129866730371,0.08407817128554068,-0.29481764214934375,-0.039985094489542454,-0.35312198105092096,0.28551537055427223
1629,54.325,tracked,1,1,0.558166232668627,1.3149286393003468,-0.04325091434405204,0.26889744887799144,0.08408842815111078,-0.2930284286088003,-0.04192131130751732,-0.3491042496703161,0.2850391961706549
1630,54.358333333333334,tracked,1,1,0.5889039916107752,1.3184068862438854,-0.04403164133411652,0.267726873862342,0.08560621882673625,-0.29361517484199023,-0.046473044730358314,-0.34590331721988005,0.28450815300881926
1631,54.39166666666667,tracked,1,1,0.5867216026365355,1.3028381850065838,-0.04665043696480131,0.2668224836698316,0.08511109497754815,-0.2950955251257271,-0.04670665747788733,-0.34387366255973456,0.2839267503230748
1632,54.425000000000004,tracked,1,1,0.6102406273333824,1.3206103773216356,-0.04936859243886099,0.2647471574399608,0.0846733583603172,-0.2910685537654755,-0.04126180801030419,-0.3461176408267365,0.28230815239370693
1633,54.458333333333336,tracked,1,1,0.6250446791061345,1.2640820841895684,-0.05141845850901483,0.26412025777098963,0.08507100199068762,-0.2943069721802911,-0.04081360509374964,-0.33865268876294485,0.28220638515128754
1634,54.49166666666667,tracked,1,1,0.6002676826761677,1.3541353897401687,-0.05076228138676819,0.2630664758387606,0.0892413055159707,-0.29698496625407017,-0.046489180762476115,-0.3358805379012872,0.2823912012298001
1635,54.525000000000006,tracked,1,1,0.5694853742673752,1.364652030767056,-0.05361058967104532,0.2614614866300297,0.08894210720083057,-0.29934814805565985,-0.043300158519717365,-0.3309807707418919,0.2813305933399111
1636,54.55833333333334,tracked,1,1,0.6115323319042398,1.2852824222121193,-0.05980867037647286,0.2599025758152989,0.08815992305167186,-0.2935091810493202,-0.03574837180122387,-0.33126504199450035,0.28088894246677903
1637,54.59166666666667,tracked,1,1,0.5938371498474566,1.3274114011768368,-0.060280843360376424,0.25724440000829096,0.09178280845901648,-0.28552129306566626,-0.042089115532928115,-0.330286699233865,0.2797008139789521
1638,54.625,tracked,1,1,0.6886343985098702,1.3066256104351817,-0.061990887388048754,0.2553628661523257,0.09328324193831633,-0.2924377798159387,-0.03976216874814277,-0.3231880270632084,0.27884552489722836
1639,54.65833333333334,tracked,1,1,0.6003701953418105,1.3498322167082555,-0.06601388676009995,0.2545200952876028,0.09466308235786519,-0.2999202298700005,-0.05301476304423461,-0.3198709162451237,0.2794627190017976
1640,54.69166666666667,tracked,1,1,0.5702639550538187,1.3063788076472869,-0.06836520723467815,0.2514944000472648,0.09839935071679268,-0.2929425793477666,-0.07191602089688336,-0.31536638273755596,0.27857793709635464
1641,54.725,tracked,1,1,0.6011907217589547,1.3256674680613119,-0.07173778516962381,0.24854456239635556,0.0972658909471828,-0.29209446070394823,-0.06110519847335598,-0.30901717329726264,0.27637178376163557
1642,54.75833333333334,tracked,1,1,0.5746571126700915,1.2862390111917357,-0.07686898418831017,0.2462714132530316,0.09830312595231455,-0.2945153835073844,-0.08065791555680293,-0.3012700449887637,0.2760832379696108
1643,54.79166666666667,tracked,1,1,0.629164225227564,1.2475456168331869,-0.08274276595051072,0.24243462086325993,0.09791033186877146,-0.287562242264514,-0.07800090908107488,-0.2970173790875326,0.2742395737250672
1644,54.825,tracked,1,1,0.5736441306468869,1.236374070600218,-0.08623421791081809,0.238002503878143,0.09792391200907408,-0.28159089180008084,-0.07460786943964802,-0.2962873371378457,0.2714233312265488
1645,54.858333333333334,tracked,1,1,0.5070111591307787,1.1831649409572333,-0.09062614488698906,0.2346466988674592,0.09918210386799203,-0.2808455899303375,-0.08961032354617443,-0.28686885482727686,0.2703872429574938
1646,54.89166666666667,tracked,1,1,0.5008933923661446,1.2331626458505514,-0.0993872410564195,0.23130034206514685,0.09589035145232844,-0.2772534204158367,-0.09452106074044349,-0.28393973855805416,0.2693930797661882
1647,54.925000000000004,tracked,1,1,0.5371738592452586,1.1951599089853078,-0.10818888030126578,0.2265800943747296,0.09166975465170196,-0.2752378881230805,-0.09315882082741923,-0.2779239095680787,0.26729518683583925
1648,54.958333333333336,tracked,1,1,0.49988490723617773,1.147835875725681,-0.112231814660463,0.22177298135236542,0.09118690914287442,-0.2673669518745789,-0.09588444632370911,-0.27262240149252986,0.2647532584859495
1649,54.99166666666667,tracked,1,1,0.5865019650161557,1.1737704866799863,-0.11449954048996769,0.21791889801092154,0.09269320125824465,-0.2643359640669003,-0.10680010069235243,-0.2697235230156481,0.26304148045927966
1650,55.025000000000006,tracked,1,1,0.48060008102627966,1.1304522108830122,-0.11926590401483039,0.21419137664682603,0.09085784821074377,-0.26127997932082514,-0.10764324364809781,-0.26386048823291935,0.2614525774816989
1651,55.05833333333334,tracked,1,1,0.5155548290768001,1.0561789071503465,-0.1257384109851521,0.2105547168622776,0.08754324541487324,-0.26403367078686585,-0.10831743730486555,-0.25735235285997154,0.2603982653701703
1652,55.09166666666667,tracked,1,1,0.5468264424960335,1.068269940459794,-0.13057719724453687,0.20440371965352064,0.08726437056760655,-0.24488002711613316,-0.10952178879659683,-0.2602905152335238,0.25777190579850684
1653,55.125,tracked,1,1,0.5738657445695065,1.0059246936825565,-0.14410098324624265,0.20031831194807997,0.07826114776382403,-0.23781127806240984,-0.10112815415495696,-0.26013058259286403,0.2588770494338447
1654,55.15833333333334,tracked,1,1,0.4753621216713431,0.9415823524368849,-0.15138133699189393,0.19641542708683435,0.07447542323433848,-0.23463263915642232,-0.1039633931499942,-0.2567778728338023,0.25892454084750394
1655,55.19166666666667,tracked,1,1,0.4808921804853285,1.0291346291905568,-0.15088470900544854,0.19407605364154198,0.07711783158521401,-0.2363892006460714,-0.11537771092626754,-0.25265603499794065,0.25764097103748657
1656,55.225,tracked,0,1,0.5621977443814076,0.9948426935012361,-0.15672319971951112,0.19823413089254174,0.0841341201966686,-0.25229023285613683,-0.13924692481423862,-0.2389156828174531,0.2663409134217096
1657,55.25833333333334,tracked,1,1,0.5510562342139025,0.9349864896753299,-0.16542130781466358,0.18698018995665858,0.07199222413760475,-0.2303907906199466,-0.11878688810934425,-0.2567199297414858,0.25982432690497037
1658,55.29166666666667,tracked,1,1,0.5406718205130407,0.8853834881565363,-0.1743836993565625,0.1831814853828126,0.06765473693020796,-0.22101780099094578,-0.12749161137424841,-0.2563746375949883,0.26180583381091643
1659,55.325,tracked,1,1,0.4925206166870426,0.8839989568311815,-0.18094013106264156,0.1804102724774051,0.06469635269811863,-0.22002346304818546,-0.12422406877917888,-0.26251544847814784,0.26357696313748064
1660,55.358333333333334,tracked,1,1,0.46414078806291725,0.8554078201198861,-0.19182662885203838,0.17552591242388516,0.059914782884756435,-0.21049106445008942,-0.1248322670277276,-0.26328663046448697,0.2668268777261814
1661,55.39166666666667,tracked,1,1,0.43976584002791197,0.7836603120487694,-0.19776398088544173,0.17338112179432263,0.05751213788326537,-0.21204535442978517,-0.11276324953511864,-0.26315697403776755,0.26921970866602396
1662,55.425000000000004,tracked,1,1,0.466372366131869,0.763524114167347,-0.2052463929412634,0.16994729770235845,0.0546954949017196,-0.20887865295713137,-0.11396589045420873,-0.2613714036540761,0.2720289745124177
1663,55.458333333333336,tracked,1,1,0.4841320453794607,0.7818492413130596,-0.20989845358681936,0.1668517575733256,0.05440128185739895,-0.21471235460021706,-0.11433607969742218,-0.2620868520379092,0.27359892048612716
1664,55.49166666666667,tracked,1,1,0.4332872976185349,0.7530724181289887,-0.2195087426306625,0.163301827101674,0.04978660510059396,-0.21532856675397577,-0.12124174605619552,-0.25904034296770595,0.2780832265230716
1665,55.525000000000006,tracked,1,1,0.46568957625589424,0.7420505417101168,-0.22800692025187372,0.16046153797817178,0.046061060230434936,-0.2111843348847397,-0.1263623897305865,-0.2691597669577345,0.2825892462968404
1666,55.55833333333334,tracked,1,1,0.4833818297846743,0.6792448387605206,-0.23392153811345562,0.15717869899618797,0.04446892024821303,-0.2016134340575946,-0.12198055885222882,-0.2731344224769899,0.28531020710717847
1667,55.59166666666667,tracked,1,1,0.4666170899631683,0.6711866987919848,-0.23964074181183362,0.1540457572311589,0.042614888040370835,-0.20408735881244616,-0.12832800026979588,-0.2689053808311305,0.28805174732978167
1668,55.62500000000001,tracked,1,1,0.42046780436316183,0.6439101882460025,-0.24692467177186017,0.14997397983221158,0.038778667914162734,-0.19636713467970268,-0.13015381784799904,-0.2716587047018688,0.29149232106789774
1669,55.65833333333334,tracked,1,1,0.4379715653590158,0.6365389250763788,-0.2558715499886113,0.14606089134983796,0.033659262353980535,-0.19069539844066355,-0.12778984227320206,-0.2704167538534765,0.29654170030148824
1670,55.69166666666667,tracked,1,1,0.45541496213037913,0.6383343186700259,-0.2608490865718291,0.14277801277313124,0.03116645683009145,-0.1816127889862316,-0.1368611402062844,-0.2776327672481281,0.29899691457963906
1671,55.725,tracked,1,1,0.4447811056966546,0.5180999764672904,-0.26974550178856627,0.13850745666309305,0.026739668345574008,-0.1847195197680058,-0.13573822420024445,-0.2820351569714707,0.3044042725548958
1672,55.75833333333334,tracked,1,1,0.42399072046351016,0.5446654761493442,-0.27765270000092296,0.13430700030283588,0.021886704454380068,-0.182300029737412,-0.13767638014389186,-0.29077910425934617,0.3092061124557887
1673,55.79166666666667,tracked,1,1,0.4111141554312197,0.537712652613016,-0.2833567008639177,0.1302514307672908,0.018576339595605895,-0.18471805195004654,-0.13726103231660963,-0.2944827197741022,0.3124124445891702
1674,55.825,tracked,1,1,0.43608824648266376,0.5405648871342994,-0.28343459619192823,0.12727436937598582,0.018610926747682777,-0.18931645259503357,-0.1458645655149163,-0.2907482342797785,0.31125600719173907
1675,55.858333333333334,tracked,1,1,0.40293397479559756,0.4926710818050405,-0.28924037814874903,0.12257061737242497,0.015579856203013387,-0.195108894530655,-0.14056298182799912,-0.2879972786232304,0.31452549104006705
1676,55.89166666666667,tracked,1,1,0.44333839860762814,0.49865059249915644,-0.29573757231706743,0.11755445246211804,0.012284507628022079,-0.19529813349908584,-0.13207099858156646,-0.2878756521836157,0.3184818206763519
1677,55.925000000000004,tracked,1,1,0.32609454789175096,0.5136116083689242,-0.2957360844274917,0.11404341393403483,0.014000219521917934,-0.20282077639441157,-0.13640526598831462,-0.2883085613634952,0.3172723404914081
1678,55.958333333333336,tracked,1,1,0.40100510114526255,0.5084201981952053,-0.3040914156956578,0.1085204953516499,0.009504638463615656,-0.20446242019419872,-0.12930848458067956,-0.2927233661439259,0.3230148992902353
1679,55.99166666666667,tracked,1,1,0.3785640079585916,0.4938152067678534,-0.31209643811577026,0.10213619189494139,0.001400408815945997,-0.17919905365320085,-0.12145603487129432,-0.30623899159485213,0.32838689000050364
1680,56.025000000000006,tracked,1,1,0.3973926171606499,0.4608611615976159,-0.31382820277060186,0.0979342002182739,-0.0007207526286324151,-0.17370684175284754,-0.11913173052852702,-0.3035630496447465,0.32875487511361806
1681,56.06,tracked,1,1,0.4034796543309154,0.4329659271401293,-0.3135012598438803,0.09477910011231871,0.0003845097015823806,-0.1773982813680443,-0.11289250056013579,-0.29429717353645085,0.3275152906194025
1682,56.093333333333334,tracked,1,1,0.4116418110379648,0.4609238320412231,-0.3151466219407063,0.09070124553078904,-0.0009167761046347533,-0.17030869585795036,-0.11701932478162057,-0.2850622223085716,0.32794046676172944
1683,56.12666666666667,tracked,0,1,0.4234017752188148,0.42722876344246946,-0.31516977781560657,0.08805472910576323,0.004904219844085567,-0.19525335607823338,-0.14049937196216272,-0.2748123483465008,0.3272761456912301
1684,56.16000000000001,tracked,1,1,0.3748413013823062,0.4203973798360544,-0.3236639059173343,0.08125162275516265,-0.010212792167814344,-0.1614700258880843,-0.1271250236576433,-0.29128845162960754,0.3338629229457432
1685,56.193333333333335,tracked,1,1,0.35326270275612087,0.40878547727639886,-0.325704224336058,0.07700569437266269,-0.012596506297082422,-0.16271900193214886,-0.13113055192802525,-0.28347163817752596,0.33492057369929
1686,56.226666666666674,tracked,1,1,0.3695180562247725,0.416870936345868,-0.33120574014757753,0.07183529325916096,-0.018573463346993335,-0.15518503685614057,-0.13330989941159427,-0.2801582611438681,0.33941497492750144
1687,56.260000000000005,tracked,1,1,0.34333561793833334,0.4304971341170528,-0.3297119568610105,0.0691082979215483,-0.019933155448653928,-0.14581856291097467,-0.12963730792805875,-0.2777102993057266,0.3374659420221106
1688,56.29333333333334,tracked,1,1,0.3916010327016444,0.4118429595538053,-0.33095570377997074,0.06513913790521506,-0.023862089334526437,-0.1399206663316941,-0.13816196885186502,-0.26791583411592595,0.33814816938575804
1689,56.32666666666667,tracked,1,1,0.3344643241122207,0.41174335105092996,-0.33325459463554175,0.06169591474460648,-0.027886128126698162,-0.13846095299502428,-0.15103414269765536,-0.26438152015117783,0.3400627102223524
1690,56.36000000000001,tracked,1,1,0.31406646326269694,0.4208956988582887,-0.3356012688684065,0.05853106093991209,-0.0293646675911719,-0.14569584575693573,-0.14179858065396198,-0.25307715289642435,0.341930373707245
1691,56.39333333333334,tracked,1,1,0.37362271061120145,0.40691333382418793,-0.33918024804515484,0.05595449431365615,-0.03273927082427802,-0.14442382451783767,-0.14294775482336156,-0.2567745425728048,0.34532014993622245
1692,56.42666666666667,tracked,1,1,0.348446103926127,0.42265516321303404,-0.33994643386982026,0.054491405185325,-0.03436698337418975,-0.1479692374518687,-0.1606262221999498,-0.25408875667144837,0.34599708190405476
1693,56.46,tracked,1,1,0.3684014452489916,0.4195479895880058,-0.3413292816519233,0.052606685879793724,-0.03592617454386132,-0.15515263261905235,-0.17072822924099598,-0.25554716816180434,0.34722302908883973
1694,56.49333333333335,tracked,1,1,0.31816022588975423,0.40680564128907226,-0.34487572536098376,0.05001968432773665,-0.03912555027524184,-0.1536190934060688,-0.15775652098785517,-0.251429267574613,0.3506736993956798
1695,56.52666666666667,tracked,1,1,0.32678092856526014,0.41126849515454394,-0.34428276195582264,0.04880840782042378,-0.036344222825564876,-0.15529147791384554,-0.15568276330002487,-0.24306364088233012,0.3496194837057694
1696,56.56,tracked,0,1,0.3781397962408194,0.404959941303484,-0.3339883724692734,0.05026838667614142,-0.019962568928958757,-0.17653766437440901,-0.17068194073941476,-0.22618050697742462,0.3383395451346762
1697,56.593333333333334,tracked,0,1,0.38389696663702577,0.3320246828808415,-0.32945925997383574,0.05016349346953075,-0.01645620997651942,-0.17786712706532193,-0.16683637172030813,-0.21525304949499802,0.3336623846140983
1698,56.62666666666667,tracked,1,1,0.33686908020841244,0.3853563485728836,-0.3405699725620777,0.04525983213520557,-0.032413289820935776,-0.1488862688044857,-0.15063379227091075,-0.22786367806021732,0.3450898143568676
1699,56.66000000000001,tracked,0,1,0.4336899179822119,0.3909168080244516,-0.3311478653390375,0.04702537600254847,-0.014699171159232416,-0.17819609855964444,-0.16505533492886879,-0.21130850894498762,0.33479301118683885
1700,56.693333333333335,tracked,1,1,0.36974325083214504,0.38925270137073437,-0.34117951152616177,0.042175677072177314,-0.03078348705800049,-0.15363572596305627,-0.16359602113354849,-0.22480689840110382,0.3451519518953602
1701,56.726666666666674,tracked,1,1,0.31753758760333534,0.41331985587896075,-0.34503262154958064,0.03975502593042088,-0.03235475265403681,-0.15152260820920482,-0.15401258816256003,-0.2230232077337519,0.3488191537737119
1702,56.760000000000005,tracked,1,1,0.33676450257742335,0.41416382129514356,-0.3456640251241849,0.038572585213769106,-0.03127607576671265,-0.15514563783841429,-0.15829984716108225,-0.22552500101377426,0.3492129085679563
1703,56.79333333333334,tracked,1,1,0.3277067245873679,0.36104227362099134,-0.34584438825928243,0.03796792746841374,-0.030186061142825626,-0.15875493484733133,-0.16453013628691784,-0.22432323370519097,0.3492292981609682
1704,56.82666666666667,tracked,1,1,0.32337382735506204,0.4153687018334298,-0.34504394107028313,0.03734244751430532,-0.030641141365088553,-0.14864337788594084,-0.16536276132961608,-0.2210020596557973,0.34840875304708835
1705,56.86000000000001,tracked,0,1,0.3905214286054483,0.4143738740270984,-0.3384429522834945,0.038349075618634654,-0.015471775061395132,-0.16633342306379637,-0.15961078860893588,-0.20756836446776308,0.3409599087498733
1706,56.89333333333334,tracked,1,1,0.35322673584451864,0.4075889365213767,-0.349529449646302,0.033699851453716095,-0.033957406059950956,-0.14885933026040074,-0.16303162757570677,-0.22216646400016987,0.3527883523932865
1707,56.92666666666667,tracked,0,1,0.3474782759758818,0.4014380449754516,-0.3383451474547895,0.03681663965133378,-0.016575806277229932,-0.16857426572298934,-0.16683518253706556,-0.20241773267009802,0.34074574262220747
1708,56.96,tracked,1,1,0.3527424760048249,0.4115029049146327,-0.3520293858709451,0.031284107300907804,-0.03825173208755911,-0.1435246939540883,-0.1683119820257915,-0.21826750778253665,0.35548077148277357
1709,56.99333333333335,tracked,1,1,0.4199444317619602,0.41626262325876245,-0.34934283299872393,0.03232689525376406,-0.03628058000569684,-0.1362746081479435,-0.1576619218686105,-0.21481413608545663,0.3527062851862324
1710,57.02666666666667,tracked,0,1,0.3549191639034372,0.3927512560811443,-0.3415681463250852,0.03391512011186437,-0.022172518182284107,-0.15329689371765096,-0.15480823418465442,-0.19667893326785346,0.34396315866484994
1711,57.06,tracked,1,1,0.3408630911741937,0.40207727159239953,-0.35714101193278636,0.027710524445808654,-0.04641954749304733,-0.13325609525197976,-0.15514159391873322,-0.20559104578303097,0.3612095651542131
1712,57.093333333333334,tracked,1,1,0.29163477617543054,0.4182246223620043,-0.3546535216612435,0.027489266039603943,-0.046543562095340885,-0.12514645010126438,-0.15463309644249826,-0.20413997918856874,0.35874933218981897
1713,57.12666666666667,tracked,1,1,0.37026659883827195,0.38827538480035917,-0.35639330889748105,0.026297513401272177,-0.051087918216953965,-0.11849307970392743,-0.1503342155944043,-0.20716816400247176,0.3609954642730676
1714,57.16000000000001,tracked,1,1,0.3683896238730764,0.3800919248735388,-0.35905405703226645,0.024199440251942345,-0.056240194011946965,-0.11452441934658175,-0.15478401146333123,-0.2013323599624163,0.36423672000820956
1715,57.193333333333335,tracked,1,1,0.3897731545915198,0.3965905719869119,-0.3591081742000098,0.023756966697965176,-0.05852728191054224,-0.1126665791673938,-0.15823859871190346,-0.20273157979965645,0.3646210594189383
1716,57.226666666666674,tracked,1,1,0.3110490165666965,0.39970343072271464,-0.3572066195657678,0.024063317475905788,-0.05986818560202012,-0.1065699552125164,-0.15738861514057062,-0.2037781602289184,0.3629873440725273
1717,57.260000000000005,tracked,1,1,0.35690180382079956,0.3706960316281082,-0.3629509825643699,0.020818028535119576,-0.06687855066085924,-0.10246092093798358,-0.154913633828975,-0.20346490004651924,0.3696478683761449
1718,57.29333333333334,tracked,1,1,0.3869279091984488,0.38595849805894217,-0.36323046527344716,0.020125459036602678,-0.07096549642281041,-0.09013279130517765,-0.1564795316161464,-0.1997153947619879,0.3706447176026319
1719,57.32666666666667,tracked,1,1,0.36977181873417864,0.3616696541447374,-0.36325650825057754,0.020076380675817435,-0.0716100097898773,-0.07848021742431281,-0.1438346866413914,-0.1974122256471803,0.37079151197074156
1720,57.36000000000001,tracked,1,1,0.3340797665863051,0.3688175558718543,-0.3652115582495179,0.019476631172444803,-0.07462642032386185,-0.07177527076966352,-0.14697230235877334,-0.20205356486750947,0.3732665589779269
1721,57.39333333333334,tracked,1,1,0.3177075035491411,0.3562833582241103,-0.3665264556319334,0.01928544488661746,-0.07550374380178693,-0.07751966840266857,-0.1534922075271332,-0.1993030254424704,0.3747190766303049
1722,57.42666666666667,tracked,1,1,0.3504085982995299,0.34088492833812284,-0.36775423231783155,0.01973800940284473,-0.07732879740424042,-0.07630834710002454,-0.15582952112326334,-0.20135942925521905,0.37631437297936216
1723,57.46,tracked,1,1,0.33258903036737786,0.3621700374521195,-0.3685470061258337,0.019514803116769203,-0.07898070203554824,-0.077198754686166,-0.15541071533205986,-0.1989406338910111,0.37741975909990405
1724,57.49333333333335,tracked,1,1,0.3606836203536068,0.3639239486910597,-0.36561253608438304,0.0197447876962554,-0.07757688397198564,-0.08147640358230605,-0.15629442203065183,-0.19504043596596993,0.3742733708267627
1725,57.52666666666667,tracked,1,1,0.38311872674698144,0.3460081285385035,-0.3671930402732517,0.019430585400874556,-0.07991836461700175,-0.09465806762654139,-0.14361080430471043,-0.19407237528539484,0.37629140500042063
1726,57.56,tracked,1,1,0.33974528038682955,0.3803535172410725,-0.3670050092896294,0.019631408129637096,-0.08096495476760562,-0.09738115200039381,-0.13680843298267334,-0.1949619179321912,0.37634212218319885
1727,57.593333333333334,tracked,1,1,0.3265516696625142,0.360528687583675,-0.3660774980746043,0.019160023826498895,-0.07999043714554416,-0.10513990545415616,-0.13051178042897457,-0.19141808350003778,0.3752043591755421
1728,57.62666666666667,tracked,1,1,0.30973557750800174,0.3699206193351172,-0.366516881423103,0.01941254947110857,-0.08064009835263114,-0.10337052991836787,-0.12975282406074176,-0.1939131333529317,0.3757849077696006
1729,57.66000000000001,tracked,1,1,0.3011123470131676,0.3793199893023196,-0.3661806117789809,0.019173765092999506,-0.0803937607934691,-0.10232602696226033,-0.13054049570367357,-0.19222366698375656,0.3753918359330525
1730,57.693333333333335,tracked,1,1,0.3152814864828571,0.3746612650280297,-0.36654959302941076,0.019445375315417457,-0.07974427525484806,-0.10681175707383485,-0.1291310165798101,-0.19108873484013547,0.3756273102519372
1731,57.726666666666674,tracked,1,1,0.28546416292931037,0.3853418717684665,-0.36564069727064735,0.019908185520569777,-0.07974580579839852,-0.10252620391244747,-0.13230354365326624,-0.19293194551791365,0.37476505826146933
1732,57.760000000000005,tracked,1,1,0.27289359854368744,0.3663633984561687,-0.3670620423259927,0.018884393028064606,-0.08004810036443805,-0.1042743157321573,-0.12395215994482017,-0.1907123403284769,0.37616334429144266
1733,57.79333333333334,tracked,1,1,0.2662470349080447,0.37024315786052764,-0.3667416347477834,0.018994445334818144,-0.08040965018045965,-0.09891013069558863,-0.12612394476270283,-0.19429374748612405,0.3759334082696001
1734,57.82666666666667,tracked,1,1,0.30689279003095626,0.3623092508714756,-0.3673234507210035,0.018500632477717605,-0.0793472906686079,-0.10867422607074023,-0.12257227493201793,-0.18904268282206244,0.3762509579896237
1735,57.86000000000001,tracked,1,1,0.32825201584762526,0.3750212202213831,-0.36657957009360825,0.01899630949747813,-0.07903950640640134,-0.10452440333569026,-0.12409061422502006,-0.1926792455835741,0.3754845996276095
1736,57.89333333333334,tracked,1,1,0.32098615997189783,0.3688118535325683,-0.36713168826163933,0.01954440967391738,-0.08045570479791198,-0.10223241402433798,-0.12400093912114674,-0.1926340049278731,0.3763519375662522
1737,57.92666666666667,tracked,1,1,0.285692792927907,0.38002052208311193,-0.3664692114707402,0.019381459976762633,-0.08025593891080995,-0.1002566500103083,-0.12716508094917645,-0.1930707451403573,0.3756545483250171
1738,57.96,tracked,1,1,0.29132917830600685,0.37138966804175383,-0.3663623029126752,0.01995179716248749,-0.08039048395782167,-0.09649348081998045,-0.12520478984665273,-0.19539785558359188,0.3756088938197079
1739,57.99333333333335,tracked,1,1,0.330174954388092,0.3714342768284398,-0.3676639580843679,0.019222607837119016,-0.08085584062629408,-0.09588563914900275,-0.12242485445510881,-0.19698236765970079,0.3769402627601729
1740,58.02666666666667,tracked,1,1,0.333213150342711,0.36253674964216137,-0.3666507894265921,0.019096064589242984,-0.08023868115189275,-0.09886143760974055,-0.1256384683790204,-0.19542967507564724,0.37581339388443147
1741,58.06,tracked,1,1,0.35074652234527254,0.3612387609569258,-0.3660102645941208,0.01971255849096759,-0.07936533177673966,-0.10005601067945537,-0.12442977615184501,-0.19589619797215613,0.3750346045880968
1742,58.093333333333334,tracked,1,1,0.2927945107886728,0.367472326645194,-0.36536845746480173,0.01988560993054231,-0.0782083661411968,-0.09763401009908215,-0.12536248667849484,-0.1933321137912932,0.3741738843465613
1743,58.12666666666667,tracked,1,1,0.3465897655728073,0.34373732739264773,-0.3661042732928367,0.01955990636923141,-0.07894030924510054,-0.10131632081499614,-0.12503319505616453,-0.19390942795494173,0.37502866728313083
1744,58.16000000000001,tracked,1,1,0.29543911787309984,0.3459197299337996,-0.3666298026400878,0.019930779654840386,-0.08109530261086362,-0.09852230437462295,-0.13019869006886653,-0.19826975560239302,0.376020074287407
1745,58.193333333333335,tracked,1,1,0.3064657459741243,0.37431311849653764,-0.3682619950485754,0.01842748554197185,-0.08207987234381792,-0.10545403501000027,-0.13014401813682483,-0.19356686916045332,0.3777480306560631
1746,58.226666666666674,tracked,1,1,0.30886927449277196,0.354378990958821,-0.36789064678207695,0.018843010689468975,-0.08063059302273018,-0.10346928156527867,-0.12464463025174063,-0.19546122630721993,0.37709399302133606
1747,58.260000000000005,tracked,1,1,0.33032885190574546,0.3501729313050419,-0.3676162717821275,0.019147000301931616,-0.08053384378893941,-0.1008772801276553,-0.12466501642488537,-0.1974306138625013,0.3768209533650889
1748,58.29333333333334,tracked,0,1,0.28984742002699443,0.3677192897104355,-0.3524050184439564,0.02165902532214281,-0.05496243746689211,-0.1362722586806283,-0.12117631349900353,-0.17741904979612758,0.3573223753624904
1749,58.32666666666667,tracked,1,1,0.27419369432924423,0.3605216293648289,-0.3671946861719263,0.019057061451739826,-0.07943402348565737,-0.1012036904848221,-0.11895133568378646,-0.1963440851173981,0.37617133494086813
1750,58.36000000000001,tracked,1,1,0.2934324587835406,0.38435032108373574,-0.36678964853840557,0.018214493142487354,-0.07969170359813621,-0.09887356653101764,-0.11578626015134448,-0.19406852378778702,0.3757887460498757
1751,58.39333333333334,tracked,1,1,0.3037419465850105,0.361583597355014,-0.36481186217585326,0.01974397151136903,-0.0794662034246244,-0.1013873904173763,-0.1271890501804132,-0.1974312992664283,0.37388821415227746
1752,58.42666666666667,tracked,1,1,0.33501664606782317,0.3843580614274425,-0.36718211410510626,0.019631228604085477,-0.08010053962651537,-0.10770549880764253,-0.12753381974997471,-0.19547156532834747,0.3763298905264636
1753,58.46,tracked,1,1,0.28833719835601335,0.3733526668589091,-0.3654493836746468,0.018740567370356148,-0.07831504953858798,-0.10651537496986545,-0.11158249669318356,-0.18800913442456943,0.3742161245560826
1754,58.49333333333335,tracked,1,1,0.2780314013802411,0.3851872886525876,-0.3659749181891636,0.018685483097827915,-0.0804238721682794,-0.10253858979020421,-0.11827243667353576,-0.18111344512680025,0.3751730097391122
1755,58.52666666666667,tracked,1,1,0.2444099132065641,0.3815370436204779,-0.366090900606367,0.017714109488548846,-0.08090298239235483,-0.08180381750628501,-0.09982018117972209,-0.1821001758160857,0.37534201702145054
1756,58.56,tracked,0,1,0.22751203776743928,0.3632133696065624,-0.35259084099514676,0.019901630157531658,-0.05618531265864979,-0.11668068751514053,-0.08677158471751782,-0.15848610917879136,0.35759357571849953
1757,58.593333333333334,tracked,1,1,0.2596871014743399,0.3717641865952866,-0.36669409741887304,0.018202473247283607,-0.08010936161423493,-0.07476050107486795,-0.09397143549216412,-0.18143576914504775,0.37578371562961627
1758,58.62666666666667,tracked,0,1,0.2943058992245891,0.37738443474698685,-0.3524696031107052,0.019792942735086583,-0.055557256825105705,-0.11384323249863462,-0.08711030793056417,-0.16253147328833656,0.35736982313153304
1759,58.66000000000001,tracked,1,1,0.316954901799987,0.3884899412485522,-0.3641241525293702,0.019251287833485092,-0.07797319260844876,-0.07255489987778724,-0.09551192212542857,-0.17745531093895786,0.3728764263184708
1760,58.693333333333335,tracked,1,1,0.2934184480965626,0.36819156394717,-0.3643325158848746,0.018341460601770443,-0.0780709769374962,-0.07516810552521368,-0.0966172472763579,-0.17789477162572964,0.37305451176467996
1761,58.726666666666674,tracked,1,1,0.23447720011682427,0.36016353248956834,-0.36549655347655674,0.01725260869340345,-0.08052290234251436,-0.08147780538175549,-0.0990103802420307,-0.17282591518826354,0.3746589394524456
1762,58.760000000000005,tracked,1,1,0.3160505255560615,0.38345466795722183,-0.364151688482634,0.018760984781092283,-0.07863527057619885,-0.07270302305511263,-0.0973334078686153,-0.179287256816056,0.3730173354594954
1763,58.79333333333334,tracked,1,1,0.2571156289948374,0.34965584940470806,-0.3653546930870223,0.018768124330373837,-0.07892202709959567,-0.06915363992150451,-0.09287548347721337,-0.1813669358567518,0.3742525626005812
1764,58.82666666666667,tracked,1,1,0.31106161402837723,0.38501526391958757,-0.3658800932941123,0.017948853994430636,-0.07935830692330553,-0.07881995276197647,-0.09414175347685007,-0.17768816986777902,0.37481748212477395
1765,58.86000000000001,tracked,1,1,0.270193605819224,0.3708461415749492,-0.36604572703544724,0.01736915321191254,-0.08049365204765085,-0.07982791422621918,-0.09786789692174279,-0.17359503468021348,0.37519380296611554
1766,58.89333333333334,tracked,1,1,0.2832993258786045,0.3669872055116826,-0.3647767470910066,0.018255240714007304,-0.07933932179895764,-0.07597450683258322,-0.0964276868889808,-0.17768560867716746,0.3737513304529378
1767,58.92666666666667,tracked,1,1,0.2487641097538505,0.35716292931936694,-0.3671918955468251,0.017467942568753447,-0.08063889770768945,-0.0778079987880686,-0.09235476614948392,-0.17727068195051765,0.37634777665925834
1768,58.96,tracked,1,1,0.24458881103791807,0.3803503543436867,-0.36530716155483023,0.018129197825390964,-0.07937142658391294,-0.07844766419147349,-0.0958354743476064,-0.17743710004167026,0.37426970683586513
1769,58.99333333333335,tracked,1,1,0.2751262512384464,0.3569602677526967,-0.365803203031758,0.018051969990319633,-0.08022233746293383,-0.07374001744039034,-0.0939413075087995,-0.1794593974222304,0.3749313009030345
1770,59.02666666666667,tracked,1,1,0.25681077204035535,0.3697964720071489,-0.36759207742780586,0.01757776386285398,-0.0816815934852606,-0.0750940342349911,-0.09136751531055783,-0.18061694674113263,0.3769678976841392
1771,59.06,tracked,1,1,0.2754088384698515,0.3578123976802538,-0.3665833595420796,0.0186115792561993,-0.07914513415527713,-0.07318972763194376,-0.08870820209357826,-0.1841714828656844,0.3754912817044148
1772,59.093333333333334,tracked,1,1,0.26241927665896375,0.37878911128580656,-0.3670268697867145,0.018669911208727685,-0.07932499487022898,-0.07613679748942492,-0.08917792289811095,-0.18196153890206265,0.37596508287490943
1773,59.12666666666667,tracked,0,1,0.26655460350611493,0.36917697566813334,-0.3537910896695541,0.019453050315609455,-0.056647374938885,-0.11583985082498936,-0.08360319206293675,-0.16152483130160497,0.35882514040075103
1774,59.16000000000001,tracked,1,1,0.2795676693610034,0.37262355783692735,-0.3664942456015994,0.018739586716188472,-0.07937111756043624,-0.07324450163218259,-0.0891584373407234,-0.1802174348278958,0.375458357840349
1775,59.193333333333335,tracked,1,1,0.2515031898620071,0.36531071223735784,-0.36750165072468005,0.018366232212187,-0.08007589051200914,-0.07576990818564547,-0.08776220988960598,-0.180661329826514,0.3765726092167724
1776,59.226666666666674,tracked,1,1,0.28845246832431803,0.3671990769139505,-0.3667991378508799,0.01817588029464262,-0.07918637689648683,-0.07850452125276836,-0.08846029819633508,-0.1815682457411541,0.37568930306654524
1777,59.260000000000005,tracked,1,1,0.34250751657367845,0.3837754848780423,-0.36599990595928533,0.018738614774931855,-0.0794334085448048,-0.07276661873325811,-0.09244458563821902,-0.18381534991945583,0.37498897748991883
1778,59.29333333333334,tracked,1,1,0.29490156496471354,0.3742770909455505,-0.3667478479561491,0.018317479401906228,-0.07920394608994791,-0.07566233312438858,-0.08760160337069797,-0.1807244870213123,0.37564980914187257
1779,59.32666666666667,tracked,1,1,0.3093471623999793,0.35128494234233465,-0.36591541467140903,0.01844143040527077,-0.07782788239029481,-0.07935323024211309,-0.08916380053908317,-0.17963759410279054,0.3745548775905865
1780,59.36000000000001,tracked,1,1,0.2886205643637156,0.35872827746038655,-0.3660498001556452,0.018427448090518384,-0.0788525158468052,-0.07582809383099917,-0.09068045791407033,-0.17731789991304905,0.37489964829603023
1781,59.39333333333334,tracked,0,1,0.2819905951104492,0.37333048278234005,-0.35487467077892954,0.019187668376601852,-0.0574753554249976,-0.11549649740190557,-0.08251415660983083,-0.15839395837799858,0.3600105763160492
1782,59.42666666666667,tracked,1,1,0.3286669670057847,0.3638096051680918,-0.3673118386598611,0.018424368180601114,-0.07855300331362142,-0.07740367801906912,-0.08465491608623474,-0.18379287715277018,0.37606916716494054
1783,59.46,tracked,1,1,0.2700968432200972,0.3665171318067717,-0.36691383959371704,0.018294132945261027,-0.078887082940922,-0.07663410495522577,-0.0873033521665304,-0.17811566291007894,0.3757440789161563
1784,59.49333333333335,tracked,1,1,0.2706974756587189,0.3828791310383451,-0.36717733927009977,0.017920633341675346,-0.08012193141996249,-0.08038239480456864,-0.09013323591257302,-0.1805327665598824,0.3762444304801094
1785,59.52666666666667,tracked,1,1,0.3041895571100035,0.37520939709363366,-0.365930643841782,0.018046569703513232,-0.07853476049812425,-0.08110381096082128,-0.09130554498173861,-0.17901807625975957,0.3746980429452796
1786,59.56,tracked,1,1,0.2713151087132064,0.3859154023882665,-0.36252669522697234,0.020529955868222344,-0.07638850387891916,-0.07077269392965643,-0.09580422999692478,-0.18125752456845834,0.3710556391769311
1787,59.593333333333334,tracked,1,1,0.26830352162043697,0.37275095005066944,-0.36554114915416264,0.020216543700554895,-0.0769794866587144,-0.07251605379356228,-0.08580001279767138,-0.18371620089040502,0.3741054419951432
1788,59.62666666666667,tracked,1,1,0.3053282347497825,0.3814366841685058,-0.36441245584808046,0.018370030839244655,-0.077226571478473,-0.08099970602304794,-0.09379608464724706,-0.17967578435386725,0.3729582273560723
1789,59.66000000000001,tracked,1,1,0.3018162839366886,0.38864030281498785,-0.3631336173000108,0.0194150131917753,-0.0763222570105121,-0.0774709129153056,-0.09355442421941866,-0.17985760407716322,0.37157509828540203
1790,59.695,tracked,1,1,0.27462878004993474,0.36047861499144096,-0.36267626218588195,0.02000650909037119,-0.0765148502554232,-0.07796168472228004,-0.09466677437216377,-0.1799845302412086,0.37119921049042587
1791,59.72833333333334,tracked,1,1,0.3118101998376632,0.3787963016419047,-0.3651082981605603,0.019838580939750106,-0.07803087500244177,-0.07071818352853987,-0.09161061499778854,-0.18407000390478948,0.3738802697830554
1792,59.76166666666667,tracked,1,1,0.2877312376284295,0.3682867827088388,-0.3646920639091849,0.019183551228890455,-0.07714376882930729,-0.0767230382167392,-0.09062556757921213,-0.18140894958154166,0.37325523597838794
1793,59.795,tracked,0,1,0.2769575537856296,0.3880858804852849,-0.3478728446324254,0.02298102870628102,-0.0511497818812961,-0.11807562348678298,-0.08985130606288005,-0.1606163324518519,0.35236336912278304
1794,59.82833333333334,tracked,1,1,0.2540832391500538,0.36083500910894284,-0.36695003186787656,0.018969540210400787,-0.07770515648217186,-0.07818802040816976,-0.08292894732090457,-0.18399074242023028,0.37556658622346645
1795,59.86166666666667,tracked,1,1,0.262706778699663,0.37527091716853184,-0.36551551539137533,0.019544964134218995,-0.07553822216661832,-0.07860214954454825,-0.08194411881731199,-0.18422237048732973,0.37375074665199537
1796,59.895,tracked,1,1,0.2707313115760118,0.3467232097725359,-0.36505706815020844,0.01951388784444283,-0.07409669808920577,-0.08283007197120007,-0.08160497021586545,-0.18479757221960535,0.3730117632098944
1797,59.928333333333335,tracked,1,1,0.2836577983998408,0.38239350259999433,-0.36320885540313097,0.020779420807301885,-0.07304971762262408,-0.07512845099486998,-0.08262123955916975,-0.18356952797059375,0.37106430469271035
1798,59.96166666666667,tracked,1,1,0.25718112900928647,0.3714407391340968,-0.36623695469871576,0.019807738761994653,-0.07437927451864307,-0.07808608716575623,-0.07602163152809131,-0.18571827158095394,0.3742380659149631
1799,59.995000000000005,tracked,1,1,0.2830923803158102,0.3832121029002544,-0.36615766466778,0.020277354697938593,-0.0748644541654922,-0.07585091993204192,-0.07862606350999837,-0.18791472015445376,0.37428237068556347
1800,60.028333333333336,tracked,0,1,0.27809444059784183,0.3659413304457523,-0.3527986108299948,0.021469333009458413,-0.054954912383550825,-0.11362373330500729,-0.08599845981662466,-0.16157613252582126,0.3576979654101053
1801,60.06166666666667,tracked,1,1,0.2617615432848481,0.3820321833388057,-0.36481742381425114,0.020137349847808544,-0.07311822674999546,-0.07708597434585333,-0.07840693990619035,-0.1831262341367244,0.37261715024999015
1802,60.095000000000006,tracked,1,1,0.2846206697051923,0.37228131131175546,-0.3651119435904112,0.02004297006122538,-0.07314186198708755,-0.07604957325967848,-0.0765022761668108,-0.18156241436508877,0.3729050602716205
1803,60.12833333333334,tracked,0,1,0.25968041943436154,0.37764872707479064,-0.35338452339501725,0.021566753350101553,-0.0546866346444117,-0.11500541322592307,-0.08326003908310818,-0.16186512520860574,0.3582406652432398
1804,60.16166666666667,tracked,1,1,0.26134427435936325,0.37369542750022666,-0.36704087892880444,0.02004499466084997,-0.07474501987337001,-0.07148679481071048,-0.07420681822536249,-0.18612022558249983,0.37511015263739966
1805,60.19500000000001,tracked,1,1,0.2560915664936868,0.3714431803464854,-0.3655881808779725,0.019577326376958637,-0.07352645318167722,-0.08006195227065914,-0.07761191955667937,-0.18108745087095132,0.37342218603507277
1806,60.22833333333334,tracked,1,1,0.2422562104519786,0.3740985560657795,-0.36624717173887666,0.020214487716529478,-0.07455013790111353,-0.07362119441284186,-0.07627493549423159,-0.18503103298525367,0.37430380626096094
1807,60.26166666666667,tracked,1,1,0.2763152404382691,0.3761270608811645,-0.36429883363956894,0.021408331070261716,-0.0733473531990908,-0.07009802769629297,-0.08144674214722124,-0.18848194580004934,0.3722254572858719
1808,60.295,tracked,1,1,0.2565190726660092,0.3786833483688152,-0.3659493532229431,0.019631197087478736,-0.07503282642522102,-0.074813149361236,-0.08091586500411414,-0.18358696687285483,0.3740778502728211
1809,60.32833333333334,tracked,1,1,0.2954185090857646,0.38098883548470375,-0.3659990954405851,0.020420665392741233,-0.07336712760496339,-0.07624954845538433,-0.07673651655464137,-0.18523606992913674,0.37383830308224414
1810,60.36166666666667,tracked,1,1,0.2648472416431825,0.34632509141562806,-0.3671559916517978,0.018973285852074556,-0.07364529982060186,-0.07997819617563738,-0.07391732453542355,-0.181699226786568,0.37494951389154496
1811,60.395,tracked,1,1,0.28756883485326024,0.3649563531302621,-0.36653247254425725,0.01892411137980546,-0.0735249345711963,-0.08072033254209786,-0.07657938603356038,-0.18172833650519868,0.3743128256213253
1812,60.428333333333335,tracked,0,1,0.29374391114115883,0.3679846019405142,-0.3539704961950314,0.020916602334763168,-0.054891596007477894,-0.11137518932969881,-0.0852058506114121,-0.16143796828622076,0.3588115156207163
1813,60.46166666666667,tracked,1,1,0.30083523618814545,0.38004459932415413,-0.36516892087929864,0.019987679468481873,-0.07178320658821608,-0.0769987072514927,-0.07561109392125705,-0.18328424393239798,0.3726938111302262
1814,60.495000000000005,tracked,1,1,0.32356711599713833,0.3710883329564208,-0.36429955914355305,0.019848539570558044,-0.07115464531626797,-0.07787201996633085,-0.07790328517970899,-0.1818927353606847,0.37171375662645983
1815,60.528333333333336,tracked,1,1,0.2568401131077634,0.3752820025955536,-0.3658137919866816,0.02006540105566454,-0.07182114803379297,-0.07498975031803873,-0.07220512325280803,-0.1827382871836608,0.37333715061870265
1816,60.56166666666667,tracked,1,1,0.2697490712698273,0.36146152587512015,-0.3653539636355346,0.020556799686304805,-0.0711495151467249,-0.07296815087957058,-0.07156422522923608,-0.1824045605963941,0.37278459499173566
1817,60.595000000000006,tracked,1,1,0.28192089187877284,0.37417884949106556,-0.36663355095135297,0.019987172977658924,-0.07212145946966492,-0.07867901324240557,-0.07099400188793474,-0.18311822916469747,0.37419400407124603
1818,60.62833333333334,tracked,1,1,0.26682933254387237,0.35964861683889365,-0.36809159210792475,0.020337084102158565,-0.07438361967618534,-0.0705702699599127,-0.07115272461088613,-0.18748456065947247,0.37608235806330576
1819,60.66166666666667,tracked,1,1,0.33293095266235934,0.37850086634170904,-0.36789632829469415,0.02012148047195575,-0.07467173047388198,-0.07327445596028673,-0.07331274383999052,-0.18606697900662095,0.3759367628751739
1820,60.69500000000001,tracked,1,1,0.2582865145129099,0.37992578060616017,-0.36877493978321796,0.020216544026327,-0.07433004896446677,-0.07401828070008051,-0.06893729020530683,-0.18755329868892345,0.37673415168198443
1821,60.72833333333334,tracked,1,1,0.26986951882165783,0.3729907618240729,-0.3678658663842045,0.02045136703813935,-0.07352148970029837,-0.07343183596045924,-0.07092594337664308,-0.18631467902500207,0.3756979684694624
1822,60.76166666666667,tracked,1,1,0.23060970022127616,0.33998894164938986,-0.3689595827028126,0.02012167521538219,-0.07560067288735434,-0.07275112860222625,-0.07320141288262008,-0.18744111002940522,0.37716245468329385
1823,60.795,tracked,0,1,0.2593419095911087,0.37721863509408604,-0.3540504752177398,0.02136037137759672,-0.05617419743754909,-0.10932946876582417,-0.08971737007252223,-0.15856534230935035,0.3591149466745278
1824,60.82833333333334,tracked,1,1,0.23665769771792972,0.3848319061932018,-0.36753504051985364,0.020429280766873198,-0.07426006045064382,-0.07098419312128444,-0.07415045460696768,-0.18737128386112897,0.3755181994267594
1825,60.86166666666667,tracked,1,1,0.2606488963393532,0.36043052753909466,-0.3674988729840296,0.020137081152993758,-0.0746843378999939,-0.07440609242691888,-0.07629867867515149,-0.18650371815802322,0.3755511603090246
1826,60.895,tracked,1,1,0.2771276612782001,0.3644420832661579,-0.3652911241509736,0.02168557970051871,-0.07148256860648555,-0.07248650216749394,-0.07374090517020983,-0.1873264139470161,0.3728506770344
1827,60.928333333333335,tracked,0,1,0.264713009690753,0.3693425343655777,-0.3528036522047442,0.021533881253426895,-0.05519673931478869,-0.10830323405774914,-0.08939229177148462,-0.16000482256316725,0.35774404968053286
1828,60.96166666666667,tracked,1,1,0.1933517725611638,0.37179998783359325,-0.36770317022911986,0.020300689677487882,-0.07492135859301202,-0.0736671865900614,-0.07359584515902746,-0.1840950773644334,0.3758070640253446
1829,60.995000000000005,tracked,1,1,0.214412876541758,0.3595555815559257,-0.3670351578886344,0.020575812032396223,-0.07402540058472046,-0.0703201187098368,-0.07307622554672662,-0.18468481299296838,0.3749905746800252
1830,61.028333333333336,tracked,1,1,0.23020305606156724,0.3782326554527595,-0.3671847552941476,0.021128163498290053,-0.07327619432736776,-0.07038285651260497,-0.07160902085489564,-0.18857306790390124,0.3750205920590704
1831,61.06166666666667,tracked,1,1,0.3137264363938509,0.36044533553023395,-0.36442690303310493,0.021543934905226297,-0.07163900824063424,-0.07058564354669097,-0.07464044769456261,-0.1874031794153571,0.37202588120613644
1832,61.095000000000006,tracked,1,1,0.28266790673448916,0.366344611663587,-0.3660756367235781,0.020918591285320753,-0.07352297271657021,-0.0675815987839408,-0.07507330100022028,-0.18512877110226436,0.3739713716061926
1833,61.12833333333334,tracked,1,1,0.26034131179187825,0.37275910539039225,-0.3652871610589098,0.02116002704256728,-0.07505148615794044,-0.06698535341731048,-0.08044079204723233,-0.1822567801998702,0.37351731198625265
1834,61.16166666666667,tracked,1,1,0.3095432458958697,0.3701153135193297,-0.3662990923155228,0.020114430728634725,-0.07593870754002868,-0.06927942257466564,-0.08125271506870767,-0.182706634559109,0.37462821924884804
1835,61.19500000000001,tracked,0,1,0.2801726830783871,0.35209962828097513,-0.3502408038976059,0.022288433695930338,-0.05344257516984735,-0.11034202689205745,-0.09114759636780775,-0.15922709268992802,0.3549950757859099
1836,61.22833333333334,tracked,1,1,0.3003024171307243,0.3810955604765996,-0.36474717268255796,0.021097800676760647,-0.07713918067073999,-0.06431167343527348,-0.08827325767721149,-0.18430701550970066,0.37341139560526154
1837,61.26166666666667,tracked,0,1,0.27416359660728173,0.3495558153777867,-0.3531102189335976,0.020484370896827253,-0.05677308684809579,-0.11436702914783746,-0.0893617618264301,-0.15797479605705098,0.3582312375500403
1838,61.295,tracked,0,1,0.2814007492680775,0.3296465892313835,-0.3526234143877639,0.020612982055047357,-0.057033195897025046,-0.11303975371240091,-0.0909067135696625,-0.15819710909563808,0.35780015768290935
1839,61.32833333333334,tracked,0,1,0.2725215351588977,0.34132759549017716,-0.35306456452477086,0.020495019278796156,-0.05773309507919172,-0.11415369143018085,-0.09098300776734186,-0.1576692193002699,0.358340261212339
1840,61.36166666666667,tracked,1,1,0.299686874898712,0.3805246878698429,-0.36658300974537406,0.020408209048159154,-0.08206722902908181,-0.06160144283006256,-0.09530350269533508,-0.18721133643713414,0.3762108824994861
1841,61.395,tracked,1,1,0.30313316858219197,0.38269892679174566,-0.3673170255248691,0.019707567948720167,-0.08349168834006443,-0.06156308297204617,-0.09549489099889044,-0.18626108644965206,0.3772016006020722
1842,61.428333333333335,tracked,1,1,0.29991568995451784,0.38102752584866834,-0.3671292670023353,0.020250235812939943,-0.08392964256150809,-0.06186207856808029,-0.09717718888435396,-0.18268951566045621,0.37714474096910616
1843,61.46166666666667,tracked,0,1,0.2832977513617272,0.34591959135469175,-0.3498967108456745,0.021230451614291573,-0.0564778165830902,-0.11518598491838927,-0.09518244961351638,-0.15497963628738642,0.3550608174698547
1844,61.495000000000005,tracked,1,1,0.2830029631745037,0.3724418615156584,-0.3668081261063536,0.02034618870524349,-0.08661042471230468,-0.05029915153320755,-0.10375476898388075,-0.188365090268697,0.37744341886080063
1845,61.528333333333336,tracked,0,1,0.2516118417541989,0.37066017594879536,-0.353647946121881,0.018769315779743,-0.06017615983291452,-0.11817177769069984,-0.09303133423325169,-0.1498879468192294,0.3592218356716376
1846,61.56166666666667,tracked,0,1,0.2710791696335752,0.3814839261437966,-0.3534073428190393,0.01925233687503336,-0.060122098150561076,-0.118084712062112,-0.09167924805675862,-0.15455815507635,0.3590014890214098
1847,61.595000000000006,tracked,0,1,0.24385900430899396,0.37249059004199836,-0.35300843084843436,0.018698026686121305,-0.06043503068234779,-0.12102663472471477,-0.09403687155704203,-0.1523974470995888,0.3586320696558035
1848,61.62833333333334,tracked,1,1,0.2520595186922325,0.3738853164253774,-0.3694206098115763,0.019617428783526625,-0.09182811102188243,-0.0518280487457821,-0.10803209711106201,-0.18740015268935437,0.38116772218995776
1849,61.66166666666667,tracked,0,1,0.26942906167032243,0.3763657056660116,-0.35378065771682166,0.018144943967246363,-0.06167378055837791,-0.11978983545260907,-0.09558468896332599,-0.15595916434328105,0.35957425933245607
1850,61.69500000000001,tracked,0,1,0.2412753384250167,0.3858745345138459,-0.35399400911095324,0.018126217017204793,-0.06167353078312515,-0.12174022031517161,-0.09221744647743244,-0.1555152943871431,0.359783188363572
1851,61.72833333333334,tracked,0,1,0.2518759809014962,0.3822777776789634,-0.35321596890371537,0.018729654746547864,-0.06113516417964526,-0.11962952303347718,-0.09302884208223126,-0.15481078211241828,0.35895658366268685
1852,61.76166666666667,tracked,0,1,0.24106447849310603,0.3827086234771398,-0.3532408398231708,0.018973531003507127,-0.06129866122199046,-0.11766442942031631,-0.09344684907930115,-0.15726488285124055,0.3590217426080604
1853,61.795,tracked,0,1,0.255798846689142,0.36487627733312467,-0.3515309365886841,0.01948235069502338,-0.06091174464973542,-0.11994505362239874,-0.09864525374648672,-0.1496024269115692,0.35730071648934025
1854,61.82833333333334,tracked,0,1,0.2838515017539293,0.3879505768990463,-0.35225403084381834,0.019221025339385744,-0.06095914830500149,-0.11858442748502551,-0.09506816769859233,-0.15388328397786347,0.35800610025931984
1855,61.86166666666667,tracked,0,1,0.22338579478943071,0.3782255210106223,-0.35203893337360354,0.019234453005508634,-0.060923200187956494,-0.11887463901184497,-0.09608906145746224,-0.15468400669129798,0.3577890595230483
1856,61.895,tracked,0,1,0.2551215125991231,0.35886084676062746,-0.3524356843572173,0.01879283936183951,-0.06173671940814013,-0.11309531099461498,-0.0953934893908678,-0.15640477483939322,0.35829527619395074
1857,61.928333333333335,tracked,0,1,0.2898215899639202,0.3799485135115663,-0.35191088068265647,0.018924235829805958,-0.06067083588493177,-0.12085600701369154,-0.09701364796505889,-0.14974147688905728,0.3576036143155733
1858,61.96166666666667,tracked,0,1,0.2817761334353676,0.39471955793466357,-0.3536322304360918,0.018198183028649284,-0.06221214846188716,-0.12237234567652645,-0.09513943762408397,-0.1517439723521973,0.3595236844562445
1859,61.995000000000005,tracked,0,1,0.303406721542873,0.3916700089441761,-0.3523158651172469,0.019221249926892697,-0.06059579984665442,-0.117537140789489,-0.09608558553268544,-0.15674558143846817,0.35800527401299825
1860,62.028333333333336,tracked,0,1,0.27107184272740864,0.3733446851082571,-0.35130836069406973,0.01945433931008997,-0.0600854156309068,-0.11739463690051569,-0.09807971250204224,-0.15306750353632456,0.35694018095905866
1861,62.06166666666667,tracked,1,1,0.27004515939981166,0.38416555110404915,-0.3690183085820033,0.020627403430058255,-0.09674803552093719,-0.03860673975481936,-0.12166648282797134,-0.18653406721924434,0.3820473586064292
1862,62.095000000000006,tracked,0,1,0.26840655434148897,0.3885107428579869,-0.3529393065105946,0.018301693418368514,-0.06262261667604169,-0.11898828819172652,-0.09917017490605026,-0.15156822155149619,0.3589187905104912
1863,62.12833333333334,tracked,0,1,0.2983141757565056,0.3818482172062507,-0.3482162448442009,0.021108012798182946,-0.057978500766462715,-0.11810504047076521,-0.10278214460260457,-0.15119406284820747,0.3536405066289938
1864,62.16166666666667,tracked,1,1,0.3051834124178746,0.3798055259316603,-0.36906770948661594,0.02095155832407214,-0.09744864184494895,-0.03498351031662825,-0.12070103311279445,-0.19148379734605853,0.38229070061842896
1865,62.19500000000001,tracked,0,1,0.2757362728205492,0.38118447026371444,-0.3516660548382013,0.018458191128061574,-0.06225703833083812,-0.11974472447574154,-0.10217879731392851,-0.15434334720824544,0.3576110425684759
1866,62.22833333333334,tracked,0,1,0.2819903507417014,0.3503360007251347,-0.3516172112056749,0.018447885556796217,-0.061943384690892556,-0.1170628233704684,-0.10043096485930661,-0.15414799823200173,0.35750800075597855
1867,62.26166666666667,tracked,0,1,0.29916441315597686,0.3936511222136133,-0.35081107015383767,0.018856381960253077,-0.06101502792270691,-0.12029097316486766,-0.10029355120116853,-0.15141157358302193,0.35657650471605734
1868,62.295,tracked,1,1,0.2557588987627033,0.36593626472613283,-0.36926207945925327,0.02055265101120765,-0.09945280482148083,-0.031600518536597955,-0.1254332087380357,-0.1919258234783743,0.3829722642398793
1869,62.32833333333334,tracked,1,1,0.24704382473857286,0.36298283011541677,-0.37140097890023344,0.020062716264619612,-0.09952165155007164,-0.03755662050984306,-0.11795138248091488,-0.1877116034663875,0.3850269585876035
1870,62.36166666666667,tracked,1,1,0.256758062827461,0.34851659892075987,-0.3707151706697931,0.02044947118399501,-0.09851730199588171,-0.03568671878546689,-0.118285497660557,-0.18850666162213736,0.384127032931798
1871,62.395,tracked,0,1,0.2675594456869739,0.3667014161652178,-0.3533293227895913,0.01780565653600602,-0.06348867010326398,-0.1196427449947547,-0.09822461590175416,-0.15230857086261773,0.35942935742522547
1872,62.428333333333335,tracked,1,1,0.282741826620731,0.3711165831106419,-0.3725823815031965,0.019563304322052832,-0.10035988617046898,-0.03922110915217912,-0.1163119049223783,-0.188210105797874,0.38635794366719084
1873,62.46166666666667,tracked,1,1,0.28751111985739736,0.37979747758247345,-0.3708296046552943,0.020383874327673523,-0.09813893968772308,-0.039850294985480636,-0.11834908730123388,-0.19089967233236693,0.38413714934179277
1874,62.495000000000005,tracked,0,1,0.26477942352215666,0.38160295044105086,-0.35236855240359194,0.018438382633905792,-0.06213331430128194,-0.1265172582447698,-0.10786832836291792,-0.16505011109210618,0.3582793873825553
1875,62.528333333333336,tracked,0,1,0.2844893565405095,0.3760880932941764,-0.3528585460983864,0.018022130770966205,-0.061861424866294035,-0.11565058768352882,-0.10056790990614943,-0.1583811790657109,0.3586931650292225
1876,62.56166666666667,tracked,0,1,0.26268236832644615,0.36360318733893776,-0.3524676993343893,0.01851930029020743,-0.06240263236804733,-0.11293378956344505,-0.0957867341837375,-0.14935704406950076,0.35842786175711566
1877,62.595000000000006,tracked,0,1,0.27049062072842767,0.36716351115036927,-0.351578303744847,0.018947051362886047,-0.06178116103189574,-0.11672736431169245,-0.09967685915277401,-0.1497216518165097,0.3574677695651746
1878,62.62833333333334,tracked,0,1,0.29616089127405737,0.3784698778653616,-0.3521310863495975,0.019003432601328363,-0.06302061951844429,-0.12152487221193496,-0.10088443208541084,-0.152909335639509,0.3582304159460353
1879,62.66166666666667,tracked,0,1,0.32394435115513326,0.34048236997217135,-0.3529372573211894,0.018795581123117355,-0.06310048351931208,-0.11853980753911472,-0.09877585841459552,-0.1578127160025603,0.35902597746615794
1880,62.69500000000001,tracked,0,1,0.2740425024054338,0.35919123668883046,-0.35198606797277787,0.019239021783900634,-0.06267327448444282,-0.12140126256644376,-0.10281033929368202,-0.15823502369595646,0.3580394829355287
1881,62.72833333333334,tracked,0,1,0.28335680895418225,0.37794087296004664,-0.35319736810178504,0.01876423062769811,-0.06274772463541267,-0.11914998523576051,-0.09967644642509929,-0.15918967820402186,0.35921825417425385
1882,62.76166666666667,tracked,0,1,0.3076019146976162,0.3741588611329326,-0.35143043697363846,0.019085569967026206,-0.061932014137855096,-0.11909806122689037,-0.10139436184171265,-0.1556737225529999,0.35735582461689386
1883,62.795,tracked,0,1,0.25918303459344544,0.386322649456283,-0.3523221787543142,0.018365012748044807,-0.062128118517025765,-0.12295743357792922,-0.09998074398354306,-0.15796832524438947,0.3582291088757143
1884,62.82833333333334,tracked,0,1,0.30947507441540767,0.3689948278935308,-0.35332037020272655,0.01796225889544295,-0.06333944317396945,-0.1238987846059485,-0.10365901717731628,-0.15725164621322804,0.3594020197583858
1885,62.86166666666667,tracked,1,1,0.30977480808456115,0.3662902477738571,-0.37095730812948025,0.02054486062111255,-0.10067903447133003,-0.03422048060925211,-0.1275292720894991,-0.1982803033560663,0.3849255560945393
1886,62.895,tracked,0,1,0.24774446040297302,0.36026446262922507,-0.354699586711475,0.017179429361217635,-0.06432605657998713,-0.1234370358490413,-0.1029017591807528,-0.15869095212300935,0.36089440444761667
1887,62.928333333333335,tracked,0,1,0.26352231444444196,0.3569541909664402,-0.35383608848659254,0.017667358731095262,-0.06366557754876123,-0.1251898125907595,-0.10355549106183985,-0.15817689800192564,0.35995196741321234
1888,62.96166666666667,tracked,0,1,0.2991210695321777,0.37782266184680097,-0.35436094666805285,0.017760381931140434,-0.06440575342383614,-0.12566847398445996,-0.10879214667652812,-0.16048671579698412,0.36060395555777053
1889,62.995000000000005,tracked,0,1,0.3454776697699755,0.37092494580403024,-0.35395619024419767,0.017675499597021804,-0.06357298201910067,-0.128341964711099,-0.10703621468285568,-0.16127512323336612,0.36005406808004803
1890,63.028333333333336,tracked,0,1,0.306223241557796,0.3443757887899347,-0.35565351492894537,0.017016547442277152,-0.06473954202249,-0.13277916509201027,-0.10727864470387766,-0.1615368535856974,0.3618980434728138
1891,63.06166666666667,tracked,0,1,0.27158015421620313,0.37347375746737327,-0.35335698463495935,0.018020001616485315,-0.06330610195839836,-0.12950519644094216,-0.11317834297167624,-0.16102751863144601,0.3594350311165234
1892,63.095000000000006,tracked,0,1,0.27839035415808283,0.3435782174669156,-0.35572822321076575,0.01699780959847963,-0.06518609990076357,-0.13334389893539567,-0.11172716054246291,-0.1615279965049428,0.3620507173589177
1893,63.12833333333334,tracked,0,1,0.2480180627830749,0.359864327646193,-0.35389855450744556,0.01768541439072646,-0.06377594774214546,-0.1303029283580409,-0.11094731747034467,-0.1610329343058625,0.36003379324035684
1894,63.16166666666667,tracked,1,1,0.3007456752488955,0.39063471163228647,-0.3709426452450324,0.020952561651429308,-0.10052284828923608,-0.039223548385484856,-0.1361576932675003,-0.20411651553836052,0.3848925810266024
1895,63.19500000000001,tracked,0,1,0.29278398639522424,0.3635270074871008,-0.35480146298827475,0.016729363311668077,-0.06381426012002095,-0.13363839321451365,-0.11213206893579271,-0.1651955759644501,0.3608825425676609
1896,63.22833333333334,tracked,1,1,0.31652977676315447,0.3660334602104827,-0.3710229099731924,0.019965637924991703,-0.10168453148750078,-0.04449242353071933,-0.14151227558704793,-0.2025954944473381,0.3852224946268845
1897,63.26166666666667,tracked,0,1,0.30461478135032394,0.36116865486109884,-0.35462330454890423,0.016371250545498817,-0.06382318182540625,-0.1351724392388099,-0.10962206849191203,-0.16719920534911234,0.36069253459411554
1898,63.296666666666674,tracked,0,1,0.29580189969946147,0.3894968417600615,-0.352456819535051,0.01712744179713621,-0.06091258639297781,-0.13901697649234718,-0.11489259706362626,-0.16736886092306164,0.3580914716666117
1899,63.330000000000005,tracked,0,1,0.2759143170402827,0.38085289118961085,-0.35249552556955766,0.01703749588225334,-0.05923032985832555,-0.1495317621704096,-0.12198256387414508,-0.1718475171102385,0.3578429876183443
1900,63.36333333333334,tracked,1,1,0.3112732294443504,0.3790318752699449,-0.3677014279129411,0.020461867621333785,-0.09465925406875975,-0.05873198898643276,-0.150256149955326,-0.21197051666680586,0.3802412424982629
1901,63.39666666666667,tracked,1,1,0.2616623846471285,0.39577768316062395,-0.36449362132143603,0.020730648199993706,-0.08895362478674701,-0.07311284934983812,-0.1519411858435934,-0.21226231654606606,0.37576336585876446
1902,63.43000000000001,tracked,1,1,0.3373281592950178,0.397129864826521,-0.36646111420635863,0.019751079923076925,-0.09037759026495601,-0.06761192613989585,-0.14727967920201018,-0.20719716353215753,0.37795761958927865
1903,63.46333333333334,tracked,0,1,0.3099929846256897,0.3793260070256652,-0.34912248173321003,0.01719507888231575,-0.04899696777352719,-0.15967385290052827,-0.10736866999305097,-0.17036893654329474,0.3529630020842478
1904,63.49666666666667,tracked,1,1,0.33162347019060634,0.4334415106146555,-0.3551986481069418,0.023622038435511916,-0.07504038263712987,-0.07715441316292648,-0.13749543244070733,-0.2115844594844622,0.36380645863312366
1905,63.53,tracked,1,1,0.3504239258832819,0.38770504470258876,-0.3582825105667611,0.022221722701101343,-0.07290419007022775,-0.07432863089672537,-0.13871094233071612,-0.2071269621404542,0.36629930830895896
1906,63.56333333333334,tracked,0,1,0.30908259803199584,0.40701229164214453,-0.3411669759231415,0.022499345318376995,-0.033551419268458615,-0.1641035192527183,-0.10209481752775987,-0.16924312147464726,0.343550321983876
1907,63.59666666666667,tracked,0,1,0.3382811437506151,0.4473873334485174,-0.3370313240466809,0.025044947110991755,-0.026627565381264817,-0.1683179536384114,-0.10251226389877231,-0.1663535724683987,0.3390079497631062
1908,63.63,tracked,0,1,0.34949781701636473,0.43039465668442944,-0.3418208669881889,0.02366907256613765,-0.026843797102292177,-0.17001015731879093,-0.10086216517052606,-0.17044208816427606,0.34368927761506796
1909,63.663333333333334,tracked,0,1,0.33887828408700527,0.4199502199480456,-0.3404830840896754,0.025298127011436244,-0.022854229559416184,-0.16912573821930746,-0.1032089687693311,-0.17133920232061883,0.3421856829124478
1910,63.69666666666667,tracked,0,1,0.29620125912814804,0.4409854366702441,-0.34013718656643666,0.02673269540286513,-0.019378398694947507,-0.1724584058940459,-0.09822069117969565,-0.1719001056582755,0.3417359580506764
1911,63.730000000000004,tracked,0,1,0.2958582817522662,0.4268304303272002,-0.3387499352150963,0.028340148496509954,-0.015331373334258325,-0.16783842049390335,-0.10396970202178962,-0.17384337301639097,0.3402789056543919
1912,63.763333333333335,tracked,0,1,0.3296570628380869,0.4339306287137094,-0.3379349475758742,0.02999987373784116,-0.011856808143385578,-0.1689472751293313,-0.09866993381942502,-0.17498971343199954,0.3394710666857256
1913,63.796666666666674,tracked,0,1,0.377963068043647,0.4177709388889076,-0.33821385573336926,0.030440524282954934,-0.00976022691460926,-0.17043717533142785,-0.0975139501622981,-0.17023488746196197,0.33972120887292
1914,63.830000000000005,tracked,0,1,0.3761085717225664,0.4112251753211732,-0.3375163578185954,0.03223807806897569,-0.006400003440646174,-0.16582289219910662,-0.09111737231893671,-0.17329823063459798,0.3391128801988385
1915,63.86333333333334,tracked,0,1,0.299458257906719,0.4380463508804998,-0.338384176528993,0.033457624889357135,-0.004824851823989729,-0.17097042116607544,-0.09338807065940083,-0.17378128758603725,0.34006843838198964
1916,63.89666666666667,tracked,0,1,0.3267687405519374,0.44329204490849805,-0.3381262979139815,0.0343964190634537,-0.0027885582640375106,-0.17177975064435494,-0.09397263977452595,-0.17381210370088282,0.3398827489629258
1917,63.93000000000001,tracked,0,1,0.28224139991551356,0.4376638555703507,-0.3390908325753049,0.03535660090730161,-0.0022715888980388566,-0.1701853339866663,-0.09228793141592745,-0.17327063611790625,0.3409367127201959
1918,63.96333333333334,tracked,0,1,0.355990258275511,0.389842414029707,-0.3365029290990154,0.0376550524608828,0.00025131840855069365,-0.16009758451908876,-0.09325074305239191,-0.16985763914173146,0.338603289158554
1919,63.99666666666667,tracked,0,1,0.34435801097908897,0.4553644954596891,-0.3389244667459446,0.03685309452415744,-0.001278210473249941,-0.1654591355044484,-0.08915710014673585,-0.17232341068042453,0.34092459365238426
1920,64.03,tracked,1,1,0.3263684034938735,0.4320813897012149,-0.35621475869899577,0.034884248983954314,-0.02977963607899592,-0.08713024036726524,-0.09966481905317955,-0.20822087563215702,0.3591555260150618
1921,64.06333333333333,tracked,0,1,0.38612094567472705,0.44088848473033465,-0.3373949745151352,0.03887867491271607,0.001449930218144102,-0.16392006371211215,-0.09264729970771406,-0.17501347383826624,0.3396307148781966
1922,64.09666666666666,tracked,1,1,0.3536200867342281,0.45545499399364414,-0.35586543460055414,0.03575295886805527,-0.03093796991397757,-0.08291424489660272,-0.11045841315597939,-0.2127425347991668,0.3589925341753785
1923,64.13000000000001,tracked,0,1,0.30936595770311115,0.4278403181204673,-0.3386533962134537,0.03901315399798139,0.0005165497490539073,-0.16739027486716337,-0.09193597949177372,-0.1738504955238526,0.3408935549044891
1924,64.16333333333334,tracked,0,1,0.3351615868678026,0.42914306222128273,-0.33902594421491383,0.03959963709873024,0.0008515009481548375,-0.16777081187923237,-0.09127820062351594,-0.17653468282868426,0.3413318724687598
1925,64.19666666666667,tracked,1,1,0.3158877224954288,0.4083706866995473,-0.3545842627869356,0.037690580901219656,-0.02774110167854066,-0.08259204223482897,-0.10740490652857204,-0.21332552827762172,0.35765926246522
1926,64.23,tracked,1,1,0.36745605106709184,0.43661776827836113,-0.3562047506282152,0.037544192626632195,-0.028306189909602264,-0.08751619267740883,-0.10447694195326965,-0.21613036794487145,0.35929463001455103
1927,64.26333333333334,tracked,0,1,0.3126755169027025,0.424565925372758,-0.33910289346250705,0.04085956319621481,0.0016899569307534668,-0.1704767202492022,-0.09382380134943638,-0.178925786978694,0.34155985158337576
1928,64.29666666666667,tracked,1,1,0.33102959139553484,0.4363733142036789,-0.3557440187063907,0.038649298761267825,-0.02900615404059126,-0.080904880118929,-0.11336598535583209,-0.21562462954303901,0.3590110473402415
1929,64.33,tracked,0,1,0.30919986581759157,0.43478873689115777,-0.339010457732562,0.04158448137830345,0.00232236120470547,-0.1704069925152277,-0.0957370185699861,-0.17658104776013792,0.3415592963236527
1930,64.36333333333334,tracked,1,1,0.3523485166605281,0.44529625567824055,-0.35580822716138716,0.0386446876445303,-0.027979365048617866,-0.08628078706830988,-0.10978659796911769,-0.21658484242054116,0.35899268971303083
1931,64.39666666666668,tracked,0,1,0.2994603311684148,0.4480768683388517,-0.33870838213722976,0.04197517083589697,0.0019416052720492294,-0.17108148560882241,-0.09722486610670329,-0.17825602411671215,0.34130492660926365
1932,64.43,tracked,0,1,0.32159218110968746,0.46262026477928186,-0.3373877625281665,0.04207154037333033,0.0029249199431087836,-0.17152506105189913,-0.09732111090619726,-0.1795864055429104,0.3400133408703559
1933,64.46333333333334,tracked,0,1,0.3306812078575461,0.42307035144529487,-0.3381251548763997,0.04188073728206876,0.0018921523966566323,-0.17214080771004492,-0.09835128199525738,-0.1759949637386488,0.34071424501504355
1934,64.49666666666667,tracked,1,1,0.31725425963101234,0.43736564551119056,-0.354366213579346,0.03888057976433518,-0.02722500277290235,-0.08857569814840632,-0.1113536010183053,-0.21704959723551576,0.35753085682967006
1935,64.53,tracked,1,1,0.33898090257838,0.41769379083121727,-0.3550427449863841,0.039001663155623395,-0.027448081837019522,-0.08997565363660949,-0.11092535514639804,-0.2178735232997069,0.35823159784265685
1936,64.56333333333333,tracked,0,1,0.32906747029831473,0.42801376775509203,-0.3387323329484369,0.04241150700666177,0.00148857359135679,-0.17152952261006627,-0.10074551018606027,-0.17848650575213834,0.34138035263120187
1937,64.59666666666666,tracked,0,1,0.3123362802419702,0.4297176909542149,-0.33960764730512694,0.042609135569664475,0.0013138691778668554,-0.1720386473598992,-0.0995300012999881,-0.1817850147768424,0.3422727257529207
1938,64.63000000000001,tracked,0,1,0.3422887973221284,0.4112278662186167,-0.340020843193968,0.04205482090383053,0.0009374013944726811,-0.17305440770216488,-0.10137196197669529,-0.17933739267532592,0.3426129893757162
1939,64.66333333333334,tracked,0,1,0.32293565837685256,0.45877159387522404,-0.3411549585998993,0.04183767820922915,-6.715665806350524e-05,-0.17171425824338388,-0.10404959332651247,-0.1771252184420472,0.34371078191592236
1940,64.69666666666667,tracked,0,1,0.34352314117350563,0.4490733244862118,-0.344354859426825,0.040688639490945866,-0.002256169306040001,-0.1723279463144346,-0.10129471148488632,-0.17999778574756123,0.34675773227778217
1941,64.73,tracked,0,1,0.3274547074075986,0.4493803974062482,-0.3446880418405778,0.040655395878024664,-0.0030803416626487556,-0.1678136835624536,-0.10296117049431971,-0.17948124214690336,0.347091048439238
1942,64.76333333333334,tracked,0,1,0.3392776664954894,0.4659279320093782,-0.34301439013645285,0.042021665515228956,-0.0026870027767480487,-0.17158368987686365,-0.10994376750867318,-0.17462738556780485,0.34558922465447145
1943,64.79666666666667,tracked,1,1,0.341646987055869,0.44251784013353873,-0.35975849558938117,0.04005951344584263,-0.03566967884166217,-0.09091665797132621,-0.13675912066265739,-0.2096922367878403,0.36373515881052765
1944,64.83,tracked,0,1,0.3480848472371333,0.43240131675284865,-0.3418928925654062,0.04439026113860384,-0.004326022660835982,-0.1688174388806049,-0.1166196276873181,-0.17577004527522033,0.3447897326527516
1945,64.86333333333334,tracked,1,1,0.35663599339636143,0.4170949716571799,-0.3663560423200629,0.041431801556213954,-0.045831049616863295,-0.07758591915013524,-0.14621588101380265,-0.2170778375664821,0.37152904197868114
1946,64.89666666666668,tracked,1,1,0.41076819863437486,0.3610860685271401,-0.3680451690773753,0.04289285662385375,-0.04791029741683389,-0.07631217039100455,-0.15211629747327546,-0.21258773130520658,0.3736207170769813
1947,64.93,tracked,1,1,0.27155693156034955,0.4209038684611256,-0.37425787640134955,0.04417454455792477,-0.05396055680953871,-0.07380140056977498,-0.15587398138585856,-0.22258595770669634,0.380699474817793
1948,64.96333333333334,tracked,0,1,0.32047446277858327,0.4029623945556954,-0.36240289116513935,0.04567163640221472,-0.021839406371463033,-0.16807924352012985,-0.12507792730032224,-0.18821927226799162,0.3659217314770548
1949,64.99666666666667,tracked,0,1,0.30641755504472157,0.3757282415075389,-0.3656637110461196,0.0467862587808279,-0.023955139962632876,-0.17405031562823003,-0.12736446802123189,-0.19493350120854472,0.36942218709405633
1950,65.03,tracked,0,1,0.29580172373033625,0.39810505636673116,-0.3716691712627682,0.04702568798941198,-0.027906470381920512,-0.1802466368475864,-0.13006226627183465,-0.19946612299211874,0.37567028001587704
1951,65.06333333333333,tracked,0,1,0.34395132634450626,0.3970680949716981,-0.3764339175961802,0.04725076538766562,-0.030494915874736517,-0.18001751007964162,-0.13109037152355085,-0.20739326901209576,0.3806114410271127
1952,65.09666666666666,tracked,0,1,0.29464739476873214,0.39329091680935113,-0.37964910972228805,0.04719691221543401,-0.03205809186109648,-0.18044057813198178,-0.13331457316208087,-0.20543852021123116,0.3839123810055776
1953,65.13000000000001,tracked,0,1,0.3312931748672664,0.396118467835314,-0.381953994830367,0.047591154964592014,-0.03191585455438717,-0.1825590071381593,-0.13199342050636506,-0.2096597743124009,0.3862284220117373
1954,65.16333333333334,tracked,0,1,0.3603874336785006,0.42229402441394753,-0.3817680301506196,0.049331596209479495,-0.029590006352938625,-0.18532269586812952,-0.13513692985751666,-0.21207634009843998,0.38607771718350503
1955,65.19666666666667,missing_tag,0,0,,,,,,,,,
1956,65.23,tracked,0,1,0.3431455882401391,0.41281265182050286,-0.3878953338534951,0.04955596072355217,-0.02739685258496094,-0.19622750220784047,-0.14159055517958336,-0.22094935406248686,0.3920065953528215
1957,65.26333333333334,tracked,0,1,0.3272574229441139,0.3825895727512359,-0.39610927665535267,0.04771059755884491,-0.030188021198377102,-0.19145167300864568,-0.1346443023809607,-0.2263418882665299,0.40011270511659897
1958,65.29666666666667,missing_tag,0,0,,,,,,,,,
1959,65.33,tracked,0,1,0.29244793438925165,0.36714383942268203,-0.40711420575396107,0.04764969177348996,-0.031759980870223636,-0.19205803077284075,-0.13358677688193005,-0.22301602463320816,0.4111218384343796
1960,65.36333333333334,tracked,0,1,0.36896823280514895,0.3850966776417241,-0.4102826458782455,0.04912517468212044,-0.0323559437060022,-0.18498312880740517,-0.1337417652581219,-0.23330054725547913,0.4144780324570997
1961,65.39666666666668,tracked,0,1,0.3317948480815736,0.3469479653301348,-0.41456953214755043,0.05092135267137737,-0.033468195269709344,-0.18509633103511505,-0.1354476966698816,-0.23141241834779958,0.4190238671454563
1962,65.43,missing_tag,0,0,,,,,,,,,
1963,65.46333333333334,missing_tag,0,0,,,,,,,,,
1964,65.49666666666667,missing_tag,0,0,,,,,,,,,
1965,65.53,missing_tag,0,0,,,,,,,,,
1966,65.56333333333333,missing_tag,0,0,,,,,,,,,
1967,65.59666666666666,missing_tag,0,0,,,,,,,,,
1968,65.63000000000001,missing_tag,0,0,,,,,,,,,
1969,65.66333333333334,missing_tag,0,0,,,,,,,,,
1970,65.69666666666667,missing_tag,0,0,,,,,,,,,
1971,65.73,tracked,0,1,0.28491117469896315,0.27343373342812566,-0.4888958894927625,0.08646212921985308,-0.06289064065232985,-0.2223540535266935,-0.19647539035915962,-0.33899575562941053,0.5004499208050797
1972,65.76333333333334,tracked,0,1,0.30458241622075877,0.31022524200141866,-0.4857884685148783,0.0936798694984983,-0.060127660053108045,-0.21605750559901415,-0.20648844940349448,-0.3558556439143503,0.49837906215525213
1973,65.79666666666667,missing_tag,0,0,,,,,,,,,
1974,65.83,tracked,0,1,0.2833445712897038,0.28479757548041174,-0.5114866423828816,0.1010022883635947,-0.07332281737612611,-0.22954927313823037,-0.21356915739639973,-0.3858843421871107,0.5264943334346242
1975,65.86333333333334,tracked,0,1,0.2962545095249739,0.253652044001055,-0.5123879587005394,0.10625860882331056,-0.07441467567717835,-0.21547393138320817,-0.21816484397271493,-0.3970148408371247,0.528554496836902
1976,65.89666666666668,missing_tag,0,0,,,,,,,,,
1977,65.93,missing_tag,0,0,,,,,,,,,
1978,65.96333333333334,tracked,0,1,0.36897030557713023,0.2091372348220793,-0.5338534009508525,0.11793144280842552,-0.08112097497766818,-0.22859348253864148,-0.21256081727163545,-0.41596401019659085,0.5527095905545661
1979,65.99666666666667,tracked,0,1,0.27191607469033485,0.2967279031761354,-0.5410474579362392,0.12125038706706273,-0.08770822334910433,-0.2111239815103014,-0.21355676892221384,-0.4169263236652233,0.5613615061136944
1980,66.03,tracked,0,1,0.3255821936369205,0.18569179852556567,-0.5380842819445315,0.12522967891219852,-0.0837594408512497,-0.2084469410442803,-0.21451391856606983,-0.42784440356794173,0.5587779620635807
1981,66.06333333333333,missing_tag,0,0,,,,,,,,,
1982,66.09666666666666,tracked,0,1,0.2451426765796053,0.24261077805360898,-0.5418235422597816,0.1298305314105821,-0.08290631288064476,-0.21683908314479294,-0.2092128830451439,-0.43482995382377637,0.5632958144250273
1983,66.13000000000001,tracked,0,1,0.35199740320081047,0.2329568339714722,-0.5445220217356205,0.12924142377859715,-0.08643047777724189,-0.2102426289252509,-0.20939718420367262,-0.4291511422792783,0.5662842089129528
1984,66.16333333333334,tracked,0,1,0.33190082853457215,0.23053847705287722,-0.5470382817715647,0.13034693718627527,-0.08837482618359144,-0.20782810377756644,-0.20863062631305626,-0.43655847151973937,0.5692550532585622
1985,66.19666666666667,tracked,0,1,0.27747677346722,0.23836332487276612,-0.5442562961645637,0.13302959384892823,-0.08722570301575833,-0.21026252393237854,-0.22278380187375432,-0.44503645075860243,0.56702743498086
1986,66.23,tracked,0,1,0.26517642680499115,0.2757446498437897,-0.5517827393302324,0.13190920166140974,-0.09445042612785365,-0.2078795082233402,-0.2354686377013378,-0.45095258287529166,0.5751392108885106
1987,66.26333333333334,tracked,0,1,0.33813751325296504,0.160924491977871,-0.5541440662832251,0.1335687240760259,-0.097018669642426,-0.2078565185028586,-0.2422192358176875,-0.46002260306624254,0.5782117886271354
1988,66.29666666666667,tracked,0,1,0.3133942528637413,0.17908742196564847,-0.5532559419932038,0.13505159468927766,-0.0974785961251412,-0.20608780418903241,-0.25024110009861766,-0.46490197725124865,0.5777829586284392
1989,66.33,tracked,0,1,0.26328327094568277,0.19517294506059646,-0.5573038583120278,0.13611867892755392,-0.10106227840265491,-0.20480916812747124,-0.2539807894732179,-0.46540949977250123,0.5825199304387713
1990,66.36333333333334,tracked,0,1,0.30568745385164964,0.20786737939246613,-0.559979490205176,0.13654839351090567,-0.10419239848157025,-0.2046345155017044,-0.2573617308893675,-0.47136669286184285,0.58572907484792
1991,66.39666666666668,tracked,0,1,0.3111503971086664,0.18928384589024788,-0.560915661100363,0.13708960521916239,-0.10488744163337288,-0.1991112616810922,-0.2565979571508781,-0.4746231070152567,0.5868741893619085
1992,66.43,tracked,0,1,0.37146089356579914,0.18409835388371176,-0.5626158788364282,0.13865011997519613,-0.10610718825965676,-0.19915254145069897,-0.2628922335944641,-0.48268713257115825,0.5890833712543522
1993,66.46333333333334,tracked,0,1,0.3237101757744692,0.18127363795488244,-0.5618735396122183,0.14087721620302496,-0.1053003474268091,-0.1988618559713558,-0.26337758562522223,-0.4882821147275313,0.5887583780547702
1994,66.49666666666667,tracked,0,1,0.2895501867965039,0.15855425275439639,-0.5646007438160943,0.1413756624362058,-0.10758001475093987,-0.19496087083553074,-0.2661198141035623,-0.4916464503259506,0.5918906465055647
1995,66.53,tracked,0,1,0.33461132714427533,0.17713741697286223,-0.5687790371049444,0.1411711547635924,-0.11077366034490227,-0.19733407756437446,-0.26453629617233576,-0.489620269352828,0.5964140271770287
1996,66.56333333333333,tracked,0,1,0.34442891351676824,0.13821228597361807,-0.5693249956149509,0.140812750761127,-0.11165638024475505,-0.19769623065028177,-0.2677538916768731,-0.4903598923309591,0.597014512937701
1997,66.59666666666666,tracked,0,1,0.2814931874456448,0.17468218940640978,-0.5660231730864076,0.14112702285236203,-0.11074538496825775,-0.19338714644066368,-0.2712975032179144,-0.4899886172375092,0.5937706706648148
1998,66.63000000000001,tracked,0,1,0.33864978159873543,0.17761187738173562,-0.5704063600233649,0.13917900334252198,-0.11563813313325594,-0.18638380804094118,-0.26510810330336493,-0.4848608177869698,0.5984199097298376
1999,66.66333333333334,tracked,0,1,0.30219945204668813,0.22722740001286307,-0.5656989285836329,0.14045619330310688,-0.11206745025955334,-0.18151310560763237,-0.2660311875586324,-0.48647751286363866,0.5935506157401804
2000,66.69666666666667,tracked,0,1,0.26290403796625034,0.1956380314235599,-0.5638334484482367,0.1398636086991282,-0.1130805667663185,-0.17747471041673352,-0.26036027154999114,-0.4821084642762356,0.5918253130844988
2001,66.73,tracked,0,1,0.2797748494666256,0.15269095015373269,-0.5645129416000574,0.14004757770936163,-0.11387808317380954,-0.16949149710248815,-0.25642803216284477,-0.4819820282172453,0.5926688814874209
2002,66.76333333333334,tracked,0,1,0.2614654527874738,0.18120410359261024,-0.5676610126559274,0.13930798469091468,-0.11727505530494559,-0.1737029296279947,-0.2573054656080387,-0.47782909446521504,0.5961536534191291
2003,66.79666666666667,tracked,0,1,0.29069191519963167,0.1786747808620504,-0.5668838397558295,0.13805379075469768,-0.11741844347631492,-0.17451655013698394,-0.2537318211856196,-0.47638868767917036,0.5951497524039268
2004,66.83,tracked,0,1,0.2578426543277028,0.2339473627563946,-0.5638632242969598,0.13734989748278284,-0.11731366341878513,-0.16799709789018666,-0.26295576909759794,-0.47707308262318593,0.5920888663687492
2005,66.86333333333334,tracked,0,1,0.2623874419646851,0.19705859248189855,-0.5638966862460814,0.13658299206191982,-0.11811075255710934,-0.17032264714066053,-0.2584329291499143,-0.47681104784240796,0.5921017955972644
2006,66.89833333333334,tracked,0,1,0.28810110738850453,0.21120938594017247,-0.5637106944426757,0.13612476960499728,-0.1194958609363409,-0.16713276188105455,-0.25479482404593434,-0.47321637893537216,0.5920970872331451
2007,66.93166666666667,tracked,1,1,0.3217973578040508,0.21701153045706528,-0.5667890299891746,0.14119410130543947,-0.18603757212040406,-0.061603170351953625,-0.34063484675534667,-0.4960073884429132,0.6130216611180838
2008,66.965,tracked,0,1,0.2581825505939501,0.1568944854267808,-0.5574668206832532,0.13540644934820065,-0.11698253274977244,-0.16178785567073878,-0.2562124174371564,-0.468143612736316,0.5854819174460751
2009,66.99833333333333,tracked,0,1,0.36316645496355193,0.20968667259360974,-0.5576232307041704,0.13455300178403767,-0.11775595413398876,-0.16579248924986528,-0.25574722930882404,-0.4652518094812042,0.5855891413303851
2010,67.03166666666667,tracked,0,1,0.3631198872813454,0.17196244510478093,-0.5570014267187181,0.13451448467707433,-0.11774206425132078,-0.16131173939341947,-0.25275433283021276,-0.46876752334418953,0.5849854097742853
2011,67.065,tracked,0,1,0.3079863832967536,0.18568890197266213,-0.5590895192015801,0.13254359607415656,-0.12054245036333278,-0.16427450746924432,-0.2514088913953102,-0.46192934553185666,0.5870940109394063
2012,67.09833333333334,tracked,0,1,0.22447520419954128,0.20308627917365699,-0.560341995333166,0.13226697944692023,-0.1222293951300445,-0.16273183374429329,-0.25178185269536635,-0.46187798940588987,0.5885726213644519
2013,67.13166666666667,tracked,0,1,0.2856806667314867,0.17686524004476084,-0.5576628943869306,0.13221178481564505,-0.1214025689084518,-0.16253549348016313,-0.24797655065517768,-0.4613594879165689,0.5858382400950954
2014,67.165,tracked,0,1,0.2965456182951885,0.16756607044955035,-0.5548471326681588,0.1311081379536577,-0.12245373045883001,-0.15644893655497763,-0.25010165040812193,-0.45684032654761475,0.5831291457053372
2015,67.19833333333334,tracked,0,1,0.3199712941830162,0.18161301000006191,-0.5590296015477301,0.12974475807444877,-0.1263814781292283,-0.15907548403492214,-0.2512154986550914,-0.46217955452735526,0.5876394095604376
2016,67.23166666666667,missing_tag,0,0,,,,,,,,,
2017,67.265,tracked,0,1,0.29541539279701495,0.13483924040923562,-0.5541344364030794,0.13009992875815082,-0.1254168726598338,-0.14436383519084006,-0.2446241106960278,-0.460578613731498,0.5828553482798347
2018,67.29833333333333,tracked,0,1,0.2452424559466413,0.22713457446747892,-0.5580665031218806,0.12885917767086028,-0.12841792357092074,-0.1520035217011162,-0.24646148252975447,-0.4620981636840645,0.5869702485398737
2019,67.33166666666668,tracked,0,1,0.2350995253190116,0.21977659843051492,-0.5612378360695613,0.12728066192982215,-0.1323471985151008,-0.1651436128737503,-0.24032584411307303,-0.45641953723205647,0.5905116903941301
2020,67.36500000000001,tracked,0,1,0.29491424099433583,0.19060416883532028,-0.5573704649666303,0.12874156566523867,-0.129310781079089,-0.17613896663322615,-0.2299857802859418,-0.458912017420547,0.5864789033293003
2021,67.39833333333334,tracked,0,1,0.28949615219566105,0.1995870219528189,-0.5583127993302548,0.12765059472850057,-0.1311428394126592,-0.18431308280124797,-0.2215005262577034,-0.4637128808970233,0.5875425946769645
2022,67.43166666666667,tracked,0,1,0.306477346277616,0.24058078157882434,-0.5577067274734286,0.12802904107296895,-0.13178887345222523,-0.18781239960679946,-0.21472117163480664,-0.4665111608010529,0.5871937809556499
2023,67.465,tracked,0,1,0.25927640239187105,0.24681482446099484,-0.5574915002969171,0.1277563069003688,-0.13167990589341189,-0.1883140265883788,-0.1966969824405849,-0.4595460115327665,0.5869054817193536
2024,67.49833333333333,tracked,0,1,0.24974766500421824,0.2490730917661349,-0.5563666804042677,0.12745546989221596,-0.13136474613810833,-0.18404550752400564,-0.18988700312278126,-0.46146490606774737,0.5857008420665278
2025,67.53166666666667,tracked,0,1,0.31518448434462654,0.19205483292794956,-0.55750286925971,0.1261711228531337,-0.13253828033747622,-0.1852434623225773,-0.19252409821708238,-0.4600084450615997,0.5867665611038562
2026,67.565,tracked,0,1,0.2579901686560297,0.21199879143708145,-0.5569139192867715,0.12571520072357079,-0.13184358844434763,-0.18365132684556143,-0.1921600585804066,-0.46087823196987104,0.5859523504536891
2027,67.59833333333334,tracked,0,1,0.2835486487272392,0.24207540935690292,-0.5562652633994323,0.12595999997821883,-0.13115125006883394,-0.18197627263512653,-0.19511608308351538,-0.4608327167187654,0.5852329581064027
2028,67.63166666666667,tracked,0,1,0.30674012853115024,0.22303934749075954,-0.5547027066775708,0.12707845341568272,-0.13037673760461127,-0.1770563852838917,-0.19513663322947655,-0.46227102476693926,0.5838168546953459
2029,67.665,tracked,0,1,0.30308585684115297,0.22128192579468264,-0.5549936570540545,0.12635445183731922,-0.12979920275254464,-0.18090551999535023,-0.19652130142172358,-0.46375231344996415,0.5838075366972741
2030,67.69833333333334,tracked,0,1,0.2588671437488719,0.2109986902115467,-0.5568960188644412,0.1247116323710532,-0.13290123303880802,-0.18343809137768985,-0.19838519914146222,-0.46367346931000736,0.58595981502058
2031,67.73166666666667,tracked,0,1,0.22175313636570435,0.18963480137599245,-0.559699970433459,0.12414064037067343,-0.13385338522555473,-0.18317191045543937,-0.19463839270071104,-0.4636662596496863,0.5887203786443922
2032,67.765,tracked,0,1,0.2562405697595408,0.22594439424494822,-0.5551419200637999,0.1251748017094184,-0.13129544190421105,-0.1787347865797193,-0.19711240696291832,-0.4688722287751152,0.584028916629936
2033,67.79833333333333,tracked,0,1,0.23863126292327075,0.21765266563023222,-0.5582078205337477,0.12499830951320204,-0.13327994448134245,-0.18164641959959055,-0.1935835590801104,-0.4672734162663381,0.5873534641824671
2034,67.83166666666668,tracked,0,1,0.2841671582576492,0.22823307922356212,-0.5559205327262453,0.12576542770940802,-0.13111277533751958,-0.18152870340944052,-0.1947326856642348,-0.467322912951646,0.5848548036652085
2035,67.86500000000001,tracked,0,1,0.23900178622040436,0.23137611772972405,-0.555787157955025,0.12526313519152713,-0.13327161787840908,-0.17877986077366403,-0.19121060554256397,-0.46261954924532916,0.5851081456599826
2036,67.89833333333334,tracked,0,1,0.22656857553727783,0.2271919296371655,-0.5560903460529834,0.12426607477995269,-0.13059928633693707,-0.15325818037242914,-0.17118311885143592,-0.4597461947100244,0.5845807933094115
2037,67.93166666666667,tracked,0,1,0.23464288230077335,0.20920323803660573,-0.5559243276245571,0.12308795448305229,-0.1317490735621678,-0.13696885783555843,-0.16127128942336066,-0.46205079056266474,0.5844316221493558
2038,67.965,tracked,0,1,0.21335629711627618,0.20371140333533255,-0.5553014535451599,0.12397940018779591,-0.13001919598914224,-0.14568315794776607,-0.1646331864973937,-0.45910516648762656,0.5836399466331584
2039,67.99833333333333,tracked,1,1,0.21268920581300568,0.22089092963643955,-0.561037922156551,0.12503749976747652,-0.20104184090666932,-0.06530109932653465,-0.26058003572969474,-0.4747053161220269,0.6089464247706726
2040,68.03166666666667,tracked,0,1,0.2259120395704079,0.21414399966583386,-0.5563929850355764,0.12282487357057839,-0.1318574528434095,-0.14380921596823176,-0.1622455320789835,-0.45810621938051044,0.5848465535803213
2041,68.065,tracked,0,1,0.22980207910940578,0.19528672681919737,-0.5574456542818057,0.12304763531623703,-0.13259100090418058,-0.143449366045146,-0.1595575878803122,-0.4582153219377083,0.5860603651121278
2042,68.09833333333334,tracked,0,1,0.23459292950346652,0.23679534205931793,-0.5578290530935965,0.12320258946794424,-0.13261391669224815,-0.14736498883563634,-0.1619304416947839,-0.4570619989720856,0.5864627707087329
2043,68.13166666666667,tracked,0,1,0.225593613979749,0.2206542882465605,-0.5572494864034148,0.12346277550394799,-0.13230191969159805,-0.14413380867312547,-0.16375673487375117,-0.46025379485970314,0.5858957629016358
2044,68.165,tracked,0,1,0.2139918325553638,0.21190155018404372,-0.5579510840069155,0.12269590842902259,-0.13277199040764975,-0.14448694319756156,-0.1615837635664078,-0.45979399456128534,0.5865083968081993
2045,68.19833333333334,tracked,0,1,0.24867606538251194,0.2294416868176494,-0.5558277909311555,0.12319240245280322,-0.13066971999983917,-0.14463101731486616,-0.16232704794663366,-0.45813240700515373,0.5841194029634166
2046,68.23166666666667,tracked,0,1,0.2731579423685423,0.22075686391981098,-0.5585851261015785,0.12273378808456531,-0.13246753058898797,-0.14756042668773744,-0.16153729084352134,-0.4574192016179577,0.5870507409925039
2047,68.265,tracked,0,1,0.2381566465391664,0.22359724996695235,-0.5562847730778304,0.12315792447234289,-0.1312913115240557,-0.14544811411742642,-0.16248570815212526,-0.4572904031804415,0.5846862676686492
2048,68.29833333333333,tracked,0,1,0.2558650646134129,0.19742071522263144,-0.5576742119744219,0.12264886508591741,-0.13203654692287764,-0.14603362625779215,-0.16348600174456485,-0.458434191463539,0.5860690407549893
2049,68.33166666666668,tracked,0,1,0.2649659950013898,0.20992419285681846,-0.5592664089496173,0.12242010193609851,-0.1320325900231037,-0.1485492164657284,-0.1584021383731588,-0.45979509168370436,0.5875357030561243
2050,68.36500000000001,tracked,0,1,0.24664695491440963,0.22956726928778864,-0.5549309963079334,0.1231241413443277,-0.12998528673242282,-0.14644683474624368,-0.1646388397195143,-0.4587009586653894,0.5830987391617339
2051,68.39833333333334,tracked,0,1,0.2845134775885326,0.20055652087858722,-0.5576265050922481,0.1221966436460794,-0.131998522290468,-0.14677972818348495,-0.1613627972285507,-0.45916625059772354,0.5859205993875187
2052,68.43166666666667,tracked,0,1,0.3102735103784349,0.19262897704150944,-0.5559541202788056,0.12339010050720975,-0.13043028529990697,-0.13813639207579761,-0.15655435760561262,-0.46623864815623883,0.5842278323407532
2053,68.465,tracked,1,1,0.23185744387434234,0.21986471775252134,-0.5628429696673667,0.13093273946371178,-0.18200748829622027,-0.053153509155864476,-0.21863150124666234,-0.483760333851996,0.6058566798867132
2054,68.49833333333333,tracked,0,1,0.22995135257946694,0.2126665141092481,-0.5603847808288287,0.12226815153905654,-0.13376603800652603,-0.14538581891637303,-0.16101779080531323,-0.45664505831102453,0.5889600634926917
2055,68.53166666666667,tracked,0,1,0.2573545054360507,0.20495904456946157,-0.5561706757687401,0.12395640985544709,-0.13033399491839542,-0.14405620639308497,-0.16550392415976947,-0.4590593232278728,0.5845322594696524
2056,68.565,tracked,0,1,0.19729106696605778,0.2178735321946861,-0.5594994318559827,0.12193462839126779,-0.13418741517223098,-0.14524207767795116,-0.1650847453475397,-0.4578194688737049,0.5881444807517017
2057,68.59833333333334,tracked,0,1,0.20446949375852866,0.22847438960746416,-0.5592187064322933,0.12364818563616872,-0.13373937187152135,-0.142376118024973,-0.16403974548725497,-0.4587479967487791,0.5881331949682087
2058,68.63166666666667,tracked,0,1,0.31824715469469483,0.1974136699970584,-0.5547986204068154,0.12385022243879898,-0.13215057483549947,-0.14337991162594405,-0.16132654277245673,-0.4629150050459538,0.5836130235291178
2059,68.665,tracked,0,1,0.25472949285858243,0.22185451745661516,-0.552544443909702,0.12452147700800012,-0.12987645255813862,-0.14282882330769697,-0.1657787090126995,-0.45917056020299635,0.5811014142650336
2060,68.69833333333334,tracked,0,1,0.23366909010987286,0.22193643119379197,-0.5573019673527733,0.1250256059160647,-0.13179229865437875,-0.14312947652109445,-0.1675177840151128,-0.4580776243788054,0.5861621746023498
2061,68.73166666666667,tracked,0,1,0.24052796212831556,0.21215185639900147,-0.5554989706765108,0.12654189191216675,-0.12945353139511662,-0.14310525314264147,-0.16703352367310934,-0.4632819556309021,0.584251806691293
2062,68.765,tracked,0,1,0.2586046493865035,0.20478015701235075,-0.5595695977724654,0.12405412857500184,-0.13425397909570536,-0.14566193606958744,-0.1690022660097821,-0.45687524576368194,0.588669425459461
2063,68.79833333333333,tracked,0,1,0.20549540972644778,0.23058352445823846,-0.5575865465116367,0.12510685595241533,-0.1333314255059222,-0.14101013561509196,-0.1717446808582666,-0.4590088910171798,0.5867978794137836
2064,68.83166666666668,tracked,0,1,0.2555103325820481,0.23428891990016748,-0.5586604818067689,0.12557433173660015,-0.13343879453368523,-0.1392593218030794,-0.16475948615736566,-0.45959103765619963,0.587942478997961
2065,68.86500000000001,tracked,0,1,0.21145472149261962,0.21213666155957273,-0.5588464149093502,0.12581979368173996,-0.13429012367907373,-0.13549195167067077,-0.16381222463512765,-0.4603920701798278,0.5883653399520489
2066,68.89833333333334,tracked,1,1,0.2381673272363684,0.2227307810743343,-0.5648582318679797,0.14586353640047983,-0.17560436173902721,-0.014551457568953773,-0.20054725384159233,-0.507553165196325,0.6092436993700021
2067,68.93166666666667,tracked,1,1,0.3221174581887017,0.17151952003587367,-0.5681074924599597,0.14488339321360333,-0.17064770034339904,-0.023213651490757763,-0.18403150320354147,-0.5108212024326074,0.6106209611950127
2068,68.965,tracked,0,1,0.2954329386818261,0.22670707788075373,-0.5570340839715919,0.1270387171614563,-0.1314937868856425,-0.13353824121567576,-0.16264701169866386,-0.4606097711334302,0.5862733341655799
2069,68.99833333333333,tracked,0,1,0.23691380774825274,0.20227610535345922,-0.5572849008755913,0.1267845314575406,-0.1316058532874554,-0.13239061690980852,-0.1615225249683861,-0.4650037840752005,0.5864817804334121
2070,69.03166666666667,tracked,0,1,0.301317397367833,0.20325477379077922,-0.5585333361551625,0.12632904083134303,-0.13150051463546125,-0.13713441601490603,-0.17151344452923895,-0.45870037315487894,0.5875465083747619
2071,69.065,tracked,1,1,0.27432605016565625,0.20307920033468946,-0.5681613177128053,0.14192362541756132,-0.1671798249035641,-0.03649072432427252,-0.18768255100078657,-0.5038212819111402,0.6090145254849033
2072,69.09833333333334,tracked,0,1,0.3118128640450198,0.22365887944846702,-0.5615257929944008,0.12748839039578755,-0.13322368471920049,-0.13404045329279363,-0.16221558401673014,-0.4635439597675492,0.5910271195587055
2073,69.13166666666667,tracked,1,1,0.2614315532221457,0.18353335522378578,-0.5737359750043642,0.14507298446257433,-0.16161181488565746,-0.039720570928966525,-0.1641764629505016,-0.508868068749234,0.6134635429638201
2074,69.165,tracked,0,1,0.24205109001775926,0.20413054786396279,-0.5573825817865535,0.12796308234486833,-0.13090740090043235,-0.12969035291044212,-0.17071932146716326,-0.4618491362418032,0.5866742201023922
2075,69.19833333333334,tracked,1,1,0.29628350728510433,0.1696655722337479,-0.5674186862622057,0.14340597260413412,-0.1499163591428767,-0.04818982086303342,-0.16080810062788184,-0.5060230891164544,0.6041557359131179
2076,69.23166666666667,tracked,1,1,0.20954369105120543,0.2177708512363614,-0.5742304672280716,0.1441458487858358,-0.15413379439217345,-0.04710174068991865,-0.15218047815771066,-0.5091641740442571,0.6117809099578764
2077,69.265,tracked,1,1,0.24629263055146622,0.2049822906151879,-0.5722887151521756,0.14337733332378136,-0.15229165197315875,-0.051316781794993875,-0.15259158549401955,-0.5049774322483946,0.6093145168648786
2078,69.29833333333333,tracked,0,1,0.2478832594012623,0.21126033482485337,-0.5615200156746825,0.12836001035754013,-0.13215381181742913,-0.12855965657949253,-0.16492859070321267,-0.4627276749244974,0.5909700925090541
2079,69.33166666666668,tracked,0,1,0.1881937941264884,0.2055981087624732,-0.5628248069040434,0.1280486294780333,-0.1325395758436233,-0.12905501509724385,-0.1657166038583766,-0.46277503102168543,0.5922288020204556
2080,69.36500000000001,tracked,0,1,0.2217888018070174,0.19334231940392285,-0.5594888599549925,0.12856382010445974,-0.13045146556497056,-0.13094019492268152,-0.1625513358378402,-0.460399969201822,0.5887053805781274
2081,69.39833333333334,tracked,1,1,0.2410887113957059,0.22610656514143665,-0.5739959756011817,0.1420279379937715,-0.15035631755696738,-0.05860582447943192,-0.15237886285311378,-0.501976828528067,0.610123214938103
2082,69.43166666666667,tracked,1,1,0.2520731756077599,0.19899630336224844,-0.5803105297253355,0.14165413574259056,-0.1535516543200235,-0.0629349288006646,-0.14697156532339786,-0.5004408156100931,0.6167692563896937
2083,69.465,tracked,1,1,0.22100187199701093,0.20798258782302081,-0.5751016733123998,0.1416910686054856,-0.1469118098864305,-0.06301224610683676,-0.14519359721070235,-0.5050798282596366,0.6102469774225787
2084,69.49833333333333,tracked,1,1,0.19904114301580178,0.21426777962224336,-0.5728813363815464,0.14284218233153428,-0.14416586788006946,-0.06037381682555998,-0.14379271842754335,-0.5025742820471094,0.6077669883180192
2085,69.53166666666667,tracked,1,1,0.1921826869817115,0.1785603802999243,-0.5763827302854051,0.14437038506239325,-0.1477726955099431,-0.05345240404354642,-0.1426187778604877,-0.5052404016440776,0.6122880281310391
2086,69.565,tracked,1,1,0.26565873332704915,0.127463144044125,-0.580191847584747,0.14195599060006286,-0.14841434659088282,-0.06647956588037622,-0.1368803186448605,-0.49910552924913765,0.6154680345436683
2087,69.59833333333334,tracked,0,1,0.25294650024623977,0.18394348967645846,-0.5652780631972392,0.1273137203856642,-0.13332474209706985,-0.12587953082716233,-0.1644419298784971,-0.46396078414589853,0.5945784716803252
2088,69.63166666666667,tracked,0,1,0.17278983717598687,0.19267629513661164,-0.5650222951268746,0.1282380542420834,-0.1330337084663346,-0.12693516566064142,-0.16246145581212532,-0.4601696031683867,0.5944688050138058
2089,69.665,tracked,0,1,0.2007075898422972,0.19138847172496481,-0.5643124864216956,0.12857371226227501,-0.13306865666013729,-0.12900219576975758,-0.16208142213828414,-0.46034073677885323,0.5938746073050036
2090,69.69833333333334,tracked,1,1,0.18320079741883366,0.20513783746980058,-0.5735274150099479,0.14092692289528364,-0.14293525556549064,-0.06269452138780857,-0.14094794083731127,-0.5010807302711902,0.6076385279492227
2091,69.73166666666667,tracked,1,1,0.16366503715560263,0.18877196515052472,-0.5754184661160361,0.14062943111763299,-0.14699830117651363,-0.06378833453892882,-0.14597145473762993,-0.49316153397180684,0.6103208570846829
2092,69.765,tracked,1,1,0.21925609602149324,0.21038312728310157,-0.5744171483636306,0.14228885645289618,-0.14587482449316902,-0.05931493869000633,-0.14290811035691914,-0.50032207994649,0.6094921192483057
2093,69.79833333333333,tracked,0,1,0.1794810233766327,0.17954704215248796,-0.5626143528812981,0.12857817708285466,-0.13421377573544468,-0.12408008164902333,-0.16817874053455925,-0.4612594729996556,0.5925205441899513
2094,69.83166666666668,tracked,0,1,0.1778838172159098,0.15173431714847035,-0.5650221237200572,0.12875607754037138,-0.13493553255321733,-0.12813542160016247,-0.1631196152589594,-0.4615831211357236,0.595009013160411
2095,69.86500000000001,tracked,1,1,0.22179319215322765,0.18426941424197105,-0.573268298216548,0.1404097982502523,-0.14938997693072742,-0.0614870225612945,-0.15384969923744288,-0.5006238995712409,0.6088257701445766
2096,69.89833333333334,tracked,1,1,0.17607242873900114,0.21333417600526683,-0.576784761630678,0.13969463026717488,-0.1523882883197819,-0.06511967829917623,-0.150240627199302,-0.49428526442573345,0.6127131803640866
2097,69.93166666666667,tracked,0,1,0.20573099589165217,0.20433748249963546,-0.5640318525233528,0.12709742183240058,-0.13588414334068277,-0.129914208597653,-0.1659379437912309,-0.45906987799046256,0.5939277613555369
2098,69.965,tracked,0,1,0.2186012363886592,0.20105533454250857,-0.5633536509807778,0.12690648596482706,-0.13461772465754723,-0.1303909937813025,-0.16558014564260914,-0.4628808403809076,0.5929540657127566
2099,69.99833333333333,tracked,1,1,0.2632251686741595,0.18556813247533982,-0.571607450228746,0.1392856971333606,-0.15612210519546355,-0.05918059794391716,-0.16509605587493417,-0.49925531763783737,0.6086950749871384
2100,70.03166666666667,tracked,1,1,0.26152026781221066,0.20387324131326268,-0.5770000748316203,0.13739737809893482,-0.15674662950962837,-0.06374024919492989,-0.156561259774668,-0.5027487635986435,0.6134954211131374
2101,70.065,tracked,0,1,0.21925354440495673,0.2143250466565804,-0.5670321184434923,0.12525018429565185,-0.13842568731023674,-0.13332779328778627,-0.16408558978119123,-0.46025680039671923,0.5969712747862504
2102,70.09833333333334,tracked,0,1,0.22119235735871545,0.18689330964641265,-0.5672625067540776,0.12490466623142749,-0.13918398117900949,-0.1362640435565184,-0.16358096233101277,-0.45952360371404277,0.5972939877749843
2103,70.13166666666667,tracked,1,1,0.24999835590286112,0.19435476129578105,-0.5762926887894012,0.13715040491436298,-0.16080719095287327,-0.06071199434796251,-0.1624998137587243,-0.4974980273895747,0.6138260742119426
2104,70.165,tracked,0,1,0.31701198715053003,0.21247562171414902,-0.5672030789093319,0.12484107991562457,-0.13995879224783614,-0.13257137468927305,-0.1640502871863263,-0.4647318192040309,0.5974052991782028
2105,70.19833333333334,tracked,1,1,0.24435352062172994,0.19943572243324253,-0.5751684052620387,0.13720251691799434,-0.16196184110019984,-0.05708037165051134,-0.16490252343061787,-0.49324194510102726,0.6130863422331929
2106,70.23166666666667,tracked,1,1,0.24074206577433813,0.1923663394058622,-0.5694560323752426,0.1351149322276653,-0.1627238766748459,-0.06114176632321297,-0.17960042256392408,-0.4921350603284682,0.6074662770553855
2107,70.265,tracked,0,1,0.1770149460084703,0.17595087829031608,-0.564916895855724,0.12442856502173091,-0.1403300788898677,-0.13880769847625227,-0.16600068200331755,-0.4568223732797303,0.5952361699845453
2108,70.29833333333333,tracked,1,1,0.22309131376561436,0.2016583620677848,-0.5730087082556737,0.13626551271534335,-0.16571227375949843,-0.05578827376919822,-0.17380090461280906,-0.4951275173062552,0.6118560511811207
2109,70.33166666666668,tracked,0,1,0.2033662587465195,0.19863054713140535,-0.5577497202693843,0.12564478460903103,-0.13404358945918682,-0.13446064767531674,-0.17159775096027163,-0.4596784548643294,0.5872299772960584
2110,70.36500000000001,tracked,1,1,0.23650410042692468,0.20276325154629513,-0.5732737231917229,0.13589547664596008,-0.16142337945439011,-0.059540663840149756,-0.16779169168535396,-0.49526767522400095,0.6108746595738023
2111,70.39833333333334,tracked,0,1,0.16246606876787564,0.19314370049123145,-0.5607825862928648,0.12433087697456885,-0.1372219203026413,-0.13676525300816178,-0.16674139488521791,-0.4551905048472314,0.5905634017361084
2112,70.43166666666667,tracked,0,1,0.19896800238552992,0.21256046950376262,-0.564437566478957,0.12365837991293926,-0.13951588172772567,-0.13788439261787816,-0.16594674588390504,-0.4551167180168036,0.5944290055419946
2113,70.465,tracked,0,1,0.26026249048227734,0.17815362761016174,-0.5606395274523606,0.12483029026731796,-0.13633707286242402,-0.1338366450963541,-0.16525264267745582,-0.45918314769892044,0.5903279415265069
2114,70.49833333333333,tracked,0,1,0.29919666595527,0.17479116607642875,-0.5582363369512464,0.12456079285271782,-0.13635643105318773,-0.12869390397853367,-0.17223692742181212,-0.45789906501441807,0.5879934313395057
2115,70.53166666666667,tracked,0,1,0.2204347363206303,0.2073285108550211,-0.5609618393188616,0.12325710753366229,-0.1374510098627565,-0.13476825252347566,-0.16448868948565468,-0.4587349767817246,0.5905618340545354
2116,70.56666666666668,tracked,0,1,0.24348676667822342,0.16822612345794033,-0.5564510962775094,0.12432088812321224,-0.13632577376694027,-0.13714509821207513,-0.17291773551717882,-0.44957754516980003,0.5862407546096922
2117,70.60000000000001,tracked,0,1,0.27145272736885745,0.19692106762822215,-0.5566287287702262,0.12398032634077838,-0.13569107091109794,-0.13590685821320495,-0.1707991034474238,-0.45964818773507377,0.5861900116318296
2118,70.63333333333334,tracked,0,1,0.2225858999964744,0.20479927957988706,-0.5578853966626719,0.12409431135073182,-0.1373695261400258,-0.1346085651210366,-0.17099098510588745,-0.45948070692569515,0.5877974996808122
2119,70.66666666666667,tracked,0,1,0.16687076436309983,0.22132545267726605,-0.554681264505577,0.12379135079913148,-0.13524582390107487,-0.13816214886334469,-0.17368608671262,-0.4547460535199785,0.5841977718280514
2120,70.7,tracked,0,1,0.2289332026875914,0.17967587415852018,-0.5567022028455111,0.12250657787299343,-0.13816925280362313,-0.13903768951852585,-0.17091614920644793,-0.4538709280027727,0.5865287262321496
2121,70.73333333333333,tracked,0,1,0.22794219960219,0.20609823471135777,-0.5582510137116808,0.12233385963663307,-0.13877741877395106,-0.141463963217713,-0.1710195261241102,-0.45795356393870346,0.5881062314627139
2122,70.76666666666667,tracked,1,1,0.24777207057390016,0.21009828680571163,-0.562299932210597,0.1304627738729907,-0.19783412358411667,-0.039549559079757525,-0.24532356374746997,-0.480636415588345,0.6101967630076159
2123,70.80000000000001,tracked,0,1,0.25568061367964107,0.2078904079012689,-0.5575385699287194,0.12177787589614322,-0.13958629368715136,-0.14105418446334503,-0.17453223667755835,-0.4529259863392893,0.5875061203096132
2124,70.83333333333334,tracked,0,1,0.22755595425213687,0.2029710653115684,-0.5547594915525275,0.12158959454892715,-0.13794160999366695,-0.1417394553112767,-0.17368777023940943,-0.4539816327617309,0.5844399119993742
2125,70.86666666666667,tracked,0,1,0.2836008650557981,0.21020481411710146,-0.5558083097957645,0.12121223060105299,-0.13925280891269265,-0.1389021383450804,-0.17364292659647906,-0.4555793372688576,0.5856676761401317
2126,70.9,tracked,0,1,0.23029169520135645,0.1791126821984092,-0.5596924858144832,0.11932724199717329,-0.14291205710530314,-0.14410456508685213,-0.17017464565280302,-0.45248834333598137,0.5898461879387853
2127,70.93333333333334,tracked,0,1,0.28347408738679464,0.17794502578824317,-0.5576698348824807,0.11912513905514757,-0.14241869745792152,-0.14408813491390077,-0.17383793912052709,-0.45304631183097466,0.5877665598503988
2128,70.96666666666667,tracked,0,1,0.25605592081425455,0.2014257997038722,-0.5566363417544875,0.12022498498044554,-0.14076856742294064,-0.14109683013234017,-0.1736900877600986,-0.45496992764341143,0.58661218326052
2129,71.0,tracked,0,1,0.22011354774361835,0.20573350834939824,-0.556280320411766,0.12101735398544525,-0.1402168121268032,-0.13861335166930452,-0.17146850568870806,-0.4563776734999308,0.5863051673369926
2130,71.03333333333333,tracked,0,1,0.2919608246112427,0.12236108736386331,-0.5508082426355567,0.12275978574682184,-0.13601795883794915,-0.14110807190149757,-0.17625736749049437,-0.4576740145664766,0.580483049087842
2131,71.06666666666668,tracked,0,1,0.24545682549626266,0.2102314254525471,-0.5522305830212544,0.1219841298143155,-0.13650139893786872,-0.14141953060495394,-0.17224485131872266,-0.45582400906207254,0.5817829291604778
2132,71.10000000000001,tracked,0,1,0.23814524567928802,0.199720774484754,-0.5522562673411643,0.12066444238375726,-0.13882934658273832,-0.13789106307986468,-0.17788241521988096,-0.4541730891191041,0.582082880650143
2133,71.13333333333334,tracked,0,1,0.21505530960251162,0.19595543155519562,-0.5509029692625652,0.12215500552211753,-0.137163985099179,-0.13897356502429933,-0.1779338121204465,-0.4553617965881866,0.5807149780440549
2134,71.16666666666667,tracked,0,1,0.22868794656053937,0.22586747040205568,-0.5534567847717907,0.12157919406679515,-0.13891697649460583,-0.14184863043095475,-0.17452988445581494,-0.45758671573713844,0.5834328062410122
2135,71.2,tracked,0,1,0.2361680137803619,0.1884995524421178,-0.5539363665522195,0.12092064763956498,-0.1405167355315904,-0.14017726192503868,-0.1764848591713133,-0.4532493784934401,0.5841337639437576
2136,71.23333333333333,tracked,0,1,0.2518778644987309,0.21126049485459159,-0.5538226735931637,0.12109135065346999,-0.14162883944194204,-0.1433266675553596,-0.1769274174296594,-0.45305983981838654,0.5843298701509559
2137,71.26666666666667,tracked,0,1,0.21700695250732696,0.20365014124142758,-0.554779115920575,0.12082168617654859,-0.14159066422430028,-0.14161323835431108,-0.17738086090299518,-0.4544508940563357,0.5851714821380463
2138,71.30000000000001,tracked,0,1,0.2244080288290681,0.2174940858040744,-0.5533686972954662,0.12096830185832397,-0.14085268400270262,-0.13911905880343708,-0.1795806901539809,-0.4573664455465041,0.5836863231151926
2139,71.33333333333334,tracked,0,1,0.23518677428408127,0.19450525476300293,-0.5512933668746968,0.12160630571249056,-0.1386959132060498,-0.13696039121437228,-0.17860253205656396,-0.45135018907502683,0.5813338337729353
2140,71.36666666666667,tracked,0,1,0.22060574020537047,0.18908669156860045,-0.5519162567452708,0.12140004225496545,-0.139426157145986,-0.13610931855252356,-0.17857195400309894,-0.4547539316269479,0.5820559921654584
2141,71.4,tracked,0,1,0.21191433491338993,0.18447459711819628,-0.5527918840929547,0.12170966744107795,-0.13933710242199326,-0.13773376091787695,-0.17846539569062075,-0.45514764683924486,0.5829296170027848
2142,71.43333333333334,tracked,0,1,0.22555838991454039,0.18447195295378557,-0.5498996469222579,0.12176276758290158,-0.13825159978824753,-0.13679629887741881,-0.18062723184228152,-0.45178885810873326,0.5799390468822404
2143,71.46666666666667,tracked,0,1,0.2499281251764814,0.19312546399019884,-0.5515946473391948,0.12151849795692649,-0.1390656668225282,-0.14033465901073983,-0.17976895317937852,-0.45081089453021245,0.5816894876201156
2144,71.5,tracked,0,1,0.3097805045068571,0.13666944673182235,-0.5493070057914723,0.12269299469320916,-0.13786642659249693,-0.13873208561248734,-0.18137001147649792,-0.4516296118129699,0.5794815865407328
2145,71.53333333333333,tracked,0,1,0.28841898395813437,0.16750015373706467,-0.5479470451693392,0.12320219943683366,-0.13646482377645752,-0.13743487373493415,-0.1813019489786699,-0.4546385080750677,0.5779683333749548
2146,71.56666666666668,tracked,0,1,0.24917730831886942,0.20952031897454598,-0.5484677273535423,0.12249827741765287,-0.13584528335556512,-0.1345781135908909,-0.1777747768459466,-0.452662387708749,0.5781665996307688
2147,71.60000000000001,tracked,0,1,0.23811078237406952,0.21209242241912657,-0.5491929718287116,0.12207604182644069,-0.1376925839268625,-0.13638910769948626,-0.17886281142061872,-0.4492417271438388,0.5792018024510274
2148,71.63333333333334,tracked,0,1,0.21936914260734175,0.23516049588291033,-0.5495304756618742,0.1216826319110968,-0.13721763700401807,-0.13514138938505996,-0.1782076819299211,-0.45602488502267846,0.5793264075587644
2149,71.66666666666667,tracked,0,1,0.16303811577220004,0.22187950193724135,-0.5477152229254316,0.12195909651482209,-0.13654344256782402,-0.13332086167374557,-0.1819300135075281,-0.4527487029009522,0.5775033318996866
2150,71.7,tracked,0,1,0.31307746086596017,0.20007560822064113,-0.5490983431413672,0.12177691775944693,-0.1382133787916952,-0.1340735461488533,-0.1820067122365931,-0.44881470956353664,0.5791731573688498
2151,71.73333333333333,tracked,0,1,0.22466586048892107,0.21304978995663915,-0.5506404777462576,0.12156530659564321,-0.1386230907143336,-0.13699519191996523,-0.17983667835833347,-0.45122885042261063,0.580688746902774
2152,71.76666666666667,tracked,0,1,0.2807880150093846,0.1866436218514792,-0.5495901349134713,0.121499825923509,-0.13807218128163656,-0.13732384912725437,-0.18025067785668827,-0.44999507851477627,0.5795476264618118
2153,71.80000000000001,tracked,0,1,0.2398313905688099,0.23021367217674502,-0.5499765422667682,0.12084391395596472,-0.13763265561588112,-0.13858924833586375,-0.17859351129997436,-0.44802411346662174,0.5796724907012464
2154,71.83333333333334,tracked,0,1,0.2348488409550015,0.2013773496766544,-0.5491803734025633,0.12101023467694205,-0.13761504508116074,-0.1395087592816326,-0.17920077800798642,-0.44930562959488657,0.5789477178984622
2155,71.86666666666667,tracked,0,1,0.28621831896029626,0.2187863663594216,-0.5482301138098258,0.12147145189392589,-0.13676744762170218,-0.13652012835434144,-0.1812093133821681,-0.451339397142378,0.57794195732972
2156,71.9,tracked,0,1,0.24930012687067524,0.21763521310299852,-0.5498705144849891,0.12094929095167406,-0.13791220998246007,-0.13755763860167228,-0.17914408154814546,-0.45336698305414685,0.5796603241070977
2157,71.93333333333334,tracked,0,1,0.2659323386024444,0.20712951024620313,-0.5495174375239856,0.12094621888445653,-0.13676900501330086,-0.13870165573295606,-0.17911163984265233,-0.4502996595861594,0.5790536786323895
2158,71.96666666666667,tracked,0,1,0.24439424741115395,0.20993753724764946,-0.5489920460873472,0.12057136933889157,-0.13676200541735511,-0.1406153841631688,-0.18068772447191922,-0.44822711079493055,0.5784752094059036
2159,72.0,tracked,0,1,0.28803914946174736,0.2303895499528913,-0.5476804770088793,0.12174912270860447,-0.13500102348979942,-0.13473300204706118,-0.17948992815507986,-0.45326722208478354,0.5770632808629239
2160,72.03333333333333,tracked,0,1,0.26481749555023226,0.20631602362176932,-0.5501480393299274,0.12033319590144434,-0.13724821299306428,-0.14015853137518136,-0.1770236418710221,-0.4534618863018661,0.5796378310498792
2161,72.06666666666668,tracked,0,1,0.2201580982458512,0.2137355864899962,-0.5501166512685015,0.12104458135267337,-0.1370420323690431,-0.1380477823758994,-0.17585702323488234,-0.4521351643464859,0.5797073738650836
2162,72.10000000000001,tracked,0,1,0.21351898010426215,0.24525760433214652,-0.5511419092457577,0.12050006605348518,-0.13743808262958357,-0.13948907906866284,-0.1758781625407837,-0.45506018114392427,0.5806607413997001
2163,72.13333333333334,tracked,0,1,0.2544803758710026,0.20240860038519143,-0.548922513675402,0.12079523012899793,-0.13607984792971456,-0.13890730879369348,-0.18092827814104498,-0.4511067694185809,0.5782950273469536
2164,72.16666666666667,tracked,0,1,0.301726219590883,0.2178081643065803,-0.5455308361828045,0.12103068214770368,-0.1341766725047392,-0.14331347598174143,-0.19014594098543722,-0.4693967211457595,0.574678778703279
2165,72.2,tracked,0,1,0.2552922825782779,0.20331814080390698,-0.5485755589347638,0.11994470485811773,-0.136569954518589,-0.14983230331729439,-0.18699496546267738,-0.45946439141107004,0.5779041690118691
2166,72.23333333333333,tracked,0,1,0.2994010109735772,0.1686249402500471,-0.5501905700267118,0.11929735081312212,-0.13767669068264282,-0.150615447046857,-0.18552818993093506,-0.45756796916407505,0.5795656929241683
2167,72.26666666666667,tracked,0,1,0.31330743976685815,0.21272803677141527,-0.5487738592019427,0.12018115566416182,-0.13643721481283116,-0.1518348727721198,-0.19637069478898073,-0.45872158104921473,0.5781101731556448
2168,72.30000000000001,tracked,0,1,0.3030681320959052,0.1971491273250342,-0.5515886633876791,0.11993136763044751,-0.13828970620132947,-0.15904658593835633,-0.19551525004925452,-0.4569300680850429,0.5811691916823929
2169,72.33333333333334,tracked,0,1,0.289110479593979,0.235366657485016,-0.547920262031888,0.12053151175349855,-0.13665763600722997,-0.15452883015748667,-0.1932693890096914,-0.4540937902221918,0.5774251192576931
2170,72.36666666666667,tracked,0,1,0.21760687168501044,0.21296422811204932,-0.5519784625749786,0.1194610585714555,-0.13961362943931488,-0.15862238260870384,-0.18817656736802743,-0.45929510504949267,0.5817586554464558
2171,72.4,tracked,0,1,0.2534779919775301,0.2175402369715651,-0.5458394233410461,0.12077264227462325,-0.1352912921467409,-0.15358175782219857,-0.19688113493817125,-0.4600283091077898,0.5751786165409964
2172,72.43333333333334,tracked,0,1,0.2459968334360167,0.23696720595512316,-0.5472533853848908,0.120309792219528,-0.13610346263897027,-0.15545690102801893,-0.1953150523218061,-0.46201411856359054,0.5766150071420683
2173,72.46666666666667,tracked,0,1,0.2672268299247698,0.1915326008560031,-0.5470287482321573,0.11986311349076273,-0.13607727366621147,-0.15456971111064297,-0.19346011997904033,-0.45519460487577573,0.5763025609665199
2174,72.5,tracked,0,1,0.22925995812182218,0.2234148240561096,-0.5451458297978791,0.12045847258981104,-0.13492228601325157,-0.14689009667363684,-0.18675006818972273,-0.45654975988137597,0.5743676894009011
2175,72.53333333333333,tracked,0,1,0.27818986881419633,0.19114286023983074,-0.546611144952482,0.12003389168128054,-0.13621637395548658,-0.14801713058970625,-0.1922868527227845,-0.45526769089118263,0.5759746343998124
2176,72.56666666666668,tracked,0,1,0.24622647534979966,0.22649433863293209,-0.5454978468987353,0.12015728711928042,-0.13479819522151743,-0.15009388514518568,-0.19019676651988598,-0.4569198358397893,0.5746096310139602
2177,72.60000000000001,tracked,0,1,0.22353157561292333,0.2397961804319738,-0.5480348052592374,0.1192190928730294,-0.1372881151978786,-0.15236368464112798,-0.19084489599790785,-0.45517879042216713,0.5774109164672802
2178,72.63333333333334,tracked,0,1,0.25140986468615545,0.18314306866585162,-0.5492589765858186,0.11913183712731723,-0.13785321143106688,-0.1564964280420393,-0.1925519187435883,-0.4621951072276151,0.5786893172327349
2179,72.66666666666667,tracked,0,1,0.26873098498140663,0.23092277864071553,-0.5468934136568184,0.1196778163501987,-0.1356546823553807,-0.15352028340409316,-0.19393154231901352,-0.46040104220933936,0.5760359176930715
2180,72.7,tracked,0,1,0.26516512248462437,0.18670848393793743,-0.5477557002802147,0.11908328886402897,-0.13629692784750985,-0.15699985466614083,-0.19635447148893895,-0.45572304189432067,0.5768829945637256
2181,72.73333333333333,tracked,0,1,0.21908404989311722,0.20567350269883686,-0.5475614245374554,0.1191151343399677,-0.13584494083069937,-0.15539966173564984,-0.19751107393639653,-0.46215612079681967,0.5765984537090021
2182,72.76666666666667,tracked,0,1,0.2504075717039585,0.21421576595320624,-0.5485698964444881,0.11886745832272241,-0.1368637875634402,-0.15603358091496491,-0.19723873658583777,-0.4568041027956901,0.5777457055482377
2183,72.80000000000001,tracked,0,1,0.26507619532842897,0.2014823359241451,-0.5476383029332885,0.11985251665216987,-0.13546742661872607,-0.15295862339410024,-0.1992168041883957,-0.45882568359089,0.5767354335067432
2184,72.83333333333334,tracked,0,1,0.2766596873289798,0.21118442205495358,-0.5461204168125379,0.12050718208476088,-0.1346687437261193,-0.149809442419084,-0.2014461316621667,-0.4625989163824068,0.5752435667873922
2185,72.86666666666667,tracked,0,1,0.2562924951724134,0.21697438512931017,-0.548891667956972,0.11996216097527912,-0.13689834245375165,-0.15284630466741012,-0.19887963982196216,-0.45967170247359773,0.5782855171842282
2186,72.9,tracked,0,1,0.22283562016208164,0.2145289188997485,-0.5494754859791136,0.11940656295826801,-0.13807088255804395,-0.15272375983606007,-0.19893466806853896,-0.4627052755447715,0.5790032863290562
2187,72.93333333333334,tracked,0,1,0.24052355309700105,0.18987771516118504,-0.5491197648021978,0.1194013948054525,-0.1369150454279855,-0.15054420630525386,-0.19837543674194436,-0.464025983504366,0.5783899539605231
2188,72.96666666666667,tracked,0,1,0.23344808150486357,0.20324086057877733,-0.5480582910360118,0.11912124278417294,-0.1370624331110213,-0.14972936691536873,-0.19820145465816805,-0.4616961889602761,0.5773593953735168
2189,73.0,tracked,0,1,0.28121503221697186,0.1848557048072924,-0.5467733363119676,0.11935058733065024,-0.13524362045333976,-0.15086097797640058,-0.20300488572720288,-0.46265756582530515,0.5757573107405742
2190,73.03333333333333,tracked,0,1,0.25896875211538284,0.20149239082496456,-0.5488601087452382,0.11943798353780369,-0.1357533808480016,-0.15608452167106576,-0.20605605415854633,-0.4628803624960161,0.5778770036046372
2191,73.06666666666668,tracked,0,1,0.2530419235395949,0.22750120561281578,-0.545049336964478,0.12141074207496985,-0.13123913420535488,-0.15719824195355883,-0.2052966838122141,-0.4660700281953307,0.5736227491684609
2192,73.10000000000001,tracked,0,1,0.2779925521510909,0.20983684445338469,-0.5468259198874728,0.12174231893996046,-0.1308307655075634,-0.1564459143996031,-0.20003210683459374,-0.471985741493463,0.5752881609115166
2193,73.13333333333334,tracked,0,1,0.28893953025163777,0.17354218115657455,-0.5453519361283509,0.12339018004634228,-0.12591136864341013,-0.16025413402436972,-0.1998760182778866,-0.47271885863135055,0.573138328437792
2194,73.16666666666667,missing_tag,0,0,,,,,,,,,
2195,73.2,missing_tag,0,0,,,,,,,,,
2196,73.23333333333333,missing_tag,0,0,,,,,,,,,
2197,73.26666666666667,tracked,0,1,0.3395066159222828,0.22274924159781662,-0.5361257449879419,0.13265116149023057,-0.10258433201379541,-0.14952475182092032,-0.18933989605969045,-0.4737326816029708,0.5617389876609059
2198,73.30000000000001,tracked,0,1,0.2586321302448316,0.20704812685003998,-0.5415581900062231,0.1330215802638458,-0.10236826755100747,-0.15370514679922823,-0.1860317778701692,-0.47493180025156384,0.5669737879127233
2199,73.33333333333334,tracked,0,1,0.26498636154514565,0.22886945278382953,-0.5395410700651336,0.1354141597558146,-0.09777080916972941,-0.15199214256190782,-0.18055118041621895,-0.4712655599439999,0.5648014625291851
2200,73.36666666666667,tracked,0,1,0.32766168891713443,0.21963612187024772,-0.5392442039640108,0.13794894460627366,-0.09424719526399633,-0.1557409858906206,-0.18442965801426286,-0.4742173475405135,0.5645323344520616
2201,73.4,tracked,0,1,0.3514833255912908,0.23239185629107983,-0.5311301929873095,0.14114700801939806,-0.0852490305734862,-0.15788834131930446,-0.19227540282614608,-0.4858257207588884,0.5561377140504713
2202,73.43333333333334,tracked,0,1,0.33605371431900555,0.20625873171857434,-0.540538670767321,0.14066259611510573,-0.08803363432776429,-0.15545912553973107,-0.1801293291425765,-0.48438219642507485,0.5654360629759108
2203,73.46666666666667,tracked,0,1,0.35119356531227813,0.2045923783249038,-0.537072413939763,0.14309251789260888,-0.08199046728461273,-0.15508218665842102,-0.1782966759754904,-0.48519480305317353,0.5618226439166366
2204,73.5,tracked,0,1,0.340717950543683,0.23763546917686368,-0.5352909573438054,0.14528495691968382,-0.07744184512625635,-0.16305606684048646,-0.18284626839399531,-0.4870111108339205,0.5600369336907711
2205,73.53333333333333,tracked,0,1,0.3475170227319663,0.20961551663243938,-0.5392063560343685,0.1461364653433602,-0.07650094891385112,-0.16743505156411514,-0.1871684946083549,-0.48116232289179195,0.5638721096805843
2206,73.56666666666668,tracked,0,1,0.3358735109304855,0.2532250498542798,-0.5381015936383144,0.14724970368674986,-0.07278582006324824,-0.15788141419777005,-0.17928367504866968,-0.48220948829798765,0.5626131672065708
2207,73.60000000000001,tracked,0,1,0.25494153031423666,0.23173157660077964,-0.5391815319581064,0.14844877859199354,-0.07173609633095734,-0.15388215841573397,-0.17523371347245933,-0.4871101029708296,0.5638260651893895
2208,73.63333333333334,tracked,0,1,0.3067341634980656,0.2392070464749998,-0.5404892240523451,0.14996762371044273,-0.06932977982275873,-0.15925041084524857,-0.17465416962015992,-0.48541003278468553,0.565177412719524
2209,73.66666666666667,tracked,0,1,0.28057193095662236,0.22956486792873965,-0.5375453887834098,0.15101428123639,-0.06617792950590251,-0.15838269704956678,-0.17631928391462742,-0.4920479209711723,0.5622631736947912
2210,73.7,tracked,0,1,0.29840636757018285,0.2104525802760298,-0.5348542820101101,0.15363646561178895,-0.06283159105171543,-0.15599208565547829,-0.17590080669410543,-0.4898498654871065,0.560018816991289
2211,73.73333333333333,tracked,0,1,0.41107919233441514,0.2002719647419181,-0.5331389886232177,0.15411418562104248,-0.06098138220444804,-0.15726610012604053,-0.18127602394728462,-0.4901141920730052,0.5583073458010288
2212,73.76666666666667,tracked,0,1,0.3725066804807614,0.2112402048271126,-0.5324445265326034,0.15460492813256807,-0.05987252591987957,-0.15711481701297408,-0.1791774871118898,-0.48623212194028254,0.5576599115925686
2213,73.80000000000001,tracked,0,1,0.2509738290141056,0.22287592753677682,-0.5328785076304191,0.15510550085945085,-0.05997375515980202,-0.15848168999983708,-0.1778421617300365,-0.49234269682763543,0.5582240335199226
2214,73.83333333333334,tracked,0,1,0.26722295557717607,0.22184357295756102,-0.5311928395714802,0.15528723659583438,-0.056705093664391304,-0.15908309683755334,-0.17720211897826882,-0.49165371874211905,0.556323131200807
2215,73.86666666666667,tracked,0,1,0.31617855868979655,0.2167806226768932,-0.5309972640690982,0.15425835180104913,-0.05838462338688627,-0.1567608375679016,-0.18456307580643316,-0.490309190270041,0.5560238284437748
2216,73.9,tracked,0,1,0.38279217703463897,0.20433747698873728,-0.5345027075696887,0.15375488754398392,-0.059425289919426805,-0.16411581651136695,-0.1788425233404735,-0.49264162868063727,0.5593434320030933
2217,73.93333333333334,tracked,0,1,0.42192728558336695,0.18768124447549334,-0.5339449277097182,0.1520946530416445,-0.058470634591417714,-0.16983977240648376,-0.17850800397860825,-0.49366940890929034,0.5582551248491298
2218,73.96666666666667,tracked,0,1,0.3591538423103674,0.202044851951378,-0.5269925847526592,0.15224200265855423,-0.0548315029717204,-0.16951951986878092,-0.1860809257209869,-0.4874911092269759,0.5512760701099891
2219,74.0,tracked,0,1,0.2601218199277359,0.2688117499968277,-0.5267433582545609,0.14949704021674592,-0.055840132062243475,-0.16789680701652362,-0.18327967716877466,-0.48091320892352746,0.5503871826701534
2220,74.03333333333333,tracked,0,1,0.3470978694241258,0.21970139027861113,-0.520859608888816,0.14957413715721823,-0.05141108045008086,-0.16477774010223478,-0.18535234148674054,-0.47806270325129685,0.5443438746520267
2221,74.06666666666668,tracked,0,1,0.28242159370885206,0.2553783726641478,-0.5210128102384621,0.14751676290451243,-0.05168193226133355,-0.17265257387354083,-0.18814253634782718,-0.4709987344032041,0.5439545623419947
2222,74.10000000000001,tracked,1,1,0.2780002181463922,0.23707601549133894,-0.5335865815108336,0.14496382255320506,-0.10615089192716382,-0.07006657464097232,-0.2543825294531156,-0.4982873153691516,0.5630250098126965
2223,74.135,tracked,0,1,0.29816643803498893,0.23843307668566122,-0.5211473749108928,0.14289976890590422,-0.05195565648088929,-0.17592884423958197,-0.1837944429708235,-0.4693573785526884,0.5428759716272545
2224,74.16833333333334,missing_tag,0,0,,,,,,,,,
2225,74.20166666666667,tracked,0,1,0.254836466674434,0.23221229618061623,-0.515970634553742,0.13768674948405119,-0.05008581458699668,-0.18140766494939728,-0.18693963438703434,-0.4597799674185988,0.5363692063570746
2226,74.235,tracked,0,1,0.29463084677563967,0.2575758682371392,-0.5116890655277622,0.13674192000691324,-0.04819300515631991,-0.1817750113421501,-0.18679734734231587,-0.46416913381507,0.5318332616655794
2227,74.26833333333335,missing_tag,0,0,,,,,,,,,
2228,74.30166666666668,tracked,0,1,0.30674372835896985,0.25174193133208694,-0.4996791901960641,0.1332042959334641,-0.04236693259855234,-0.1892366234804782,-0.19030937922828386,-0.4479506340497962,0.5188618646113189
2229,74.33500000000001,tracked,1,1,0.32013282637467244,0.24922197766019483,-0.5096887464259897,0.12918999043286028,-0.0884537505241802,-0.11119784546535029,-0.25306383279754086,-0.46621488193439287,0.5331948404130833
2230,74.36833333333334,missing_tag,1,0,,,,,,,,,
2231,74.40166666666667,missing_tag,1,0,,,,,,,,,
2232,74.435,tracked,1,1,0.29915706519320073,0.2803519915423184,-0.49645449475534587,0.12287341500923607,-0.07884872601171083,-0.12956615664698018,-0.23859980589218194,-0.44444689841039725,0.5174766304602436
2233,74.46833333333333,tracked,1,1,0.30669200083077364,0.26889982688693215,-0.49339363640986456,0.12229361141364867,-0.07750611402837054,-0.12581172123567907,-0.23519362361797522,-0.443378859693649,0.5141986051654759
2234,74.50166666666667,missing_tag,1,0,,,,,,,,,
2235,74.53500000000001,missing_tag,0,0,,,,,,,,,
2236,74.56833333333334,missing_tag,1,0,,,,,,,,,
2237,74.60166666666667,missing_tag,1,0,,,,,,,,,
2238,74.635,missing_tag,0,0,,,,,,,,,
2239,74.66833333333334,missing_tag,0,0,,,,,,,,,
2240,74.70166666666667,tracked,0,1,0.299661392343861,0.28233456496104603,-0.44972162383454073,0.10652521892640482,-0.0318680288056154,-0.23305442059719308,-0.19488317566897354,-0.38195501576301116,0.4632631352391966
2241,74.735,missing_tag,0,0,,,,,,,,,
2242,74.76833333333335,missing_tag,0,0,,,,,,,,,
2243,74.80166666666668,missing_tag,1,0,,,,,,,,,
2244,74.83500000000001,missing_tag,0,0,,,,,,,,,
2245,74.86833333333334,missing_tag,0,0,,,,,,,,,
2246,74.90166666666667,missing_tag,1,0,,,,,,,,,
2247,74.935,missing_tag,1,0,,,,,,,,,
2248,74.96833333333333,missing_tag,0,0,,,,,,,,,
2249,75.00166666666667,missing_tag,1,0,,,,,,,,,
2250,75.03500000000001,missing_tag,1,0,,,,,,,,,
2251,75.06833333333334,missing_tag,1,0,,,,,,,,,
2252,75.10166666666667,missing_tag,0,0,,,,,,,,,
2253,75.135,missing_tag,1,0,,,,,,,,,
2254,75.16833333333334,tracked,0,1,0.3318490714078154,0.474771153312358,-0.3421584762936467,0.06677918298552701,0.01324885128402098,-0.23297875014350672,-0.16089298204742047,-0.22389112484469242,0.3488658972157505
2255,75.20166666666667,tracked,1,1,0.3096329598606744,0.472871644080897,-0.35332988098860696,0.058417969922327145,-0.010040939482649669,-0.19217596727040925,-0.19514458117247063,-0.23593096307119787,0.35826733660070564
2256,75.235,missing_tag,1,0,,,,,,,,,
2257,75.26833333333335,missing_tag,0,0,,,,,,,,,
2258,75.30166666666668,tracked,1,1,0.33942561732734106,0.48170152021425744,-0.33402581865902253,0.05066143337378981,-0.0021442984736536608,-0.1886063385854352,-0.19636003900996277,-0.2000161925992457,0.337852669633172
2259,75.33500000000001,tracked,1,1,0.32984296577418104,0.4746229335100278,-0.3316530663342946,0.04723379087988819,-0.0017993128038057415,-0.1939105763694038,-0.18726557332417507,-0.18917061050166614,0.33500451480001125
2260,75.36833333333334,tracked,1,1,0.33523592445266204,0.5268235443744378,-0.32745156854155155,0.04558760475113982,0.0005381573851387933,-0.19385613766998833,-0.18905172480156213,-0.17191675362175168,0.3306101163918608
2261,75.40166666666667,tracked,0,1,0.32939619747539794,0.5249614715698153,-0.31989602384759186,0.04672093914904224,0.01844872400315667,-0.24036658295430594,-0.15313566727694072,-0.14842750885459116,0.32381579276775896
2262,75.435,tracked,0,1,0.31351752243501746,0.5201493361111516,-0.32390459837943697,0.04354338962011567,0.015392036809359022,-0.2321829330260423,-0.15341292914095161,-0.1506337360659497,0.3271805777060952
2263,75.46833333333333,tracked,1,1,0.2805969824749379,0.4709098414871856,-0.33754515602168056,0.03749830732169543,-0.006458277066824447,-0.19108114583079325,-0.17878820534152615,-0.1728435359134894,0.3396830357088279
2264,75.50166666666667,tracked,1,1,0.3040381297338343,0.4903635994924879,-0.33804038829542693,0.0365353573259001,-0.007016895071042917,-0.19870272589164578,-0.18636320045046884,-0.17030915209814848,0.3400814215306273
2265,75.53500000000001,tracked,1,1,0.3492698784027905,0.5004983602031696,-0.3384276760213219,0.035489694888525575,-0.007020423404983711,-0.19612812425872958,-0.18163479125759857,-0.1686348029141934,0.3403558383299142
2266,75.56833333333334,tracked,0,1,0.28417382771993954,0.47664615293063123,-0.3238074360965487,0.0404215801858194,0.0157411188423629,-0.23646127374373208,-0.15481390280917964,-0.14473405451950436,0.32670008056097644
2267,75.60166666666667,tracked,0,1,0.30359205042116444,0.4805271130097617,-0.3254732135276284,0.03919328667204042,0.013906973596071903,-0.23328960007727115,-0.153571541285893,-0.1454301756784965,0.3281193843081506
2268,75.635,tracked,0,1,0.3331830720843405,0.47606359198923154,-0.3283290545592136,0.0383655527230124,0.011511001500818852,-0.23807678697356274,-0.14771895559121373,-0.14485010860641853,0.3307633396539603
2269,75.66833333333334,tracked,0,1,0.3254086328599831,0.49437202631466515,-0.3285478335802343,0.038533011570636044,0.010275438662697312,-0.23752964333614077,-0.1465345485328974,-0.1385395566145284,0.3309592974531445
2270,75.70166666666667,tracked,1,1,0.3355257990021144,0.4877689786771994,-0.34141923515912875,0.03528521355944614,-0.014540742068159973,-0.18853305556104735,-0.18552785661960547,-0.16189754335528692,0.3435455917523509
2271,75.735,tracked,1,1,0.34774213371162654,0.48595709253556063,-0.34279666274583026,0.036078896141762684,-0.015302073400314309,-0.19014272747490346,-0.18830935588067188,-0.16292250293047839,0.34502955262822804
2272,75.76833333333335,tracked,0,1,0.3314951960904823,0.46137358970463227,-0.33517367953332855,0.03891469881302306,0.003939065801383257,-0.24354969221747158,-0.15122403836980797,-0.14375892114098712,0.33744816709386105
2273,75.80166666666668,tracked,0,1,0.2587444741287973,0.4680372213363422,-0.33332052650092164,0.03991907548574916,0.003457360020905409,-0.23519003115882228,-0.14845448775770445,-0.1403344880857987,0.33572020986649387
2274,75.83500000000001,tracked,0,1,0.3351769025775881,0.4481857789865286,-0.3377886186194675,0.03848341147613804,-0.0011653082052577868,-0.23499586611871098,-0.14770168327973135,-0.1462252436545219,0.3399757076187989
2275,75.86833333333334,tracked,1,1,0.29710104077185917,0.45876779104322285,-0.3488103149344609,0.035238662662577136,-0.02493528951632451,-0.1855190946806153,-0.17381426339095352,-0.16532187295012593,0.3514714324297035
2276,75.90166666666667,tracked,1,1,0.2973523037476013,0.474890241411327,-0.3479633570434758,0.03609916043988379,-0.027211788296111317,-0.17698703955442757,-0.18567346266987675,-0.16346422501822402,0.3508876296646867
2277,75.935,tracked,1,1,0.3622427633035386,0.46425185349373027,-0.3523147955574254,0.035596232325786736,-0.03126016127615444,-0.17632525476497327,-0.18220612951298484,-0.16398306340750812,0.35548558987316636
2278,75.96833333333333,tracked,1,1,0.30528694995209354,0.4156590286588309,-0.3541191743999808,0.03602591047958334,-0.03509817308619528,-0.1725069247997602,-0.18763574873642208,-0.16637521895511262,0.3576732274822865
2279,76.00166666666667,tracked,0,1,0.3197810670831186,0.4155310264706613,-0.34309973755084233,0.03943369840456282,-0.015028717652470547,-0.22306337316392047,-0.16185253532498337,-0.14331386562768736,0.3456852742475395
2280,76.03500000000001,tracked,0,1,0.2548286214804563,0.42462176219878317,-0.34731530554225143,0.03861083961455922,-0.020257896878544623,-0.21686282719591515,-0.1613918003657625,-0.14949704073802147,0.3500415700821696
2281,76.06833333333334,tracked,1,1,0.30360224250500606,0.4348966041655625,-0.3633281343525048,0.03485249877136459,-0.05149274068226295,-0.1640144100460165,-0.18537067335962026,-0.17968565614714738,0.36861027145977704
2282,76.10166666666667,tracked,0,1,0.2927995916181857,0.43488554849425065,-0.3548975495631894,0.0357006745066388,-0.03158810451563032,-0.2085054303463325,-0.1502369922046191,-0.15295870760996522,0.35808465087612434
2283,76.135,tracked,0,1,0.30850387530435325,0.42078554834565535,-0.35536020892937414,0.03578422866549613,-0.03463004568862893,-0.20140017348704325,-0.15175195574686667,-0.149156552569106,0.3588323134500424
2284,76.16833333333334,tracked,0,1,0.2732889796394609,0.4218946733114262,-0.3600157708735478,0.03412055012535628,-0.040062029555032075,-0.20326026421005736,-0.148698664623541,-0.15058505338344486,0.3638413575043388
2285,76.20166666666667,tracked,1,1,0.3051500464003446,0.4077145558906754,-0.37432672615672835,0.032187697648013686,-0.07090196766140561,-0.1483351508651981,-0.18663185018033837,-0.17801866853014114,0.38233968511436695
2286,76.235,tracked,1,1,0.33107043326187907,0.40014291782759764,-0.37609899554902815,0.03168084840496371,-0.07289792453755534,-0.1491616268631338,-0.18766566039322943,-0.17814023710826413,0.3844063449145049
2287,76.26833333333335,tracked,0,1,0.3383483571775169,0.35780234965816793,-0.3650959612259761,0.033317747962285454,-0.04690355807468061,-0.196838464320963,-0.14939255474014954,-0.15798493035557937,0.36960124051856585
2288,76.30166666666668,tracked,1,1,0.29486899775835285,0.3842959766276154,-0.3775421948988186,0.030510423091490435,-0.07678730608255113,-0.14663550306052742,-0.18481031690125108,-0.17697612606172938,0.3864780527037139
2289,76.33500000000001,tracked,1,1,0.29643035335516826,0.3938038275389902,-0.37816103380172106,0.029688870190725136,-0.078760487598036,-0.14304399973359172,-0.18644617243110204,-0.17632673831041107,0.38741503701569013
2290,76.36833333333334,tracked,0,1,0.28131289043857866,0.3718182791553113,-0.3676597635886275,0.03015583196549279,-0.05199842041919717,-0.1901503531120662,-0.14736886336295058,-0.151019321191728,0.3725411543570295
2291,76.40166666666667,tracked,0,1,0.28958101228127614,0.37982584118058776,-0.36793396341694007,0.02980198267256448,-0.05253355679480598,-0.18936010129041755,-0.1504909675053417,-0.1549955498794605,0.37285832992763773
2292,76.435,tracked,1,1,0.26491562275335023,0.36972283479178214,-0.3778564471009924,0.029860856035121786,-0.08038301599968489,-0.13299803522509493,-0.19419961224431662,-0.18050302601844134,0.3874643139698687
2293,76.46833333333333,tracked,1,1,0.27704586066885,0.39532646184892567,-0.3791540720457876,0.02835252168742089,-0.08149885138338486,-0.14082201688224658,-0.18817570923793683,-0.1736292075288738,0.38884924921073083
2294,76.50166666666667,tracked,1,1,0.306181003070316,0.40107053065746906,-0.37844744858556245,0.02827415165861391,-0.0805933640693059,-0.14049781451792825,-0.19030139677410216,-0.17266695172490173,0.3879654486226111
2295,76.53500000000001,tracked,1,1,0.2743538166743626,0.3718352925283323,-0.37965244307418733,0.02848188234020435,-0.0812705222831629,-0.1333611693598751,-0.18919194674453402,-0.17794438950758162,0.38929692131587473
2296,76.56833333333334,tracked,1,1,0.2898066117437929,0.3798364519232758,-0.3804197265634792,0.028611519387713363,-0.08257031394281511,-0.13035848175856232,-0.1883183238937489,-0.17794164917324942,0.39032761130225063
2297,76.60166666666667,tracked,1,1,0.2674391902996398,0.3662306882621693,-0.3788672390300998,0.027863330645285594,-0.0822239353993644,-0.12937370547511898,-0.1892738856587022,-0.17675448754457299,0.38868692486048223
2298,76.635,tracked,1,1,0.2579722639028005,0.3687111746213848,-0.3810260415929133,0.02774102416485133,-0.0821552295621864,-0.1316566112831777,-0.18357857301950303,-0.1797120871665256,0.3907683335917778
2299,76.66833333333334,tracked,1,1,0.2570482249649735,0.36479484026681364,-0.38009218072782347,0.027343690887218164,-0.08455934898779166,-0.12605104154958802,-0.19534495438099964,-0.17858311604054858,0.3903434728325905
2300,76.70166666666667,tracked,1,1,0.2876254140009352,0.3716073297372947,-0.3808701060072789,0.0272311977931812,-0.08617637099769104,-0.12310510669446756,-0.1939405549462608,-0.18255847182900473,0.39144596396128406
2301,76.735,tracked,1,1,0.3349892332147254,0.37958369419669,-0.38088763743687837,0.026307009676243803,-0.08626598940014002,-0.12827725042636345,-0.195384166692319,-0.1796424814502375,0.3914195601110629
2302,76.76833333333335,tracked,1,1,0.27176040518700595,0.38567916292457005,-0.38056265377638043,0.026479925199569543,-0.08719787511572596,-0.12329497645487805,-0.19653783009235837,-0.17930843928693896,0.39132159321023136
2303,76.80166666666668,tracked,1,1,0.2578424894830304,0.38644656677987627,-0.38131324082230666,0.025800669093851897,-0.08808817315516593,-0.12279238855313424,-0.1967021215947713,-0.1793412015380688,0.39220528859503584
2304,76.83500000000001,tracked,1,1,0.286130905315386,0.38340458783854126,-0.382449193658173,0.025879273568156946,-0.09045955714571358,-0.11642578285441768,-0.19711222387971397,-0.18388142396243756,0.39385283293281115
2305,76.86833333333334,tracked,1,1,0.3076813658924025,0.393109054260625,-0.3810344902930265,0.025834601312935274,-0.08923526774247847,-0.11315589682452978,-0.19314284679933638,-0.185150826865099,0.39219592352156935
2306,76.90166666666667,tracked,0,1,0.27346536147656575,0.37218717244815525,-0.37235348983766847,0.024059793652205452,-0.06438752427340155,-0.17324061486197928,-0.15667960935670913,-0.15679130430153915,0.3786446201214739
2307,76.935,tracked,0,1,0.29765299077267876,0.33414501115705225,-0.37097562107977433,0.024748817282326557,-0.06354024133063674,-0.16862484738430863,-0.16247509697744497,-0.15992454166691417,0.3771906383524833
2308,76.96833333333333,tracked,1,1,0.2611377608315005,0.36382187530060267,-0.38542934250999994,0.024451016470849185,-0.09495245035855415,-0.10953712216917452,-0.18973544089112732,-0.18741714447563682,0.39770541623573885
2309,77.00166666666667,tracked,1,1,0.24108771154991174,0.38509370356137507,-0.3836020772703812,0.025210881764745702,-0.09573038493266628,-0.10273936691380173,-0.1986219180301696,-0.1875272312308711,0.3961697222717354
2310,77.03500000000001,tracked,0,1,0.2591249189809246,0.35542625828040564,-0.3735920158380492,0.023098178000139302,-0.06759604749742854,-0.1645199609776657,-0.15954151508625689,-0.15989994250265022,0.3803600212458427
2311,77.06833333333334,tracked,1,1,0.23015712226548907,0.3572354718537096,-0.38460446408473725,0.023553967340406518,-0.09738899557856412,-0.10375708344069137,-0.19925364498697898,-0.1873691674902764,0.39744181917757787
2312,77.10166666666667,tracked,1,1,0.21585263958274864,0.3744827833299938,-0.38484079323523,0.02399460746508275,-0.09699848823331586,-0.10048693971954539,-0.1959784178893081,-0.18662737560215206,0.3976014135348027
2313,77.135,tracked,1,1,0.3036158177514089,0.3446675291985689,-0.38624843584570284,0.022484925513122117,-0.10088011192455615,-0.10785863359335462,-0.18509357090578157,-0.18386619228629478,0.39983774590512794
2314,77.16833333333334,tracked,1,1,0.2926045363371432,0.37398004302258553,-0.38513015046158683,0.023214619087007587,-0.10044813756145732,-0.10713286999668782,-0.18031378191610226,-0.18487252286508887,0.3986903305492683
2315,77.20166666666667,tracked,1,1,0.25032609583481846,0.36227371516336915,-0.3852039378578139,0.022599559232504868,-0.10281448727178516,-0.11079550640027419,-0.17059990859935928,-0.18247016169472166,0.3993289779262584
2316,77.235,tracked,1,1,0.2707553370860712,0.3805259920192528,-0.3839748666402354,0.023024239236046573,-0.1002655748443344,-0.10906869915067516,-0.165293863330357,-0.18038115484965667,0.3975172943440953
2317,77.26833333333335,tracked,1,1,0.23966336409586253,0.36797214441957626,-0.38488459105645434,0.022691558107775872,-0.10215457271917189,-0.11261734826166703,-0.168255154362497,-0.18018900747480437,0.3988566308455824
2318,77.30166666666668,tracked,1,1,0.2798413205037231,0.3745076364333978,-0.38495350921301885,0.02263807471453244,-0.10243076612206742,-0.10596648485268145,-0.16621533652114515,-0.18314519797065096,0.3989909128420749
2319,77.33500000000001,tracked,0,1,0.2563462646520635,0.37298804497176125,-0.3751826873392289,0.021224896016256684,-0.07155799267204482,-0.16572816683191174,-0.12196248872012194,-0.1569379164439579,0.3825350851951215
2320,77.36833333333334,tracked,0,1,0.2654761300785066,0.3387903670678288,-0.3754825159732641,0.020799230948310654,-0.07129269921402243,-0.16955899135211155,-0.11975109299068634,-0.15692078551736088,0.3827562890023817
2321,77.40166666666667,tracked,1,1,0.2363404626080687,0.35226035017116486,-0.3867296011687851,0.022917522916196004,-0.10292646732293287,-0.10402243296543758,-0.1624691838653408,-0.18553901768643058,0.40084767050883646
2322,77.435,tracked,1,1,0.25915226775796657,0.36862318771006847,-0.38593263579655623,0.02213874843321273,-0.10260816585626453,-0.10806202474984355,-0.16471500836149583,-0.18195115843730594,0.39995319633108706
2323,77.46833333333333,tracked,1,1,0.22160309292463762,0.3673059562423522,-0.3868686526699676,0.021983293292345496,-0.10437463877407227,-0.10320875001314447,-0.16398504219299515,-0.18286210328327898,0.4013037313829407
2324,77.50166666666667,tracked,1,1,0.2614477109890808,0.347517492041577,-0.3846331764215291,0.022480462668615253,-0.10214863365102039,-0.09987248760270959,-0.16954079704698155,-0.18174820191877827,0.3986005456126227
2325,77.53500000000001,tracked,0,1,0.21344980641468267,0.35508609402075253,-0.37412856075447576,0.02118606211318344,-0.07124418501107843,-0.16511962110417913,-0.12475788716195368,-0.15557113887414342,0.38144037948016446
2326,77.56833333333334,tracked,1,1,0.23517126592245052,0.34395098513699984,-0.38482095514732495,0.022420690714125086,-0.10192878772905423,-0.10174154496577369,-0.16661089428483777,-0.18448001230279393,0.39872212461877826
2327,77.60166666666667,tracked,1,1,0.21697473437421505,0.3548962469944346,-0.3852626785132368,0.02274028278880527,-0.10307186925789952,-0.09821348099104289,-0.1659854625102204,-0.1833300092483799,0.3994599631362648
2328,77.635,tracked,0,1,0.21870773422748352,0.350158081314426,-0.3756202906184741,0.020288012201899464,-0.07192541519573675,-0.16722205844233182,-0.12171650277827764,-0.1548688757431664,0.3829823383845402
2329,77.66833333333334,tracked,1,1,0.2627374656176036,0.32174472089306017,-0.3846189782746744,0.023321353976561043,-0.1030131392980862,-0.09688691808250215,-0.16937107248966188,-0.18271914161031186,0.39885755711582227
2330,77.70166666666667,tracked,0,1,0.2734048161205633,0.33432880345249466,-0.3748200183818719,0.02118437289099745,-0.07107113017629407,-0.16798012856454553,-0.12608913010489012,-0.15596512352397232,0.3820862852538774
2331,77.735,tracked,1,1,0.2334844816261224,0.35244379954109123,-0.384054561807959,0.022866302771659852,-0.10252418103372879,-0.09977812698099667,-0.17386885148685127,-0.18023215182210925,0.3981607488748551
2332,77.77000000000001,tracked,0,1,0.22955271503525848,0.3309425309757405,-0.37522588999933665,0.020886019795101962,-0.07140058376531211,-0.16813284148796936,-0.12277693795026386,-0.1569699978812666,0.38252939457080026
2333,77.80333333333334,tracked,0,1,0.2709234364384005,0.3391521766138548,-0.3749158465942853,0.020824142271741064,-0.07197075265118225,-0.1679330616248776,-0.12783081074409358,-0.15303857958575467,0.38232881942908914
2334,77.83666666666667,tracked,1,1,0.22239498197297194,0.34545964758180225,-0.3848060262763174,0.023341035118863207,-0.10111859157349734,-0.09819087422529921,-0.16251845032990261,-0.18383215723836563,0.3985542012584959
2335,77.87,tracked,0,1,0.20410360374421876,0.35763888488263884,-0.3741247007106849,0.021288137232671006,-0.07044575211171883,-0.16556153375565208,-0.12365708197752555,-0.15484404940629073,0.38129395544550965
2336,77.90333333333334,tracked,0,1,0.26462434472170027,0.3495437951384982,-0.37439142522283486,0.021047881736774993,-0.07068118874634904,-0.1672365778847915,-0.12610433777825958,-0.15638490766948657,0.3815858789952634
2337,77.93666666666667,tracked,0,1,0.243626974616435,0.3783300198172338,-0.3743081507356466,0.02127814516415527,-0.07131719341190107,-0.16362814212755564,-0.1253691209883027,-0.15563421729446997,0.38163528825950693
2338,77.97,tracked,1,1,0.24072568287364307,0.33773256812633146,-0.3852523446986521,0.023275161346080542,-0.10145591218516092,-0.08815249935526484,-0.15545133463147054,-0.18338895649963483,0.39906691713147335
2339,78.00333333333334,tracked,0,1,0.2243291836217753,0.3580535123490751,-0.37359217993310423,0.020853780919821846,-0.07029207412711158,-0.15238353394265933,-0.11080091843378596,-0.15440718960785754,0.3807190207632293
2340,78.03666666666668,tracked,1,1,0.2654732417942687,0.3543425856808262,-0.384329414782521,0.02219261681566531,-0.10246080460190388,-0.09527694745082692,-0.16284125579378733,-0.17948231346534482,0.39837146959574243
2341,78.07000000000002,tracked,1,1,0.25678838152478134,0.32840646285599784,-0.38565647038251494,0.021322263267658847,-0.10155184480224133,-0.1117583760578355,-0.16110759751429513,-0.17758481681928073,0.399372419229838
2342,78.10333333333334,tracked,0,1,0.2566324452700413,0.3698559165798467,-0.3759577301384564,0.020981816574059953,-0.07199424016930384,-0.16784788239167991,-0.12023961433650505,-0.1553770314614608,0.38336356385963877
2343,78.13666666666667,tracked,1,1,0.25151209952990977,0.3412285456510818,-0.3832101467818541,0.022968874007545714,-0.10216548321672236,-0.10029299183667742,-0.15706204701162108,-0.1800684827393073,0.3972598289918716
2344,78.17,tracked,1,1,0.25003072890548034,0.3138560055883964,-0.38530838481512864,0.02052515664115115,-0.10531753681230233,-0.060940675350625494,-0.12725262522702854,-0.17156926558371322,0.3999695201189682
2345,78.20333333333333,tracked,1,1,0.2563474453752487,0.3302279271756895,-0.38361276776851533,0.021104251796311146,-0.10273140760449917,-0.06732546557799578,-0.1380476264035624,-0.17151528166436814,0.3976906928095058
2346,78.2366666666667,tracked,1,1,0.2684315793716805,0.3331565229498623,-0.38483053578972837,0.021009511461170055,-0.10429300672963226,-0.07542203573907268,-0.14469943710009064,-0.17106276816004198,0.39926554083811633
2347,78.27000000000001,tracked,1,1,0.29238728513794504,0.3477668864372689,-0.38394678641876456,0.021757715322308663,-0.1030331642184727,-0.06992083190554765,-0.14253340418155014,-0.17395942447975954,0.3981260678556653
2348,78.30333333333334,tracked,1,1,0.24343442688065478,0.3186331103404698,-0.3843469553365694,0.020079927168776768,-0.10133665042839768,-0.07526909991564203,-0.1335093558796837,-0.16927491500281025,0.3979885705289054
2349,78.33666666666667,tracked,1,1,0.2600469233114993,0.29687020760682387,-0.38499746170991744,0.02166316354800424,-0.10020068308417246,-0.06798588879747318,-0.12539130883484836,-0.17297501522971295,0.3984124936149991
2350,78.37,tracked,0,1,0.22055686938770439,0.326770860840767,-0.3728612948118706,0.020292446562362593,-0.06971747544639606,-0.13050220245846017,-0.09048716422022329,-0.14670289808671869,0.3798655748273195
2351,78.40333333333334,tracked,0,1,0.30571948082462536,0.3455791441652772,-0.37327393356231664,0.019658783881197656,-0.07095262001311659,-0.1310532513337341,-0.09277667054741151,-0.1462955487718148,0.38046572979375964
2352,78.43666666666667,tracked,1,1,0.2256473083993398,0.35452869572746937,-0.3830277156136379,0.021912567835806696,-0.10192956977233258,-0.0594401978326264,-0.13797243468089856,-0.1712589589540296,0.3969635106043546
2353,78.47,tracked,1,1,0.2383695902034235,0.3392343254492075,-0.3833388384583265,0.02069136093033827,-0.1003399437915008,-0.07213654753687088,-0.13620540327279915,-0.16819052584260166,0.39679327339032605
2354,78.50333333333334,tracked,1,1,0.2850447279241583,0.33688209091862614,-0.3833464173198644,0.021403283922331012,-0.10312603644573709,-0.06329718206488961,-0.1423809731544828,-0.16841848869913628,0.39755195336917043
2355,78.53666666666668,tracked,1,1,0.2597671543995343,0.3484636483803289,-0.3836281083689043,0.020623931325750883,-0.10237270781026897,-0.07035080966435019,-0.13980943313440114,-0.16587264837877674,0.39758778072073564
2356,78.57000000000002,tracked,1,1,0.22773925490366909,0.33859717400116174,-0.38590219542893495,0.020964127857500403,-0.10252915789013367,-0.06804564252443979,-0.12892341956741693,-0.17163328306387393,0.39984025224001335
2357,78.60333333333334,tracked,1,1,0.2527057684751868,0.3413437367366219,-0.38490100029968505,0.02201389074254012,-0.10079732397442587,-0.06384796250935779,-0.12807569058683071,-0.17055834885030582,0.39848901106269924
2358,78.63666666666667,tracked,1,1,0.2684756739820414,0.3191582003060346,-0.3833213368330006,0.021658391740438793,-0.10169690400108866,-0.06469693337154202,-0.13658483347437883,-0.16940268767535974,0.39717325374152235
2359,78.67,tracked,1,1,0.2666764131662061,0.3541167964334421,-0.38461267931494203,0.022188214311503446,-0.10130674871965228,-0.060284009183212646,-0.12984654007104837,-0.17407132779415901,0.3983494537216016
2360,78.70333333333333,tracked,1,1,0.29284643646880765,0.3531875672937291,-0.3838672871498461,0.02173047462586314,-0.09997053480091483,-0.06500285441977423,-0.13147930339084138,-0.17378233776522856,0.39726617714025014
2361,78.7366666666667,tracked,1,1,0.2580131154476418,0.35642012313121796,-0.3838204747111416,0.02171924074920409,-0.1008956856630781,-0.06367391139011193,-0.13355250996449983,-0.1721093311427346,0.3974541754864712
2362,78.77000000000001,tracked,1,1,0.2666504205415863,0.3241725827067842,-0.3832818843627793,0.021328852347759525,-0.10157759973995706,-0.06497481374079787,-0.13715422849291065,-0.17000732148759928,0.39708680611685704
2363,78.80333333333334,tracked,1,1,0.2334054072478094,0.33769295533395377,-0.38281017360054914,0.021635848375450684,-0.10070994261513333,-0.06373547194821992,-0.1367964868907382,-0.1695506658620141,0.39642682993025524
2364,78.83666666666667,tracked,1,1,0.298503440283946,0.3436393290361877,-0.38408758817492805,0.022541567754754133,-0.10043828365977553,-0.05977575233780071,-0.1293086918479128,-0.1761723531881239,0.3976421085491284
2365,78.87,tracked,1,1,0.2551267722041789,0.3254226623139359,-0.38359907413711947,0.021518787739863987,-0.10000550819631338,-0.06577444469879072,-0.1315456215479078,-0.17241254987070515,0.39700429415089644
2366,78.90333333333334,tracked,1,1,0.26082649133242236,0.346924367538427,-0.38442619880072526,0.022513769723869093,-0.10136259837716616,-0.06373597556484484,-0.1315310878849726,-0.17454239740124003,0.3982018941458275
2367,78.93666666666667,tracked,1,1,0.2884572725604166,0.36602977074851833,-0.3839556629384664,0.021685201098672696,-0.1031562834047679,-0.06496082250829768,-0.1364313234658076,-0.1728005692711336,0.39816255205015433
2368,78.97,tracked,1,1,0.27712520773254384,0.35601721863625485,-0.38329534306600976,0.02189340914844526,-0.10146079118118817,-0.06795825486264584,-0.1352075766720636,-0.17339594376458659,0.397100659187748
2369,79.00333333333334,tracked,1,1,0.2533525801093839,0.3501852838182612,-0.3849233379099675,0.02169221651392325,-0.10039313884137041,-0.07169280221227604,-0.12587066095712846,-0.1733696614005111,0.39839090181812714
2370,79.03666666666668,tracked,1,1,0.3012668418065187,0.36203162837825303,-0.38350940398734246,0.0226636562215089,-0.10102561434038354,-0.06638777101582367,-0.1326260626261073,-0.17230565643220425,0.3972395738252991
2371,79.07000000000002,tracked,0,1,0.2681045755986156,0.3672655466193859,-0.3733510099514491,0.020809987594720997,-0.06976134603418699,-0.13392949951286037,-0.08596715688575549,-0.14598815273470095,0.3803822782622254
2372,79.10333333333334,tracked,0,1,0.3065532994101252,0.3644815035320419,-0.3727835082718185,0.020851655081687875,-0.06882618516023453,-0.13063768276308227,-0.08587799122669472,-0.1447554232482046,0.37965692318565925
2373,79.13666666666667,tracked,1,1,0.2840587121305391,0.36026791367531963,-0.3832472915436461,0.02230100461571627,-0.0984767066041804,-0.06577659933404068,-0.12855397012890088,-0.17308359207606477,0.3963249714893278
2374,79.17,tracked,1,1,0.2439992136198925,0.35300011421410193,-0.3822032817260098,0.023030216902428347,-0.09917303517291204,-0.058643728490432305,-0.1337744910695789,-0.17562821968315254,0.39553132664570595
2375,79.20333333333333,tracked,1,1,0.3025768071106276,0.36822289155430565,-0.38029662366233796,0.023237483383463015,-0.09875983065346772,-0.06371636971298689,-0.14029747410435955,-0.16948137265484609,0.3935975187341407
2376,79.2366666666667,tracked,1,1,0.27986522708989997,0.35391887509574965,-0.3833328007194484,0.022371781260880463,-0.09860532732538502,-0.06645944956348558,-0.12992017349041707,-0.17112643006913753,0.3964436192968016
2377,79.27000000000001,tracked,1,1,0.2630826644960139,0.35269717720497584,-0.3826902008437453,0.023094953506290095,-0.09650588643650865,-0.06420922989608349,-0.1270402381010908,-0.17286674844186367,0.39534611774517286
2378,79.30333333333334,tracked,1,1,0.25340595680883893,0.32687847911034196,-0.3803539896666423,0.02427433529739137,-0.09530784973736683,-0.07040984605179484,-0.13053121622826294,-0.17019677209069192,0.39286382759300065
2379,79.33666666666667,tracked,1,1,0.2445690203319193,0.3689149700353447,-0.3837112929865521,0.023302956035382932,-0.0935347536107825,-0.07139004857153439,-0.11359986913723437,-0.17408615179931933,0.3956338386165021
2380,79.37,tracked,1,1,0.27951033319565544,0.3435261851206608,-0.38401924502097856,0.023205356288450857,-0.09702569465104749,-0.06777078576302757,-0.12394889668356941,-0.1741236036295008,0.39676599467378076
2381,79.40333333333334,tracked,1,1,0.26753042464737936,0.3621114045738825,-0.38446763420552954,0.023176614181128846,-0.09678507516716978,-0.06797298784912674,-0.12079214139038752,-0.1746272182953782,0.3971396076590856
2382,79.43666666666667,tracked,0,1,0.32123827583562137,0.3555722811921068,-0.3748000922843377,0.02116554179785385,-0.068833579199847,-0.12960620050687888,-0.08437949976884355,-0.1505031629498019,0.38165580168707824
2383,79.47,tracked,1,1,0.27599076160449787,0.34368452680447137,-0.38442400685392153,0.023396443233210024,-0.09302532134646979,-0.0689994874236643,-0.10599996095824876,-0.17516162390211973,0.39621070279991516
2384,79.50333333333334,tracked,1,1,0.26381082274917045,0.35639971811057336,-0.3848704535473862,0.02312329570596816,-0.09414451026927317,-0.06571671413297533,-0.09531362247581125,-0.18101921830667633,0.3968918513045055
2385,79.53666666666668,tracked,1,1,0.25058138094502347,0.3537681277471525,-0.3843195635682843,0.023798853399466663,-0.09424812930521193,-0.06643693135874056,-0.11388030561854026,-0.17567223482612518,0.39642227768123445
2386,79.57000000000002,tracked,1,1,0.2565972547698568,0.35091465325353516,-0.38492992012334937,0.023675063711432798,-0.09456054319721091,-0.0694200380977922,-0.1147845481211964,-0.17470979722128696,0.39708090910752697
2387,79.60333333333334,tracked,0,1,0.24697278509022164,0.34752721280546955,-0.3767909238564527,0.02084929470598651,-0.0706202980983468,-0.12951543728010503,-0.08314121677248623,-0.14803522969126434,0.38391837660345923
2388,79.63666666666667,tracked,1,1,0.2923713518037579,0.36395810206774054,-0.38364444737259734,0.023445619351327995,-0.09226742344568961,-0.06885749474784064,-0.11077951229785016,-0.17406865036938546,0.3952796940090639
2389,79.67,tracked,1,1,0.26475214081181503,0.3395607723294333,-0.3854831939935478,0.02342024417216082,-0.09250535086338668,-0.07079501080629999,-0.10805649262389294,-0.17403186651033117,0.3971184214147073
2390,79.70333333333333,tracked,1,1,0.2856659194439627,0.3622336134099171,-0.38507271646960095,0.022983965090899755,-0.09359716067132512,-0.07093791737523157,-0.11172720389970192,-0.17300288845652603,0.3969504857111416
2391,79.7366666666667,tracked,1,1,0.28553106145752843,0.36432710231595816,-0.3856961168468433,0.02184526404268236,-0.09649436625761232,-0.07332883656185016,-0.11649334348186277,-0.17119948801627766,0.39818321515514254
2392,79.77000000000001,tracked,1,1,0.30842889446543514,0.3516308580571674,-0.3842806251594496,0.02247393443746959,-0.09082526372249605,-0.07649884462531006,-0.10863865265795769,-0.17193497505730612,0.3955071492808923
2393,79.80333333333334,tracked,1,1,0.24981488203966035,0.35963880789241737,-0.38548710980066014,0.022319121183526358,-0.0899291031087806,-0.07944684913584536,-0.10008736676935402,-0.17396669270473422,0.39646651634005725
2394,79.83666666666667,tracked,1,1,0.27814379158832936,0.35858593310907927,-0.38358019744711286,0.023160782633544347,-0.08571958496863658,-0.07964743337467274,-0.095971861256125,-0.17391914898440017,0.39372330001278777
2395,79.87,tracked,1,1,0.247405319964889,0.3578970063796906,-0.3834145740761149,0.023097076898663277,-0.08653112291620835,-0.08044176073545152,-0.10122669598597454,-0.17273378920194846,0.3937357563244305
2396,79.90333333333334,tracked,1,1,0.29828774287313575,0.3660292264063115,-0.37953917101338075,0.023932808237920156,-0.08545646121656286,-0.07977761554486133,-0.11282349731857441,-0.16881706518755019,0.3897763056001933
2397,79.93666666666667,tracked,1,1,0.27182592969185065,0.3463274688896187,-0.38433858403132826,0.022164019163686238,-0.08852745802211975,-0.0776008163986911,-0.10461380821172334,-0.17254847482015662,0.3950246849812715
2398,79.97,tracked,1,1,0.2971712578863591,0.35436081600689806,-0.3853665242123915,0.02148794808590518,-0.08792278357492844,-0.08037602007218352,-0.09947732255103081,-0.17192608263613351,0.3958528839961204
2399,80.00333333333334,tracked,1,1,0.25523272919635465,0.3529884922011821,-0.38433742214473066,0.02170966803723215,-0.08626358546265855,-0.08318419813746701,-0.09987796351067071,-0.16750919769150344,0.39449711015927236
2400,80.03666666666668,tracked,1,1,0.22054488932615546,0.35524029030151416,-0.38331422462921927,0.02165982101412428,-0.08383486554401004,-0.09238283365100881,-0.10107722742437025,-0.1676489091758128,0.39297229842604137
2401,80.07000000000002,tracked,1,1,0.20105711884407182,0.34132693510054657,-0.38042954520917804,0.023736640954904215,-0.08217823581794076,-0.08363669441167387,-0.09960661254576021,-0.16738378174931923,0.3899273386594394
2402,80.10333333333334,tracked,1,1,0.2596032798413147,0.34336106839707614,-0.38376457775573236,0.021196817317685995,-0.08463936261573068,-0.08968287494726815,-0.09987290676105562,-0.1681772591117403,0.3935586079714584
2403,80.13666666666667,tracked,1,1,0.25886268821872344,0.338668906166305,-0.38407682938587406,0.02110062018043879,-0.08410976893005834,-0.09289726677080905,-0.09625200056045678,-0.16774543550281057,0.3937444606246198
2404,80.17,tracked,1,1,0.25065129779629614,0.3164787775570178,-0.38167059581834883,0.022378136877856086,-0.08091468161787246,-0.09009420956636256,-0.09568425826414831,-0.17055385105996865,0.39079458852929266
2405,80.20333333333333,tracked,1,1,0.22088334380542649,0.344479401947797,-0.37626341627414334,0.024767884632550696,-0.07774240734014087,-0.10011469698304216,-0.10313381926544848,-0.1618853887131017,0.3850084264460987
2406,80.2366666666667,tracked,0,1,0.23690870573545275,0.34498902521193175,-0.37920255516868195,0.020543086501853575,-0.06863525148277849,-0.12448309099139934,-0.07866254898590523,-0.15217852828739703,0.38591112188635374
