time,object_x,object_y,object_z,eef_x,eef_y,eef_z
0.000000000000000000e+00,-6.178994728590840591e-02,1.911686481805810744e-01,9.641382334931767328e-01,-6.133347749809374416e-02,2.392966512106712296e-01,9.996463877214237792e-01
5.000000000000000278e-02,-6.163671725944083052e-02,1.913791119700753163e-01,9.647746807187906892e-01,-6.118024747162616878e-02,2.395071150001654714e-01,1.000282834947037625e+00
1.000000000000000056e-01,-6.148348723297326207e-02,1.915895757595695303e-01,9.654111279444046456e-01,-6.102701744515860033e-02,2.397175787896596855e-01,1.000919282172651581e+00
1.499999999999999944e-01,-6.133025720650568668e-02,1.918000395490637722e-01,9.660475751700186020e-01,-6.087378741869102494e-02,2.399280425791539273e-01,1.001555729398265537e+00
2.000000000000000111e-01,-6.114878535955906025e-02,1.919522414409282618e-01,9.666351639101686821e-01,-6.069231557174439851e-02,2.400802444710184169e-01,1.002143318138415840e+00
2.500000000000000000e-01,-6.094275403235024230e-02,1.920537779755103758e-01,9.671802646311671303e-01,-6.048628424453558056e-02,2.401817810056005309e-01,1.002688418859414288e+00
2.999999999999999889e-01,-6.073672270514142435e-02,1.921553145100924898e-01,9.677253653521655785e-01,-6.028025291732676261e-02,2.402833175401826449e-01,1.003233519580412736e+00
3.499999999999999778e-01,-6.053333112736979105e-02,1.922650784722350903e-01,9.682856455382782279e-01,-6.007686133955512930e-02,2.403930815023252454e-01,1.003793799766525385e+00
4.000000000000000222e-01,-6.036515132818550539e-02,1.924845885919192201e-01,9.690484055344602554e-01,-5.990868154037084364e-02,2.406125916220093752e-01,1.004556559762707302e+00
4.500000000000000111e-01,-6.019697152900121973e-02,1.927040987116033499e-01,9.698111655306423939e-01,-5.974050174118655798e-02,2.408321017416935050e-01,1.005319319758889440e+00
5.000000000000000000e-01,-6.002879172981693406e-02,1.929236088312875075e-01,9.705739255268244214e-01,-5.957232194200227232e-02,2.410516118613776626e-01,1.006082079755071579e+00
5.500000000000000444e-01,-5.985867993005550280e-02,1.931458111258231580e-01,9.713520334501578590e-01,-5.940221014224084106e-02,2.412738141559133132e-01,1.006860187678404905e+00
5.999999999999999778e-01,-5.968730467823338270e-02,1.933697739963669837e-01,9.721401783115833917e-01,-5.923083489041872096e-02,2.414977770264571388e-01,1.007648332539830438e+00
6.500000000000000222e-01,-5.951592942641125566e-02,1.935937368669107816e-01,9.729283231730089243e-01,-5.905945963859659392e-02,2.417217398970009368e-01,1.008436477401255971e+00
6.999999999999999556e-01,-5.934027714515122121e-02,1.938088438932507873e-01,9.736954415895958670e-01,-5.888380735733655946e-02,2.419368469233409424e-01,1.009203595817842913e+00
7.500000000000000000e-01,-5.913823760047028782e-02,1.939693145189738122e-01,9.743328367141615987e-01,-5.868176781265562608e-02,2.420973175490639673e-01,1.009840990942408645e+00
8.000000000000000444e-01,-5.893619805578936138e-02,1.941297851446968092e-01,9.749702318387273303e-01,-5.847972826797469964e-02,2.422577881747869644e-01,1.010478386066974377e+00
8.499999999999999778e-01,-5.873415851110843494e-02,1.942902557704198341e-01,9.756076269632930620e-01,-5.827768872329377320e-02,2.424182588005099892e-01,1.011115781191540108e+00
9.000000000000000222e-01,-5.858436735560330899e-02,1.945899024559763768e-01,9.763999345996413615e-01,-5.812789756778864725e-02,2.427179054860665319e-01,1.011908088827888408e+00
9.499999999999999556e-01,-5.845980756432125197e-02,1.949567589045932692e-01,9.772670513175547580e-01,-5.800333777650659023e-02,2.430847619346834243e-01,1.012775205545801693e+00
1.000000000000000000e+00,-5.833524777303919495e-02,1.953236153532101615e-01,9.781341680354681545e-01,-5.787877798522453321e-02,2.434516183833003167e-01,1.013642322263715201e+00
1.050000000000000044e+00,-5.820332028631397536e-02,1.956776790792692511e-01,9.789993558606863155e-01,-5.774685049849931362e-02,2.438056821093594062e-01,1.014507510088933362e+00
1.100000000000000089e+00,-5.804354521706966280e-02,1.959833903184725890e-01,9.798572530753039134e-01,-5.758707542925500106e-02,2.441113933485627441e-01,1.015365407303550960e+00
1.149999999999999911e+00,-5.788377014782535024e-02,1.962891015576758991e-01,9.807151502899216222e-01,-5.742730036001068850e-02,2.444171045877660542e-01,1.016223304518168558e+00
1.199999999999999956e+00,-5.772399507858103074e-02,1.965948127968792369e-01,9.815730475045392200e-01,-5.726752529076636899e-02,2.447228158269693921e-01,1.017081201732786155e+00
1.250000000000000000e+00,-5.738974402940862085e-02,1.965736860892737803e-01,9.821661520188291750e-01,-5.693327424159395911e-02,2.447016891193639354e-01,1.017674306247076110e+00
1.300000000000000044e+00,-5.699548612932909403e-02,1.964401512670784222e-01,9.826681874008729167e-01,-5.653901634151443228e-02,2.445681542971685773e-01,1.018176341629120074e+00
1.350000000000000089e+00,-5.660122822924956720e-02,1.963066164448830642e-01,9.831702227829166585e-01,-5.614475844143490546e-02,2.444346194749732193e-01,1.018678377011163594e+00
1.399999999999999911e+00,-5.622176201603801271e-02,1.962338282820507429e-01,9.837584376352729310e-01,-5.576529222822335097e-02,2.443618313121408980e-01,1.019266591863519977e+00
1.449999999999999956e+00,-5.588052884077959748e-02,1.963180559723584906e-01,9.845694061862877433e-01,-5.542405905296493573e-02,2.444460590024486457e-01,1.020077560414534901e+00
1.500000000000000000e+00,-5.553929566552118918e-02,1.964022836626662383e-01,9.853803747373024446e-01,-5.508282587770652744e-02,2.445302866927563934e-01,1.020888528965549380e+00
1.550000000000000044e+00,-5.519806249026278089e-02,1.964865113529739860e-01,9.861913432883172570e-01,-5.474159270244811915e-02,2.446145143830641411e-01,1.021699497516564303e+00
1.600000000000000089e+00,-5.491609546277885501e-02,1.967004860313114611e-01,9.871007950756693905e-01,-5.445962567496419326e-02,2.448284890614016163e-01,1.022608949303916326e+00
1.649999999999999911e+00,-5.464768620332541987e-02,1.969441417271001749e-01,9.880327759613904970e-01,-5.419121641551075813e-02,2.450721447571903300e-01,1.023540930189637432e+00
1.699999999999999956e+00,-5.437927694387198474e-02,1.971877974228888886e-01,9.889647568471114925e-01,-5.392280715605732300e-02,2.453158004529790437e-01,1.024472911075358539e+00
1.750000000000000000e+00,-5.411707131203422061e-02,1.974625558696012639e-01,9.898857660181955564e-01,-5.366060152421955887e-02,2.455905588996914191e-01,1.025393920246442603e+00
1.800000000000000044e+00,-5.386645289145670229e-02,1.977954084135183921e-01,9.907862820869755005e-01,-5.340998310364204055e-02,2.459234114436085472e-01,1.026294436315222658e+00
1.850000000000000089e+00,-5.361583447087918397e-02,1.981282609574354925e-01,9.916867981557553335e-01,-5.315936468306452223e-02,2.462562639875256476e-01,1.027194952384002491e+00
1.899999999999999911e+00,-5.336521605030166565e-02,1.984611135013526206e-01,9.925873142245351666e-01,-5.290874626248700391e-02,2.465891165314427758e-01,1.028095468452782324e+00
1.949999999999999956e+00,-5.294499070389765277e-02,1.985392798244500490e-01,9.932879699333128087e-01,-5.248852091608299103e-02,2.466672828545402041e-01,1.028796124161559966e+00
2.000000000000000000e+00,-5.250241536349345428e-02,1.985838848087076169e-01,9.939622889944260686e-01,-5.204594557567879254e-02,2.467118878387977721e-01,1.029470443222673115e+00
2.049999999999999822e+00,-5.205984002308926273e-02,1.986284897929652127e-01,9.946366080555394396e-01,-5.160337023527460099e-02,2.467564928230553678e-01,1.030144762283786486e+00
2.100000000000000089e+00,-5.160848730151358643e-02,1.986553583414727986e-01,9.953154059120578045e-01,-5.115201751369892469e-02,2.467833613715629537e-01,1.030823560140304851e+00
2.149999999999999911e+00,-5.114493539386943954e-02,1.986575760202416163e-01,9.960004285932070323e-01,-5.068846560605477780e-02,2.467855790503317714e-01,1.031508582821454079e+00
2.200000000000000178e+00,-5.068138348622528572e-02,1.986597936990104063e-01,9.966854512743563710e-01,-5.022491369841062397e-02,2.467877967291005614e-01,1.032193605502603528e+00
2.250000000000000000e+00,-5.021783157858113883e-02,1.986620113777792240e-01,9.973704739555055987e-01,-4.976136179076647709e-02,2.467900144078693792e-01,1.032878628183752756e+00
2.299999999999999822e+00,-4.961888096555747141e-02,1.983366786501507828e-01,9.977511534656858805e-01,-4.916241117774280966e-02,2.464646816802409379e-01,1.033259307693932927e+00
2.350000000000000089e+00,-4.901329855500981270e-02,1.979953025787692666e-01,9.981169263171797423e-01,-4.855682876719515095e-02,2.461233056088594218e-01,1.033625080545426789e+00
2.399999999999999911e+00,-4.840771614446216786e-02,1.976539265073877227e-01,9.984826991686737152e-01,-4.795124635664750612e-02,2.457819295374778779e-01,1.033990853396920873e+00
2.450000000000000178e+00,-4.786280237863711762e-02,1.974028889033101752e-01,9.989246348195791603e-01,-4.740633259082245587e-02,2.455308919334003304e-01,1.034432789047826207e+00
2.500000000000000000e+00,-4.738149588142225727e-02,1.972465655158087139e-01,9.994464223884306220e-01,-4.692502609360759552e-02,2.453745685458988690e-01,1.034954576616677668e+00
2.549999999999999822e+00,-4.690018938420739691e-02,1.970902421283072248e-01,9.999682099572819727e-01,-4.644371959639273517e-02,2.452182451583973799e-01,1.035476364185528908e+00
2.600000000000000089e+00,-4.642266178848105523e-02,1.969387482765759256e-01,1.000491963767795145e+00,-4.596619200066639349e-02,2.450667513066660808e-01,1.036000117996042302e+00
2.649999999999999911e+00,-4.610532168789639729e-02,1.969919782685509435e-01,1.001099066490044986e+00,-4.564885190008173554e-02,2.451199812986410986e-01,1.036607220718292144e+00
2.700000000000000178e+00,-4.578798158731174628e-02,1.970452082605259891e-01,1.001706169212294828e+00,-4.533151179949708454e-02,2.451732112906161443e-01,1.037214323440541985e+00
2.750000000000000000e+00,-4.547064148672710221e-02,1.970984382525010348e-01,1.002313271934544670e+00,-4.501417169891244047e-02,2.452264412825911899e-01,1.037821426162791827e+00
2.799999999999999822e+00,-4.520545798402364479e-02,1.972089684703425549e-01,1.002904184967115864e+00,-4.474898819620898305e-02,2.453369715004327101e-01,1.038412339195363021e+00
2.850000000000000089e+00,-4.498160246281597552e-02,1.973649023910810651e-01,1.003482269571019270e+00,-4.452513267500131378e-02,2.454929054211712203e-01,1.038990423799266427e+00
2.899999999999999911e+00,-4.475774694160830625e-02,1.975208363118195476e-01,1.004060354174922454e+00,-4.430127715379364450e-02,2.456488393419097027e-01,1.039568508403169389e+00
2.950000000000000178e+00,-4.452168724143842904e-02,1.976532900075371468e-01,1.004612014880535309e+00,-4.406521745362376730e-02,2.457812930376273020e-01,1.040120169108782466e+00
3.000000000000000000e+00,-4.416630186458241764e-02,1.975561671173953204e-01,1.004905317399663156e+00,-4.370983207676775589e-02,2.456841701474854756e-01,1.040413471627910091e+00
3.049999999999999822e+00,-4.381091648772640623e-02,1.974590442272534940e-01,1.005198619918791003e+00,-4.335444669991174449e-02,2.455870472573436492e-01,1.040706774147038161e+00
3.100000000000000089e+00,-4.345553111087038789e-02,1.973619213371116954e-01,1.005491922437919072e+00,-4.299906132305572615e-02,2.454899243672018505e-01,1.041000076666166230e+00
3.149999999999999911e+00,-4.307102493278277405e-02,1.972004438335244747e-01,1.005731809975918267e+00,-4.261455514496811231e-02,2.453284468636146298e-01,1.041239964204165425e+00
3.200000000000000178e+00,-4.266924345112188544e-02,1.970007893074449956e-01,1.005940010198481893e+00,-4.221277366330722369e-02,2.451287923375351507e-01,1.041448164426729051e+00
3.250000000000000000e+00,-4.226746196946099682e-02,1.968011347813655443e-01,1.006148210421045519e+00,-4.181099218164633508e-02,2.449291378114556994e-01,1.041656364649292676e+00
3.299999999999999822e+00,-4.187048232688837107e-02,1.965992827136263665e-01,1.006350728492540592e+00,-4.141401253907370933e-02,2.447272857437165217e-01,1.041858882720787527e+00
3.350000000000000089e+00,-4.149824590568185201e-02,1.963861070136811715e-01,1.006523967215199322e+00,-4.104177611786719027e-02,2.445141100437713266e-01,1.042032121443446258e+00
3.399999999999999911e+00,-4.112600948447533988e-02,1.961729313137359765e-01,1.006697205937857831e+00,-4.066953969666067814e-02,2.443009343438261316e-01,1.042205360166104988e+00
3.450000000000000178e+00,-4.075377306326882776e-02,1.959597556137907814e-01,1.006870444660516561e+00,-4.029730327545416602e-02,2.440877586438809366e-01,1.042378598888763719e+00
3.500000000000000000e+00,-4.041959938569833488e-02,1.957851228119372733e-01,1.007141001072637598e+00,-3.996312959788367314e-02,2.439131258420274284e-01,1.042649155300884534e+00
3.549999999999999822e+00,-4.010194136451481622e-02,1.956272140084147071e-01,1.007453784223190985e+00,-3.964547157670015448e-02,2.437552170385048622e-01,1.042961938451437920e+00
3.600000000000000089e+00,-3.978428334333129063e-02,1.954693052048921686e-01,1.007766567373744371e+00,-3.932781355551662889e-02,2.435973082349823238e-01,1.043274721601991306e+00
3.649999999999999911e+00,-3.949424172484122114e-02,1.953601446369268579e-01,1.008120800983081766e+00,-3.903777193702655940e-02,2.434881476670170131e-01,1.043628955211328702e+00
3.700000000000000178e+00,-3.929548383977586601e-02,1.954121173269362244e-01,1.008612045653272782e+00,-3.883901405196120427e-02,2.435401203570263795e-01,1.044120199881519717e+00
3.750000000000000000e+00,-3.909672595471050394e-02,1.954640900169455908e-01,1.009103290323463797e+00,-3.864025616689584219e-02,2.435920930470357459e-01,1.044611444551710733e+00
3.799999999999999822e+00,-3.889796806964515574e-02,1.955160627069549573e-01,1.009594534993654813e+00,-3.844149828183049400e-02,2.436440657370451124e-01,1.045102689221901748e+00
3.850000000000000089e+00,-3.879551608772946469e-02,1.956808991982834922e-01,1.010116237282996154e+00,-3.833904629991480295e-02,2.438089022283736473e-01,1.045624391511243090e+00
3.899999999999999911e+00,-3.872229785842400129e-02,1.958799956086668959e-01,1.010647185012899296e+00,-3.826582807060933955e-02,2.440079986387570510e-01,1.046155339241146454e+00
3.950000000000000178e+00,-3.864907962911853789e-02,1.960790920190502995e-01,1.011178132742802216e+00,-3.819260984130387615e-02,2.442070950491404546e-01,1.046686286971049373e+00
4.000000000000000000e+00,-3.857228670303126244e-02,1.962922196919533735e-01,1.011708035259944793e+00,-3.811581691521660070e-02,2.444202227220435286e-01,1.047216189488191951e+00
4.049999999999999822e+00,-3.848723192931326198e-02,1.965377764518754233e-01,1.012235522078890337e+00,-3.803076214149860024e-02,2.446657794819655785e-01,1.047743676307137495e+00
4.099999999999999645e+00,-3.840217715559525458e-02,1.967833332117974454e-01,1.012763008897836103e+00,-3.794570736778059283e-02,2.449113362418876005e-01,1.048271163126083039e+00
4.150000000000000355e+00,-3.831712238187725411e-02,1.970288899717194953e-01,1.013290495716781647e+00,-3.786065259406259237e-02,2.451568930018096504e-01,1.048798649945028583e+00
4.200000000000000178e+00,-3.814479324532471516e-02,1.971991084363294011e-01,1.013772583140937211e+00,-3.768832345751005342e-02,2.453271114664195562e-01,1.049280737369184369e+00
4.250000000000000000e+00,-3.795545243773406491e-02,1.973546418290029747e-01,1.014245821235869371e+00,-3.749898264991940317e-02,2.454826448590931298e-01,1.049753975464116529e+00
4.299999999999999822e+00,-3.776611163014341466e-02,1.975101752216765760e-01,1.014719059330801532e+00,-3.730964184232875291e-02,2.456381782517667312e-01,1.050227213559048689e+00
4.349999999999999645e+00,-3.752259574347488469e-02,1.975844914176618783e-01,1.015122634197336282e+00,-3.706612595566022295e-02,2.457124944477520334e-01,1.050630788425583440e+00
4.400000000000000355e+00,-3.718752297833000098e-02,1.975215490598259405e-01,1.015408476928630677e+00,-3.673105319051533924e-02,2.456495520899160956e-01,1.050916631156877834e+00
4.450000000000000178e+00,-3.685245021318511727e-02,1.974586067019900304e-01,1.015694319659925293e+00,-3.639598042537045552e-02,2.455866097320801855e-01,1.051202473888172229e+00
4.500000000000000000e+00,-3.651737744804023356e-02,1.973956643441541203e-01,1.015980162391219910e+00,-3.606090766022557181e-02,2.455236673742442755e-01,1.051488316619467067e+00
4.549999999999999822e+00,-3.602602188007109768e-02,1.971814012292899820e-01,1.016228658852819322e+00,-3.556955209225643594e-02,2.453094042593801372e-01,1.051736813081066479e+00
4.599999999999999645e+00,-3.551856845090348158e-02,1.969515513672017992e-01,1.016473308473595516e+00,-3.506209866308881984e-02,2.450795543972919543e-01,1.051981462701842673e+00
4.650000000000000355e+00,-3.501111502173585854e-02,1.967217015051136164e-01,1.016717958094371932e+00,-3.455464523392119680e-02,2.448497045352037715e-01,1.052226112322618867e+00
4.700000000000000178e+00,-3.448102415936891985e-02,1.964921783100608832e-01,1.016932244359874504e+00,-3.402455437155425810e-02,2.446201813401510383e-01,1.052440398588121440e+00
4.750000000000000000e+00,-3.392229498639779545e-02,1.962630683770570372e-01,1.017108118355237512e+00,-3.346582519858313370e-02,2.443910714071471924e-01,1.052616272583484669e+00
4.799999999999999822e+00,-3.336356581342665717e-02,1.960339584440531635e-01,1.017283992350600741e+00,-3.290709602561199543e-02,2.441619614741433186e-01,1.052792146578847898e+00
4.849999999999999645e+00,-3.280483664045552583e-02,1.958048485110493453e-01,1.017459866345963970e+00,-3.234836685264086409e-02,2.439328515411395004e-01,1.052968020574211128e+00
4.900000000000000355e+00,-3.230425211553995812e-02,1.956781334469830103e-01,1.017589953370507949e+00,-3.184778232772529638e-02,2.438061364770731654e-01,1.053098107598755107e+00
4.950000000000000178e+00,-3.180507577480662373e-02,1.955538982471793641e-01,1.017718931496981227e+00,-3.134860598699196199e-02,2.436819012772695192e-01,1.053227085725228385e+00
5.000000000000000000e+00,-3.130589943407328934e-02,1.954296630473757179e-01,1.017847909623454283e+00,-3.084942964625862760e-02,2.435576660774658730e-01,1.053356063851701219e+00
5.049999999999999822e+00,-3.083600031144785591e-02,1.953694997424533231e-01,1.018011861913556082e+00,-3.037953052363319417e-02,2.434975027725434782e-01,1.053520016141803239e+00
5.099999999999999645e+00,-3.039409285538993005e-02,1.953705949598145697e-01,1.018209252665029485e+00,-2.993762306757526831e-02,2.434985979899047248e-01,1.053717406893276642e+00
5.150000000000000355e+00,-2.995218539933199725e-02,1.953716901771758163e-01,1.018406643416502888e+00,-2.949571561151733551e-02,2.434996932072659714e-01,1.053914797644750045e+00
5.200000000000000178e+00,-2.951221192528905718e-02,1.953767458273541757e-01,1.018605476571942114e+00,-2.905574213747439544e-02,2.435047488574443308e-01,1.054113630800189050e+00
5.250000000000000000e+00,-2.911226217348829304e-02,1.954637625618667884e-01,1.018834160250935650e+00,-2.865579238567363130e-02,2.435917655919569436e-01,1.054342314479182807e+00
5.299999999999999822e+00,-2.871231242168752890e-02,1.955507792963794012e-01,1.019062843929929185e+00,-2.825584263387286715e-02,2.436787823264695563e-01,1.054570998158176121e+00
5.349999999999999645e+00,-2.831236266988677863e-02,1.956377960308920139e-01,1.019291527608922721e+00,-2.785589288207211689e-02,2.437657990609821690e-01,1.054799681837169878e+00
5.400000000000000355e+00,-2.793815977349694418e-02,1.957337256976026396e-01,1.019517899511571457e+00,-2.748168998568228244e-02,2.438617287276927947e-01,1.055026053739818614e+00
5.450000000000000178e+00,-2.758252753909784527e-02,1.958360840737053132e-01,1.019742603978861295e+00,-2.712605775128318353e-02,2.439640871037954684e-01,1.055250758207108230e+00
5.500000000000000000e+00,-2.722689530469875330e-02,1.959384424498079591e-01,1.019967308446151133e+00,-2.677042551688409155e-02,2.440664454798981142e-01,1.055475462674398290e+00
5.549999999999999822e+00,-2.686936616204342598e-02,1.960383784234772386e-01,1.020188779607303475e+00,-2.641289637422876424e-02,2.441663814535673938e-01,1.055696933835550411e+00
5.599999999999999645e+00,-2.649735771999796319e-02,1.961198239456651837e-01,1.020385570604072312e+00,-2.604088793218330145e-02,2.442478269757553389e-01,1.055893724832319247e+00
5.650000000000000355e+00,-2.612534927795250039e-02,1.962012694678531566e-01,1.020582361600841148e+00,-2.566887949013783865e-02,2.443292724979433117e-01,1.056090515829088083e+00
5.700000000000000178e+00,-2.575334083590703760e-02,1.962827149900411017e-01,1.020779152597609984e+00,-2.529687104809237586e-02,2.444107180201312568e-01,1.056287306825856920e+00
5.750000000000000000e+00,-2.538953675680068883e-02,1.963532628572251248e-01,1.020908846129527037e+00,-2.493306696898602709e-02,2.444812658873152800e-01,1.056417000357773972e+00
5.799999999999999822e+00,-2.503013677563290657e-02,1.964179608686319189e-01,1.021002521775737470e+00,-2.457366698781824482e-02,2.445459638987220741e-01,1.056510676003984628e+00
5.849999999999999645e+00,-2.467073679446513818e-02,1.964826588800386853e-01,1.021096197421947682e+00,-2.421426700665047643e-02,2.446106619101288404e-01,1.056604351650194840e+00
5.900000000000000355e+00,-2.432231560088313899e-02,1.965626409806502384e-01,1.021192517784120124e+00,-2.386584581306847724e-02,2.446906440107403935e-01,1.056700672012367281e+00
5.950000000000000178e+00,-2.402207725405489797e-02,1.967097007000034592e-01,1.021300445069453167e+00,-2.356560746624023622e-02,2.448377037300936143e-01,1.056808599297700102e+00
6.000000000000000000e+00,-2.372183890722666388e-02,1.968567604193566800e-01,1.021408372354785987e+00,-2.326536911941200214e-02,2.449847634494468351e-01,1.056916526583032923e+00
6.049999999999999822e+00,-2.342160056039842980e-02,1.970038201387099008e-01,1.021516299640119030e+00,-2.296513077258376806e-02,2.451318231688000560e-01,1.057024453868366187e+00
6.099999999999999645e+00,-2.314197293704085140e-02,1.971578608188635506e-01,1.021668554833501608e+00,-2.268550314922618966e-02,2.452858638489537058e-01,1.057176709061748543e+00
6.150000000000000355e+00,-2.287034301103221118e-02,1.973146103613123981e-01,1.021838010839519306e+00,-2.241387322321754944e-02,2.454426133914025532e-01,1.057346165067766464e+00
6.200000000000000178e+00,-2.259871308502358483e-02,1.974713599037612455e-01,1.022007466845536783e+00,-2.214224329720892309e-02,2.455993629338514006e-01,1.057515621073783940e+00
6.250000000000000000e+00,-2.231874485207592518e-02,1.976092651275550005e-01,1.022173687030598632e+00,-2.186227506426126344e-02,2.457372681576451556e-01,1.057681841258845790e+00
6.299999999999999822e+00,-2.201445568507991862e-02,1.976922057842552816e-01,1.022330469066089265e+00,-2.155798589726525688e-02,2.458202088143454367e-01,1.057838623294336422e+00
6.349999999999999645e+00,-2.171016651808391207e-02,1.977751464409555626e-01,1.022487251101580119e+00,-2.125369673026925033e-02,2.459031494710457177e-01,1.057995405329827054e+00
6.400000000000000355e+00,-2.140587735108790551e-02,1.978580870976558437e-01,1.022644033137070974e+00,-2.094940756327324377e-02,2.459860901277459988e-01,1.058152187365318131e+00
6.450000000000000178e+00,-2.110603783842663478e-02,1.979600753506813582e-01,1.022900004818540376e+00,-2.064956805061197304e-02,2.460880783807715133e-01,1.058408159046787311e+00
6.500000000000000000e+00,-2.080737984712370536e-02,1.980671213318336843e-01,1.023182314430202799e+00,-2.035091005930904362e-02,2.461951243619238394e-01,1.058690468658449735e+00
6.549999999999999822e+00,-2.050872185582078289e-02,1.981741673129859826e-01,1.023464624041865001e+00,-2.005225206800612114e-02,2.463021703430761378e-01,1.058972778270112158e+00
6.599999999999999645e+00,-2.018717660428877986e-02,1.982433420957246950e-01,1.023743117750647302e+00,-1.973070681647411811e-02,2.463713451258148501e-01,1.059251271978894238e+00
6.650000000000000355e+00,-1.981810751895775324e-02,1.982338799196853019e-01,1.024013687997536781e+00,-1.936163773114309150e-02,2.463618829497754570e-01,1.059521842225783939e+00
6.700000000000000178e+00,-1.944903843362674745e-02,1.982244177436459365e-01,1.024284258244426260e+00,-1.899256864581208570e-02,2.463524207737360916e-01,1.059792412472673195e+00
6.750000000000000000e+00,-1.907996934829572777e-02,1.982149555676065433e-01,1.024554828491315739e+00,-1.862349956048106603e-02,2.463429585976966985e-01,1.060062982719562896e+00
6.799999999999999822e+00,-1.870289912895407164e-02,1.981751221145013064e-01,1.024814368942962961e+00,-1.824642934113940990e-02,2.463031251445914616e-01,1.060322523171210118e+00
6.849999999999999645e+00,-1.832452555219349355e-02,1.981303412840326184e-01,1.025072112678614866e+00,-1.786805576437883181e-02,2.462583443141227735e-01,1.060580266906861802e+00
6.900000000000000355e+00,-1.794615197543291546e-02,1.980855604535639580e-01,1.025329856414266771e+00,-1.748968218761825372e-02,2.462135634836541132e-01,1.060838010642513929e+00
6.950000000000000178e+00,-1.756119939974458422e-02,1.980446805702817947e-01,1.025609360404525550e+00,-1.710472961192992247e-02,2.461726836003719499e-01,1.061117514632772707e+00
7.000000000000000000e+00,-1.716616133227677476e-02,1.980097807716924285e-01,1.025922222489437763e+00,-1.670969154446211302e-02,2.461377838017825836e-01,1.061430376717684698e+00
7.049999999999999822e+00,-1.677112326480896531e-02,1.979748809731030623e-01,1.026235084574350198e+00,-1.631465347699430357e-02,2.461028840031932174e-01,1.061743238802597133e+00
7.099999999999999645e+00,-1.637608519734116280e-02,1.979399811745136961e-01,1.026547946659262411e+00,-1.591961540952650106e-02,2.460679842046038512e-01,1.062056100887509569e+00
7.150000000000000355e+00,-1.599830310347791912e-02,1.979254272077252408e-01,1.026890607508722297e+00,-1.554183331566325738e-02,2.460534302378153959e-01,1.062398761736969455e+00
7.200000000000000178e+00,-1.562182660702766956e-02,1.979124126188920585e-01,1.027235522950753932e+00,-1.516535681921300782e-02,2.460404156489822136e-01,1.062743677179001089e+00
7.250000000000000000e+00,-1.524535011057743389e-02,1.978993980300589040e-01,1.027580438392785567e+00,-1.478888032276277215e-02,2.460274010601490591e-01,1.063088592621032724e+00
7.299999999999999822e+00,-1.487806807808871729e-02,1.978999403482117336e-01,1.027914808902712362e+00,-1.442159829027405554e-02,2.460279433783018888e-01,1.063422963130959520e+00
7.349999999999999645e+00,-1.452138458344060662e-02,1.979161098298722610e-01,1.028237024178532355e+00,-1.406491479562594488e-02,2.460441128599624161e-01,1.063745178406779512e+00
7.400000000000000355e+00,-1.416470108879249595e-02,1.979322793115327606e-01,1.028559239454352348e+00,-1.370823130097783421e-02,2.460602823416229157e-01,1.064067393682599505e+00
7.450000000000000178e+00,-1.380801759414437835e-02,1.979484487931932879e-01,1.028881454730172340e+00,-1.335154780632971661e-02,2.460764518232834430e-01,1.064389608958419497e+00
7.500000000000000000e+00,-1.343967257540776977e-02,1.979923920302020524e-01,1.029190681252616146e+00,-1.298320278759310803e-02,2.461203950602922075e-01,1.064698835480863082e+00
7.549999999999999822e+00,-1.306887347930825449e-02,1.980421800387660025e-01,1.029497174392580039e+00,-1.261240369149359275e-02,2.461701830688561576e-01,1.065005328620827196e+00
7.599999999999999645e+00,-1.269807438320874615e-02,1.980919680473299249e-01,1.029803667532543932e+00,-1.224160459539408441e-02,2.462199710774200800e-01,1.065311821760790867e+00
7.650000000000000355e+00,-1.233204315682621260e-02,1.981485484141568831e-01,1.030090652686249220e+00,-1.187557336901155086e-02,2.462765514442470383e-01,1.065598806914496155e+00
7.700000000000000178e+00,-1.197445093964652485e-02,1.982171510838764972e-01,1.030343109196065976e+00,-1.151798115183186311e-02,2.463451541139666523e-01,1.065851263424312911e+00
7.750000000000000000e+00,-1.161685872246685097e-02,1.982857537535961112e-01,1.030595565705882510e+00,-1.116038893465218923e-02,2.464137567836862663e-01,1.066103719934129668e+00
7.799999999999999822e+00,-1.125926650528716322e-02,1.983543564233157253e-01,1.030848022215699267e+00,-1.080279671747250148e-02,2.464823594534058804e-01,1.066356176443946424e+00
7.849999999999999645e+00,-1.090693081866180719e-02,1.984529244911725776e-01,1.031096385496381718e+00,-1.045046103084714545e-02,2.465809275212627327e-01,1.066604539724628875e+00
7.900000000000000355e+00,-1.055520602530515134e-02,1.985549750195282348e-01,1.031344273078102614e+00,-1.009873623749048960e-02,2.466829780496183899e-01,1.066852427306349771e+00
7.950000000000000178e+00,-1.020348123194849549e-02,1.986570255478838642e-01,1.031592160659823509e+00,-9.747011444133833746e-03,2.467850285779740194e-01,1.067100314888070667e+00
8.000000000000000000e+00,-9.835391678549250394e-03,1.987562327183793609e-01,1.031832035804063352e+00,-9.378921890734588651e-03,2.468842357484695160e-01,1.067340190032310510e+00
8.050000000000000711e+00,-9.445675893057281503e-03,1.988516823564181746e-01,1.032061322413418525e+00,-8.989206105242619760e-03,2.469796853865083297e-01,1.067569476641665460e+00
8.099999999999999645e+00,-9.055960107565326489e-03,1.989471319944569605e-01,1.032290609022773697e+00,-8.599490319750664746e-03,2.470751350245471156e-01,1.067798763251020855e+00
8.150000000000000355e+00,-8.666244322073364537e-03,1.990425816324957742e-01,1.032519895632128870e+00,-8.209774534258702794e-03,2.471705846625859293e-01,1.068028049860375805e+00
8.199999999999999289e+00,-8.277755094810004821e-03,1.991663361978397995e-01,1.032736749441079072e+00,-7.821285306995343078e-03,2.472943392279299546e-01,1.068244903669326007e+00
8.250000000000000000e+00,-7.889309533435466537e-03,1.992910984281936748e-01,1.032953160638119261e+00,-7.432839745620804794e-03,2.474191014582838299e-01,1.068461314866366418e+00
8.300000000000000711e+00,-7.500863972060942131e-03,1.994158606585475502e-01,1.033169571835159228e+00,-7.044394184246280388e-03,2.475438636886377053e-01,1.068677726063406386e+00
8.349999999999999645e+00,-7.105760025592378071e-03,1.995318011856531404e-01,1.033359481038534478e+00,-6.649290237777716328e-03,2.476598042157432955e-01,1.068867635266781413e+00
8.400000000000000355e+00,-6.704010818442525388e-03,1.996389373980623771e-01,1.033522940486603314e+00,-6.247541030627863645e-03,2.477669404281525323e-01,1.069031094714850472e+00
8.449999999999999289e+00,-6.302261611292700461e-03,1.997460736104715862e-01,1.033686399934672373e+00,-5.845791823478038718e-03,2.478740766405617413e-01,1.069194554162919530e+00
8.500000000000000000e+00,-5.900207462754179788e-03,1.998551322381457718e-01,1.033852538110216823e+00,-5.443737674939518045e-03,2.479831352682359269e-01,1.069360692338463981e+00
8.550000000000000711e+00,-5.489835091528387501e-03,2.000166307079174477e-01,1.034091746890434482e+00,-5.033365303713725758e-03,2.481446337380076028e-01,1.069599901118681640e+00
8.599999999999999645e+00,-5.079462720302616030e-03,2.001781291776891236e-01,1.034330955670652141e+00,-4.622992932487954287e-03,2.483061322077792787e-01,1.069839109898899299e+00
8.650000000000000355e+00,-4.669090349076830682e-03,2.003396276474607718e-01,1.034570164450869578e+00,-4.212620561262168939e-03,2.484676306775509269e-01,1.070078318679116514e+00
8.699999999999999289e+00,-4.237802535440780838e-03,2.004819757231136035e-01,1.034790832769335145e+00,-3.781332747626119095e-03,2.486099787532037586e-01,1.070298986997582080e+00
8.750000000000000000e+00,-3.790751388410514011e-03,2.006098907286355537e-01,1.034997527705161069e+00,-3.334281600595852268e-03,2.487378937587257088e-01,1.070505681933408226e+00
8.800000000000000711e+00,-3.343700241380261062e-03,2.007378057341575039e-01,1.035204222640986771e+00,-2.887230453565599320e-03,2.488658087642476591e-01,1.070712376869233928e+00
8.849999999999999645e+00,-2.900286479451327781e-03,2.008731927014543173e-01,1.035419213328324206e+00,-2.443816691636666039e-03,2.490011957315444724e-01,1.070927367556571141e+00
8.900000000000000355e+00,-2.487843270261802520e-03,2.010721997638935943e-01,1.035704838276964246e+00,-2.031373482447140777e-03,2.492002027939837494e-01,1.071212992505211403e+00
8.949999999999999289e+00,-2.075400061072298075e-03,2.012712068263328991e-01,1.035990463225604508e+00,-1.618930273257636332e-03,2.493992098564230542e-01,1.071498617453851665e+00
9.000000000000000000e+00,-1.662956851882786691e-03,2.014702138887721761e-01,1.036276088174244769e+00,-1.206487064068124948e-03,2.495982169188623312e-01,1.071784242402491927e+00
9.050000000000000711e+00,-1.227932336775275357e-03,2.016475110839619223e-01,1.036538475921875424e+00,-7.714625489606136144e-04,2.497755141140520774e-01,1.072046630150122581e+00
9.099999999999999645e+00,-7.802043160727370474e-04,2.018125950165053639e-01,1.036787791178743090e+00,-3.237345282580753048e-04,2.499405980465955190e-01,1.072295945406990025e+00
9.150000000000000355e+00,-3.324762953701848600e-04,2.019776789490488056e-01,1.037037106435610534e+00,1.239934924444768827e-04,2.501056819791389607e-01,1.072545260663857469e+00
9.199999999999999289e+00,1.070077006326969338e-04,2.021547804292902761e-01,1.037293081662227001e+00,5.634774884473586765e-04,2.502827834593804313e-01,1.072801235890473937e+00
9.250000000000000000e+00,5.075844914507188221e-04,2.023885980416565145e-01,1.037580488236878207e+00,9.640542792653805648e-04,2.505166010717466696e-01,1.073088642465125364e+00
9.300000000000000711e+00,9.081612822687268327e-04,2.026224156540227528e-01,1.037867894811529412e+00,1.364631070083388575e-03,2.507504186841129079e-01,1.073376049039776348e+00
9.349999999999999645e+00,1.308738073086734843e-03,2.028562332663889911e-01,1.038155301386180618e+00,1.765207860901396586e-03,2.509842362964791462e-01,1.073663455614427775e+00
9.400000000000000355e+00,1.692642742971178782e-03,2.030923470704248945e-01,1.038444325283989889e+00,2.149112530785840525e-03,2.512203501005150219e-01,1.073952479512236824e+00
9.449999999999999289e+00,2.069728143939991716e-03,2.033294000680127001e-01,1.038734010703004529e+00,2.526197931754653458e-03,2.514574030981028274e-01,1.074242164931251686e+00
9.500000000000000000e+00,2.446813544908818527e-03,2.035664530656004778e-01,1.039023696122019169e+00,2.903283332723480270e-03,2.516944560956906329e-01,1.074531850350266104e+00
9.550000000000000711e+00,2.828912677744890858e-03,2.038015032608471999e-01,1.039317582034440912e+00,3.285382465559552601e-03,2.519295062909373550e-01,1.074825736262687847e+00
9.599999999999999645e+00,3.226497283602636212e-03,2.040303675765052227e-01,1.039624441641718633e+00,3.682967071417297955e-03,2.521583706065954056e-01,1.075132595869965790e+00
9.650000000000000355e+00,3.624081889460367689e-03,2.042592318921632732e-01,1.039931301248996132e+00,4.080551677275029432e-03,2.523872349222534561e-01,1.075439455477243289e+00
9.699999999999999289e+00,4.021666495318113044e-03,2.044880962078213238e-01,1.040238160856273852e+00,4.478136283132774786e-03,2.526160992379115067e-01,1.075746315084520788e+00
9.750000000000000000e+00,4.543493765760839298e-03,2.045678613557003200e-01,1.040464841340695168e+00,4.999963553575501041e-03,2.526958643857905029e-01,1.075972995568942103e+00
9.800000000000000711e+00,5.100475916046676161e-03,2.046054383925508813e-01,1.040668834872616522e+00,5.556945703861337904e-03,2.527334414226410364e-01,1.076176989100863679e+00
9.849999999999999645e+00,5.657458066332499147e-03,2.046430154294014425e-01,1.040872828404537875e+00,6.113927854147160890e-03,2.527710184594915699e-01,1.076380982632784811e+00
9.900000000000000355e+00,6.248793992940898656e-03,2.046472420394932490e-01,1.041057823040915320e+00,6.705263780755560399e-03,2.527752450695833764e-01,1.076565977269162477e+00
9.949999999999999289e+00,6.915071222000995776e-03,2.045787161115480146e-01,1.041201372394427560e+00,7.371541009815657519e-03,2.527067191416381697e-01,1.076709526622674495e+00
1.000000000000000000e+01,7.581348451061134530e-03,2.045101901836027802e-01,1.041344921747939578e+00,8.037818238875796273e-03,2.526381932136929631e-01,1.076853075976186513e+00
1.005000000000000071e+01,8.247625680121245528e-03,2.044416642556575181e-01,1.041488471101451596e+00,8.704095467935907271e-03,2.525696672857477010e-01,1.076996625329698531e+00
1.009999999999999964e+01,8.970035602696935229e-03,2.042615941431319693e-01,1.041525288627928481e+00,9.426505390511596971e-03,2.523895971732221244e-01,1.077033442856175416e+00
1.015000000000000036e+01,9.702414197286624020e-03,2.040617147657821651e-01,1.041543151521899357e+00,1.015888398510128576e-02,2.521897177958722924e-01,1.077051305750146515e+00
1.019999999999999929e+01,1.043479279187628506e-02,2.038618353884323608e-01,1.041561014415870234e+00,1.089126257969094680e-02,2.519898384185225160e-01,1.077069168644117170e+00
1.025000000000000000e+01,1.110639905962423901e-02,2.037052774988068471e-01,1.041590553459299962e+00,1.156286884743890075e-02,2.518332805288969745e-01,1.077098707687547119e+00
1.030000000000000071e+01,1.168054149007036191e-02,2.036181966006125055e-01,1.041638818169333902e+00,1.213701127788502365e-02,2.517461996307026606e-01,1.077146972397581060e+00
1.034999999999999964e+01,1.225468392051645705e-02,2.035311157024181639e-01,1.041687082879367621e+00,1.271115370833111879e-02,2.516591187325083467e-01,1.077195237107614556e+00
1.040000000000000036e+01,1.282882635096256607e-02,2.034440348042238500e-01,1.041735347589401561e+00,1.328529613877722781e-02,2.515720378343140329e-01,1.077243501817648497e+00
1.044999999999999929e+01,1.331804729223552697e-02,2.034387310018302975e-01,1.041730858641817248e+00,1.377451708005018871e-02,2.515667340319204248e-01,1.077239012870064183e+00
1.050000000000000000e+01,1.379977634646924189e-02,2.034406416838988596e-01,1.041721715696197315e+00,1.425624613428390364e-02,2.515686447139889870e-01,1.077229869924444472e+00
1.055000000000000071e+01,1.428150540070295682e-02,2.034425523659674218e-01,1.041712572750577381e+00,1.473797518851761856e-02,2.515705553960575491e-01,1.077220726978824317e+00
1.059999999999999964e+01,1.474266927479143952e-02,2.034714511126366754e-01,1.041673760234381074e+00,1.519913906260610126e-02,2.515994541427268305e-01,1.077181914462628232e+00
1.065000000000000036e+01,1.517908066101479603e-02,2.035328330049343826e-01,1.041599237081056062e+00,1.563555044882945777e-02,2.516608360350245377e-01,1.077107391309302997e+00
1.069999999999999929e+01,1.561549204723815254e-02,2.035942148972321175e-01,1.041524713927730827e+00,1.607196183505281428e-02,2.517222179273223004e-01,1.077032868155977763e+00
1.075000000000000000e+01,1.605190343346152293e-02,2.036555967895298525e-01,1.041450190774405815e+00,1.650837322127618467e-02,2.517835998196200076e-01,1.076958345002652973e+00
1.080000000000000071e+01,1.654710079528053102e-02,2.036509081604606364e-01,1.041185634278962491e+00,1.700357058309519276e-02,2.517789111905507915e-01,1.076693788507209426e+00
1.084999999999999964e+01,1.704297181805553008e-02,2.036454623928028729e-01,1.040918900086515553e+00,1.749944160587019182e-02,2.517734654228930280e-01,1.076427054314762710e+00
1.090000000000000036e+01,1.753884284083054301e-02,2.036400166251451094e-01,1.040652165894068393e+00,1.799531262864520476e-02,2.517680196552352645e-01,1.076160320122315550e+00
1.094999999999999929e+01,1.799669718990110079e-02,2.036182094147694910e-01,1.040366799770874540e+00,1.845316697771576253e-02,2.517462124448596184e-01,1.075874953999121697e+00
1.100000000000000000e+01,1.841995357244401166e-02,2.035815120892854879e-01,1.040064477221630979e+00,1.887642336025867340e-02,2.517095151193756708e-01,1.075572631449877914e+00
1.105000000000000071e+01,1.884320995498695028e-02,2.035448147638014849e-01,1.039762154672387418e+00,1.929967974280161203e-02,2.516728177938916122e-01,1.075270308900634575e+00
1.109999999999999964e+01,1.926142596405247542e-02,2.035048549879248103e-01,1.039456034379752314e+00,1.971789575186713717e-02,2.516328580180149377e-01,1.074964188607999471e+00
1.115000000000000036e+01,1.959838914389842868e-02,2.034123032115184859e-01,1.039088692950109305e+00,2.005485893171309042e-02,2.515403062416086133e-01,1.074596847178356462e+00
1.119999999999999929e+01,1.993535232374435417e-02,2.033197514351121893e-01,1.038721351520466518e+00,2.039182211155901592e-02,2.514477544652023444e-01,1.074229505748713454e+00
1.125000000000000000e+01,2.027231550359029355e-02,2.032271996587058649e-01,1.038354010090823731e+00,2.072878529140495529e-02,2.513552026887960200e-01,1.073862164319070889e+00
1.130000000000000071e+01,2.049060814084714688e-02,2.032089080137358394e-01,1.038079714022037692e+00,2.094707792866180862e-02,2.513369110438259946e-01,1.073587868250284849e+00
1.134999999999999964e+01,2.062754668787675216e-02,2.032415250888352509e-01,1.037869204808163026e+00,2.108401647569141391e-02,2.513695281189254338e-01,1.073377359036410184e+00
1.140000000000000036e+01,2.076448523490637132e-02,2.032741421639346624e-01,1.037658695594288361e+00,2.122095502272103307e-02,2.514021451940248175e-01,1.073166849822535518e+00
1.144999999999999929e+01,2.091057405266391611e-02,2.033027330934923660e-01,1.037450784542917503e+00,2.136704384047857785e-02,2.514307361235825211e-01,1.072958938771164661e+00
1.150000000000000000e+01,2.111891573263924293e-02,2.033039325839189893e-01,1.037260549804867260e+00,2.157538552045390468e-02,2.514319356140091166e-01,1.072768704033114417e+00
1.155000000000000071e+01,2.132725741261456975e-02,2.033051320743456125e-01,1.037070315066817239e+00,2.178372720042923150e-02,2.514331351044357676e-01,1.072578469295064174e+00
1.159999999999999964e+01,2.153559909258989657e-02,2.033063315647722358e-01,1.036880080328767217e+00,2.199206888040455832e-02,2.514343345948624187e-01,1.072388234557014375e+00
1.165000000000000036e+01,2.182860023031958641e-02,2.032783984982721726e-01,1.036692411117154489e+00,2.228507001813424815e-02,2.514064015283623554e-01,1.072200565345401646e+00
1.169999999999999929e+01,2.216462969926673299e-02,2.032356587540316284e-01,1.036506045839257206e+00,2.262109948708139473e-02,2.513636617841217835e-01,1.072014200067504142e+00
1.175000000000000000e+01,2.250065916821389345e-02,2.031929190097910842e-01,1.036319680561359924e+00,2.295712895602855519e-02,2.513209220398812116e-01,1.071827834789607081e+00
1.180000000000000071e+01,2.285843492887995598e-02,2.031372726554166730e-01,1.036126039614399641e+00,2.331490471669461773e-02,2.512652756855068281e-01,1.071634193842646798e+00
1.184999999999999964e+01,2.330435575802289327e-02,2.030293114489856443e-01,1.035902907922256366e+00,2.376082554583755502e-02,2.511573144790757994e-01,1.071411062150503302e+00
1.190000000000000036e+01,2.375027658716585832e-02,2.029213502425545879e-01,1.035679776230112870e+00,2.420674637498052006e-02,2.510493532726447707e-01,1.071187930458359805e+00
1.194999999999999929e+01,2.419619741630879561e-02,2.028133890361235592e-01,1.035456644537969595e+00,2.465266720412345736e-02,2.509413920662136865e-01,1.070964798766216752e+00
1.200000000000000000e+01,2.456373721075687244e-02,2.027150426861233923e-01,1.035258261728353224e+00,2.502020699857153418e-02,2.508430457162135196e-01,1.070766415956600159e+00
1.205000000000000071e+01,2.490269100551285864e-02,2.026202029277884564e-01,1.035068904973968751e+00,2.535916079332752038e-02,2.507482059578786115e-01,1.070577059202215686e+00
1.209999999999999964e+01,2.524164480026884483e-02,2.025253631694535206e-01,1.034879548219584278e+00,2.569811458808350657e-02,2.506533661995437035e-01,1.070387702447831213e+00
1.215000000000000036e+01,2.555954357927379961e-02,2.024424403845947462e-01,1.034668834421164751e+00,2.601601336708846135e-02,2.505704434146849291e-01,1.070176988649411687e+00
1.219999999999999929e+01,2.581982484965260338e-02,2.023921286568910460e-01,1.034399676607149932e+00,2.627629463746726513e-02,2.505201316869811734e-01,1.069907830835397089e+00
1.225000000000000000e+01,2.608010612003143491e-02,2.023418169291873736e-01,1.034130518793134890e+00,2.653657590784609666e-02,2.504698199592775287e-01,1.069638673021382047e+00
1.230000000000000071e+01,2.634038739041025257e-02,2.022915052014837012e-01,1.033861360979120070e+00,2.679685717822491431e-02,2.504195082315738841e-01,1.069369515207367005e+00
1.234999999999999964e+01,2.647576842855957346e-02,2.023427416470903184e-01,1.033688744769824197e+00,2.693223821637423521e-02,2.504707446771804458e-01,1.069196898998071354e+00
1.240000000000000036e+01,2.658041046298265098e-02,2.024189699571799506e-01,1.033539888266128859e+00,2.703688025079731272e-02,2.505469729872701334e-01,1.069048042494376016e+00
1.244999999999999929e+01,2.668505249740571461e-02,2.024951982672696105e-01,1.033391031762433743e+00,2.714152228522037635e-02,2.506232012973597656e-01,1.068899185990680678e+00
1.250000000000000000e+01,2.681839890882706245e-02,2.025635322813535144e-01,1.033202051057305226e+00,2.727486869664172420e-02,2.506915353114436695e-01,1.068710205285552384e+00
1.255000000000000071e+01,2.700812418811354698e-02,2.026163609433643542e-01,1.032934261568034584e+00,2.746459397592820872e-02,2.507443639734545093e-01,1.068442415796281519e+00
1.259999999999999964e+01,2.719784946740003151e-02,2.026691896053751940e-01,1.032666472078763720e+00,2.765431925521469325e-02,2.507971926354653491e-01,1.068174626307010655e+00
1.265000000000000036e+01,2.738757474668651604e-02,2.027220182673860338e-01,1.032398682589493077e+00,2.784404453450117778e-02,2.508500212974761889e-01,1.067906836817740235e+00
1.269999999999999929e+01,2.772726148733127560e-02,2.027033249709629670e-01,1.032013747096846012e+00,2.818373127514593734e-02,2.508313280010531221e-01,1.067521901325092948e+00
1.275000000000000000e+01,2.808891400669241700e-02,2.026741554128517753e-01,1.031611652507692600e+00,2.854538379450707875e-02,2.508021584429419581e-01,1.067119806735939758e+00
1.280000000000000071e+01,2.845056652605358616e-02,2.026449858547405836e-01,1.031209557918539188e+00,2.890703631386824790e-02,2.507729888848307387e-01,1.066717712146786123e+00
1.284999999999999964e+01,2.884865574480578732e-02,2.025976898065505460e-01,1.030783749015723227e+00,2.930512553262044906e-02,2.507256928366407012e-01,1.066291903243970385e+00
1.290000000000000036e+01,2.929980963484093981e-02,2.025239952026838541e-01,1.030323403717453568e+00,2.975627942265560155e-02,2.506519982327740093e-01,1.065831557945700503e+00
1.294999999999999929e+01,2.975096352487606455e-02,2.024503005988171900e-01,1.029863058419184130e+00,3.020743331269072629e-02,2.505783036289073173e-01,1.065371212647431065e+00
1.300000000000000000e+01,3.020211741491120316e-02,2.023766059949504981e-01,1.029402713120914470e+00,3.065858720272586491e-02,2.505046090250406809e-01,1.064910867349161627e+00
1.305000000000000071e+01,3.068079906323524508e-02,2.022666156299238183e-01,1.028920002744381001e+00,3.113726885104990683e-02,2.503946186600140011e-01,1.064428156972628159e+00
1.309999999999999964e+01,3.116117632425530193e-02,2.021543895741886032e-01,1.028435914758009329e+00,3.161764611206996367e-02,2.502823926042787583e-01,1.063944068986256486e+00
1.315000000000000036e+01,3.164155358527537265e-02,2.020421635184533604e-01,1.027951826771637434e+00,3.209802337309003439e-02,2.501701665485435155e-01,1.063459980999884369e+00
1.319999999999999929e+01,3.203496197519294097e-02,2.019918151996818734e-01,1.027533042986745748e+00,3.249143176300760272e-02,2.501198182297720285e-01,1.063041197214992906e+00
1.325000000000000000e+01,3.233295617288428625e-02,2.020093534041495775e-01,1.027185904924676318e+00,3.278942596069894799e-02,2.501373564342397326e-01,1.062694059152923476e+00
1.330000000000000071e+01,3.263095037057563153e-02,2.020268916086172539e-01,1.026838766862607111e+00,3.308742015839029327e-02,2.501548946387074368e-01,1.062346921090854046e+00
1.334999999999999964e+01,3.292693631925863729e-02,2.020451466544516961e-01,1.026493352934319425e+00,3.338340610707329903e-02,2.501731496845418512e-01,1.062001507162566583e+00
1.340000000000000036e+01,3.305353559491952531e-02,2.021238640103346917e-01,1.026293361851458696e+00,3.351000538273418705e-02,2.502518670404248469e-01,1.061801516079705632e+00
1.344999999999999929e+01,3.318013487058039945e-02,2.022025813662176597e-01,1.026093370768598190e+00,3.363660465839506120e-02,2.503305843963078425e-01,1.061601524996845125e+00
1.350000000000000000e+01,3.330673414624128748e-02,2.022812987221006553e-01,1.025893379685737461e+00,3.376320393405594922e-02,2.504093017521907827e-01,1.061401533913984618e+00
1.355000000000000071e+01,3.337347961458080048e-02,2.024099880500023207e-01,1.025737228802572787e+00,3.382994940239546222e-02,2.505379910800924481e-01,1.061245383030819944e+00
1.359999999999999964e+01,3.339057423452684858e-02,2.025801308946920121e-01,1.025617444914358911e+00,3.384704402234151033e-02,2.507081339247821949e-01,1.061125599142605846e+00
1.365000000000000036e+01,3.340766885447289669e-02,2.027502737393817034e-01,1.025497661026144813e+00,3.386413864228755843e-02,2.508782767694718308e-01,1.061005815254391749e+00
1.369999999999999929e+01,3.344164668803435714e-02,2.029171915743075150e-01,1.025371884755944318e+00,3.389811647584901888e-02,2.510451946043976701e-01,1.060880038984191476e+00
1.375000000000000000e+01,3.366600752377015005e-02,2.030477426928679052e-01,1.025178535587668804e+00,3.412247731158481179e-02,2.511757457229580881e-01,1.060686689815915962e+00
1.380000000000000071e+01,3.389036835950595683e-02,2.031782938114282955e-01,1.024985186419393512e+00,3.434683814732061857e-02,2.513062968415184506e-01,1.060493340647640448e+00
1.384999999999999964e+01,3.411472919524176362e-02,2.033088449299886580e-01,1.024791837251117999e+00,3.457119898305642536e-02,2.514368479600788131e-01,1.060299991479364934e+00
1.390000000000000036e+01,3.435656101814621444e-02,2.034442326888607766e-01,1.024564261055876502e+00,3.481303080596087618e-02,2.515722357189509317e-01,1.060072415284123437e+00
1.394999999999999929e+01,3.460926882367694468e-02,2.035826313374720919e-01,1.024315377962115692e+00,3.506573861149160642e-02,2.517106343675622471e-01,1.059823532190362627e+00
1.400000000000000000e+01,3.486197662920770268e-02,2.037210299860834073e-01,1.024066494868354882e+00,3.531844641702236443e-02,2.518490330161735624e-01,1.059574649096601817e+00
1.405000000000000071e+01,3.512298622497762868e-02,2.038600128664786459e-01,1.023819842388377088e+00,3.557945601279229042e-02,2.519880158965688288e-01,1.059327996616624024e+00
1.409999999999999964e+01,3.543060141832753140e-02,2.040022755781669694e-01,1.023585712398770164e+00,3.588707120614219315e-02,2.521302786082570968e-01,1.059093866627017100e+00
1.415000000000000036e+01,3.573821661167742025e-02,2.041445382898552929e-01,1.023351582409163019e+00,3.619468639949208200e-02,2.522725413199454758e-01,1.058859736637410176e+00
1.419999999999999929e+01,3.604583180502730910e-02,2.042868010015436442e-01,1.023117452419556095e+00,3.650230159284197085e-02,2.524148040316337993e-01,1.058625606647803252e+00
1.425000000000000000e+01,3.631938450891238068e-02,2.044471021725265958e-01,1.022890639076406316e+00,3.677585429672704243e-02,2.525751052026167232e-01,1.058398793304653474e+00
1.430000000000000071e+01,3.657735070575177105e-02,2.046156574839821662e-01,1.022667173725823941e+00,3.703382049356643280e-02,2.527436605140723214e-01,1.058175327954070877e+00
1.434999999999999964e+01,3.683531690259116143e-02,2.047842127954377089e-01,1.022443708375241789e+00,3.729178669040582317e-02,2.529122158255278641e-01,1.057951862603488724e+00
1.440000000000000036e+01,3.707563896758860056e-02,2.049459401717565188e-01,1.022222113789410969e+00,3.753210875540326230e-02,2.530739432018466739e-01,1.057730268017658126e+00
1.444999999999999929e+01,3.725374426712529941e-02,2.050835908724536472e-01,1.022007115897189733e+00,3.771021405493996115e-02,2.532115939025437745e-01,1.057515270125436668e+00
1.450000000000000000e+01,3.743184956666199825e-02,2.052212415731507755e-01,1.021792118004968497e+00,3.788831935447665999e-02,2.533492446032409307e-01,1.057300272233215654e+00
1.455000000000000071e+01,3.760995486619871098e-02,2.053588922738479317e-01,1.021577120112747261e+00,3.806642465401337272e-02,2.534868953039380868e-01,1.057085274340994197e+00
1.459999999999999964e+01,3.793732570245747504e-02,2.054194669146321428e-01,1.021328195150064566e+00,3.839379549027213678e-02,2.535474699447223257e-01,1.056836349378311724e+00
1.465000000000000036e+01,3.831292297320115781e-02,2.054551389313051812e-01,1.021068308637403055e+00,3.876939276101581955e-02,2.535831419613953086e-01,1.056576462865649990e+00
1.469999999999999929e+01,3.868852024394481282e-02,2.054908109479782197e-01,1.020808422124741544e+00,3.914499003175947456e-02,2.536188139780684025e-01,1.056316576352988701e+00
1.475000000000000000e+01,3.908569108821041693e-02,2.055364823552089104e-01,1.020570382779646179e+00,3.954216087602507868e-02,2.536644853852990655e-01,1.056078537007893114e+00
1.480000000000000071e+01,3.953550714352195572e-02,2.056065549134915016e-01,1.020385656287245313e+00,3.999197693133661746e-02,2.537345579435816845e-01,1.055893810515492248e+00
1.484999999999999964e+01,3.998532319883348063e-02,2.056766274717740928e-01,1.020200929794844447e+00,4.044179298664814237e-02,2.538046305018642479e-01,1.055709084023091382e+00
1.490000000000000036e+01,4.043513925414503329e-02,2.057467000300566839e-01,1.020016203302443580e+00,4.089160904195969504e-02,2.538747030601468113e-01,1.055524357530690516e+00
1.494999999999999929e+01,4.081653566087520280e-02,2.058581280685171100e-01,1.019978910367823399e+00,4.127300544868986454e-02,2.539861310986072374e-01,1.055487064596070557e+00
1.500000000000000000e+01,4.118347357554563715e-02,2.059782953784320969e-01,1.019972773204516070e+00,4.163994336336029889e-02,2.541062984085222798e-01,1.055480927432763227e+00
1.505000000000000071e+01,4.155041149021608538e-02,2.060984626883470838e-01,1.019966636041208741e+00,4.200688127803074712e-02,2.542264657184372112e-01,1.055474790269455898e+00
1.509999999999999964e+01,4.190279031336285875e-02,2.062213998701574180e-01,1.020017345141498888e+00,4.235926010117752050e-02,2.543494029002475454e-01,1.055525499369745823e+00
1.515000000000000036e+01,4.222933286901060790e-02,2.063492524102584769e-01,1.020168932464186717e+00,4.268580265682526964e-02,2.544772554403486042e-01,1.055677086692433875e+00
1.519999999999999929e+01,4.255587542465834316e-02,2.064771049503595357e-01,1.020320519786874325e+00,4.301234521247300491e-02,2.546051079804496631e-01,1.055828674015121482e+00
1.525000000000000000e+01,4.288241798030609231e-02,2.066049574904605945e-01,1.020472107109561932e+00,4.333888776812075405e-02,2.547329605205507219e-01,1.055980261337809090e+00
1.530000000000000071e+01,4.315043385876031479e-02,2.067472384894810944e-01,1.020666962084532337e+00,4.360690364657497653e-02,2.548752415195712495e-01,1.056175116312779494e+00
1.534999999999999964e+01,4.341160427700989366e-02,2.068912070854417307e-01,1.020866877777213855e+00,4.386807406482455540e-02,2.550192101155318580e-01,1.056375032005461012e+00
1.540000000000000036e+01,4.367277469525947253e-02,2.070351756814023392e-01,1.021066793469895151e+00,4.412924448307413428e-02,2.551631787114925221e-01,1.056574947698142086e+00
1.544999999999999929e+01,4.385427390656390645e-02,2.072163078283998094e-01,1.021301589669111998e+00,4.431074369437856819e-02,2.553443108584899646e-01,1.056809743897359155e+00
1.550000000000000000e+01,4.393022900915885542e-02,2.074466722391103413e-01,1.021582593678085349e+00,4.438669879697351717e-02,2.555746752692005241e-01,1.057090747906332506e+00
1.555000000000000071e+01,4.400618411175379052e-02,2.076770366498209008e-01,1.021863597687058700e+00,4.446265389956845226e-02,2.558050396799110837e-01,1.057371751915305857e+00
1.559999999999999964e+01,4.408213921434872562e-02,2.079074010605314327e-01,1.022144601696032051e+00,4.453860900216338736e-02,2.560354040906215878e-01,1.057652755924279209e+00
1.565000000000000036e+01,4.456583684512570309e-02,2.079527020585192343e-01,1.022155115415026794e+00,4.502230663294036483e-02,2.560807050886093617e-01,1.057663269643273729e+00
1.569999999999999929e+01,4.506431241820202382e-02,2.079912957443040555e-01,1.022155825668300988e+00,4.552078220601668557e-02,2.561192987743942107e-01,1.057663979896548145e+00
1.575000000000000000e+01,4.556278799127838619e-02,2.080298894300888768e-01,1.022156535921574960e+00,4.601925777909304793e-02,2.561578924601790597e-01,1.057664690149822118e+00
1.580000000000000071e+01,4.603875873294839549e-02,2.080882954966063181e-01,1.022185168196445115e+00,4.649522852076305723e-02,2.562162985266964732e-01,1.057693322424692273e+00
1.584999999999999964e+01,4.649221510844719907e-02,2.081665223378936225e-01,1.022241734322811402e+00,4.694868489626186081e-02,2.562945253679838054e-01,1.057749888551058337e+00
1.590000000000000036e+01,4.694567148394603040e-02,2.082447491791808991e-01,1.022298300449177688e+00,4.740214127176069214e-02,2.563727522092710265e-01,1.057806454677424846e+00
1.594999999999999929e+01,4.739963598789205534e-02,2.083215938102932485e-01,1.022352823884589590e+00,4.785610577570671709e-02,2.564495968403833759e-01,1.057860978112836747e+00
1.600000000000000000e+01,4.786770892220128248e-02,2.083600607120990877e-01,1.022350631024663503e+00,4.832417871001594423e-02,2.564880637421892429e-01,1.057858785252910661e+00
1.605000000000000071e+01,4.833578185651052350e-02,2.083985276139048992e-01,1.022348438164737416e+00,4.879225164432518524e-02,2.565265306439950543e-01,1.057856592392984574e+00
1.610000000000000142e+01,4.880385479081975064e-02,2.084369945157107384e-01,1.022346245304811330e+00,4.926032457863441238e-02,2.565649975458008658e-01,1.057854399533058487e+00
1.614999999999999858e+01,4.925334262822707310e-02,2.084508969439015091e-01,1.022349465873859220e+00,4.970981241604173484e-02,2.565788999739916365e-01,1.057857620102106377e+00
1.619999999999999929e+01,4.968878916131887202e-02,2.084462405638599358e-01,1.022356776365279885e+00,5.014525894913353377e-02,2.565742435939500909e-01,1.057864930593527042e+00
1.625000000000000000e+01,5.012423569441065707e-02,2.084415841838183625e-01,1.022364086856700327e+00,5.058070548222531881e-02,2.565695872139085454e-01,1.057872241084947262e+00
1.630000000000000071e+01,5.056504099136029107e-02,2.084323418189862331e-01,1.022360077845004600e+00,5.102151077917495281e-02,2.565603448490764160e-01,1.057868232073251757e+00
1.635000000000000142e+01,5.105176586145743212e-02,2.083838018717954210e-01,1.022259071323224466e+00,5.150823564927209386e-02,2.565118049018855761e-01,1.057767225551471402e+00
1.639999999999999858e+01,5.153849073155451765e-02,2.083352619246046644e-01,1.022158064801444333e+00,5.199496051936917940e-02,2.564632649546948473e-01,1.057666219029691490e+00
1.644999999999999929e+01,5.202521560165164483e-02,2.082867219774138523e-01,1.022057058279664421e+00,5.248168538946630657e-02,2.564147250075040074e-01,1.057565212507911578e+00
1.650000000000000000e+01,5.243328091235678612e-02,2.082951293341083754e-01,1.021910114807665915e+00,5.288975070017144786e-02,2.564231323641985583e-01,1.057418269035912850e+00
1.655000000000000071e+01,5.279697974212022027e-02,2.083356567724819197e-01,1.021737261441915789e+00,5.325344952993488201e-02,2.564636598025720748e-01,1.057245415670162725e+00
1.660000000000000142e+01,5.316067857188368218e-02,2.083761842108554641e-01,1.021564408076165664e+00,5.361714835969834392e-02,2.565041872409455914e-01,1.057072562304412600e+00
1.664999999999999858e+01,5.354840304262378781e-02,2.084094979561843530e-01,1.021363631246482440e+00,5.400487283043844955e-02,2.565375009862744804e-01,1.056871785474729375e+00
1.669999999999999929e+01,5.404998767389564140e-02,2.084086252151303720e-01,1.021030522043685940e+00,5.450645746171030315e-02,2.565366282452204993e-01,1.056538676271932875e+00
1.675000000000000000e+01,5.455157230516748113e-02,2.084077524740763632e-01,1.020697412840889218e+00,5.500804209298214287e-02,2.565357555041665183e-01,1.056205567069136375e+00
1.680000000000000071e+01,5.505315693643932085e-02,2.084068797330223544e-01,1.020364303638092718e+00,5.550962672425398259e-02,2.565348827631125372e-01,1.055872457866339875e+00
1.685000000000000142e+01,5.558327729130130290e-02,2.083947605883455512e-01,1.019955208786538670e+00,5.603974707911596465e-02,2.565227636184357340e-01,1.055463363014785827e+00
1.689999999999999858e+01,5.612510336593476423e-02,2.083780280246738115e-01,1.019514943647390925e+00,5.658157315374942598e-02,2.565060310547639943e-01,1.055023097875638083e+00
1.694999999999999929e+01,5.666692944056822556e-02,2.083612954610020718e-01,1.019074678508243181e+00,5.712339922838288730e-02,2.564892984910922547e-01,1.054582832736490339e+00
1.700000000000000000e+01,5.713828170210834279e-02,2.083753768695315034e-01,1.018663624390750089e+00,5.759475148992300453e-02,2.565033798996216863e-01,1.054171778618997024e+00
1.705000000000000071e+01,5.739126009008597984e-02,2.084849400772435524e-01,1.018343085085347877e+00,5.784772987790064158e-02,2.566129431073337352e-01,1.053851239313595034e+00
1.710000000000000142e+01,5.764423847806361689e-02,2.085945032849556013e-01,1.018022545779945665e+00,5.810070826587827864e-02,2.567225063150457842e-01,1.053530700008192600e+00
1.714999999999999858e+01,5.789721686604122619e-02,2.087040664926676503e-01,1.017702006474543674e+00,5.835368665385588793e-02,2.568320695227578332e-01,1.053210160702790610e+00
1.719999999999999929e+01,5.793320076603915292e-02,2.089060229418698567e-01,1.017506760732592497e+00,5.838967055385381466e-02,2.570340259719600118e-01,1.053014914960839654e+00
1.725000000000000000e+01,5.790757118126642344e-02,2.091342135578035388e-01,1.017347090885381888e+00,5.836404096908108519e-02,2.572622165878937217e-01,1.052855245113629046e+00
1.730000000000000071e+01,5.788194159649369397e-02,2.093624041737372210e-01,1.017187421038171058e+00,5.833841138430835571e-02,2.574904072038273761e-01,1.052695575266417993e+00
1.735000000000000142e+01,5.787612376225455268e-02,2.096014392924634706e-01,1.017018299050756580e+00,5.833259355006921443e-02,2.577294423225536257e-01,1.052526453279003515e+00
1.739999999999999858e+01,5.791364479740819526e-02,2.098641971251093419e-01,1.016828500189328688e+00,5.837011458522285701e-02,2.579922001551995248e-01,1.052336654417575623e+00
1.744999999999999929e+01,5.795116583256182397e-02,2.101269549577552687e-01,1.016638701327900796e+00,5.840763562037648571e-02,2.582549579878454238e-01,1.052146855556147731e+00
1.750000000000000000e+01,5.798868686771546654e-02,2.103897127904011677e-01,1.016448902466472903e+00,5.844515665553012829e-02,2.585177158204913228e-01,1.051957056694719839e+00
1.755000000000000071e+01,5.807348527613914735e-02,2.107409311461711510e-01,1.016234315044434400e+00,5.852995506395380909e-02,2.588689341762613338e-01,1.051742469272681557e+00
1.760000000000000142e+01,5.816671903869705118e-02,2.111079328627295526e-01,1.016015304781769046e+00,5.862318882651171292e-02,2.592359358928196800e-01,1.051523459010016204e+00
1.764999999999999858e+01,5.825995280125495501e-02,2.114749345792879542e-01,1.015796294519103693e+00,5.871642258906961676e-02,2.596029376093781371e-01,1.051304448747350850e+00
1.769999999999999929e+01,5.836349370690402383e-02,2.118509596028730069e-01,1.015602358211909806e+00,5.881996349471868557e-02,2.599789626329631620e-01,1.051110512440156963e+00
1.775000000000000000e+01,5.848360666360018223e-02,2.122414924976825934e-01,1.015448736361045379e+00,5.894007645141484397e-02,2.603694955277727763e-01,1.050956890589292314e+00
1.780000000000000071e+01,5.860371962029635451e-02,2.126320253924921799e-01,1.015295114510180952e+00,5.906018940811101625e-02,2.607600284225823351e-01,1.050803268738428109e+00
1.785000000000000142e+01,5.872383257699252679e-02,2.130225582873017387e-01,1.015141492659316302e+00,5.918030236480718853e-02,2.611505613173918938e-01,1.050649646887563460e+00
1.789999999999999858e+01,5.902902078342063541e-02,2.133082922107209234e-01,1.014913536558231577e+00,5.948549057123529715e-02,2.614362952408110785e-01,1.050421690786478734e+00
1.794999999999999929e+01,5.935066797940850847e-02,2.135847062214100700e-01,1.014678969812827125e+00,5.980713776722317021e-02,2.617127092515002529e-01,1.050187124041074060e+00
1.800000000000000000e+01,5.967231517539640928e-02,2.138611202320992444e-01,1.014444403067422673e+00,6.012878496321107102e-02,2.619891232621893717e-01,1.049952557295669830e+00
1.805000000000000071e+01,6.000748855013976479e-02,2.141390240980556303e-01,1.014221891986971436e+00,6.046395833795442654e-02,2.622670271281457577e-01,1.049730046215218593e+00
1.810000000000000142e+01,6.035898159551776609e-02,2.144187255113973178e-01,1.014013926365727514e+00,6.081545138333242784e-02,2.625467285414874730e-01,1.049522080593974671e+00
1.814999999999999858e+01,6.071047464089575352e-02,2.146984269247389776e-01,1.013805960744483592e+00,6.116694442871041526e-02,2.628264299548291327e-01,1.049314114972730749e+00
1.819999999999999929e+01,6.106196768627375482e-02,2.149781283380806651e-01,1.013597995123239448e+00,6.151843747408841656e-02,2.631061313681708480e-01,1.049106149351486383e+00
1.825000000000000000e+01,6.132585319144739922e-02,2.152226448359083610e-01,1.013430164885355422e+00,6.178232297926206096e-02,2.633506478659984884e-01,1.048938319113602358e+00
1.830000000000000071e+01,6.158868101996725630e-02,2.154667365499375598e-01,1.013262819197749298e+00,6.204515080778191805e-02,2.635947395800277149e-01,1.048770973425996456e+00
1.835000000000000142e+01,6.185150884848711339e-02,2.157108282639667862e-01,1.013095473510143396e+00,6.230797863630177513e-02,2.638388312940569413e-01,1.048603627738390554e+00
1.839999999999999858e+01,6.209817684359547618e-02,2.159565323775126666e-01,1.012945571229539432e+00,6.255464663141013792e-02,2.640845354076027940e-01,1.048453725457786589e+00
1.844999999999999929e+01,6.233010283756981740e-02,2.162037074217853239e-01,1.012811581905416203e+00,6.278657262538447914e-02,2.643317104518754790e-01,1.048319736133663138e+00
1.850000000000000000e+01,6.256202883154415861e-02,2.164508824660579811e-01,1.012677592581292751e+00,6.301849861935882036e-02,2.645788854961481640e-01,1.048185746809539687e+00
1.855000000000000071e+01,6.279853532796873805e-02,2.166996850770352978e-01,1.012538477822830352e+00,6.325500511578339979e-02,2.648276881071254252e-01,1.048046632051077509e+00
1.860000000000000142e+01,6.310969410862257711e-02,2.169750135055532048e-01,1.012315829568807724e+00,6.356616389643723886e-02,2.651030165356433876e-01,1.047823983797054659e+00
1.864999999999999858e+01,6.342085288927641618e-02,2.172503419340710840e-01,1.012093181314785095e+00,6.387732267709107792e-02,2.653783449641612391e-01,1.047601335543032253e+00
1.869999999999999929e+01,6.373201166993026912e-02,2.175256703625889632e-01,1.011870533060762467e+00,6.418848145774493086e-02,2.656536733926790905e-01,1.047378687289009402e+00
1.875000000000000000e+01,6.394682521427154376e-02,2.178519542180957502e-01,1.011726243636864142e+00,6.440329500208620550e-02,2.659799572481859053e-01,1.047234397865111077e+00
1.880000000000000071e+01,6.409542551818502021e-02,2.182132571785157515e-01,1.011635806300077212e+00,6.455189530599968195e-02,2.663412602086059344e-01,1.047143960528324147e+00
1.885000000000000142e+01,6.424402582209846890e-02,2.185745601389357529e-01,1.011545368963290281e+00,6.470049560991313065e-02,2.667025631690259080e-01,1.047053523191537217e+00
1.889999999999999858e+01,6.440519800141587814e-02,2.189207357383079755e-01,1.011438920231827021e+00,6.486166778923053988e-02,2.670487387683981306e-01,1.046947074460073956e+00
1.894999999999999929e+01,6.465236238933404211e-02,2.191634394892093274e-01,1.011222952821029253e+00,6.510883217714870386e-02,2.672914425192994825e-01,1.046731107049276410e+00
1.900000000000000000e+01,6.489952677725220609e-02,2.194061432401106793e-01,1.011006985410231263e+00,6.535599656506686783e-02,2.675341462702008344e-01,1.046515139638478420e+00
1.905000000000000071e+01,6.514669116517039782e-02,2.196488469910120311e-01,1.010791017999433494e+00,6.560316095298505956e-02,2.677768500211021863e-01,1.046299172227680430e+00
1.910000000000000142e+01,6.548661577104163134e-02,2.198368878333495924e-01,1.010478963703273392e+00,6.594308555885629308e-02,2.679648908634397753e-01,1.045987117931520327e+00
1.914999999999999858e+01,6.587381248007138923e-02,2.199970715758484685e-01,1.010117941980588796e+00,6.633028226788605097e-02,2.681250746059385959e-01,1.045626096208835953e+00
1.919999999999999929e+01,6.626100918910117488e-02,2.201572553183473724e-01,1.009756920257904200e+00,6.671747897691583662e-02,2.682852583484375275e-01,1.045265074486151136e+00
1.925000000000000000e+01,6.663887790334539762e-02,2.203002470548440783e-01,1.009402030827203367e+00,6.709534769116005937e-02,2.684282500849342057e-01,1.044910185055450302e+00
1.930000000000000071e+01,6.697879394825863308e-02,2.203732899401744383e-01,1.009072091758853373e+00,6.743526373607329483e-02,2.685012929702645934e-01,1.044580245987100309e+00
1.935000000000000142e+01,6.731870999317189630e-02,2.204463328255048260e-01,1.008742152690503158e+00,6.777517978098655804e-02,2.685743358555949811e-01,1.044250306918750315e+00
1.939999999999999858e+01,6.765862603808513176e-02,2.205193757108351860e-01,1.008412213622153164e+00,6.811509582589979350e-02,2.686473787409253688e-01,1.043920367850400321e+00
1.944999999999999929e+01,6.796090181015375375e-02,2.205577628725471639e-01,1.008136126345172023e+00,6.841737159796841550e-02,2.686857659026373191e-01,1.043644280573419181e+00
1.950000000000000000e+01,6.823347116909396493e-02,2.205687990836610879e-01,1.007902539917446161e+00,6.868994095690862667e-02,2.686968021137512430e-01,1.043410694145693096e+00
1.955000000000000071e+01,6.850604052803417610e-02,2.205798352947749841e-01,1.007668953489720520e+00,6.896251031584883784e-02,2.687078383248651114e-01,1.043177107717967456e+00
1.960000000000000142e+01,6.877500436496493397e-02,2.205880817812478356e-01,1.007438680949226395e+00,6.923147415277959571e-02,2.687160848113380185e-01,1.042946835177473552e+00
1.964999999999999858e+01,6.900912421685152787e-02,2.205693681983002530e-01,1.007240434017460773e+00,6.946559400466618961e-02,2.686973712283904359e-01,1.042748588245707708e+00
1.969999999999999929e+01,6.924324406873812177e-02,2.205506546153526704e-01,1.007042187085695373e+00,6.969971385655278351e-02,2.686786576454428532e-01,1.042550341313942308e+00
1.975000000000000000e+01,6.947736392062471567e-02,2.205319410324050877e-01,1.006843940153929751e+00,6.993383370843937741e-02,2.686599440624952706e-01,1.042352094382176908e+00
1.980000000000000071e+01,6.958663039194319666e-02,2.205642210044584661e-01,1.006750599137825164e+00,7.004310017975785840e-02,2.686922240345486212e-01,1.042258753366072099e+00
1.985000000000000142e+01,6.962214238284382406e-02,2.206266243350996081e-01,1.006719229061290521e+00,7.007861217065848580e-02,2.687546273651897355e-01,1.042227383289537457e+00
1.989999999999999858e+01,6.965765437374447921e-02,2.206890276657407779e-01,1.006687858984756101e+00,7.011412416155914096e-02,2.688170306958309608e-01,1.042196013213003258e+00
1.994999999999999929e+01,6.969344341645240803e-02,2.207411722346661886e-01,1.006639567671594016e+00,7.014991320426706978e-02,2.688691752647563438e-01,1.042147721899841173e+00
2.000000000000000000e+01,6.973064978448854923e-02,2.207408356342517308e-01,1.006504711692101539e+00,7.018711957230321097e-02,2.688688386643418582e-01,1.042012865920348474e+00
2.005000000000000071e+01,6.976785615252466266e-02,2.207404990338372452e-01,1.006369855712609063e+00,7.022432594033932440e-02,2.688685020639274281e-01,1.041878009940856220e+00
2.010000000000000142e+01,6.980506252056080385e-02,2.207401624334227874e-01,1.006234999733116808e+00,7.026153230837546559e-02,2.688681654635129425e-01,1.041743153961363966e+00
2.014999999999999858e+01,6.983023643177675710e-02,2.206949367540685103e-01,1.006013765150550521e+00,7.028670621959141884e-02,2.688229397841586654e-01,1.041521919378797456e+00
2.019999999999999929e+01,6.985021375865450854e-02,2.206303243536095748e-01,1.005755225327449986e+00,7.030668354646917029e-02,2.687583273836997577e-01,1.041263379555696922e+00
2.025000000000000000e+01,6.987019108553225999e-02,2.205657119531506671e-01,1.005496685504349674e+00,7.032666087334692173e-02,2.686937149832407945e-01,1.041004839732596832e+00
2.030000000000000071e+01,6.983085812797433511e-02,2.205120468564024383e-01,1.005259998204445893e+00,7.028732791578899686e-02,2.686400498864925934e-01,1.040768152432693050e+00
2.035000000000000142e+01,6.959655994704656845e-02,2.204943678206479629e-01,1.005095144686941833e+00,7.005302973486123019e-02,2.686223708507381458e-01,1.040603298915188990e+00
2.039999999999999858e+01,6.936226176611877403e-02,2.204766887848934598e-01,1.004930291169437551e+00,6.981873155393343577e-02,2.686046918149835872e-01,1.040438445397684486e+00
2.044999999999999929e+01,6.912796358519100737e-02,2.204590097491389566e-01,1.004765437651933491e+00,6.958443337300566911e-02,2.685870127792291395e-01,1.040273591880180426e+00
2.050000000000000000e+01,6.865509262452006156e-02,2.205076396415955042e-01,1.004710158958049382e+00,6.911156241233472330e-02,2.686356426716856594e-01,1.040218313186296317e+00
2.055000000000000071e+01,6.811020207781083580e-02,2.205762866607567096e-01,1.004687958360693578e+00,6.856667186562549754e-02,2.687042896908468648e-01,1.040196112588940736e+00
2.060000000000000142e+01,6.756531153110161003e-02,2.206449336799179151e-01,1.004665757763337552e+00,6.802178131891627177e-02,2.687729367100080702e-01,1.040173911991584710e+00
2.064999999999999858e+01,6.710188755466652000e-02,2.206635813680044300e-01,1.004564443038099109e+00,6.755835734248118174e-02,2.687915843980945851e-01,1.040072597266346044e+00
2.069999999999999929e+01,6.682587100580954231e-02,2.205672095335332594e-01,1.004281132493696438e+00,6.728234079362420406e-02,2.686952125636233868e-01,1.039789286721943373e+00
2.075000000000000000e+01,6.654985445695259239e-02,2.204708376990621166e-01,1.003997821949293545e+00,6.700632424476725413e-02,2.685988407291522995e-01,1.039505976177540703e+00
2.080000000000000071e+01,6.627383790809561470e-02,2.203744658645909460e-01,1.003714511404890875e+00,6.673030769591027644e-02,2.685024688946811011e-01,1.039222665633138032e+00
2.085000000000000142e+01,6.620806950655923340e-02,2.202004416859159874e-01,1.003324832809218137e+00,6.666453929437389514e-02,2.683284447160061426e-01,1.038832987037465294e+00
2.089999999999999858e+01,6.618298723349384793e-02,2.200113906292751054e-01,1.002914570421229890e+00,6.663945702130850968e-02,2.681393936593652327e-01,1.038422724649477047e+00
2.094999999999999929e+01,6.615790496042846247e-02,2.198223395726341955e-01,1.002504308033241642e+00,6.661437474824312421e-02,2.679503426027243229e-01,1.038012462261488800e+00
2.100000000000000000e+01,6.626801792588583873e-02,2.195844346665321856e-01,1.002033575637253371e+00,6.672448771370050047e-02,2.677124376966223407e-01,1.037541729865500528e+00
2.105000000000000071e+01,6.660565076200618273e-02,2.192643136880875199e-01,1.001461078352579248e+00,6.706212054982084447e-02,2.673923167181776472e-01,1.036969232580826183e+00
2.110000000000000142e+01,6.694328359812658225e-02,2.189441927096427709e-01,1.000888581067904903e+00,6.739975338594124399e-02,2.670721957397329538e-01,1.036396735296151839e+00
2.114999999999999858e+01,6.728091643424689849e-02,2.186240717311981330e-01,1.000316083783230781e+00,6.773738622206156024e-02,2.667520747612882603e-01,1.035824238011477938e+00
2.119999999999999929e+01,6.756243412375860513e-02,2.183306558995009306e-01,9.998515981921143325e-01,6.801890391157326687e-02,2.664586589295910857e-01,1.035359752420361268e+00
2.125000000000000000e+01,6.783823896794287378e-02,2.180399588056497195e-01,9.993981088138946811e-01,6.829470875575753552e-02,2.661679618357398747e-01,1.034906263042141727e+00
2.130000000000000071e+01,6.811404381212714243e-02,2.177492617117984808e-01,9.989446194356751407e-01,6.857051359994180417e-02,2.658772647418886637e-01,1.034452773663922187e+00
2.135000000000000142e+01,6.836459956120301273e-02,2.174852242944366743e-01,9.985388600095395084e-01,6.882106934901767448e-02,2.656132273245268571e-01,1.034047014237786666e+00
2.139999999999999858e+01,6.858334053473481851e-02,2.172547790363164866e-01,9.981932420540488016e-01,6.903981032254948025e-02,2.653827820664066417e-01,1.033701396282295848e+00
2.144999999999999929e+01,6.880208150826670754e-02,2.170243337781962434e-01,9.978476240985582058e-01,6.925855129608136929e-02,2.651523368082864263e-01,1.033355778326805252e+00
2.150000000000000000e+01,6.902082248179854107e-02,2.167938885200760557e-01,9.975020061430674989e-01,6.947729226961320281e-02,2.649218915501662108e-01,1.033010160371314434e+00
2.155000000000000071e+01,6.877222991039928790e-02,2.167907212063809319e-01,9.975545766686234606e-01,6.922869969821394964e-02,2.649187242364711148e-01,1.033062730896870507e+00
2.160000000000000142e+01,6.851280230809110583e-02,2.167928232844927583e-01,9.976163791111828383e-01,6.896927209590576757e-02,2.649208263145829134e-01,1.033124533339429885e+00
2.164999999999999858e+01,6.825337470578297927e-02,2.167949253626045847e-01,9.976781815537422160e-01,6.870984449359764101e-02,2.649229283926947121e-01,1.033186335781989262e+00
2.169999999999999929e+01,6.799153162084818625e-02,2.168056643108119408e-01,9.977670378057006406e-01,6.844800140866284799e-02,2.649336673409020682e-01,1.033275192033947576e+00
2.175000000000000000e+01,6.772738821647035501e-02,2.168246283482785641e-01,9.978816580201417263e-01,6.818385800428501675e-02,2.649526313783687193e-01,1.033389812248388662e+00
2.180000000000000071e+01,6.746324481209252377e-02,2.168435923857451597e-01,9.979962782345828121e-01,6.791971459990718551e-02,2.649715954158353148e-01,1.033504432462829747e+00
2.185000000000000142e+01,6.720912318303025323e-02,2.168603457338833529e-01,9.981056830026321380e-01,6.766559297084491498e-02,2.649883487639734803e-01,1.033613837230879184e+00
2.189999999999999858e+01,6.715784609664755822e-02,2.168323538895075842e-01,9.981095251527913881e-01,6.761431588446221996e-02,2.649603569195977393e-01,1.033617679381038545e+00
2.194999999999999929e+01,6.710656901026486321e-02,2.168043620451318432e-01,9.981133673029506381e-01,6.756303879807952495e-02,2.649323650752219983e-01,1.033621521531197684e+00
2.200000000000000000e+01,6.705529192388216819e-02,2.167763702007560744e-01,9.981172094531099992e-01,6.751176171169682994e-02,2.649043732308462573e-01,1.033625363681357046e+00
2.205000000000000071e+01,6.718107547451428185e-02,2.166663042735886280e-01,9.980173567325285600e-01,6.763754526232894360e-02,2.647943073036788109e-01,1.033525510960775495e+00
2.210000000000000142e+01,6.743405246543836273e-02,2.164972795336377320e-01,9.978430136702624020e-01,6.789052225325302448e-02,2.646252825637278594e-01,1.033351167898509448e+00
2.214999999999999858e+01,6.768702945636241586e-02,2.163282547936868638e-01,9.976686706079963551e-01,6.814349924417707760e-02,2.644562578237770190e-01,1.033176824836243402e+00
2.219999999999999929e+01,6.793163924341756588e-02,2.161641322954281352e-01,9.975028144358688564e-01,6.838810903123222762e-02,2.642921353255183181e-01,1.033010968664116014e+00
2.225000000000000000e+01,6.811299130191279805e-02,2.160370717212190816e-01,9.974011208443503973e-01,6.856946108972745979e-02,2.641650747513092368e-01,1.032909275072597444e+00
2.230000000000000071e+01,6.829434336040797471e-02,2.159100111470100558e-01,9.972994272528318271e-01,6.875081314822263645e-02,2.640380141771002109e-01,1.032807581481078874e+00
2.235000000000000142e+01,6.847569541890317912e-02,2.157829505728010300e-01,9.971977336613133680e-01,6.893216520671784087e-02,2.639109536028911851e-01,1.032705887889560525e+00
2.239999999999999858e+01,6.877531018792339135e-02,2.156101344899232497e-01,9.969761093920759265e-01,6.923177997573805309e-02,2.637381375200134048e-01,1.032484263620323084e+00
2.244999999999999929e+01,6.913813319384022604e-02,2.154128633187220032e-01,9.966903854023537734e-01,6.959460298165488779e-02,2.635408663488121306e-01,1.032198539630600820e+00
2.250000000000000000e+01,6.950095619975706074e-02,2.152155921475207567e-01,9.964046614126315093e-01,6.995742598757172248e-02,2.633435951776109119e-01,1.031912815640878556e+00
2.255000000000000071e+01,6.982243304883527235e-02,2.150361616508155160e-01,9.961372828772030452e-01,7.027890283664993409e-02,2.631641646809056434e-01,1.031645437105450203e+00
2.260000000000000142e+01,6.996363129364623068e-02,2.149345205339039389e-01,9.959498946757644466e-01,7.042010108146089242e-02,2.630625235639940662e-01,1.031458048904011493e+00
2.264999999999999858e+01,7.010482953845716125e-02,2.148328794169923617e-01,9.957625064743258481e-01,7.056129932627182300e-02,2.629608824470824890e-01,1.031270660702572783e+00
2.269999999999999929e+01,7.024602778326809183e-02,2.147312383000807845e-01,9.955751182728871385e-01,7.070249757108275357e-02,2.628592413301709119e-01,1.031083272501134296e+00
2.275000000000000000e+01,7.020465485296588370e-02,2.146938836829847541e-01,9.954805708684213439e-01,7.066112464078054545e-02,2.628218867130749370e-01,1.030988725096668279e+00
2.280000000000000071e+01,7.009278431754921435e-02,2.146813525040650317e-01,9.954218727914270204e-01,7.054925410536387609e-02,2.628093555341551868e-01,1.030930027019674178e+00
2.285000000000000142e+01,6.998091378213254499e-02,2.146688213251452815e-01,9.953631747144326969e-01,7.043738356994720673e-02,2.627968243552354366e-01,1.030871328942679632e+00
2.289999999999999858e+01,6.988925800545787992e-02,2.146394039410848553e-01,9.952698815142894118e-01,7.034572779327254166e-02,2.627674069711750104e-01,1.030778035742536458e+00
2.294999999999999929e+01,6.985625929519444222e-02,2.145609879382916474e-01,9.950762038147829003e-01,7.031272908300910396e-02,2.626889909683818303e-01,1.030584358043030058e+00
2.300000000000000000e+01,6.982326058493100451e-02,2.144825719354984672e-01,9.948825261152764998e-01,7.027973037274566626e-02,2.626105749655885946e-01,1.030390680343523435e+00
2.305000000000000071e+01,6.979026187466756681e-02,2.144041559327052870e-01,9.946888484157700994e-01,7.024673166248222855e-02,2.625321589627954699e-01,1.030197002644017257e+00
2.310000000000000142e+01,6.981640941822557511e-02,2.142625206010834726e-01,9.944070804784901352e-01,7.027287920604023685e-02,2.623905236311736555e-01,1.029915234706737071e+00
2.314999999999999858e+01,6.985816879420868319e-02,2.141041983365803425e-01,9.941020608567575634e-01,7.031463858202334494e-02,2.622322013666704699e-01,1.029610215085004610e+00
2.319999999999999929e+01,6.989992817019179128e-02,2.139458760720771846e-01,9.937970412350248806e-01,7.035639795800645302e-02,2.620738791021673397e-01,1.029305195463271927e+00
2.325000000000000000e+01,6.994658244748692966e-02,2.137809580736375059e-01,9.935034035532391838e-01,7.040305223530159140e-02,2.619089611037276333e-01,1.029011557781486230e+00
2.330000000000000071e+01,7.000335508824954978e-02,2.136024058813600357e-01,9.932332937421921581e-01,7.045982487606421152e-02,2.617304089114501631e-01,1.028741447970439093e+00
2.335000000000000142e+01,7.006012772901219765e-02,2.134238536890825377e-01,9.929631839311450214e-01,7.051659751682685939e-02,2.615518567191726929e-01,1.028471338159392179e+00
2.339999999999999858e+01,7.011690036977481777e-02,2.132453014968050953e-01,9.926930741200981068e-01,7.057337015758947951e-02,2.613733045268952226e-01,1.028201228348345264e+00
2.344999999999999929e+01,7.018649254980281749e-02,2.130498376360705215e-01,9.924420276337572178e-01,7.064296233761747923e-02,2.611778406661606766e-01,1.027950181862004264e+00
2.350000000000000000e+01,7.025815590595051174e-02,2.128516414584307181e-01,9.921940610945249039e-01,7.071462569376517349e-02,2.609796444885208455e-01,1.027702215322771950e+00
2.355000000000000071e+01,7.032981926209817825e-02,2.126534452807908870e-01,9.919460945552927011e-01,7.078628904991283999e-02,2.607814483108810144e-01,1.027454248783539636e+00
2.360000000000000142e+01,7.040199126439318500e-02,2.124587365962473939e-01,9.917153558858308182e-01,7.085846105220784674e-02,2.605867396263375491e-01,1.027223510114077865e+00
2.364999999999999858e+01,7.047493980096865285e-02,2.122693521591327848e-01,9.915109184702491918e-01,7.093140958878331459e-02,2.603973551892229121e-01,1.027019072698496238e+00
2.369999999999999929e+01,7.054788833754412070e-02,2.120799677220181756e-01,9.913064810546674543e-01,7.100435812535878244e-02,2.602079707521083307e-01,1.026814635282914612e+00
2.375000000000000000e+01,7.062083687411958854e-02,2.118905832849035942e-01,9.911020436390858279e-01,7.107730666193425029e-02,2.600185863149937493e-01,1.026610197867332985e+00
2.380000000000000071e+01,7.069137706243093511e-02,2.117119069359265915e-01,9.909071045520014831e-01,7.114784685024559685e-02,2.598399099660167466e-01,1.026415258780248418e+00
2.385000000000000142e+01,7.076173777976717261e-02,2.115340285575123269e-01,9.907128732837583440e-01,7.121820756758183435e-02,2.596620315876024820e-01,1.026221027512005390e+00
2.389999999999999858e+01,7.083209849710341011e-02,2.113561501790980623e-01,9.905186420155152049e-01,7.128856828491807185e-02,2.594841532091882175e-01,1.026026796243762362e+00
2.394999999999999929e+01,7.090860928031127164e-02,2.111925076988783734e-01,9.902924572382951762e-01,7.136507906812593338e-02,2.593205107289685563e-01,1.025800611466542112e+00
2.400000000000000000e+01,7.099218124064661517e-02,2.110452101165539440e-01,9.900295851488675192e-01,7.144865102846127691e-02,2.591732131466440991e-01,1.025537739377114566e+00
2.405000000000000071e+01,7.107575320098195870e-02,2.108979125342295424e-01,9.897667130594397511e-01,7.153222298879662044e-02,2.590259155643196975e-01,1.025274867287686797e+00
2.410000000000000142e+01,7.115931113288163912e-02,2.107506517202136775e-01,9.895038477015137834e-01,7.161578092069630086e-02,2.588786547503038049e-01,1.025012001929760830e+00
2.414999999999999858e+01,7.120666825892170426e-02,2.106982726471448020e-01,9.892583531890810633e-01,7.166313804673636600e-02,2.588262756772349293e-01,1.024766507417328221e+00
2.419999999999999929e+01,7.125402538496179716e-02,2.106458935740759542e-01,9.890128586766483432e-01,7.171049517277645891e-02,2.587738966041661093e-01,1.024521012904895390e+00
2.425000000000000000e+01,7.130138251100186231e-02,2.105935145010071063e-01,9.887673641642155120e-01,7.175785229881652405e-02,2.587215175310972892e-01,1.024275518392462558e+00
2.430000000000000071e+01,7.132610445918051434e-02,2.105849056479823234e-01,9.885859954613132050e-01,7.178257424699517608e-02,2.587129086780725062e-01,1.024094149689560140e+00
2.435000000000000142e+01,7.133117316798216756e-02,2.106143007645917276e-01,9.884603046900206635e-01,7.178764295579682930e-02,2.587423037946818827e-01,1.023968458918267821e+00
2.439999999999999858e+01,7.133624187678384854e-02,2.106436958812011317e-01,9.883346139187281221e-01,7.179271166459851028e-02,2.587716989112912591e-01,1.023842768146975057e+00
2.444999999999999929e+01,7.134684005138351715e-02,2.106746235102366638e-01,9.882116529697145824e-01,7.180330983919817889e-02,2.588026265403268189e-01,1.023719807197961629e+00
2.450000000000000000e+01,7.143075813983577882e-02,2.107258720315908218e-01,9.881248890678721031e-01,7.188722792765044056e-02,2.588538750616810047e-01,1.023633043296119149e+00
2.455000000000000071e+01,7.151467622828804049e-02,2.107771205529449798e-01,9.880381251660297348e-01,7.197114601610270224e-02,2.589051235830351350e-01,1.023546279394276670e+00
2.460000000000000142e+01,7.159859431674030217e-02,2.108283690742991379e-01,9.879513612641873666e-01,7.205506410455496391e-02,2.589563721043892652e-01,1.023459515492434413e+00
2.464999999999999858e+01,7.164731852402995982e-02,2.109227227046719111e-01,9.879539285197512788e-01,7.210378831184462156e-02,2.590507257347620662e-01,1.023462082747998325e+00
2.469999999999999929e+01,7.167306459347257130e-02,2.110452197254359674e-01,9.880148202220971898e-01,7.212953438128723305e-02,2.591732227555261225e-01,1.023522974450344236e+00
2.475000000000000000e+01,7.169881066291515503e-02,2.111677167462000515e-01,9.880757119244432118e-01,7.215528045072981678e-02,2.592957197762901789e-01,1.023583866152690369e+00
2.480000000000000071e+01,7.173037100667091492e-02,2.112838724965837578e-01,9.881262609974542643e-01,7.218684079448557667e-02,2.594118755266738852e-01,1.023634415225701311e+00
2.485000000000000142e+01,7.179768724259767698e-02,2.113610315007297957e-01,9.881132062706886598e-01,7.225415703041233872e-02,2.594890345308199509e-01,1.023621360498935706e+00
2.489999999999999858e+01,7.186500347852441128e-02,2.114381905048758337e-01,9.881001515439230554e-01,7.232147326633907303e-02,2.595661935349660165e-01,1.023608305772170102e+00
2.494999999999999929e+01,7.193231971445117334e-02,2.115153495090218438e-01,9.880870968171574509e-01,7.238878950226583509e-02,2.596433525391119712e-01,1.023595251045404497e+00
2.500000000000000000e+01,7.203212705452848030e-02,2.115460476983650473e-01,9.879810869130888351e-01,7.248859684234314205e-02,2.596740507284551747e-01,1.023489241141335881e+00
2.505000000000000071e+01,7.214759707150560086e-02,2.115543489655418719e-01,9.878302669926687374e-01,7.260406685932026261e-02,2.596823519956320547e-01,1.023338421220915784e+00
2.510000000000000142e+01,7.226306708848272142e-02,2.115626502327186964e-01,9.876794470722486396e-01,7.271953687629738317e-02,2.596906532628088238e-01,1.023187601300495686e+00
2.514999999999999858e+01,7.236382717537744036e-02,2.115734567095252372e-01,9.875227307114021746e-01,7.282029696319210210e-02,2.597014597396153923e-01,1.023030884939649221e+00
2.519999999999999929e+01,7.240911826692937592e-02,2.115937099655147147e-01,9.873437797359303492e-01,7.286558805474403766e-02,2.597217129956048698e-01,1.022851933964177285e+00
2.525000000000000000e+01,7.245440935848128372e-02,2.116139632215041921e-01,9.871648287604585237e-01,7.291087914629594546e-02,2.597419662515943473e-01,1.022672982988705570e+00
2.530000000000000071e+01,7.249970045003321928e-02,2.116342164774936419e-01,9.869858777849866982e-01,7.295617023784788102e-02,2.597622195075838247e-01,1.022494032013233856e+00
2.535000000000000142e+01,7.251680516771481788e-02,2.116614467789280918e-01,9.868647468939691914e-01,7.297327495552947962e-02,2.597894498090182469e-01,1.022372901122216238e+00
2.539999999999999858e+01,7.252423556453692355e-02,2.116910717898273231e-01,9.867634614095195378e-01,7.298070535235158529e-02,2.598190748199175060e-01,1.022271615637766473e+00
2.544999999999999929e+01,7.253166596135905697e-02,2.117206968007265544e-01,9.866621759250699952e-01,7.298813574917371871e-02,2.598486998308167095e-01,1.022170330153317153e+00
2.550000000000000000e+01,7.256385520020124102e-02,2.117443792969569138e-01,9.865690977789719485e-01,7.302032498801590277e-02,2.598723823270470690e-01,1.022077252007218995e+00
2.555000000000000071e+01,7.265991715753476743e-02,2.117527313279632672e-01,9.864971928772310328e-01,7.311638694534942917e-02,2.598807343580534224e-01,1.022005347105478190e+00
2.560000000000000142e+01,7.275597911486829383e-02,2.117610833589695929e-01,9.864252879754900061e-01,7.321244890268295558e-02,2.598890863890597203e-01,1.021933442203736941e+00
2.564999999999999858e+01,7.285204107220182024e-02,2.117694353899759463e-01,9.863533830737490904e-01,7.330851086001648198e-02,2.598974384200660737e-01,1.021861537301996137e+00
2.569999999999999929e+01,7.289614450059113404e-02,2.118221935781136878e-01,9.863353368320947334e-01,7.335261428840579578e-02,2.599501966082038429e-01,1.021843491060341780e+00
2.575000000000000000e+01,7.292839223165793749e-02,2.118850841924171946e-01,9.863295798523797897e-01,7.338486201947259924e-02,2.600130872225073775e-01,1.021837734080626836e+00
2.580000000000000071e+01,7.296063996272471319e-02,2.119479748067206737e-01,9.863238228726649570e-01,7.341710975053937493e-02,2.600759778368108011e-01,1.021831977100911892e+00
2.585000000000000142e+01,7.297832571066679985e-02,2.120051855978989097e-01,9.863150042196021650e-01,7.343479549848146160e-02,2.601331886279890648e-01,1.021823158447849211e+00
2.589999999999999858e+01,7.296885874976018205e-02,2.120518056211637137e-01,9.863004766789318367e-01,7.342532853757484379e-02,2.601798086512538966e-01,1.021808630907178994e+00
2.594999999999999929e+01,7.295939178885356424e-02,2.120984256444285176e-01,9.862859491382616195e-01,7.341586157666822599e-02,2.602264286745186728e-01,1.021794103366508555e+00
2.600000000000000000e+01,7.294992482794694644e-02,2.121450456676933216e-01,9.862714215975912913e-01,7.340639461576160818e-02,2.602730486977834490e-01,1.021779575825838338e+00
2.605000000000000071e+01,7.299944374319551621e-02,2.120986296389753556e-01,9.861758297180428512e-01,7.345591353101017795e-02,2.602266326690655385e-01,1.021683983946289898e+00
2.610000000000000142e+01,7.305670628160794433e-02,2.120399999046354012e-01,9.860695957707111825e-01,7.351317606942260607e-02,2.601680029347255285e-01,1.021577749998958229e+00
2.614999999999999858e+01,7.311396882002040021e-02,2.119813701702954745e-01,9.859633618233794028e-01,7.357043860783506195e-02,2.601093732003856296e-01,1.021471516051626338e+00
2.619999999999999929e+01,7.315227990358634524e-02,2.119153895143764954e-01,9.858355916523410256e-01,7.360874969140100699e-02,2.600433925444666228e-01,1.021343745880588072e+00
2.625000000000000000e+01,7.316429332026168353e-02,2.118392084760283289e-01,9.856779371034695147e-01,7.362076310807634527e-02,2.599672115061184563e-01,1.021186091331716561e+00
2.630000000000000071e+01,7.317630673693699406e-02,2.117630274376801347e-01,9.855202825545981149e-01,7.363277652475165580e-02,2.598910304677702898e-01,1.021028436782845272e+00
2.635000000000000142e+01,7.318832015361230459e-02,2.116868463993319682e-01,9.853626280057266040e-01,7.364478994142696633e-02,2.598148494294221234e-01,1.020870782233973539e+00
2.639999999999999858e+01,7.308483038576256419e-02,2.116658589629638876e-01,9.853071979486835996e-01,7.354130017357722593e-02,2.597938619930540427e-01,1.020815352176930535e+00
2.644999999999999929e+01,7.297573251082938028e-02,2.116475513802422159e-01,9.852567312690494461e-01,7.343220229864404203e-02,2.597755544103323988e-01,1.020764885497296603e+00
2.650000000000000000e+01,7.286663463589619638e-02,2.116292437975205720e-01,9.852062645894152926e-01,7.332310442371085812e-02,2.597572468276106994e-01,1.020714418817662228e+00
2.655000000000000071e+01,7.282241578327093567e-02,2.115677385181855552e-01,9.851109470202935592e-01,7.327888557108559742e-02,2.596957415482756826e-01,1.020619101248540606e+00
2.660000000000000142e+01,7.284611314341156441e-02,2.114610133226152433e-01,9.849686789509203289e-01,7.330258293122622615e-02,2.595890163527053707e-01,1.020476833179167375e+00
2.664999999999999858e+01,7.286981050355219314e-02,2.113542881270449314e-01,9.848264108815470985e-01,7.332628029136685488e-02,2.594822911571350588e-01,1.020334565109794145e+00
2.669999999999999929e+01,7.289289622052287643e-02,2.112481324745539568e-01,9.846842334029763943e-01,7.334936600833753817e-02,2.593761355046441119e-01,1.020192387631223330e+00
2.675000000000000000e+01,7.289049309885321792e-02,2.111657112351346122e-01,9.845458310901558097e-01,7.334696288666787967e-02,2.592937142652247395e-01,1.020053985318402745e+00
2.680000000000000071e+01,7.288808997718355942e-02,2.110832899957152675e-01,9.844074287773352250e-01,7.334455976499822116e-02,2.592112930258054226e-01,1.019915583005582160e+00
2.685000000000000142e+01,7.288568685551390092e-02,2.110008687562958951e-01,9.842690264645145293e-01,7.334215664332856266e-02,2.591288717863860502e-01,1.019777180692761576e+00
2.689999999999999858e+01,7.286619514794846764e-02,2.109543431176455763e-01,9.841550793329323366e-01,7.332266493576312938e-02,2.590823461477357315e-01,1.019663233561179272e+00
2.694999999999999929e+01,7.283318399344447525e-02,2.109362158890733530e-01,9.840604796492398165e-01,7.328965378125913699e-02,2.590642189191635358e-01,1.019568633877486974e+00
2.700000000000000000e+01,7.280017283894051061e-02,2.109180886605011296e-01,9.839658799655471855e-01,7.325664262675517235e-02,2.590460916905912847e-01,1.019474034193794232e+00
2.705000000000000071e+01,7.277531773120259062e-02,2.109001790107757901e-01,9.838646769754195720e-01,7.323178751901725236e-02,2.590281820408659730e-01,1.019372831203666507e+00
2.710000000000000142e+01,7.282984246696568020e-02,2.108843869770117285e-01,9.836992063999738800e-01,7.328631225478034195e-02,2.590123900071018559e-01,1.019207360628220815e+00
2.714999999999999858e+01,7.288436720272876979e-02,2.108685949432476670e-01,9.835337358245281880e-01,7.334083699054343153e-02,2.589965979733378498e-01,1.019041890052775123e+00
2.719999999999999929e+01,7.293889193849188712e-02,2.108528029094836054e-01,9.833682652490824960e-01,7.339536172630654887e-02,2.589808059395737327e-01,1.018876419477329431e+00
2.725000000000000000e+01,7.302310607578964274e-02,2.108290609975772834e-01,9.831603583888817166e-01,7.347957586360430449e-02,2.589570640276674385e-01,1.018668512617128652e+00
2.730000000000000071e+01,7.312490365172634454e-02,2.108006107996403533e-01,9.829273187954330471e-01,7.358137343954100629e-02,2.589286138297305362e-01,1.018435473023679982e+00
2.735000000000000142e+01,7.322670122766307410e-02,2.107721606017034233e-01,9.826942792019843775e-01,7.368317101547773584e-02,2.589001636317935784e-01,1.018202433430231313e+00
2.739999999999999858e+01,7.331170515347944228e-02,2.107557746494906625e-01,9.824755347625084845e-01,7.376817494129410402e-02,2.588837776795808177e-01,1.017983688990755642e+00
2.744999999999999929e+01,7.331041938316960882e-02,2.108013776091624270e-01,9.823302421624808822e-01,7.376688917098427056e-02,2.589293806392525821e-01,1.017838396390728040e+00
2.750000000000000000e+01,7.330913361285977536e-02,2.108469805688341914e-01,9.821849495624532800e-01,7.376560340067443711e-02,2.589749835989243465e-01,1.017693103790700437e+00
2.755000000000000071e+01,7.330784784254996966e-02,2.108925835285059558e-01,9.820396569624256777e-01,7.376431763036463141e-02,2.590205865585961109e-01,1.017547811190672835e+00
2.760000000000000142e+01,7.333865444139479883e-02,2.108893678633391444e-01,9.818408644173868272e-01,7.379512422920946058e-02,2.590173708934292995e-01,1.017349018645633763e+00
2.764999999999999858e+01,7.338336056865034374e-02,2.108650083599082903e-01,9.816189005071531692e-01,7.383983035646500548e-02,2.589930113899984176e-01,1.017127054735400105e+00
2.769999999999999929e+01,7.342806669590588864e-02,2.108406488564774084e-01,9.813969365969194003e-01,7.388453648372055038e-02,2.589686518865675913e-01,1.016905090825166447e+00
2.775000000000000000e+01,7.346708123025495751e-02,2.108166549604185702e-01,9.811881250865156501e-01,7.392355101806961926e-02,2.589446579905086976e-01,1.016696279314762696e+00
2.780000000000000071e+01,7.348732347561788558e-02,2.107938669284044053e-01,9.810226934619408201e-01,7.394379326343254732e-02,2.589218699584945327e-01,1.016530847690187755e+00
2.785000000000000142e+01,7.350756572098081365e-02,2.107710788963902404e-01,9.808572618373658791e-01,7.396403550879547539e-02,2.588990819264803678e-01,1.016365416065613037e+00
2.789999999999999858e+01,7.352780796634371396e-02,2.107482908643761033e-01,9.806918302127910492e-01,7.398427775415837571e-02,2.588762938944662584e-01,1.016199984441038096e+00
2.794999999999999929e+01,7.353688717304081301e-02,2.107588191412214096e-01,9.805911388581142196e-01,7.399335696085547476e-02,2.588868221713115370e-01,1.016099293086361266e+00
2.800000000000000000e+01,7.354258517241447912e-02,2.107794386979482959e-01,9.805100568841135233e-01,7.399905496022914086e-02,2.589074417280384788e-01,1.016018211112360570e+00
2.805000000000000071e+01,7.354828317178811747e-02,2.108000582546751545e-01,9.804289749101128271e-01,7.400475295960277922e-02,2.589280612847653096e-01,1.015937129138359873e+00
2.810000000000000142e+01,7.353551077013108228e-02,2.108622418776825436e-01,9.803588266594688294e-01,7.399198055794574402e-02,2.589902449077726709e-01,1.015866980887715876e+00
2.814999999999999858e+01,7.348012787951911651e-02,2.110203121673748794e-01,9.803139020787146052e-01,7.393659766733377825e-02,2.591483151974650623e-01,1.015822056306961763e+00
2.819999999999999929e+01,7.342474498890715073e-02,2.111783824570672152e-01,9.802689774979602699e-01,7.388121477672181248e-02,2.593063854871573426e-01,1.015777131726207205e+00
2.825000000000000000e+01,7.336936209829518496e-02,2.113364527467595511e-01,9.802240529172060457e-01,7.382583188610984670e-02,2.594644557768497339e-01,1.015732207145453092e+00
2.830000000000000071e+01,7.327912349681682536e-02,2.115044277776318427e-01,9.802515391637379727e-01,7.373559328463148710e-02,2.596324308077220255e-01,1.015759693391985019e+00
2.835000000000000142e+01,7.318211002906292728e-02,2.116743279821792778e-01,9.802930998233164717e-01,7.363857981687758902e-02,2.598023310122694607e-01,1.015801254051563518e+00
2.839999999999999858e+01,7.308509656130905696e-02,2.118442281867266574e-01,9.803346604828949706e-01,7.354156634912371870e-02,2.599722312168167848e-01,1.015842814711142017e+00
2.844999999999999929e+01,7.296010825594186067e-02,2.120177117868259076e-01,9.804119585810315840e-01,7.341657804375652241e-02,2.601457148169160627e-01,1.015920112809278741e+00
2.850000000000000000e+01,7.278792029497112293e-02,2.121972413571744098e-01,9.805495535364874282e-01,7.324439008278578467e-02,2.603252443872645649e-01,1.016057707764734364e+00
2.855000000000000071e+01,7.261573233400035743e-02,2.123767709275229121e-01,9.806871484919433835e-01,7.307220212181501917e-02,2.605047739576130672e-01,1.016195302720190430e+00
2.860000000000000142e+01,7.244354437302959193e-02,2.125563004978714143e-01,9.808247434473992277e-01,7.290001416084425367e-02,2.606843035279615695e-01,1.016332897675646274e+00
2.864999999999999858e+01,7.231856144852509549e-02,2.126625847217639975e-01,9.809316983527558431e-01,7.277503123633975723e-02,2.607905877518541526e-01,1.016439852581002778e+00
2.869999999999999929e+01,7.219841862682076228e-02,2.127613588358669983e-01,9.810355116231643802e-01,7.265488841463542402e-02,2.608893618659571256e-01,1.016543665851411316e+00
2.875000000000000000e+01,7.207827580511642906e-02,2.128601329499699990e-01,9.811393248935730282e-01,7.253474559293109081e-02,2.609881359800601541e-01,1.016647479121820075e+00
2.880000000000000071e+01,7.199535195476623739e-02,2.129152120152582595e-01,9.812166312372561094e-01,7.245182174258089913e-02,2.610432150453484423e-01,1.016724785465503267e+00
2.885000000000000142e+01,7.195943941641196051e-02,2.129150998300156639e-01,9.812604566609401946e-01,7.241590920422662225e-02,2.610431028601057912e-01,1.016768610889187130e+00
2.889999999999999858e+01,7.192352687805768363e-02,2.129149876447730960e-01,9.813042820846243908e-01,7.237999666587234537e-02,2.610429906748632511e-01,1.016812436312871437e+00
2.894999999999999929e+01,7.188761433970343451e-02,2.129148754595305004e-01,9.813481075083085869e-01,7.234408412751809625e-02,2.610428784896206555e-01,1.016856261736555744e+00
2.900000000000000000e+01,7.194493803146405353e-02,2.128243745508746065e-01,9.813337781045096131e-01,7.240140781927871527e-02,2.609523775809647894e-01,1.016841932332756659e+00
2.905000000000000071e+01,7.200448190553006278e-02,2.127317212660010115e-01,9.813180638922643917e-01,7.246095169334472452e-02,2.608597242960911666e-01,1.016826218120511438e+00
2.910000000000000142e+01,7.206402577959604427e-02,2.126390679811274442e-01,9.813023496800192813e-01,7.252049556741070602e-02,2.607670710112175994e-01,1.016810503908266217e+00
2.914999999999999858e+01,7.213212995505006997e-02,2.125824093562614370e-01,9.812657700128837313e-01,7.258859974286473171e-02,2.607104123863516199e-01,1.016773924241130889e+00
2.919999999999999929e+01,7.220840587401565480e-02,2.125601115694121246e-01,9.812092719879841329e-01,7.266487566183031654e-02,2.606881145995022520e-01,1.016717426216231068e+00
2.925000000000000000e+01,7.228468179298126739e-02,2.125378137825628122e-01,9.811527739630844236e-01,7.274115158079592913e-02,2.606658168126529951e-01,1.016660928191331470e+00
2.930000000000000071e+01,7.236445785243274254e-02,2.125142076701588556e-01,9.810948957486077537e-01,7.282092764024740428e-02,2.606422107002490107e-01,1.016603049976854800e+00
2.935000000000000142e+01,7.251603641729996441e-02,2.124637623342721382e-01,9.810087040792927482e-01,7.297250620511462615e-02,2.605917653643622933e-01,1.016516858307539906e+00
2.939999999999999858e+01,7.266761498216718629e-02,2.124133169983853930e-01,9.809225124099778537e-01,7.312408476998184803e-02,2.605413200284755204e-01,1.016430666638224789e+00
2.944999999999999929e+01,7.281919354703443592e-02,2.123628716624986479e-01,9.808363207406628481e-01,7.327566333484909766e-02,2.604908746925888030e-01,1.016344474968909894e+00
2.950000000000000000e+01,7.286294707645572799e-02,2.123578934057747392e-01,9.808245125035693901e-01,7.331941686427038973e-02,2.604858964358648943e-01,1.016332666731816436e+00
2.955000000000000071e+01,7.282905235687490986e-02,2.123856574437287537e-01,9.808662701497874448e-01,7.328552214468957160e-02,2.605136604738189088e-01,1.016374424378034380e+00
2.960000000000000142e+01,7.279515763729409172e-02,2.124134214816827959e-01,9.809080277960054994e-01,7.325162742510875347e-02,2.605414245117729788e-01,1.016416182024252546e+00
2.964999999999999858e+01,7.276969241303311853e-02,2.124369830773525647e-01,9.809404103698280419e-01,7.322616220084778027e-02,2.605649861074427198e-01,1.016448564598074977e+00
2.969999999999999929e+01,7.280832785542450114e-02,2.124285879138368416e-01,9.809015017965928562e-01,7.326479764323916288e-02,2.605565909439270245e-01,1.016409656024839903e+00
2.975000000000000000e+01,7.284696329781588375e-02,2.124201927503211462e-01,9.808625932233576705e-01,7.330343308563054550e-02,2.605481957804113291e-01,1.016370747451604828e+00
2.980000000000000071e+01,7.288559874020729412e-02,2.124117975868054231e-01,9.808236846501224848e-01,7.334206852802195586e-02,2.605398006168955782e-01,1.016331838878369531e+00
2.985000000000000142e+01,7.290201954456161648e-02,2.124108470333858079e-01,9.807923764613656337e-01,7.335848933237627822e-02,2.605388500634759907e-01,1.016300530689612680e+00
2.989999999999999858e+01,7.290653585359475886e-02,2.124138859361935916e-01,9.807651412060192087e-01,7.336300564140942060e-02,2.605418889662837190e-01,1.016273295434266366e+00
2.994999999999999929e+01,7.291105216262790123e-02,2.124169248390013753e-01,9.807379059506727836e-01,7.336752195044256297e-02,2.605449278690915582e-01,1.016246060178919830e+00
3.000000000000000000e+01,7.291571303056858244e-02,2.124153750562945420e-01,9.807103722375728472e-01,7.337218281838324418e-02,2.605433780863847248e-01,1.016218526465819894e+00
3.005000000000000071e+01,7.292100670468644463e-02,2.123937383167320836e-01,9.806815320265663827e-01,7.337747649250110638e-02,2.605217413468222665e-01,1.016189686254813429e+00
3.010000000000000142e+01,7.292630037880433458e-02,2.123721015771696252e-01,9.806526918155600292e-01,7.338277016661899632e-02,2.605001046072598081e-01,1.016160846043807187e+00
3.014999999999999858e+01,7.293159405292222452e-02,2.123504648376071946e-01,9.806238516045536757e-01,7.338806384073688627e-02,2.604784678676973497e-01,1.016132005832800722e+00
3.019999999999999929e+01,7.296325729148116224e-02,2.123390322813502873e-01,9.805913225624596219e-01,7.341972707929582398e-02,2.604670353114404424e-01,1.016099476790706557e+00
3.025000000000000000e+01,7.300513319400044054e-02,2.123315517014456033e-01,9.805573648736244374e-01,7.346160298181510229e-02,2.604595547315357584e-01,1.016065519101871484e+00
3.030000000000000071e+01,7.304700909651974661e-02,2.123240711215408916e-01,9.805234071847892530e-01,7.350347888433440835e-02,2.604520741516310745e-01,1.016031561413036410e+00
3.035000000000000142e+01,7.309030756925201378e-02,2.123151934931515883e-01,9.804901186905141675e-01,7.354677735706667552e-02,2.604431965232417712e-01,1.015998272918761103e+00
3.039999999999999858e+01,7.313774691288819907e-02,2.123022492834655828e-01,9.804587781129447954e-01,7.359421670070286081e-02,2.604302523135557657e-01,1.015966932341191953e+00
3.044999999999999929e+01,7.318518625652438436e-02,2.122893050737796050e-01,9.804274375353754234e-01,7.364165604433904611e-02,2.604173081038697601e-01,1.015935591763622359e+00
3.050000000000000000e+01,7.323262560016056966e-02,2.122763608640935995e-01,9.803960969578060514e-01,7.368909538797523140e-02,2.604043638941837546e-01,1.015904251186053209e+00
3.055000000000000071e+01,7.321144298059491240e-02,2.122878995329545160e-01,9.804067687451910595e-01,7.366791276840957414e-02,2.604159025630446989e-01,1.015914922973438106e+00
3.060000000000000142e+01,7.317208165140780263e-02,2.123059239844866941e-01,9.804285700681852900e-01,7.362855143922246437e-02,2.604339270145768492e-01,1.015936724296432336e+00
3.064999999999999858e+01,7.313272032222072061e-02,2.123239484360188722e-01,9.804503713911794094e-01,7.358919011003538235e-02,2.604519514661089996e-01,1.015958525619426567e+00
3.069999999999999929e+01,7.312294280667348823e-02,2.123444063629842393e-01,9.804524815227267931e-01,7.357941259448814997e-02,2.604724093930743667e-01,1.015960635750973839e+00
3.075000000000000000e+01,7.317448572967215348e-02,2.123699083245886021e-01,9.804137763452773768e-01,7.363095551748681522e-02,2.604979113546787572e-01,1.015921930573524534e+00
3.080000000000000071e+01,7.322602865267081873e-02,2.123954102861929927e-01,9.803750711678280716e-01,7.368249844048548047e-02,2.605234133162831478e-01,1.015883225396075229e+00
3.085000000000000142e+01,7.327757157566945623e-02,2.124209122477973555e-01,9.803363659903786553e-01,7.373404136348411797e-02,2.605489152778874828e-01,1.015844520218625702e+00
3.089999999999999858e+01,7.318353667620984548e-02,2.124143897603344711e-01,9.803728869650896183e-01,7.364000646402450723e-02,2.605423927904246262e-01,1.015881041193336554e+00
3.094999999999999929e+01,7.306586387264439597e-02,2.124026673678083288e-01,9.804216226339139695e-01,7.352233366045905771e-02,2.605306703978984562e-01,1.015929776862161127e+00
3.100000000000000000e+01,7.294819106907891870e-02,2.123909449752822143e-01,9.804703583027383207e-01,7.340466085689358045e-02,2.605189480053723416e-01,1.015978512530985256e+00
3.105000000000000071e+01,7.287702006820721834e-02,2.123838550243044299e-01,9.804998346662079367e-01,7.333348985602188008e-02,2.605118580543945850e-01,1.016007988894454872e+00
